ActorID,ActorName
1,diana robertson
2,kristen stephensonpino
3,daniel huttlestone
4,nayanthara
5,bo-bo fung
6,jane bullock
7,mike colter
8,gene kilroy
9,charisma carpenter
10,magdalena czerwinska
11,pang eun-jin
12,audrey fleurot
13,megumi matsumoto
14,nataliya tkachyova
15,atticus mitchell
16,daan schuurmans
17,fernando fernán gómez
18,kenny bee
19,maya angelou
20,matt willis
21,carmenza cossio
22,laetitia casta
23,j.g. quintel
24,margaret cho
25,jesús mosquera
26,hakan kurtas
27,kim strauss
28,antonio yee
29,andi matichak
30,mel lisboa
31,diana krupa
32,taiga fukazawa
33,cliff curtis
34,joey morgan
35,naomi amarger
36,heston blumenthal
37,fred savage
38,antony coleman
39,sara abi kanaan
40,brian haner
41,eddie mcdowell
42,guido weber
43,kareem taylor
44,chloé jouannet
45,matthew mercer
46,michel odent
47,molly ephraim
48,sadie stanley
49,pierre palmade
50,mark hamill
51,arthur fischer
52,jai-jin lee
53,mirjam de rooij
54,david jensen
55,paul du toit
56,meghan hemingway
57,k. raghavan
58,simon boyle
59,becky ann baker
60,nina foch
61,raul julia
62,henriette richter-röhl
63,dj jamaika
64,büsra pekin
65,sayed jafar masihullah gharibzada
66,mercedes morán
67,flonja kodheli
68,jorge sesán
69,hannah arterton
70,prilly latuconsina
71,atsuro watabe
72,priscilla dean
73,mouni roy
74,benny emmanuel
75,tom beedim
76,kürt rogiers
77,julia mcilvaine
78,mara darrow
79,hayley mcelhinney
80,dylan berry
81,jerry o'connell
82,nivedhithaa sathish
83,iva janzurová
84,thiago lacerda
85,alan mowbray
86,debo akibe
87,nadya arina
88,marie dubois
89,anthony mandler
90,amber marshall
91,audie attar
92,keith allan
93,stephen conroy
94,conor husting
95,muhammad a. aziz
96,charles martinet
97,cleo anthony
98,john robinson
99,thomas lepera
100,urs rechn
101,sara waisglass
102,jingchuan xu
103,alison bruce
104,simone frévalles
105,britt lower
106,greg cipes
107,valérie lemercier
108,vinoth kishan
109,károly kozma
110,jake brennan
111,dennis shepard
112,katarzyna herman
113,arshad warsi
114,deja bernard
115,carter cabassa
116,andrew miller
117,trula m. marcus
118,lorena franco
119,dylan minnette
120,akeno watanabe
121,raúl arévalo
122,jumpol adulkittiporn
123,arthur garbe
124,rona barrett
125,tyra banks
126,dorota kolak
127,aleksandr yatsenko
128,teri suzanne
129,adèle simphal
130,patrick descamps
131,james bloor
132,petra schmidt-schaller
133,mira sorvino
134,björn freiberg
135,oliver peck
136,teri hatcher
137,geetanjali thapa
138,fedor bondarchuk
139,yuanyuan zhu
140,kit connor
141,jan antonín duchoslav
142,sid phoenix
143,brooke baldwin
144,antoni królikowski
145,yôko mitsuya
146,erika ikuta
147,hitoshi yanai
148,cemre ebuzziya
149,emilie cocquerel
150,sung-min lee
151,vessy boneva
152,bindu de stoppani
153,tracy chou
154,doru ana
155,kim tae-woo
156,reynaldo gianecchini
157,daniel ceccaldi
158,tadahisa fujimura
159,mikaela krantz
160,miranda baker
161,keri russell
162,ice cube
163,piaa bajpai
164,tommy párraga
165,lance lim
166,dillon day
167,thanabordee jaiyen
168,anya balsamides
169,shelley longworth
170,diego cremonesi
171,adinia wirasti
172,min-ah park
173,olivier loustau
174,martha plimpton
175,melissa dullius
176,katrina kaif
177,natalia dyer
178,jim cummings
179,lily collins
180,gino ardito
181,shôta matsuda
182,manou jue cardoso
183,fulvia perini
184,benny andersson
185,umesh jagtap
186,james holland
187,akari kinoshita
188,rupert penry-jones
189,sherry miller
190,tara madden
191,ashley tisdale
192,richard low
193,eric zuckerman
194,sai tamhankar
195,abdullah bin heider
196,ella bennett
197,brad schmidt
198,tomoko nakajima
199,v.s. brodie
200,naoki abe
201,srilekha rajendran
202,james baldwin
203,maurice lamarche
204,jong-seo jun
205,heidi von palleske
206,vincent lefranc
207,anthony chan
208,minoru chiaki
209,lyn-z pastrana
210,odessa young
211,edward kelsey
212,richard gant
213,massimiliano tortora
214,daniel de oliveira
215,penelope wilton
216,mark arnold
217,thomas schubert
218,uriah arnhem
219,roger cross
220,alejandro speitzer
221,bresha webb
222,shih-sian wang
223,apasiri nitibhon
224,lyndon smith
225,cristiano caccamo
226,jimmy savile
227,danica mckellar
228,zoey vargas
229,wunmi mosaku
230,mina farid
231,gemma-ashley kaplan
232,martin lawrence
233,olof thunberg
234,kazuki kitamura
235,wyatt cenac
236,luis maría anson
237,aditya seal
238,marvin brown
239,rebecca roberts
240,will arnett
241,mark mcgann
242,lee song-kyoung
243,andy berman
244,humphrey atkins
245,ju-hwan lim
246,irene roseen
247,lorna raver
248,josef bek
249,richard e. grant
250,giuseppe giofre
251,sunil chauhan
252,akbar
253,dimitri basil
254,dan barber
255,médina el aidi-azouni
256,jun cao
257,janusz pozniak
258,bryshere y. gray
259,yeong-hee hwang
260,ashleigh cummings
261,acha septriasa
262,phil parsons
263,milton gonçalves
264,kôtarô yoshida
265,brad leland
266,john gallagher jr.
267,seán t. ó meallaigh
268,kalieaswari srinivasan
269,jérémie elkaïm
270,geno silva
271,daisuke iijima
272,hans zhang
273,yeo jin-gu
274,jorge blanco
275,kris sinioras
276,tae-sung lee
277,leem lubany
278,arseño brand-flu
279,adamya
280,david eigenberg
281,si-ah kim
282,antonia fotaras
283,federico cecere
284,warren brown
285,samuel hunt
286,ana branescu
287,tucker chandler
288,aslin su divrik
289,ron eldard
290,jacek koman
291,carlos penavega
292,jennifer garner
293,karra elejalde
294,eric edelstein
295,paulo betti
296,iza calzado
297,dani alvarez
298,martin del rosario
299,su ling chan
300,pat e. johnson
301,masayuki katô
302,mau lopez
303,daniel rodriguez
304,juri ihata
305,rudy eisenzopf
306,noah jupe
307,ed lauter
308,miyoko akaza
309,bing pimentel
310,lidija stevanovic
311,domenick lombardozzi
312,francis balchère
313,katiuscia canoro
314,shigesato itoi
315,tatiana pauhofová
316,sun-hee hwang
317,marsha aruan
318,vincent cassel
319,danny devito
320,katarina kamencova
321,rob tinkler
322,mykola allen
323,afiya bennett
324,nathan page
325,peter friedman
326,logan edra
327,søren malling
328,caleb castille
329,wei-ning hsu
330,jeannie elias
331,jen kirkman
332,surachai chantimatorn
333,cary-hiroyuki tagawa
334,michiko hada
335,jordan gavaris
336,lowell bartholomee
337,lellê
338,masumi miyazaki
339,juan pablo medina
340,jenny pellicer
341,tien you chui
342,cheech marin
343,chen chang
344,julie engelbrecht
345,tatiana de marca
346,dominique pinon
347,francesco carrozzini
348,didier flamand
349,rose reid
350,takashi ukaji
351,dwayne hill
352,enrico lo verso
353,maxwell caulfield
354,demi lovato
355,kyôka shibata
356,julia denton
357,brie larson
358,yin danni
359,nafessa williams
360,shannon woodward
361,jérôme chappatte
362,rufus jones
363,chris carr
364,april clough
365,unax ugalde
366,viktoriya agalakova
367,rene russo
368,teppei koike
369,pierre boudreau
370,louisa krause
371,jordi sánchez
372,marius v. haas
373,jonathan broadbent
374,sun hwa han
375,gavin magnus
376,richard belzer
377,mary elizabeth winstead
378,abhishek c
379,parvathy omanakuttan
380,davide iacopini
381,nino castelnuovo
382,jamie newcomb
383,gordon ramsay
384,dionne warwick
385,jean hargadon wehner
386,pui fan lee
387,mabel rivera
388,jordon ford
389,nanao
390,rohit kokate
391,akara amarttayakul
392,emily carter-essex
393,tina holmes
394,randheer rai
395,jang young-nam
396,dean shek
397,keiji matsuda
398,eason chan
399,sean murray
400,phillip radon
401,miki nakatani
402,aimee king
403,rika
404,christa b. allen
405,will forte
406,bok-rae jo
407,don brodie
408,coco celis
409,ethan cutkosky
410,regina lund
411,neels clasen
412,adriano tardiolo
413,rachel sledd
414,firat çelik
415,julia wieniawa-narkiewicz
416,rahul dev
417,akilas karazisis
418,ulrich matthes
419,lali espósito
420,kerry coddett
421,toby sebastian
422,van thom lê
423,justin chambers
424,irena kacírková
425,chinkal
426,máximo hollander
427,samuel pang
428,jane wiedlin
429,gwyneth powell
430,vivian wu
431,nina divísková
432,liang yu
433,eka darville
434,dimas beck
435,min-ah bang
436,merrie lynn ross
437,sacha baron cohen
438,belinda hamnett
439,dean mumford
440,eddie albert
441,sarain boylan
442,giacomo baessato
443,dolores avery
444,aaron paul
445,chris walley
446,ben feldman
447,salma ashai
448,amrita chattopadhyay
449,pio marmaï
450,magdalena boczarska
451,tony quinones
452,anastasiya grachyova
453,ajit
454,janet gaynor
455,orkun isitmak
456,manoranjan das
457,madanrai vakil
458,adam scott
459,merritt patterson
460,curtis hanson
461,edmund gwenn
462,myles truitt
463,carlito olivero
464,devon graye
465,marián labuda
466,santiago segura
467,judith figueroa
468,matous vrba
469,ernest borgnine
470,gong seung-yeon
471,gene wilder
472,zina zinchenko
473,nan talese
474,ron funches
475,michaela thorsén
476,hiroshi tachi
477,toni morrison
478,nina hoss
479,puteri aishah
480,aaron campbell
481,yuying huang
482,sara ornelas
483,manchester united f.c.
484,william holden
485,ufuk bayraktar
486,michael kopsa
487,sabrina glow
488,yaphet kotto
489,anne francis
490,oswin benjamin
491,rodney dangerfield
492,rachael leigh cook
493,neil young
494,george clooney
495,vinoth
496,sheng chiang
497,the phoenix choir of wales
498,toto vega
499,heydon prowse
500,carme calvell
501,juan gabriel vásquez
502,james corden
503,ji-hyo song
504,tamara tunie
505,mariana ximenes
506,neta riskin
507,elarica johnson
508,rakefet abergel
509,lloyd bridges
510,dave 'squatch' ward
511,david ajala
512,olaf schubert
513,daisuke gôri
514,aaron o'connell
515,jason statham
516,barbara eve harris
517,mishal husain
518,venkateshbalaji
519,luciano gonzález
520,stacey dash
521,jan vlcek
522,julie benz
523,arisa komiya
524,second hand music
525,yann hnautra
526,marine delterme
527,lou taylor pucci
528,naoki inukai
529,yu-hwa choi
530,peter edelman
531,peter lorimer
532,luke perry
533,greg wise
534,hugo eric louis van lawick
535,jang in-sub
536,michael denkha
537,august schellenberg
538,ken jeong
539,kun chen
540,neet chowdhary
541,tomoko aoyagi
542,maëlys ricordeau
543,kate micucci
544,brian atkinson
545,jaxson mitchell
546,vincent kartheiser
547,von flores
548,jim al-khalili
549,kim joo-heon
550,álvaro morte
551,jessica alvarez
552,takamitsu nonaka
553,alyssa offerman
554,dag malmberg
555,thomas bo larsen
556,babajide alimison
557,virti vaghani
558,bjarne mädel
559,beatrice ntuba
560,nonso anozie
561,richard wilson
562,veronica falcón
563,lung ti
564,sergey chetvertkov
565,bruce hamilton
566,rolf hoppe
567,lindsey alena
568,seong-gyoon kim
569,ornella muti
570,yayo aguila
571,grace van dien
572,lisbeth hummel
573,gil coelho
574,giacomo poretti
575,shima niavarani
576,adisorn tonawanik
577,shawn feehly
578,norman chu
579,michael hui
580,candace nelson
581,bahia hassani
582,casper smart
583,ryan boz
584,alicia borrachero
585,geng han
586,boyd holbrook
587,chang-hyeon kim
588,james krishna floyd
589,dash mihok
590,angela davis
591,prince william
592,neha mahajan
593,colman domingo
594,ezgi eyüboglu
595,gabe gomez
596,jakob beranek hvattum
597,woo hyeon
598,benny safdie
599,yutaka aoyama
600,silvia busuioc
601,al schackman
602,adrian porumboiu
603,tom carter
604,gert schaefer
605,yvette nicole brown
606,takashi tsukamoto
607,brianna hildebrand
608,wojciech mecwaldowski
609,kyle bryan johnson
610,zak orth
611,jeri ryan
612,curtis armstrong
613,toshihiro yashiba
614,kathleen lloyd
615,iulia cirstea
616,daniel haddad
617,marius manole
618,jessie kamm
619,christine marie cabanos
620,bonz malone
621,jake ryan
622,maya kay
623,carson kressley
624,nene ohtsuka
625,james may
626,srishti shrivastava
627,kacha nontanan anchuleepradit
628,hina kino
629,samyuktha hegde
630,venkatesh kakumanu
631,masami nagasawa
632,justin chatwin
633,mu-saeng kim
634,maria de medeiros
635,dagmara dominczyk
636,mara escalante
637,ming-shun lo
638,zaskia adya mecca
639,noah emmerich
640,sofía garza
641,allen maldonado
642,tilman döbler
643,john slattery
644,renato carpentieri
645,elizabeth gillies
646,dino lee
647,vineet kumar singh
648,romulo aitken
649,hayden byerly
650,rifka lodeizen
651,sarah hadland
652,ryûji yamamoto
653,olivia hussey
654,isaac emberson-heeks
655,nadja bobyleva
656,elizabeth olsen
657,nora el koussour
658,lillie-mae stewart
659,kim hillyard
660,michael winslow
661,waise lee
662,malavikka
663,ayumi itô
664,gabriel goity
665,indrani haldar
666,ben kingsley
667,jessie buckley
668,rinka ôtani
669,sílvia lourenço
670,ayaka morikawa
671,dan green
672,zuzana vejvodová
673,malena villa
674,j.y. park
675,xenia goodwin
676,joon-sang yoo
677,ross mathews
678,siobhán ní thuairisg
679,max beesley
680,shutaro kadoshita
681,guangjie li
682,alex lewis
683,jorge zárate
684,nikki bagozzi
685,haviland stillwell
686,jill wagner
687,mickey koga
688,michael brandon
689,amit deondi
690,nikoline bangen
691,aston droomer
692,robert bagnell
693,christy landers
694,mira bartuschek
695,jay-z
696,chai fonacier
697,valdemar lund
698,asia ortega
699,ashley judd
700,chris udvarnoky
701,brendon walsh
702,dagmar ebbesen
703,ivana bellarado
704,ken arnold
705,cheyenna clearbrook
706,david morrissey
707,anna gunn
708,gaamon kai
709,bobby soto
710,jules sitruk
711,olivia colman
712,hubert lourens
713,václav vasák
714,yukiyo toake
715,yoon-young choi
716,mark elderkin
717,neil patrick harris
718,anne marie chertic
719,harold dennis
720,camila morgado
721,aimée sayah
722,christine anu
723,dorah fine
724,woo-min byeon
725,birkan sokullu
726,nitin sathya
727,ayelet zurer
728,aiyeola bisola
729,roy werner
730,tae-kyung im
731,junchen guo
732,lidia san josé
733,gerald r. molen
734,adam cywka
735,ephy sekuriti
736,jason liebrecht
737,victoria montana
738,ai kago
739,andré comte-sponville
740,lizelle de klerk
741,giuseppe aiello
742,park joo-hyun
743,maría soledad rodríguez
744,renee airya
745,allison bills
746,hansraj jagtap
747,billy bob thompson
748,petunia
749,paul dano
750,kang-sheng lee
751,merle kennedy
752,kevin alejandro
753,alek skarlatos
754,lauren schmidt
755,binnur kaya
756,betty white
757,okan yalabik
758,moemi katayama
759,david lyons
760,jeremy mockridge
761,ruba blal
762,tait blum
763,charles c. campbell
764,susana alexander
765,saïda jawad
766,chae-won moon
767,ezgi mola
768,donnie keshawarz
769,aarre karén
770,michel creton
771,ismaël ouazzani
772,stephanie courtney
773,greg bryk
774,nao albet
775,greg kinnear
776,ramesh bhat
777,angela lansbury
778,claudia canal
779,tilda cobham-hervey
780,kyle breitkopf
781,anne wang
782,benicio del toro
783,furankî sakai
784,emma mackey
785,arisa sonohara
786,ayush tandon
787,hugo arana
788,willa fitzgerald
789,sofia hublitz
790,dimple kapadia
791,gregg berger
792,adéla petreková
793,alexandra borbély
794,cheryl hines
795,rick peters
796,tunbosun aiyedehin
797,prince
798,dwight henry
799,isaac eisch
800,leah allers
801,mariya fomina
802,casey simpson
803,jill galbraith
804,rahart adams
805,brawley nolte
806,monte blue
807,lucas cruikshank
808,sara forestier
809,mandy takhar
810,guy decomble
811,rika luna
812,géraldine pailhas
813,emre altug
814,rana daggubati
815,sophie dal
816,steve rodgers
817,sterling jerins
818,aubrey poo
819,dominique farrugia
820,orlando schwerdt
821,guy clemens
822,jin-joo lee
823,kevin lee
824,nicholas galitzine
825,gérard hernandez
826,heather mcphaul
827,chase ellison
828,lee jung-jae
829,geum sun-ah yoon
830,elias holmen sørensen
831,bahar sahin
832,jeong-an chae
833,sunil dutt
834,haruko sugimura
835,mike tyson
836,ajay naidu
837,hie-bong jo
838,gabriel darku
839,joel moss
840,yasuko sawaguchi
841,sam rockwell
842,nicholas gunn
843,matthijs van de sande bakhuyzen
844,oskar gröning
845,levi miller
846,amy forsyth
847,steve toussaint
848,aurora papile
849,benjamin heng
850,joseph salas
851,michelle carmichael
852,björn kjellman
853,piotr glowacki
854,kenji nojima
855,ravi khanvilkar
856,garry hacking
857,dakota johnson
858,shanola hampton
859,gakuto kajiwara
860,hany al-adawy
861,luke evans
862,lars simonsen
863,maurice paige
864,damián alcázar
865,itatí cantoral
866,joan chen
867,braedyn bruner
868,leszek teleszynski
869,xavier audu
870,luiz carlos felix
871,leonard frey
872,nino fernandez
873,50 cent
874,bradley cole
875,keli daniels
876,anthony jeselnik
877,ryan harris
878,aimi tanaka
879,elsie fisher
880,john alexander
881,dicky cheung
882,sananthachat thanapatpisal
883,larry brilliant
884,giulio berruti
885,lindsay sullivan
886,lisbet lundquist
887,asia mattu
888,axel bøyum
889,agathe bonitzer
890,jon daly
891,deb mukherjee
892,liza lapira
893,david merabet
894,jessica hester hsuan
895,abe vigoda
896,ahsan khan
897,aomi muyock
898,tim marcia
899,amy aleha
900,cayle chernin
901,vanessa lee asher
902,richard harrison
903,sam keeley
904,mckee anderson
905,hope banks
906,ella rumpf
907,isaac hernández
908,surasak wongthai
909,mala emde
910,darren capozzi
911,robert c. kirk
912,bimbo manuel
913,aisha dee
914,jerry douglas
915,john krasinski
916,jim carrey
917,kathir
918,lauren cohan
919,kjersti tveterås
920,una stubbs
921,hyun bin
922,bill milner
923,gabriel giammaria
924,madeline leon
925,lloll bertran
926,lisa flanagan
927,juan camilo castillo
928,jon hamm
929,sean allen
930,anna maria mühe
931,bharath seeni
932,hye-jun kim
933,miriam margolyes
934,moe dunford
935,emun elliott
936,mehdi kerkouche
937,corinne cléry
938,natalia klimas
939,karina suwandhi
940,tom bateman
941,nikita thukral
942,bruno todeschini
943,matthew morales
944,chai hansen
945,marc ben puch
946,beverly afaglo
947,charles mcgeoghan
948,ravi naik
949,anneke kim sarnau
950,curtis harris
951,stéphane audran
952,emmanuel esparza
953,yoshiko miyazaki
954,jan meduna
955,virginia cherrill
956,kurt schoonraad
957,isabella blow
958,karen lynn gorney
959,mat fraser
960,riisa naka
961,guiomar puerta
962,donna marie asbury
963,jacqueline abrahams
964,evan jonigkeit
965,manuela arcuri
966,nae
967,laudya cynthia bella
968,suangporn jaturaphut
969,floriane daniel
970,yû aoi
971,mark jamieson
972,faye mata
973,tovino thomas
974,gloria reuben
975,usher
976,mark schultz
977,ken foree
978,amy acker
979,the steep canyon rangers
980,yun-shik baek
981,ato blankson-wood
982,rola beksmati
983,jodie turner-smith
984,sarah maestri
985,gen hoshino
986,asaka seto
987,byeong-cheol kim
988,hallvard lydvo
989,sophie lowe
990,camila mendes
991,hideyuki kasahara
992,fred armisen
993,rebecca atkinson
994,alan aisenberg
995,devansh doshi
996,ching miau lim
997,marjo berasategui
998,sofia niño de rivera
999,kata dobó
1000,ariadna romero
1001,nick leali
1002,line pillet
1003,bárbara lourenço
1004,engin akyürek
1005,daisuke hirakawa
1006,jude law
1007,yû mizushima
1008,james villas
1009,geraldine o'rawe
1010,hitomi kuroki
1011,romi aboulafia
1012,matthew goode
1013,ashley bornancin
1014,robert shaw
1015,ray anderson
1016,karan patel
1017,baoqiang wang
1018,alli neumann
1019,ivanka suwandi
1020,danilo mesquita
1021,kaya rodrigues
1022,victoire du bois
1023,chad faust
1024,ion besoiu
1025,jordan ancel
1026,towa araki
1027,adhisty zara
1028,raffaele sollecito
1029,maribel del pino
1030,janet khiew
1031,mostafizur noor imran
1032,radha blank
1033,mari-ange ramirez
1034,min-jung gong
1035,bajrangbali singh
1036,koki uchiyama
1037,chris gatto
1038,chelsea islan
1039,fritzi haberlandt
1040,autumn reeser
1041,saad abdullah
1042,steve bacic
1043,lauri hendler
1044,america ferrera
1045,gigi saul guerrero
1046,amanda knox
1047,aki asakura
1048,juan carlos hernández
1049,james byous
1050,peri baumeister
1051,julian schaffner
1052,chafûrin
1053,ploypailin thangprapaporn
1054,meisa kuroki
1055,shô ikushima
1056,david medel
1057,jake hoffman
1058,mohammad amir naji
1059,clarence avant
1060,scatman crothers
1061,paul bates
1062,jon favreau
1063,anki lidén
1064,dean barrett
1065,kim jaekyung
1066,chris birchfield
1067,jing-jing yung
1068,jonelle allen
1069,tsai-hsing chang
1070,renan tenca
1071,dominic c. skinner
1072,leandro lima
1073,kainaat arora
1074,mike sarcinelli
1075,elizabeth lail
1076,m. adhiyat
1077,anja lundqvist
1078,charles aitken
1079,magüi mira
1080,jacky ido
1081,adhitya alkatiri
1082,juliet doherty
1083,kirsten day
1084,christian becker
1085,rosa diletta rossi
1086,alexandra kyle
1087,orion barnes
1088,erik stolhanske
1089,manal issa
1090,kari ann grønsund
1091,kip pardue
1092,corey large
1093,tsunehiko watase
1094,masahiro takashima
1095,ji soo
1096,cam clarke
1097,sting
1098,anita devgan
1099,dorian missick
1100,mario horton
1101,brad greenquist
1102,kiti mánver
1103,jay o. sanders
1104,hanns zischler
1105,nam ji-hyun
1106,arsène mosca
1107,fini bocchino
1108,elle van rijn
1109,brooke shields
1110,william mapother
1111,millie ruperto
1112,sean duggan
1113,frédérique bel
1114,desiree ross
1115,piotr bajor
1116,maria brinch
1117,izzy diaz
1118,chris niosi
1119,emma roberts
1120,jennifer johnson
1121,yui horie
1122,carli mosier
1123,billy birmingham
1124,vincent rottiers
1125,kelly mccart
1126,francis tipene
1127,george kapiniaris
1128,jakub zajac
1129,karim cherif
1130,yi zhang
1131,aydan cakir
1132,roxana ortega
1133,erika christensen
1134,yutaka takeuchi
1135,julianna margulies
1136,buster keaton
1137,john david washington
1138,lisa lindgren
1139,nate hartley
1140,paul whitehouse
1141,zaza kolelishvili
1142,numan acar
1143,paulo goulart filho
1144,pistol black
1145,marika green
1146,hans-werner bussinger
1147,bailey anne borders
1148,ashley park
1149,winkie lai
1150,wren walker
1151,alessandra de rossi
1152,thomas turgoose
1153,ed skrein
1154,chris massoglia
1155,stefanianna christopherson
1156,zsolt trill
1157,alessandro gassmann
1158,liliane rovère
1159,gyu-ri kim
1160,josh leyva
1161,dianne wiest
1162,miller khan
1163,zhu zhu
1164,jessica biel
1165,billy connors
1166,colin lawrence
1167,jonas gülstorff
1168,shigeru izumiya
1169,laura christensen
1170,momoko shimizu
1171,frank leigh
1172,mark johnson
1173,richard harmon
1174,matt stone
1175,lloyd griffith
1176,barry martin
1177,girish kulkarni
1178,manuela vellés
1179,joivan wade
1180,lucy miller
1181,nopachai chaiyanam
1182,yasmin ponnappa
1183,john dimaggio
1184,aaliyah cinello
1185,allen dizon
1186,toby stephens
1187,nicholas elia
1188,yûko miyamura
1189,géraldine bazán
1190,david carling
1191,james russo
1192,wu chi liu
1193,khloé kardashian
1194,ine marie wilmann
1195,riku hagiwara
1196,wi ha-joon
1197,maurice compte
1198,natalie dessay
1199,wen jiang
1200,jonas inde
1201,jisu choi
1202,tatsuhisa suzuki
1203,tom dugan
1204,paisarnkulwong vachiravit
1205,reem kherici
1206,quincy bryant
1207,holmes osborne
1208,auro juriciê
1209,sabrina pitre
1210,melanie latooy
1211,jean-carl boucher
1212,ali ahn
1213,zezé polessa
1214,ethan nadelmann
1215,freedom martin
1216,kenta hamano
1217,antonio aakeel
1218,kôjun itô
1219,nizam razak
1220,shelby simmons
1221,matthew knight
1222,vinny grosso
1223,matthieu sys
1224,mindy cohn
1225,yu-wei shao
1226,andré leon talley
1227,rodrigo de la serna
1228,caleb jeon
1229,frantisek smolík
1230,itay hod
1231,nissae isen
1232,jean rochefort
1233,yôsuke natsuki
1234,jennifer cameron
1235,stella maeve
1236,isa aouifia
1237,aya ohmasa
1238,gi-woong park
1239,anna azcárate
1240,zoe lister-jones
1241,hope hancock
1242,regina hall
1243,katherine hiler
1244,estelle caswell
1245,uwe preuss
1246,aaron stielstra
1247,anthony robbins
1248,barnard hughes
1249,aymen saïdi
1250,pedro armendáriz jr.
1251,sarah lam
1252,gary murphy
1253,rachel shelley
1254,eijirô tôno
1255,ayaka fukuhara
1256,ed byrne
1257,shameik moore
1258,faye marsay
1259,steph lynn robinson
1260,lee min-ki
1261,wenkang yuan
1262,ken leung
1263,onni tommila
1264,j. adams
1265,shûji kawatani
1266,jay hernandez
1267,kaiser chuang
1268,birgitte victoria svendsen
1269,juno rinaldi
1270,lukas bjørneboe brændsrød
1271,cho jin-woong
1272,anca androne
1273,mary joy apostol
1274,judd hirsch
1275,george nichols
1276,isabel glasser
1277,alex aiono
1278,seann walsh
1279,ryô katô
1280,rodney a. grant
1281,melia kreiling
1282,craig bierko
1283,jung hyun kim
1284,hudhail al-amir
1285,maged el-kidwani
1286,geraldine hughes
1287,ella hewton
1288,jeremy davies
1289,daniel muñoz
1290,gemma jones
1291,jalil lespert
1292,jarell houston
1293,emayatzy corinealdi
1294,simona tabasco
1295,bhavana
1296,rhet kidd
1297,lee morgan
1298,fathia balogun
1299,zdenek sverák
1300,samir soni
1301,anthony decurtis
1302,chinawut indracusin
1303,liya akhedzhakova
1304,rochenda sandall
1305,sherry adel
1306,jashn singh
1307,viktoriya isakova
1308,candela recio
1309,russell banks
1310,daniela giordano
1311,jun shison
1312,victoria trauttmansdorff
1313,ren osugi
1314,vittorio gassman
1315,bipin gupta
1316,dana carvey
1317,daniela eck
1318,jamieson price
1319,benjamin gulli
1320,fadily camara
1321,ty shelton
1322,alina kukushkina
1323,christine biller
1324,costas mandylor
1325,shaun conde
1326,carolinie figueiredo
1327,viveik kalra
1328,michelle rodriguez
1329,justin chu cary
1330,robert carlyle
1331,nikky smedley
1332,natasha yarovenko
1333,roberto brunetti
1334,cacau protásio
1335,nick wolfhard
1336,cosmo jarvis
1337,daniel sunjata
1338,charles edwards
1339,emmanuelle béart
1340,sunita mani
1341,kelly erickson
1342,lisa vanderpump
1343,empoy marquez
1344,kevin spacey
1345,michael feast
1346,russell peters
1347,antonina makaruk
1348,bella podaras
1349,sumit kaul
1350,john halbach
1351,chang-seok ko
1352,krystyna janda
1353,ann druyan
1354,brian trueman
1355,g.e. smith
1356,danielle macdonald
1357,péter scherer
1358,carlinhos brown
1359,miranda raison
1360,tom irwin
1361,sandra vidal
1362,angela galuppo
1363,giles coren
1364,anders matthesen
1365,jim norton
1366,christine willes
1367,kuo hua chang
1368,zanilia zhao
1369,bill teoh
1370,john kasich
1371,takeru satoh
1372,jan cina
1373,el mahmoudi m'barek
1374,abbie schaub
1375,lea padovani
1376,dino battaglia
1377,quinn dalton
1378,tinka fürst
1379,javidan imani
1380,rob brown
1381,marc marquez
1382,christopher jaftha
1383,shenaz treasury
1384,renée adorée
1385,rekha
1386,fiston barek
1387,nithiin
1388,zbigniew stryj
1389,vanessa ray
1390,yo-won lee
1391,bianca hello
1392,james alexander mackie
1393,kenji anan
1394,carlos enrique almirante
1395,david field
1396,joe brown
1397,cecilia nilsson
1398,kate elliott
1399,ryan hamilton
1400,deepa sahi
1401,romain guillermic
1402,joo jin-woo
1403,mamta kulkarni
1404,mel harris
1405,debra mooney
1406,john timothy
1407,laura chiatti
1408,oscar de la hoya
1409,yûki furukawa
1410,michael chance
1411,hsiao-kuo chia
1412,yôko nogiwa
1413,kerstin julia dietrich
1414,jane poynter
1415,katsuyuki konishi
1416,kåre conradi
1417,lee min-jung
1418,aimee garcia
1419,jolie jenkins
1420,noémie schmidt
1421,mauro lamantia
1422,rebecca gibney
1423,antonia thomas
1424,jin-seo jung
1425,shirish
1426,keng yew seet
1427,jaideep ahlawat
1428,walter delogu
1429,margot bancilhon
1430,sai bennett
1431,margaret colin
1432,russell hodgkinson
1433,chenhan lin
1434,shubham tukaram
1435,adriano qalbi
1436,rick yune
1437,steve coogan
1438,roger bart
1439,phichet iamchaonaa
1440,joanna bessey
1441,owen roughwood
1442,kiyotaka uji
1443,shin ha-kyun
1444,masako ikeda
1445,nan yu
1446,rick aviles
1447,walid fawaz
1448,marcelo médici
1449,fernando cayo
1450,stefano dimatteo
1451,clara choveaux
1452,nigel a. fullerton
1453,victoria del rosal
1454,ruben ray
1455,tiny sandford
1456,nia vardalos
1457,louane emera
1458,taylor momsen
1459,shuang zheng
1460,graham earley
1461,claire sara
1462,jayvee moritz
1463,muammar gaddafi
1464,toshimasa niiro
1465,manoel dupont
1466,winona ryder
1467,wolfgang lukschy
1468,lusi zhao
1469,tiya sircar
1470,rob beckett
1471,bor jeng chen
1472,eleonora giovanardi
1473,yuriko hoshi
1474,romeo tan
1475,kardos györgy
1476,delphi harrington
1477,daigo naito
1478,wale ojo
1479,frank beard
1480,victor rebengiuc
1481,elyse levesque
1482,shawn levy
1483,chun hong
1484,aaron dismuke
1485,humaima malik
1486,robert mammone
1487,moa gammel
1488,thomas haden church
1489,lucy carless
1490,adam devine
1491,per gessle
1492,juan echanove
1493,saburô tokitô
1494,bruce campbell
1495,sebnem dönmez
1496,pavel derevyanko
1497,claudio bisio
1498,yuqi zhang
1499,lorenzo gioielli
1500,rory cochrane
1501,jeff banks
1502,peter greene
1503,rajeev khandelwal
1504,b.j. ward
1505,riccardo frascari
1506,joseph sikora
1507,al sapienza
1508,jake mckinnon
1509,marlee jane mcpherson-dobbins
1510,michael rouse
1511,patrick moore
1512,terry brouwers
1513,keiichi nanba
1514,frank whaley
1515,sheeba chaddha
1516,kevin mcgarry
1517,amedeo grieco
1518,christian baucher
1519,vivian nixon
1520,john belushi
1521,annasophia robb
1522,himaja
1523,gunnar bersi björnsson
1524,sarika singh
1525,emel sayin
1526,hana mae lee
1527,trey tucker
1528,antónio pedro cerdeira
1529,akihiko hirata
1530,dominic west
1531,ai fairouz
1532,larry reni thomas
1533,eric olson
1534,suzanne quast
1535,carla romanelli
1536,chumisa cosa
1537,doo-hong jung
1538,shaana levy
1539,ian coppinger
1540,mariella valentini
1541,eréndira ibarra
1542,john simm
1543,an-li bogan
1544,kürsat alniaçik
1545,hisashi igawa
1546,neve campbell
1547,burn gorman
1548,zhonghua he
1549,kit williamson
1550,park shin-hye
1551,manuela velasco
1552,rebekah glatze
1553,betty buckley
1554,fritz karl
1555,josé daniel cristancho
1556,jeffrey demunn
1557,yoshiaki nishimura
1558,miles fisher
1559,john otrin
1560,india jarvis
1561,rajesh balachandiran
1562,sue ulu
1563,chris tong
1564,ji-ah lee
1565,kritsanapoom pibulsonggram
1566,max gazzè
1567,shigeo okumura
1568,robert taylor
1569,lee pace
1570,helena christensen
1571,laura linney
1572,reba buhr
1573,rebecca bloom
1574,wilma lidén
1575,pooja hegde
1576,nick barnes
1577,yasuo yamada
1578,teresa palmer
1579,allison demarcus
1580,jin katagiri
1581,louis labrom-brown
1582,loretta fisher
1583,henrik rafaelsen
1584,thomas allam
1585,questlove
1586,rupi kaur
1587,michael klinger
1588,laure sainclair
1589,chris guerrero
1590,mira filzah
1591,doris morgado
1592,samrat
1593,jake mcdorman
1594,paulette goddard
1595,timothy van patten
1596,carmen chaplin
1597,norman pace
1598,dinara drukarova
1599,rob riggle
1600,usha bachani
1601,jerry levine
1602,jenny gulley
1603,bernhard hoëcker
1604,annemieke bakker
1605,shannen doherty
1606,katja danowski
1607,alok nath
1608,rufus
1609,meaghan martin
1610,sivan alyra rose
1611,michael stadvec
1612,kana ueda
1613,nasim pedrad
1614,andreas wisniewski
1615,patrick haggan
1616,ertan saban
1617,shalini mohan
1618,jeffrey thomas
1619,beni führer
1620,oliver nava
1621,grey griffin
1622,stephen moyer
1623,han lu
1624,seung-wan ryoo
1625,jim breuer
1626,aram bakshian
1627,hye-jin han
1628,david lowe
1629,lukas løkken
1630,ridvan kirtan
1631,dominique jackson
1632,alba baptista
1633,frederik einshøj
1634,eddie hobbs
1635,daniella kertesz
1636,makiko shibata
1637,frank harper
1638,sean ellis
1639,gérard lanvin
1640,mavis fan
1641,aaryan menon
1642,cynthia stevenson
1643,ken tanaka
1644,vikas kumar
1645,jack kilmer
1646,kai inowaki
1647,anisa rahma
1648,steven sean garland
1649,delphi linda
1650,yosef dweik
1651,noomi rapace
1652,yi cheng
1653,tuva jagell
1654,luke pitzrick
1655,brian neal
1656,marie-hélène bourlard
1657,shigeru tsuyuguchi
1658,paul feig
1659,rajni basumatary
1660,chiara aurelia
1661,boris kodjoe
1662,billy dee williams
1663,antonia san juan
1664,ron shahar
1665,waltraud witte
1666,jonah ain
1667,marcio garcia
1668,tricia leigh fisher
1669,colton little
1670,danny masterson
1671,cloris leachman
1672,nicole anthony
1673,wyatt hinz
1674,marek nemec
1675,elise neal
1676,corinne foxx
1677,chinatsu akasaki
1678,mansaku fuwa
1679,chloe bennet
1680,michalina olszanska
1681,jonathan banks
1682,ben schnetzer
1683,roby checa
1684,grigory rodchenkov
1685,liza soberano
1686,jackie shroff
1687,qian sun
1688,gianfranco d'angelo
1689,tomer capon
1690,loris chevrere
1691,natruja chutiwansopon
1692,shin jeong-geun
1693,nesrin cavadzade
1694,leon jay williams
1695,seth peterson
1696,ariane pellicer
1697,fergus craig
1698,olgun toker
1699,dorin andone
1700,gerardo bosco
1701,mikhail kornienko
1702,india coenen
1703,chang-ui song
1704,jamie theakston
1705,amaryllis fox
1706,shripad dharmadhikary
1707,rhoda griffis
1708,ferenc elek
1709,andile mngadi
1710,jun'na itô
1711,ric herbert
1712,killian scott
1713,anna marhoulová
1714,rudolf hrusínský
1715,tulug çizgen
1716,steven mackintosh
1717,mike reynolds
1718,enric guinot i rodríguez
1719,kelli o'hara
1720,adam hochstetter
1721,jamie bick
1722,steve cumyn
1723,martina garcía
1724,victor argo
1725,amy monique waddell
1726,satomi ishihara
1727,harsh mayar
1728,amanda cerny
1729,blue öyster cult
1730,piotr fronczewski
1731,ji-young park
1732,brenna garcia
1733,edmilson barros
1734,anissa jones
1735,kô takasugi
1736,elena arndt-jensen
1737,tara flynn
1738,hilary duff
1739,james kyson
1740,yun-ji lee
1741,brent pendergrass
1742,yûji ueda
1743,alex r.
1744,erik davies
1745,okawa shaznay
1746,rio uchida
1747,nauheed cyrusi
1748,buster isitt
1749,emma booth
1750,synnøve macody lund
1751,borger breeveld
1752,estella warren
1753,zayn malik
1754,max franz
1755,paul chun
1756,octavia spencer
1757,maxine kazis
1758,shyann mcclure
1759,tyrone benskin
1760,gabriel cordell
1761,vicky mcclure
1762,kc montero
1763,satiiysh saarathy sasho
1764,abram rooney
1765,moro morooka
1766,harshvardhan kapoor
1767,adam brown
1768,mizuki itagaki
1769,micheline presle
1770,mark fichera
1771,andrew sachs
1772,birsan lucian
1773,diane morgan
1774,eric ericson
1775,george fenton
1776,robin padilla
1777,cajetan boy
1778,iqbaal dhiafakhri ramadhan
1779,merna kennedy
1780,phil cornwell
1781,filipe duarte
1782,harvey guillén
1783,sibella court
1784,barbara scaff
1785,genervive lau
1786,erin o'brien
1787,sachio sakai
1788,macoto awane
1789,azusa babazono
1790,alexandre bailly
1791,steve terada
1792,terrence jenkins
1793,yann gael
1794,vivienne sato
1795,gregory peck
1796,kerry shale
1797,cecilia heng
1798,nana seino
1799,davis choh
1800,boyz ii men
1801,lisa bonet
1802,benson jack anthony
1803,italia ricci
1804,colin mcfarlane
1805,kristin minter
1806,khalid al nuaimi
1807,juliette gosselin
1808,clu gulager
1809,gray powell
1810,hannah gadsby
1811,corrin gideon
1812,teyonah parris
1813,jaycee chan
1814,aleksandra hamkalo
1815,jasmine curtis-smith
1816,martha nordenswan
1817,ichirô hashimoto
1818,kirk cameron
1819,ana rita gurgel
1820,desmond dutcher
1821,dove cameron
1822,vincent piazza
1823,hiroshi nagano
1824,toshihiko tanaka
1825,karen fukuhara
1826,young-yu lee
1827,zayn marie khan
1828,scott cohen
1829,sistine rose stallone
1830,damian marley
1831,ellen latzen
1832,shin won ho
1833,cat farish
1834,constantin puscasu
1835,jon cryer
1836,val garland
1837,gerard jones
1838,alexis clark
1839,anton glanzelius
1840,sonny valicenti
1841,bárbara garcia
1842,cheney chen
1843,michael madsen
1844,david stakston
1845,vincent lindon
1846,takeshi kaga
1847,judah nelson
1848,radu iacoban
1849,chasden gilson-walker
1850,saúl lisazo
1851,cristiana capotondi
1852,bent mejding
1853,su-yun ko
1854,samir amireche
1855,billy gibbons
1856,john glover
1857,jennifer darling
1858,nicholas lee
1859,fumi hirano
1860,setsuko amamiya
1861,harley yeager
1862,simon helberg
1863,salwa mohamed ali
1864,john paul kakos
1865,robin givens
1866,yumi shirakawa
1867,patrick flanagan
1868,mitsuo iwata
1869,jay duplass
1870,ricky merino
1871,narelle kheng
1872,cheuk man au
1873,benjamin hoetjes
1874,spike spencer
1875,anders danielsen lie
1876,giada laudicina
1877,casey affleck
1878,steven james tyler
1879,thiago ventura
1880,elena sofia ricci
1881,helena beljan
1882,lauren hammersley
1883,erik van wyck
1884,tom towles
1885,michael murphy
1886,garrett ryan
1887,sara ramirez
1888,devika sanjay
1889,achita pramoj na ayudhya
1890,ruth negga
1891,adrian martinez
1892,josé vicente cabezuelo pliego
1893,steve bisley
1894,helene nybråten
1895,caitlyn rund
1896,darcy rose byrnes
1897,keisuke sonoi
1898,daniel karaty
1899,arthur byron
1900,madison lawlor
1901,timothée chalamet
1902,dale carley
1903,carol florence
1904,melvin gregg
1905,dan bailey
1906,anuja sathe
1907,tim naftali
1908,tom brooke
1909,shay mitchell
1910,stacy keach
1911,bryn apprill
1912,ryan whitney
1913,joey king
1914,song seung-heon
1915,elizabeth berridge
1916,karl urban
1917,paulo coelho
1918,francesca capaldi
1919,iniya
1920,joanna jablczynska
1921,junghwa bae
1922,peter gorissen
1923,dan harris
1924,robrecht vanden thoren
1925,daniela virgilio
1926,ariel schulman
1927,jex blackmore
1928,tracy camilla johns
1929,colin hanks
1930,jonathan brandis
1931,nadav netz
1932,herun wang
1933,mark williams
1934,jang-lee hwang
1935,chika takami
1936,orson bean
1937,anna polívková
1938,whitney hoy
1939,jennifer westfeldt
1940,j.c. henning
1941,johnny messner
1942,hao-ming chang
1943,ginzô matsuo
1944,hisyam hamid
1945,peter sattmann
1946,jade ewen
1947,chuck pfeiffer
1948,shirley maclaine
1949,kunal aneja
1950,lucy punch
1951,ryôko yonekura
1952,shiina natsukawa
1953,paolo ruffini
1954,dio johnson
1955,marie-laure dougnac
1956,albert rémy
1957,sapol assawamunkong
1958,paul freeman
1959,juliana paiva
1960,hope summers
1961,alexandra evans
1962,kevin gage
1963,ed o'ross
1964,lisa brenner
1965,jordan stephens
1966,neal huff
1967,wulan guritno
1968,karan kundrra
1969,jasmine kaur
1970,lisa edelstein
1971,christine lee
1972,jessica brown findlay
1973,kelly jenrette
1974,meike droste
1975,mutsumi sasaki
1976,thomas engeset
1977,denise crosby
1978,sharlene san pedro
1979,jia-min li
1980,benjamin flores jr.
1981,harris goldberg
1982,ida engvoll
1983,kyeong-jun kang
1984,hyun-sook kim
1985,david letterman
1986,bishop agapit
1987,josh stewart
1988,marie vinck
1989,makoto inamori
1990,claudiu trandafir
1991,diana penty
1992,raymond thiry
1993,justin edwards
1994,ray galletti
1995,brendan sexton iii
1996,ángel de andrés lópez
1997,anton bogdanov
1998,julio bracho
1999,simon cadell
2000,abhay deol
2001,yuria haga
2002,shone romulus
2003,akiko kana
2004,damien avery
2005,lisa amedjout
2006,kang ren wu
2007,niranjan bopanna
2008,tracy mcmullan
2009,filipp lebedev
2010,miroslav vladyka
2011,erykah badu
2012,j.c. mackenzie
2013,david belle
2014,vanessa saba
2015,moka kamishiraishi
2016,jacqueline fernandez
2017,adam sandler
2018,nicholas braun
2019,gisèle casadesus
2020,john stamos
2021,lily cardone
2022,sreelekha mitra
2023,sarah baker
2024,brian ferguson
2025,ruben studdard
2026,daria strokous
2027,john d'leo
2028,daniel roche
2029,michael boatman
2030,sophie bézard
2031,terence hill
2032,david bailie
2033,shuntarô emi
2034,seizô fukumoto
2035,selva rasalingam
2036,kate winslet
2037,brandon brown
2038,harrison holzer
2039,park min-young
2040,christa campbell
2041,rafael casal
2042,victoria tennant
2043,kishen durairajoo
2044,harith iskander
2045,phi vu
2046,narumi kayashima
2047,illa doth
2048,oskar eustis
2049,soumendra bhattacharya
2050,hayato kakizawa
2051,meg ryan
2052,mieko nobusawa
2053,bruno ganz
2054,mamoru miyano
2055,humberto zurita
2056,jakub prachar
2057,tara emad
2058,travis tritt
2059,ahna capri
2060,natalia forrest
2061,jiajia deng
2062,rolf petersen
2063,joan myers brown
2064,lake bell
2065,han sun jo
2066,kyle dooley
2067,jimmy carr
2068,mike aherne
2069,kate brooks
2070,nia long
2071,yassine zeroual
2072,jagdeep
2073,stephen christy
2074,martin butzke
2075,sarasa balussery
2076,tetsurô tanba
2077,mack swain
2078,naturi naughton
2079,prashannt jha
2080,danny mcbride
2081,shamsi sayeka
2082,brigid tierney
2083,matt walsh
2084,artemis pebdani
2085,farida jalal
2086,jisca kalvanda
2087,luann de lesseps
2088,albert benaiges
2089,gwen adolph
2090,dj bobo
2091,zach galligan
2092,don knotts
2093,gupse ozay
2094,sean bott
2095,hanan savyon
2096,lakshmi manchu
2097,cressida bonas
2098,the clovers
2099,daiki shigeoka
2100,jesse mccartney
2101,levent ünsal
2102,masao kusakari
2103,rowan atkinson
2104,charlie ryan
2105,thierry godard
2106,luke kenny
2107,manoj k. jayan
2108,jean-pierre bacri
2109,simon j. berger
2110,kayla charlton
2111,john bobek
2112,charlotte best
2113,ann turkel
2114,kelly dowdle
2115,edward chen
2116,ralf woerdenweber
2117,michael lindenmayer
2118,daniella rabbani
2119,lucas odin clorius
2120,sandrine bisson
2121,arthur eckdahl
2122,greg proops
2123,zeynep tugçe bayat
2124,ilana glazer
2125,earl slick
2126,marius robin schroeter
2127,eryk lubos
2128,max mauff
2129,megan cavanagh
2130,michela cescon
2131,fadia abdel ghany
2132,wes studi
2133,eva birthistle
2134,patrik nökkvi pétursson
2135,tatsuya fuji
2136,jasette amos
2137,gaku hamada
2138,gina hecht
2139,josef valnoha
2140,moe arai
2141,waad mohammed
2142,veronica taylor
2143,fiona shaw
2144,georgia treu
2145,françois chérèque
2146,julia volpato
2147,alyy khan
2148,ewa blaszczyk
2149,martin donovan
2150,marieta zukowska
2151,harry connick jr.
2152,dom deluise
2153,arisa mizuki
2154,alejandro patiño
2155,nicholas sean johnny
2156,rodrigo dos santos
2157,tau maserumule
2158,orelsan
2159,jason bell
2160,kengo kôra
2161,kaito
2162,fiona dourif
2163,abu omar
2164,finn roberts
2165,rhoda montemayor
2166,emilia schüle
2167,helen slater
2168,caroline proust
2169,michael beran
2170,aaron abrams
2171,nokuthula mazibuko
2172,dan wilson
2173,mark danner
2174,stuart buchanan
2175,keir o'donnell
2176,birna rún eiríksdóttir
2177,michal lupa
2178,petra bocková
2179,vlastimil brodský
2180,rupert murdoch
2181,naoki kimura
2182,maria kawamura
2183,tito ortiz
2184,catalin tolontan
2185,nikolaj lie kaas
2186,nina pearce
2187,nathalie emmanuel
2188,stuart harrison
2189,susanna herbert
2190,yong dong
2191,peijia huang
2192,j. anthony brown
2193,columba diaz
2194,gert heidenreich
2195,manoj joshi
2196,john ingle
2197,charlie chin
2198,yoshihiko inohara
2199,judith audu
2200,shanice banton
2201,sophie aldred
2202,hasan zaidi
2203,dale dickey
2204,simon callow
2205,simona ventura
2206,jasmine trinca
2207,bonnie hunt
2208,james bimby aquino
2209,maika yamamoto
2210,robert machemer
2211,paolo kessisoglu
2212,ela ionescu
2213,bruce blain
2214,allison powell
2215,parker sawyers
2216,katherine geren
2217,diego luna
2218,jackie coogan
2219,roger narayan
2220,kalama epstein
2221,yong-woo park
2222,salman khan
2223,keyvin martínez
2224,ryô ikeda
2225,peter cullen
2226,sara jiménez
2227,chris kratt
2228,flako
2229,hiroki amemiya
2230,justin timberlake
2231,hiroki touchi
2232,finn scicluna-o'prey
2233,clara
2234,cristine prosperi
2235,luodan wang
2236,taneea rajawat
2237,nannaphas loetnamchoetsakun
2238,sami hifny
2239,james lai
2240,tong samitpong sakulpongchai
2241,mya lewis
2242,chantal quesnelle
2243,gabi butler
2244,tony rosato
2245,carla sospedra
2246,jocelyn deboer
2247,jake t. austin
2248,eli brown
2249,ja'siah young
2250,clive davis
2251,rob mayes
2252,bridget brown
2253,jamel debbouze
2254,rishab chadha
2255,saori hayami
2256,yuri chesman
2257,jong-hak baek
2258,glenne headly
2259,ludovik
2260,chris stack
2261,marie-evelyne lessard
2262,fumika baba
2263,christine bottomley
2264,day mesquita
2265,kale culley
2266,niels schneider
2267,sabriye günüç
2268,tamara bass
2269,jin-ah bae
2270,nana eikura
2271,adam chen
2272,roger miller
2273,sergey garmash
2274,peter sallis
2275,vishal bhonsle
2276,kaori
2277,nozomi yamamoto
2278,firmine richard
2279,kirk bovill
2280,kotoha hiroyama
2281,ivan sherry
2282,phoebe fox
2283,katherine wang
2284,nicky naudé
2285,ryan lee
2286,anitta
2287,eli goree
2288,chae-yeon jung
2289,ai furihata
2290,mika ayano
2291,philip seymour hoffman
2292,elaine jin
2293,theeradej wongpuapan
2294,shinobu ôtake
2295,kate mulvany
2296,majid al-falasi
2297,yosuke asari
2298,jang na-ra
2299,leonie benesch
2300,alexa adeosun
2301,david o'donnell
2302,katie kline
2303,john estrada
2304,corina boettger
2305,helena little
2306,chandan anand
2307,hu yong tao
2308,takeshi kusao
2309,pia
2310,arijit chackrabarty
2311,dorotheea petre
2312,kristína svarinská
2313,juli fàbregas
2314,kåre hedebrant
2315,marcia debonis
2316,richa meena
2317,chae-young han
2318,jinglei xu
2319,vlad logigan
2320,hemangi kavi
2321,naomi nishida
2322,philip hersh
2323,michelle goh
2324,syamsul yusof
2325,cazuza
2326,jon hyatt
2327,hong ik-pyo
2328,giancarlo esposito
2329,rhyu si-min
2330,lydia wilson
2331,dmitriy maryanov
2332,mina sadati
2333,elvan albat
2334,travis fimmel
2335,gary cole
2336,roberto murolo
2337,david langer
2338,emily deschanel
2339,anthony destefanis
2340,luke amis
2341,jessica zitter
2342,rosie perez
2343,vusi kunene
2344,vivian le borgne
2345,adam beach
2346,daniel mays
2347,neetu singh
2348,dick cheney
2349,emma dingwall
2350,sergey frolov
2351,patrick roche
2352,victoria foyt
2353,ada afoluwake ogunkeye
2354,helena sujecka
2355,ian hart
2356,tress macneille
2357,najarra townsend
2358,peter stormare
2359,vijay maurya
2360,carolina paulsen
2361,ray winstone
2362,geon-joo jung
2363,amy sloan
2364,maciej cymorek
2365,margherita morchio
2366,karen strassman
2367,nola kemper
2368,matthias matschke
2369,attwood
2370,adam dewar
2371,julianna guill
2372,marquim do tropa
2373,jesús abad colorado
2374,zozeen panyanut jirarottanakasem
2375,kwan-heon lee
2376,irina apeksimova
2377,martina stella
2378,queen latifah
2379,vicki glover
2380,migdalia melendez
2381,eamon farren
2382,terri doty
2383,harold ramis
2384,pfeifer brown
2385,iñaki beraetxe
2386,xu kai cheng
2387,eusebio poncela
2388,lee joon-hyuk
2389,carlos miranda
2390,wentworth miller
2391,bryan baker
2392,wannarot sonthichai
2393,kim sang-kyung
2394,clovis mahouden
2395,prabhas
2396,ritwick chakraborty
2397,denzil smith
2398,espen klouman høiner
2399,da-hae lee
2400,brad dourif
2401,wilfred lau
2402,tim robinson
2403,daniel richter
2404,matt chow
2405,alex macqueen
2406,demet akbag
2407,izabela vidovic
2408,lindsay seidel
2409,sam strike
2410,michelle ruff
2411,josephine bornebusch
2412,tim kalkhof
2413,kane hodder
2414,zuxin ye
2415,lola dueñas
2416,steve burrows
2417,valerie niehaus
2418,johnny depp
2419,bailey richardson
2420,libya pugh
2421,ray chang
2422,marcel cobzariu
2423,nicholas james wey
2424,trace adkins
2425,inés arrimadas
2426,kheiron
2427,toni sevilla
2428,yoshimi tokui
2429,tom hulce
2430,kris evans
2431,eckart von hirschhausen
2432,deborah loomis
2433,raayo s. bakhirta
2434,anna chuancheun
2435,antónio filipe
2436,chad michael collins
2437,chika chukwu
2438,nawal chamoun
2439,mo han
2440,céline vogt
2441,shôdai fukuyama
2442,toni gómez
2443,cheuk-lap hung
2444,ieesya isandra
2445,hiroki narimiya
2446,gordon alexander
2447,khaled nabawy
2448,anna stieblich
2449,jaswinder bhalla
2450,zara prassinot
2451,diana cavallioti
2452,erica schroeder
2453,mira barkhammar
2454,lærke winther
2455,karina maruyama
2456,ahmed falawkas
2457,radoslaw jona
2458,bethenny frankel
2459,scott goldman
2460,sayaka akimoto
2461,ken narita
2462,adrian carvajal
2463,don murray
2464,samuel rizal
2465,jay baruchel
2466,stephan james
2467,lexi ainsworth
2468,rajendra nath
2469,molly shannon
2470,masasa mbangeni
2471,luvvie ajayi
2472,greg clark
2473,ravi teja
2474,james simenc
2475,naoya andô
2476,sima taparia
2477,keita machida
2478,charly clive
2479,karin leclercq
2480,guillaume duhesme
2481,kartik aaryan
2482,freddie webb
2483,jo koy
2484,sammy albon
2485,jorja fox
2486,prateik
2487,callum turner
2488,vuyo dabula
2489,robby purba
2490,seung-yeon jo
2491,emily axford
2492,atul kulkarni
2493,roy billing
2494,masahiro usui
2495,mélanie gouby
2496,kate beckinsale
2497,aparna upadhyay
2498,minami takahashi
2499,yûta koseki
2500,mikael billing
2501,ivan nikcevic
2502,leo ku
2503,anna karina
2504,anthony rapp
2505,oscar isaac
2506,andrzej zielinski
2507,mukesh chhabra
2508,sisley choi
2509,cinda adams
2510,ha thanh spetlíková
2511,justin collette
2512,gerardo taracena
2513,trini alvarado
2514,joyraj bhattacharya
2515,filip plawiak
2516,allan trautman
2517,elisa beristain
2518,tamiyo kusakari
2519,sophia di martino
2520,amber heard
2521,lucy capri
2522,hilarie burton
2523,ka-yan leung
2524,jaime bayona
2525,giuseppe giacobazzi
2526,philip anthony-rodriguez
2527,akio kaneda
2528,patrick john flueger
2529,lilou fogli
2530,minoru takashima
2531,mary roscoe
2532,edwin alofs
2533,yukiko shimazaki
2534,dan chameroy
2535,amadeo carrizo
2536,soo go
2537,christopher judge
2538,yu-lin yen
2539,iván marcos
2540,cem yigit uzümoglu
2541,jessika van
2542,jinyoung jung
2543,mingo chavez
2544,judit bárdos
2545,ivana wong
2546,stine fischer christensen
2547,abbie davis
2548,gregorio pernía
2549,debbey clitheroe
2550,franz beckenbauer
2551,leslie odom jr.
2552,zachary levi
2553,jampa tseten
2554,stefanie scott
2555,takeshi kaneshiro
2556,adam driver
2557,laara sadiq
2558,morfydd clark
2559,mike liscio
2560,todd stashwick
2561,thomas carvey
2562,michael johnston
2563,chiharu niiyama
2564,ning ding
2565,belén rodríguez
2566,swaylee loughnane
2567,morgan spector
2568,alexandre astier
2569,cal dodd
2570,daniel student
2571,guillaume briat
2572,hartley power
2573,jeroen spitzenberger
2574,lili taylor
2575,julia reichert
2576,jesus chaver
2577,will pemble
2578,emily meade
2579,anand ingle
2580,tony valdez
2581,john magaro
2582,ashikari jitsukawa
2583,reina visa
2584,john seago
2585,hana vagnerová
2586,kevin m. horton
2587,tangaroa te ariki
2588,kang-hee choi
2589,ravinder grewal
2590,nick yarris
2591,steven kynman
2592,beth littleford
2593,igor caras-romanov
2594,matt flannagan
2595,jason griffith
2596,petra berndt
2597,clark devlin
2598,matt bennett
2599,gralen bryant banks
2600,keita arai
2601,armaan haggio
2602,john cho
2603,lorenza izzo
2604,rachid badouri
2605,liam remick
2606,théophile tozzi
2607,evan farmer
2608,benjamin lavernhe
2609,randeep hooda
2610,nandu
2611,marsha mason
2612,gokul anand
2613,sargun mehta
2614,özgür emre yildirim
2615,andreea vasile
2616,joo min-kyung
2617,ken zhu
2618,mikko kivinen
2619,bin wu
2620,casper kjær jensen
2621,manav vij
2622,suzanne williams
2623,ludwig simon
2624,zoltán mucsi
2625,jéssica barbosa
2626,jon skolmen
2627,rainie yang
2628,laura cepeda
2629,christopher shyer
2630,lefteris matthaiou
2631,dan lane
2632,ibrahim almeirasi
2633,bill jenkins
2634,christine allado
2635,vivek arora
2636,patrick diabuah
2637,rebekah foord
2638,dawn michelle bennett
2639,crystle stewart
2640,ritesh rajan
2641,ruth nelson
2642,krzysztof stelmaszyk
2643,jassy marie
2644,smit sheth
2645,irene cara
2646,michael nyqvist
2647,liv bagley
2648,nico romero
2649,kôjiro shimizu
2650,hikari mitsushima
2651,misty rosas
2652,sunil thapa
2653,elisyan silvan sarikaya
2654,jayda fink
2655,aline macmahon
2656,wei zheng
2657,sheheryar munawar
2658,delimawati
2659,alf nilsson
2660,bernard blier
2661,alexa chung
2662,cécile de france
2663,miguel gurza
2664,josef lukás
2665,carolina oliveira
2666,ping hui tay
2667,wiley moore
2668,adam c. edwards
2669,daniel baker
2670,marie iitoyo
2671,valter skarsgård
2672,gustaf skarsgård
2673,robinson díaz
2674,bunshi katsura vi
2675,chudapha chanthakhet
2676,deon cole
2677,spark chen
2678,viggo mortensen
2679,william bassett
2680,nicholas tennant
2681,emilie werner semmelroth
2682,jackée harry
2683,gabino rodríguez
2684,magnús jónsson
2685,eva rexed
2686,hajira yamin
2687,cynthia cranz
2688,livia brito
2689,maya ali
2690,aidan devine
2691,jeon tae-yeol
2692,sonam kapoor
2693,ali çatalbas
2694,riley thomas stewart
2695,allison janney
2696,juan fernández
2697,mohd fathi diaz
2698,spike lee
2699,rini s. bono
2700,yuka nanri
2701,shiori akita
2702,stephen tower
2703,eriq ebouaney
2704,kevin p. farley
2705,xingyi wang
2706,b.n. sharma
2707,raquel cassidy
2708,bill maher
2709,lewis tan
2710,ira wibowo
2711,masato hanazawa
2712,gurki basra
2713,rip torn
2714,david elliot
2715,ching-ying lam
2716,meral polat
2717,léa seydoux
2718,tania
2719,willy fritsch
2720,zoe saldana
2721,paz bascuñán
2722,macarena achaga
2723,ryôma baba
2724,jamie dornan
2725,casper christensen
2726,ajeya
2727,edoardo pesce
2728,kamilla grønli hartvig
2729,shôko nakagawa
2730,scott martin
2731,mccoy de leon
2732,mikael tornving
2733,mischa barton
2734,reborn
2735,julie dray
2736,vitória falcão
2737,eileen atkins
2738,blue lan
2739,charles s. dutton
2740,danny kaye
2741,anca florescu
2742,ji-eun song
2743,jeremy ray
2744,fabio chamorro
2745,brigitte lin
2746,erkan petekkaya
2747,kerolos emad
2748,joanna litwin
2749,kate murphy
2750,andrés pazos
2751,emma cleasby
2752,georgi nightingall
2753,ólafur darri ólafsson
2754,stéphane de freitas
2755,chita rivera
2756,albert salmi
2757,arnaud binard
2758,tom erhart
2759,jon bander
2760,salamina mosese
2761,rayane bensetti
2762,dina r. andrews
2763,werner schünemann
2764,roberto malone
2765,hyun-min yoon
2766,so okuno
2767,lindsay stankovic
2768,dusty hill
2769,nicolas vanhole
2770,yumi kakazu
2771,azie tesfai
2772,barret lewis
2773,rita dominic
2774,mehzeb chowdhury
2775,sonia couling
2776,dani
2777,sigurd philip dalgas
2778,billy crystal
2779,dylan fuentes
2780,carlo bonomi
2781,jacelyn tay
2782,elisée niyonsenga
2783,carson block
2784,chia-hui liu
2785,serena burns
2786,joel virgel
2787,lucy boynton
2788,mark trafford
2789,réka tenki
2790,kaycie chase
2791,rona-lee shim'on
2792,nico santos
2793,mimi gianopulos
2794,afalean lu
2795,tuva novotny
2796,tomas von brömssen
2797,rob paulsen
2798,yeong-ho kim
2799,daren tan
2800,julieta zylberberg
2801,josie olivo
2802,dolly wells
2803,detmar blow
2804,achmed akkabi
2805,itsuji itao
2806,dwayne cameron
2807,david novotný
2808,djuangjai hirunsri
2809,varun mehra
2810,jeff geddis
2811,diana miller
2812,callie hernandez
2813,mauro hermínio
2814,nicolai shutorev
2815,giselle itié
2816,hideaki anno
2817,jennifer marsh
2818,bill tung
2819,brenda rickert
2820,hilmi sözer
2821,andy abbott
2822,oh man-seok
2823,kristen princiotta
2824,hyo-jin kong
2825,allen covert
2826,daniel j. edwards
2827,david verdaguer
2828,tim mirkovich
2829,yoshihisa amano
2830,peter meehan
2831,tony abbate
2832,kensuke takahashi
2833,marco martinelli
2834,yuriko hishimi
2835,selena tan
2836,bethany whitmore
2837,miles teller
2838,martha scott
2839,peter browne
2840,ege kökenli
2841,kat dennings
2842,jenyne butterfly
2843,douglas booth
2844,thammegowda s.
2845,pooch hall
2846,emre almas
2847,xueying zhao
2848,aya ueto
2849,taylor st. clair
2850,seong-wu ong
2851,kourtney kardashian
2852,khemanit jamikorn
2853,susanne wuest
2854,necar zadegan
2855,bob keppel
2856,josh duhamel
2857,felix sandman
2858,kanako nishikawa
2859,yutaka matsushige
2860,alfonso tort
2861,ben diskin
2862,søren spanning
2863,filip blazek
2864,ben shenkman
2865,kelly patton
2866,masataka nakagauchi
2867,pablo rosso
2868,maria schrader
2869,dylan j. locke
2870,jason kesser
2871,ken gamble
2872,dawn ford
2873,gornpop janjaroen
2874,jojo wright
2875,victor aguiar
2876,vilma santos
2877,takeo chii
2878,yoon kyesang
2879,frans de wit
2880,lauri tilkanen
2881,maurice lagrenée
2882,gay talese
2883,stephanie beran
2884,erika andiola
2885,ava michelle
2886,zenkichi yoneyama
2887,andrás balogh
2888,mami fujioka
2889,te-lo mai
2890,paulinho boca de cantor
2891,danielle nicolet
2892,james purefoy
2893,yû fujisaki
2894,harry chang
2895,yinji jin
2896,feiyna tajudin
2897,frantisek slégr
2898,bo burnham
2899,randy orton
2900,nam-mi kang
2901,miroslav hruska
2902,carlos aragón
2903,wyatt geist
2904,dacre montgomery
2905,julian sorin
2906,cut chemist
2907,jessalyn gilsig
2908,charlie watts
2909,mitsuko baishô
2910,pamela almanza
2911,lubo kostelný
2912,choi min-sik
2913,kiran sonia sawar
2914,bret harrison
2915,zhihua dong
2916,arianna nastro
2917,oriana sabatini
2918,linda bacon
2919,omar elba
2920,ricardo darín
2921,shikha joshi
2922,giulia bevilacqua
2923,fatima jabbe
2924,mandy gonzalez
2925,poonam rajput
2926,özgü namal
2927,djamila
2928,clarence geldert
2929,alexandra moen
2930,bülent alkis
2931,jon bon jovi
2932,hugh aynesworth
2933,wille lindberg
2934,mel gibson
2935,ernie hudson
2936,aleksandr samoylenko
2937,dean fujioka
2938,asif khan
2939,fabian copete
2940,hiroaki hirata
2941,fairuza balk
2942,thomas law
2943,christian pelissier
2944,manuel steitz
2945,kevin tighe
2946,tomiyuki kunihiro
2947,fabrice luchini
2948,mitsuki ôishi
2949,emily morris
2950,summer meng
2951,michael dudok de wit
2952,guillaume delorme
2953,tisha campbell-martin
2954,frankie diaz
2955,nick lachey
2956,f. murray abraham
2957,stephen collins
2958,ryôtarô
2959,cecilia choi
2960,heather lyn
2961,alfonso bassave
2962,jessica williams
2963,bruce gleeson
2964,tomorô taguchi
2965,sharad ponkshe
2966,jon foster
2967,barouyr
2968,rebekah kennedy
2969,karan brar
2970,randall batinkoff
2971,carolina guerra
2972,rudolf jelínek
2973,salvatore ruocco
2974,mike myers
2975,jamie chung
2976,giles milton
2977,nicolas ronchi
2978,ofelia popii
2979,mina fujii
2980,prakash belawadi
2981,rima matsuda
2982,jon tenney
2983,bella baby
2984,audrey hepburn
2985,aditi sudhir pohankar
2986,ki-woo lee
2987,amber goldfarb
2988,jolene andersen
2989,troy larkin
2990,aleksandr golovin
2991,katelyn barr
2992,rockmond dunbar
2993,hiroaki murakami
2994,sal landi
2995,candice norcott
2996,cansu dere
2997,adam lambert
2998,you ge
2999,camilo jimenez varon
3000,feliks zemdegs
3001,kôdai asaka
3002,hôka kinoshita
3003,kevin carroll
3004,amber mcmahon
3005,szymon radzimierski
3006,barry cassin
3007,amy tyger
3008,katsuko kanai
3009,toya turner
3010,maciej póltorak
3011,sean z. paxton
3012,giorgio costa
3013,mette holt
3014,ana fernández
3015,chandini chowdary
3016,morten suurballe
3017,artur beschastnyy
3018,hideo masu
3019,lucas lauriente
3020,anthony howard gould
3021,adam b. shapiro
3022,filip cíl
3023,melani olivares
3024,shannon hayes
3025,mark consuelos
3026,jonathan d. mellor
3027,waleed zuaiter
3028,zachary bloch
3029,charlotte eve blythe
3030,andrea swift
3031,al schuermann
3032,zheng xu
3033,nicholas coghlan
3034,david walliams
3035,mhamed arezki
3036,bob proctor
3037,mauricio lopez
3038,raymond j. barry
3039,wayne knight
3040,rachael taylor
3041,dave schultz
3042,madhuri dixit
3043,juan piedrahita
3044,mun kimhak
3045,anthony thurman
3046,chin tsai
3047,simran natekar
3048,hie-jin jang
3049,ayushmann khurrana
3050,luca angeletti
3051,o.a.c. lund
3052,jacqueline bisset
3053,lee rosbach
3054,greta scacchi
3055,keira knightley
3056,michael bofshever
3057,yoo ji-tae
3058,aoi koga
3059,pat sajak
3060,ioanna sfakianaki
3061,zain meghji
3062,bae doona
3063,madalina anea
3064,lar park-lincoln
3065,rachel ticotin
3066,patricia hodge
3067,juvat westendorp
3068,karl sallin
3069,tien niu
3070,shila khodadad
3071,muhammad al-hmeli
3072,zachary bennett
3073,paul kalkbrenner
3074,daniella alonso
3075,olivier rabourdin
3076,alice lowe
3077,beth grant
3078,gabriel faccini
3079,ashish bhatia
3080,anita chui
3081,odley jean
3082,mario escalante
3083,carmen flood
3084,thea green lundberg
3085,bob stephenson
3086,jason boyd
3087,chris stafford
3088,dana ikeda
3089,jo enright
3090,sarah elise steensby
3091,kyoko hasegawa
3092,jean dolabela
3093,rajeev anand
3094,ninja
3095,kenny morrison
3096,hee-soon park
3097,judith light
3098,kyra zagorsky
3099,ronaldo oliva
3100,baaj adebule
3101,kathy garver
3102,kristy swanson
3103,john burgmeier
3104,brian hallisay
3105,youssef baroud
3106,kote daushvili
3107,adrienne barbeau
3108,kel mitchell
3109,seul-gi kim
3110,machiko kyô
3111,john blundell
3112,daniel davids
3113,akiko kinouchi
3114,mafalda carbonell
3115,tanapak jongjaiphar
3116,kian lawley
3117,demetri martin
3118,dylan de jong
3119,qianyuan wang
3120,jeffrey jones
3121,anthony kirlew
3122,liv mjönes
3123,yoji tanaka
3124,sandro dori
3125,marcus chin
3126,volkmar kleinert
3127,elena radonicich
3128,jirí vyorálek
3129,joseph scott anthony
3130,jessica chastain
3131,tashiana washington
3132,michael bacall
3133,anna williamson
3134,masaya matsukaze
3135,kento nakajima
3136,aurora lindseth-løkka
3137,cailee spaeny
3138,selina lo
3139,roeland wiesnekker
3140,anna drijver
3141,seung-yun lee
3142,taraji p. henson
3143,haru
3144,june tsai
3145,kuljinder singh sidhu
3146,frank kjosås
3147,mishqah parthiephal
3148,helena zengel
3149,mark simmons
3150,gérard rudolf
3151,gulshan grover
3152,peadar cox
3153,oskar werner
3154,ijeoma grace agu
3155,caleb landry jones
3156,neil bhoopalam
3157,jose manuel lorenzo
3158,zulay henao
3159,phellipe haagensen
3160,andy garcia
3161,jack griffo
3162,ye-eun shin
3163,kan'ichirô satô
3164,rebecca ferguson
3165,riko narumi
3166,carolyn pickles
3167,meryll soriano
3168,samantha man-kwan chuk
3169,lucy griffiths
3170,nikolai kinski
3171,todd glass
3172,michael gambon
3173,chrysta bell
3174,nita lei
3175,matt dillon
3176,seung-ho shin
3177,lexi atkins
3178,seung-hyun choi
3179,raheem devaughn
3180,shirley henderson
3181,james freeman
3182,christophe guybet
3183,emmanuelle seigner
3184,bella thorne
3185,pamela chong
3186,james howson
3187,susan rice
3188,david kalis
3189,candy pangilinan
3190,martina gusman
3191,jesse bradford
3192,ju-hyuk kim
3193,jeannine carpentier
3194,tea falco
3195,steve-o
3196,jhon narváez
3197,timothy hutton
3198,so-yul shin
3199,keiynan lonsdale
3200,bailee madison
3201,kate mccafferty
3202,müfit can saçinti
3203,bárbara lennie
3204,daniela norman
3205,seung-won cha
3206,tony azzolino
3207,choi wonyoung
3208,grant crookes
3209,satish shah
3210,freya adams
3211,joel edgerton
3212,hamzeh okab
3213,anna sisková
3214,jun kaname
3215,mike dennis
3216,sonali kulkarni
3217,winston chao
3218,duncan joiner
3219,kalabhavan shajohn
3220,catherine mccormack
3221,yûta jingûji
3222,james hong
3223,briana shann
3224,hillary clinton
3225,bojan westin
3226,leonor varela
3227,wesley van gaalen
3228,susan brown
3229,christine adams
3230,saga alyasery
3231,rafael pettersson
3232,enrica pintore
3233,peter gadiot
3234,achanti palmer
3235,shin yong-woo
3236,robert gant
3237,muhammad lutfi
3238,michael kenneth williams
3239,brad berryhill
3240,gözde türkpençe
3241,t.j. miller
3242,william sylvester
3243,annette o'toole
3244,kirby heyborne
3245,isabelle funaro
3246,yûya endô
3247,danny geva
3248,lynn carlin
3249,uzo arukwe
3250,ayana sakai
3251,lucy liu
3252,steve nation
3253,martin udvarnoky
3254,jennifer tisdale
3255,dane farwell
3256,joe ng
3257,gabrielle haugh
3258,dennis leiffels
3259,chris messina
3260,kirsten robek
3261,ivan lo
3262,dagny backer johnsen
3263,paolo conticini
3264,bommu laksmi
3265,tom kenny
3266,waly dia
3267,françois perret
3268,meghan rienks
3269,adnan haskovic
3270,kelly connaire
3271,elie adabachi
3272,kelly sheridan
3273,theo james
3274,man-chiao wang
3275,titanilla bogdányi
3276,joseph huang
3277,françoise dorléac
3278,samitada sungkapo
3279,tyler perry
3280,igor pokrajac
3281,dedi moch jamasari
3282,william frederick knight
3283,mary-kate olsen
3284,alexandra holden
3285,eric carte
3286,juliette gillis
3287,ruth bader ginsburg
3288,adam berry
3289,travis pastrana
3290,brett dier
3291,stephen paul astor
3292,clint dyer
3293,trond brænne
3294,chauncey leopardi
3295,brandon sklenar
3296,aman sutdhar
3297,yeong-gyu park
3298,colin tetteroo
3299,natasha o'keeffe
3300,baocheng jiang
3301,lynsey baxter
3302,walton goggins
3303,didier bourdon
3304,buddy handleson
3305,jeremy howard
3306,seda oguz
3307,isabelle barth
3308,leo morimoto
3309,paula prentiss
3310,derren brown
3311,sunny pawar
3312,vasil asenov
3313,sandra herbich
3314,von gretchen shepard
3315,yoo-jeong kim
3316,dallas roberts
3317,tim roth
3318,jean bouise
3319,ilker kaleli
3320,victor slezak
3321,wigald boning
3322,adam cronheim
3323,henry rollins
3324,alan marriott
3325,hirotaka suzuoki
3326,sara ballerani
3327,fedja van huêt
3328,yannick bisson
3329,stephen rea
3330,jeffrey toobin
3331,ana caetano
3332,terry pheto
3333,shraddha kapoor
3334,marsha wattanapanich
3335,xing yu
3336,marlene costa castro
3337,tyler bunch
3338,yûki kubota
3339,omar sharif
3340,shiney ahuja
3341,issey takahashi
3342,larissa corriveau
3343,balla diarra
3344,eddie izzard
3345,peter adrian sudarso
3346,saunders triplets
3347,kirin kiki
3348,leather storrs
3349,leehom wang
3350,natsumi ishibashi
3351,prim bulakul
3352,evelin dobos
3353,sherrod brown
3354,megan zheng
3355,yuki himura
3356,t'nia miller
3357,jenna lee connors
3358,philippe boutinaud
3359,willeke van ammelrooy
3360,yael stone
3361,bohan fu
3362,martin compston
3363,david birtwistle
3364,mikkel schrøder uldal
3365,jessy moravec
3366,na'ku'set gould
3367,nicolas roye
3368,jonathan baumbach
3369,kate kneeland
3370,ken'ichirô matsuda
3371,mikako komatsu
3372,p.j. byrne
3373,edward burns
3374,james cromwell
3375,codi carmichael
3376,rene auberjonois
3377,dilip
3378,alex hafner
3379,pierre-yves cardinal
3380,eelyn kok
3381,salim kumar
3382,david dennis
3383,marc diraison
3384,tyler mckinney
3385,iain armitage
3386,marianna palka
3387,joanne pearson
3388,michael alexis palmer
3389,naoko matsui
3390,sunetra sarker
3391,rishi kapoor
3392,tumen
3393,joseph julian soria
3394,beth
3395,gert portael
3396,jack nance
3397,alexis clagett
3398,lee ji-hyung
3399,katsumasa uchida
3400,bernard campan
3401,sami bouajila
3402,benjamin o'mahony
3403,karan soni
3404,sheila dara aisha
3405,emre gül
3406,michele placido
3407,hyeon woo
3408,kazimierz kaczor
3409,kate oxley
3410,pooja ramachandran
3411,liam pierron
3412,isabelle adjani
3413,mark k. sargent
3414,chali 2na
3415,ole solvang
3416,jonas allen
3417,oki dub ainu band
3418,nattasha nauljam
3419,clemency burton-hill
3420,susan yam-yam shaw
3421,coté soler
3422,alicia witt
3423,yug
3424,gary wells
3425,don francks
3426,sveng socheata
3427,olivia griffiths
3428,jennifer kim
3429,josé garcia
3430,lee curreri
3431,yûta hiraoka
3432,sebastian koch
3433,zz top
3434,connor corum
3435,tate martell
3436,debra lawrance
3437,kayla ewell
3438,harriet walter
3439,yuri chinen
3440,bobb'e j. thompson
3441,mei higashimura
3442,fatma filiz sencan
3443,soleh solihun
3444,antara banerjee
3445,likun wang
3446,nicholas clay
3447,andrea tariang
3448,clarence ryan
3449,robert douglas
3450,lev gorn
3451,zbigniew zamachowski
3452,ido drent
3453,esra rusan
3454,vince jolivette
3455,jonathan kydd
3456,matthew labyorteaux
3457,bernhard schütz
3458,george davis
3459,sven-bertil taube
3460,kalpana iyer
3461,anuranjan premji
3462,ivan de almeida
3463,albert bensabat
3464,chunchuna villafañe
3465,kazuaki nagaya
3466,stacy martin
3467,masako nozawa
3468,deniz gündogdu
3469,saeko shimazu
3470,keeley hazell
3471,cole sand
3472,bharat chawda
3473,michael horse
3474,erin armstrong
3475,john baker
3476,kelly mi li
3477,rassameekae fahgeulon
3478,ana wagener
3479,johnny pemberton
3480,reba monica john
3481,sruthi hariharan
3482,josef heynert
3483,rachel griffiths
3484,malvino salvador
3485,theo maassen
3486,jessica blank
3487,alex clatworthy
3488,wendee lee
3489,dornaz hajiha
3490,catherine keener
3491,dante pereira-olson
3492,chicha amatayakul
3493,shweta tripathi
3494,laura bilgeri
3495,andrea navedo
3496,malaminé 'yalenguen' dramé
3497,david harbour
3498,josé de abreu
3499,keith myers
3500,paulina galazka
3501,devin fabry
3502,giammarco sicuro
3503,claudia michelsen
3504,ari alexander
3505,doug marcaida
3506,prachi desai
3507,laurette atindehou
3508,eom hyo-seob
3509,amy winehouse
3510,charlie jampijinpa brown
3511,alexia fast
3512,dahong ni
3513,diana avramut
3514,bartosz walaszek
3515,emrah kaman
3516,adriana barraza
3517,zohar shtrauss
3518,ilinca goia
3519,alexandre nero
3520,geetika vidya ohlyan
3521,joaquín rapalini
3522,madison reyes
3523,lou castel
3524,maliq johnson
3525,reeve carney
3526,isha keskar
3527,rieko miura
3528,eiji akaso
3529,lisa griffiths
3530,tana akiyama
3531,maria rodríguez soto
3532,andi vasluianu
3533,ruth kearney
3534,mike horner
3535,kristian halken
3536,jesaiah baer
3537,micah sloat
3538,sandy fox
3539,chris andrews
3540,thamisanqa molepo
3541,hinako sakurai
3542,izzue islam
3543,elle lamont
3544,april hernandez castillo
3545,robin weigert
3546,cüneyt arkin
3547,cindy sirinya bishop
3548,timuçin caymaz
3549,kazuko kojima
3550,ane ulimoen øverli
3551,matt knudsen
3552,sigurd wallén
3553,mateusz dopieralski
3554,hunter carson
3555,alexander armstrong
3556,joseph cali
3557,vyacheslav tikhonov
3558,kinda alloush
3559,zarela lizbeth chinolla arellano
3560,stuart wilson
3561,sean hankinson
3562,axelle carolyn
3563,dewi chien
3564,guillaume laurin
3565,erasmo olivera
3566,jay manuel
3567,natalie rose
3568,vernon wells
3569,yôko hikasa
3570,bernhard piesk
3571,brent spiner
3572,csenge pócsi
3573,julius jimenez hugoson
3574,clifton powell
3575,koshu hirano
3576,viveca paulin
3577,anna butkevich
3578,james andrew fraser
3579,dilip kumar
3580,shôhei miura
3581,erdal kacar
3582,mariann hole
3583,william hardie
3584,julia schacht
3585,vijay bhanu
3586,owain yeoman
3587,braelyn kelly
3588,ross brannigan
3589,peter linz
3590,lili beck
3591,yoon kyung-ho
3592,sukhjinder shera
3593,brad bird
3594,ali sivandi
3595,danny glover
3596,jessie t. usher
3597,smokey robinson
3598,ji-hoon park
3599,sumaaiia alfie
3600,bianca comparato
3601,goo shin
3602,alexa karolinski
3603,tom bower
3604,brock lesnar
3605,thibault de montalembert
3606,chaitrali gupte
3607,anna torv
3608,riley smith
3609,daniel auteuil
3610,enyinna nwigwe
3611,elisabeth kaza
3612,wenhao cai
3613,terry blosser
3614,stephen dervan
3615,man cheung
3616,sandy nelson
3617,jonas nay
3618,eddie kaye thomas
3619,jonah beres
3620,sundeep vohra
3621,julieth restrepo
3622,pat hingle
3623,trevor tordjman
3624,darío grandinetti
3625,dorota kawecka
3626,abu shafian abd hamid
3627,charlene choi
3628,nao sasaki
3629,evelyn sachs
3630,im ji-hyun
3631,landon liboiron
3632,ayaka ohashi
3633,luca argentero
3634,shreyas talpade
3635,takashi tachibana
3636,tôma ikuta
3637,lavinia wilson
3638,kaweh modiri
3639,barbra streisand
3640,sae okazaki
3641,tetsushi tanaka
3642,massimo pesik
3643,matt jones
3644,debra messing
3645,ty consiglio
3646,enissa amani
3647,catherine barroll
3648,finn jones
3649,dany boon
3650,brian howe
3651,marius weyers
3652,ahsaas channa
3653,drew langer
3654,helena-lia tachovská
3655,izïa higelin
3656,jirayu tantrakul
3657,harold evans
3658,nolan balzer
3659,dj hurricane
3660,shôta sometani
3661,maximiliano ghione
3662,odessa clay
3663,eduard fernández
3664,markus waldow
3665,fadhli
3666,jeff reese
3667,emily bader
3668,kotoe taichi
3669,fanny bloc
3670,maria thelma smáradóttir
3671,reza rahadian
3672,jeff goldblum
3673,bront palarae
3674,kausar mohammed
3675,rj cyler
3676,manilal joshi
3677,sabine timoteo
3678,ronnie gene blevins
3679,alyssa goss
3680,richard brake
3681,elsie chan
3682,marc zinga
3683,iemasa kayumi
3684,louis eppolito
3685,john white
3686,abigail chay
3687,mathis touré
3688,christel peters
3689,rafi gavron
3690,juri ueno
3691,qiuyan huang
3692,eric christian olsen
3693,sara lazzaro
3694,anoop menon
3695,hakan yufkacigil
3696,thure lindhardt
3697,serin utlu
3698,ferran terraza
3699,kyôji koshiba
3700,samantha ruth prabhu
3701,simon bird
3702,misha collins
3703,anna maria sieklucka
3704,dylan neumeyer
3705,zosia mamet
3706,vanessa bauche
3707,kailyn lowry
3708,dickie gravois
3709,luke hawker
3710,supawadee kitisopakul
3711,loren gray
3712,caio horowicz
3713,kyle knight
3714,lucy aarden
3715,cuba gooding jr.
3716,danielle hazan
3717,olivier gruner
3718,yurika kurosawa
3719,mark anthony fernandez
3720,jane levy
3721,gergely váradi
3722,kazuyuki asano
3723,anna maria buczek
3724,michael kind
3725,florijan ajdini
3726,alan dale
3727,sean lawlor
3728,lilly forgách
3729,ryan gosling
3730,justus von dohnányi
3731,briga heelan
3732,mohammad al ibrahimi
3733,bradley hitler-smith
3734,bert lahr
3735,hae-soo park
3736,toshinori omi
3737,mandakini
3738,yûji hori
3739,ploy sornarin
3740,neha pawar
3741,abdullah jan ghaznavi
3742,sulakshana pandit
3743,dave donaldson
3744,jacqueline byers
3745,marlon brando
3746,joey guila
3747,sergio chamy
3748,neil allen
3749,wataru takagi
3750,angus sampson
3751,nicole faria
3752,edita malovcic
3753,ethan embry
3754,elizabeth bourgine
3755,elizabeth faith ludlow
3756,erica mendez
3757,aimi yoshikawa
3758,jeffery rifflard
3759,decontee davis
3760,vivian ossa
3761,hayato ichihara
3762,nicolas aqui
3763,suruchi aulakh
3764,nicholas o'shaughnessy
3765,vineeth sreenivasan
3766,dong-geon lee
3767,alice krige
3768,sophie guillemin
3769,joshua 'chi-fung' wong
3770,mat gleason
3771,john marley
3772,gillian chung
3773,adrián suar
3774,adrian quinton
3775,megumi ogata
3776,reed horstmann
3777,david sullivan
3778,llmind
3779,julieta cardinali
3780,lali dangazele
3781,kim gyu-sun
3782,zach braff
3783,noemi gonzalez
3784,samantha shu-chin ko
3785,glenda martes
3786,phil campbell
3787,ayo adesanya hassan
3788,sergio albelli
3789,june newbury
3790,ep cho
3791,klára issová
3792,liz kingsman
3793,yeom hye-ran
3794,sumi shimamoto
3795,gil bellows
3796,shiyuan deng
3797,f.w. de klerk
3798,bohumil svarc
3799,yoshika verma
3800,edward hogg
3801,calista flockhart
3802,abraham rodriguez
3803,regina pavón
3804,greg campbell
3805,martin balsam
3806,whitney houston
3807,judy parfitt
3808,lilia skala
3809,óscar jaenada
3810,kaoru yachigusa
3811,dylan mcdermott
3812,virginia madsen
3813,yueting lang
3814,mariya mironova
3815,imran abbas
3816,alexandria ocasio-cortez
3817,arsh bajwa
3818,glenn bray
3819,xun zhou
3820,katie crown
3821,gok wan
3822,bailey cave
3823,jacqueline kim
3824,asa butterfield
3825,elizabeth saunders
3826,rinke khanna
3827,samy abdel fattah
3828,matteo van der grijn
3829,michael conner humphreys
3830,gary mavers
3831,glenn howerton
3832,rebecca williams
3833,jim kossler
3834,joel torre
3835,dina el sherbiny
3836,richard nixon
3837,steve suissa
3838,tanuja
3839,jacob browne
3840,min tanaka
3841,tommy lenoir
3842,theresa underberg
3843,ethan lyde
3844,kyôko koizumi
3845,palina rojinski
3846,federica cardamone
3847,janne carlsson
3848,m. emmet walsh
3849,selahattin pasali
3850,cody lee
3851,bailey spry
3852,freja riemann
3853,linn skåber
3854,aubrey plaza
3855,luis engebrigtsen bye
3856,marc-marie huijbregts
3857,chi-fung tang
3858,tika sumpter
3859,doo-won jung
3860,gaby espino
3861,khalil ramos
3862,lorene chesley
3863,reiko hitomi
3864,jane woods
3865,constantin dogioiu
3866,gang wang
3867,pietro sorba
3868,gideon glick
3869,lindsay lohan
3870,mark ghanimé
3871,jay london
3872,petr simcák
3873,phiravich attachitsataporn
3874,anna lore
3875,natsuki hanae
3876,ropie
3877,julian cullen
3878,jonathan baillie
3879,steven bauer
3880,tetsuya iwanaga
3881,lenka vlasáková
3882,phylicia rashad
3883,nancy kovack
3884,daniel hymanson
3885,adnan jaffar
3886,dot cosgrove
3887,julie upton
3888,sarah lynn
3889,sally grace
3890,holly mae brood
3891,hoyt axton
3892,thishiwe ziqubu
3893,rahul kohli
3894,patrick fabian
3895,alan altschuler
3896,jade arnold
3897,mónica cragnolini
3898,martin billany
3899,bob prince
3900,vadhir derbez
3901,john farrell
3902,alayna bidlack
3903,adarsh gourav
3904,luis rosales
3905,lucas wainraich
3906,michael kelly
3907,holly gauthier-frankel
3908,annu kapoor
3909,michelle dockery
3910,charlie ottley
3911,fary
3912,mathew baynton
3913,rinku das
3914,dara devaney
3915,dave sheridan
3916,mikolaj roznerski
3917,ram gopal bajaj
3918,vincent krüger
3919,nell carter
3920,brett goldstein
3921,øystein benjaminsen
3922,oliver cooper
3923,aahana kumra
3924,gil bast
3925,raj arjun
3926,johnny alite
3927,roy chang
3928,paul hilton
3929,seung-wook lee
3930,andré madrini
3931,aidan quinn
3932,kranti prakash jha
3933,ivana andrlová
3934,melissa mccarthy
3935,anastasia hille
3936,nanni moretti
3937,donna maldonado
3938,prashant prakash
3939,jameela jamil
3940,joel mckinnon miller
3941,caitlin gerard
3942,madelyn cline
3943,michal koterski
3944,michael herbig
3945,tomás wahrmann
3946,le chi kien
3947,juhi chawla
3948,daniel mayers
3949,yasiin bey
3950,manami higa
3951,ratthanant janyajirawong
3952,evelyn keyes
3953,maximilian schlossberg
3954,arne lenk
3955,ke-fang sun
3956,katrin sundberg
3957,liam macdonald
3958,ticoon kim
3959,mehdi hashemi
3960,vince smith
3961,katherine barrell
3962,margaretha sene
3963,steve mcqueen
3964,scott c. roe
3965,tetsuo gotô
3966,kadan rockett
3967,richard jordan
3968,dermot crowley
3969,christian kane
3970,tamara cunill
3971,felix kramer
3972,pamela anderson
3973,shigeru chiba
3974,jonathan werner juel
3975,arthur berges
3976,arya dave
3977,jonas malmsjö
3978,amanda peet
3979,phyllis munro
3980,cliff nazarro
3981,michael mcelhatton
3982,gina yashere
3983,g.k. bowes
3984,francis ng
3985,kyu-sung lee
3986,birthe neumann
3987,montana jordan
3988,andrew brooke
3989,momoka nishina
3990,nick madrick
3991,steve lantz
3992,kaaris
3993,islam bouakkaz
3994,nicholl hiren
3995,shunsuke sakuya
3996,ben hardy
3997,lica gherghilescu-tanasoca
3998,marsha stephanie blake
3999,thomas guitard
4000,sarah wayne callies
4001,joe pease
4002,stephen mark doran
4003,amber valletta
4004,ali macgraw
4005,eleanor tomlinson
4006,anne dorval
4007,medi broekman
4008,mika metz
4009,robert hoffman
4010,sunny johnson
4011,montse hernandez
4012,hart bochner
4013,marley estrada
4014,lia boysen
4015,sarika
4016,kylie belling
4017,harriet manamela
4018,felicity price
4019,rafael cuevas
4020,ashlie atkinson
4021,dartanian sloan
4022,dal-i
4023,ishmael angalook hope
4024,jesper christensen
4025,wei ai
4026,terry harmonica bean
4027,don catlin
4028,antoine de caunes
4029,çetin altay
4030,ron livingston
4031,katsunori takahashi
4032,zeca pagodinho
4033,rodrigo murray
4034,lim soo-jung
4035,kathryn erbe
4036,kali rocha
4037,ryan darbonne
4038,rocio garcia
4039,kent osborne
4040,aparajita adhya
4041,jeong-rim baek
4042,max fincham
4043,anupam kher
4044,rati agnihotri
4045,tiffany haddish
4046,maiko fukushima
4047,kaito nakamura
4048,noah taylor
4049,oanh nguyen
4050,lajessie smith
4051,christopher lambert
4052,thati lopes
4053,jin-young jang
4054,chika sakamoto
4055,benjamin bratt
4056,adam scherr
4057,kristen hager
4058,jochen barkas
4059,ryan walker
4060,kyle soller
4061,ted levine
4062,lavell crawford
4063,jason jones
4064,debbie allen
4065,annabel scholey
4066,ananya nagalla
4067,yuichiro umehara
4068,andrei selaru
4069,takahiro sakurai
4070,aidy bryant
4071,nicholas ofczarek
4072,matthew david rudd
4073,roshan seth
4074,gerald griggs
4075,lee barnett
4076,clayton cardenas
4077,jane cussons
4078,àlex monner
4079,ryan kelley
4080,ben cartwright
4081,chloë sevigny
4082,alice barrett
4083,alf brattvik
4084,cooper barnes
4085,chris noth
4086,jackie cruz
4087,franck gastambide
4088,joseph mascolo
4089,saul stein
4090,güven murat akpinar
4091,marcello mastroianni
4092,frank adu
4093,julian clary
4094,jadyn wong
4095,shunpei kawagoishi
4096,lotus wang
4097,seo-hyeong kim
4098,marina abramovic
4099,alexandru bindea
4100,murray melvin
4101,dean winters
4102,riki miura
4103,danielle c. ryan
4104,krzysztof czeczot
4105,christopher wolfe
4106,francis capra
4107,elizabeth maxwell
4108,katie stevens
4109,jack warden
4110,hugo johnstone-burt
4111,peyton meyer
4112,bart edwards
4113,kevin t. collins
4114,steven tan
4115,tom sturridge
4116,ignacio serricchio
4117,kett thantup
4118,alex organ
4119,diego maradona jr.
4120,kiko mizuhara
4121,hugh bonneville
4122,micheál richardson
4123,shane dundas
4124,ady an
4125,alexander pollock
4126,ronny chieng
4127,ian pangilinan
4128,ali atay
4129,maría luisa garcía
4130,antonio sanint
4131,chutki
4132,massimo poggio
4133,lala kent
4134,jyotika
4135,paulina chávez
4136,jan malmsjö
4137,rachel dratch
4138,misako renbutsu
4139,preechaya pongthananikorn
4140,nic romm
4141,amy smart
4142,pavel trávnícek
4143,jean marais
4144,john ireland
4145,jo wyatt
4146,holly earl
4147,matt annetts
4148,seung-hoon choi
4149,ryôichi inaba
4150,alastair macintosh
4151,ada nicodemou
4152,james dumont
4153,taner cindoruk
4154,donny boaz
4155,sarena parmar
4156,genesis rodriguez
4157,eric francés
4158,min-kyeong kim
4159,steve harris
4160,rick springfield
4161,bri bryant
4162,tedy ursuleanu
4163,hugh gormley
4164,narges rashidi
4165,hameed sheikh
4166,traore
4167,rita karin
4168,lexie kaplan
4169,amrutha karagada
4170,maja schöne
4171,nancy baldwin
4172,henriette confurius
4173,jessica tuck
4174,riko
4175,charlotte st-martin
4176,oka antara
4177,alissa luckey
4178,anne regine ellingsæter
4179,brittney wilson
4180,ulas torun
4181,robin wright
4182,anastasia bredikhina
4183,thomas curtis
4184,sverrir gudnason
4185,samuel abiola robinson
4186,jessi klein
4187,nick helm
4188,tom wlaschiha
4189,luis felipe tovar
4190,milan peschel
4191,chris trousdale
4192,gretchen mol
4193,dilraba dilmurat
4194,ryô iwamatsu
4195,han gi-joong
4196,amrinder gill
4197,claudine mboligikpelani nako
4198,mara elena andrei
4199,joel courtney
4200,anthony craig
4201,rachel hunter
4202,brad davis
4203,christina milian
4204,yoko sakamoto
4205,fabrizio biggio
4206,craig fairbrass
4207,basanti das
4208,francesca papalia
4209,kulraj randhawa
4210,corwin c. tuggles
4211,sigve bøe
4212,ara mina
4213,cory michael smith
4214,steve angello
4215,liam de vries
4216,sam neill
4217,karen abercrombie
4218,ionut bora
4219,mare winningham
4220,diane franklin
4221,corey hartzog
4222,catherine disher
4223,rufus beck
4224,seong-rok sin
4225,joe anoa'i
4226,michael landes
4227,nirmal pandey
4228,ghadah abdulrazeq
4229,forest whitaker
4230,itsuo watanabe
4231,sean schemmel
4232,kayano masuyama
4233,chiwetel ejiofor
4234,isaiah mustafa
4235,andrew adote
4236,andreas blix henriksen
4237,michael donovan
4238,daniel marx
4239,roda fawaz
4240,bea alonzo
4241,tomoyo kurosawa
4242,georges khabbaz
4243,rafael palacio illingworth
4244,concordia selander
4245,howard nightingall
4246,natalia dontcheva
4247,priyanka kothari
4248,mark robert edwards
4249,roberto benigni
4250,ian mcshane
4251,keni styles
4252,akira terao
4253,jürg plüss
4254,mohamed alam eldeen
4255,fikret hakan
4256,bel powley
4257,brittany lauda
4258,eun-seo son
4259,ryôhei ohtani
4260,chirikure chirikure
4261,paul nicholls
4262,avinash raghudevan
4263,tamsin greig
4264,steven de jong
4265,jonathan pienaar
4266,emily bett rickards
4267,tobin bell
4268,sara eisen
4269,bryce papenbrook
4270,sola fosudo
4271,sirpa lane
4272,mary elizabeth ellis
4273,park hyung-shik
4274,shlomit baytelman
4275,susan strasberg
4276,lautaro bettoni
4277,gavin brown
4278,benno fürmann
4279,bryan forrest
4280,helen colliander
4281,jeremy kenyon lockyer corbell
4282,travis willingham
4283,bronislawa zamachowska
4284,vahina giocante
4285,brit marling
4286,david blaine
4287,dylan baker
4288,ida rahayu
4289,jalen k. cassell
4290,james cosmo
4291,jerry adler
4292,jackie stewart
4293,aykut akdere
4294,feró nagy
4295,r.j. vignesh
4296,tonya cornett
4297,john gremillion
4298,sharmin segal
4299,chester tam
4300,yeong-gi jeong
4301,helene joy
4302,mia sara
4303,hana hayes
4304,owen teague
4305,helen sjöholm
4306,sung-je cha
4307,travis scott
4308,emilio solfrizzi
4309,gertrude claire
4310,gianluigi buffon
4311,abhishek bhattacharya
4312,wim willaert
4313,angel bismark curiel
4314,ludwig blochberger
4315,manu intiraymi
4316,michelle von treuberg
4317,maïwenn
4318,josh keaton
4319,tenae downing
4320,ana parvu
4321,ryan bernard
4322,roger stone
4323,marianne nielsen
4324,eliza bennett
4325,michelle deco
4326,julia mckenzie
4327,naoya uchida
4328,jun suk-ho
4329,stan walker
4330,lewis stone
4331,erez tal
4332,mayling ng
4333,joe stapleton
4334,maximilian brückner
4335,andré hennicke
4336,carmo dalla vecchia
4337,kiko jáuregui
4338,kiernan shipka
4339,tristan erwin
4340,killer mike
4341,maartje paumen
4342,assa sylla
4343,thanuja karthik
4344,phoebe chadwick
4345,atchareeya potipipittanakorn
4346,leïla bekhti
4347,pedro pascal
4348,taavi peelo
4349,raj persaud
4350,janice kawaye
4351,maxime jacobs
4352,logan creran
4353,tim johnson
4354,christoph letkowski
4355,luthuli dlamini
4356,rubén albarrán
4357,hugh wilson
4358,emma bading
4359,adam pascal
4360,christopher gorham
4361,susan cookson
4362,caitlynn french
4363,mark aspinall
4364,daniel aráoz
4365,tessa ia
4366,aiden lovekamp
4367,holly marie combs
4368,andrew creer
4369,miguel zúñiga
4370,grigoriy dobrygin
4371,anna raadsveld
4372,antonio cifariello
4373,mayday
4374,zain khan durrani
4375,coryn williams
4376,marcial tagle
4377,yvonne sanson
4378,yeon-soo ha
4379,dilshad vadsaria
4380,fridtjov såheim
4381,mieke de groote
4382,alessandra mastronardi
4383,joe manganiello
4384,william roberts
4385,rano karno
4386,patrick timsit
4387,chris conner
4388,nilton bonder
4389,tsuyoshi muro
4390,tyne daly
4391,micah lynn hanson
4392,kiyoshi kobayashi
4393,doval'e glickman
4394,chalad na songkhla
4395,kirsty dillon
4396,adrien brunier
4397,ray milland
4398,jay anstey
4399,lisa henni
4400,alexis knapp
4401,sophia boehme
4402,charlotte newhouse
4403,matthew whittet
4404,shirley knight
4405,sophie thompson
4406,bob the cat
4407,gordon currie
4408,birjesh ahuja
4409,mugdha chaphekar
4410,tim conway
4411,kevin eldon
4412,ryôhei arai
4413,michael 'caveman' pyle
4414,adrian lester
4415,cassandra ciangherotti
4416,shannon beer
4417,julián cerati
4418,kai ryssdal
4419,yuanyuan gao
4420,alan tam
4421,hero fiennes tiffin
4422,dawn didawick
4423,jack hanke
4424,yurtsen fidan
4425,charlotte timmers
4426,damaine radcliff
4427,lynn adrianna freedman
4428,chieloka nwokolo
4429,esin alpogan
4430,ju-seon eo
4431,bobcat goldthwait
4432,mei kayama
4433,stark sands
4434,emil ciuchi
4435,scott doroski
4436,yara shahidi
4437,christian lópez
4438,shohreh aghdashloo
4439,aya hirayama
4440,isaiah john
4441,azumi waki
4442,cherry wallis
4443,suzanne bianqui
4444,marie avgeropoulos
4445,mikheil gomiashvili
4446,gaku oshida
4447,karla lavey
4448,ciara bravo
4449,mattea conforti
4450,paul mcgann
4451,nelly karim
4452,emily hampshire
4453,christopher rydell
4454,shengyi huang
4455,victor wong
4456,sticky fingaz
4457,paul higgins
4458,mai sugano
4459,garance marillier
4460,claudia martini
4461,edgar garcia
4462,bebeto
4463,pooja chopra
4464,derek phillips
4465,megan charpentier
4466,um sang-hyun
4467,deak smalls
4468,châu belle dinh
4469,katherine ryan
4470,jordan todosey
4471,piotr polak
4472,magdalena walach
4473,ben münchow
4474,rafael de la fuente
4475,jaffar bambirra
4476,alexandre borges
4477,mora arenillas
4478,claudio sassaki
4479,martin kratt
4480,marisa letícia lula da silva
4481,chris elliott
4482,goran hajdukovic
4483,peter ferdinando
4484,tinatin dalakishvili
4485,sanya malhotra
4486,bozhao wang
4487,jack polak
4488,shantel vansanten
4489,nicki aycox
4490,levi randall
4491,jesseca liu
4492,micah mason
4493,emma fitzpatrick
4494,arden belle
4495,elisabeth von koch
4496,blessin giraldo
4497,de'shawn washington
4498,jesse richman
4499,yûko gotô
4500,amparo noguera
4501,ján jackuliak
4502,christopher denham
4503,shareefa daanish
4504,lesley ann warren
4505,vladimir burlakov
4506,chris grimes
4507,mckayla witt
4508,adrienne king
4509,glenn robbins
4510,jacinda barrett
4511,alexandre rodrigues
4512,mark thompson
4513,john cassavetes
4514,evan bird
4515,jesse eisenberg
4516,toby froud
4517,jonathan forbes
4518,man-yiu chan
4519,zdenek hustak
4520,mary makariou
4521,olga breeskin
4522,shakil imtiaz
4523,harry crocker
4524,jie liu
4525,jason simpson
4526,derrel maury
4527,neuza amaral
4528,yngve berven
4529,bela padilla
4530,david w. collins
4531,kim hyun-joong
4532,katsunosuke hori
4533,dion reed
4534,maj soueidan
4535,blake michael
4536,david yost
4537,paul reiser
4538,yun-hie jo
4539,william burns
4540,chris doubek
4541,oweiss mkhallalati
4542,gökben
4543,henry hunter hall
4544,ryô narita
4545,sandeep pathak
4546,natalie desselle reid
4547,brendan coyle
4548,stefano accorsi
4549,victor sjöström
4550,steven avery
4551,galatea ranzi
4552,patcharawan patarakijjanon
4553,eric casalini
4554,jake
4555,luis miguel hurtado
4556,nolan north
4557,ling ling liu
4558,tomohisa asô
4559,brian dietzen
4560,alyson stoner
4561,murilo benício
4562,bergliot husberg
4563,jonathan dümcke
4564,klaus maria brandauer
4565,charlie gillespie
4566,jessica szohr
4567,issaka sawadogo
4568,andréia horta
4569,rufus hound
4570,donny alamsyah
4571,robyn malcolm
4572,hin-wai au
4573,r.j. cantu
4574,anna lizaran
4575,reginald c. hayes
4576,yashua mack
4577,bob buchholz
4578,marc blucas
4579,damian woetzel
4580,shao-hua lung
4581,bakarhythm
4582,damien leith
4583,viola davis
4584,léo lins
4585,palash kamble
4586,jaymes butler
4587,michael tayles
4588,winson '2pac' jean
4589,tôru ôhira
4590,cezary zak
4591,halimat adegbola
4592,kam hei chan
4593,giorgino abraham
4594,hannalore gerling-dunsmore
4595,jelle de jong
4596,fábio porchat
4597,vasuki
4598,tae-woong eom
4599,rhea chakraborty
4600,hiroyuki konishi
4601,fruit chan
4602,tôru furuya
4603,taika waititi
4604,haylie duff
4605,kristine van pellicom
4606,suzanne smith
4607,chikahiro kobayashi
4608,paoli dam
4609,bae jeong-nam
4610,america young
4611,donald rayfield
4612,anthony ramos
4613,yoon kyun-sang
4614,kathryn hahn
4615,shalini vadnikatti
4616,lucas schultz
4617,herson capri
4618,tom selleck
4619,roxanne guinoo
4620,joe valentino
4621,hisahiro ogura
4622,joseph lopez
4623,hideko takamine
4624,onur azad yilmaz
4625,lília cabral
4626,anand sami
4627,joe viterelli
4628,sebastien andrieu
4629,georgina campbell
4630,seiichiro furumoto
4631,neil morrissey
4632,valentino rossi
4633,asan n'jie
4634,emma watson
4635,ryan hope travis
4636,david packouz
4637,hou hsiao
4638,norma ruíz
4639,catalin catoiu
4640,oh kwang-rok
4641,kenan dogulu
4642,sam trammell
4643,shane pow
4644,valeria eisenbart
4645,marshall pruett
4646,matilde piana
4647,muriel robin
4648,maya erskine
4649,candice bergen
4650,owen h. dunne
4651,jim dine
4652,joe cole
4653,shariff earp
4654,chinaradi anupongphichart
4655,seon-a kim
4656,jeff birk
4657,jay klaitz
4658,alice dinnean
4659,akari hayami
4660,ming-shuai shih
4661,mariam al-ghadban
4662,deborah twiss
4663,kevin orton
4664,shiori izawa
4665,raphaëlle bacqué
4666,fernando sanjiao
4667,sarah mahoney
4668,benyu zhang
4669,vikram
4670,phantira pipityakorn
4671,hitomi miwa
4672,tina mba
4673,yuan du
4674,shalini vatsa
4675,snoop dogg
4676,anna tsuchiya
4677,adrian pang
4678,maria menezes
4679,krister henriksson
4680,stanley sui-fan fung
4681,nico archambault
4682,antoine bertrand
4683,jake canuso
4684,armand leroi
4685,razor rizotti
4686,mohit gokhale
4687,aaron benjamin
4688,jung-woo ha
4689,shawn hatosy
4690,zach aguilar
4691,michael mcintyre
4692,stephanie mcvay
4693,hisako ôkata
4694,gabriele streichahn
4695,david hellenius
4696,mohamed abdelmoaty
4697,gabriel chavarria
4698,jordan carlos
4699,amira casar
4700,bella ramsey
4701,lima duarte
4702,haruka ohshima
4703,alexandru baraboi
4704,pamela adlon
4705,karim abul-futooh
4706,rotem keinan
4707,jacopo cecconi
4708,ai-ning yao
4709,catherine shugrue dos santos
4710,rajiv thakur
4711,ondrej sokol
4712,emma wiklund
4713,enzo barone
4714,mago radagast
4715,andrás mózes
4716,patrick stewart
4717,rodica lazar
4718,ayana taketatsu
4719,nika mcguigan
4720,sonia sebide
4721,masaki nakao
4722,issei ogata
4723,tutie kirana
4724,hoi-pang lo
4725,etsuko kozakura
4726,benjamin wolaver
4727,zifeng zhang
4728,tony jayawardena
4729,chung jade koh
4730,lini evans
4731,alain cuny
4732,kunatip pinpradub
4733,nima nabipour
4734,bibi
4735,ari ozawa
4736,rod steiger
4737,khushi hajare
4738,mark cheng
4739,prithviraj sukumaran
4740,darby camp
4741,jane pfitsch
4742,armand verdure
4743,tony sirico
4744,odin waage
4745,manu bennett
4746,craig van hook
4747,s.v. krishna shankar
4748,tamera mowry-housley
4749,haruna yoshizumi
4750,jose caro
4751,sonthaya chitmanee
4752,sang-mi nam
4753,ana lúcia torre
4754,usha jadhav
4755,omkar kapoor
4756,hyun-woo lee
4757,björn borg
4758,yumiko shaku
4759,remy blumenfeld
4760,holly goracke
4761,suphakorn sriphothong
4762,terry scott
4763,mary elizabeth mastrantonio
4764,j. shanon weaver
4765,burgess abernethy
4766,samuel tastet
4767,mali harries
4768,julie durand
4769,sly johnson
4770,emilia fox
4771,francisca imboden
4772,haru aoyama
4773,kim van kooten
4774,sultan alkhail
4775,kathleen herles
4776,bryan barter
4777,isao hashizume
4778,neelam muneer
4779,adrian julius tillmann
4780,amyra dastur
4781,nickole atkinson
4782,jamie morton
4783,maine mendoza
4784,jamie laird
4785,patrick ridremont
4786,naomi campbell
4787,richard dormer
4788,jasper levine
4789,ruby akubueze
4790,michael rosenbaum
4791,germán palacios
4792,helana sawires
4793,abigail oliver
4794,de'aundre bonds
4795,eric bloom
4796,takeshi masu
4797,adam vernier
4798,alex lifeson
4799,chris haywood
4800,rikard wolff
4801,linda molin
4802,melih ekener
4803,david bueno
4804,lize feryn
4805,karoline schuch
4806,carice van houten
4807,linus nord
4808,jim broadbent
4809,jerome flynn
4810,mo mcrae
4811,gábor máté
4812,henrik hanstein
4813,linda cropper
4814,lynn lowry
4815,go gyu-pil
4816,anurag arora
4817,fakkah fuzz
4818,j.b. smoove
4819,annie balestra
4820,seung-bum ryoo
4821,dan garza
4822,morgan gayle
4823,priscilla presley
4824,deepti bhatnagar
4825,vasin asvanarunat
4826,sonu sood
4827,hali beth muller
4828,jakub gierszal
4829,jessica tandy
4830,chazz palminteri
4831,hilary swank
4832,rodrigo guardiola
4833,samantha millar
4834,hugh dancy
4835,jeanne balibar
4836,michal zurawski
4837,meryl streep
4838,brodie smith
4839,thales cavalcanti
4840,ryan corr
4841,candy clark
4842,jonathan alter
4843,vaneza oliveira
4844,raúl prieto
4845,robin zasio
4846,dieter truppel
4847,sol estevanez
4848,caroline abras
4849,luis mesa
4850,kang so-ra
4851,perizaad zorabian
4852,mick cain
4853,joseph marquez
4854,james bartholet
4855,jiao xu
4856,sallie harmsen
4857,chieko baishô
4858,selina böttcher
4859,nancy morgan
4860,lex gigeroff
4861,jennifer bliss
4862,ernst günther
4863,sofia mali
4864,milos forman
4865,xin xin xiong
4866,eliades ochoa
4867,olivia munn
4868,emma appleton
4869,merel de zwart
4870,carolyn liebling
4871,harrdy sandhu
4872,piotr andruszkiewicz
4873,carollette phillips
4874,yusuf akgün
4875,pierre-marie rochefort-schneider
4876,jung jae-ho
4877,peter helliar
4878,william forsythe
4879,león siminiani
4880,kumi mizuno
4881,evelyn hamann
4882,hector illanes
4883,valentin popescu
4884,ayano fukuda
4885,tara spencer-nairn
4886,pierfrancesco favino
4887,keiko agena
4888,abby miller
4889,josh friesen
4890,jammeh diangana
4891,jacob buster
4892,julian glover
4893,hyun-woo ji
4894,dalton trumbo
4895,marcel bozzuffi
4896,lee jong-suk
4897,griffin gluck
4898,dimples romana
4899,bryan shu-hao chang
4900,annette heick
4901,dan hedaya
4902,anil acar
4903,poonam pandey
4904,nora-jane noone
4905,kaitlyn egan
4906,sae-byeok song
4907,colin mcewan
4908,jackie chan
4909,bob messini
4910,na-young lee
4911,evan tramel
4912,toshiyuki toyonaga
4913,justina machado
4914,letícia colin
4915,manish bhavan
4916,hiromi igarashi
4917,andrzej chyra
4918,jung woo-sung
4919,nayika srinian
4920,elisabeth gray
4921,robert palfrader
4922,masaru hamaguchi
4923,jas arora
4924,noah britton
4925,asger reher
4926,ian hanlin
4927,clemens van dungern
4928,jayq
4929,beau garrett
4930,amy poehler
4931,tony moras
4932,aldo giuffrè
4933,jack whitehall
4934,nahuel pérez biscayart
4935,briana andrade-gomes
4936,ziggy marley
4937,sakino oikawa
4938,kara schaaf
4939,indigo girls
4940,sergio ruggeri
4941,serena fang
4942,francesca eastwood
4943,aunjanue ellis
4944,debra winger
4945,raymond anthony thomas
4946,jenna thiam
4947,claude vincent
4948,anna galvin
4949,tia yu-fen lee
4950,andrew steel
4951,brittany ashworth
4952,jan kacer
4953,harriet dyer
4954,kuo-chu chang
4955,yogi babu
4956,madeleine stowe
4957,sondra locke
4958,pia halvorsen
4959,miyu hayashida
4960,drazen cucek
4961,motoki ochiai
4962,linda fiorentino
4963,matous ruml
4964,tokiko katô
4965,david coburn
4966,ahmad abdulhalim
4967,edin hasanovic
4968,kátya tompos
4969,august falck
4970,yeo-jeong cho
4971,suranne jones
4972,jalaluddin hassan
4973,sydney vollmer
4974,yanjaa wintersoul
4975,sam kinison
4976,jesse jacobs
4977,taka guadalcanal
4978,leon rippy
4979,bhaskar banerjee
4980,nicholas pinnock
4981,soko
4982,patrick préjean
4983,surabhi lakshmi
4984,monica siu-kei mok
4985,rhea perlman
4986,sammo kam-bo hung
4987,tony jay
4988,susan radder
4989,martavious gayles
4990,tom lister jr.
4991,alkoya brunson
4992,matvey novikov
4993,ludwig hollburg
4994,jack campbell
4995,demi goodman
4996,barry atsma
4997,emma vilarasau
4998,ryan nicodemus
4999,soo-jung ye
5000,marc thompson
5001,seo-jin lee
5002,john meillon
5003,andré bauma
5004,grant cramer
5005,paula brancati
5006,mastura ahmad
5007,esha gupta
5008,drew massey
5009,abraham attah
5010,irène tunc
5011,tristan seith
5012,xiao wang
5013,ricky adelayitor
5014,preeti gupta
5015,lucia chen
5016,mauricio arvizu
5017,maneerat kham-uan
5018,shane west
5019,siti saleha
5020,feng ku
5021,gabriel afolayan
5022,sunaina
5023,travis w bruyer
5024,taissa farmiga
5025,yang se-jong
5026,abra
5027,crowd lu
5028,nikolaus paryla
5029,yasuko matsui
5030,rene rivera
5031,ramell ross
5032,maja salvador
5033,david bonté atterberg
5034,patricia volny
5035,bill clinton
5036,mariana loyola
5037,alima ashton-sheibu
5038,jarunun phantachat
5039,alejandro goic
5040,naoki bando
5041,christian distefano
5042,michael whitehall
5043,essence atkins
5044,emery kelly
5045,robert wahlberg
5046,haley bennett
5047,tennille read
5048,chris tucker
5049,katharine mcphee
5050,kôhei amasaki
5051,béla mészáros
5052,eri fukatsu
5053,gemma forsyth
5054,barun sobti
5055,mahmoud azim
5056,olivio ordonez
5057,tommy caldwell
5058,vincent gardenia
5059,christopher bomford
5060,elias ferkin
5061,caden dragomer
5062,bruna mascarenhas
5063,josh holloway
5064,billy bletcher
5065,madisyn shipman
5066,federica fabiani
5067,mitchell edwards
5068,darren pleavin
5069,tessa allen
5070,mahendra rabha
5071,pamela macdonald
5072,tim curry
5073,claudia celedón
5074,kien shih
5075,john hume
5076,rosalinde mynster
5077,joachim caspers
5078,charles dance
5079,aldona jankowska
5080,pooja punjabi
5081,nathan lane
5082,sarah isaacs
5083,cyril lecomte
5084,milan steindler
5085,zdenek julina
5086,ajinkya bhosale
5087,marie gillain
5088,elisabetta cavallotti
5089,sung-jae lee
5090,misty lee
5091,julián arango
5092,felipe castilla
5093,eva röse
5094,adrian holmes
5095,david brown
5096,lola créton
5097,antoni porowski
5098,ashley greene
5099,robert loggia
5100,regina king
5101,mahtab keramati
5102,adam henderson
5103,magnus härenstam
5104,lena dunham
5105,solomon linda
5106,boris isakovic
5107,merlee shapiro
5108,jimmy iovine
5109,marty lagina
5110,alexander nevsky
5111,hubertus bengsch
5112,subaru kimura
5113,nadine lustre
5114,julia pauline boracco braathen
5115,fûka koshiba
5116,marla mindelle
5117,angel locsin
5118,juan almeida
5119,maeve higgins
5120,kyu sun park
5121,dean tang
5122,hakan atalay
5123,bo-ah jo
5124,pascale montpetit
5125,cherami leigh
5126,renee lim
5127,kevin sorbo
5128,manuel möglich
5129,joy robson
5130,se-ha ahn
5131,sean 'diddy' combs
5132,khalid benchagra
5133,kenji akabane
5134,tristan harris
5135,anna bezousková
5136,henning jensen
5137,william dick
5138,aarif rahman
5139,balint geo
5140,donald rubell
5141,tauquir ahmed
5142,lei huang
5143,roy dotrice
5144,constance gay
5145,natasha calis
5146,marie-pierre nouveau
5147,boris abramov
5148,ali afshar
5149,ji-won ye
5150,tom glynn-carney
5151,melchior derouet
5152,tomasz zietek
5153,shô kiyohara
5154,pierre lindstedt
5155,philip chan
5156,élodie bouchez
5157,salem kali
5158,walter brennan
5159,john bishop
5160,ana de armas
5161,rico verhoeven
5162,blanka mészáros
5163,penn jillette
5164,robert pattinson
5165,james earl jones
5166,sarah brooks
5167,kunda hsieh
5168,corinna harfouch
5169,shu-yao kuo
5170,mel blanc
5171,stefan de vries
5172,özge özberk
5173,stephany jacobsen
5174,bilel chegrani
5175,janine chun-ning chang
5176,björn granath
5177,carlos antunes
5178,nikita volkov
5179,willem dafoe
5180,eddie marsan
5181,adriano giannini
5182,soley akça
5183,dino abbrescia
5184,dady brieva
5185,masataka kubota
5186,liam neeson
5187,ana hoffman
5188,ken'ichi ogata
5189,gina briganti
5190,method man
5191,jeanine ching yang
5192,ray panthaki
5193,noah schnacky
5194,andrew cherry
5195,naomi sequeira
5196,angeline yap
5197,birte glang
5198,bruce lee
5199,millie bobby brown
5200,bryce dallas howard
5201,tina ruland
5202,amadou mbow
5203,marc beaupré
5204,barry watson
5205,punam patel
5206,john amos
5207,shawn c. phillips
5208,harry guardino
5209,hiromi sakimoto
5210,danny john-jules
5211,jason lewis
5212,rich gaspari
5213,hyun-ho lee
5214,ralf schmitz
5215,tom vermeir
5216,svea bein
5217,mohib mirza
5218,arly jover
5219,phoebe villamor
5220,jackson white
5221,maddison smith-catlin
5222,coleen rooney
5223,gérard depardieu
5224,lorraine stanley
5225,anthony johnson
5226,ai kayano
5227,o.j. simpson
5228,manolo cortés
5229,jeremy gardner
5230,andrea riseborough
5231,gwi-hwa choi
5232,richard c. jones
5233,todd burrows
5234,fisher stevens
5235,don cheadle
5236,mallika dua
5237,marcin kowalczyk
5238,malhar thakar
5239,robert cox
5240,anders lunden kjeldsen
5241,aybüke pusat
5242,teala dunn
5243,césar marchetti
5244,anna celestino mota
5245,ying liang
5246,anthony perkins
5247,claudia de breij
5248,larry coulter
5249,masaaki daimon
5250,aidan turner
5251,maggie gyllenhaal
5252,gary hershberger
5253,malgorzata buczkowska
5254,bijesh jayarajan
5255,camila morrone
5256,monique hore
5257,robert gustafsson
5258,atiqa odho
5259,wang yuwei
5260,tünde szalontay
5261,eneko sagardoy
5262,nayyar ejaz
5263,gustavo egelhaaf
5264,andy samberg
5265,shea mcgee
5266,taim hasan
5267,vik sahay
5268,anthony phelan
5269,5gang
5270,sha ine febriyanti
5271,catherine tate
5272,sadao abe
5273,vincent ropion
5274,chad connell
5275,ek harris
5276,vivianne pasmanter
5277,tariq almuhairi
5278,casper van dien
5279,will 'spank' horton
5280,álvaro rudolphy
5281,gian carlo durland
5282,fionn o'shea
5283,saiful apek
5284,jack palance
5285,yukiji asaoka
5286,lisa simone kelly
5287,karnan g. crack
5288,penny balfour
5289,dan milano
5290,kanta satô
5291,constance wu
5292,kate bracken
5293,robert agengo
5294,charlotte fich
5295,heather cooley
5296,sam mccarthy
5297,aya uchida
5298,tracy mcgrady
5299,graham mctavish
5300,herman tømmeraas
5301,jason sudeikis
5302,hanna ardéhn
5303,dave bibby
5304,jason marsden
5305,poonam sinha
5306,abu valayamkulam
5307,carlos belloso
5308,alison o'donnell
5309,chen yao
5310,lamis ammar
5311,bud spencer
5312,mark grossman
5313,cécile bois
5314,ren kiriyama
5315,oriah acima andrews
5316,simon pryce
5317,yiu-sing lam
5318,rory kinnear
5319,corey mccormick
5320,aaron hill
5321,ariana berlin
5322,rachel wilson
5323,robert lonsdale
5324,autumn federici
5325,dong-yoon jang
5326,sabrina ali
5327,max huang
5328,julie sype
5329,jameson parker
5330,bjarne henriksen
5331,seol-hyun kim
5332,annalise basso
5333,jeff conaway
5334,robert giardina
5335,géza morcsányi
5336,donia samir ghanem
5337,michiko kichise
5338,zeenat aman
5339,ashley mcguire
5340,gabriele amorth
5341,yomi alvin
5342,chia-liang liu
5343,silje storstein
5344,corey harrison
5345,anne yatco
5346,miguel gobbo diaz
5347,hala finley
5348,annaleigh ashford
5349,sofia wylie
5350,rhiannon fish
5351,kunal kapoor
5352,ernõ fekete
5353,donzaleigh abernathy
5354,jason james richter
5355,seth rogen
5356,ittoku kishibe
5357,trisha echeverria
5358,shreya reddy
5359,yunjin kim
5360,dicky eklund jr.
5361,carel struycken
5362,edgar bessen
5363,anthony tedesco
5364,true goodwin
5365,owen miller
5366,frankie faison
5367,vijay deverakonda
5368,steve burton
5369,tarun khanna
5370,laine megaw
5371,manos krystalis
5372,isabella de ligne-la trémoïlle
5373,mei nagano
5374,peter kremer
5375,gabriel raab
5376,susan blu
5377,megumi toda
5378,marilyn hull
5379,glen keane
5380,aleksandar seksan
5381,ali nuhu
5382,mario batali
5383,louis theroux
5384,shôtarô morikubo
5385,alfonso arfi
5386,andrea bowen
5387,kanji furutachi
5388,lara flynn boyle
5389,raquel castro
5390,abbi jacobson
5391,david banner
5392,newell alexander
5393,felicity jones
5394,jessica gast
5395,songül öden
5396,malcolm x
5397,per scheel krüger
5398,divyendu sharma
5399,claudette maillé
5400,tevfik kartal
5401,andrej brandt
5402,louise lombard
5403,larry canady
5404,julie lemieux
5405,jake lloyd
5406,karen mclymont
5407,yellow magic orchestra
5408,lei zhang
5409,caroline traywick
5410,yuta chatani
5411,liz may brice
5412,jennifer hale
5413,salvatore costa
5414,vivian hsu
5415,júlia rabello
5416,taran killam
5417,dougie baldwin
5418,billy jayne
5419,roddy mcdowall
5420,simon lipkin
5421,brendan fraser
5422,kent cheng
5423,abigail blackmore
5424,yoshi sudarso
5425,yog japee
5426,zack gottsagen
5427,jeffrey donovan
5428,marcella raneri
5429,kôichi iwaki
5430,patricia clarkson
5431,olgierd lukaszewicz
5432,fadi rifaai
5433,kôzô morishita
5434,kirti kulhari
5435,orhan gencer
5436,sarah roach
5437,mehcad brooks
5438,keiko yokozawa
5439,majida issa
5440,masao imanishi
5441,wenlun wu
5442,ge hu
5443,soo-bin bae
5444,maria kania
5445,shahzad ahmed
5446,ramadan khater
5447,chris amon
5448,stevin john
5449,unpei hayashiya
5450,corey johnson
5451,péter kálloy molnár
5452,rie takahashi
5453,hyeon-jin seo
5454,alanna ubach
5455,jane carr
5456,milvia marigliano
5457,devyani shorey
5458,katy jurado
5459,kelly overton
5460,katia moraes
5461,joe dempsie
5462,ruth sheen
5463,ulrich tukur
5464,tomoki uekusa
5465,kylie jefferson
5466,olga lomonosova
5467,yôko honma
5468,sarah murphree
5469,mariana nunes
5470,jirayu la-ongmanee
5471,logan marshall-green
5472,apoorva soma
5473,ayu matsuura
5474,herbert grönemeyer
5475,desmond tan
5476,jacob warner
5477,manou kersting
5478,david koechner
5479,bárbara goenaga
5480,sammi haney
5481,hilary haag
5482,joan fontaine
5483,hairul azreen
5484,melanie lynskey
5485,jorge luis moreno
5486,abdullah al-busairi
5487,crystal reed
5488,ilias addab
5489,linda taylor
5490,marc jarousseau
5491,ha-neul kim
5492,rostislav novák jr.
5493,sonoya mizuno
5494,sema kahriman
5495,shaoguang xie
5496,oliver burns
5497,phil gallagher
5498,jimmy navarro
5499,steve moore
5500,kei gambit
5501,shih-lun chiu
5502,ou wang
5503,jean poiret
5504,hind sabri
5505,brigitte roüan
5506,jacob a. miller
5507,xzavier davis-bilbo
5508,jake clemons
5509,cherprang areekul
5510,chris bell
5511,ben winchell
5512,katherine heigl
5513,austin butler
5514,doo-joon yoon
5515,héctor alterio
5516,kim delgado
5517,riele downs
5518,james le gros
5519,kotono mitsuishi
5520,mert firat
5521,silke fischer
5522,lotto king karl
5523,surachai sombutchareon
5524,jessica kirschner
5525,marvin heemeyer
5526,vinu mohan
5527,kim ok-bin
5528,mats rudal
5529,irina antonenko
5530,ali zafar
5531,noppadol duangporn
5532,giampaolo fabrizio
5533,sage correa
5534,najaa bensaid
5535,jon brion
5536,daniël boissevain
5537,motoo fujiwara
5538,leann dehart
5539,quim gutiérrez
5540,leidi gutiérrez
5541,rae-hyung cha
5542,skyler shaye
5543,malina weissman
5544,miwako ichikawa
5545,rodney carrington
5546,kar lok chin
5547,paul henreid
5548,yildiz kültür
5549,lisa hannigan
5550,johanna san miguel
5551,gippy grewal
5552,rajeev gaursingh
5553,jan marczewski
5554,simon merrells
5555,jan marsál
5556,rick warden
5557,keiko takeshita
5558,lynne gorman
5559,takahiro mizushima
5560,sarah polley
5561,claudia cardinale
5562,kang ha-neul
5563,hyo-jin kim
5564,sang-yoon lee
5565,noah fleiss
5566,brely evans
5567,josh tapper
5568,alicia keys
5569,cassin abbas
5570,patricia kazadi
5571,justine bateman
5572,lauren o'rourke
5573,sara foster
5574,katarzyna maciag
5575,william matthews
5576,danny woodburn
5577,mao inoue
5578,virgil iantu
5579,graham mitchell
5580,paul iacono
5581,dorien wilson
5582,masako araki
5583,juliette danielle
5584,jirí korn
5585,laila odom
5586,stephen lord
5587,danny bent
5588,juan diego
5589,fun-kei chan
5590,joseph zeng
5591,johnny huang
5592,sanne langelaar
5593,anisha vora
5594,lawrence yong
5595,sergio hernández
5596,stephanie che
5597,moshe kasher
5598,sneha kapoor
5599,michelle barthel
5600,yiu-sing cheung
5601,henry goodman
5602,adrian schiller
5603,andra guti
5604,hidekazu mashima
5605,forrest j. ackerman
5606,pierre hermé
5607,idris mat diah
5608,eriko hatsune
5609,nazuki amano
5610,yu-mi jeong
5611,gethin anthony
5612,michael reiter
5613,lloyd owen
5614,r. bruce elliott
5615,pulkit samrat
5616,jeannie tirado
5617,wade everett
5618,mitt romney
5619,ewen leslie
5620,erin matthews
5621,arisa date
5622,jimena bilsup
5623,oisín o'leary
5624,peggy tseng
5625,robert mapplethorpe
5626,james woods
5627,ben fogle
5628,hyun-woo joo
5629,christopher eccleston
5630,kevin hart
5631,apollo costa
5632,stefano ambrogi
5633,paul moore
5634,bailey chase
5635,kamali minter
5636,eiji wentz
5637,byung-ho son
5638,dean wein
5639,sophie nélisse
5640,marissa buccianti
5641,doo-sik park
5642,jack goldenberg
5643,berkay akin
5644,greta lee
5645,melinda elvenes
5646,donna lynne champlin
5647,tom fujita
5648,joo-hyung park
5649,maría esnoz
5650,tim barlow
5651,ewelina kordy
5652,jo crandall
5653,jin-wook lee
5654,dede lovelace
5655,mariana gómez
5656,ismael fritschi
5657,mohamad chamas
5658,nadeshda brennicke
5659,lara rossi
5660,igor lizengevich
5661,cheryl lawson
5662,michael ontkean
5663,thanwa heffels
5664,martin kurz
5665,mohammed ali mir
5666,heather peace
5667,royce pierreson
5668,john dye
5669,sienna guillory
5670,herbert w. ankrom
5671,lieh lo
5672,goki
5673,yasuhisa furuhara
5674,cranston johnson
5675,luke jurevicius
5676,charlotte vega
5677,jean-francois lachapelle
5678,marno van der merwe
5679,stacey-lee may
5680,scott freeman
5681,allison tolman
5682,belinda busch
5683,alban ivanov
5684,thor braun
5685,paola cortellesi
5686,julien bodet
5687,roos van vlaenderen
5688,susan richards
5689,jay walker
5690,joaquin phoenix
5691,ruru madrid
5692,komgrich yuttiyong
5693,tamotsu ishibashi
5694,william ellis
5695,narain
5696,derya karadas
5697,joey wang
5698,lindsay duncan
5699,neeraj kabi
5700,adela marghidan
5701,mark ford
5702,denden
5703,jeffrey burton russell
5704,hwan-hee kim
5705,clara segura
5706,adelayo adedayo
5707,serban pavlu
5708,jennifer banko
5709,jong-su lee
5710,jaloo
5711,matti stooker
5712,alzbeta bartosová
5713,chia-yung liu
5714,george chakiris
5715,michela quattrociocche
5716,aaran thomas
5717,naveen polishetty
5718,hakim faris
5719,nedumudi venu
5720,awie
5721,sola sobowale
5722,grant crapp
5723,ted cole
5724,aidan gallagher
5725,ziah colon
5726,hovik keuchkerian
5727,leo gullotta
5728,faizan khawaja
5729,christopher sieber
5730,camryn manheim
5731,mary berry
5732,paloma aguilera valdebenito
5733,tuti furlan
5734,kolton stewart
5735,jay brazeau
5736,mark miodownik
5737,elizabeth peña
5738,dean martin
5739,côme levin
5740,anna bolt
5741,tobi bakare
5742,nana
5743,essi murray-johnston
5744,mercedes cabral
5745,francesco pannofino
5746,maurice barrier
5747,shinji aramaki
5748,lizzie waterworth
5749,wenli jiang
5750,nao tôyama
5751,adrian webster
5752,flip van der kuil
5753,jens albinus
5754,sushant singh
5755,pere ponce
5756,eric cepeda
5757,hardee kirkland
5758,yurina hirate
5759,alice wegmann
5760,pat morita
5761,april rose
5762,andrzej beja-zaborski
5763,tripti dimri
5764,stephen galloway
5765,park jin-joo
5766,rafael pimenta
5767,andy turvey
5768,pete clements
5769,kamlakar satputhe
5770,soon-jae lee
5771,fumi dan
5772,konomi fujimura
5773,gary lineker
5774,italo castillo
5775,brendon daniels
5776,mark donovan
5777,adéla gondíková
5778,scarlett johansson
5779,harumi shuhama
5780,jas leverette
5781,lot lohr
5782,aaron phillips
5783,joséphine japy
5784,aki hoshino
5785,ghita nørby
5786,nina hasegawa
5787,jamahl garrison-lowe
5788,jacopo olmo antinori
5789,mathias wieman
5790,tárik de souza
5791,jirí suchý
5792,sam elliott
5793,carrie savage
5794,claudia lee
5795,thomas mitchell
5796,ümmü putgül
5797,leonard scheicher
5798,chonnikan netjui
5799,edward kaihatsu
5800,claudia black
5801,miroslav holub
5802,shihoko hagino
5803,krutika deo
5804,margaretha krook
5805,kathryn kirkpatrick
5806,ji-eun lim
5807,andy michael
5808,joan palisoc
5809,carol anderson
5810,devinron ready
5811,lily tirinnanzi
5812,olaf lubaszenko
5813,jerry stiller
5814,wyatt russell
5815,kirsten baker
5816,robert llewellyn
5817,jackie appiah
5818,matt shively
5819,suk-kyu han
5820,sarah smart
5821,thomas binder
5822,sami frey
5823,kyle catlett
5824,nicole byer
5825,crafty st. james
5826,noel appleby
5827,isaiah michalski
5828,ava connolly
5829,ygor manoel
5830,udhayanidhi stalin
5831,malin ek
5832,joseph pedley
5833,jeremy scott
5834,bjørn floberg
5835,kevin charchenko
5836,melissa hutchison
5837,jena sims
5838,catherine spaak
5839,dylan schmid
5840,julie walters
5841,beth chalmers
5842,melanie vallejo
5843,maribel verdú
5844,mahmoud yassine
5845,djimon hounsou
5846,cihan simsek
5847,dennis franz
5848,patrick gerber
5849,adam campbell
5850,alice braga
5851,kath gordon
5852,new michael ingemi
5853,mahmoud al meleji
5854,shylee sagle
5855,john pyper-ferguson
5856,tomasz oswiecinski
5857,karen disher
5858,marta etura
5859,ji-hyun park
5860,mackenzie porter
5861,ülkü duru
5862,malky goldman
5863,faisal al-ameeri
5864,riho iida
5865,jonathan a. hanna
5866,alessandro preziosi
5867,ole eliassen
5868,john gilbert
5869,yvonne chireau
5870,david b. meadows
5871,jason flemyng
5872,megumi ohara
5873,daryl hannah
5874,mary jackie ellis
5875,antonio tipiloura
5876,jesusa rodríguez
5877,laura cardoso
5878,toru baba
5879,lisa bloom
5880,demet evgar
5881,sabry abdelaziz
5882,félix bossuet
5883,cezary kwiecinski
5884,patch darragh
5885,ranya lee
5886,raphael dumaresq
5887,justin hartley
5888,libero de rienzo
5889,lottie steer
5890,victoria cruz
5891,sebastián silva
5892,dan chisu
5893,kazue fukiishi
5894,tom cullen
5895,nick jonas
5896,avtar gill
5897,nobuo kyô
5898,zoya hussain
5899,anders holm
5900,jeanne moreau
5901,lu alone
5902,suzanne clément
5903,rowan hills
5904,julian london
5905,adarsh bharti
5906,ingrid bolsø berdal
5907,daniel sträßer
5908,serra hirsch
5909,alessandra shelby farmer
5910,rodolfo valente
5911,louise nyvall
5912,tameka empson
5913,zoe tay
5914,eva lebuef
5915,roan curtis
5916,rajbir kaur
5917,lyubov aksyonova
5918,arun kumar
5919,aiden malik
5920,jack quaid
5921,irfan khan
5922,craig slocum
5923,jason marnocha
5924,diego sieres
5925,mauricio barrientos
5926,christopher meloni
5927,michael brandner
5928,marie-ange casta
5929,kidakarn chatkaewmanee
5930,laila ezz el arab
5931,jeremy strong
5932,renato quattordio
5933,jun-hee ko
5934,alex arco
5935,lin shaye
5936,valery sais
5937,toyin aimakhu-johnson
5938,wendell corey
5939,nils d'aulaire
5940,rui seabra ferreira jr.
5941,sam jaeger
5942,todor azgorov
5943,soo ae
5944,blanchard ryan
5945,mika hijii
5946,mircea andreescu
5947,michael benyaer
5948,emory cohen
5949,margaret mcdonald
5950,nikolay olyalin
5951,paul mccartney
5952,lance legault
5953,billy eichner
5954,william friedkin
5955,nara
5956,kyra nichols
5957,luke arnold
5958,rina kawaei
5959,bibeth orteza
5960,greg hemphill
5961,amanda little-richardson
5962,maryke hendrikse
5963,barry w. blaustein
5964,wendy paulson
5965,ariel levy
5966,boris zakhava
5967,jacques dutronc
5968,katarzyna laniewska
5969,giles panton
5970,nathalia ramos
5971,brad venable
5972,sadettin kanpalta
5973,richard dean anderson
5974,charo santos-concio
5975,angela finocchiaro
5976,naufan raid azka
5977,réal bossé
5978,brandon t. jackson
5979,anangsha biswas
5980,katherine kelly
5981,victoria wood
5982,chizuko nogami
5983,rachel true
5984,wan-ru zhan
5985,nathan fillion
5986,seong ji
5987,cameron bright
5988,oulaya amamra
5989,sam adegoke
5990,asuka hanamura
5991,handan adali
5992,kherington payne
5993,taylor lautner
5994,nicole de boer
5995,iliana zabeth
5996,isaiah russell-bailey
5997,pierre benezit
5998,zachary bailess
5999,satomi akesaka
6000,roschdy zem
6001,aya endô
6002,alana de la garza
6003,alex chu
6004,césar bordón
6005,bernard curry
6006,takeshi tsuruno
6007,esmeralda pimentel
6008,david margulies
6009,kiki van deursen
6010,nick clegg
6011,laura aswad
6012,chris cannon
6013,jacob zachar
6014,tony danza
6015,kristen schaal
6016,blu yoshimi
6017,merve çagiran
6018,shô aoyagi
6019,lionel tua
6020,filipe bragança
6021,mckaley miller
6022,jamie foxx
6023,ray lui
6024,greg kriek
6025,gô katô
6026,tsunehiko kamijô
6027,gaelan connell
6028,sydney cope
6029,shioli kutsuna
6030,ryô katsuji
6031,néstor cantillana
6032,zhusheng yin
6033,aloysius pang
6034,ryô naitô
6035,soon-won jeong
6036,peter pannekoek
6037,rajat kapoor
6038,john bach
6039,shinei ueki
6040,oliver nelson
6041,teyana taylor
6042,hiroshi fujioka
6043,charlie karumi
6044,eli a. smith
6045,molly mccann
6046,laëtitia clément
6047,mathias bloech
6048,nora tschirner
6049,diane purkiss
6050,kenneth choi
6051,otto wallburg
6052,langley kirkwood
6053,emily stofle
6054,junko abe
6055,franklin cover
6056,zoë gameau
6057,rachael dickson
6058,ryôka yuzuki
6059,lysette anthony
6060,núria prims
6061,emily tennant
6062,koko anglo
6063,miguel arce
6064,chris matheny
6065,jad saxton
6066,stefania lavie owen
6067,ka tung lam
6068,andrew kevin walker
6069,josé pedro bujaruz
6070,benjamin morgaine
6071,christopher russell
6072,rachel dipillo
6073,lon chaney
6074,fu-chien chang
6075,ari shaffir
6076,hoon lee
6077,jay dee
6078,raghav raj kakker
6079,maxime savaria
6080,ksenia solo
6081,schuyler deale
6082,robert jasków
6083,xavier scott evans
6084,norma shearer
6085,anandito dwis
6086,yenthe bos
6087,se-jeong kim
6088,dave fennoy
6089,jandino asporaat
6090,khadijha red thunder
6091,juan gabriel
6092,ryoma takeuchi
6093,susy laude
6094,jana pallaske
6095,kobina amissah-sam
6096,mads mikkelsen
6097,sheru aangrish
6098,alaa arafa
6099,david aldridge
6100,david holt
6101,zooey deschanel
6102,rita wilson
6103,patrick güldenberg
6104,luís bacceli
6105,saumya daan
6106,matthew morrison
6107,lin kun wu
6108,hannah maloof
6109,colleen camp
6110,gage golightly
6111,ryan reynolds
6112,rebecca deangelis
6113,martin clunes
6114,anastasios soulis
6115,judi young
6116,jeong-hun yeon
6117,andy serkis
6118,armin mueller-stahl
6119,tami ferraiuolo
6120,david paetkau
6121,uzor arukwe
6122,nicole garcia
6123,olivia barash
6124,kei horie
6125,john paul pitoc
6126,susanne thorson
6127,darese sparkman
6128,janet montgomery
6129,chikako akimoto
6130,stanton heck
6131,valeriy grishko
6132,mahabrata basu
6133,oscar martínez
6134,james gammon
6135,angus scrimm
6136,antoine gouy
6137,jeff motley
6138,alejandra reynoso
6139,masaya kikawada
6140,prasad romijn
6141,g.w. bailey
6142,libuse safránková
6143,mira wanting
6144,kritika sachdeva
6145,pepe diaz
6146,rusty shackleford
6147,tuvana türkay
6148,mel lewis
6149,greta lind
6150,salli saffioti
6151,sjaak caderyn
6152,robert redford
6153,bea arthur
6154,mayur more
6155,sandeep bhardwaj
6156,mattias inwood
6157,chris botti
6158,samrawit desalegn
6159,stephanie sigman
6160,kat ingkarat
6161,gizem karaca
6162,masato kohno
6163,rob bowman
6164,rachel weisz
6165,ben dickey
6166,tia mowry-hardrict
6167,william geslin
6168,donald ray pollock
6169,sareum srey moch
6170,natasa dorcic
6171,livia matthes
6172,lore garcia e
6173,malin buska
6174,özkan ugur
6175,rameet kaur
6176,tequan richmond
6177,brina palencia
6178,samuel joslin
6179,chris hackney
6180,craig broady
6181,kelly hu
6182,nicki minaj
6183,damon wayans jr.
6184,médina diarra
6185,so ji-seob
6186,brian eisch
6187,caroline langrishe
6188,ali
6189,amir wilson
6190,hilary rose
6191,ryan sampson
6192,vincenzo crea
6193,franck dubosc
6194,håkon t. nielsen
6195,juan manuel bernal
6196,jackson batchelor
6197,julia west
6198,ngaio s. bealum
6199,ariel goldenberg
6200,aleks mikic
6201,tanya winsor
6202,desmond dube
6203,corey stoll
6204,jim sweeney
6205,go kyung-pyo
6206,cynthia rhodes
6207,mirayda levy
6208,sae miyazawa
6209,emanuela rei
6210,carlos joe costa
6211,supakson chaimongkol
6212,kiran bedi
6213,anthony de longis
6214,jessica diaz
6215,josé mota
6216,hrithik roshan
6217,beren saat
6218,nádia carvalho
6219,annie murphy
6220,albert dupontel
6221,charlotte atkinson
6222,rie miyazawa
6223,jacob lofland
6224,jean-françois blanchard
6225,reiya masaki
6226,bahle mashinini
6227,nick arapoglou
6228,tamim abduh
6229,holland roden
6230,irineo alvarez
6231,lola forner
6232,biel montoro
6233,brian richard garton
6234,patrick mofokeng
6235,rayhan febrian
6236,khalid al-saqer
6237,ruby barnhill
6238,ranvir shorey
6239,sanjeeda sheikh
6240,chelsea peretti
6241,adrian lim
6242,alan blumenfeld
6243,téa leoni
6244,hasan abdulfattah
6245,martin buch
6246,mai charoenpura
6247,brett delbuono
6248,deanna dunagan
6249,john ashker
6250,björn gustafson
6251,tom georgeson
6252,sharon stone
6253,siw malmkvist
6254,brady noon
6255,armand assante
6256,eduardo caldas
6257,thomas sharkey
6258,kit ying lam
6259,mãdãlina ghenea
6260,mone kamishiraishi
6261,chris kattan
6262,kim min-hee
6263,katie chang
6264,stanislav majer
6265,allen payne
6266,cary elwes
6267,rita bhaduri
6268,abhimanyu singh
6269,jayr tinaco
6270,bart de vries
6271,arthur navarat
6272,karoline eichhorn
6273,jc santos
6274,graham chapman
6275,jean-paul rouve
6276,zheming qu
6277,daniel kaluuya
6278,hannah marks
6279,alice greczyn
6280,soufiane guerrab
6281,shinobu terajima
6282,derek jacobi
6283,liam o'brien
6284,lilani prinsen
6285,özgür özberk
6286,mike malone
6287,chang liu
6288,gilles biesheuvel
6289,alexandra paul
6290,mame bineta sane
6291,sriharsha hoskere
6292,carlos alcantára
6293,molly gordon
6294,davika hoorne
6295,busi
6296,richard steven horvitz
6297,antonia clarke
6298,lúcio mauro filho
6299,rakesh batra
6300,csaba márton
6301,sayuri hara
6302,ruby rose
6303,philip maurice hayes
6304,clarence clemons
6305,giulio bosetti
6306,prem nath
6307,elvira mínguez
6308,engin altan düzyatan
6309,phakhin khamwilaisak
6310,sarath kumar
6311,dachi orvelashvili
6312,fionn walton
6313,shirley he
6314,onur atilla
6315,mayuko kawakita
6316,fatih al
6317,yance ford
6318,jackie tohn
6319,jill flint
6320,barry miller
6321,sang-hui baek
6322,mrunmayee deshpande
6323,grace lowry
6324,anna radetzky
6325,christopher kawas
6326,jeremy ray taylor
6327,kana tsugihara
6328,irene vetere
6329,omar gooding
6330,michael weston
6331,laura dern
6332,norma aleandro
6333,austin abrams
6334,eduardo noriega
6335,john sham
6336,anne hathaway
6337,curtis cregan
6338,cress williams
6339,bill murray
6340,william p. young
6341,sarah snook
6342,kajol
6343,dannielle hall
6344,sarah baughn
6345,crystal balint
6346,xiaochao yuan
6347,yô ôizumi
6348,matthew derek davis
6349,junko sakurada
6350,hsueh-fu kuo
6351,daniel ang
6352,tien-hsin
6353,nancy sorel
6354,c.l.
6355,leonardo manuel galarza velasquez
6356,julie chen moonves
6357,codin maticiuc
6358,shangqing su
6359,da-sol han
6360,eloy azorín
6361,tómas lemarquis
6362,efe aydin
6363,margaret qualley
6364,magda graziowska
6365,ai kakuma
6366,chloe csengery
6367,im sung eon
6368,ian puleston-davies
6369,engin çaglar
6370,nam yoon-su
6371,jason scott lee
6372,anna bache-wiig
6373,louisa harland
6374,aashritha
6375,ajani russell
6376,nagavishal
6377,ethan hawke
6378,hong yuan
6379,lisa ann beley
6380,john cena
6381,tôru masuoka
6382,helge schneider
6383,jesper dahl
6384,natalie pérez
6385,gareth hale
6386,antonio banderas
6387,jack dylan grazer
6388,raimund harmstorf
6389,hassan akkouch
6390,joe vogelbacher
6391,serap üstün
6392,jeff ansell
6393,ece baykal
6394,aaron moten
6395,eum moon suk
6396,yulin ng
6397,j.t. jackson
6398,mina tander
6399,mayy kassab
6400,guillaume gallienne
6401,cocco
6402,michal pavlícek
6403,robert rabiah
6404,ishrat ali
6405,kristina anapau
6406,alex medtlek
6407,nopachai jayanama
6408,marisa pavan
6409,shubham chintamani
6410,maas bronkhuyzen
6411,magdalena berus
6412,oona pöykkö
6413,liana liberato
6414,jose coronado
6415,shane nigam
6416,jim carter
6417,kelly preston
6418,tiger hu chen
6419,burt kwouk
6420,john cazale
6421,diane keaton
6422,elsa dorfman
6423,maki izawa
6424,jacob anderton
6425,irene montalà
6426,lee sun-kyun
6427,charles baker
6428,hafid f. benamar
6429,piotr stramowski
6430,rachel ward
6431,carlos agassi
6432,jacqueline scislowski
6433,bob franklin
6434,katy pierce
6435,tara d'souza
6436,abigail cruttenden
6437,olivia mekdara
6438,richard gutierrez
6439,eray egilmez
6440,irem sak
6441,émilie leclerc
6442,martin lord cayce
6443,tatsuya tokutake
6444,robin howard
6445,poppy montgomery
6446,jung eun-chae
6447,liliane nemri
6448,byron squally vinson
6449,aimi satsukawa
6450,efe babacan
6451,suresh gopi
6452,megan affonso
6453,lung wei wang
6454,pavel liska
6455,cat thomas
6456,fabian jansen
6457,wayne federman
6458,eddie baroo
6459,rajesh abhay
6460,jackson robert scott
6461,pearl thusi
6462,owen wilson
6463,ümit bülent dinçer
6464,mikey day
6465,brittany murphy
6466,carla quevedo
6467,sam ball
6468,yaser al-neyadi
6469,swetambari gutte
6470,mark tandy
6471,christopher morris
6472,sreenath bhasi
6473,gerry bednob
6474,freddie foreman
6475,koji ishizaka
6476,lindsay crouse
6477,nagarjuna akkineni
6478,tae-won kwon
6479,katsuhiko sasaki
6480,john aaron
6481,mason cook
6482,thogun teixeira
6483,britt robertson
6484,robbie fairchild
6485,diogo cardoso
6486,gaku matsumoto
6487,michael campion
6488,geoff capes
6489,miguel bosé
6490,mick preston
6491,neelam kothari
6492,keegan-michael key
6493,billy campbell
6494,flora martínez
6495,dane dehaan
6496,sofiane zermani
6497,alessandro aleotti
6498,eric stoltz
6499,mark rylance
6500,jane ubrien
6501,pierre vernier
6502,susan lynch
6503,richard sarvate
6504,katie jarvis
6505,brian milligan
6506,supriya joshi
6507,julian weigend
6508,linda cardellini
6509,owen richards
6510,jemaine clement
6511,julia chan
6512,shaina magdayao
6513,junko iwao
6514,tim daly
6515,kali hawk
6516,cut mini theo
6517,ellery sprayberry
6518,chris spencer
6519,kim donahue
6520,si king
6521,christoph waltz
6522,théo fernandez
6523,tomoko yamaguchi
6524,ye-won mun
6525,john quade
6526,oriol tarrida homedes
6527,jackson a. dunn
6528,ada ameh
6529,daniela kolárová
6530,yuka ozaki
6531,jaffer idukki
6532,ava kolker
6533,nikolai witschl
6534,leslie cheung
6535,nelly
6536,junming 'jimmy' wang
6537,gladys mason
6538,yuzuki akiyama
6539,nick prideaux
6540,miyuki sawashiro
6541,álex garcía
6542,suming rupi
6543,yuwu qi
6544,lorn macdonald
6545,emma watkins
6546,kevin anderson
6547,cathy tsui
6548,kristin ohlson
6549,robson nunes
6550,george stack
6551,erika sawajiri
6552,margreet broekman
6553,tanja dankner
6554,clé bennett
6555,wojciech zoladkowicz
6556,mohammed balkhi
6557,orion pitts
6558,wasabi mizuta
6559,jacqueline chan
6560,duncan
6561,rupert frazer
6562,dennis hopper
6563,bárbara de regil
6564,ryûki nishimoto
6565,anastasia munoz
6566,donald gibb
6567,jennica fulton
6568,courtney eaton
6569,kimberly hebert gregory
6570,haruka chisuga
6571,amy huberman
6572,mats långbacka
6573,deborah mailman
6574,herman lau
6575,sonam stobgais
6576,gisela ponce de león
6577,kim yoon-seok
6578,aaron glenane
6579,william hope
6580,phyllis somerville
6581,haley tju
6582,richard lexsee
6583,lia marin
6584,m.i.a.
6585,mário benvenutti
6586,d. neil mark
6587,alex essoe
6588,katie burgess
6589,milos bikovic
6590,enzo cilenti
6591,schuyler fisk
6592,george coe
6593,khairia nazmi
6594,kalu ikeagwu
6595,elizabeth tan
6596,vance larena
6597,erik stocklin
6598,kati kovács
6599,eric stuart
6600,zhang wen
6601,priscilla knetemann
6602,antoni bassas
6603,joe wagner
6604,masaya katô
6605,nicollette sheridan
6606,widuri sasono
6607,tsewang dolkar
6608,kristen ledlow
6609,john abraham
6610,shao-wei wang
6611,eugene simon
6612,miou-miou
6613,misha ghoshal
6614,so-nee jeon
6615,navid negahban
6616,joe toscano
6617,lucy hale
6618,adan canto
6619,george wendt
6620,dexter fletcher
6621,matilde gioli
6622,vincent j. newman
6623,richard mccabe
6624,albertino
6625,daisuke namikawa
6626,neha bam
6627,christopher knights
6628,alexandru giugaru
6629,saqib saleem
6630,charles kraus
6631,pei yang
6632,joseph cross
6633,onur buldu
6634,allison munn
6635,lubomír lipský
6636,azman zulkiply
6637,magdalena rózczka
6638,murray cook
6639,roger ailes
6640,kaya kiyohara
6641,a.j. cook
6642,hector babenco
6643,vijay kadam
6644,roos dickmann
6645,anna chipovskaya
6646,courtney love
6647,pascale bussières
6648,darren barnet
6649,sheylla gonçalves
6650,hitoshi matsumoto
6651,ralf wolter
6652,asami seto
6653,miroslav táborský
6654,harry belafonte
6655,maureen mueller
6656,ingvild deila
6657,jenny gebara
6658,edward g. robinson
6659,muzaffer göçmen
6660,maggie q
6661,carey mulligan
6662,maría cecilia botero
6663,maxine audley
6664,george segal
6665,mats thiersch
6666,lourdes arruti
6667,paul hollywood
6668,jin-ki jeon
6669,seo ji-hoon
6670,natsuki harada
6671,elie samouhi
6672,ian ho
6673,jasmine woods
6674,nile rodgers
6675,eri murakawa
6676,patrick maia
6677,yukana nogami
6678,joe daniels
6679,sitoresmi prabuningrat
6680,csaba ciugulitu
6681,eagle eye cherry
6682,annette bening
6683,jason biggs
6684,marek perepeczko
6685,hidehiko emi
6686,wolf roth
6687,niharika lyra dutt
6688,farrah mackenzie
6689,mike cooper
6690,muhadkly acho
6691,rino katase
6692,todd duffee
6693,rachel bay jones
6694,tiffany paulsen
6695,gigi lai
6696,raúl aranda-lee
6697,carlos barbouth
6698,ben chalatit tantiwut
6699,annandrea vitrano
6700,seán cullen
6701,michal huszcza
6702,deanna russo
6703,patrick dempsey
6704,alice eve
6705,arjun sarja
6706,zoé félix
6707,szu-chia chen
6708,sanaa lathan
6709,cláudia okuno
6710,valerie browning
6711,geraldine viswanathan
6712,vir das
6713,ryûta satô
6714,craig ferguson
6715,ziwen wang
6716,victor gojcaj
6717,claudia villafañe
6718,carla gugino
6719,cheol-woo han
6720,yolanda orizaga
6721,aurie parris
6722,bryan brown
6723,vince carter
6724,robin williams
6725,apichaya thongkham
6726,thomas scimeca
6727,david yip
6728,zoe flint
6729,samina peerzada
6730,claudio pierantoni
6731,hisham fageeh
6732,zach galifianakis
6733,nicoletta romanoff
6734,ben wilkinson
6735,louise lasser
6736,alexandria goddard
6737,ivan basso
6738,finty williams
6739,tae-young yoon
6740,elodie yung
6741,stephen merchant
6742,thomas prenn
6743,yûko nakamura
6744,cristina valenzuela
6745,jessie wessel
6746,osamu tanpopo
6747,libuse havelková
6748,gail o'grady
6749,ciccio manassero
6750,bruce khan
6751,tia lynn ballard
6752,hannah kasulka
6753,omotola jalade-ekeinde
6754,hong-pa kim
6755,vachirawit chivaaree
6756,cch pounder
6757,melinda dillon
6758,sonny landham
6759,xander berkeley
6760,allu arjun
6761,ben rhodes
6762,andrew chavez
6763,marie málková
6764,pham anh khoa
6765,noah centineo
6766,logan miller
6767,steve nash
6768,john litrenta
6769,eduardo almeida
6770,isabel arraiza
6771,edward furlong
6772,déborah françois
6773,jean-christophe folly
6774,nelson xavier
6775,johan asari
6776,jason cook
6777,nicolás quiroga pineda
6778,sean young
6779,marcus du sautoy
6780,danielle ryan
6781,an jo
6782,tim beresford
6783,käthe von nagy
6784,lynn
6785,david kohlsmith
6786,rolf sanchez
6787,rémy girard
6788,anthony monjaro
6789,saeko
6790,yoon-so choi
6791,annie liu
6792,aleksander bednarz
6793,tina tamashiro
6794,thom petty
6795,do-yeon lee
6796,matthew barnett
6797,ceren benderlioglu
6798,teeradon supapunpinyo
6799,gary busey
6800,roe-ha kim
6801,dylan walsh
6802,izzy cox
6803,bianca guaccero
6804,david winter
6805,hak-joo lee
6806,elizabeth hurley
6807,paulo andré
6808,nabil eldaleel
6809,cláudio gabriel
6810,hans rasch
6811,ruth natalie fallon
6812,arielle macedo
6813,sung yoon son
6814,cecilia boey
6815,china anne mcclain
6816,kellan lutz
6817,betsy palmer
6818,elle fanning
6819,pamela reed
6820,neil flynn
6821,alice sykes
6822,anne archer
6823,shea buckner
6824,sara yu
6825,gautham vasudev menon
6826,okey uzoeshi
6827,amali golden
6828,richard gere
6829,peter bensley
6830,mathías brivio
6831,chloe bridges
6832,lawrence bayne
6833,ultimo guerrero
6834,takuma suzuki
6835,isha talwar
6836,zoë kravitz
6837,bruce greenwood
6838,julian rebolledo
6839,carlos areces
6840,william h. macy
6841,kaori fukuhara
6842,nicole ong
6843,samuel l. jackson
6844,shimba tsuchiya
6845,kiichi nakai
6846,lee si-eon
6847,amitabh bachchan
6848,kamila bujalska
6849,haitian hong
6850,chishû ryû
6851,lula cotton-frapier
6852,thusitha jayasundera
6853,chô
6854,rebecca francis
6855,rina sakuragi
6856,akira kamiya
6857,aurore erguy
6858,cecilia suárez
6859,orkan varan
6860,osman sonant
6861,timmy wood
6862,osamah salih
6863,peker açikalin
6864,devin
6865,bridget hoffman
6866,anita elberse
6867,mathis crusson
6868,hannah simone
6869,josh segarra
6870,antonio tabet
6871,cedrick terrell
6872,muhammed akay
6873,eoin macken
6874,thabo malema
6875,nien-jen wu
6876,sam pancake
6877,marian saastad ottesen
6878,ciarán hinds
6879,arif bahalim
6880,carl cox
6881,geraldine neary
6882,garland scott
6883,stephanie vogt
6884,aisling bea
6885,müfit kayacan
6886,steven keats
6887,joel osteen
6888,hannah herzsprung
6889,theo rossi
6890,carrie-anne moss
6891,mark lewis jones
6892,kae alexander
6893,chinaza uche
6894,jonathan patrick foo
6895,hyeon-soo kim
6896,phyllis chesler
6897,pratik gandhi
6898,guy amir
6899,danny bakewell
6900,craig leeson
6901,joju george
6902,ester expósito
6903,mahmoud al massad
6904,sarah parish
6905,alexis denisof
6906,bella heathcote
6907,pablo derqui
6908,thomas velderman
6909,rina uchiyama
6910,kevin de paula
6911,owen joyner
6912,mahira kakkar
6913,jesse borrego
6914,d'arcy carden
6915,callum blue
6916,persia white
6917,bridgette b.
6918,moni moshonov
6919,hanyu zhang
6920,viv babbington
6921,jovial da lopez
6922,sinbad
6923,bloodpop
6924,max deacon
6925,joely richardson
6926,kenneth lucas
6927,oliver powell
6928,sebastian jessen
6929,dharmendra
6930,miho kanno
6931,geun-hyeong park
6932,aura garrido
6933,luci christian
6934,courtney shaw
6935,will peltz
6936,michael bornhütter
6937,jennifer morrison
6938,reina ueda
6939,junichiro tsukada
6940,kaneez surka
6941,iggy pop
6942,anna linhartová
6943,connie booth
6944,jessica madsen
6945,sonja richter
6946,jérémy gillet
6947,hannah john-kamen
6948,miki narahashi
6949,jean garcia
6950,barbarella pardo
6951,sung-woo jeon
6952,stella cornelia
6953,ray bolger
6954,xuejian li
6955,pauly shore
6956,jack oakie
6957,jason r. moore
6958,marco orozco
6959,chinami hashimoto
6960,mio yûki
6961,kazuyuki sogabe
6962,aggie hsieh
6963,shakib khan
6964,dominick brascia
6965,carole bouquet
6966,vladimir gusev
6967,mahima a
6968,alex murphy
6969,kimiko glenn
6970,olivier d'agay
6971,ashleigh sumner
6972,nesreen ameen
6973,sobhita dhulipala
6974,lauren taylor
6975,felipe camargo
6976,magda szubanski
6977,alicja bachleda
6978,da'vone mcdonald
6979,chris chambers
6980,bo butterworth
6981,princess
6982,ben lugo touitou
6983,juan lópez-tagle
6984,beanie feldstein
6985,jack kesy
6986,lily kozub
6987,chitipat wattanasiripong
6988,yi ning sun
6989,vanessa bayer
6990,aaron chen
6991,alex gonzaga
6992,nala the cat
6993,keiji sada
6994,marie-laure beneston
6995,sarah zoe canner
6996,sirinut apijundet
6997,auli'i cravalho
6998,keremcan köse
6999,joséphine berry
7000,daniel zacapa
7001,kevin corrigan
7002,duan sanderson
7003,brant daugherty
7004,kim hawthorne
7005,patrick cronen
7006,ranbir kapoor
7007,paloma ker
7008,arnold stang
7009,vivien bell
7010,gerry shanahan
7011,alan c. lim
7012,ramón campos
7013,leon logothetis
7014,alex clarke
7015,rachel mcadams
7016,gail simmons
7017,damien chapelle
7018,homare mabuchi
7019,dario bandiera
7020,ahmet kural
7021,jae-yoon lee
7022,esmeralda struwe
7023,mark holton
7024,jeremy shada
7025,jong-won lee
7026,peter cushing
7027,nathan parsons
7028,ryan kiera armstrong
7029,bob barnes
7030,angelo josue lozano corzo
7031,alyssa chia
7032,emilian oprea
7033,melonie diaz
7034,trevante rhodes
7035,christina aguilera
7036,oakley bull
7037,dixit
7038,tatiana maslany
7039,derek chang
7040,priscilla faia
7041,nattapat nimjirawat
7042,madeleine worrall
7043,ji-ru sung
7044,millicent simmonds
7045,elliott gould
7046,aria shahghasemi
7047,shreya narayan
7048,john mighton
7049,jenna stern
7050,aoi tatsumi
7051,jackson bond
7052,steele stebbins
7053,hyo-jun park
7054,caren pistorius
7055,zoe renee
7056,radek balcárek
7057,larry butchins
7058,jasmine ashanti
7059,carlo liten
7060,shankar thas
7061,rob jarvis
7062,madeleine morris
7063,adriano garib
7064,fifi bell
7065,brandon auret
7066,adelaide clemens
7067,masahiro motoki
7068,martin sheen
7069,tilikum
7070,leigh
7071,seong-min kim
7072,eliane umuhire
7073,bartlomiej magdziarz
7074,richard jenkins
7075,laura marano
7076,joshua hill
7077,emily
7078,karen kirishima
7079,ghareeb ali mohammed abushousha
7080,kirk hammett
7081,tim goldman
7082,bernard alane
7083,abhishek banerjee
7084,anthony ammons
7085,mike noble
7086,lillian adams
7087,rupert friend
7088,kevin conroy
7089,tracie thoms
7090,ophélia kolb
7091,christy chung
7092,shane harte
7093,jonathan majors
7094,christopher bevins
7095,rade serbedzija
7096,buster reeves
7097,thea austin
7098,eduardo melo
7099,hitomi nakahara
7100,john goodman
7101,toshiki seto
7102,petr herrman
7103,forrest goodluck
7104,michael evans behling
7105,damian pitt
7106,nikki leigh
7107,barbie casillas
7108,asuman dabak
7109,bridget moynahan
7110,mekhi phifer
7111,yeong-seon kim
7112,alejandra lazcano
7113,haha
7114,jason s. mordeno
7115,arron shiver
7116,wojciech solarz
7117,nev schulman
7118,christian kuchenbuch
7119,derya alabora
7120,hassan el baroudi
7121,katarina ewerlöf
7122,kevin rivera
7123,ryô hirohashi
7124,mari nagy
7125,ethel yap
7126,tyler hoechlin
7127,ya-jo wu
7128,paulo pimenta
7129,jack gore
7130,joanna lumley
7131,odunlade adekola
7132,alden ehrenreich
7133,kanak khanna
7134,clemens schick
7135,isabell polak
7136,emilie blon-metzinger
7137,seong-kun mun
7138,vittorio de sica
7139,milly alcock
7140,sandra drzymalska
7141,catherine deneuve
7142,antonino bruschetta
7143,arthur harlow
7144,brittany barry
7145,denisa pfauserová
7146,pooja bhatt
7147,tongshu yang
7148,rosemary bannister
7149,gerran howell
7150,gaël kamilindi
7151,kumiko watanabe
7152,maría esteve
7153,aberaam varma
7154,james callis
7155,judith godrèche
7156,vivek rajgopal
7157,roy cheung
7158,mirco nontschew
7159,jung je-won
7160,alain prost
7161,tomasz turchan
7162,jean seberg
7163,sándor csányi
7164,shabana khan
7165,nan
7166,kai chi liu
7167,jarrod greene
7168,merab ninidze
7169,farah yusuf
7170,taeko kawata
7171,joscha kiefer
7172,patti austin
7173,cas jansen
7174,guillermo toledo
7175,rui en
7176,nick allen
7177,tom hiddleston
7178,charly hübner
7179,tudor istodor
7180,shoaib ahmed
7181,kento nagayama
7182,yatong cai
7183,aida abdel aziz
7184,alena mihulová
7185,stefania rocca
7186,don bernardo campos
7187,johnny harris
7188,constance marie
7189,moon-hee na
7190,horatio sanz
7191,darci kistler
7192,piotr pilitowski
7193,rie tanaka
7194,beby tsabina
7195,prawit boonprakong
7196,david avery
7197,amanda detmer
7198,akana ikeda
7199,miki shen
7200,yang dae-hyeok
7201,geoff kelso
7202,achita sikamana
7203,eun-ha shim
7204,johnny gilbert
7205,yuliya peresild
7206,january jones
7207,p. balachandran
7208,mahreen kaleka
7209,doris roberts
7210,angie castrence
7211,walter levine
7212,hilarie cash
7213,arap bethke
7214,jolijn henneman
7215,takuya matsumoto
7216,taiyô sugiura
7217,bhanita das
7218,yôta kawase
7219,stefan hjort
7220,mohd. zeeshan ayyub
7221,axel alonso
7222,josh whitehouse
7223,christopher mintz-plasse
7224,celine buckens
7225,vas blackwood
7226,naveen andrews
7227,sten gester
7228,gordon pinsent
7229,james tupper
7230,mike nawrocki
7231,hyo-ju park
7232,jemima west
7233,eszter csákányi
7234,magdalena bochan
7235,noah bean
7236,laura grady
7237,steve whitmire
7238,divya drishti
7239,valeria golino
7240,khadija al akel
7241,derek garrison
7242,richard epcar
7243,simon farnaby
7244,ayuri konno
7245,dorien rose duinker
7246,andy richter
7247,yûya tegoshi
7248,yihong duan
7249,han'nya
7250,rob heaps
7251,shawnee smith
7252,eldar skar
7253,scott irwin
7254,suk mun
7255,shihori kanjiya
7256,umeko obayashi
7257,shintarô akiyama
7258,goran radakovic
7259,melissa bonne
7260,wayne wilderson
7261,akshay
7262,nancy denis
7263,james coburn
7264,david corenswet
7265,jeff fatt
7266,talu wang
7267,phoebe cates
7268,jitpanu klomkaew
7269,carlos chan
7270,özay fecht
7271,petr nározný
7272,matthew macfadyen
7273,pierre batcheff
7274,blanche gardin
7275,zachary haven
7276,goran visnjic
7277,ben lepley
7278,dr. dre
7279,frank elstner
7280,diana silvers
7281,woo do-hwan
7282,cris george
7283,pascale bonnefoy
7284,arsenio castellanos
7285,jacy king
7286,mike mitchell
7287,dylan french
7288,kira buckland
7289,nandu madhav
7290,michael wincott
7291,ruggero barni
7292,du-shim ko
7293,charlie adler
7294,maria bello
7295,yumi hara
7296,boleslaw andrysiak
7297,amy ray
7298,william daniels
7299,nicola peltz
7300,chikao ohtsuka
7301,rinal mukhametov
7302,parker posey
7303,lourenço mutarelli
7304,jm de guzman
7305,tony parker
7306,caterina murino
7307,albin grenholm
7308,konomi kohara
7309,mauricio alcaino
7310,alec baldwin
7311,dylan davey
7312,masatô ibu
7313,patrick davidson
7314,florence marie marney
7315,wei-wen chiang
7316,ma anand sheela
7317,ken mizorogi
7318,mano maniam
7319,kenan thompson
7320,brandon vera
7321,yan baba
7322,christopher meyer
7323,eli james
7324,cristina umaña
7325,shivaani ghai
7326,cassidy naber
7327,dylan schombing
7328,dan condurache
7329,zoe axelrod
7330,duncan trussell
7331,joshua garcia
7332,meesuk jaengmeesuk
7333,michael shaked
7334,beth champion
7335,vivek oberoi
7336,askar ameer
7337,shake tukhmanyan
7338,loudon wainwright iii
7339,melora hardin
7340,jacob latimore
7341,sylvaine strike
7342,shannen fields
7343,jamie bartlett
7344,andréa ferréol
7345,mayumi gojô
7346,lisagay hamilton
7347,irina kireeva
7348,patrick brammall
7349,consuelo de haviland
7350,rasmus johnbeck
7351,danza family kalpulli tlaloktekuhtil
7352,peter bonerz
7353,ron glass
7354,eric savin
7355,gigi falanga
7356,tim parati
7357,jonah bobo
7358,pakorn chadborirak
7359,frances o'connor
7360,katarzyna kurylonska
7361,lannick gautry
7362,neto cajado
7363,manya gupta
7364,wongsakorn rassamitat
7365,lola cordón
7366,zayed khan
7367,john michael higgins
7368,christopher fairbank
7369,charlie shotwell
7370,rorke denver
7371,mao ichimichi
7372,justine clarke
7373,kate jackson
7374,gabriela de la garza
7375,brock powell
7376,marcel iures
7377,elle peterson
7378,cassie ventura
7379,sophie marceau
7380,felipe neto
7381,themba ndaba
7382,lilly reulein
7383,joana kannenberg
7384,jason momoa
7385,hannah murray
7386,denny huang
7387,maggie siu
7388,barbara cote
7389,mimi maihane
7390,cort lane
7391,evan agos
7392,matthew j cates
7393,vincent gale
7394,tan jin chor
7395,david chiang
7396,steven hauck
7397,mona ambegaonkar
7398,süleyman karaahmet
7399,danny bak-keung chan
7400,shandy aulia
7401,da-som kim
7402,anders de wahl
7403,luis tosar
7404,wolfgang ziffer
7405,shashi bhushan
7406,lautaro perotti
7407,mizinga mwinga
7408,jermaine fowler
7409,kong chu
7410,william russ
7411,vanilla ice
7412,mateo arias
7413,mustafa üstündag
7414,fabio de luigi
7415,jin-woong cho
7416,brent bradshaw
7417,angelina kirsch
7418,asia argento
7419,mitsuru hirata
7420,ann douglas
7421,ryuichi sakamoto
7422,pravin tarde
7423,hrishitaa bhatt
7424,chris o'donnell
7425,michal vorel
7426,david threlfall
7427,yukiyo fujii
7428,metin akdülger
7429,antoinette turk
7430,tom taylor
7431,shin'ichi tsutsumi
7432,astrid bergès-frisbey
7433,ian somerhalder
7434,song wok-suk
7435,olivia hack
7436,joon-seok heo
7437,pawan
7438,t.j. storm
7439,riccardo scamarcio
7440,chumphorn thepphithak
7441,jonathan adams
7442,rami malek
7443,hani furstenberg
7444,jeffrey decker
7445,rahul bairagi
7446,kazuko shirakawa
7447,kuan-ting liu
7448,scott porter
7449,tsubasa kobayashi
7450,weber yang
7451,jasmine
7452,filip peeters
7453,erla bolladóttir
7454,eric winter
7455,nick robinson
7456,zeynep çamci
7457,kiersey clemons
7458,chen lin
7459,nina endô
7460,barkha singh
7461,serena grandi
7462,dave kilminster
7463,hahm eun-jung
7464,mark ivanir
7465,tamara vallarta
7466,lisa vicari
7467,mike castle
7468,tetsu watanabe
7469,nils tavernier
7470,james freedson-jackson
7471,anthony o'donohue
7472,róbert bolla
7473,ashley chan
7474,andra martin
7475,firat tanis
7476,steve berta
7477,subrat dutta
7478,joshua mcguire
7479,greg chun
7480,charles melton
7481,christian cooke
7482,vibha chhibber
7483,shaun toub
7484,aleksey fateev
7485,roger craig smith
7486,alankrita sahai
7487,jamie oxenbould
7488,jackie r. jacobson
7489,summer bishil
7490,àngels aymar
7491,david dotson
7492,lee na-young
7493,craig roberts
7494,trae robin
7495,lina ivanova
7496,juan gil navarro
7497,damien bonnard
7498,jack gavin
7499,harryette helsel
7500,andy allo
7501,jóhannes haukur jóhannesson
7502,jonathan tucker
7503,therese glahn
7504,awkwafina
7505,nicolas duvauchelle
7506,luxia jiang
7507,kyle chandler
7508,johnathon schaech
7509,louis cheung
7510,hélène fillières
7511,elva maría birgisdóttir
7512,masahiro matsuoka
7513,keppy ekpenyong-bassey
7514,miguel bernardeau
7515,olan rogers
7516,michael lynch
7517,devyn nekoda
7518,douglas henshall
7519,samira wiley
7520,jérémie renier
7521,jamie tirelli
7522,maria doyle kennedy
7523,josh hutcherson
7524,ian larson
7525,layla abdullah
7526,kyôko kagawa
7527,ken spassione
7528,gina rodriguez
7529,billy mcfarland
7530,mike birbiglia
7531,lionel messi
7532,nabhaan rizwan
7533,viraaj modgill
7534,moisés acevedo
7535,yilmaz yalçin
7536,ian spalter
7537,taber maccallum
7538,sonia bergamasco
7539,pam dawber
7540,rorrie d. travis
7541,dj dallenbach
7542,marc martínez
7543,jean-hugues anglade
7544,maria johansson
7545,nika futterman
7546,ha-jun you
7547,maryam d'abo
7548,jingyi ju
7549,adrien caulier
7550,hayden szeto
7551,charlie carver
7552,brad james
7553,miyuki sugiura
7554,sohum shah
7555,nozomi sasaki
7556,javier botet
7557,daniel feuerriegel
7558,yvonne zima
7559,shahid kapoor
7560,jin mai jaho
7561,taylor dooley
7562,charlie sexton
7563,se-yeong lee
7564,hyun-sung jang
7565,alexander gould
7566,asia amodeo
7567,stephy qi
7568,michié
7569,dries vanhegen
7570,valerie richards
7571,paul blackthorne
7572,evan rachel wood
7573,alejandro de la rosa
7574,jun'ichi kanemaru
7575,vicente vergara
7576,trevor gagnon
7577,laura carmichael
7578,robbie jones
7579,alexandra breschi
7580,daisy ridley
7581,ryan shoos
7582,ena koshino
7583,jake weary
7584,ian stevenson
7585,judith anderson
7586,kris aquino
7587,marcus graham
7588,luccas neto
7589,cornelia suskind
7590,josh homme
7591,terele pávez
7592,jennifer coolidge
7593,basak köklükaya
7594,sam jay
7595,sandra amador
7596,tanya maniktala
7597,ashley johnson
7598,emmy
7599,claire delhomme
7600,christine cavanaugh
7601,grzegorz malecki
7602,nicolas przygoda
7603,van hansis
7604,olivia jewson
7605,alex zaichkowski
7606,steven yeun
7607,ryan quinn smith
7608,cascy beddow
7609,page leong
7610,mart crowley
7611,shûji sano
7612,julie dolan
7613,jang mi-kwan
7614,alice taglioni
7615,kristiine pajussaar
7616,maciej musial
7617,casey groves
7618,isabelle nélisse
7619,harish chhabra
7620,jay paulson
7621,cauã gonçalves
7622,joe cocker
7623,avin manshadi
7624,jun hu
7625,adelaide castillo
7626,alessandro juliani
7627,hitham omari
7628,joyce ilg
7629,ozan çelik
7630,lee evans
7631,kike domínguez
7632,denzel washington
7633,dennis rodman
7634,sumanto chattopadhyay
7635,madhav abhyankar
7636,zak hendrikz
7637,daveed diggs
7638,vito sanz
7639,ghada abdel razek
7640,cleo
7641,claire foy
7642,janeane garofalo
7643,jim bell
7644,badri chavan
7645,larisa golubkina
7646,gary farley
7647,elijah wood
7648,seung-eon hwang
7649,lorraine cheshire
7650,guillaume tavi
7651,ekachai buranapanit
7652,woo-jin yeon
7653,kyle
7654,bernard farcy
7655,mehmet günsür
7656,sveva alviti
7657,avery tiiu essex
7658,eden riegel
7659,seul-ong im
7660,tom bradley
7661,jeremie harris
7662,teddy lukunku
7663,emi nitta
7664,daniel coonan
7665,robb wells
7666,michaela coel
7667,károly hajduk
7668,zuzana mauréry
7669,david spade
7670,alparslan özmol
7671,heather sossaman
7672,chris mcginn
7673,nathan cooper
7674,mahender nath
7675,julian dennison
7676,vivek verma
7677,uwe kockisch
7678,jessica collins
7679,gary bennett
7680,vivien leigh
7681,jamie kennedy
7682,anaïs demoustier
7683,alessandra barzaghi
7684,marina yuzuki
7685,harry mapplethorpe
7686,rob brydon
7687,dena kaplan
7688,lawrence cheng
7689,biagio izzo
7690,ellie
7691,bruce dern
7692,prachi shah
7693,erin fitzgerald
7694,peter lowndes
7695,jakob oftebro
7696,tonhon tantivejakul
7697,zafer algöz
7698,james nesbitt
7699,sonam
7700,diana dors
7701,françois arnaud
7702,martin huba
7703,taikô katôno
7704,bruna gonzález
7705,moon so-ri
7706,samuel labarthe
7707,ian porter
7708,ryan potter
7709,mario van peebles
7710,yingsak chonglertjetsadawong
7711,siem vroom
7712,kentaro ito
7713,laurent morteau
7714,adriana cataño
7715,padmavati rao
7716,sophia ally
7717,henri-jacques huet
7718,kasino warkop
7719,young-hwa seo
7720,jamie lissow
7721,alex rocco
7722,emilio buale
7723,éric abidal
7724,park hoon
7725,cylk cozart
7726,negro casas
7727,andres joseph
7728,joan walker
7729,sofie lassen-kahlke
7730,thomas middleditch
7731,othon bastos
7732,grace coddington
7733,rob collins
7734,chance hurstfield
7735,crystal lee
7736,clément lenglet
7737,jassie gill
7738,natasha richardson
7739,ronald goedemondt
7740,james robinson
7741,fiona apple
7742,bérénice bejo
7743,himanshu thakkar
7744,sorcha groundsell
7745,karrie martin
7746,virág marjai
7747,uraz kaygilaroglu
7748,sean boyce johnson
7749,melika foroutan
7750,katie dippold
7751,jonas chernick
7752,alan shirahama
7753,nia fairweather
7754,mark bazeley
7755,greg berlanti
7756,akina minami
7757,ulrich mühe
7758,nya de la rubia
7759,patrick laureij
7760,hugues le bars
7761,simon frederick
7762,ji-yeon lim
7763,robbie kay
7764,janet wood
7765,boonchai limathibul
7766,bob tracey
7767,edgardo nieva
7768,dina meyer
7769,phillip mackenzie
7770,chip coffey
7771,fernando noriega
7772,keishiro nagase
7773,ninetto davoli
7774,barry keoghan
7775,marg helgenberger
7776,jindrich fairaizl
7777,jai brooks
7778,niels bolle
7779,barry mason
7780,anna dereszowska
7781,kylee bush
7782,eric wareheim
7783,yoon jin yi
7784,praewa suthamphong
7785,hans alfredson
7786,tae-gyu bong
7787,pablo rago
7788,aldis hodge
7789,soham majumdar
7790,nigel hawthorne
7791,fei ren
7792,jan silverio
7793,arnaud viard
7794,amr waked
7795,zofia graziewicz
7796,elena andrade
7797,giovanni toscano
7798,brandy norwood
7799,shawn wayans
7800,don w. shepherd
7801,damson idris
7802,iván chavero
7803,kazuyoshi minamimagoe
7804,wah yuen
7805,sophie skelton
7806,nergis öztürk
7807,tom fisher
7808,keshav sadhna
7809,kim rossi stuart
7810,helmfried von lüttichau
7811,milla jovovich
7812,vicco von bülow
7813,stanislawa celinska
7814,trish groves
7815,andrew garfield
7816,hugo weaving
7817,cathy meils
7818,conrad vernon
7819,joshua j. ballard
7820,peter kuan
7821,adam pålsson
7822,cameron kennedy
7823,seth carr
7824,kelly clarkson
7825,jessica dicicco
7826,jessie li
7827,macarena del corro
7828,megan park
7829,paloma garcia martens
7830,susan peters
7831,guowei ma
7832,maria isabel lopez
7833,charles glover
7834,james remar
7835,baihe bai
7836,paolo briguglia
7837,nash aguas
7838,john waters
7839,sarah clarke
7840,haley ramm
7841,dabney coleman
7842,anjorka strechel
7843,robert sheehan
7844,syra shehroz
7845,henry golding
7846,julie brister
7847,alessio scalzotto
7848,rusty joiner
7849,beppe grillo
7850,jorge andreu
7851,ricardo andrade
7852,dean mcdermott
7853,charlotte stent
7854,kim da-mi
7855,blake woodruff
7856,jirakit kuariyakul
7857,robert daniel sloan
7858,kazuki
7859,sarah drought
7860,julia greer
7861,frantisek zvarík
7862,barbie hsu
7863,kurt russell
7864,tanya moodie
7865,magnus krepper
7866,eugen bauder
7867,max pomeranc
7868,susannah york
7869,kiattikamol lata
7870,clarissa pinheiro
7871,jacob stringer
7872,yael grobglas
7873,honor kneafsey
7874,elizabeth linda
7875,mariah huq
7876,george kennedy
7877,ethan peck
7878,wu jiang
7879,antonio de la vega
7880,rosie bones
7881,sam waterston
7882,mandy clark
7883,reese mishler
7884,kehinde bankole
7885,bryan grieg fry
7886,woo-hee chun
7887,faisal kawusi
7888,visa koiso-kanttila
7889,bente fokkens
7890,mindy kaling
7891,ginette maddie
7892,ryoko sano
7893,john cygan
7894,pierre bokma
7895,toby kebbell
7896,rasika agashe
7897,milo gibson
7898,emma rigby
7899,johnny ferro
7900,gilles laurent
7901,miles anderson
7902,josé maría yazpik
7903,lipy adler
7904,vivienne tseng
7905,jake abel
7906,joyce chao
7907,hannelore elsner
7908,narelle ahrens
7909,lucky ali
7910,enrique diaz
7911,shûgo nagashima
7912,mauro caiazza
7913,steven ballantyne
7914,mason alban
7915,andrea portal
7916,bre blair
7917,ella becroft
7918,jenny baumert
7919,masumi harukawa
7920,josh wiggins
7921,colleen o'shaughnessey
7922,hikari ishida
7923,tsuyoshi koyama
7924,antonio ermírio de moraes neto
7925,kerris dorsey
7926,christine horne
7927,tesshô genda
7928,dwayne tan
7929,patti scialfa
7930,jennifer connelly
7931,dante crichlow
7932,angely gaviria
7933,shih-chieh king
7934,kiara advani
7935,tae-hoon kim
7936,claude perron
7937,jimmi simpson
7938,elias koteas
7939,petra martínez
7940,ali astin
7941,robby benson
7942,melle mel
7943,julia piaton
7944,matt price
7945,karl kenzler
7946,antony del rio
7947,loek peters
7948,siddharth
7949,john snyder
7950,keith david
7951,sarvesh sridhar
7952,marsai martin
7953,hiroyuki ikeuchi
7954,william beeman
7955,michele josue
7956,konstantin yushkevich
7957,ronnie nyakale
7958,jiangtao xue
7959,janek rieke
7960,robert downey jr.
7961,aaron altaras
7962,carly brooke
7963,revathi
7964,ann kittner
7965,manon azem
7966,thierry neuvic
7967,blu hunt
7968,glynis barber
7969,molly blixt egelind
7970,keir gilchrist
7971,bruce goodchild
7972,quinton aaron
7973,suwikrom amaranon
7974,kalidas jayaram
7975,adryenn ashley
7976,lex scott davis
7977,éléa
7978,armin rohde
7979,kym ng
7980,simon shocket
7981,kelly reilly
7982,jay bunting
7983,colin tierney
7984,yoo-mi lee
7985,charlie talbert
7986,cassie clare
7987,joseph motiki
7988,astri ivo
7989,arifin putra
7990,winslow m. iwaki
7991,kim min-kyo
7992,björn berglund
7993,sára vorísková
7994,richard herd
7995,robert frost
7996,brian unger
7997,caitlin carver
7998,dimitri romanov
7999,charlie simpson
8000,oscar steer
8001,scott adams
8002,eun-pyo jeong
8003,kemi lala akindoju
8004,pavel landovský
8005,bartosz gelner
8006,juana del rio
8007,richard romanus
8008,kôsei amano
8009,richard cant
8010,edith erastoff
8011,ananya biswas
8012,michaela dietz
8013,bryan fogel
8014,halston sage
8015,maria laura nogueira
8016,abbie cornish
8017,chia-chia peng
8018,shashank shende
8019,emmanuel affadzi
8020,philippe duclos
8021,mia quiney
8022,ayumi fujimura
8023,lorena ramirez
8024,bashar rahal
8025,gurpreet ghuggi
8026,pak-ho chau
8027,andrea beltrão
8028,han hyo-joo
8029,edu soto
8030,wladyslaw kowalski
8031,yasushi fuchikami
8032,chae-young um
8033,vinessa shaw
8034,vishnu andhakrishnan
8035,alexandra daddario
8036,ludwig fainberg
8037,hannibal buress
8038,kyôko maya
8039,chrissie chau
8040,pala karuppaiah
8041,marianna zydek
8042,stephanie lemelin
8043,ruffa gutierrez
8044,sevket çoruh
8045,asda panichkul
8046,terrence shingler
8047,richard gomez
8048,will poulter
8049,boris averin
8050,ashe rogers
8051,dafhyd flynn
8052,angad mhaskar
8053,bimbo ademoye
8054,ukweli roach
8055,troy planet
8056,clayton halsey
8057,kang shi hyun
8058,leanne lau
8059,valeria bruni tedeschi
8060,isla fisher
8061,sôsuke ikematsu
8062,jay ellis
8063,bruno campos
8064,müge boz
8065,greg davies
8066,andrea acatto
8067,zara udofia ejoh
8068,jacob craner
8069,swara bhaskar
8070,christian svensson
8071,sara rue
8072,wee brian
8073,ida elise broch
8074,nathaniel martello-white
8075,anthony hopkins
8076,tori spelling
8077,erkan can
8078,cassi davis
8079,nichkhun horvejkul
8080,vebjørn enger
8081,billie piper
8082,jordan ver hoeve
8083,milene vásquez
8084,stormi webster
8085,hudson loverro
8086,babou ceesay
8087,pádraic delaney
8088,david lovgren
8089,tim abell
8090,zach mcgowan
8091,dolores leeuwin
8092,liam aiken
8093,kendô kobayashi
8094,heather headley
8095,alfred ferraris
8096,yu asakawa
8097,craig francis
8098,amy tinkham
8099,gerry adams
8100,lauren elizabeth
8101,christopher mcdonald
8102,debbie turner
8103,shabana azmi
8104,ellie reed
8105,ernesto mahieux
8106,peyton list
8107,monica barladeanu
8108,eun-jeong han
8109,iman corinne adrienne
8110,hongmei mai
8111,ruth-maria kubitschek
8112,sila
8113,christopher daniel barnes
8114,david cronenberg
8115,motoki fukami
8116,corey haim
8117,kaitlyn maher
8118,karen kaia livers
8119,salma hayek
8120,eri tokunaga
8121,javed jaffrey
8122,luke treadaway
8123,ye-ju jin
8124,jeong-su han
8125,nadja uhl
8126,maaya uchida
8127,jerry jewell
8128,kallan holley
8129,bobby moynihan
8130,maxime nivet
8131,queen
8132,brid brennan
8133,elliot s. maggin
8134,irandhir santos
8135,aiko melendez
8136,kiefer sutherland
8137,dolly parton
8138,darwin shaw
8139,claudia guzmán
8140,ben pronsky
8141,tsring chodron
8142,sharmila tagore
8143,caroline aaron
8144,jon lee anderson
8145,philippe klaus
8146,rory culkin
8147,breanna yde
8148,satyadev kancharana
8149,steve lanter
8150,julie cox
8151,perry lopez
8152,clare bowen
8153,ty simpkins
8154,pablo díaz
8155,fatma begum
8156,lisa teige
8157,alexandra park
8158,eileen davies
8159,dudu azevedo
8160,finola hughes
8161,priscilla quintana
8162,sunday night
8163,namit das
8164,bill burr
8165,k.j. apa
8166,sachika misawa
8167,serena autieri
8168,louise grinberg
8169,leke maceda-rustecki
8170,monie mon
8171,jonathan daniel brown
8172,safak pekdemir
8173,richard lane jr.
8174,rattanrat eertaweekul
8175,mercedes müller
8176,kirk fox
8177,beatie edney
8178,ned beatty
8179,john heard
8180,dan worrawech danuwong
8181,will shadley
8182,sayed badreya
8183,jitka schneiderová
8184,kara wai
8185,sathya
8186,kate mckinnon
8187,paul tylak
8188,eva amurri martino
8189,so-min jun
8190,michael cudlitz
8191,michael obiora
8192,james rebhorn
8193,sandra bernhard
8194,lombardo boyar
8195,morgan overton
8196,amir bageria
8197,howard mcgillin
8198,jan plouhar
8199,joe cheng yuan chang
8200,katerina kosová
8201,mariam george
8202,vanessa marshall
8203,ute sander
8204,angus t. jones
8205,willy t. ribbs
8206,sajal ali
8207,sidede onyulo
8208,adnan maral
8209,tom burke
8210,michael beach
8211,peppe barra
8212,chris hemsworth
8213,madison eginton
8214,disha patani
8215,stephen bales
8216,jon bowersox
8217,koushik sen
8218,jake shulman-ment
8219,kira kosarin
8220,jo sung-ha
8221,warren christie
8222,nur sarah alisya
8223,george basha
8224,riley reynolds
8225,steven elder
8226,frank biafore
8227,andrea corr
8228,josh alpert
8229,evgeniya dmitrieva
8230,michele morrone
8231,kanyawee songmuang
8232,tamer hosny
8233,rodrigo marquez-tizano
8234,amalia williamson
8235,wenyong huang
8236,danny kwok-kwan chan
8237,gringe
8238,judd apatow
8239,ellie kemper
8240,filiz akin
8241,kylie bunbury
8242,emorè du bois
8243,marika soposká
8244,jocelin donahue
8245,ava pickard
8246,karidja touré
8247,sona norisová
8248,óscar zafra
8249,yvetta blanarovicová
8250,t.c. stallings
8251,bruno bichir
8252,atharva karve
8253,leanna
8254,dolph lundgren
8255,jose pablo cantillo
8256,tasha boggs
8257,mwaura bilal
8258,john boyega
8259,esteban lamothe
8260,ted dubost
8261,jeff babko
8262,stephanie beatriz
8263,michael smiley
8264,lexi fontaine
8265,canco rodríguez
8266,alan dershowitz
8267,gavin mcinnes
8268,chris marlowe
8269,prasanna
8270,david burns
8271,benjamín amadeo
8272,aaron jakubenko
8273,daniel washington
8274,eleanor worthington-cox
8275,elpidia carrillo
8276,virginia cavaliere
8277,tze-chung lam
8278,scorcher
8279,sam stockman
8280,sejal kumar
8281,brian hull
8282,michèle baumgartner
8283,hamza meziani
8284,abigail adriano
8285,dakore egbuson
8286,stefano pesce
8287,kader khan
8288,elit iscan
8289,selma blair
8290,masako katsuki
8291,ajuawak kapashesit
8292,baro
8293,nana mizuki
8294,paul ready
8295,adina porter
8296,brendan gleeson
8297,amy brenneman
8298,rafael sebastián guillén vicente
8299,valentina bellè
8300,alvin wong
8301,philip rossi
8302,joyce robbins
8303,tia arifin
8304,monica rial
8305,marco pigossi
8306,jonathan haagensen
8307,shane harper
8308,vivian tok
8309,danny sapani
8310,art parkinson
8311,oliver hudson
8312,robbie davis-floyd
8313,hong-il choi
8314,lily cowles
8315,tsuyoshi nakano
8316,mo hafeez
8317,guillermo pfening
8318,florin piersic jr.
8319,moon bloodgood
8320,karin konoval
8321,alexander gustavsson
8322,santiago cabrera
8323,farah bala
8324,vaibhav raj gupta
8325,kevin rahm
8326,maxine peake
8327,anna yamada
8328,sarah fisher
8329,motomu kiyokawa
8330,sascha göpel
8331,ted leblang
8332,kelly o'sullivan
8333,tosatid darnkhuntod
8334,radu bânzaru
8335,malgorzata gorol
8336,daniel sosa
8337,june diane raphael
8338,mel brooks
8339,jerry reed
8340,natalia livingston
8341,jeff gill
8342,kim hye-yoon
8343,marc mcclure
8344,shao-tung chou
8345,fumi nikaidô
8346,giorgos ninios
8347,marta larralde
8348,niko blanks
8349,maggie civantos
8350,masayuki deai
8351,rojda demirer
8352,karina smulders
8353,chrissy metz
8354,izara aishah
8355,leo suter
8356,madison horcher
8357,hassan mrad
8358,jack o'connell
8359,rotimi
8360,katrine greis-rosenthal
8361,andrey khalimon
8362,phumphothingam nawat
8363,seon-kyu jin
8364,greg cote
8365,alex borstein
8366,kuan tai chen
8367,kun-hsuan huang
8368,lota chukwu
8369,ian schrager
8370,kiyonobu suzuki
8371,jirí krampol
8372,daniel york
8373,firat sobutay
8374,maya karin
8375,andrás kozák
8376,bridgette wilson-sampras
8377,hyun-moo jun
8378,frances millar
8379,sherman augustus
8380,harry morgan
8381,maris racal
8382,luna maya
8383,su-ah han
8384,kaori momoi
8385,kyle kinane
8386,victoria vida
8387,johnny williamson
8388,geoffrey rush
8389,rianti cartwright
8390,niamh walsh
8391,dave pettitt
8392,woody harrelson
8393,togo igawa
8394,friederike becht
8395,jennifer alyx
8396,cengiz bozkurt
8397,martina bezousková
8398,giorgia whigham
8399,ugur bilgin
8400,alexandra roach
8401,happy jankell
8402,caitlin glass
8403,kano
8404,sophia bush
8405,janae marie kroczaleski
8406,dean risher
8407,ivy george
8408,matus bacisin
8409,zackie achmat
8410,jake andolina
8411,raúl jiménez
8412,richard macklin
8413,jae-mo ahn
8414,stina ekblad
8415,yûko sanpei
8416,bruce spence
8417,adam goldberg
8418,wade williams
8419,toma cuzin
8420,paul ritter
8421,kay kay menon
8422,rhian ramos
8423,rosdeen suboh
8424,maciej stuhr
8425,keiko horiuchi
8426,ivana baquero
8427,sofia lesaffre
8428,kappei yamaguchi
8429,ty wood
8430,the chemical brothers
8431,shintarô oohata
8432,gbenro ajibade
8433,grit uhlemann
8434,supassra thanachat
8435,jing ning
8436,renée dick
8437,darvin bentlage
8438,maurizio di carmine
8439,debi derryberry
8440,jovan adepo
8441,lajos balázsovits
8442,tereza blazková
8443,lina wendel
8444,fazlur rahman babu
8445,amara miller
8446,ashleigh chrisena ricci
8447,hideko hara
8448,steve railsback
8449,delnaaz irani
8450,bill fagerbakke
8451,kristin scott thomas
8452,fadlan hazim
8453,nick offerman
8454,ikue ôtani
8455,avia fields
8456,laila boonyasak
8457,jim bakkum
8458,katie danziger
8459,izabela kuna
8460,chaz hodges
8461,geoff stults
8462,lucy lawless
8463,michelle chen
8464,randa al behery
8465,annie girardot
8466,raima sen
8467,ivan alvarez de araya
8468,chris j. murray
8469,rakel wärmländer
8470,wandile molebatsi
8471,deniz akdeniz
8472,john cleese
8473,pierre benedetti
8474,prashasti singh
8475,sean hayes
8476,kim bum
8477,victorio d'alessandro
8478,edvin endre
8479,paulo americano
8480,william hackett-jones
8481,peter gallagher
8482,tre cool
8483,maurizio battista
8484,andy beckwith
8485,rebecca husain
8486,dana rogoz
8487,maria casadevall
8488,ritabhari chakraborty
8489,bingbing li
8490,anagha l.k.
8491,mariya kozhevnikova
8492,brandon p bell
8493,carly
8494,joo won
8495,cassandra lee morris
8496,rashmi somvanshi
8497,paul sloan
8498,shingo katori
8499,noma dumezweni
8500,victor soares
8501,paris hilton
8502,hank aaron
8503,bam bam bigelow
8504,rapatrud jiravechsoontorkul
8505,bryson baugus
8506,kevin nealon
8507,selma alaoui
8508,kc ejelonu
8509,matthias klimsa
8510,reagan gomez-preston
8511,trinity simone
8512,ruth gordon
8513,karin dor
8514,ronjini chakraborty
8515,alaina huffman
8516,jean michel basquiat
8517,sam jones
8518,pimolwan suphayang
8519,kate harbour
8520,seung-ik baek
8521,brian caspe
8522,thierry lhermitte
8523,claus holm
8524,ching-he huang
8525,rza
8526,coen van overdam
8527,bruno sevilla
8528,szabolcs bede fazekas
8529,zachary davis brown
8530,randall berger
8531,benoit clerc
8532,marie drion
8533,ella koon
8534,andrew daly
8535,vibeke hastrup
8536,jakub kohák
8537,joeystarr
8538,william zabka
8539,lauren gallagher
8540,evgeniy tsyganov
8541,jenna von oÿ
8542,jocelyn lagarrigue
8543,julia stuart
8544,theerapat sajakul
8545,lauren holly
8546,crina semciuc
8547,fer ochoa
8548,masahiro higashide
8549,carolin kebekus
8550,yu hayashi
8551,anna ferzetti
8552,georgina verbaan
8553,sofie linde lauridsen
8554,torkel petersson
8555,amber tamblyn
8556,chris pine
8557,antonella costa
8558,george pistereanu
8559,neveen hanna
8560,sally hawkins
8561,nicholas castel vanderburgh
8562,john tartaglia
8563,mikael persbrandt
8564,seon-kyeong jeong
8565,peter serafinowicz
8566,ronald l. conner
8567,stephanie anne mills
8568,martin hewitt
8569,folaremi agunbiade
8570,jake jensen
8571,nirmal rishi
8572,monal gajjar
8573,christopher walken
8574,fizz fairuz
8575,shazad latif
8576,matthew géczy
8577,spencer klein
8578,yanting lü
8579,duran duran
8580,vanessa morgan
8581,ariel winter
8582,da-bin jung
8583,celil nalcakan
8584,sebnem anil
8585,shigeru muroi
8586,yoshihiro tatsumi
8587,nobuyo ôyama
8588,stefano fresi
8589,james frecheville
8590,russell howard
8591,shane coffey
8592,johann von bülow
8593,peter mcrobbie
8594,olivia le andersen
8595,sara botsford
8596,azhan rani
8597,caryn peterson
8598,kongdej jaturanrasamee
8599,itziar aizpuru
8600,emiko izawa
8601,martina méndez
8602,dorothy tristan
8603,pran
8604,tôri matsuzaka
8605,erez ben-ezra
8606,michael sheen
8607,elias gergi
8608,lok man yeung
8609,miyoko asô
8610,lily anne mcpherson-dobbins
8611,yui ichikawa
8612,cory doran
8613,michelle nicastro
8614,matt testro
8615,bo-bi joo
8616,norman burton
8617,yuting deng
8618,chelsea logan
8619,tien-hsiang lung
8620,yûsaku matsuda
8621,jin-woong min
8622,ed begley jr.
8623,george voskovec
8624,douglas silva
8625,stefan gebelhoff
8626,jun'ichi suwabe
8627,tommaso basili
8628,adesua etomi-wellington
8629,ben mendelsohn
8630,gamal ismail
8631,han chang
8632,cherry miko
8633,sebastián ayala
8634,ghadah adel
8635,m. ilavarasu
8636,james buckley
8637,jennifer prior
8638,lynn redgrave
8639,carmiña martínez
8640,etinosa idemudia
8641,ho-jin chun
8642,esther gohourou
8643,mary rachel quinn
8644,marty fleck
8645,steven strait
8646,will friedle
8647,carlos m. cunha
8648,shenae grimes-beech
8649,jailoshini naidoo
8650,matthew tully brown
8651,tzi ma
8652,cathy moriarty
8653,chelcie ross
8654,hal holbrook
8655,jeanne carmen
8656,pumwaree yodkamol
8657,seth burke
8658,alexandre steiger
8659,michael peterson
8660,manuel 'guajiro' mirabal
8661,camille lou
8662,alexandra rapaport
8663,tomio aoki
8664,anna ben
8665,edward woodall
8666,nasser al-dhahnani
8667,lilian esoro
8668,dante hoagland
8669,timothy spall
8670,david perry
8671,tae-hee kim
8672,lapat ngamchaweng
8673,rihanna
8674,carlo ninchi
8675,barbara crampton
8676,baykali ganambarr
8677,rekiya attah
8678,fumie hamakawa
8679,emmanuel salinger
8680,arjun rampal
8681,nigel coppen
8682,feyyaz yigit
8683,sam asante
8684,grant gustin
8685,laurence arné
8686,ryan buescher
8687,simona stasová
8688,françois truffaut
8689,angus mclaren
8690,clint eastwood
8691,dilan gwyn
8692,iván marín
8693,alyssa milano
8694,fred thompson
8695,christoph f. krutzler
8696,per oscarsson
8697,taishi nakagawa
8698,sean keenan
8699,su-a hong
8700,tella kpomahou
8701,stella chung
8702,george bass
8703,jayne heitmeyer
8704,wagner moura
8705,kazuhiko inoue
8706,robert wuhl
8707,christoph m. ohrt
8708,rachel ramras
8709,nam joo-hyuk
8710,michael thomson
8711,katee sackhoff
8712,anton lavey
8713,stanley tucci
8714,louis c.k.
8715,helena bergström
8716,daniel lawrence taylor
8717,lea thompson
8718,vincent desagnat
8719,john gillespie
8720,mika abdalla
8721,lászló mátray
8722,ini dima okojie
8723,yoon sang-hyun
8724,sabrina reiter
8725,zita hanrot
8726,tetsuya chiba
8727,carrie henn
8728,susan eisenberg
8729,miguel ángel rodríguez
8730,aditi mittal
8731,aviva mongillo
8732,benjamin weir
8733,nuria herrero
8734,matthias fuchs
8735,scaachi koul
8736,eliane brum
8737,zendhy zain
8738,su-mi kim
8739,jodi lyn o'keefe
8740,niall beagan
8741,shigeru amachi
8742,charles green
8743,steven marlow
8744,achint kaur
8745,halina reijn
8746,sarah aubrey
8747,beulah garrick
8748,hisao egawa
8749,eddie griffin
8750,gogi grant
8751,tom graziani
8752,kenneth okolie
8753,jason crowe
8754,aakshath das
8755,gul panag
8756,sudarat butrprom
8757,nicholas tse
8758,pierre richard
8759,kyle johnson
8760,rima te wiata
8761,angah raja lawak
8762,sid haig
8763,fabrice abriel
8764,ayano shiraishi
8765,badi abu-shaqra
8766,danika yarosh
8767,kami hiraiwa
8768,catherine ashton
8769,pope francis
8770,takeo terashita
8771,mohammed al-ahmad
8772,chester morris
8773,juan antonio llanes
8774,lise lamétrie
8775,malena alterio
8776,bene't benton
8777,rick zieff
8778,kaitlyn leeb
8779,rahim razali
8780,evan roderick
8781,aiden haggarty
8782,tabitha lupien
8783,ana karina guevara
8784,niels-bruno schmidt
8785,daniel mk cohen
8786,tsisia qumsishvili
8787,clifford chapin
8788,david duchovny
8789,mario cimarro
8790,beverly todd
8791,nobuo nakamura
8792,dato bakhtadze
8793,pradhyuman maloo
8794,ga-young moon
8795,ella purnell
8796,ivan trojan
8797,julie andrews
8798,christina moore
8799,yumi adachi
8800,iulia ciochina
8801,claudio caiolo
8802,antony
8803,gökhan kiraç
8804,sam lee
8805,ralph guzzo
8806,georg friedrich
8807,joe pantoliano
8808,mahendra sandhu
8809,cheng cheng fang
8810,kelly greenshield
8811,deke slayton
8812,eminem
8813,anjelah johnson-reyes
8814,michael pitt
8815,franco escamilla
8816,titus welliver
8817,jonathan frakes
8818,prakash bare
8819,stephen fry
8820,brooke satchwell
8821,huifen zeng
8822,ryô horikawa
8823,kelly mccreary
8824,cornelia agatha
8825,kristian hedegaard-petersen
8826,uru eke
8827,krzysztof stroinski
8828,robert nolan
8829,ty mahany
8830,satomi arai
8831,danay garcia
8832,cheryl chase
8833,marie-christine descouard
8834,mr. t
8835,zi yang
8836,kate ashfield
8837,ned gayle
8838,jim benemann
8839,miroslaw kropielnicki
8840,magalie lépine blondeau
8841,branko djuric
8842,sakura andô
8843,jenny o'hara
8844,oscar pearce
8845,mike bridavsky
8846,nicola coughlan
8847,esteban berrones
8848,ann-margret
8849,stan laurel
8850,gregg sulkin
8851,rudolf nureyev
8852,mark forward
8853,yûki yamada
8854,hesham ismail
8855,babak karimi
8856,abigail breslin
8857,juana collignon
8858,tommy lee jones
8859,dick kaysø
8860,pablo granados
8861,helen george
8862,yorick van wageningen
8863,sofia buenaventura
8864,hubert koundé
8865,john bilezikjian
8866,ai-ai de las alas
8867,thibault verhaeghe
8868,george sample iii
8869,yumi uchiyama
8870,jonas hoff oftebro
8871,carmen beato
8872,lily mojekwu
8873,ena fujita
8874,coy stewart
8875,sibel kekilli
8876,andrés almeida
8877,pablo sigal
8878,aidan creegan
8879,ogie banks
8880,sidney poitier
8881,clint james
8882,penelope ann miller
8883,gerald anderson
8884,lyriq bent
8885,philippe duquesne
8886,terry bradshaw
8887,elly curtis
8888,cezary pazura
8889,jeff bennett
8890,nunzia schiano
8891,isabel thierauch
8892,esai morales
8893,richard roxburgh
8894,m. sasikumar
8895,michael banks repeta
8896,rayane do amaral
8897,jiangcuo seba
8898,enid graham
8899,samuel jouy
8900,kelli berglund
8901,reila post
8902,christine rogers
8903,bhuvan arora
8904,frank gingerich
8905,soubin shahir
8906,yuya hirose
8907,gaku sano
8908,audrey esparza
8909,matthew daddario
8910,jaroslav plesl
8911,annie presley
8912,regiane alves
8913,catrinel marlon
8914,agnes lindström bolmgren
8915,francis perrin
8916,stefaan de winter
8917,rajit kapoor
8918,michihiro ikemizu
8919,michel piccoli
8920,peter bouckaert
8921,peter bogdanovich
8922,abby bergman
8923,david labiosa
8924,akira sekine
8925,sayani gupta
8926,yalitza aparicio
8927,natascha mcelhone
8928,hugh jackman
8929,jules buckley
8930,jonas strand gravli
8931,lee joon-gi
8932,jörg hartmann
8933,paul leblanc
8934,maeva
8935,emily ratajkowski
8936,constance zimmer
8937,tamsin heatley
8938,lucien laviscount
8939,mayuka thais
8940,norihei miki
8941,stephen bishop
8942,chranny
8943,avery brooks
8944,leonardo pieraccioni
8945,fredrik gunnarsson
8946,sarp apak
8947,bing bai
8948,kemal can parlak
8949,alison botha
8950,gabriel lo giudice
8951,paul davies
8952,mayumi tanaka
8953,songyun tan
8954,lyda borelli
8955,ricky gervais
8956,nia peeples
8957,shinpachi tsuji
8958,aaron farb
8959,cristine hambaseanu
8960,jakub burýsek
8961,jason-patrick taylor
8962,mohit bhaskar
8963,josh fadem
8964,emmanuelle meyssignac
8965,kalyani priyadarshan
8966,shaoqun yu
8967,josue ochoa
8968,kyeong-yeong lee
8969,yutaka shimizu
8970,nik petcov
8971,dmitriy shevchenko
8972,park bo-gum
8973,héctor bonilla
8974,shadi alfons
8975,masanobu takashima
8976,adi kurdi
8977,fayssal bazzi
8978,jobeth williams
8979,miranda bailey
8980,tito leon
8981,leone frisa
8982,jass bajwa
8983,mami koyama
8984,karim ait m'hand
8985,shaun delaney
8986,hyeong-don jeong
8987,susanne blakeslee
8988,alan rickman
8989,claudia o'doherty
8990,asuka kurosawa
8991,matt cook
8992,shelley hennig
8993,dejan cukic
8994,jacques villeret
8995,robert wagner
8996,isabella ferrari
8997,soumitra chatterjee
8998,karen slater
8999,dalton vigh
9000,selton mello
9001,rafael portugal
9002,alistair abell
9003,massimiliano allegri
9004,ricky grover
9005,gary waldhorn
9006,antonio folletto
9007,caroll spinney
9008,reid scott
9009,bonnie hay
9010,tânia gaidarji
9011,steve monroe
9012,tzu-chuan liu
9013,blythe danner
9014,jon dough
9015,tom audenaert
9016,jake fromm
9017,mike bell
9018,ryan pinkston
9019,niklaus lange
9020,david ogden stiers
9021,jessica calvello
9022,yun-a oh
9023,rudi vodanovich
9024,hana shiha
9025,yôko sugi
9026,stephen chow
9027,shu-fang chen
9028,sonja sohn
9029,mohan joshi
9030,manie malone
9031,rick kavanian
9032,frans van dusschoten
9033,christie herring
9034,les miles
9035,andrea buscemi
9036,diego tinoco
9037,belle zimmerman
9038,alex abbad
9039,arturo muselli
9040,mariko kaga
9041,zrinka cvitesic
9042,gustavo jahn
9043,hans chung
9044,kristen bell
9045,zach callison
9046,paul riley
9047,daiana andrade
9048,cindy busby
9049,dree hemingway
9050,arantza ruiz
9051,nina arianda
9052,kang-woo kim
9053,katarzyna ucherska
9054,christopher dunne
9055,tadao takashima
9056,marc-andré grondin
9057,lauren bacall
9058,alison viktorin
9059,zack de la rocha
9060,elizabeth cullen
9061,jaime winstone
9062,miquita oliver
9063,ellen wroe
9064,phil anselmo
9065,maaya sakamoto
9066,cristina weigmann
9067,david schneider
9068,natasha dupeyrón
9069,zdenek piskula
9070,long john baldry
9071,sienna soho baker
9072,veronica maria dos santos
9073,linden ashby
9074,dorus witte
9075,logan lerman
9076,ceaser emanuel
9077,jung shin lee
9078,nelson antunes
9079,hilde ceylan
9080,joão miguel
9081,patrick seitz
9082,atsuko sakurai
9083,rusty schwimmer
9084,sonsee neu
9085,alycia delmore
9086,altimet
9087,ornella amodio
9088,jean-pierre kalfon
9089,yazid aït
9090,rosa salazar
9091,daniel botelho
9092,khushi solanki
9093,ji-soo kim
9094,matt costello
9095,satoshi tsumabuki
9096,tomori kusunoki
9097,harry dean stanton
9098,james urbaniak
9099,maria tepavicharova
9100,brendan scannell
9101,justin fletcher
9102,renato de souza
9103,ella joy ballesteros
9104,joon-ha lee
9105,nanna koppel
9106,david ramsey
9107,roman abramovich
9108,eric butts
9109,ryûnosuke kamiki
9110,merle dandridge
9111,eloi christ
9112,sermiyan midyat
9113,mouton itô
9114,joanna moore
9115,stuti dwivedi
9116,malvika tiwari
9117,madhavi
9118,samuel gould
9119,hilton als
9120,rio suzuki
9121,upendra limaye
9122,myles moore
9123,william baldwin
9124,shari rigby
9125,rina hidaka
9126,logan stalarow
9127,matthew lillard
9128,ben afuvai
9129,don johnson
9130,nando cunha
9131,mittal chouhan
9132,ana abad santos
9133,juan ríos
9134,kyôhei shibata
9135,pierre guichard
9136,sneha ravishankar
9137,ahmed sylla
9138,asif ali beig
9139,brian keith
9140,hiroki hasegawa
9141,nicole richie
9142,theo stevenson
9143,david tennant
9144,tyler jon olson
9145,anna chlumsky
9146,nichola burley
9147,fahkuelon ratsameekhae
9148,salvatore abbruzzese
9149,peter mugyenyi
9150,giulia lazzarini
9151,yun eun-hye
9152,kylie minogue
9153,lucia ocone
9154,karl giant
9155,john o'leary
9156,alex meneses
9157,alan howard
9158,yare santana
9159,mirai tachibana
9160,marco marzocca
9161,dave gardner
9162,yuki sakurai
9163,stephen travers
9164,lars ranthe
9165,paula hartmann
9166,kittipat samarntragulchai
9167,felix laikin
9168,enrico brignano
9169,chris sarandon
9170,mick archer
9171,amaia salamanca
9172,david thewlis
9173,fish chaar
9174,donnie yen
9175,ashley benson
9176,rutledge wood
9177,sae miyajima
9178,yifeng li
9179,sung hoon
9180,nicolaj kopernikus
9181,jonathan morgan heit
9182,sam shepard
9183,snowy white
9184,peyton kennedy
9185,julius marcondes
9186,raf vallone
9187,daniel craig
9188,cynthia brown
9189,jonathan togo
9190,gracie whitton
9191,kodi smit-mcphee
9192,tanya fear
9193,tom j. benedict
9194,elaine faye
9195,shriya saran
9196,masachika ichimura
9197,steven cree
9198,agnes bruckner
9199,stefan marjoram
9200,mami ozaki
9201,nick nolte
9202,hong bum-ki
9203,james cameron
9204,yoichi kondo
9205,matt angel
9206,sujatha gosukonda
9207,kittisak patomburana
9208,angelica lee
9209,bill pullman
9210,will sasso
9211,may mei-mei lo
9212,emily reid
9213,glenn close
9214,alan dukes
9215,julia dietze
9216,nursel köse
9217,tom beck
9218,scott lawrence
9219,amy vinton
9220,daniel o'callaghan
9221,regine tolentino
9222,arash mokhtar
9223,gbenga titiloye
9224,chrissie fit
9225,anthony steel
9226,matt billingslea
9227,aiysha hart
9228,cristina morán
9229,kylie verzosa
9230,felipe castanhari
9231,akiko hiramatsu
9232,anita yuen
9233,maggie mcomie
9234,keith l. williams
9235,elizabeth banks
9236,aiden longworth
9237,guilherme prates
9238,selim aydin
9239,isaac hempstead wright
9240,jasen fisher
9241,jared roylance
9242,lino banfi
9243,céline sallette
9244,lotlot de leon
9245,brad pitt
9246,ai hashimoto
9247,carla jimenez
9248,joe mantegna
9249,francesca neri
9250,ajiona alexus
9251,diamand bou abboud
9252,showkar janaki
9253,andrea santa rosa
9254,conchata ferrell
9255,tracey moore
9256,jean-michel balthazar
9257,vidya karanjikar
9258,oja kodar
9259,ian mckellen
9260,kazuya kojima
9261,vail bloom
9262,alexander lee
9263,jaber jokhadar
9264,arturo valls
9265,rajesh kava
9266,tess amorim
9267,robert bailey jr.
9268,jorge lendeborg jr.
9269,cameron bonsignore
9270,lynne koplitz
9271,alper atak
9272,eve hewson
9273,zenobia shroff
9274,jean-claude dreyfus
9275,lisa sanders
9276,justin lewis
9277,jong-goo kim
9278,gianna paola scaffidi
9279,alexis tipton
9280,gabby padilla
9281,virginia anzengruber
9282,takaya aoyagi
9283,pasupathy
9284,marlene forte
9285,pepe begines
9286,taylor abrahamse
9287,jiang bian
9288,mccolm cephas jr.
9289,no jeong-ee
9290,shakara monique
9291,melanie chandra
9292,freddie thorp
9293,youp alblas
9294,smeep kang
9295,donnie wahlberg
9296,václav matejovský
9297,bernard arnault
9298,karim günes
9299,jana preissová
9300,sayaka ôhara
9301,edison song
9302,krystof hádek
9303,jill vedder
9304,ken jenkins
9305,nikos karathanos
9306,jerry seinfeld
9307,susan sarandon
9308,mark benton
9309,sophie vavasseur
9310,mark fredrichs
9311,benedict cumberbatch
9312,beatrice hillen
9313,sabyasachi chakrabarty
9314,maria seles
9315,romi pak
9316,funda eskioglu
9317,luca peracino
9318,macready massey
9319,alex solowitz
9320,muhammad yunus
9321,scottie pippen
9322,fouad al shomali
9323,patrick duboscq
9324,franz drameh
9325,prakash raj
9326,luke pasqualino
9327,kaya jade aguirre
9328,alexa kahn
9329,lucas gregory
9330,sigrid alegría
9331,viv leacock
9332,alexis tomassian
9333,jorge waldhorn
9334,haruka ayase
9335,ximena romo
9336,rodney king
9337,houria farghally
9338,glodier biedma
9339,alicia brockenbrow
9340,wiktoria gasiewska
9341,akmal saleh
9342,hye-ja kim
9343,emilio galli
9344,menzi ngubane
9345,john hurt
9346,melissa mohr
9347,marius drogeanu
9348,adipati dolken
9349,seong-ho lee
9350,adrian paul
9351,fearne cotton
9352,migo adecer
9353,john howard swain
9354,françois berléand
9355,frank o'sullivan
9356,stanislaw tym
9357,edoardo leo
9358,shaun johnston
9359,cecilia so
9360,jon voight
9361,lex medlin
9362,laura gabrielle
9363,parveen choudhary
9364,amanda leighton
9365,mi-hee chang
9366,nasirr khan
9367,georgi staykov
9368,amanda righetti
9369,ron annabelle
9370,ulrich noethen
9371,leslie caron
9372,pevita pearce
9373,dawid ogrodnik
9374,gregg henry
9375,wills sia
9376,josh mcconville
9377,kasi lemmons
9378,vanna white
9379,sara elhamdi elalaoui
9380,hera hilmar
9381,adam james
9382,mauro mauad
9383,annie maynard
9384,brandon scott
9385,bryan blanco
9386,taylor handley
9387,corey williams
9388,faye dunaway
9389,robin gould
9390,micah hauptman
9391,catrin larell eide
9392,gary bullock
9393,olivia merilahti
9394,fabio volo
9395,ruby ruiz
9396,ken kaito
9397,enzo marcos
9398,leigh whannell
9399,chad bannon
9400,jordan peele
9401,ray fearon
9402,chris bauer
9403,sam vincent
9404,serge hazanavicius
9405,chalapathi rao
9406,tania libertad
9407,mizuki hoshina
9408,jan lamb
9409,james giblin
9410,jianqiang hu
9411,paul wight
9412,imran khan
9413,nacho fresneda
9414,micheal ward
9415,emmanuelle riva
9416,ellen dorrit petersen
9417,mugihito
9418,bruce buffer
9419,ysa penarejo
9420,natthamonkarn srinikornchot
9421,ana golja
9422,michael learned
9423,riva arora
9424,ekavali khanna
9425,marian dziedziel
9426,sakurako okubo
9427,jonas karlsson
9428,kurume arisaka
9429,roy chiu
9430,billie blain
9431,sae-ron kim
9432,jan englert
9433,saoirse-monica jackson
9434,alex ashbaugh
9435,bernard le coq
9436,eva van der gucht
9437,adrian pasdar
9438,amanda crew
9439,giorgio faletti
9440,mars mohamed
9441,abigail cowen
9442,kam heskin
9443,chan kawai
9444,alex klein
9445,s.j. suryah
9446,krew boylan
9447,aaron harberts
9448,michael franzese
9449,matt lauria
9450,robin de jesus
9451,maxime merkouchenko
9452,fred melamed
9453,ezequiel cipols
9454,john lithgow
9455,kelsey grammer
9456,roy firestone
9457,camilla luddington
9458,noah young
9459,citra kirana
9460,dolores canales
9461,elise vargas
9462,dong-il sung
9463,matthew atkinson
9464,dion shepherd jr.
9465,a.j. daulerio
9466,kyle hebert
9467,hao chen
9468,hamza al-khateab
9469,finley jacobsen
9470,bonnie johnson
9471,shunsuke daitô
9472,kate nauta
9473,marilynn allain
9474,teasa copprue
9475,lulu wilson
9476,pedro peirano
9477,dao qi
9478,afaq
9479,vladimir vdovichenkov
9480,paul fenech
9481,chris forrest
9482,fabrício boliveira
9483,skeet ulrich
9484,sa'eed saleh
9485,kimberly elise
9486,yasmin ahmad
9487,parineeti chopra
9488,gisela fritsch
9489,lucy gordon
9490,erika rosenbaum
9491,eszter ónodi
9492,sergey bezrukov
9493,i. elijah baughman
9494,carl sagan
9495,eddie barth
9496,atsuko hirata
9497,tayvon bowers
9498,halit ergenç
9499,robert hara gaeb
9500,donald crisp
9501,diahnne abbott
9502,lawrence makoare
9503,chris de clerq
9504,joseph
9505,michael west
9506,hikaru yamamoto
9507,lana parrilla
9508,ambika
9509,ufuk özkan
9510,florence kasumba
9511,josh thomson
9512,shaji a.j.
9513,sarah chaney
9514,hanan adel
9515,josh hartnett
9516,kwi-jung choo
9517,gou maeda
9518,doug jones
9519,said faraj
9520,madison lu
9521,ugur yücel
9522,aki maeda
9523,katsuo nakamura
9524,taekyung lee
9525,rod hernandez
9526,hussein sbeity
9527,widyawati
9528,geetanjali kulkarni
9529,ben platt
9530,manami numakura
9531,saloni batra
9532,ben schwartz
9533,juan carlos aduviri
9534,gustav dyekjær giese
9535,antonio paradiso
9536,so-young park
9537,mirai shida
9538,vítezslav holub
9539,dane cook
9540,charley ann schmutzler
9541,lisa ambalavanar
9542,shinwa kataoka
9543,damilola adegbite
9544,matteo simoni
9545,bram barouh
9546,loren bass
9547,eric moon
9548,linda bassett
9549,peter thomas
9550,eric johnson
9551,lorraine gary
9552,xiangyu dai
9553,christian miranda
9554,alexandre desrousseaux
9555,timothy olyphant
9556,murat garibagaoglu
9557,yoshimasa hosoya
9558,ankit arora
9559,lena love
9560,lucy montgomery
9561,rick harrison
9562,nick thune
9563,madalena accioly
9564,dominique andré
9565,logan ridenbaugh
9566,prasakthi allagoo
9567,vic chou
9568,viña machado
9569,shane
9570,fabio balsamo
9571,adriane daff
9572,michael j. willett
9573,corneliu cozmei
9574,hayley maki
9575,friedrich schoenfelder
9576,brittany snow
9577,j. neilson
9578,barry humphries
9579,shôhei abe
9580,hak-cheol kim
9581,manasaporn chanchalerm
9582,amrita acharia
9583,brian dennehy
9584,tony tsz-tung wu
9585,kathaleeya mcintosh
9586,lech lotocki
9587,luis posada
9588,scott geiter
9589,meaghan davies
9590,masaba gupta
9591,stuart budd
9592,reiley mcclendon
9593,theis monrad post
9594,freddie crowder
9595,moin khan
9596,lucy loken
9597,ailton graça
9598,lap ban chan
9599,kris holden-ried
9600,callan mcauliffe
9601,sung-cheol kim
9602,jimmy smallhorne
9603,laura lavigné bie-olsen
9604,diallo riddle
9605,mandy wei
9606,megan gamble
9607,sarah langton
9608,lam anh dao
9609,anju inami
9610,alberto san juan
9611,yahima torres
9612,alison brie
9613,john weisbarth
9614,tilly vosburgh
9615,hong-ki lee
9616,valeria bilello
9617,richard dreyfuss
9618,adrian anghel
9619,mary woronov
9620,marian álvarez
9621,fatima albanawi
9622,jette hering
9623,arituch pipattangkul
9624,elisabeth scherer
9625,pedro eboli
9626,tyler posey
9627,litefoot
9628,risa narita
9629,daphne neville
9630,amir bamer
9631,eric weinstein
9632,chuck zito
9633,haley joel osment
9634,loletta lee
9635,sandu mihai gruia
9636,amrita prakash
9637,abderrahman abou el qassem
9638,aya hisakawa
9639,jack cruz
9640,chris rager
9641,michael garza
9642,mirela neag
9643,andreas holm-hansen
9644,mohammad samad
9645,shinshû fuji
9646,asap rocky
9647,julia bernat
9648,huihui chen
9649,meesha contreras
9650,katie strain
9651,sally mcdaid
9652,alie ward
9653,lil yachty
9654,son tung mtp
9655,skylar gaertner
9656,stephen lang
9657,il-hwa lee
9658,guilherme seta
9659,rhea seehorn
9660,andrew francis
9661,george ashiotis
9662,nijirô murakami
9663,trieste kelly dunn
9664,sung-chun han
9665,mandy moore
9666,aoi miyazaki
9667,jolene blalock
9668,shruti haasan
9669,iwona bielska
9670,kaori ishihara
9671,kazuya kamenashi
9672,adzi adamu
9673,vedant sinha
9674,ana claudia talancón
9675,katie featherston
9676,genevieve zweig
9677,césar camino
9678,emilia chen
9679,alfonso arau
9680,ana radu
9681,dylan demarcus
9682,mollee gray
9683,stana katic
9684,kôji moritsugu
9685,muskkaan jaferi
9686,aaron moorhead
9687,sushar manaying
9688,antonio checchin
9689,mister cartoon
9690,karen ying-chen hu
9691,carol berkin
9692,arun chidambaram
9693,chayanne
9694,sharon blackwood
9695,angélique kidjo
9696,jacques morel
9697,al sharpton
9698,brooklyn doomadgee
9699,ben affleck
9700,chabeli sastre
9701,jennifer armour
9702,sparsh srivastav
9703,flex alexander
9704,brent eaton
9705,sajid hasan
9706,luke brooks
9707,cris villanueva
9708,prisia nasution
9709,justin ashcraft
9710,micah kamohoalii
9711,christiane dumont
9712,mara alberto
9713,asnida daud
9714,imani lewis
9715,gabrielle union
9716,suchitra krishnamoorthi
9717,buddy duress
9718,rao ramesh
9719,ari irham
9720,pat ha
9721,mitch pileggi
9722,thomas kuc
9723,jason schwartzman
9724,maddie evans
9725,akiko yajima
9726,prince eugene riley
9727,mauricio barros de castro
9728,chun sun
9729,cindy weintraub
9730,matheus lustosa
9731,saagar kale
9732,charlbi dean
9733,asami mizukawa
9734,chun wu
9735,bill camp
9736,jared abrahamson
9737,konrad georg
9738,bear grylls
9739,armando espitia
9740,jolene van vugt
9741,kushal chakraborty
9742,nadia tereszkiewicz
9743,emily alyn lind
9744,lexi simonsen
9745,john cheng
9746,alex mckenna
9747,nichika ohmori
9748,ana maría orozco
9749,marlowe gardiner-heslin
9750,marcia gay harden
9751,gô jibiki
9752,yin tse
9753,ansel elgort
9754,jeany spark
9755,rory markham
9756,musa uzunlar
9757,michael vergauwen
9758,kagai muriithi
9759,isaac bardavid
9760,john kerry
9761,alexander rosenberg
9762,marthe bernard
9763,ana gasteyer
9764,françoise joyce
9765,david keith
9766,cunxin pu
9767,chris noon
9768,jam hsiao
9769,deborah van valkenburgh
9770,daniel gélin
9771,aleksey guskov
9772,abigail gordon
9773,erick elias
9774,janieck van de polder
9775,henley hii
9776,jami gertz
9777,rosie dwyer
9778,sabrina leurquin
9779,preity zinta
9780,jarred rumbold
9781,megan leonard
9782,akari kakimoto
9783,suzana pires
9784,pierre tornade
9785,mahir ipek
9786,mert turak
9787,tom arnold
9788,yun lin
9789,owen vaccaro
9790,emilio rivera
9791,brendan meyer
9792,christopher ming-shun lee
9793,inés sainz
9794,sam worthington
9795,fabrizia sacchi
9796,gading marten
9797,liina olmaru
9798,angelic zambrana
9799,tomokazu sugita
9800,lito pimentel
9801,estelle evans
9802,julian ras
9803,filip vidovic
9804,karina
9805,corry van der linden
9806,ann owens
9807,adinda azani
9808,tom waits
9809,clebert ford
9810,ellen kennedy
9811,kim coates
9812,magda luberda
9813,joey eisch
9814,marshall efron
9815,jamie smith-jackson
9816,kelly bishop
9817,l.a. james
9818,karen taylor
9819,sung-woo bae
9820,richard libertini
9821,seun akindele
9822,jack lim
9823,brad paisley
9824,edan gross
9825,nile lundgren
9826,hayley atwell
9827,natàlia barrientos
9828,joshua berman
9829,milton sills
9830,antonio catania
9831,vandana hart
9832,jouko keskinen
9833,sang-ok shin
9834,frances mcdormand
9835,kelly mcgillis
9836,yigal adika
9837,camille razat
9838,david zellner
9839,ritika singh
9840,kalpana
9841,milind shirole
9842,sidney blackmer
9843,aparna gopinath
9844,bimbo hart
9845,elsa delmas
9846,mohamed henedi
9847,rumi okubo
9848,bill cosby
9849,joe jonas
9850,renée björling
9851,johannes silberschneider
9852,david allen brooks
9853,kaya wilkins
9854,lee ji-won
9855,justin pate
9856,sabrina carpenter
9857,susan ruttan
9858,manoj mehra
9859,chuxiao qu
9860,hiroshi ishikawa
9861,jo marr
9862,chieh chang
9863,zakariya gouram
9864,maria yohannan
9865,eun-bin park
9866,karel blazek
9867,matthias schoenaerts
9868,aditi rao hydari
9869,mads ousdal
9870,martín altomaro
9871,wei-ting huang
9872,valentina lodovini
9873,chie nakamura
9874,denis nikiforov
9875,gabriella piazza
9876,peggy lipton
9877,mify chen
9878,alisha wainwright
9879,joelle carter
9880,unni evjen
9881,kim hye-su
9882,rodrigo salinas
9883,huseyin adiguzel
9884,mari lauren
9885,brooke langton
9886,angie chiu
9887,matt berry
9888,kim go-eun
9889,lara hubinont
9890,wilson hsu
9891,ami tomite
9892,josé de la torre
9893,bhavika bhasin
9894,ingrid nilson
9895,jordan lawson
9896,arya babbar
9897,aleksandra konieczna
9898,marcel ruiz
9899,sayumi watabe
9900,ki-yeong nam
9901,emilia claudeville
9902,marek slobodník
9903,isao natsuyagi
9904,khoi dao
9905,charlotte marshall-fricker
9906,songyan tu
9907,takeshi aono
9908,masaaki ôkura
9909,gouri choudari
9910,yui ogura
9911,anne-catrin märzke
9912,rupaul
9913,shôko aida
9914,yayako uchida
9915,iván mendes
9916,nanaka suwa
9917,alex wolaver
9918,david duggan
9919,samer ismail
9920,julie agnete vang
9921,weimy
9922,jaime fitzsimons
9923,piotr nowak
9924,jong-hyuk lee
9925,walter raney
9926,kôji takahashi
9927,gustavo muñoz
9928,mongo brownlee
9929,sacha horler
9930,janet mormile
9931,ann baker
9932,jay russell
9933,dae-myung kim
9934,pablo hoyos
9935,justin benson
9936,daisy lúcidi
9937,daniel zettel
9938,hideyo amamoto
9939,massimo bellinzoni
9940,john schwab
9941,caroline berry
9942,yi-hyeon so
9943,chanelle peloso
9944,dominic keating
9945,jason ryan
9946,sydney smoot
9947,mari iriki
9948,marwan ahmad
9949,christine dunham
9950,serhii averchenko
9951,marc warren
9952,nushrat bharucha
9953,richard davies
9954,seth macfarlane
9955,dong-jun kim
9956,alfred dorfer
9957,brett kelly
9958,carter thomas
9959,nakia burrise
9960,falisha croosley
9961,kristo ferkic
9962,criscilla anderson
9963,kim dao
9964,arsenio hall
9965,chiwetalu agu
9966,outi mäenpää
9967,baran akbulut
9968,eva grimaldi
9969,harrison gilbertson
9970,ken olin
9971,dogan bavli
9972,gonca vuslateri
9973,harald koch
9974,inga ocklind
9975,lee ingleby
9976,robert james-collier
9977,anjali patil
9978,roland møller
9979,ning chang
9980,sofía vergara
9981,halle berry
9982,nicholas bell
9983,jason leong
9984,sarah jones
9985,greg poppleton
9986,komalpreet kaur batth
9987,sorin cocis
9988,jack falahee
9989,alex reid
9990,adam chernick
9991,jean-claude bernardet
9992,claude musungayi
9993,kanan gill
9994,petra kleinert
9995,malini sathappan
9996,takeshi wakamatsu
9997,peta wilson
9998,anna kendrick
9999,jillian bell
10000,ydwer bosma
10001,paul prestia
10002,alma terzic
10003,ia shugliashvili
10004,alison sudol
10005,itay tiran
10006,jake manley
10007,johnny c. pruitt
10008,graham greene
10009,emma cammack
10010,jearnest corchado
10011,byung-joon lee
10012,tony d'amario
10013,takumi yamazaki
10014,suzanne snyder
10015,sun-young kwak
10016,morgan freeman
10017,dwi sasono
10018,uschi glas
10019,ken ogata
10020,juju chan szeto
10021,daniel studi
10022,paloma bloyd
10023,aaron camper
10024,nancy burke
10025,cristi puiu
10026,madeline brewer
10027,akiya henry
10028,caroline williams
10029,michael green
10030,anthony calligeros
10031,austin crute
10032,prince chiu
10033,zachary coffin
10034,haruka kudô
10035,rajesh tailang
10036,todrick hall
10037,armistead maupin
10038,lena headey
10039,charlotte munck
10040,benedetta valanzano
10041,larry berry
10042,kaan çakir
10043,enrico montesano
10044,noel clarke
10045,cathrine bjørn
10046,monica potter
10047,jaheem toombs
10048,mason dye
10049,giovanni ribisi
10050,victor banerjee
10051,john reardon
10052,joosje duk
10053,jay shih
10054,sumitra duangkaew
10055,giordano formenti
10056,tomoaki saitô
10057,shannon lynch
10058,jim simpson
10059,denholm elliott
10060,golden brooks
10061,christin rankins
10062,joseph gilgun
10063,kin'ya kitaôji
10064,thanawat wattanapoom
10065,ray wise
10066,colby lopez
10067,adam demos
10068,kuranosuke sasaki
10069,lolli sorenson
10070,chia-yen ko
10071,megumi han
10072,sultana
10073,dhirendra
10074,kristen stewart
10075,ivano marescotti
10076,andrew knott
10077,eddie spaghetti
10078,m.c. gainey
10079,sophie charlotte
10080,ewan goddard
10081,denise ho
10082,yuri yau
10083,herb caillouet
10084,park sung-woong
10085,jaelynne wallace ruane
10086,scott mccord
10087,dylan robert
10088,james r. kendall
10089,ruth díaz
10090,o-t fagbenle
10091,saitou ayaka
10092,scott glenn
10093,enric boixadera
10094,sonja ball
10095,jon macintyre
10096,tsugumi nagasawa
10097,brett gelman
10098,benoît régent
10099,marcin czarnik
10100,manuel morón
10101,welile nzuza
10102,fahadh faasil
10103,ava madison gray
10104,seong-yeon kang
10105,pawel figurski
10106,lara jill miller
10107,justice smith
10108,taylor rae almonte
10109,masumi asano
10110,dennis miller
10111,tord peterson
10112,ntonga mwanza
10113,christina hendricks
10114,adrienne pickering
10115,steve broad
10116,sean mccann
10117,drake bell
10118,ilham shaheen
10119,louis mandylor
10120,michelle williams
10121,rio ishino
10122,alessandro roja
10123,fabio audi
10124,sonya anand
10125,christopher borg
10126,miroslav donutil
10127,lee tergesen
10128,cody christian
10129,ambujakshi
10130,aleksandr ustyugov
10131,shardul bharadwaj
10132,amala paul
10133,karolina bruchnicka
10134,alina golovlyova
10135,daniel margotta
10136,dallas reid
10137,john paul tremblay
10138,sachiko murase
10139,roger álvarez
10140,jannik büddig
10141,pamela bowie
10142,shinshô nakamaru
10143,thomas meadmore
10144,kid cudi
10145,berte rommetveit
10146,jathisweran
10147,mitsuki takahata
10148,you taichi
10149,rosa bossi
10150,eike weinreich
10151,ed kross
10152,leah remini
10153,herbert bautista
10154,michelle ye
10155,kôji yakusho
10156,herbert lom
10157,dominic purcell
10158,gökhan atalay
10159,uno kanda
10160,teodor corban
10161,shannon conley
10162,do-won kwak
10163,brendan archer
10164,ravi patel
10165,bram van der vlugt
10166,thabo rametsi
10167,luciano federico
10168,shigenori yamazaki
10169,suhail nayyar
10170,ariane labed
10171,redouanne harjane
10172,laurence dourlens
10173,johan cruijff
10174,afonso padilha
10175,alex curletto
10176,jochen hägele
10177,sidse babett knudsen
10178,alana blanchard
10179,adamo dionisi
10180,emanuele bosi
10181,jenni baird
10182,asma abul-yazid
10183,denise black
10184,leandro hassum
10185,adjetey anang
10186,mark reay
10187,wojciech chorazy
10188,gayle king
10189,makoto furukawa
10190,gary oldman
10191,paopetch charoensook
10192,enric auquer
10193,fiorella pedrazzini
10194,brenda bakke
10195,keito tsuna
10196,j.j. arends
10197,noel areizaga
10198,detlev buck
10199,ken hudson campbell
10200,olivier gourmet
10201,agnese graziani
10202,tony blair
10203,gabriel bismuth-bienaimé
10204,osamah sami
10205,christian koza
10206,priyanka bose
10207,berry wen-i kuo
10208,saranya ponvannan
10209,raed saleh
10210,steve rubell
10211,christina pazsitzky
10212,pooja nayak
10213,irene miracle
10214,françois civil
10215,miki fujitani
10216,henry winkler
10217,steve backshall
10218,mizuki yamamoto
10219,michael fairman
10220,ward el kal
10221,carrie preston
10222,peter rowsthorn
10223,georgia king
10224,leni riefenstahl
10225,lisa maria potthoff
10226,károly gesztesi
10227,manikandan r. achari
10228,malcolm goodwin
10229,amaury nolasco
10230,harvey scrimshaw
10231,jenny richardson
10232,denai gracie
10233,harold hopkins
10234,quincy fouse
10235,javier guzman
10236,leslie ash
10237,olivia grzymala
10238,meriam bellina
10239,ailidh mackay
10240,zoey deutch
10241,haruna ikezawa
10242,maggie lawson
10243,harry jowsey
10244,tom everett scott
10245,katia krafft
10246,james marshall
10247,carole shelley
10248,david dencik
10249,adam rayner
10250,ana maría arango
10251,kazushige komatsu
10252,nil günal
10253,kika markham
10254,dionne monsanto
10255,sudheer karamana
10256,alexis arquette
10257,candy crowley
10258,tomas brickhill
10259,nicole grimaudo
10260,chau-wah yim
10261,jirina bohdalová
10262,lisa ortiz
10263,esteban safaniuk
10264,jingchu zhang
10265,juan ignacio cane
10266,daniel barcellos
10267,bernard safari
10268,sei andô
10269,vera farmiga
10270,mehran ahmadi
10271,raveena tandon
10272,sota aoyama
10273,rina ikoma
10274,alan livingston
10275,jerry harris
10276,jeff garlin
10277,adeola ariyo
10278,emily saliers
10279,shunsuke takeuchi
10280,miroslav krobot
10281,ryszard brozek
10282,radhika madan
10283,jonathan roumie
10284,ishita chauhan
10285,joseph millson
10286,max pfeifer
10287,sukki singapora
10288,jeanine mason
10289,conchita campbell
10290,mun-shik lee
10291,michelle lang
10292,robert kazinsky
10293,mindy robinson
10294,mitsuaki hoshino
10295,fiona hampton
10296,varot makaduangkeo
10297,robert klein
10298,rafal królikowski
10299,chuck liddell
10300,ángela molina
10301,aleks le
10302,tomasz karolak
10303,mi-so lee
10304,sandra ellis lafferty
10305,clémence poésy
10306,marilyn bamford
10307,harald kaiser hermann
10308,jordan rodrigues
10309,ryô nishikido
10310,toygun ates
10311,shatina chen
10312,hwang bo-ra
10313,lasse valdal
10314,dominik kowalczyk
10315,corey sevier
10316,ganjirô nakamura
10317,nina wähä
10318,john benjamin hickey
10319,andrew laws
10320,wiz khalifa
10321,jonathan morrill
10322,yûji oda
10323,jared leidich
10324,robin hodges
10325,carlson young
10326,ismail rasheed
10327,seung-jo jang
10328,shelley meskin
10329,saurabh saraswat
10330,natasha henstridge
10331,luna wedler
10332,isaure multrier
10333,yuriko yoshitaka
10334,sarah dumont
10335,daniel sarky
10336,slavko labovic
10337,chris tates
10338,erica lloyd
10339,elise gatien
10340,tiago barroso
10341,julie christie
10342,murat arkin
10343,bharath srinivasan
10344,frank grillo
10345,darren shahlavi
10346,nicholas woodeson
10347,emilia clarke
10348,chris brown
10349,hamish daud
10350,chelsea ricketts
10351,carla oudin
10352,jake glanville
10353,lena waithe
10354,kokoro morita
10355,brenda vaccaro
10356,silke becu
10357,bhagath baby manuel
10358,owen suskind
10359,archi adamos
10360,niki chow
10361,paul sambo
10362,carlos casella
10363,nico greetham
10364,da-won jeong
10365,donna kimball
10366,jim sturgess
10367,oabnithi wiwattanawarang
10368,jill basey
10369,najib amhali
10370,jackie radinsky
10371,kelly marie stewart
10372,andrew duvall
10373,george faughnan
10374,si-wan yim
10375,im yoon-ah
10376,serge livrozet
10377,sushama deshpande
10378,karl walter sprungala
10379,kelly paterniti
10380,kris jenner
10381,ahmed hassan
10382,alice dwyer
10383,hiroki nanami
10384,hunter page-lochard
10385,kate mulgrew
10386,tryggvi leifsson
10387,anthony edwards
10388,yûya asato
10389,tate donovan
10390,sharon taylor
10391,hemant dhome
10392,mark cuban
10393,eri kamataki
10394,yasin boynuince
10395,camille lellouche
10396,philip sayer
10397,mirza metin
10398,tiffany paige
10399,faune chambers watkins
10400,penélope cruz
10401,nova eliza
10402,laura tonke
10403,laurent lafitte
10404,yeshela crommelin
10405,asif ali
10406,in-sun jung
10407,wim opbrouck
10408,dilan çiçek deniz
10409,ryosuke koike
10410,darius rose
10411,paul hsu
10412,juliette lewis
10413,reinout scholten van aschat
10414,edita brychta
10415,aleck bovick
10416,kate kesselman
10417,asante blackk
10418,alexander skarsgård
10419,ari brickman
10420,raúl méndez
10421,freema agyeman
10422,valérie mairesse
10423,brune renault
10424,florence faivre
10425,vince swann
10426,laurie holden
10427,nigel bennett
10428,pedro campos
10429,julie bowen
10430,dan birnbaum
10431,jacqueline walters
10432,kelley
10433,david cross
10434,li ping chen
10435,emilio guzman
10436,shana dowdeswell
10437,luis fernández
10438,hiroaki masukawa
10439,maximilian meyer-bretschneider
10440,kristy galeota
10441,michiko nomura
10442,michalina swistun
10443,sherif salama
10444,katrin röver
10445,nirut sirichanya
10446,carolien spoor
10447,geoff bell
10448,johnny rose
10449,youssef hajdi
10450,joel murray
10451,anja jaenicke
10452,aml ameen
10453,gemma donati
10454,alex karpovsky
10455,tsuyoshi ihara
10456,gorka otxoa
10457,naoya gômoto
10458,andrea frigerio
10459,ga-rim han
10460,kiell smith-bynoe
10461,hanna brown
10462,charlotte rampling
10463,james mcavoy
10464,luke hewitt
10465,christa théret
10466,buzz aldrin
10467,glen powell
10468,matt damon
10469,miyuki matsuoka
10470,leora einleger
10471,randy mcpherson
10472,lucas black
10473,aure atika
10474,antonio sabato jr.
10475,brahim asloum
10476,puttachat pongsuchat
10477,hansika motwani
10478,miguel catalan
10479,yutaka takenouchi
10480,ricet barrier
10481,frank oz
10482,danielle darrieux
10483,burt lancaster
10484,yasufumi hayashi
10485,blake shelton
10486,mac davis
10487,joon lee
10488,delhi ganesh
10489,paul burrell
10490,saara chaudry
10491,phil lamarr
10492,marek kondrat
10493,karen mok
10494,jessica boone
10495,fredro starr
10496,logan gillies
10497,dyllan christopher
10498,mauricio argüelles
10499,machine gun kelly
10500,agustí villaronga
10501,sean t. krishnan
10502,aaron l. mcgrath
10503,omar aljabri
10504,bob carter
10505,anne-marie miéville
10506,joe bastianich
10507,bajram severdzan
10508,kumiko asô
10509,ted dykstra
10510,nicholas teo
10511,curtis retherford
10512,lucas papaelias
10513,lim ju-eun
10514,shawn adrian khulafa
10515,shinese harlins
10516,féodor atkine
10517,shahad alahmari
10518,jesse kove
10519,seung-hun kim
10520,scott takeda
10521,tom van dyck
10522,jadwiga jankowska-cieslak
10523,dave davis
10524,yukie nakama
10525,anna louw
10526,valeriia karaman
10527,jin-seo yoon
10528,carlo verdone
10529,daichi watanabe
10530,maciej zakoscielny
10531,ron smoorenburg
10532,axel prahl
10533,miho nakayama
10534,al gore
10535,lee van cleef
10536,vishal malhotra
10537,refal hady
10538,jake cuenca
10539,david shields
10540,lea stojanov
10541,noam chomsky
10542,mary carey
10543,sketch
10544,rachel melvin
10545,kishô taniyama
10546,pradhuman singh
10547,stephen fu
10548,lia mchugh
10549,alyssa trask
10550,jim rash
10551,isabel lucas
10552,lotte heijs
10553,mari natsuki
10554,jason diamond
10555,nat sakdatorn
10556,riko hisada
10557,kulothungan udayakumar
10558,joel spira
10559,claudia christian
10560,masaya onosaka
10561,terry klassen
10562,derek white
10563,andrey ivchenko
10564,lorenzo music
10565,gregor fisher
10566,kei inoo
10567,chris miller
10568,gary cooper
10569,steven hager
10570,miriam chin wah yeung
10571,darlene love
10572,suzie yeung
10573,mana ashida
10574,richard strange
10575,padmini
10576,paul schrade
10577,alyssa brindley
10578,chiaki kuriyama
10579,abdullah ibrahim
10580,michael kenneth fahr
10581,paloma arredondo
10582,braxton hale
10583,sophie kennedy clark
10584,hiro shimono
10585,eul-dong kim
10586,ben kronberg
10587,will tsai
10588,ku ijima
10589,sheng-hao wen
10590,claudia pandolfi
10591,chico caprario
10592,beau billingslea
10593,hiroyuki yoshino
10594,vanessa lachey
10595,hilary whitehall
10596,esther goh
10597,sa-rang kim
10598,jeff branson
10599,jelka van houten
10600,yiu-tong lee
10601,taku yashiro
10602,ramon besa
10603,michael j. fox
10604,stephen dillane
10605,jim gamble
10606,jimmy jean-louis
10607,tyce bune
10608,victor rodriguez
10609,peter magnusson
10610,petra hrebícková
10611,iulian postelnicu
10612,aleksandr robak
10613,aina yamada
10614,chien-ho wu
10615,aparshakti khurana
10616,fabrice chaperon
10617,takaya hashi
10618,mike epps
10619,harriet carmichael
10620,doug allen
10621,kapócs panka
10622,waldemar kobus
10623,toby jones
10624,justin mark
10625,kimberly chia
10626,tara strong
10627,rudy blomme
10628,valerie planche
10629,sasheer zamata
10630,christo gomes
10631,alicia vikander
10632,jason o'mara
10633,johnny simmons
10634,tracy goode
10635,adrienne defaria
10636,rita ramnani
10637,ashley cowie
10638,miranda may
10639,sebastian de souza
10640,meegan warner
10641,jackie clune
10642,hanssel casillas
10643,paul louis muller
10644,kad merad
10645,euridice axen
10646,natalia warner
10647,maile flanagan
10648,soma chhaya
10649,arya
10650,yoshiaki hanayagi
10651,j. evan bonifant
10652,sabrina seyvecou
10653,lenny juma
10654,william wing hong so
10655,jeff collins
10656,kristýna boková
10657,hana sugisaki
10658,edward norton
10659,ae-sim kang
10660,james cooley
10661,etienne lavigne
10662,inga berger schou
10663,silvia rey
10664,robin bourland
10665,lindsay czarniak
10666,davy gomez
10667,emília vásáryová
10668,pihla viitala
10669,ko asung
10670,sutatta udomsilp
10671,liam mcmahon
10672,jane monckton-smith
10673,hua liu
10674,yon gonzález
10675,richard bellos
10676,eduardo lloveras
10677,miranda otto
10678,daman mills
10679,oris erhuero
10680,lily tomlin
10681,denis ménochet
10682,elisabet carlsson
10683,joe cantamessa
10684,minako ogawa
10685,park ho-san
10686,london hughes
10687,atsushi tamura
10688,masahiko nishimura
10689,elizabeth reaser
10690,rj hermes
10691,jakub sárka
10692,justin huen
10693,fernando alonso
10694,alexander rendell
10695,emily kusche
10696,laura nirider
10697,medaka ikeno
10698,jayaram
10699,phil spector
10700,tsuyoshi dômoto
10701,olga karlatos
10702,ingrid bergman
10703,symera jackson
10704,rhys coiro
10705,samantha gracie
10706,brandon phillips
10707,martyn ford
10708,b-real
10709,christoph sanders
10710,bobby tonelli
10711,jeanne tripplehorn
10712,chris phillips
10713,pierre taki
10714,juliet rylance
10715,allen rené louis
10716,vanessa szamuhelova
10717,julius cho
10718,martha howe-douglas
10719,flula borg
10720,inaamulhaq
10721,elith nulle nykjær
10722,celina sinden
10723,edward ashley
10724,shivam patil
10725,zélie boulant
10726,amyra rosli
10727,ibnu jamil
10728,sergiu anghel
10729,jacob tierney
10730,rena matsui
10731,vanna urbino
10732,tami erin
10733,agnieszka wiedlocha
10734,michael coleman
10735,philippine stindel
10736,garrett hedlund
10737,ankit raaj
10738,pauline etienne
10739,david schwimmer
10740,ben phillips
10741,j. michael finley
10742,thiago prade
10743,dexter hammett
10744,ömer duran
10745,matt mira
10746,eric bana
10747,marcello novaes
10748,johanna wokalek
10749,eric draper
10750,koyuki
10751,kenta kiritani
10752,toshirô yanagiba
10753,hussina raja
10754,takahiro
10755,karim tougui
10756,bill sage
10757,yi-wen chen
10758,hyun-chul cho
10759,tracee ellis ross
10760,simona brown
10761,ruth vega fernandez
10762,wilder s. patton
10763,amund harboe
10764,bikram choudhury
10765,nyncke beekhuyzen
10766,mieko harada
10767,mohamed alkendi
10768,maher bsaibes
10769,sonja morgan
10770,roselyn sanchez
10771,deepa venkat
10772,theodore bouloukos
10773,haruhiko katô
10774,yoani sanchez
10775,ashish verma
10776,michael angarano
10777,won-hong choi
10778,owen campbell
10779,jean maguire
10780,mihiresh joshi
10781,robert prosky
10782,ronan farrow
10783,charin alvarez
10784,minerva casero
10785,rick gonzalez
10786,murat onbul
10787,tirso cruz iii
10788,dave legeno
10789,amber rose revah
10790,mette towley
10791,simone singh
10792,mohamed elsouisy
10793,regina taylor
10794,saeed jaffrey
10795,kylie rogers
10796,joy bryant
10797,yi-yeong shim
10798,carel nel
10799,joe fontana
10800,aeril zafrel
10801,larissa schmitz
10802,petr vanek
10803,sharni vinson
10804,richard lambeth
10805,ludivine sagnier
10806,checco zalone
10807,matt mercer
10808,amy bond
10809,mirela cioaba
10810,groucho marx
10811,thomas sadoski
10812,terry donahue
10813,arturo barba
10814,shepard fairey
10815,mahmood hemaidah
10816,isaiah mccaffrey
10817,henri-noël tabary
10818,lauren ford
10819,sarah shahi
10820,gull-maj norin
10821,craig robinson
10822,pentti siimes
10823,kate vernon
10824,honora
10825,gemma arterton
10826,drew
10827,jitendra kumar
10828,tomomitsu adachi
10829,nakai takawira
10830,joselyn dumas
10831,david carroll
10832,hiam abou chedid
10833,joe cobden
10834,heike makatsch
10835,flor decleir
10836,prastuti parasar
10837,heath ledger
10838,pariyachat limthammahisorn
10839,atsushi tsutsumishita
10840,burghart klaußner
10841,oliver arrild
10842,kaitlin olson
10843,darren criss
10844,pascale arbillot
10845,della dartyan
10846,lara gissing
10847,nadine kirschon
10848,kathryn davis
10849,karolina czarnecka
10850,caner cindoruk
10851,shin'nosuke abe
10852,harland williams
10853,homayoun ershadi
10854,noah kaye bentley
10855,jessica barth
10856,deepak subramanya
10857,marilyn monroe
10858,eugenia bosânceanu
10859,eleonora brown
10860,chalice blythe
10861,yûka
10862,henri labussière
10863,asmaa lazrak
10864,william allen young
10865,grant bowler
10866,sharanya
10867,sergio peris-mencheta
10868,reiko takashima
10869,henrik koefoed
10870,frank madigan
10871,caroline mcquade
10872,aurora perrineau
10873,takumi saitoh
10874,lori bernier
10875,binnu dhillon
10876,chong-ok bae
10877,caitlin ary
10878,tez ilyas
10879,bobby larios
10880,asuka aizawa
10881,julie ann emery
10882,øyvind hagen-traberg
10883,asher miles fallica
10884,søren thomsen
10885,michael monks
10886,oscar cheda
10887,sana javed
10888,laurence naismith
10889,emily holmes
10890,rokeya prachy
10891,jirayu tangsrisuk
10892,brian dobson
10893,johan widerberg
10894,zakir hussain
10895,sien eggers
10896,jay oakerson
10897,ko zandvliet
10898,hans-jürgen brennecke
10899,megumi hayashibara
10900,jake busey
10901,mehdi benatia
10902,sabina guzzanti
10903,rena tanaka
10904,hadewych minis
10905,mohsen tanabandeh
10906,darryl cooksey
10907,jeff speakman
10908,ünal yeter
10909,sullivan stapleton
10910,misaki watada
10911,won-jin ahn
10912,michael mitton
10913,mo bakker
10914,sara stewart
10915,wilfred breistrand
10916,colin o'donoghue
10917,kim min-suk
10918,laia costa
10919,sahr ngaujah
10920,louise de los reyes
10921,paran banerjee
10922,melissa garcia
10923,lari white
10924,michael b. banffy
10925,aaron mccusker
10926,angela schijf
10927,vonny cornellya
10928,mirei sasaki
10929,bubba smith
10930,hiro mizushima
10931,lauren socha
10932,masato sakai
10933,erika karata
10934,diana gitelman
10935,gaurav sharma
10936,pablo schreiber
10937,abby gamache
10938,woody allen
10939,allan hawco
10940,joel gretsch
10941,akemi yamaguchi
10942,amanda rea
10943,chuck mccann
10944,victor verhaeghe
10945,john billingsley
10946,sandi toksvig
10947,fei hua
10948,anthony franciosa
10949,patricia kalis
10950,ewa wisniewska
10951,allan mustafa
10952,laura san giacomo
10953,catherine jacob
10954,arthur dupont
10955,jun-ho choi
10956,tarusuke shingaki
10957,shiu hung hui
10958,giulia anchisi
10959,robert plagnol
10960,michael rapaport
10961,craig mums grant
10962,pamela jordán
10963,rachael deering
10964,dhansika
10965,leona vaughan
10966,sanjay kapoor
10967,deron horton
10968,peyman ghassemkhani
10969,abel morrison
10970,mauro chuchon
10971,sheila vand
10972,kai maahs
10973,troy baker
10974,ian buruma
10975,guillermo hilversum
10976,lotte andersen
10977,kenji mizuhashi
10978,maxwell simkins
10979,billy kametz
10980,maria cristina maccà
10981,karl bille
10982,marco d'amore
10983,adam tuominen
10984,karl glusman
10985,keisha
10986,jana lee hamblin
10987,rin asuka
10988,glenn plummer
10989,larry miller
10990,yeon je hyung
10991,konomi watanabe
10992,james tarpey
10993,jasper schuringa
10994,greg gorman
10995,berat efe parlar
10996,jonathan lipnicki
10997,dave duffy
10998,hiro kanagawa
10999,gregorio
11000,ali moffatt
11001,kim soo-hyun
11002,dinesh kumar
11003,stephen odubola
11004,rakul preet singh
11005,julian wadham
11006,yasemin sakallioglu
11007,taylor john smith
11008,scottie thompson
11009,leonardo astrada
11010,michael barryte
11011,michael mcconnohie
11012,yuh-jung youn
11013,martin henderson
11014,george basil
11015,tom felton
11016,magdalena niec
11017,cyrielle clair
11018,metawin opas-iamkajorn
11019,maximilian simonischek
11020,darrin bragg
11021,sridevi
11022,john saxon
11023,miriam flynn
11024,john coltrane
11025,alyvia alyn lind
11026,brian maya
11027,michelle yeoh
11028,iris berben
11029,virginia rodrigues
11030,sin-cheol kang
11031,ryôhei suzuki
11032,peter harris
11033,awatea mita
11034,anna maxwell martin
11035,natasa burger
11036,barry igujie
11037,sanghmitra hitaishi
11038,zachary quinto
11039,rodrigo duarte clark
11040,z. charles bolton
11041,perry mattfeld
11042,james brady
11043,jonathan ross
11044,tiril eeg-henriksen
11045,sebastián rulli
11046,heléne lombard
11047,lois ayres
11048,geraldine chaplin
11049,paul watson
11050,dida maia
11051,barry ward
11052,jasper holt-teza
11053,kate bosworth
11054,sofía gala castiglione
11055,kevin zegers
11056,roberto farías
11057,rosamund kwan
11058,ebon moss-bachrach
11059,kevin dorman
11060,thora birch
11061,edward bosco
11062,maya zapata
11063,robbie friedman
11064,alfred macadam
11065,christopher mccann
11066,paris intarakomalyasut
11067,stéphanie papanian
11068,marcelo adnet
11069,michael habeck
11070,lin yi
11071,tekola cornetet
11072,wedad hamdy
11073,amanda chu
11074,paul giamatti
11075,kou nanase
11076,antony varghese
11077,kanako higuchi
11078,abhishek sharma
11079,steven bognar
11080,george harrison
11081,megumi hamada
11082,dj qualls
11083,zaira wasim
11084,javier batiz
11085,ankah bello
11086,antonio mendoza
11087,gilbert gottfried
11088,marta holm peschcke-køedt
11089,eva dahlbeck
11090,simone colombari
11091,michael hitchcock
11092,ambra angiolini
11093,lucien dodge
11094,ken nakamoto
11095,bess meyer
11096,nobuko miyamoto
11097,lindsay j. hall
11098,john carroll lynch
11099,amiyah scott
11100,maury sterling
11101,jimmy kimmel
11102,jeph loeb
11103,guillaume baillargeon
11104,deborah ann woll
11105,brittany raymond
11106,ray corasani
11107,whoopi goldberg
11108,joel bamford
11109,aaron taylor-johnson
11110,hwang jeong-eum
11111,jonas smulders
11112,toygan avanoglu
11113,faizon love
11114,weixin zhang
11115,iliza shlesinger
11116,ko shibasaki
11117,natalia de molina
11118,jordan jeffrey brown
11119,adele perovic
11120,kevin durant
11121,ondassyn bessikbassov
11122,sathyaraj
11123,alan ritchson
11124,biyouna
11125,gian maria volontè
11126,adam trese
11127,omar guazzelli
11128,michel roux jr.
11129,evelyne brochu
11130,hiromi tsuru
11131,ida dwinger
11132,elif dogan
11133,mehdi nebbou
11134,john candy
11135,karim abdel aziz
11136,magda crudelli
11137,aden young
11138,irán castillo
11139,tom waes
11140,elijah rodriguez
11141,jacob scipio
11142,nicolas marié
11143,lucius hoyos
11144,richard akinlade
11145,kurt egyiawan
11146,amir tessler
11147,shahir chundra
11148,david berni
11149,kira tozer
11150,david diamante
11151,laci j mailey
11152,paul carrick brunson
11153,isiah whitlock jr.
11154,anatoli davydov
11155,liv lisa fries
11156,vincenzo amato
11157,carué conteiras
11158,daniel bartkewicz
11159,deborah aquila
11160,klaus wennemann
11161,surinder shinda
11162,nathan jones
11163,george p. wilbur
11164,sôichirô hoshi
11165,yoshiko tanaka
11166,antony mello
11167,niall horan
11168,iza machado
11169,mandy patinkin
11170,jerry desmonde
11171,aeona cruz
11172,joris jarsky
11173,drew casson
11174,tyrel jackson williams
11175,michelle alexander
11176,reina triendl
11177,lizzy greene
11178,robert duvall
11179,tony kgoroge
11180,jakob schøyen andersen
11181,tressa silguero
11182,wilfried loll
11183,ya-chu yang
11184,daniel green
11185,martin short
11186,quincy brown
11187,éleonore 'lele' senlis
11188,sam reid
11189,cinthya carmona
11190,nobuo kaneko
11191,mercedes lambre
11192,ric flair
11193,andrew jacobs
11194,david kaczynski
11195,renny tan
11196,andrew howard
11197,alex freeman
11198,pathy dejesus
11199,morné visser
11200,tom basden
11201,mateusz banasiuk
11202,shiori yonezawa
11203,alfonso herrera
11204,cibi bhuvana chandran
11205,lena nyman
11206,shantee g.
11207,julia kijowska
11208,volker bruch
11209,nick gomez
11210,juan pablo barragán
11211,bruce springsteen
11212,mofe duncan
11213,reina asami
11214,fui-on shing
11215,raini rodriguez
11216,wheeler oakman
11217,leysha mange
11218,michal suchánek
11219,micah shapero
11220,sarutoki minagawa
11221,pernilla august
11222,ececan gümeci
11223,dalip tahil
11224,jojo goh
11225,gary raymond
11226,luíza gabriel
11227,cg lewis
11228,sergi lópez
11229,mayu matsuoka
11230,uta hagen
11231,veronica d'agostino
11232,barbara tabita
11233,victor yerrid
11234,grigore vasiliu-birlic
11235,bob bondurant
11236,andrew wyatt
11237,isha rikhi
11238,james murray
11239,nichelle nichols
11240,seon-yeong park
11241,suzuka ohgo
11242,anthony quintarius
11243,sandro iannotta
11244,choppy guillotte
11245,kate capshaw
11246,yumiko fujita
11247,tommy passemante
11248,donald faison
11249,demet gül
11250,joe keery
11251,raoul bhaneja
11252,felisha cooper
11253,aki omoshaybi
11254,minori chihara
11255,dennis quaid
11256,camilla jo-ann daries
11257,adrián salzedo
11258,jessica harper
11259,lisa cheng
11260,matthew zuk
11261,tamara kiper
11262,show hayami
11263,ill-young kim
11264,darlan cunha
11265,alexa demie
11266,vincent perez
11267,ivan kokorin
11268,dana elcar
11269,ha seok-jin
11270,peter jason
11271,rodger parsons
11272,blanca soto
11273,valentina carnelutti
11274,michael bader
11275,arthur mazet
11276,hande subasi
11277,jordan long
11278,leon belasco
11279,neil degrasse tyson
11280,bebe kelly
11281,kumud mishra
11282,mick øgendahl
11283,evan boymel
11284,joshua jackson
11285,lauren carlos
11286,yûma nakayama
11287,brian gleeson
11288,theresa edem
11289,earlene stevens
11290,per myrberg
11291,zynnell zuh
11292,james d'arcy
11293,rick rosas
11294,tharoth sam
11295,griffin cleveland
11296,maika monroe
11297,tiphaine daviot
11298,gara takashima
11299,afra saraçoglu
11300,trilby glover
11301,sam benjamin
11302,arjun kapoor
11303,diego maradona
11304,brenda ballard
11305,shelley duvall
11306,meghan ory
11307,wendy barrie
11308,daniel weber
11309,scott menville
11310,øyvind b. fabricius holm
11311,chris spyrides
11312,tamara balsamides
11313,joan severance
11314,sachie hirai
11315,jeremy rowley
11316,vinod kulkarni
11317,nana katase
11318,yuriy chursin
11319,ramazan demir
11320,nonie shiverick
11321,wade robson
11322,bruce beatty
11323,james badge dale
11324,jade tailor
11325,kylee evans
11326,olivia cheng
11327,masane tsukayama
11328,gautam belur
11329,ankur vikal
11330,eliza taylor
11331,nerida bronwen
11332,kemal taha akgül
11333,chieko matsubara
11334,antoni pawlicki
11335,genellyn driver
11336,hye-jung cho
11337,eun-ji jung
11338,chester
11339,steve oram
11340,tolu ogunmefun
11341,ciara alexys
11342,lalita pawar
11343,waheeda rehman
11344,katie gray
11345,joaquín furriel
11346,daniel lapaine
11347,tomokazu miura
11348,madoka yonezawa
11349,ky-mani marley
11350,jessica barden
11351,cheyne collins
11352,victoria baldesarra
11353,eli rosenbaum
11354,maxene magalona
11355,kathy baker
11356,spencer stone
11357,víctor cárdenas
11358,sab shimono
11359,jay hatton
11360,celeste headlee
11361,jean-baptiste alaize
11362,raoul bova
11363,mingjie luo
11364,abio abie
11365,yûjirô ishihara
11366,aimi samir ghanem
11367,issa rae
11368,srinivas ayyagari
11369,kristine debell
11370,sukollawat kanarot
11371,harold bergman
11372,steven foorer
11373,antonio alveario
11374,paz vega
11375,gad elmaleh
11376,aditya srivastav
11377,sergio mur
11378,te-kai liu
11379,lee jeong-eun
11380,marta martin
11381,natasha leggero
11382,friederike kempter
11383,timothy paul mccarthy
11384,r.g. armstrong
11385,miranda cosgrove
11386,shadi al safadi
11387,zoila gonzalez
11388,matt passmore
11389,alvaro díaz
11390,ian nelson
11391,liv hewson
11392,charlotte beaumont
11393,daniel desanto
11394,jamie-lynn sigler
11395,renuka shahane
11396,ken lo
11397,ioana flora
11398,ye gao
11399,cauã reymond
11400,wavyy jonez
11401,steffen haars
11402,michael mando
11403,daiki hamano
11404,jane alderson
11405,douglas m. griffin
11406,yvonne strahovski
11407,dong-gap seo
11408,maría mera
11409,bernard behrens
11410,rae gray
11411,rahul khanna
11412,mathew horne
11413,chester ludgin
11414,vithaya pansringarm
11415,meng lo
11416,guillaume dolmans
11417,charlene beck
11418,eiko nakamura
11419,anca radici
11420,christian gaul
11421,bobby hirston
11422,william jordan
11423,dingdong dantes
11424,richie campbell
11425,jon abrahams
11426,liron vaisman
11427,john curley
11428,john connor
11429,alakina mann
11430,masahiro kômoto
11431,jillian estell
11432,rutina wesley
11433,aysha shahaltough
11434,taraneh alidoosti
11435,stephanie moore
11436,snow
11437,gary t. carlin
11438,brandon stanley
11439,sophie von kessel
11440,nick purcha
11441,song kang
11442,youssef fakhr eddine
11443,ryûsei nakao
11444,gwei lun-mei
11445,cheran
11446,ingeborga dapkunaite
11447,edward connell
11448,lauren aboulafia
11449,konstantin khabenskiy
11450,aria noelle curzon
11451,anushka shetty
11452,claudia galli
11453,justin castor
11454,romina peluffo
11455,diane farr
11456,sachiko chijimatsu
11457,pierre fresnay
11458,roeland fernhout
11459,lukas schwarz
11460,chico marx
11461,kôhei murakami
11462,elena lyadova
11463,theresa russell
11464,philippine leroy-beaulieu
11465,alec guinness
11466,dave zabriskie
11467,kyla rae kowalewski
11468,sahar assaf
11469,aaron kwok
11470,sahin irmak
11471,vicente cohn
11472,alexander vlahos
11473,marcela vargas
11474,faran tahir
11475,lauren lindsey donzis
11476,thomas niehaus
11477,erik knudsen
11478,michael pollan
11479,muhammad salah
11480,ilaria spada
11481,óscar ladoire
11482,frank morgan
11483,isabelle renauld
11484,kevin laroy
11485,steven pasquale
11486,tom foster
11487,gohar rasheed
11488,tasuku nagaoka
11489,moo-seong choi
11490,hélène de fougerolles
11491,eman el-assy
11492,david jason
11493,ming-dow
11494,simon greenall
11495,madison iseman
11496,peter h. gilmore
11497,tithi kabir
11498,byron bowers
11499,josh carlson
11500,chih-chieh ti
11501,maria pakulnis
11502,diane guerrero
11503,peng lin
11504,suzanne grey
11505,christian escribà
11506,dagny rollins
11507,sonya davison
11508,yuval semo
11509,douglas lim
11510,lynsey taylor mackay
11511,claire geare
11512,heather locklear
11513,richard berry
11514,indra ové
11515,stéphane jobert
11516,barbara burska
11517,ronnie schell
11518,madison mckinley
11519,christopher leveaux
11520,arnaud giovaninetti
11521,peter kenney
11522,pruthviraj
11523,zainab jah
11524,natsuko kobayashi
11525,mathias vergels
11526,christian campbell
11527,kea peahu
11528,sendrayan
11529,alosian vivancos
11530,kierston wareing
11531,hana laslo
11532,david hasselhoff
11533,harry hamlin
11534,megumi kobayashi
11535,laura harring
11536,bernadett ostorhazi
11537,arnold bertram
11538,peter jöback
11539,miriam giovanelli
11540,allen chen
11541,john gielgud
11542,sabrina seara
11543,seane mele
11544,meiko kaji
11545,shogou hama
11546,aaron burns
11547,jesse moss
11548,barbara snellenburg
11549,caio blat
11550,alex roe
11551,matthew ashforde
11552,jessica tovey
11553,jozef kroner
11554,david mazouz
11555,seth camillo
11556,nicolás furtado
11557,radek pastrnák
11558,tamannaah bhatia
11559,riki takeuchi
11560,tyler galindo
11561,elizaveta boyarskaya
11562,silvio simac
11563,carlos castano
11564,kim haugen
11565,egon holmquist
11566,ho joon son
11567,greg johnson
11568,christian einshøj
11569,tim downie
11570,gbemisola ikumelo
11571,michael alison
11572,eric vale
11573,kees hulst
11574,tehn diamond
11575,myung-gon kim
11576,florencia peña
11577,rafael spregelburd
11578,nicolae praida
11579,leif tilden
11580,jesse ray sheps
11581,amelia pidgeon
11582,alexandru papadopol
11583,fred rogers
11584,ryan destiny
11585,çagdas onur öztürk
11586,emily neves
11587,carrie brownstein
11588,katherine kennedy
11589,diljit dosanjh
11590,rajesh sharma
11591,li ma
11592,takuya kimura
11593,micah solusod
11594,han-byeol park
11595,shannon emerick
11596,ama k. abebrese
11597,dat gia hoang
11598,kim hee-seon
11599,winai kraibutr
11600,rijk aardse
11601,hugo arbues
11602,salva reina
11603,paula cohen
11604,ethan juan
11605,teresa mo
11606,aisha takow
11607,ana de la reguera
11608,lee armstrong
11609,kan'ichi kurita
11610,alan sabbagh
11611,alexis dziena
11612,charlie storwick
11613,joel david moore
11614,robert popper
11615,monica horan
11616,jim yong kim
11617,scott cavalheiro
11618,annemarie blanco
11619,yûki ogoe
11620,dan allen
11621,ludi lin
11622,yuki matsuoka
11623,shafqat cheema
11624,reggie watts
11625,kelly chapek
11626,ferron de wit
11627,michael jackson
11628,kevin jonas
11629,tedd chan
11630,stephanie sy
11631,miyoko inagawa
11632,alysha umphress
11633,jack binstead
11634,sarah megan thomas
11635,oh jeong-se
11636,tabita
11637,diego torraca
11638,hussain al hosani
11639,venida browder
11640,sgt. hernandez
11641,daniel sharman
11642,napaphat worraphuttanon
11643,kris wu
11644,john sharian
11645,haruma miura
11646,jacob ewaniuk
11647,geddy lee
11648,zethu dlomo
11649,aorere paki
11650,kasi hallowell
11651,eung-soo kim
11652,ann reinking
11653,hisayoshi togo
11654,jonathan hyde
11655,eri kitamura
11656,tomohisa yamashita
11657,yoshihiro nozoe
11658,anand tiwari
11659,joseph bou nassar
11660,shania twain
11661,emir seghir
11662,asim chaudhry
11663,morris chestnut
11664,talulah riley
11665,sope dirisu
11666,milhem cortaz
11667,alberto rosende
11668,christer fant
11669,megan thomas bradner
11670,bd wong
11671,walker boone
11672,josé sacristán
11673,jean-françois cayrey
11674,marre gaffigan
11675,hiroyuki sanada
11676,tone bell
11677,casey hooper
11678,diego boneta
11679,anton pampushnyy
11680,ben gazzara
11681,fortunato cerlino
11682,brian cashman
11683,connor price
11684,anastasiya akatova
11685,martin ballantyne
11686,martin finger
11687,andy chen
11688,kaneta kimotsuki
11689,russell tovey
11690,bhaskar jha
11691,nikolaj coster-waldau
11692,miho arakawa
11693,brian fortune
11694,victor cruz
11695,kiele sanchez
11696,george sanders
11697,byeol kang
11698,katie mcgrath
11699,rachel mohlin
11700,ravel cabral
11701,ed neil
11702,michael vartan
11703,polly walker
11704,bob marley
11705,adam pally
11706,fen auntie
11707,sarah jessica parker
11708,maximilian mundt
11709,richard ridings
11710,djédjé apali
11711,angela fontana
11712,pawan malhotra
11713,daragh o'malley
11714,seung-su kim
11715,toshio furukawa
11716,jim lehrer
11717,mikio ohsawa
11718,molesta ewenement
11719,max greenfield
11720,secun de la rosa
11721,gorô kishitani
11722,yûsuke santamaria
11723,wayne brady
11724,bjørn myrene
11725,charlotte hervieux
11726,silvio guindane
11727,amandeep singh
11728,jirí dvorák
11729,tianyu ma
11730,jack hedley
11731,dagmar havlová
11732,daniel zovatto
11733,paul haggis
11734,smita tambe
11735,hannah cagwin
11736,beatrice bruschi
11737,laurie metcalf
11738,keir dullea
11739,olga boladz
11740,julian sands
11741,olivia newton-john
11742,neelu kohli
11743,jo jung-suk
11744,judith akuta
11745,michael paré
11746,kevin julio
11747,kartikeya gummakonda
11748,mia farrow
11749,abigail spencer
11750,luke tennie
11751,luca murphy
11752,hayden panettiere
11753,quintessa swindell
11754,leslie easterbrook
11755,megan lai
11756,utpal dutt
11757,ninia benjamin
11758,kenneth copeland
11759,julene renee
11760,daniel cudmore
11761,florencia bertotti
11762,mary kay bergman
11763,andré bishop
11764,millie davis
11765,dijon talton
11766,sigridur benediktsdottir
11767,tibor gáspár
11768,laïty fall
11769,phyllida law
11770,laura londoño
11771,maria dragus
11772,camila sodi
11773,michael parks
11774,alberto sordi
11775,wu ma
11776,bethan leadley
11777,thomas acda
11778,birgit schuurman
11779,bill rogers
11780,matei dima
11781,sayaka kanda
11782,jamie croft
11783,bruno
11784,anja sommavilla
11785,orlando jones
11786,christian camargo
11787,nigel o'neill
11788,darío valenzuela
11789,evany rosen
11790,daniel dantas
11791,nick krause
11792,ada pan
11793,melissa henderson
11794,toshiyuki nishida
11795,julie dretzin
11796,rita redberg
11797,michael c. hall
11798,asuma
11799,honey shain
11800,naomi hosokawa
11801,leeanna walsman
11802,bahadur
11803,blanka györfi-tóth
11804,jon øigarden
11805,tiaré scanda
11806,craig t. nelson
11807,andré dussollier
11808,marie rivière
11809,maddie phillips
11810,teddy maurya
11811,andreas apergis
11812,cameron dallas
11813,dani kind
11814,jordin sparks thomas
11815,amit sadh
11816,lou roy-lecollinet
11817,jonah hauer-king
11818,susannah harker
11819,tanika lonesborough
11820,ali samadi ahadi
11821,mike haimoto
11822,linda chu
11823,aditi vasudev
11824,carla tous
11825,samuel beau reurekas
11826,corbin bleu
11827,gudrun okras
11828,yûki himura
11829,johana tesarová
11830,kim kyung-nam
11831,david matranga
11832,illeana douglas
11833,diana muldaur
11834,lisa rinna
11835,maeve jinkings
11836,rachel mason
11837,ari einleger
11838,alain choquet
11839,renee albert
11840,ella anderson
11841,mylene dizon
11842,akosua busia
11843,eloise wong
11844,haifa wehbe
11845,kelly tanapat
11846,leslie zemeckis
11847,carol kane
11848,danilo gentili
11849,kabir sajid
11850,mike shurley
11851,haley webb
11852,jean-claude donda
11853,kevin claydon
11854,bengal
11855,tinesh sarathi krishnan
11856,jay mohr
11857,caitlyn bairstow
11858,nozipho nkelemba
11859,eva mendes
11860,tom d'andrea
11861,gillie fitz
11862,sarah silverman
11863,adin rudd
11864,michael moriarty
11865,yijuan li
11866,wang qiu zi
11867,charlie kerr
11868,fátima molina
11869,chris webster
11870,theo breaux
11871,dan levy
11872,paula malia
11873,ranee campen
11874,funke akindele
11875,bobby van vleuten
11876,cara delevingne
11877,persis khambatta
11878,thomas speed
11879,fero walandouw
11880,sonia laplante
11881,ismael contreras
11882,kishori ballal
11883,mike o'brian
11884,jeffrey tambor
11885,charles denner
11886,simon oliveira
11887,sebastián wainraich
11888,mauricio navas
11889,brian van holt
11890,yuya hirata
11891,tj trinidad
11892,maria menado
11893,kenta kamakari
11894,grazyna barszczewska
11895,shin'ya tsukamoto
11896,francisco franco
11897,psoy korolenko
11898,ryun jo
11899,travis barker
11900,jodi balfour
11901,john ashby
11902,hyun-jung go
11903,morgan lily
11904,laurie anderson
11905,tina ambani
11906,rainn wilson
11907,betty gilpin
11908,jim ross
11909,sukonthawa koetnimit
11910,maggie nichols
11911,jake mclaughlin
11912,marcus t. paulk
11913,blake cooper
11914,thawat pornrattanaprasert
11915,xian lim
11916,takanori jinnai
11917,dan lau
11918,jon seda
11919,michole briana white
11920,nilay gök
11921,tahir burhan
11922,mélanie bernier
11923,alison pill
11924,barnabás horkay
11925,albert rudbeck lindhardt
11926,daniel amerman
11927,clarissa dickson wright
11928,raashi khanna
11929,susanne hörnquist
11930,guillaume lemay-thivierge
11931,alicia banit
11932,michael b. jordan
11933,judy reyes
11934,juan carlos cruz
11935,ananda everingham
11936,daren kagasoff
11937,stephen amell
11938,gaspard ulliel
11939,matt fraser
11940,saku momose
11941,griffin murray-johnston
11942,meshal aljaser
11943,sheri moon zombie
11944,freddy rodríguez
11945,zach leblanc
11946,michael lucas
11947,noemi brazzoli
11948,marta kessler
11949,kit harington
11950,roberto bonfim
11951,peter dalle
11952,reiko tajima
11953,josh hamilton
11954,pilou asbæk
11955,aleksandr tyutin
11956,chisa yokoyama
11957,ellen burstyn
11958,ryôta ôsaka
11959,paul sanchez
11960,rachel williams
11961,emily watson
11962,oliver dimsdale
11963,greg poehler
11964,tamara fischer
11965,erin bethea
11966,deedee magno
11967,taiga nakano
11968,dal-su oh
11969,luis zahera
11970,hoa xuande
11971,judy ho
11972,anton yelchin
11973,shahab hosseini
11974,jia hui siau
11975,debi mazar
11976,gia bay
11977,kathleen rose perkins
11978,gus birney
11979,rumi kasahara
11980,jean-pierre lazzerini
11981,yeo-bin jeon
11982,ilker ayrik
11983,iain mcnally
11984,pilar
11985,toshi toda
11986,mark lee
11987,noah byström
11988,russell wong
11989,takako fuji
11990,nicola walker
11991,hou ren choo
11992,kerttisak udomnak
11993,wilmer valderrama
11994,wendell pierce
11995,zeeshan ali
11996,boutros boutros-ghali
11997,joan hackett
11998,obada adnan
11999,michael lonsdale
12000,gemma hoskins
12001,josé luis ferrer
12002,deeksha joshi
12003,anna claire bartlam
12004,rebecca griffiths
12005,petra gocheva
12006,kahina carina
12007,mohit raina
12008,géraldine nakache
12009,simran kaur mundi
12010,tamara taylor
12011,vimal
12012,neta garty
12013,ken olandt
12014,mahira khan
12015,chace crawford
12016,andreo kamau
12017,michiko neya
12018,lili reinhart
12019,aileen henry
12020,samantha isler
12021,perry king
12022,juliette ashby
12023,brad webb
12024,péter nagy
12025,hisako kanemoto
12026,yuri danilochkin
12027,ricardo chavira
12028,arthur dean
12029,raphaël personnaz
12030,katharine towne
12031,eamonn walker
12032,nori satô
12033,greta ragusa
12034,rose mciver
12035,daniel boulanger
12036,michelle obama
12037,fred abrahams
12038,lukas behnken
12039,paul wesley
12040,shirô mifune
12041,sanaj naval
12042,christian oliver
12043,florin ghioca
12044,lena anderson
12045,david costabile
12046,lene lai
12047,liverpool f.c.
12048,géza röhrig
12049,sam fidler
12050,gruschenka stevens
12051,stephen mangan
12052,bob odenkirk
12053,do-yoon jang
12054,gaylon beason
12055,nova villa
12056,yi-kyeong lee
12057,thomas albritton
12058,melba moore
12059,jacques bailly
12060,nelson camayo
12061,yilmaz erdogan
12062,lee do-hyun
12063,supakorn kitsuwon
12064,jessie rusu
12065,toni romiti
12066,caroline catz
12067,jirô kokubu
12068,lisa france
12069,seon-hee lee
12070,richard webber
12071,nandita das
12072,marin
12073,sushant singh rajput
12074,myrna velasco
12075,edward choy
12076,michael cochrane
12077,francesco filice
12078,aymen hamdouchi
12079,marquis rodriguez
12080,tim phillipps
12081,deborah kara unger
12082,libor kovár
12083,stig ossian ericson
12084,krishan dhawan
12085,luke macfarlane
12086,imre csuja
12087,frank cattelano
12088,feather
12089,geraldine hakewill
12090,lena sabine berg
12091,kirrilee berger
12092,alexis sánchez
12093,hye-sun shin
12094,kim jae-wook
12095,janusz chabior
12096,alessandro siani
12097,mariya ise
12098,jorge-yamam serrano
12099,maria milagros jhonson
12100,terry stone
12101,ricardo contreras
12102,kogan ashiya
12103,max park
12104,landon gordon
12105,peter fonda
12106,rebecca soler
12107,hyun-jun choi
12108,miki imai
12109,juan falcón
12110,péter rudolf
12111,alejandro calva
12112,graham wardle
12113,lionel newton
12114,gigi velicitat
12115,emrhys cooper
12116,choi ji-woo
12117,robert vaughn
12118,jason genao
12119,ralph lewis
12120,berrak tüzünataç
12121,kanae itô
12122,simone missick
12123,thierry hancisse
12124,nicholas crowe
12125,elcin atamgüc
12126,chris cox
12127,ringgo agus rahman
12128,anna niedzwiecka
12129,yoo gong
12130,dawn brooks macleod
12131,fantasia barrino
12132,tintrinai thikhasuk
12133,max rosenstein
12134,sir maejor
12135,balbir singh bhamara
12136,paul s. tracey
12137,mick graham
12138,madhoo
12139,allegra clark
12140,anshuman jha
12141,barkhad abdirahman
12142,thomas craig
12143,claudine vinasithamby
12144,teoman
12145,bert davis
12146,ally maki
12147,kobe bryant
12148,connor paolo
12149,yoshiko shinohara
12150,chelan simmons
12151,connor parnall
12152,witawat singlampong
12153,thomas gullestad
12154,cheol-min park
12155,tom hopper
12156,mark o'brien
12157,christopher abbott
12158,ava fillery
12159,oisín kearns
12160,gene snisky
12161,sarah michelle gellar
12162,cory chalmers
12163,nehir erdogan
12164,tobias menzies
12165,charlie tahan
12166,wai-ho yung
12167,dave coulier
12168,rhys darby
12169,gal gadot
12170,michelle wai
12171,vyasar m. ganesan
12172,kailas mahadevan
12173,fernanda machado
12174,moon jae-in
12175,hussan saad
12176,vanessa vanderstraaten
12177,shirleen wangari
12178,stuart david
12179,jan bijvoet
12180,timm sharp
12181,luisa ranieri
12182,ron emanuel
12183,dakota fanning
12184,gemma whelan
12185,jaih betote
12186,cara seymour
12187,guadalupe docampo
12188,ryan lian
12189,zeina barkawi
12190,henri garcin
12191,roger hanin
12192,esom
12193,shorelle hepkin
12194,ingar helge gimle
12195,anne reid
12196,elissa dowling
12197,monica dolan
12198,michael adamthwaite
12199,sally jessy raphael
12200,craig rees
12201,cory bowles
12202,jessica smith
12203,apinya sakuljaroensuk
12204,takurô ôno
12205,martijn van eijzeren
12206,matt shipman
12207,ronald cheng
12208,siddhanth kapoor
12209,olivia dejonge
12210,cynthia erivo
12211,van curaza
12212,herbert russell
12213,michele knotz
12214,brian drummond
12215,patrick bouchitey
12216,diego vásquez
12217,yasemin kay allen
12218,cesar timothy
12219,hideaki itô
12220,mary fitzgerald
12221,nishikant kamat
12222,kim hye-ok
12223,line billa ljøstad
12224,yuika motokariya
12225,megan du plessis
12226,gekidan hitori
12227,jess weixler
12228,inga cadranel
12229,kanon tani
12230,rk bagatsing
12231,frederik christian johansen
12232,kay tse
12233,natascha kampusch
12234,mike howard
12235,samuel fröler
12236,panji zoni
12237,peter ritchie
12238,reginaldo leme
12239,christian cibotti
12240,amber kuo
12241,darren dunstan
12242,oskar keymer
12243,makio inoue
12244,sittichai kongpila
12245,michèle mercier
12246,shi-on choi
12247,elena chia
12248,anna chancellor
12249,ashlee thompson
12250,siu-tin yuen
12251,fauziah ahmad daud
12252,filippo scicchitano
12253,mariko shinoda
12254,phil hendrie
12255,aakash pandey
12256,yoo-chun park
12257,katherine mcnamara
12258,julie balloo
12259,frances conroy
12260,eduardo mendonça
12261,colm meaney
12262,kim chiu
12263,rafael ferro
12264,pat corley
12265,oriol colomar
12266,ivy yi-han chen
12267,phil perman
12268,fiorella mattheis
12269,thelmo fernandes
12270,neha bamb
12271,shôta saitô
12272,yui natsukawa
12273,sayaka senbongi
12274,gülseven yilmaz
12275,ed stoppard
12276,roberto álamo
12277,thomasin mckenzie
12278,yuriko yamamoto
12279,nacho lópez
12280,beverly osu
12281,summaiia al alfie
12282,sabine falkenberg
12283,jurgen delnaet
12284,fayez al-malki
12285,marcese lorenzo roberts
12286,hung wei
12287,sonali gulati
12288,panmela castro
12289,benjamin mclaughlin
12290,josé carlos bergantiños díaz
12291,itziar ituño
12292,virginia williams
12293,victoria abril
12294,yongxi liu
12295,janice man
12296,bill buford
12297,somlek sakdikul
12298,benedetta porcaroli
12299,miki sakai
12300,trey alexander
12301,david hayman
12302,ken duken
12303,derek chouinard
12304,adam dirks
12305,lukás melník
12306,kazumi evans
12307,pierre brice
12308,pj madam
12309,sunny pang
12310,william brenner
12311,kyôsuke yabe
12312,adeyto
12313,sonita henry
12314,felicity huffman
12315,kassandra voyagis
12316,aurora gil
12317,mark conway
12318,alex bueermann
12319,jean yoon
12320,caitlin fitzgerald
12321,alan eustace
12322,leo harlem
12323,miranda beinart-smith
12324,gümeç alpay aslan
12325,monika horváthová
12326,matt ellis
12327,peter malberg
12328,sarath babu
12329,kijoon hong
12330,wietse tanghe
12331,claus riis østergaard
12332,nicholas adam clark
12333,jefferson silvério
12334,sean ryan fox
12335,sarabjit cheema
12336,lap-man tan
12337,benjamin helstad
12338,jan peszek
12339,jr reed
12340,attilia boschetti
12341,michael james regan
12342,kamal kamaraju
12343,joyraaj
12344,chioma chukwuka akpotha
12345,gary valentine
12346,julia ragnarsson
12347,kô nishimura
12348,elisha cuthbert
12349,ro-woon kim
12350,famke janssen
12351,andy arness
12352,sam hazeldine
12353,acchui
12354,jas patrick
12355,wendy whelan
12356,sam ashe arnold
12357,jesus cris acosta
12358,matsunojo kanda
12359,ben batt
12360,guillermo romero
12361,tim ahern
12362,kaede hondo
12363,sarah roemer
12364,héctor jiménez
12365,lipica shah
12366,leon thomas iii
12367,lorraine ashbourne
12368,ibrahim nasr
12369,jason mantzoukas
12370,ray chase
12371,evert lindkvist
12372,charles bronson
12373,hiroaki iwanaga
12374,seyneb saleh
12375,elise tielrooy
12376,jim robinson
12377,ami koshimizu
12378,rebecca gayheart
12379,michael fassbender
12380,chloe east
12381,bukola beecroft-shofola
12382,lionel abelanski
12383,mar contreras
12384,satwant kaur
12385,vittorio lomartire
12386,anna cathcart
12387,marina kaletskaya
12388,kent williams
12389,yamaneika saunders
12390,edmund lupinski
12391,david morse
12392,neil johnson
12393,nils jørgen kaalstad
12394,leonard nimoy
12395,zahra anderson
12396,zarah mahler
12397,madalina constantin
12398,anne le ny
12399,francesc albiol
12400,amy price-francis
12401,parmeet sethi
12402,neil schlesinger
12403,matthew j. munn
12404,annie mcenroe
12405,laura haddock
12406,jack kane
12407,jackson nicoll
12408,tope tedela
12409,lisa smit
12410,anna unterberger
12411,angus macfadyen
12412,clare higgins
12413,boloram das
12414,john mccrea
12415,alban lenoir
12416,akshay kumar
12417,anneliese apps
12418,gürkan uygun
12419,nasha aziz
12420,na-ra jang
12421,nina serhan
12422,andy favreau
12423,robert olech
12424,jani dueñas
12425,patrick blakely
12426,olga kurylenko
12427,jeremy prevost
12428,richard donelly
12429,kelley peters
12430,dani calabresa
12431,natouch siripongthon
12432,tim lagasse
12433,gavin mitchell
12434,tangie ambrose
12435,miki mizuno
12436,bethany hamilton
12437,gerry robert byrne
12438,hanan youssef
12439,andrzej konopka
12440,sônia braga
12441,devon aoki
12442,qianlong yang
12443,derek basco
12444,jahi di'allo winston
12445,kevin sizemore
12446,jerzy trela
12447,nina senicar
12448,martha espinoza
12449,mandy grace
12450,manuel navarro
12451,nathaniel ho
12452,nadja alaya
12453,sophie mousel
12454,sandra oh
12455,florence barker
12456,bill engvall
12457,anderson silva
12458,todd jensen
12459,georgia hirst
12460,catherine tresa
12461,danny hoch
12462,joseph o'conor
12463,mitsuru fukikoshi
12464,lashawn jefferies
12465,lucy fry
12466,lovi poe
12467,jane lynch
12468,ben crompton
12469,tae-im lee
12470,christian potenza
12471,kenjirô tsuda
12472,madelyn miranda
12473,felipe izquierdo
12474,mike pollock
12475,jean michelangeli
12476,courtney taylor burness
12477,todd perlmutter
12478,diane venora
12479,saif ali khan
12480,théo frilet
12481,greg ayres
12482,tyler labine
12483,jean desailly
12484,ray anthony
12485,toni servillo
12486,oprah winfrey
12487,jamie burke
12488,jennifer dohm
12489,yrsa daley-ward
12490,jamil walker smith
12491,su elliot
12492,renee victor
12493,boris kutnevich
12494,colin morgan
12495,jay denton
12496,jeslina hashim
12497,satomi sato
12498,shah rukh khan
12499,maria pitillo
12500,hal linden
12501,amanda caballero
12502,dave ramsey
12503,deidre goodwin
12504,satoshi jinbo
12505,manuel elkaslassy
12506,daniel guzdek
12507,jocelyne loewen
12508,diana rice
12509,p.j. soles
12510,chad michael murray
12511,marta cross
12512,frédéric diefenthal
12513,lexi brumback
12514,kinson theodoris
12515,herb hsu
12516,oguzhan ugur
12517,vanessa nicole hill
12518,riley keough
12519,sunny wu jin zahao
12520,maite lanata
12521,yûsuke kawazu
12522,niino furuhata
12523,will yun lee
12524,ruby ashbourne serkis
12525,natalie morales
12526,suchitra pillai
12527,tomonori yazaki
12528,hardeep gill
12529,clark duke
12530,daisuke ono
12531,miya muqi
12532,yi-wen yen
12533,aksel lund svindal
12534,wei fan
12535,jamie timony
12536,brendan kerkvliet
12537,hippolyte girardot
12538,tom wilkinson
12539,ji-hu park
12540,sam gittins
12541,julianne nicholson
12542,ecem uzun
12543,zeina
12544,eva crutzen
12545,hernán mendoza
12546,brays efe
12547,valentina cenni
12548,chua jin sen
12549,patrick mcgoohan
12550,jari ivan vella
12551,seerat kapoor
12552,yoo in-na
12553,boris bokir
12554,michitaka tsutsui
12555,rajkummar rao
12556,manaka iwami
12557,benoît poelvoorde
12558,luciane buchanan
12559,ram
12560,michelle forbes
12561,jayne atkinson
12562,vivan bhatena
12563,so-hee han
12564,steve agee
12565,kevin 'kimbo slice' ferguson
12566,bobbi chen
12567,ko sung-hee
12568,victor garber
12569,kim you-jin
12570,lee ji-eun
12571,tijion esho
12572,ben swank
12573,amy ryan
12574,gattlin griffith
12575,karena kar-yan lam
12576,tang shenggang
12577,lu yao
12578,bastien ughetto
12579,olu adedeji
12580,klára melísková
12581,tricia o'kelley
12582,annabeth gish
12583,suquan bulakool
12584,adair curtis
12585,youssra
12586,samuel adewunmi
12587,jon stewart
12588,ida husøy
12589,jasmina douieb
12590,sven-olof bern
12591,michela luci
12592,i. gusti ayu puspawati
12593,omar abdulhamid
12594,robert dudley
12595,junior bejar
12596,jackie sorkin
12597,beatrice fang
12598,terri oliver
12599,david oyelowo
12600,filip berg
12601,horizonte pinuet
12602,mamiko itô
12603,rahul bhatt
12604,vilhelm blomgren
12605,nicholas cradock
12606,louise rozett
12607,you
12608,crispian belfrage
12609,masanobu katsumura
12610,yuki ono
12611,carlo d'ursi
12612,to tuan dang
12613,oakes fegley
12614,himanshu sharma
12615,josh myers
12616,shayma abdulqader
12617,roberto baggio
12618,arumugam bala
12619,efren ramirez
12620,gutto szuster
12621,buddy ebsen
12622,lesley hart
12623,kylian trouillard
12624,kate box
12625,tatiana vilhelmová
12626,arbaaz khan
12627,warren oates
12628,somy ali
12629,frantisek debelka
12630,mia ella mimica
12631,camilla filippi
12632,yograj singh
12633,magdalena lamparska
12634,kelly kruger
12635,tim akkerman
12636,gwendolyn lau
12637,nelsan ellis
12638,melinda kinnaman
12639,janni goslinga
12640,shaun chen
12641,anne curtis
12642,madeline carroll
12643,chaim jeraffi
12644,tom berenger
12645,niels arden oplev
12646,vincent colombe
12647,yami gautam
12648,flip webster
12649,david tran
12650,jae-suk yoo
12651,gábor jászberényi
12652,enrique medina
12653,yan gordienko
12654,çagatay ulusoy
12655,jimmy hibbert
12656,danny huston
12657,hiroko itô
12658,ahmed abdelrahman
12659,nikita willy
12660,peter giles
12661,sienna bohn
12662,molly searcy
12663,acoryé white
12664,mimosa willamo
12665,téia kane
12666,howie mandel
12667,garrett clayton
12668,shad moss
12669,brian d'arcy james
12670,reid warner
12671,radhika apte
12672,zarul asyraf
12673,ji-seok kim
12674,jordan garrett
12675,janusz gajos
12676,cas holman
12677,lei xia
12678,gio latooy
12679,shitanshu sharad
12680,eku edewor
12681,eui-sung kim
12682,greg levine
12683,alfred gerbet
12684,rory j. saper
12685,becci gemmell
12686,jin-woon jung
12687,rhoda jordan
12688,lila salet
12689,takayuki yamada
12690,christian collier
12691,elsje scherjon
12692,shantanu shrikant bhake
12693,farah fauzana
12694,samir ghanem
12695,nana komatsu
12696,hannah barlow
12697,sara lynne wright
12698,vic cocker
12699,yanmanzi zhu
12700,peter mastne
12701,colin branca
12702,ku aquino
12703,beyoncé
12704,funda eryigit
12705,christian tafdrup
12706,manoj bajpayee
12707,renji ishibashi
12708,carmen navarro
12709,josef somr
12710,arturo adonay
12711,ted duran
12712,dilan jay
12713,andrew stock
12714,karin viard
12715,august wittgenstein
12716,raúl castillo
12717,dolores fonzi
12718,nancy carroll
12719,monica barbaro
12720,josef bierbichler
12721,james allen mccune
12722,carolina dieckmann
12723,amanda bearse
12724,james maslow
12725,alona tal
12726,wayne shorter
12727,kevin mckidd
12728,sofía araújo
12729,jordan chan
12730,danielle panabaker
12731,tomas norström
12732,dorottya antóci
12733,vinod khanna
12734,hotaru
12735,james carpinello
12736,adam sollis
12737,adam roth
12738,alex datcher
12739,anna próchniak
12740,shemar moore
12741,silvio berlusconi
12742,kevin bludso
12743,deniz barut
12744,chris addison
12745,franciska farkas
12746,marina hands
12747,shiki aoki
12748,ayako kawasumi
12749,philip granger
12750,rob rackshaw
12751,anni-frid lyngstad
12752,ada gales
12753,tôru ohkawa
12754,tatyana ali
12755,skai jackson
12756,ruth elder
12757,anson mount
12758,angie everhart
12759,geeta basra
12760,alberto guerra
12761,oussama nadir
12762,eva arnaz
12763,najeeba faiz
12764,rop verheijen
12765,raymond cruz
12766,anupama parameswaran
12767,robbie coltrane
12768,eva mariol
12769,josh thomas
12770,jet jurgensmeyer
12771,joan allen
12772,dian nitami
12773,coffey anderson
12774,heather berlin
12775,rupinder rupi
12776,rajiv gupta
12777,erik thompson
12778,morgan fairchild
12779,giuseppe fiorello
12780,tony todd
12781,bridget fonda
12782,kyle mooney
12783,clark sarullo
12784,jason behr
12785,barret oliver
12786,karrie cox
12787,ron perlman
12788,cherie gil
12789,aniceto lópez serrano
12790,constance rousseau
12791,duncan allcock
12792,louis hynes
12793,jensen ackles
12794,judith cabral
12795,leanne best
12796,sam rogers
12797,rungrawee barijindakul
12798,richard van weyden
12799,rachel blanchard
12800,jose angel bichir
12801,fernanda urrejola
12802,guy burnet
12803,kyle howard
12804,vikram bhagra
12805,carl barcklind
12806,yotin maphobpan
12807,michael brown sr.
12808,kay medford
12809,sandrine holt
12810,adrienne branz
12811,axel strøbye
12812,manuel camacho
12813,jason tobias
12814,justin bartha
12815,medeea marinescu
12816,chetan dalvi
12817,sang-woo kwon
12818,klarke pipkin
12819,nick stahl
12820,félix maritaud
12821,kulnadda pachimsawat
12822,samantha barks
12823,michael wong
12824,roger barclay
12825,juan pablo castañeda
12826,seamus davey-fitzpatrick
12827,takahiro azuma
12828,ronreaco lee
12829,norm lewis
12830,miranda scarlett schneider
12831,marie iida
12832,morio kazama
12833,stanislav szukalski
12834,hayden mackey
12835,ryôsuke yamada
12836,rasmus botoft
12837,özcan deniz
12838,erlend rødal vikhagen
12839,elodie tougne
12840,quinn butterfield
12841,alain hernández
12842,peter baker
12843,leonora pitts
12844,mark decarlo
12845,joe pierre
12846,jacqui duncan
12847,sugar lyn beard
12848,liana montoro
12849,scott whyte
12850,danny aiello
12851,yahya gaier
12852,paolo graziosi
12853,coco martin
12854,nicole alyse nelson
12855,hakuryû
12856,ruth becquart
12857,lakecia benjamin
12858,eliza rycembel
12859,mitsuki yayoi
12860,gee alexander
12861,michael ealy
12862,sara sálamo
12863,angela cano
12864,theresa randle
12865,brian krause
12866,arzu yanardag
12867,joan collins
12868,vicellous shannon
12869,himesh patel
12870,tarô ishida
12871,nina proll
12872,ciro nacca
12873,tobias retzlaff
12874,bruce locke
12875,joseph pieper
12876,takako irie
12877,clémentine poidatz
12878,mandakini goswami
12879,ola rapace
12880,digbeu cravate
12881,minho choi
12882,renée zellweger
12883,ivie ani
12884,scarlett alice johnson
12885,kelsey asbille
12886,travis draft
12887,ole kaare føli
12888,marlene longange
12889,jakub kamienski
12890,kim woo-seok
12891,anita briem
12892,kate burr
12893,barbora nimcová
12894,kade tabin
12895,liya tong
12896,dae-chul choi
12897,erica prior
12898,jenny chen-ni huang
12899,seo-won jang
12900,timyra-joi beatty
12901,rie kitahara
12902,thomas blumenthal
12903,monica aldama
12904,ben cross
12905,oleg yagodin
12906,jasprit bumrah
12907,trevor st. john
12908,yusef gilisho
12909,ken watanabe
12910,priscilla de laforcade
12911,cavin cornwall
12912,noriff danial ashriq
12913,tony matthews
12914,suzanne zuiderwijk
12915,scott allen
12916,mya taylor
12917,jun fukushima
12918,paul corning
12919,kohtee aramboy
12920,robert hunter
12921,serge jaswal
12922,kenichiro kikuchi
12923,leonardo sbaraglia
12924,jake cherry
12925,edvard stein
12926,eleni gerasimidou
12927,david amron
12928,svenja jung
12929,elizabeth olin
12930,sally bretton
12931,scott mcneil
12932,josé mayer
12933,ravi kishan
12934,luis gnecco
12935,missi pyle
12936,joe thomas
12937,bartlomiej topa
12938,pat healy
12939,orson welles
12940,maurice krafft
12941,jiiva
12942,aislinn derbez
12943,colleen clinkenbeard
12944,shunsuke itakura
12945,natalya rudakova
12946,ally mcclelland
12947,steve wiebe
12948,franca valeri
12949,diewait ikpechukwu
12950,utkarsh ambudkar
12951,sean pertwee
12952,christian pfaff
12953,taylor polidore
12954,sauvane delanoë
12955,omar sy
12956,kaan yildirim
12957,shôta matsushima
12958,shefali shah
12959,faryal
12960,donald reignoux
12961,florian ordonez
12962,skye coyne
12963,milo o'shea
12964,brandon flynn
12965,ram kapoor
12966,elin lagergren
12967,ungsumalynn sirapatsakmetha
12968,constance nunes
12969,gabriella lewis
12970,paula donath
12971,vildan atasever
12972,toshie negishi
12973,johnny knoxville
12974,téo echelard
12975,olympia dukakis
12976,walanlak kumsuwan
12977,russell means
12978,shira haas
12979,rosie huntington-whiteley
12980,tammy chen
12981,kenneisha thompson
12982,sara wijayanto
12983,takayuki sugô
12984,kazushige nagashima
12985,a. russell andrews
12986,richard ryan
12987,denzel whitaker
12988,rome flynn
12989,william ragsdale
12990,lincoln pearson
12991,lawrence kao
12992,charles harder
12993,janani iyer
12994,patton oswalt
12995,bob hoskins
12996,donald rumsfeld
12997,jake williamson
12998,khary payton
12999,nick blood
13000,aaron penney
13001,alex zahara
13002,fran lebowitz
13003,zaïd errougui-demonsant
13004,rohanna angus
13005,jackson cooper
13006,emily beecham
13007,sajitha madathil
13008,akemi okamura
13009,hesham maged
13010,muhammad ragab
13011,deep joshi
13012,clara voda
13013,lena lauzemis
13014,jocelyn hudon
13015,débora falabella
13016,dorothée pousséo
13017,minas hatzisavvas
13018,sara matsumoto
13019,defconn
13020,atsuko enomoto
13021,gregg wallace
13022,sani oktania
13023,candice patton
13024,sonal sehgal
13025,aarnaa sharma
13026,beth stelling
13027,rob van dam
13028,dana delorenzo
13029,jonatan spang
13030,diana bracho
13031,petter mjøen westlund
13032,chip eberhart
13033,marie versini
13034,alana o'brien
13035,catherine black
13036,lars hjelm
13037,gerald foos
13038,dosha guilliam
13039,flynn curry
13040,morgana ignis
13041,mohnish bahl
13042,jackie loeb
13043,derek luke
13044,falk hentschel
13045,colin quinn
13046,jonathon michaels
13047,goûchy boy
13048,guillermo garcia
13049,lobke de boer
13050,h.g. dattatreya
13051,margaret brock
13052,aoi itô
13053,frederick lau
13054,paprika steen
13055,vishnu agasthya
13056,ayesha jhulka
13057,xing jin
13058,hugo villavicenzio
13059,mehmet çepiç
13060,dallas jokic
13061,rocco papaleo
13062,rodrigo bastidas
13063,ramadan huseini
13064,ana ciontea
13065,farrukh jaffar
13066,timothy webber
13067,jamie sara lewis
13068,robert christopher riley
13069,yû abiru
13070,mamley djangmah
13071,giacomo ferrara
13072,yitian hu
13073,laura prepon
13074,mason carroll
13075,jeffrey kahn
13076,torkel dommersnes soldal
13077,vin diesel
13078,cristina galbó
13079,sally yeh
13080,shizuka ishibashi
13081,bill irwin
13082,jason lee
13083,ken takakura
13084,crina muresan
13085,james hansen
13086,ty burrell
13087,olivia culpo
13088,yutaka nakano
13089,horst günter marx
13090,jay johnston
13091,mj rodriguez
13092,chen-nan tsai
13093,alex r. hibbert
13094,he chen
13095,jakob hultcrantz hansson
13096,caro cult
13097,yawen zhu
13098,gianni vastarella
13099,frank garcia
13100,seo-jin chae
13101,juan diego botto
13102,rena ôtsuka
13103,cortney palm
13104,jennifer palmieri
13105,flemming enevold
13106,guillaume cote
13107,christian malheiros
13108,ralph lister
13109,monica bedi
13110,adam levine
13111,karl tessendorf
13112,sebastian urzendowsky
13113,cristian palcuie
13114,suzanne flon
13115,chin hu
13116,eric mccormack
13117,richard harris
13118,olivia magnani
13119,meret becker
13120,letitia vladescu
13121,julia falcao
13122,buster merryfield
13123,divyadarshini
13124,sandra corveloni
13125,cooper van grootel
13126,ava acres
13127,charlie yeung
13128,kenza fortas
13129,park hae-jin
13130,godfrey gao
13131,jeff fahey
13132,amanda plummer
13133,wolfgang beltracchi
13134,andy chase
13135,lea delaria
13136,michelle visage
13137,suppapong udomkaewkanjana
13138,mohamed faisal
13139,austin antoine
13140,yûko asano
13141,noah yap
13142,gray g. haddock
13143,jorge enrique abello
13144,kotori koiwai
13145,bill kinison
13146,bob bland
13147,karen moskow
13148,malin akerman
13149,apollonia kotero
13150,chris hondros
13151,phil lollar
13152,steven pillemer
13153,john nichols
13154,kobi frumer
13155,peter mamakos
13156,miori takimoto
13157,christine baranski
13158,jo han-chul
13159,mako ishino
13160,jacqui fox
13161,lukram smil
13162,serkan keskin
13163,isoko mochizuki
13164,diana bolan
13165,helena marie
13166,houston hayes
13167,nana patekar
13168,marco luque
13169,krissiri sukhsvasti
13170,alex karras
13171,amy bruni
13172,patrick de ledebur
13173,per morberg
13174,athena chu
13175,yoshiko sakakibara
13176,osamu mukai
13177,joanna garcia swisher
13178,gudrun landgrebe
13179,ye-won kang
13180,paolo ballesteros
13181,yuchang peng
13182,ipek bagriacik
13183,valeriya polyanychko
13184,kent ito
13185,jessica hunt
13186,erika de la rosa
13187,alejandro riaño
13188,sergio ijssel
13189,victoria prismantas
13190,amanda céline miller
13191,jytte-merle böhrnsen
13192,jonathan abrahams
13193,jake foushee
13194,lisa eilbacher
13195,henry joost
13196,abhimanyu dasani
13197,bhumi pednekar
13198,adetola anifalaje
13199,michiel huisman
13200,navin nischol
13201,john d. barnett
13202,rita lefau ryan
13203,jane march
13204,sasha mylanus
13205,sandro demaio
13206,ion arcudeanu
13207,justin merriman
13208,rebel wilson
13209,agnieszka warchulska
13210,woo-seok byeon
13211,dilber ay
13212,carlos peralta
13213,kevin myers
13214,oliver krisch
13215,keith allen
13216,tim bentinck
13217,ryan james keating
13218,aleksandar cvjetkovic
13219,jasper liu
13220,shannon elizabeth
13221,nando paone
13222,rupa bhimani
13223,yu-fei wen
13224,becky
13225,matthew mcconaughey
13226,pierce gagnon
13227,jean-paul ly
13228,mae ohtsuka
13229,misato tate
13230,julien pestel
13231,martin hancock
13232,vicky kaushal
13233,george sidhum
13234,ryûdô uzaki
13235,lisbet dahl
13236,reginald denny
13237,todd bryant
13238,serban ionescu
13239,jeff ament
13240,liu jia xi
13241,tomoaki maeno
13242,jean silvestre
13243,ace anderson
13244,michaël youn
13245,ole søltoft
13246,ivan zhvakin
13247,jennifer julian
13248,dean andrews
13249,frank aendenboom
13250,jermaine dupri
13251,jake gyllenhaal
13252,tsurutarô kataoka
13253,aldo baglio
13254,william guirola
13255,bobby lane
13256,molly windsor
13257,noa tola
13258,james houghton
13259,tyreese burnett
13260,gaia weiss
13261,nicole gale anderson
13262,rosemary clooney
13263,malcolm kelner
13264,erik 'bullen' berglund
13265,fiona button
13266,david harewood
13267,julia stiles
13268,alison brooks
13269,maria assunção
13270,denny castiglione
13271,ned dennehy
13272,dubai péter
13273,josh bloomberg
13274,park ji-yeon
13275,paul baker
13276,todd field
13277,maeve quinlan
13278,eva bella
13279,bill smitrovich
13280,pasquale petrolo
13281,nigel pilkington
13282,percelle ascott
13283,hee-kyung jin
13284,yun-seo choi
13285,akansha ranjan kapoor
13286,wei-hsun na
13287,juan colucho
13288,hinako saeki
13289,jujimufu
13290,kimti anand
13291,pitobash
13292,tanja petrovsky
13293,hikaru utada
13294,fred tatasciore
13295,clara cleymans
13296,aryan preet
13297,mayur mahendra patole
13298,makiko watanabe
13299,jonathan daviss
13300,dominic mafham
13301,meghann fahy
13302,jim dechamp
13303,kevin guthrie
13304,yu-ri sung
13305,adrianna chlebicka
13306,mourad zaoui
13307,jonathan bennett
13308,viet anh do
13309,aleksey lyubimov
13310,lou veloso
13311,florence pernel
13312,katrina bowden
13313,christopher atkins
13314,doug cox
13315,sunny hinduja
13316,richard madden
13317,elisabeth moss
13318,olle sarri
13319,haruka igawa
13320,primo reggiani
13321,kana ichinose
13322,loan chabanol
13323,brian haley
13324,joan greenwood
13325,samantha briggs
13326,min-sik kim
13327,damien marzette
13328,lukas engel
13329,michael lee gogin
13330,trevor noah
13331,kim basinger
13332,sonja furu friby
13333,christopher bello
13334,cristina castaño
13335,angad bedi
13336,selena gomez
13337,marco grazzini
13338,kazusa okuyama
13339,shelby lyon
13340,pongsakorn mettarikanon
13341,bhama
13342,ola isaac høgåsen mæhlen
13343,mahesh manjrekar
13344,reinout bussemaker
13345,raj zutshi
13346,shruti sharma
13347,zuzana bydzovská
13348,luís andrade
13349,babetida sadjo
13350,chutawut phatrakampol
13351,eiko masuyama
13352,kristen miller
13353,jirí langmajer
13354,ray sahetapy
13355,louise ford
13356,matt devere
13357,ashley key
13358,hamish michael
13359,lucie hollmann
13360,shafaat ali
13361,habib hammoud
13362,jonathan firth
13363,sabrina aman
13364,babu santana
13365,steinunn ólína þorsteinsdóttir
13366,hassan johnson
13367,shôma machii
13368,apasiri chantrasmi
13369,lawrence a. bonney
13370,jena malone
13371,enzo ratsito
13372,kotaro daigo
13373,alfie allen
13374,valérie beaulieu
13375,michelle bartoli
13376,perdita weeks
13377,rizwan manji
13378,rie iwatsubo
13379,andreas giebel
13380,manon bresch
13381,oriol pla
13382,spanky taylor
13383,jo marie payton
13384,park bo-young
13385,femi branch
13386,eleonora danco
13387,janet gearheart
13388,jenée lamarque
13389,prasitthichok manasuntudchad
13390,sean bridgers
13391,sarah stern
13392,peter mel
13393,benjamin wadsworth
13394,chris farley
13395,ben temple
13396,frederic souterelle
13397,axel auriant
13398,annjewel lee dixon
13399,james saito
13400,abdel imam abdullah
13401,filiz ahmet
13402,vikas bahl
13403,kee ketelaar
13404,troian bellisario
13405,vasana chalakorn
13406,kai ko
13407,jang hyuk
13408,liza koshy
13409,ga-hee kim
13410,logan browning
13411,zach cohen
13412,ahmed zikrey abdellhak
13413,kirato wakayama
13414,alexia rasmussen
13415,sol-bin ahn
13416,kento handa
13417,sean teague
13418,isabella leong
13419,abby trott
13420,mohamed el-sawy
13421,colin friels
13422,leslie jones
13423,daniel baldwin
13424,seong-guk choi
13425,candice moore
13426,ali larter
13427,eva kramerová
13428,adrian petriw
13429,mark margolis
13430,jerry mofokeng
13431,dmitriy bedarev
13432,ben robson
13433,eloise lushina
13434,mary elizabeth mcglynn
13435,takayuki yanagi
13436,jason clarke
13437,agnes kittelsen
13438,rachanu boonchuduang
13439,sara kroos
13440,tony cox
13441,dana l. wilson
13442,poonam kaur
13443,naomi watts
13444,seon-mook cho
13445,veronika freimanová
13446,atsushi tamaru
13447,alexandra beaton
13448,leonidas gulaptis
13449,zahiril adzim
13450,keith richards
13451,jamie marchi
13452,tory belleci
13453,kim ga-eun
13454,kim ye-won
13455,somer karvan
13456,sezai aydin
13457,brian firkus
13458,gerald walling
13459,dwight yoakam
13460,dominique mcclellan
13461,germano haiut
13462,kat foster
13463,brían f. o'byrne
13464,caco ciocler
13465,sonam arora
13466,matthew fox
13467,kenneth branagh
13468,robert jack
13469,hang-na lee
13470,lucas till
13471,jeroen van koningsbrugge
13472,ye liu
13473,li-ang chang
13474,jules de jongh
13475,janusz michalowski
13476,johannah newmarch
13477,sôta fukushi
13478,irene manning
13479,nene
13480,june kyoto lu
13481,paco manzanedo
13482,françois cluzet
13483,funky tu
13484,shradha das
13485,bruno kirby
13486,madonna
13487,bill paxton
13488,ji-hye ahn
13489,rosamund pike
13490,fezile mpela
13491,dana donlan
13492,alan lee
13493,kira hagi
13494,masami horiuchi
13495,vishwas kini
13496,issei ishida
13497,andrea gunderson
13498,sam egli
13499,aya hirano
13500,ángel arroyo
13501,tsutomu tatsumi
13502,ricky memphis
13503,junaid zeineldine
13504,rikke louise andersson
13505,maggie smith
13506,masaki suda
13507,matthew montgomery
13508,harry ratchford
13509,robert burton
13510,john cassini
13511,jai jai jones
13512,leonid citer
13513,ayane sakura
13514,max hughes
13515,tyson rinehart
13516,indiana evans
13517,ella hunt
13518,paul hampton
13519,tardu flordun
13520,barry aird
13521,debby lynn ross
13522,andrew scott
13523,2'live bre
13524,sasha toro
13525,mukhtar khan
13526,finn cole
13527,vanessa aleksander
13528,jennette mccurdy
13529,george w. bush
13530,steven weber
13531,darsheel safary
13532,kay panabaker
13533,john chong
13534,barbara tennant
13535,ana cecilia natteri
13536,saori oonishi
13537,bai-ke
13538,israel matseke-zulu
13539,norberto gonzalo
13540,ewa kasprzyk
13541,tarun arora
13542,gustavo angarita jr.
13543,corneliu porumboiu
13544,bob dylan
13545,michel qissi
13546,eva van de wijdeven
13547,ayanna pressley
13548,iñaki ardanaz
13549,danielle winits
13550,rajpal yadav
13551,emmanuel khairallah
13552,park so-dam
13553,yuuki kuwahara
13554,rico bueno
13555,kirsti eline torhaug
13556,michael gross
13557,o.c. brown
13558,vicky luengo
13559,anjali
13560,beth morrison
13561,adalberto maria merli
13562,richard spencer
13563,jae-hong ahn
13564,michel serrault
13565,ahd
13566,cory booker
13567,mahima nambiar
13568,ryan merriman
13569,franka potente
13570,bebe cave
13571,re lee
13572,fify azmi
13573,natalia atmanska
13574,sílvia buarque
13575,matthieu chedid
13576,thidarat chareonchaichana
13577,simon amstell
13578,piotr pregowski
13579,zahia dehar
13580,chris jai alex
13581,jewel lee
13582,alper kul
13583,seo woo-jin
13584,lilly jandreau
13585,matt dickson
13586,glenn trainor jr.
13587,miguel rodarte
13588,bernard cribbins
13589,frank hoffmann
13590,mutsuo yoshioka
13591,minami hamabe
13592,lisa kay
13593,bimbo akintola
13594,jennifer beals
13595,harvey keitel
13596,griffin burns
13597,nicholas facey
13598,maki horikita
13599,rachel crow
13600,maritza rodríguez
13601,anjella mackintosh
13602,bill cobbs
13603,juan luis bonilla
13604,mardy ma
13605,yûki morinaga
13606,brandon mayhew
13607,john ventimiglia
13608,very tri yulisman
13609,robert portal
13610,tatjana medvecká
13611,mustafa oral
13612,riyad echahi
13613,cheng-ping chao
13614,justine simmons
13615,victor neri
13616,jan josef liefers
13617,michael bisping
13618,ruth wilson
13619,amitosh nagpal
13620,nayo
13621,gangshan jing
13622,penny marshall
13623,al ernest garcia
13624,adam butcher
13625,janus del prado
13626,david della rocco
13627,julianne hough
13628,allie macdonald
13629,rekha shankar
13630,douglas smith
13631,muhammad abdulrahman
13632,noree victoria
13633,amanda hanson
13634,kathleen barr
13635,morgan wigle
13636,camille cottin
13637,paul luebke
13638,christophe paou
13639,aksel bonfil
13640,damijan oklopdzic
13641,jithu johny
13642,gilbert donahue
13643,wesley cannon
13644,marie mottet
13645,jordan felisbret
13646,nicole calfan
13647,naglaa fathi
13648,laura guzman
13649,doug stone
13650,vijay s. kumar
13651,barry dennen
13652,alison haislip
13653,fuyumi shiraishi
13654,garret dillahunt
13655,robert dancs
13656,brandon la croix
13657,ernie stifel
13658,rodica mandache
13659,lucie trmíková
13660,hugh mcdonagh
13661,kazuo kumakura
13662,michael e. williamson
13663,ana cristina botero
13664,juno temple
13665,taylor nichols
13666,christian clavier
13667,alexandria deberry
13668,michael rainey jr.
13669,daisy coleman
13670,bonnie aarons
13671,giovanna alparone
13672,paul newman
13673,cesare cremonini
13674,rahama sadau
13675,frédéric chau
13676,manju singh
13677,duncan lacroix
13678,sunnyi melles
13679,cesar fraga
13680,hajime atsuta
13681,michael crane
13682,jonathan malen
13683,adhvik mahajan
13684,ana caterina morariu
13685,guillaume canet
13686,vaishwath shankar
13687,adam korson
13688,sam richardson
13689,sævar ciesiekski
13690,salem jassim
13691,le chi kein
13692,katlego danke
13693,fateeha
13694,valeria menendez rodriguez
13695,zach avery
13696,ananth narayan mahadevan
13697,jahking guillory
13698,liberto rabal
13699,joy mathew
13700,anikka albrite
13701,brian hutchinson
13702,michelle wanda
13703,mario adorf
13704,jodelle ferland
13705,somyos matures
13706,jon devries
13707,aramis knight
13708,ivy rhodes
13709,román ariznavarreta
13710,steven ogg
13711,josé ferrer
13712,olivia molinaro eijo
13713,erin cunningham
13714,archit krishna
13715,rafal rutkowski
13716,ajit george
13717,jack flam
13718,isis valverde
13719,lynda gravatt
13720,mitchell ryan
13721,kay mallory
13722,martina stoessel
13723,takla chamoun
13724,nick uhas
13725,franciska töröcsik
13726,gary vandenheuvel
13727,gilles de schryver
13728,tommy the clown
13729,andré sogliuzzo
13730,robyn moore
13731,uwe ochsenknecht
13732,loreto peralta
13733,myleene klass
13734,lou beatty jr.
13735,paul a. partain
13736,takao osawa
13737,helmut bakaitis
13738,satomi oka
13739,platon
13740,lasse pöysti
13741,ketchup eusebio
13742,agnieszka mandat
13743,yueh sun
13744,dhruv ganesh
13745,michal zebrowski
13746,david hartl
13747,claudio colangelo
13748,nair brito
13749,coco jack gillies
13750,dylan smith
13751,melora walters
13752,ginger
13753,victor sebestyen
13754,mark alan
13755,gracy singh
13756,atsushi kashiwagi
13757,benny cheng
13758,tae-hwa seo
13759,hülya koçyigit
13760,indro warkop
13761,anastasia phillips
13762,dan chambers
13763,torpong chantabubpha
13764,demetria mckinney
13765,richard dillard
13766,kieran walton
13767,josefine preuß
13768,roger waters
13769,stephen graham
13770,macy anne johnson
13771,mackenzie davis
13772,maggie grace
13773,nao matsushita
13774,so-hie kim
13775,priscilla
13776,domitilla d'amico
13777,annika wedderkopp
13778,lal
13779,stacy haiduk
13780,ian lin
13781,daniele vicorito
13782,natchakal reungrong
13783,charles demers
13784,gonzalo uriarte
13785,caleb paddock
13786,leonardo dicaprio
13787,irene ang
13788,sommer garcia
13789,citra prima
13790,william salyers
13791,aintzane krujeiras
13792,anton vasilev
13793,greg han hsu
13794,chloé lambert
13795,rocki ducharme
13796,gert westphal
13797,harold cannon
13798,shailene woodley
13799,bob geldof
13800,ed helms
13801,adriana ozores
13802,keith gordon
13803,robert blythe
13804,paul sun-hyung lee
13805,rick gomez
13806,bharti singh
13807,jordan dulieu
13808,rocci williams
13809,william atherton
13810,paul reubens
13811,ashley jensen
13812,ken lin
13813,ophelia dahl
13814,fiona hardingham
13815,jamie lee curtis
13816,won-tae choi
13817,kumar natarajan
13818,mehdi dehbi
13819,loretta devine
13820,kada haala
13821,indraneil sengupta
13822,trond halbo
13823,rachel hirschfeld
13824,thomas kretschmann
13825,janet jackson
13826,carsten bjørnlund
13827,masatoshi nagase
13828,elçin sangu
13829,rosmel bustamante
13830,jessie jazz
13831,stephanie bennett
13832,thomas levin
13833,mackenzie foy
13834,leslie bibb
13835,robert o'mahoney
13836,marie laforêt
13837,andrew toth
13838,kerry godliman
13839,filip renc
13840,judge reinhold
13841,stan hughes
13842,hannah an
13843,kyeong-ho jeong
13844,fabio antonelli
13845,teagan croft
13846,nick zano
13847,harrison houde
13848,tanya gomez
13849,laura dean
13850,lara pulver
13851,sung-wook eo
13852,kwong leung wong
13853,sirin horwang
13854,kai greene
13855,katarzyna glinka
13856,dargen d'amico
13857,gheorghe ifrim
13858,rita elmôr
13859,airi taira
13860,luiz inácio lula da silva
13861,jaggi singh
13862,mylaine hedreul
13863,kathy burke
13864,daniel granger
13865,bassem moughnie
13866,masao komatsu
13867,arun bali
13868,samin nosrat
13869,larry the cable guy
13870,erin alden
13871,tibor pálffy
13872,mario maurer
13873,richie merritt
13874,pepper schwartz
13875,jane seymour
13876,serdar somuncu
13877,kyanna simone simpson
13878,austin tindle
13879,jim kelly
13880,gina nichols
13881,bertrand-xavier corbi
13882,hande dogandemir
13883,mika yano
13884,sacha briquet
13885,monkey shao
13886,nicolas berno
13887,neal cassady
13888,yûko itô
13889,hamza haq
13890,henry keane
13891,longzheng wang
13892,suhaas ahuja
13893,mark boone junior
13894,christine m. auten
13895,robert pugh
13896,steve austin
13897,lourinelson vladmir
13898,dina fuad
13899,mai nakahara
13900,viktor andrienko
13901,elle king
13902,sophie simnett
13903,pete gardner
13904,rebecca dalton
13905,pippa bennett-warner
13906,guggu gill
13907,james cranna
13908,rouel beukes
13909,sarah elizabeth withers
13910,charlotte véry
13911,jeanette aw
13912,richard thorpe
13913,betsy brandt
13914,shanshan yuan
13915,jack thompson
13916,hanae kan
13917,ronak singh chadha berges
13918,ronnie wood
13919,nabha natesh
13920,reina kondou
13921,david dorfman
13922,sam parnia
13923,jung il-woo
13924,laura morante
13925,samuel kai taylor
13926,tamao satô
13927,hark-on fung
13928,johanna braddy
13929,mariana treviño
13930,lina cardona
13931,prakash arasu
13932,billy connolly
13933,madeline carel
13934,alan fawcett
13935,elizabeth lawrence
13936,brian murphy
13937,shim hye-jin
13938,sarah drew
13939,paolo castronovo
13940,gusti rayhan
13941,annika olsson
13942,adriana altaras
13943,marco morante
13944,shray rai tiwari
13945,george dicenzo
13946,gabriella wilde
13947,marc donato
13948,ken magee
13949,sharon lawrence
13950,lauren ash
13951,yoon-ho ji
13952,peter vronsky
13953,liv ullmann
13954,piotr adamczyk
13955,rich froning
13956,asher monroe
13957,jon heder
13958,jason douglas
13959,daniella pineda
13960,leela s.r.
13961,kat graham
13962,leif andrée
13963,vasay chaudhry
13964,susie wall
13965,jenn korbee
13966,zarina wahab
13967,derek ramsay
13968,david cade
13969,diego cadavid
13970,dorin c. zachei
13971,bryant prince
13972,fc barcelona
13973,hugh calkins
13974,amelia dell
13975,amy manson
13976,hernán zin
13977,mimi rogers
13978,yigit özsener
13979,nick bacon
13980,setsuko wakayama
13981,manju warrier
13982,younes shalaby
13983,antonia truppo
13984,andy puddicombe
13985,arjun
13986,bruce willis
13987,henry alfaro
13988,moon-cheol nam
13989,anne azoulay
13990,scott speedman
13991,jason isaacs
13992,ayano moriguchi
13993,diana frank
13994,cher
13995,benjamin kitter
13996,athena howe
13997,jelte blommaert
13998,arne bang-hansen
13999,justin felbinger
14000,kamel kadri
14001,nadir caselli
14002,imogen poots
14003,richard pyros
14004,thomas oredsson
14005,ulises gonzalez
14006,lorenzo menakaya
14007,josé de luna
14008,anna geislerová
14009,chris eubank
14010,mark valley
14011,tahir bilgic
14012,tarek boudali
14013,cezary kolacz
14014,morgan peter brown
14015,oliver hardy
14016,taylor gray
14017,beata fido
14018,starletta dupois
14019,carrie-ann savill
14020,jemima kirke
14021,ida thurman-moe
14022,ashley zukerman
14023,toshiki ayata
14024,kamil güler
14025,muriel hofmann
14026,stephen thomas
14027,ahmed helmy
14028,yûsuke ohnuki
14029,tülay bursa
14030,barsha rani bishaya
14031,sam carter
14032,stanley townsend
14033,václav jirácek
14034,soojin jeong
14035,maynard eziashi
14036,natalia valdebenito
14037,cynthia kaye mcwilliams
14038,chloe elaine scharf
14039,aaron adatsi
14040,hill harper
14041,tomer sisley
14042,kyle rideout
14043,rajesh bakshi
14044,lars brygmann
14045,lily sacofsky
14046,robert john burke
14047,jack madigan
14048,alba galocha
14049,john hannah
14050,michael nouri
14051,chien-lien wu
14052,jennifer seguin
14053,levi eisenblätter
14054,rie kuwana
14055,penelope allen
14056,shanti roney
14057,aoi nakajima
14058,jessi shuttleworth
14059,joseph gordon-levitt
14060,nick adams
14061,toshiki masuda
14062,gabriel nuncio
14063,mara wilson
14064,evans johnson
14065,dascha polanco
14066,daniela bakerová
14067,mohan agashe
14068,iedil dzuhrie alaudin
14069,magui aicega
14070,aoi yûki
14071,marcelo valle
14072,kalliane brémault
14073,frances bay
14074,charlyne yi
14075,emmersyn fiorentino
14076,chicco kurniawan
14077,thomas cocquerel
14078,lex barker
14079,gurpreet guggi
14080,alexis bledel
14081,dragan bakema
14082,dan bulla
14083,michael connors
14084,shawn fitzgibbon
14085,peter ho
14086,whitney cummings
14087,kirk acevedo
14088,edison chen
14089,douggie mcmeekin
14090,daniel franzese
14091,unshô ishizuka
14092,carla diego
14093,pip torrens
14094,rochelle adonis
14095,michael showalter
14096,carla juri
14097,michael c. williams
14098,leong kooi eng
14099,brandon beck
14100,mi zhou
14101,rebecca forstadt
14102,rhys nicholson
14103,namrata kadam
14104,leslie danon
14105,carmina villaroel
14106,sunny leone
14107,dina braschi
14108,denis o'hare
14109,reggie nalder
14110,hyang-gi kim
14111,m.r. gopakumar
14112,kristoffer joner
14113,ethan herisse
14114,martin dejdar
14115,joanna douglas
14116,sammir dattani
14117,maricel soriano
14118,stacey dooley
14119,genevieve gorder
14120,élisabeth guigou
14121,cathryn dylan
14122,leraldo anzaldua
14123,phillip chung-fung kwok
14124,bruce altman
14125,bonnie bedelia
14126,emma roche
14127,niels arestrup
14128,shôsuke tanihara
14129,jaclyn jose
14130,jonny lee miller
14131,hannah van der westhuysen
14132,konstantin lavronenko
14133,nils lagergren
14134,helen castor
14135,brian kerwin
14136,maureen mccormick
14137,aaron jay rome
14138,pete edochie
14139,bee vang
14140,the beatles
14141,park seo-joon
14142,emiko aizawa
14143,sam shahidi
14144,indrajith sukumaran
14145,shun shioya
14146,oliver stark
14147,shaun benson
14148,dorothy breininger
14149,derick snow
14150,tanc sade
14151,todd weeks
14152,fann wong
14153,freddie highmore
14154,luke bedsole
14155,joshua ang
14156,david whitney
14157,marta zmuda trzebiatowska
14158,trinidad gonzález
14159,tracey ullman
14160,rodrigue mugaruka katembo
14161,nayani dixit
14162,ahmed awni
14163,liz lobato
14164,colin woodell
14165,raymond pinharry
14166,danny jacobs
14167,sauvion morkunas
14168,alistair petrie
14169,tobias dirks
14170,timothy radford
14171,suresh oberoi
14172,hwang jung-min
14173,mikey kelley
14174,te-sheng wei
14175,krishnan balakrishnan
14176,john lahr
14177,marlee van der merwe
14178,yosei bun
14179,charles barkhouse
14180,leonardo lima carvalho
14181,hayley law
14182,benjamín vicuña
14183,ellen cervone
14184,justin maguire
14185,deon lotz
14186,sarah adler
14187,hsin-yu ling
14188,wendy hoopes
14189,lee byung-hun
14190,channegowda
14191,chemban vinod jose
14192,vilma cibulková
14193,terence stamp
14194,ara go
14195,monica bellucci
14196,hiroki matsukata
14197,adhir kalyan
14198,cornel west
14199,taranjit kaur
14200,corneliu ulici
14201,grandmaster caz
14202,annabelle wallis
14203,nargis fakhri
14204,praya lundberg
14205,anna schinz
14206,desiree akhavan
14207,keiko matsuzaka
14208,gérard darmon
14209,evan smirnow
14210,vlasta vrana
14211,patrick brice
14212,ryan falconer
14213,errol morris
14214,kôsuke kobayashi
14215,ingkarat damrongsakkul
14216,eddy lee
14217,hyun-kyung oh
14218,xavier fagnon
14219,tomoharu hasegawa
14220,anubrata basu
14221,miroslav etzler
14222,kôji yusa
14223,percy hynes white
14224,jolin chien
14225,mitsuyoshi shinoda
14226,kate maberly
14227,jonathan boynton-lee
14228,liliana ross
14229,maz jobrani
14230,chu-mei fan
14231,tom hanks
14232,miranda noelle wilson
14233,luke kirby
14234,jeremy renner
14235,bertie carvel
14236,blake jenner
14237,nathan stewart-jarrett
14238,tom goodman-hill
14239,anais fairweather
14240,mutsumi tamura
14241,akira kobayashi
14242,oguzhan koç
14243,trond espen seim
14244,alejandro suárez
14245,pedro barbeitos
14246,betty gabriel
14247,xiao yu
14248,shawn ashmore
14249,hazar ergüçlü
14250,joanna page
14251,marianne jean-baptiste
14252,vitta mariana barrazza
14253,gael garcía bernal
14254,adam bay
14255,zlatko buric
14256,vladimir kulich
14257,jimmy tatro
14258,paul lazenby
14259,charles martin smith
14260,leonid arkhangelskiy
14261,michael pas
14262,kottayam chellappan
14263,terry walters
14264,michael de mesa
14265,yu-kai teng
14266,domhnall gleeson
14267,brian geraghty
14268,sükran ovali
14269,ariel casas
14270,henry daniell
14271,elvis tsui
14272,terence bridgett
14273,remko vrijdag
14274,miá mello
14275,csongor kassai
14276,john astin
14277,hazel graye
14278,phuphoom pongpanu
14279,mitchell kaplan
14280,dongli jumbo
14281,jonathan chacko
14282,giulia louise steigerwalt
14283,julie lake
14284,sakshi tanwar
14285,marlene bleek
14286,todd caldecott
14287,nurullah celebi
14288,allison keith
14289,yûka yamauchi
14290,erin bennett
14291,lucia brawley
14292,yoo seung-ho
14293,amy dincuff
14294,gabriele lavia
14295,scott gibbs
14296,dan van husen
14297,andré luiz frambach
14298,max ryan
14299,arved friese
14300,william hurt
14301,tony shalhoub
14302,alice pol
14303,murugadass
14304,seth enslow
14305,anna maria barbera
14306,sigrid bouaziz
14307,césar desseix
14308,luiz carlos vasconcelos
14309,tim seyfi
14310,angela ioan
14311,jacqueline toboni
14312,doug stanhope
14313,wataru ichinose
14314,charlie bewley
14315,emicida
14316,daizaburo arakawa
14317,yeong-jin jo
14318,samantha weinstein
14319,tiffany grant
14320,oliver clark
14321,pranav ratheesh
14322,haley hudson
14323,richard mylan
14324,nicola rignanese
14325,vino g. bastian
14326,jerry nelson
14327,chung-yu lin
14328,sayaka fukita
14329,trine pallesen
14330,ross malinger
14331,milos kopecký
14332,kimberly foudy
14333,daniel padilla
14334,presley chweneyagae
14335,caio almeida
14336,nathalie homs
14337,arthur cartwright
14338,man-tat ng
14339,rainer basedow
14340,josh burdett
14341,jean paul hage
14342,eiko matsuda
14343,kirk fogg
14344,eiza gonzález
14345,noriyuki higashiyama
14346,dawn croft
14347,yasunori matsumoto
14348,carolina ramírez
14349,john m. hull
14350,tereza ramba
14351,sue tan
14352,mary steenburgen
14353,dario franchitti
14354,yôko moriguchi
14355,tinnu anand
14356,charlie hunnam
14357,ashutosh acharya
14358,shannon ashlyn
14359,teng shen
14360,marcel vasinka
14361,kayvan novak
14362,thierry wermuth
14363,duncan brannan
14364,beatrice bello
14365,mark tacher
14366,robert orr
14367,mara bestelli
14368,maggie geha
14369,akim tamiroff
14370,prama immanothai
14371,steven drozd
14372,petr smíd
14373,kenya moore
14374,tom payne
14375,gizem günes
14376,lika berning
14377,naved aslam
14378,freddy carter
14379,gabrielle green
14380,chris klein
14381,jessica rothe
14382,krystal jung
14383,leela chitnis
14384,jae-yong lee
14385,maria naganawa
14386,yasira bhelz
14387,michèle laroque
14388,jared leto
14389,ming-na wen
14390,elyse maloway
14391,leslie mann
14392,sylvia chang
14393,benny haag
14394,morgan alling
14395,tio pakusadewo
14396,abhishek deshmukh
14397,carlos ballarta
14398,greg hicks
14399,agnieszka kunikowska
14400,andrés parra
14401,ko bo-gyeol
14402,dennis haysbert
14403,julie vollono
14404,jakob öhrman
14405,christopher wehkamp
14406,kelvin mung
14407,jennifer jason leigh
14408,ruta gedmintas
14409,jazreel low
14410,senta berger
14411,ayame misaki
14412,yoga pratama
14413,steve pemberton
14414,iosif diego pirvu
14415,zoe kazan
14416,maddie lenton
14417,ian pirie
14418,katharina schüttler
14419,leslie nielsen
14420,kristine froseth
14421,jessica queller
14422,patrick warburton
14423,leo burmester
14424,rodney el haddad
14425,marisa tomei
14426,phillip ribbs
14427,irene bedard
14428,minami shinoda
14429,william vail
14430,elisse joson
14431,chevonne hall
14432,apoorva arora
14433,nina sosanya
14434,jason mitchell
14435,jonas jägermeyr
14436,liam hemsworth
14437,bex taylor-klaus
14438,ming bridges
14439,misha gabriel hamilton
14440,latrenda 'boosie' ash
14441,nils asther
14442,scott adkins
14443,malcolm barrett
14444,emily osment
14445,hattie
14446,divya dutta
14447,mazhar alanson
14448,miranda fayne
14449,inna bakelman
14450,yuki sasô
14451,hale appleman
14452,sofia ledarp
14453,grit boettcher
14454,iván kamarás
14455,mike li
14456,ryan reiss
14457,gabrielle leithaug
14458,dominic monaghan
14459,justin kelly
14460,farryn vanhumbeck
14461,andrés salas
14462,honor blackman
14463,jan frantisek uher
14464,nao minamisawa
14465,kristin chenoweth
14466,robert lewis
14467,daniella monet
14468,jason george
14469,slick woods
14470,d.j. cotrona
14471,danesh razvi
14472,billy burke
14473,john travolta
14474,manish chaudhary
14475,sirachuch chienthaworn
14476,roisin conaty
14477,shawna waldron
14478,ekin cheng
14479,roberto fiesco
14480,tom chatfield
14481,abby craden
14482,yesh burce
14483,ayça aysin turan
14484,meng lai
14485,dermot magennis
14486,aleksandra poplawska
14487,luis caporossi
14488,marthe schneider
14489,misaki kuno
14490,logan henderson
14491,dennis storhøi
14492,tolga saritas
14493,adam godley
14494,owodog
14495,dylan george
14496,simone kirby
14497,bernard fowler
14498,nicholas laschkewitsch
14499,adam hedditch
14500,estevan oriol
14501,mikki montgomery
14502,tatyana beloy
14503,chadwick boseman
14504,patricia lópez
14505,steven afrikaner
14506,nicholas savard-l'herbier
14507,oliver platt
14508,martin maloney
14509,erica xia-hou
14510,camille dalberg
14511,nigel davenport
14512,tony goldwyn
14513,barry o'moore
14514,jumayyil nimal
14515,emmanuelle devos
14516,puri hiranyapluek
14517,héléna noguerra
14518,charles kiarie
14519,vince siciliano
14520,patricia bethune
14521,syna anand
14522,derren nesbitt
14523,daniel farris
14524,vanessa grasse
14525,ydaiber orozco
14526,jade-angelica fromento
14527,ismael abellán
14528,vinnie jones
14529,lucinda davis
14530,bradford dillman
14531,michael beattie
14532,anton spieker
14533,timini egbuson
14534,jean-louis trintignant
14535,myoung gong
14536,nassim al fakir
14537,marc guggenheim
14538,ignacio mateos
14539,park won-sang
14540,masahiro inoue
14541,enzo cannavale
14542,jörg schüttauf
14543,tommy blaze
14544,miriam stein
14545,lorna tolentino
14546,fardeen khan
14547,dempsey bovell
14548,oscar bopp
14549,peter mensah
14550,todd charmont
14551,suzuko mimori
14552,judith kahan
14553,josh gad
14554,tatjana callegari
14555,megan mullally
14556,jesper svane
14557,maureen mcgovern
14558,manav kaul
14559,cristina serafini
14560,joel de la fuente
14561,barkhad abdi
14562,eleonora pedron
14563,sami gayle
14564,costanza andrade
14565,dan chaid
14566,allen divers
14567,si-yang kwak
14568,sylvia sanchez
14569,jun-yong choi
14570,laura allen
14571,filippo nigro
14572,martin landau
14573,kevin armstrong
14574,yoo-mil park
14575,jonah ray
14576,miyavi
14577,yoo yeon-seok
14578,shanik aspe
14579,mark waschke
14580,kedar williams-stirling
14581,sally phillips
14582,julie christiansen
14583,luke mitchell
14584,sophia valverde
14585,dante carver
14586,madhavi juvekar
14587,hilda koronel
14588,annabelle gurwitch
14589,joanne froggatt
14590,rosario dawson
14591,matt mckenna
14592,grazia schiavo
14593,mayumi yoshida
14594,paula beer
14595,juliet ashworth
14596,darby stanchfield
14597,sonia albizuri
14598,rim taya shawki
14599,sang-tae ahn
14600,mackenzie graham
14601,michelle morgan
14602,trevor jackson
14603,se-yeon jin
14604,alexandra breckenridge
14605,michael papajohn
14606,kanishka singh deo
14607,massimo bottura
14608,bradley james
14609,natasha bickle
14610,burçin terzioglu
14611,antonia ribero
14612,jin luo
14613,niklas bruhn
14614,chaneque
14615,ki hong lee
14616,ross kimball
14617,given goodwin
14618,ahmed el-tuhami
14619,jane krakowski
14620,amir aboulela
14621,yassi pressman
14622,chris cooper
14623,lukas holgersson
14624,brett harrelson
14625,anna pniowsky
14626,sheryl lee
14627,susie morrison
14628,phil vischer
14629,ellen pompeo
14630,strother martin
14631,priyadarshi
14632,çaglar çorumlu
14633,manohar pandey
14634,igor gotesman
14635,tarô yamamoto
14636,vladimír bejval
14637,scott patterson
14638,simon kook
14639,laysla de oliveira
14640,2mex
14641,tony trimm
14642,oh eui-sik
14643,george mackay
14644,ja-yeong kim
14645,hans-erik dyvik husby
14646,suki kwan
14647,sze kei lee
14648,vijay kumar
14649,jan mansfeld
14650,mabuki andô
14651,jeff wilbusch
14652,josh grelle
14653,oh yeong-sil
14654,charity johnston
14655,robert shafran
14656,christina
14657,janet mcteer
14658,willy rodriguez
14659,sharvani suryavanshi
14660,tom wayland
14661,yue guo
14662,malik bentalha
14663,nicholas gonzalez
14664,daniel sloss
14665,sean connery
14666,swizz beatz
14667,vlad ivanov
14668,jesús ochoa
14669,cree summer
14670,katrina grey
14671,paula castaño
14672,gayathri mudigonda
14673,jeff wild
14674,tom ljungman
14675,christian baltauss
14676,emilia mccarthy
14677,harry shum jr.
14678,david sherrill
14679,tommy flanagan
14680,chuck carter
14681,lucien jean-baptiste
14682,yoann blanc
14683,asami usuda
14684,ralph ineson
14685,claire goose
14686,ha-seon park
14687,yôji ueda
14688,locke hua liu
14689,alessandro sperduti
14690,adithya menon
14691,susanne lothar
14692,anita bryant
14693,kenichi masuda
14694,ellin iselin
14695,colin firth
14696,randy spears
14697,mark schiff
14698,frieda barnhard
14699,dickie arbiter
14700,bridget christie
14701,tony benn
14702,nomalanga shabane
14703,jacob matschenz
14704,emma adler
14705,bruno césar
14706,mounir amamra
14707,roger e. mosley
14708,sara takatsuki
14709,jason bellini
14710,patrick magee
14711,peter riegert
14712,paul l. nolan
14713,rachael russakoff
14714,don frye
14715,maylada susri
14716,tatsuomi hamada
14717,seah jiaqing
14718,gerald s. o'loughlin
14719,colin critchley
14720,jonny coyne
14721,youn yuh-jung
14722,ken davitian
14723,karyme lozano
14724,graham rogers
14725,thomas f. wilson
14726,chase stokes
14727,murray bartlett
14728,francesca faiella
14729,john lynch
14730,valérie donzelli
14731,hannah new
14732,lakshmi menon
14733,yasmin abdulaziz
14734,ramón agirre
14735,nora fatehi
14736,adel bencherif
14737,tony yo-ning yang
14738,charlie goh
14739,ana hartmann
14740,nobuo tobita
14741,jacques weber
14742,jonas bloquet
14743,armando gutierrez
14744,marc maron
14745,tosh zhang
14746,jenny slate
14747,adam mcnulty
14748,victoria bruno
14749,mark collie
14750,jae-rim song
14751,aaron carpenter
14752,cassidy gifford
14753,jean-françois balmer
14754,mary lou retton
14755,jin zhang
14756,abhay mahajan
14757,christine clark
14758,samyuktha menon
14759,pu miao
14760,henrik forsbak langfeldt
14761,rodney burford
14762,you zhou
14763,anne-sophie briest
14764,hasan el-raddad
14765,gyo-jin in
14766,kyndall
14767,ayaka suwa
14768,jérôme niel
14769,sam marin
14770,khaled al-buraiki
14771,sarah anne williams
14772,bill moseley
14773,jerry leggio
14774,toinette laquière
14775,aura cristina geithner
14776,françois périer
14777,tito wilson
14778,amy russ
14779,jia-yi zhang
14780,richard banks
14781,atsuko asano
14782,se-young park
14783,marco uriel
14784,mai hosho
14785,diego martín
14786,derek smith
14787,matías desiderio
14788,erra fazira
14789,karin franz körlof
14790,jennifer lopez
14791,jose conejo martin
14792,yôjirô noda
14793,peter jacobson
14794,akane kaida
14795,jan vostrcil
14796,lexi medrano
14797,deetranada
14798,nozomi andô
14799,rick hanson
14800,kim caramele
14801,gayathri arun
14802,matt prendergast
14803,steve hatcher
14804,yûji mitsuya
14805,j.d. cannon
14806,andri snær magnason
14807,hiromi nagasaku
14808,paterson joseph
14809,marcello fonte
14810,catherine bell
14811,ahmet mümtaz taylan
14812,catherine an
14813,cillian murphy
14814,sommer saqr
14815,chen zhiui
14816,ondrej trojan
14817,dan wetzel
14818,david cady
14819,sirat intarachote
14820,picone
14821,angelababy
14822,manuel manquiña
14823,jorge lorenzo
14824,yôsuke eguchi
14825,woo-jin jo
14826,zhuocheng wang
14827,abraham george
14828,robert powell
14829,padung songsang
14830,wotan wilke möhring
14831,peter dacunha
14832,eiko shinya
14833,bob brisbane
14834,gonzalo delgado
14835,elise napier
14836,deborah geffner
14837,mohammed tharwat
14838,julia marcan
14839,steve hanks
14840,bruna cusí
14841,bhanu uday
14842,christine kaufmann
14843,nur fathiah diaz
14844,jasmin gerat
14845,maddie hasson
14846,carlos sotto mayor
14847,brontis jodorowsky
14848,shilpa anthony raj
14849,pol monen
14850,margot robbie
14851,vera ngassa
14852,charlene amoia
14853,shernaz patel
14854,deana carter
14855,helle fagralid
14856,thomas v. solnæs
14857,raghuvir joshi
14858,paddy considine
14859,paul obazele
14860,chris eastman
14861,udo kier
14862,guanlin ji
14863,asmara abigail
14864,seok-won jeong
14865,alice barry
14866,randa asmar
14867,greta fernández
14868,armand bernard
14869,stefano broccoletti
14870,min-joon kim
14871,willem voogd
14872,george russo
14873,kirk thornton
14874,mamiko noto
14875,kevin balmore
14876,beverly maeda
14877,hari kondabolu
14878,ulrike von lenski
14879,alex fong
14880,kellen goff
14881,georgianna robertson
14882,francesca marie smith
14883,tony maudsley
14884,mélanie doutey
14885,rowan blanchard
14886,johnny a. sanchez
14887,yoram sheftel
14888,fasha sandha
14889,farooq shaikh
14890,connor ball
14891,kobuhei hayashiya
14892,andrea brooks
14893,danilo kamperidis
14894,matthew bohrer
14895,yuwanat arayanimisakul
14896,alexa davies
14897,ilker aksum
14898,tina chou
14899,angeli bayani
14900,sarah buxton
14901,yuqi chen
14902,hatairat egereff
14903,atsushi itô
14904,inma cuesta
14905,marla sokoloff
14906,david mccallum
14907,omari hardwick
14908,guilherme briggs
14909,gurfateh pirzada
14910,eddie jemison
14911,el lee
14912,brandon bernier
14913,jae-ryong song
14914,patrick d'assumçao
14915,kerby jean-raymond
14916,cherry pie picache
14917,rosy varte
14918,guillaume de tonquédec
14919,dana ashbrook
14920,david cameron
14921,mallika sherawat
14922,graydon carter
14923,toby huss
14924,robert davi
14925,terry serpico
14926,riley wang
14927,tim beumers
14928,evalyn knapp
14929,julie burks
14930,jiro wang
14931,yibo wang
14932,david thornton
14933,bembol roco
14934,tim black
14935,jim conroy
14936,lee jehoon
14937,aimee carrero
14938,lily cade
14939,laura antonia roge
14940,billie joe armstrong
14941,iravati harshe
14942,diovanni theresa chapman
14943,finnegan oldfield
14944,jesper ankarfeldt
14945,jung yu-mi
14946,vivian chow
14947,romain grosjean
14948,yoshio tsuchiya
14949,sicheng chen
14950,maren kroymann
14951,vincent d'onofrio
14952,emma d'arcy
14953,hubert noël
14954,dilmar durães
14955,eamon brennan
14956,kher cheng guan
14957,lina leandersson
14958,johan libéreau
14959,cristina marcos
14960,arden cho
14961,aïssa maïga
14962,yûna taira
14963,arunima ghosh
14964,hae-kyun jung
14965,carl malapa
14966,madeleine arthur
14967,ganesh acharya
14968,james puddephatt
14969,ellen jelinek
14970,joe pesci
14971,donald ian black
14972,lucy decoutere
14973,kay lenz
14974,olivera katarina
14975,julia ormond
14976,miki itô
14977,adah sharma
14978,ashley leong
14979,abir chatterjee
14980,shad
14981,minoru hirano
14982,katerina winterová
14983,carlene watkins
14984,amaya harrow
14985,masi oka
14986,varvara chaban
14987,josé maría galante
14988,e. roger mitchell
14989,lulu xu
14990,mahiro takasugi
14991,ellen barkin
14992,hyuk choi
14993,jorge clemente
14994,jean dujardin
14995,kang hye-jeong
14996,cara buono
14997,wissam fares
14998,meyer deleeuw
14999,breno viola
15000,carol portes
15001,kwang-hee hwang
15002,david yong
15003,pierre mondy
15004,thomas vandenberghe
15005,agnieszka grochowska
15006,ryan daley
15007,monalisa johnson
15008,javier beltrán
15009,andré ramiro
15010,helen rappaport
15011,blanca escobedo
15012,james laurence
15013,synnove karlsen
15014,artiwara kongmalai
15015,teodora duhovnikova
15016,paige chua
15017,chakrapani ananda
15018,amir karara
15019,boris kamorzin
15020,jasmani basri
15021,darius sinathrya
15022,olivia chenery
15023,jack davenport
15024,kathleen madigan
15025,elliot cowan
15026,omarion
15027,alan alda
15028,gnanasambandam
15029,gurpreet bhangu
15030,jean-pierre darroussin
15031,fabio testi
15032,jesper lohmann
15033,ben miller
15034,boris gulyarin
15035,charlie macgechan
15036,ramita mahapreukpong
15037,soledad villamil
15038,khamani griffin
15039,gülseren ölcüm
15040,lauren collins
15041,nile diaz
15042,parker young
15043,cody rogers
15044,maria astudillo
15045,richard speight jr.
15046,bilal ashraf
15047,victoria justice
15048,john furey
15049,luke goss
15050,melba ruffo
15051,matthew marsden
15052,marine vacth
15053,koena mitra
15054,jayakrishnan
15055,marianne rendón
15056,john alex castillo
15057,malcolm tierney
15058,natasha andrews
15059,kenneth tsang
15060,gillian anderson
15061,bart hollanders
15062,chris parnell
15063,marilu henner
15064,paul johansson
15065,natalie scheetz
15066,tea stjärne
15067,miyu matsuki
15068,liam williams
15069,loa falkman
15070,aaron pedersen
15071,emmanuel de merode
15072,dominique provost-chalkley
15073,matthias habich
15074,david boreanaz
15075,winston duke
15076,george dzundza
15077,glen caspillo
15078,zinedine soualem
15079,patrick bergin
15080,eric bauza
15081,ben whishaw
15082,ellie cannon
15083,vicky vijai
15084,maria obretin
15085,mikael wranell
15086,scott mendes
15087,sverre anker ousdal
15088,lucas neff
15089,akiko takeshita
15090,lorenzo ferro
15091,megan shipman
15092,christophe lombardi
15093,chad lindberg
15094,allen enlow
15095,brennan clost
15096,monica lopera
15097,will kemp
15098,anjelica huston
15099,jeong-nam choi
15100,emilio von sternerfels
15101,jin kyung
15102,beth goulart
15103,kevin château
15104,ashley murphy
15105,cammy chiang
15106,xuefei zhou
15107,suzanne birrell
15108,megan channell
15109,tumpal tampubolon
15110,mugga
15111,warwick davis
15112,mariana sena
15113,ulf hemming
15114,inthira charoenpura
15115,claudia bassols
15116,santiago ramírez
15117,charlie agapiou
15118,grégory fitoussi
15119,takuya eguchi
15120,sophia brown
15121,jon chevalier
15122,itsaso arana
15123,lyv ziese
15124,dax flame
15125,melissa bernstein
15126,bidita bag
15127,qian li
15128,sora ma
15129,richa chadha
15130,cynthia koh
15131,patricia neway
15132,janel moloney
15133,piyathida woramusik
15134,dada chan
15135,giovanna ewbank
15136,anthony bubloz
15137,shirô saitô
15138,dylan arnold
15139,ku hye-sun
15140,rod serling
15141,freddy beltrán
15142,hugh laurie
15143,garwin sanford
15144,ellie duckles
15145,teller
15146,angelica mandy
15147,vicky wanless
15148,roger nupie
15149,lunetta savino
15150,brianne brozey
15151,geoffrey boggs
15152,hamilton morris
15153,tomás hanák
15154,necia freeman
15155,anna ishibashi
15156,john hargrove
15157,himesh reshammiya
15158,gedeon burkhard
15159,shubhradeep chakravorty
15160,tomoko ôtakara
15161,victoria song
15162,sian reese-williams
15163,adam sevani
15164,kristen cloke
15165,john howard
15166,emmy rossum
15167,steve zahn
15168,jános kulka
15169,katja riemann
15170,matthew connell
15171,tory kittles
15172,teodora calagiu garofil
15173,woo-seong kam
15174,whip hubley
15175,lee sang-yeob
15176,dana borteanu
15177,shouta aoi
15178,shanti deen-ellis
15179,mackenzie crook
15180,jenny agutter
15181,meredith baxter
15182,simon rex
15183,samantha mumba
15184,erica camarano
15185,cavan clerkin
15186,ki-joon uhm
15187,denaye barahona
15188,sarunchana apisamaimongkol
15189,humberto carderon
15190,maría alfonsa rosso
15191,subbu talabi
15192,robyn lively
15193,ryan mcdonald
15194,sujira arunpipat
15195,alaa shakir
15196,manolo cardona
15197,maryann plunkett
15198,john patrick amedori
15199,dani pedrosa
15200,jennifer hoffman
15201,kate beahan
15202,holliday grainger
15203,jang-su bae
15204,barry corbin
15205,karina smirnoff
15206,danny goldman
15207,katharina thalbach
15208,shiva keshav
15209,austin o'brien
15210,mike jeavons
15211,nancy marchand
15212,brian tyree henry
15213,nina meurisse
15214,yvan attal
15215,yoshiyoshi arakawa
15216,sandra escacena
15217,rie hagiwara
15218,juan minujín
15219,diding boneng
15220,casey farrell
15221,david lipper
15222,abbey lee
15223,andrea barber
15224,bibi naceri
15225,craig barlow
15226,george lopez
15227,pepi sonuga
15228,raúl meneses
15229,corentin fila
15230,mohamad salah
15231,constance towers
15232,kom chauncheun
15233,claudio tolcachir
15234,su-hyun lee
15235,arjun mathur
15236,noorhayati maslini
15237,maya lynne robinson
15238,smita jaykar
15239,aurélie moeremans
15240,cayden boyd
15241,melissa o'neil
15242,sanjeev kumar
15243,maia morgenstern
15244,kristin fairlie
15245,dequina moore
15246,lisa mueller
15247,alan moss
15248,darryl dougherty
15249,susana abaitua
15250,ryszard kotys
15251,lali gonzalez
15252,paola lattus
15253,lena endre
15254,jane green
15255,philippe noiret
15256,daiki yamashita
15257,patricia tallman
15258,jim howick
15259,gabe kunda
15260,carol 'do do' cheng
15261,zsolt anger
15262,eduardo gomes
15263,anna smolowik
15264,drew nelson
15265,laura vasiliu
15266,ana polvorosa
15267,dherendra kumar tiwari
15268,geoffrey browne
15269,hege schøyen
15270,marco zunino
15271,da brat
15272,ahmed el mohammdi
15273,azumi asakura
15274,todd haberkorn
15275,ludacris
15276,jiameng yu
15277,justin briner
15278,farid shawqi
15279,tisya shamsir
15280,phoebe waller-bridge
15281,misato morita
15282,tina desai
15283,ilan dar
15284,carmen argenziano
15285,ryan mcgilloway
15286,patrick huard
15287,jeremy suarez
15288,marcelo alonso
15289,flora thiemann
15290,janet leigh
15291,zawe ashton
15292,callum maloney
15293,natalie eva marie
15294,steve staley
15295,nicky andersen
15296,jhong hilario
15297,ryan mac lennan
15298,dylan mckiernan
15299,adrian ladron
15300,valerie hall
15301,frankie hervey
15302,benjamin yeung
15303,adrien brody
15304,tae-hyun cha
15305,annamária németh
15306,adrian makala
15307,magdy ashour
15308,david attenborough
15309,charles michael davis
15310,ralitsa paskaleva
15311,john lloyd cruz
15312,marcc rose
15313,weixing yao
15314,rachael stirling
15315,gerlóczy zsigmond
15316,felix lemburo
15317,shaun williamson
15318,mary kay place
15319,mukul dev
15320,ah-niu
15321,michael blieden
15322,nancy kulik
15323,sladen peltier
15324,sergio busquets
15325,katsuya maiguma
15326,in-mun kim
15327,toshiyuki morikawa
15328,yoriko angeline
15329,rod paradot
15330,sohee
15331,nan cuba
15332,brian jordan alvarez
15333,juan dos santos
15334,margherita buy
15335,mark quartley
15336,judy herrera
15337,jessica zandén
15338,yifan wen
15339,leon ford
15340,richard kind
15341,bayar
15342,hugo chegwin
15343,alia almannai
15344,karen miyama
15345,min-jung bae
15346,paola rey
15347,richard colburn
15348,nafeesa butu
15349,debbie bernard
15350,hiroomi tosaka
15351,mansha pasha
15352,emre karayel
15353,talha arshad reshi
15354,kaya brüel
15355,ga-ram jung
15356,lexie galante
15357,john eric bentley
15358,yûya matsushita
15359,bruno miranda
15360,bao gao
15361,luke mockridge
15362,dustin hoffman
15363,via antonio
15364,connie nielsen
15365,fauzi baadila
15366,erdenetuya batsukh
15367,hannah al rashid
15368,kelly metzger
15369,wolfgang novogratz
15370,diedrich bader
15371,sigrid ten napel
15372,cariba heine
15373,amarjeet amle
15374,tiera skovbye
15375,mackenzie fearnley
15376,elizabeth daily
15377,simonetta solder
15378,ricco fajardo
15379,kim gi-bang
15380,rustyna edwards
15381,paula romy
15382,nikki hsieh
15383,amber frank
15384,richard arlen
15385,lily-rose depp
15386,meng ting yi
15387,celine tran
15388,alberto ajaka
15389,mike starr
15390,lebohang ntsane
15391,renée elise goldsberry
15392,gari mcintyre
15393,renae bluitt
15394,hairie othman
15395,aurélia petit
15396,michael collins
15397,shima iwashita
15398,marlies van alcmaer
15399,max von sydow
15400,david o'hara
15401,nnenna rachael okonkwo
15402,gugu mbatha-raw
15403,steve coulter
15404,lizzie freeman
15405,bae gang-yoo
15406,brec bassinger
15407,christian brückner
15408,özlem tekin
15409,kelsy abbott
15410,baptiste lorber
15411,focus jirakul
15412,matt lanter
15413,natali broods
15414,sabreen
15415,shanley caswell
15416,tony eusoff
15417,yun zhou
15418,rafe spall
15419,alexx ekubo
15420,chris penn
15421,olivia taylor dudley
15422,jacques perrin
15423,john simmit
15424,william jackson harper
15425,paul adelstein
15426,tyler mane
15427,richard yap
15428,jd pardo
15429,kumiko goto
15430,valerie arem
15431,hee-joon lee
15432,stephanie 'stevvi' alexander
15433,hiei kimura
15434,arbani yasiz
15435,soo-hyang im
15436,jan decleir
15437,tiger bazell
15438,mateusz kosciukiewicz
15439,brad heller
15440,boy olmi
15441,monica jimenez
15442,jon allen
15443,lillete dubey
15444,josie ho
15445,dan stevens
15446,edward herrmann
15447,liz callaway
15448,fiona choi
15449,tova magnusson
15450,annalese gore
15451,richard cansino
15452,michael mazza
15453,tobias kersloot
15454,gloria carovana
15455,alexxis lemire
15456,shôtarô mamiya
15457,yûdai chiba
15458,tzu-chiang chao
15459,price carson
15460,jacob lohmann
15461,zabou breitman
15462,hossein torabi
15463,rie murakawa
15464,shree gopika
15465,ammar alfian
15466,priyanka moodley
15467,hannah gonera
15468,shûto miyazaki
15469,andrei duarte
15470,alessia cara
15471,alice hirose
15472,marie göranzon
15473,usha naik
15474,graham norton
15475,sunaina jassal
15476,adrian rhodes
15477,david selby
15478,ronnie lazaro
15479,artur axmann
15480,jing jing ng
15481,miya mcghee
15482,reno wilson
15483,jochen nickel
15484,ron donachie
15485,lenora crichlow
15486,çolpan ilhan
15487,aksel støren aschjem
15488,denis leary
15489,dan jones
15490,daniel hendler
15491,noémie merlant
15492,dahlia pessemiers
15493,ruslaan mumtaz
15494,celine medtlek
15495,hardy krüger jr.
15496,abdo feghali
15497,samuel sadovnik
15498,max macguire
15499,janina gavankar
15500,antoine duléry
15501,skye mccole bartusiak
15502,miho okasaki
15503,william tubbs
15504,shûhei uesugi
15505,ada condeescu
15506,hima singh
15507,aoi morikawa
15508,gisselle kuri
15509,mikhail nozhkin
15510,rhys ifans
15511,jean constantin
15512,kiki harris
15513,martin garrix
15514,anisha ambrose
15515,gemma-leah devereux
15516,eknath kamble
15517,jayla marie
15518,hrishikesh hirway
15519,finn ireland
15520,joseph vijay
15521,aaron guy
15522,simon miller
15523,mireille maalouf
15524,søren pilmark
15525,sam cooke
15526,colin decker
15527,tim kang
15528,ethan suplee
15529,yana enzhaeva
15530,asahi itou
15531,michal majnicz
15532,danny trejo
15533,radha mitchell
15534,james anthony pearson
15535,lydia hearst
15536,jennifer shirley
15537,riria baba
15538,soo-hyuk lee
15539,bette davis
15540,donnell rawlings
15541,pedro casablanc
15542,omkar das manikpuri
15543,richard s. castellano
15544,jack turner
15545,adel karam
15546,jeong eu-gene
15547,hidetoshi hoshida
15548,jonathan garcia
15549,alain saadeh
15550,jet chao
15551,dalma maradona
15552,kyoko hinami
15553,francesco ferdinandi
15554,magaly solier
15555,soumyak kanti debiswas
15556,sevil aki
15557,laurentsio pettersson
15558,laurie smith
15559,dennis chong kheng chew
15560,sean rogerson
15561,george tokoro
15562,rika adachi
15563,dan gill
15564,ji-ho oh
15565,andré morell
15566,sophia thomalla
15567,gábor czap
15568,jodie whittaker
15569,chitrak bandyopadhyay
15570,magnus solhaug
15571,daisy head
15572,ariana grande
15573,leendert de ridder
15574,marc michel
15575,callahan fore
15576,zanjoe marudo
15577,aga muhlach
15578,catherine zeta-jones
15579,anne vernon
15580,lauren landa
15581,roger carel
15582,rita lee
15583,bob lazar
15584,gil carrillo
15585,wayne hope
15586,mary mccormack
15587,diego casale
15588,benjamin michael smith
15589,chiba masako
15590,heidi lenhart
15591,patricia drake
15592,eva ruzickova
15593,michael beck
15594,kippei shîna
15595,loes haverkort
15596,al pacino
15597,hassan mustafa
15598,michal dlouhý
15599,jirô tamiya
15600,judith brandt
15601,nicholas lyndhurst
15602,yû sasahara
15603,lee jeong-kil
15604,mckenna grace
15605,marques ray
15606,nicolai cleve broch
15607,daniele liotti
15608,pim bongaerts
15609,wiwat kongrasri
15610,anne sørensen
15611,victoria barabas
15612,rupert everett
15613,kristýna nováková
15614,jr
15615,john shepherd
15616,ugo gregoretti
15617,knut husebø
15618,kinnosuke nakamura
15619,simon cowell
15620,preston jones
15621,diem nguyen
15622,paulo miklos
15623,shuang hu
15624,jay potter
15625,mark samual bonanno
15626,se-wan park
15627,jamison selby
15628,kenneth sebastian
15629,damian lewis
15630,isabel oli
15631,jamie gray hyder
15632,seika furuhata
15633,sam robards
15634,mara van vlijmen
15635,juana ramírez
15636,lance legendre
15637,jennifer higham
15638,go min-si
15639,kaisa gurine antonsen
15640,evan williams
15641,onur tuna
15642,kate burton
15643,iván aledo
15644,joan pera
15645,lene maria christensen
15646,kevin smith
15647,o.c. ukeje
15648,rocío muñoz
15649,sang-ho kim
15650,jake allyn
15651,freida pinto
15652,marissa jaret winokur
15653,elsa carlsson
15654,yukiko nashiwa
15655,eun-ji jo
15656,aldo dalmazzo
15657,luke wilson
15658,christiane paul
15659,emanuel ragsdale
15660,gérard jugnot
15661,azeen ghorayshi
15662,sonrei yoshioka
15663,elisabetta rocchetti
15664,patti labelle
15665,vijay kashyap
15666,jonathan sadowski
15667,neal lerner
15668,kath soucie
15669,robert joy
15670,hinata satô
15671,hugo stiglitz
15672,dóra sztarenki
15673,jai courtney
15674,emma sloan jacobs
15675,yeong-suk jeong
15676,lola kirke
15677,odette annable
15678,david wenham
15679,ronny jhutti
15680,amber armstrong
15681,kim woo-bin
15682,deanne lauvin
15683,bradley cooper
15684,ursula ofner
15685,maggie siff
15686,ivo pietzcker
15687,ayu ting ting
15688,ujjwal chopra
15689,kôsuke suzuki
15690,rii sen
15691,rory scovel
15692,vera-ellen
15693,nick baker
15694,cameron northey
15695,esther povitsky
15696,kostja ullmann
15697,susan wokoma
15698,rica matsumoto
15699,corey feldman
15700,stephen michaud
15701,nadja hatem
15702,sadie calvano
15703,natalia tena
15704,burak özçivit
15705,jill clayburgh
15706,philippe lacheau
15707,j. michael tatum
15708,jim fowler
15709,xia vigor
15710,lauren terp
15711,arunoday singh
15712,andre jacobs
15713,camille salameh
15714,inori minase
15715,misa shimizu
15716,nazif muarremi
15717,jessy chenal
15718,sidharth malhotra
15719,vladimír javorský
15720,carlos blanco
15721,matt king
15722,ishaan khattar
15723,imelda staunton
15724,lars berteig andersen
15725,ángela buitrago
15726,montrail 'money' brown
15727,aleksandr kuznetsov
15728,lee medina
15729,olivia hallinan
15730,lizzy caplan
15731,mandy tao
15732,tiffani thiessen
15733,jesdaporn pholdee
15734,john mckeever
15735,carolina tejera
15736,kojo littles
15737,ben huber
15738,henry heng
15739,barry pepper
15740,celine louise dyran smith
15741,jean-luc bilodeau
15742,sienna miller
15743,shane meier
15744,misa hylton-brim
15745,alexandre achdjian
15746,thakoon panichgul
15747,anthony head
15748,victoria hill
15749,christine marzano
15750,miona hori
15751,nicky guadagni
15752,wolfgang pregler
15753,neeranuch patamasood
15754,geena davis
15755,joey diaz
15756,paul hamy
15757,michael dee
15758,andrew brown
15759,juan manuel fraire escobedo
15760,guy massey
15761,alan brecknell
15762,alfonso defilippis
15763,thapelo mokoena
15764,emily chu
15765,nambitha ben-mazwi
15766,david banks
15767,howard charles
15768,harry adams
15769,maría isabel díaz lago
15770,judy shepard
15771,josefine domes
15772,estefany oliveira
15773,frank thiel
15774,luciana aymar
15775,enric cambray
15776,danielle bisutti
15777,úrsula pruneda
15778,arghavan shekari
15779,ryûji akiyama
15780,liang shi
15781,liam mcintyre
15782,susanna musotto
15783,ashley nicole bermudez
15784,yayan ruhian
15785,ryan zheng
15786,sidhartha siva
15787,callum keith rennie
15788,pelin akil
15789,diane ayala goldner
15790,maki ishikawa
15791,oliver gomm
15792,derek babb
15793,joon-young jung
15794,norma crane
15795,türkan soray
15796,adriana alexander
15797,kaya yanar
15798,alex ozerov
15799,jerrika hinton
15800,sharat saxena
15801,kim adis
15802,injy el mokkaddem
15803,jasmeet baduwalia
15804,rachel house
15805,rina ohta
15806,carolyn jones
15807,bradley steven perry
15808,trae houlihan
15809,robert bridges
15810,nathan phillips
15811,mia mckenna-bruce
15812,baard owe
15813,bryan cranston
15814,sibylle brunner
15815,charles scheffel
15816,ajay devgn
15817,gustavo beck
15818,dalila bela
15819,pearl brunings
15820,porteus xandau
15821,jatin goswami
15822,fedi nuril
15823,brett oppenheim
15824,ren mori
15825,esben smed
15826,amy adams
15827,steve guttenberg
15828,benny urquidez
15829,kerry gudjohnsen
15830,george takei
15831,david warner
15832,matthew broderick
15833,kristen connolly
15834,tan france
15835,annet malherbe
15836,silvia munt
15837,sunil munshi
15838,sylvia earle
15839,george o'brien
15840,john bisignano
15841,olivia draguicevich
15842,sergio marone
15843,charlie murphy
15844,cecilia walton
15845,stephen dorff
15846,spencer rocco lofranco
15847,brandon winckler
15848,frank welker
15849,michael roark
15850,paco ignacio taibo ii
15851,ben reed
15852,evan c. kim
15853,lily cassano
15854,laurence olivier
15855,malonn lévana
15856,amy madigan
15857,nathan anderson
15858,allan corduner
15859,ayako wakao
15860,margarita valderrama
15861,soundrarajan j.
15862,dan soder
15863,yiyan jiang
15864,maria p. petruolo
15865,lara robinson
15866,jan michalek
15867,fabien gravillon
15868,ranko hanai
15869,frédérique meininger
15870,zdenek bezusek
15871,hadji ali
15872,katy louise saunders
15873,per kjerstad
15874,duncan carey
15875,song yun-ah
15876,tetsu inada
15877,michael hilow
15878,judit schell
15879,bobby beshro
15880,kwan-ho tse
15881,daisaburô hirata
15882,pete eckert
15883,jasmina polak
15884,daniel giménez cacho
15885,tarek lotfy
15886,mia kasalo
15887,lili karamalikis
15888,yixing zhang
15889,auritra ghosh
15890,justin agustin
15891,tom gerhardt
15892,katsuya kobayashi
15893,christiane amanpour
15894,teeradetch metawarayut
15895,jenna dewan
15896,charlotte gainsbourg
15897,shawn tan
15898,lupita nyong'o
15899,finn little
15900,alisha boe
15901,desiree burch
15902,leland orser
15903,sheila moylette
15904,anna camp
15905,kiki sukezane
15906,kate mara
15907,ferris m.c.
15908,nathalie boltt
15909,hsing-wen li
15910,karim kassem
15911,allen deng
15912,mariloup wolfe
15913,sopitnapa dabbaransi
15914,devid striesow
15915,meg foster
15916,frank langella
15917,antonio albanese
15918,stig henrik hoff
15919,lilay huser
15920,yutaka mizutani
15921,charlotte bakker
15922,diana kaarina
15923,chung wang
15924,ammy virk
15925,joaquín cosio
15926,haruna yabuki
15927,fred sirieix
15928,kôichi yamadera
15929,patricia arquette
15930,katie alexander thom
15931,cynthia de graaff
15932,colin egglesfield
15933,gavin wilde
15934,joyce cheng
15935,shelley long
15936,ji-won uhm
15937,mert yazicioglu
15938,sarah solemani
15939,erdal tosun
15940,yon tumarkin
15941,daisuke kishio
15942,siraphan wattanajinda
15943,panya yimmumphai
15944,brian hanson
15945,sammi rotibi
15946,the beach boys
15947,viktoria winge
15948,sumalee montano
15949,aoi tada
15950,rossy mendoza
15951,martin brygmann
15952,noureen dewulf
15953,jim beaver
15954,eric andré
15955,becca baggenstoss
15956,dajana roncione
15957,anthony lapaglia
15958,elize cawood
15959,gaspard proust
15960,marques houston
15961,ahn jae-hyun
15962,manami tanaka
15963,muhammad adel
15964,zac efron
15965,robert stanton
15966,grégory matthias garcia
15967,maria popistasu
15968,melissa fahn
15969,bonnie morgan
15970,aby
15971,kim lee
15972,art wolfe
15973,richard lukunku
15974,chris o'neal
15975,alfredo castro
15976,malgorzata socha
15977,adrienne vergara
15978,yû koyanagi
15979,bernard addison
15980,hannah daniel
15981,pierre lottin
15982,alexia giordano
15983,taryn brumfitt
15984,allison williams
15985,lauren ambrose
15986,allegra masters
15987,moisés arizmendi
15988,bjarke ingels
15989,denise tantucci
15990,lewis reeves
15991,sahaphap tor
15992,si-won cha
15993,ward horton
15994,morgan carpenter
15995,elliot knight
15996,michael 'xeno' langebeck
15997,linus roache
15998,mimi branescu
15999,pantelis kodogiannis
16000,johnathan sturgess
16001,yoshino kimura
16002,damian 'football' williams
16003,mimi kennedy
16004,mark wahlberg
16005,sean pinder
16006,josh zuckerman
16007,igal naor
16008,samantha logan
16009,dan spielman
16010,los tigres del norte
16011,donal logue
16012,ennio fantastichini
16013,toni rakkaen
16014,lashun pollard
16015,hermione corfield
16016,mike rinder
16017,carmen pelaez
16018,katsuko wakasugi
16019,susan kelechi watson
16020,hans escher
16021,cam ralph
16022,maría barranco
16023,shobna gulati
16024,mary cobb
16025,torsten bergström
16026,ileana d'cruz
16027,saheoiyn aophachat
16028,nandita thakur
16029,nonie buencamino
16030,cole howard
16031,sini pesonen
16032,christine quinn
16033,yoo ah-in
16034,balaji manohar
16035,shûhei nomura
16036,francis frappat
16037,dougie mcconnell
16038,david bierend
16039,joe hughes
16040,drake
16041,prajakta koli
16042,marta marco
16043,sharon kret
16044,josé maría de tavira
16045,sofia rosinsky
16046,ágnes bertalan
16047,ethan finlan
16048,david aston
16049,ty olsson
16050,tyrese gibson
16051,shiviske shivisi
16052,agnieszka podsiadlik
16053,michelle buteau
16054,benjamin tribes
16055,moses chan
16056,timethai plangsilp
16057,kate chastain
16058,xiubo wu
16059,karlee perez
16060,joão vicente de castro
16061,timothy bottoms
16062,seun ajayi
16063,jerry di giacomo
16064,audrey lamy
16065,mark fleischmann
16066,sukha belle potter
16067,arushi sharma
16068,kentarô sakaguchi
16069,melissa butler
16070,patrick wilson
16071,hal scardino
16072,bülent kayabas
16073,anna björk
16074,lesley nicol
16075,eleanor bron
16076,lee bo-young
16077,jacek braciak
16078,john flaus
16079,husain abu-haggag
16080,belén rueda
16081,vince mcmahon
16082,yoshiko sakuma
16083,melissa benoist
16084,dominic rains
16085,ernie dingo
16086,uxía blanco
16087,clarke peters
16088,robert montgomery
16089,jordanne jones
16090,jackson rathbone
16091,alan ko
16092,katherine rundell
16093,tatsuya egawa
16094,elizabeth berrington
16095,adam ashcraft
16096,clementine nicholson
16097,vica kerekes
16098,jorge marrale
16099,michael esper
16100,sarah ann kennedy
16101,michelle lotters
16102,ahmed zaki
16103,ivana lotito
16104,george sampson
16105,tuppence middleton
16106,caitlin stasey
16107,michael conrad
16108,jack hawkins
16109,charlotte stewart
16110,shai avivi
16111,anjul nigam
16112,harry c. bradley
16113,patricia guzmán
16114,jeric raval
16115,fukuko sayo
16116,marie bach hansen
16117,andrea baker
16118,tara reid
16119,matt o'leary
16120,ashton sanders
16121,glória menezes
16122,minori terada
16123,tom ashley
16124,nene leakes
16125,ernesto campos
16126,saanve megghana
16127,elena kampouris
16128,keisuke horibe
16129,ferenc lengyel
16130,peter van den begin
16131,rikako aida
16132,robert fyfe
16133,nicole brydon bloom
16134,azusa tadokoro
16135,erika toda
16136,nanna blondell
16137,michael j. pollard
16138,paul soter
16139,gavin naquin
16140,raymond l. brown jr.
16141,amira chemakhi
16142,qingxiang wang
16143,gabriel sloyer
16144,edda björgvinsdóttir
16145,mick wingert
16146,rayve zen
16147,eugene jensen
16148,ken stott
16149,margaret avery
16150,paul virzi
16151,lucas bravo
16152,athipich chutiwatkajornchai
16153,ariel lin
16154,karine teles
16155,patharawarin timkul
16156,michael musto
16157,david collins
16158,victoria koblenko
16159,gene barry
16160,katie griffin
16161,ryan stiles
16162,troy van leeuwen
16163,bao-quan chong
16164,alessandro tiberi
16165,rahman dukes
16166,david thomas
16167,serene chen
16168,norma michaels
16169,annabella sciorra
16170,shin dong-mi
16171,alex cartañá
16172,susumu terajima
16173,bianca simone mannie
16174,péter blaskó
16175,nadiah m din
16176,alessandro borghi
16177,michael coristine
16178,vincent tong
16179,sendhil ramamurthy
16180,matt townsend
16181,yûichi nakamura
16182,krzysztof skonieczny
16183,baim wong
16184,stephen park
16185,vanessa aspillaga
16186,victor le blond
16187,campbell scott
16188,glória pires
16189,mirela oprisor
16190,hugh keays-byrne
16191,parul gulati
16192,sthembiso khoza
16193,edoardo ferrario
16194,aashish duggal
16195,jenna b. kelly
16196,anandhi
16197,general bergeret
16198,meiko chonnikan netjui
16199,yuri amano
16200,li jun li
16201,matt bomer
16202,zachery ty bryan
16203,adewale akinnuoye-agbaje
16204,richard short
16205,charlie barnett
16206,shirô sano
16207,phillip edward van lear
16208,sinjai plengpanich
16209,marie-france pisier
16210,sylvia hoeks
16211,pamelyn chee
16212,nadiya hussain
16213,bill hogan
16214,yukito nishii
16215,bill buel
16216,alexander dipersia
16217,riham haggag
16218,mi yang
16219,nittha jirayungyurn
16220,kate del castillo
16221,mikhail bespalov
16222,jenny mccarthy
16223,daisy lightfoot
16224,molly chester
16225,lara gilmore
16226,sian taylor
16227,thandie newton
16228,sabry mohyeldin farag
16229,ho-jun sung
16230,danny allen
16231,athena karkanis
16232,ji-won lee
16233,tiki barber
16234,tamae andô
16235,ryder lerum
16236,chu-he chen
16237,arnold vosloo
16238,mick cooke
16239,sayuri yoshinaga
16240,kate dickie
16241,tammy blanchard
16242,raquel gardner
16243,ruby stokes
16244,gabe khouth
16245,zhen huan zhang
16246,kristín þóra haraldsdóttir
16247,sergio rubini
16248,sam claflin
16249,yuka iguchi
16250,john flanders
16251,pachara chirathivat
16252,jacob chapman
16253,lisaraye mccoy
16254,claire bloom
16255,folusho kayode durojaiye
16256,monica bhargava
16257,kim ji-won
16258,karl makinen
16259,jennifer seman
16260,singh hartihan bitto
16261,chris barrie
16262,john tui
16263,jesse luken
16264,anders w. berthelsen
16265,paul gross
16266,leif sylvester
16267,yeon-ju jung
16268,jean-baptiste heuet
16269,linda ballantyne
16270,jacob derwig
16271,anders nohrborg
16272,jen sung
16273,emiri kato
16274,madison davenport
16275,cherine anderson
16276,jocelyn jee esien
16277,matilda anna ingrid lutz
16278,ester vuori
16279,may whitty
16280,matt hill
16281,lu xuan
16282,scott johnson
16283,prabh grewal
16284,deep ng
16285,carrie keranen
16286,mitsu dan
16287,jezriel skei
16288,marie guillard
16289,kim feenstra
16290,josef kaderábek
16291,danna garcía
16292,t.p. gajendran
16293,gloria allred
16294,keith kelly
16295,jane perry
16296,leroy harris
16297,doon mackichan
16298,christopher fitzgerald
16299,leon a. kersten
16300,john assaraf
16301,abhishek bachchan
16302,sanae kobayashi
16303,robyn nevin
16304,roger murbach
16305,chinmayi sumit
16306,felix starck
16307,hayley squires
16308,rik battaglia
16309,lee perry
16310,sumeet kant kaul
16311,jim derogatis
16312,leah clark
16313,eric elmosnino
16314,eduardo yáñez
16315,rasika dugal
16316,bobby campo
16317,tae-ran lee
16318,steph duvall
16319,mala sinha
16320,aldo fabrizi
16321,bergur ebbi benediktsson
16322,dan coleman
16323,nien-hsien ma
16324,bo-ra kim
16325,chris marquette
16326,neil hopkins
16327,ezio greggio
16328,robin das
16329,masako isobe
16330,dolores heredia
16331,lana condor
16332,irene escolar
16333,annie farmer
16334,alexa penavega
16335,max charles
16336,gabriel spahiu
16337,ashley hinshaw
16338,korapat kirdpan
16339,caoilinn springall
16340,dinesh
16341,lukas spisser
16342,hairi katagiri
16343,chang jung lim
16344,yu-seok kim
16345,aishwarya rajesh
16346,jackson kennedy
16347,martin martinez
16348,jim rogers
16349,alexander petrov
16350,aneurin barnard
16351,yashpal sharma
16352,lotfy labib
16353,aja naomi king
16354,parno mittra
16355,manuela pal
16356,dan-bi geum
16357,don 'd.c.' curry
16358,brad stine
16359,hidetaka yoshioka
16360,raúl solo
16361,antony starr
16362,jordana largy
16363,joanne vannicola
16364,william arnone
16365,osho
16366,sorapong chatree
16367,ave ninchi
16368,sue perkins
16369,heidi klum
16370,masashi ebara
16371,manu jose
16372,jacky cheung
16373,he-hsuan lin
16374,vira sathidar
16375,antonia tootill
16376,krzysztof dzierma
16377,giovanni lourenço
16378,ulas kilic
16379,tom gramenz
16380,pasquale aleardi
16381,michel duval
16382,viviane machado
16383,devin france
16384,asher angel
16385,joanne samuel
16386,geraldine cole
16387,david graf
16388,irrfan khan
16389,shohei nanba
16390,jay hutton
16391,elisabeth cardiello
16392,ugur ekeroglu
16393,ramone hamilton
16394,madeleine sami
16395,maryana spivak
16396,hans teeuwen
16397,elle alexander
16398,christopher lloyd
16399,beatrice robertson-jones
16400,binck bakker
16401,sal velez jr.
16402,ellen hillingsø
16403,spencer broschard
16404,dave murray
16405,yûki amami
16406,dyann brown
16407,sarah bolger
16408,justin schmidt
16409,anthony coleman
16410,cornell womack
16411,pankaj kapur
16412,andre braugher
16413,jirí schmitzer
16414,jung da-eun
16415,jennifer visalli
16416,inda lavalle
16417,alexa davalos
16418,whitney franker
16419,ian veneracion
16420,kimiko yo
16421,michael mormentyn
16422,misa uehara
16423,joe peery
16424,anne watanabe
16425,geraldine brophy
16426,alejandra onieva
16427,alan tang
16428,guillermo santa cruz
16429,keiju kobayashi
16430,luke wilkins
16431,eva einshøj
16432,hakeem kae-kazim
16433,wako andô
16434,martin blacker
16435,sahil brown
16436,david byrne
16437,claus bue
16438,anthony summers
16439,john rogers
16440,sasa paul-szel
16441,david lodge
16442,matthew paddock
16443,marie richardson
16444,jeremy allen white
16445,abhishek varma
16446,lukás langmajer
16447,roman lutterotti
16448,hemky madera
16449,aznil hj nawawi
16450,young-woong kim
16451,shenyang xiao
16452,satarupa das
16453,satsuki yukino
16454,vishnu vinay
16455,leon
16456,jefferson brown
16457,claire skinner
16458,yann yann yeo
16459,tommy banks
16460,moritz leu
16461,valentijn avé
16462,eddie garcia
16463,elisabeth shue
16464,roy miller
16465,christina jastrzembska
16466,jennifer gromas
16467,takayuki hamatsu
16468,paresh rawal
16469,esther dolezal
16470,basil eidenbenz
16471,ratnabali bhattacharjee
16472,eda doger
16473,kaori nazuka
16474,jason bateman
16475,sunny suwanmethanont
16476,john casablancas
16477,suphi kaner
16478,florence pugh
16479,jomaa zaabi
16480,gabrielle reid
16481,martin wallström
16482,garland whitt
16483,stella ikwuegbe
16484,ai maeda
16485,jon silberg
16486,erica luttrell
16487,wil willis
16488,il-joo ji
16489,raul barretto
16490,shawn mendes
16491,nikki haskell
16492,adrian dunbar
16493,paulina hawliczek
16494,junji majima
16495,amalee
16496,faizal abdullah
16497,andrea martin
16498,claude maki
16499,jesús castro
16500,adam ferency
16501,ahmad adam
16502,joan plowright
16503,vanness wu
16504,soo-bin ahn
16505,kati outinen
16506,kalki koechlin
16507,laurence fox
16508,vittaya wasukraipaisan
16509,jackie van beek
16510,jide kosoko
16511,andrea bang
16512,maeve mcgrath
16513,joan jara
16514,alan powell
16515,merlín atahualpa mollo oreiro
16516,masasa moyo
16517,ambrose hui
16518,belén cuesta
16519,kendall vertes
16520,jesse camacho
16521,mithun chakraborty
16522,lisa thoreson
16523,mayu harada
16524,v.k. naresh
16525,josh swickard
16526,julie delpy
16527,james landry hébert
16528,ken'yû horiuchi
16529,vorakarn rojjanavatchra
16530,lil' cinderella
16531,erina mano
16532,michel aumont
16533,cheyenne jackson
16534,martin scorsese
16535,henrik norlén
16536,susan gray
16537,gorô inagaki
16538,jaeden bettencourt
16539,dirk van dijck
16540,irm hermann
16541,xavi ayén
16542,maciej marczewski
16543,carmen mayerová
16544,cailan laine punnewaert
16545,dameon clarke
16546,graham verchere
16547,alba august
16548,lee hana
16549,juan pablo varsky
16550,rodrigo pandolfo
16551,doug mcclure
16552,paula abdul
16553,scott lutley
16554,kathy murphy
16555,kiran raj
16556,i.m. vijayan
16557,charmaine fong
16558,paul merson
16559,alden richards
16560,paul panting
16561,don steele
16562,vera chen
16563,bokeem woodbine
16564,mikias wolde
16565,neerja naik
16566,deok-jae jo
16567,tilky jones
16568,yui ishikawa
16569,billy angel
16570,nomzamo mbatha
16571,anna castillo
16572,judah lewis
16573,erika pölöskey
16574,akane fujita
16575,francesco casisa
16576,peggy zabakolas
16577,mikhail galustyan
16578,toni salgado
16579,kristen ruhlin
16580,cameron diaz
16581,cecilie a. mosli
16582,josé dumont
16583,zach grenier
16584,crystal lin
16585,grace rouvray
16586,tyger drew-honey
16587,václav neuzil
16588,sandi tan
16589,manuel hernandez
16590,cesar rodriguez
16591,zoé charron
16592,jason ritter
16593,yûsuke iseya
16594,sahin eryilmaz
16595,jacqueline apitananon
16596,jenelle evans
16597,grace gummer
16598,devon werkheiser
16599,john dunsworth
16600,taryn manning
16601,amane okayama
16602,barry g. bernson
16603,shelby chong
16604,su-im choi
16605,frank mosley
16606,vince gill
16607,august diehl
16608,bradley pierce
16609,jeroen perceval
16610,james gandolfini
16611,jung ji-so
16612,carina lau
16613,isabelle carré
16614,robert gossett
16615,tobias santelmann
16616,bruce malmuth
16617,larissa gallagher
16618,tasuku emoto
16619,damon herriman
16620,lee tockar
16621,ricardo montalban
16622,atlee millard
16623,haruna amari
16624,griffin dunne
16625,ted danson
16626,cynthia watros
16627,karen gillan
16628,ned bellamy
16629,gena rowlands
16630,johnny pacar
16631,charlotte lewis
16632,andrew schulz
16633,ali aydogan
16634,hristo shopov
16635,jacqueline obradors
16636,jun fukuyama
16637,robert williams
16638,jada pinkett smith
16639,mugi kadowaki
16640,zeb troostwijk
16641,james burke
16642,austin 'chumlee' russell
16643,takashi shimura
16644,nizhalgal ravi
16645,bin shimada
16646,anusha dhandekar
16647,william argent
16648,neely fortune
16649,ahmad thaher
16650,jacqueline logan
16651,katsuhisa namase
16652,takashi sorimachi
16653,lisa stewart
16654,letícia faria pedro
16655,nikodem rozbicki
16656,kacper zielinski
16657,sanae miyuki
16658,kenneth mitchell
16659,alexandra eitel
16660,imane 'pokimane' anys
16661,keith vinsonhaler
16662,rick carlisle
16663,john green
16664,alan david
16665,brian ellison
16666,margot kidder
16667,giorgio panariello
16668,vahdet çakar
16669,seiichiro yamashita
16670,nakhorn silachai
16671,ionut visan
16672,luise wolfram
16673,johanna mørck
16674,kirsten johnson
16675,sharon leal
16676,peter gardiner
16677,josh pais
16678,ainosuke kataoka
16679,torgeir lund
16680,philippe debaty
16681,gabriela poester
16682,travis van winkle
16683,harry lennix
16684,heino ferch
16685,srdjan 'zika' todorovic
16686,sean connolly
16687,sebastián ferrat
16688,miki takahashi
16689,david moscow
16690,rickson tevez
16691,nick shymansky
16692,hakan akin
16693,david brisbin
16694,stuart f. wilson
16695,luke ford
16696,alexander einshøj
16697,amy handley
16698,tomasz kot
16699,artur povolotsky
16700,florence clery
16701,justin bradley
16702,rudi køhnke
16703,mi-ri gyeon
16704,raff bierens
16705,dennis alexio
16706,massimo boldi
16707,ron blanchard
16708,siena agudong
16709,robert clotworthy
16710,amy yip
16711,ata demirer
16712,karin molander
16713,fabrizio copano
16714,b.s. christiansen
16715,isaiah stone
16716,hiyori kon
16717,tsutomu yamazaki
16718,sheila hyslop
16719,caitlyn de abrue
16720,nelle nugent
16721,amanda seyfried
16722,katie cassidy
16723,yoshio harada
16724,james roundell
16725,risa kameda
16726,begüm koyçiç
16727,michael domnitz
16728,karamo brown
16729,tomori abe
16730,ane dahl torp
16731,nikolay bystrov
16732,hina dilpazir
16733,tom rosenthal
16734,maria j. cruz
16735,anson chen
16736,tomas gal
16737,shingo yamashiro
16738,joanne rogers
16739,josé manuel poga
16740,benjamin blais
16741,aj michalka
16742,fred meijer
16743,alex filippenko
16744,patharamanop isariy
16745,david chang
16746,zhiwen wang
16747,manolo solo
16748,jan frycz
16749,carmen electra
16750,hiro honda
16751,samuel west
16752,nestor chiesse
16753,pilar lópez de ayala
16754,stella zázvorková
16755,aldís amah hamilton
16756,jason fox
16757,kunimi andrea
16758,nicolas cage
16759,kurtwood smith
16760,yinan chen
16761,damian hardung
16762,andré 3000
16763,amanda arcuri
16764,luke grimes
16765,scott kyle
16766,kaori mizuhashi
16767,shamim basharat
16768,judith hoag
16769,joey marquez
16770,edison charlie
16771,stephanie jones
16772,mary-louise parker
16773,sarinrat thomas
16774,sarah trigger
16775,nagah el-mogui
16776,clotilde courau
16777,javier pereira
16778,vinicius damasceno
16779,eriko hara
16780,john roselius
16781,leyla feray
16782,sia
16783,roger jackson
16784,simone milsdochter
16785,kevin dillon
16786,vinnie colaiuta
16787,katheryn winnick
16788,amariah faulkner
16789,sara serraiocco
16790,aeon cruz
16791,ja rule
16792,shamier anderson
16793,yuyu makihara
16794,tatsuhito okuda
16795,mithun rodwittiya
16796,matthew davis
16797,skip stellrecht
16798,bylent veckollari
16799,bartosz porczyk
16800,vanessa wasche
16801,rebecca front
16802,paulina matos
16803,luis hostalot
16804,maurizio mattioli
16805,pete davidson
16806,blanca camacho
16807,ganindra bimo
16808,clive oppenheimer
16809,ben cura
16810,henry fonda
16811,rebecca bower
16812,michel constantin
16813,dick martin
16814,joon-hyuk lee
16815,dendrie taylor
16816,david forman
16817,lindsay karamoh
16818,tegwen tucker
16819,ron white
16820,ralph amoussou
16821,kiko mascarenhas
16822,alba flores
16823,kumiko kaur chadha berges
16824,hani adel
16825,alex mallari jr.
16826,andré lótter
16827,kiefer crosbie
16828,jesse jackson
16829,dan pribán
16830,bongkoj khongmalai
16831,benji madden
16832,tom segura
16833,giullian yao gioiello
16834,misaki itô
16835,saïd amadis
16836,gina castel
16837,sheila hancock
16838,bea basa
16839,horacio garcía belsunce
16840,tamika mallory
16841,nikolay gorshkov
16842,quincy troupe
16843,joanna ruiz
16844,ji yoon hong
16845,paolo calabresi
16846,estefanía de los santos
16847,darren e. scott
16848,rita lengyel
16849,sally kirkland
16850,john kathrein
16851,marisa paredes
16852,vikrant massey
16853,roland rába
16854,james hetfield
16855,carissa meagher
16856,zazie beetz
16857,gabrielle anwar
16858,joe zieja
16859,michel mella
16860,gabriel luna
16861,ratklao amaratisha
16862,ali bicim
16863,jane turner
16864,elyas m'barek
16865,dira paes
16866,shelley berman
16867,chris patton
16868,sunny deol
16869,julia jentsch
16870,john huston
16871,ju-won lee
16872,anne bancroft
16873,sarah flower
16874,lana baric
16875,mark barrett
16876,carlos bardem
16877,brian mathis
16878,josé vera
16879,kristen griffith-vanderyacht
16880,sana saeed
16881,héctor morales
16882,charlie korsmo
16883,lynette nusbacher
16884,emilio sakraya
16885,alison doody
16886,jeffrey goodrich
16887,woo jung
16888,bii
16889,roger rees
16890,jae-yeong jeong
16891,rola al amin
16892,salim kechiouche
16893,carla abrahamsen
16894,hunter parrish
16895,chanon santinatornkul
16896,sayuri yahagi
16897,james denton
16898,eva melander
16899,björn gedda
16900,sam sarpong
16901,rory block
16902,juan catalan
16903,emi shindô
16904,kathryn newton
16905,ali landry monteverde
16906,andy romano
16907,chris van tulleken
16908,george bush
16909,don mckellar
16910,muhammad ali
16911,lukerya ilyashenko
16912,joel widman
16913,robbie bryan
16914,alphonso mcauley
16915,julia sawalha
16916,hyeon-jun shin
16917,meezaan jafri
16918,burkely duffield
16919,johannes korpijaakko
16920,marina gregory
16921,benett vilmányi
16922,danny murphy
16923,denise richards
16924,gong linna
16925,christian serratos
16926,susan traylor
16927,boris becker
16928,lauren gottlieb
16929,arnas fedaravicius
16930,mickaëlle x. bizet
16931,andrew caley
16932,rene liu
16933,asha bromfield
16934,line renaud
16935,adoni maropis
16936,dalida anastazya
16937,kriti malhotra
16938,yoriko haraguchi
16939,ludwig trepte
16940,maximilian schafroth
16941,chôichirô kawarasaki
16942,eugene levy
16943,michael wai-man chan
16944,roosevelt grier
16945,kirill bichutsky
16946,gaurav ghatnekar
16947,jade olieberg
16948,black deniro
16949,makoto togashi
16950,satomi hanamura
16951,lukas schwarz thorsteinsson
16952,jade pettyjohn
16953,dianna agron
16954,sendy febrina
16955,marcel janco
16956,guinevere turner
16957,ward lucas
16958,jennifer carpenter
16959,meagan good
16960,antonella interlenghi
16961,tamara duarte
16962,chris chih-cheng lee
16963,hyo-rim seo
16964,international chrysis
16965,sabine postel
16966,ana celentano
16967,bonni goldstein
16968,predrag bjelac
16969,so won kal
16970,j.c. lin
16971,phil davis
16972,james seah
16973,tammi ann
16974,antónio assunção
16975,kenya barris
16976,colm feore
16977,paul rust
16978,angela adams
16979,ashok banthia
16980,elsa zylberstein
16981,mari hamada
16982,ed oxenbould
16983,nam-ju kim
16984,chas allen
16985,nick cannon
16986,ratnesh dubey
16987,liev schreiber
16988,yoshihiko hosoda
16989,jürgen prochnow
16990,angéla stefanovics
16991,shô ayanokôji
16992,jessica lowndes
16993,bee namthip
16994,uche jombo
16995,matt paxton
16996,aaron eckhart
16997,cameron wallaby
16998,ben begley
16999,kôtarô shiga
17000,barbara rutland
17001,krittiya lardphanna
17002,vinny sharpe
17003,sherrod small
17004,esra bezen bilgin
17005,lia johnson
17006,gerald jones iii
17007,hyeon-jae jo
17008,juan du
17009,tae-goo eom
17010,stephen campbell moore
17011,jôji nakata
17012,karthika muraleedharan
17013,danai gurira
17014,tannishtha chatterjee
17015,martijn lakemeier
17016,bashar atiyat
17017,dae-kyung kim
17018,genneya walton
17019,pradeep joshi
17020,vincent elbaz
17021,leontine ruiters
17022,michael abela
17023,kelly christie
17024,carol dexter
17025,romain berger
17026,ramya krishnan
17027,peter callan
17028,sora wakaki
17029,joyce hyser
17030,theeradanai suwannahom
17031,freddie mercury
17032,alexandra jiménez
17033,monica galetti
17034,busi lurayi
17035,hyeon-kyeong ryu
17036,souleymane m'baye
17037,terrence budnik
17038,cate blanchett
17039,simone landers
17040,tom read wilson
17041,steve lemme
17042,shôgo fukushima
17043,asuka nishi
17044,thongchai thongkanthom
17045,rhydian vaughan
17046,maría valverde
17047,ranchrawee uakoolwarawat
17048,jim gaffigan
17049,anthony alabi
17050,nuray erkol
17051,sanjay mishra
17052,sumika nono
17053,nanako mori
17054,alexandru margineanu
17055,lili mirojnick
17056,daran norris
17057,ingvar hirdwall
17058,monika absolonová
17059,jennifer ulrich
17060,flame monroe
17061,caroline quentin
17062,manu rishi chadha
17063,ralph macchio
17064,christine h. mcconnell
17065,brooklynn proulx
17066,gustaf hammarsten
17067,veronica cartwright
17068,andrew dice clay
17069,garry chalk
17070,mamta mohandas
17071,jun zhao
17072,stéphane caillard
17073,ricardo mollo
17074,hanna mooren
17075,ahney her
17076,dragomir mrsic
17077,shane jacobson
17078,yosuke kishi
17079,ya'nan wang
17080,charles 'blackie' chen
17081,ramesh sharma
17082,nicola mahoney
17083,jeet
17084,jean-pierre martins
17085,jack lowden
17086,paul kaye
17087,robinne lee
17088,dex carvey
17089,jacob browning
17090,demi adejuyigbe
17091,carolina manica
17092,colin bryce
17093,pinar caglar genctürk
17094,chris wood
17095,hector elizondo
17096,joe morton
17097,brent hsu
17098,rob morgan
17099,fred williamson
17100,joão sá nogueira
17101,miranda hart
17102,jeffrey stone
17103,kei tanaka
17104,kim kardashian west
17105,james wirth
17106,tobey maguire
17107,adam long
17108,hyeon-jin baek
17109,naomi nero
17110,james mathis iii
17111,tao guo
17112,tim jandreau
17113,lisa renee pitts
17114,veyda inoval
17115,courteney cox
17116,lukman sardi
17117,emma tate
17118,samuthirakani
17119,shizuka ishigami
17120,alison fernandez
17121,siu chung mok
17122,maryann eboh
17123,agyness deyn
17124,aamir khan
17125,noriko ohara
17126,kiki layne
17127,erick weiss
17128,linda hunt
17129,shô hirano
17130,maria dizzia
17131,ravish desai
17132,ren nagase
17133,aoi ichikawa
17134,anderson di rizzi
17135,carolina bang
17136,colleen wheeler
17137,yukijirô hotaru
17138,charley chase
17139,senthil kumaran muniandy
17140,blake anderson
17141,francesca fowler
17142,masahiko tsugawa
17143,john mahoney
17144,karolina gruszka
17145,tom cruise
17146,jorge a. jimenez
17147,dana ivey
17148,úrsula corberó
17149,sage stallone
17150,raven cousens
17151,ryan friedlinghaus
17152,saiju kurup
17153,david asavanond
17154,noriaki sugiyama
17155,sherilyn fenn
17156,andy culpepper
17157,cece bell
17158,yuri ebihara
17159,bradley bundlie
17160,allan kournikova
17161,dylan moran
17162,brianne howey
17163,seann william scott
17164,harvey friedman
17165,nadia di cello
17166,nina wadia
17167,mimi chu
17168,calvin chen
17169,michael a. adams
17170,kanon takao
17171,ian ziering
17172,rick rossovich
17173,nancy dupláa
17174,kelly gould
17175,yuina kuroshima
17176,kathy trevelyan
17177,alif lubis
17178,waldemar matuska
17179,alice perrin
17180,christine ebersole
17181,nick blake
17182,sang-uk joo
17183,warren ellis
17184,taliah webster
17185,jorge bolani
17186,humberto busto
17187,eric balfour
17188,robert abernathy
17189,claudia placer
17190,simone tang
17191,rense westra
17192,im won-hee
17193,thando thabethe
17194,li-chun lee
17195,rodrigo santoro
17196,nico kiefer
17197,öykü berkan
17198,malene wadel
17199,lindsay farris
17200,abdulhussain abdulredha
17201,loretto bernal
17202,john getz
17203,lauren graham
17204,yoann sover
17205,lukás vaculík
17206,graig couton
17207,hailee dyer
17208,stefanie martini
17209,urmila matondkar
17210,yootha wong-loi-sing
17211,dominique sanda
17212,grégoire isvarine
17213,carly schroeder
17214,john kani
17215,metin yildirim
17216,dmitri davidovich
17217,kristin davis
17218,arthur dapieve
17219,janel parrish
17220,yuri lowenthal
17221,colin bates
17222,sumret muengput
17223,john light
17224,aisawanya areyawattana
17225,vic waghorn
17226,kit dale
17227,dheena
17228,gregory abbey
17229,young dais
17230,mark anthony williams
17231,baris basar
17232,noriko eguchi
17233,robert hansen
17234,rafal mackowiak
17235,bradley whitford
17236,jean-luc godard
17237,jaden smith
17238,anucha chatkaew
17239,fabio troiano
17240,william shatner
17241,charmin lee
17242,pierce brosnan
17243,bob griffin
17244,martin kiefer
17245,anna gorajska
17246,kazue ikura
17247,fantine harduin
17248,san yow
17249,fisayo akinade
17250,naomi ryan
17251,vic morrow
17252,eyad nassar
17253,henrik prip
17254,hernán safaniuk
17255,maki mizuno
17256,john conroy
17257,laerte coutinho
17258,niveditha
17259,kim buckingham
17260,edgar ramírez
17261,andy parsons
17262,min-yeong ahn
17263,gracia olayo
17264,fukushi ochiai
17265,nahanni mitchell
17266,imad creidi
17267,victor rasuk
17268,in-guk seo
17269,hope davis
17270,anita
17271,seo in-guk
17272,jacob tremblay
17273,bingbing fan
17274,semra dinçer
17275,vlastina svátková
17276,pedro benevides
17277,joana anes
17278,guadalupe
17279,zsa zsa inci bürkle
17280,dan wyllie
17281,mick ford
17282,saoirse ronan
17283,allie kaplan
17284,hemendra dandotiya
17285,betti lott
17286,pachrapa chaichua
17287,li-chun tsai
17288,aki hano
17289,zsófia szamosi
17290,neena gupta
17291,reiko aylesworth
17292,mathias muchus
17293,damian walshe-howling
17294,andré wickström
17295,kandido uranga
17296,inbar lavi
17297,ghadir
17298,miranda rhyne
17299,wachara pan-iom
17300,yûki kaji
17301,sean patrick thomas
17302,elizabeth hawthorne
17303,nithya menen
17304,judson jones
17305,daniel wu
17306,kenji chen
17307,ron suskind
17308,yuliia sobol
17309,utkarsh sharma
17310,jo joyner
17311,chris rock
17312,caroline goodall
17313,ka-kui ho
17314,pelé
17315,aashish bhatt
17316,jack lemmon
17317,henrik lundström
17318,lili simmons
17319,ang phula sherpa
17320,jimmy bennett
17321,padma lakshmi
17322,collin chou
17323,orlando bloom
17324,essined aponte
17325,noemí frenkel
17326,valin shinyei
17327,mirei kiritani
17328,charlie wright
17329,baris çakmak
17330,sarah chang
17331,bonnie lee bouman
17332,ray walston
17333,dan chiorean
17334,matthew price
17335,matthew taylor
17336,ioan gruffudd
17337,joe dante
17338,emma davies-dixon
17339,ziyi wang
17340,yukari taki
17341,réti lászló
17342,il-woo nam
17343,lia bugnar
17344,manuel burque
17345,sam heughan
17346,jascha washington
17347,eric dane
17348,michal shtamler
17349,kim young-min
17350,erik scott kimerer
17351,usop wilcha
17352,kazuki futami
17353,dumitru dobre
17354,lezley mcspadden
17355,linas phillips
17356,hugo catalán
17357,rina aizawa
17358,gabriel iglesias
17359,lauren spartano
17360,anna neistat
17361,seema bhargava
17362,tamaki katori
17363,michelle newman
17364,sonia mann
17365,isa hoes
17366,malik diouf
17367,gyton grantley
17368,peter murnik
17369,anatole taubman
17370,shanika warren-markland
17371,portia doubleday
17372,colin tebutt
17373,ryo ishibashi
17374,yumi lambert
17375,abigail zoe lewis
17376,tammie chew
17377,sermet yesil
17378,ashton holmes
17379,stefaan degand
17380,ryûsei yokohama
17381,chun li
17382,claudio rissi
17383,shannon chan-kent
17384,kimie shingyôji
17385,takuya ishida
17386,fermín martínez
17387,jack reynor
17388,hema malini
17389,ignazio oliva
17390,ugo fox
17391,buakaw banchamek
17392,danielle brooks
17393,megumi toyoguchi
17394,kongsak kaenmeepol
17395,laurence spellman
17396,sam behrens
17397,seher devrim yakut
17398,suchao pongwilai
17399,thierry ballarin
17400,jürgen vogel
17401,ren ozawa
17402,j. david brimmer
17403,omoni oboli
17404,eugenia suárez
17405,madelaine petsch
17406,samson
17407,kaiji tang
17408,patrick poole
17409,brooklyn decker
17410,stanley lawrence
17411,tony jaa
17412,armen taylor
17413,lucy davis
17414,matthew mckelligon
17415,dae-han ji
17416,christian slater
17417,jia ler koh
17418,duane martin
17419,nizar nasser seif
17420,felix wong
17421,grant swanby
17422,georges st-pierre
17423,katharina brauren
17424,michael eklund
17425,marlene morreis
17426,jun'ichi okada
17427,bensu soral
17428,dave england
17429,salah abdullah
17430,lior raz
17431,saharsh kumar shukla
17432,juliusz chrzastowski
17433,dian sastrowardoyo
17434,orla brady
17435,maureen teefy
17436,nicole kidman
17437,adrian edmondson
17438,patrice bélanger
17439,jocko sims
17440,chris carter
17441,karla melo
17442,fai-hung chan
17443,maho yamada
17444,ralphie may
17445,marie humbert
17446,julie hagerty
17447,terry rogers
17448,iain glen
17449,alecsandra anca
17450,kelis
17451,andrea ros
17452,adrian k. collins
17453,henry ascher
17454,marcos veras
17455,alonzo williams
17456,chika uchida
17457,naman jain
17458,peter paul muller
17459,vedat erincin
17460,vinod nagpal
17461,emraan hashmi
17462,tanveer k. atwal
17463,jakub mazurek
17464,elliot kelly
17465,cemal hünal
17466,vivek gomber
17467,laurie whitehead
17468,saori kanzaki
17469,óscar barberán
17470,frank lammers
17471,chang-hai li
17472,nelly benedetti
17473,nidia bermejo
17474,marie-christine darah
17475,john du pont
17476,kathleen turner
17477,jay adams
17478,david itô
17479,angela eiko okumura
17480,shekhar shukla
17481,ernest prakasa
17482,bob golding
17483,muiris crowley
17484,suteteko makino
17485,zora arkus-duntov
17486,raj singh jhinger
17487,maría del carmen félix
17488,carl weathers
17489,ella-june henrard
17490,paulina garcía
17491,horacio garcia rojas
17492,joseph badalucco jr.
17493,alexander e. fennon
17494,dorsey wright
17495,jacqueline bracamontes
17496,william petersen
17497,jim sarbh
17498,nozomu sasaki
17499,lee jung-jin
17500,angie firmalino
17501,wojciech pszoniak
17502,stephen mckinley henderson
17503,alfie sanderson
17504,janhvi kapoor
17505,billy boyd
17506,diane baker
17507,kent tsai
17508,bérénice marlohe
17509,paul scofield
17510,hana burnett
17511,kelly marot
17512,cas anvar
17513,alessio praticò
17514,buddy guy
17515,brigitte nielsen
17516,david arquette
17517,paco valencia
17518,istván göz
17519,vinayakan
17520,eugenia león
17521,su douglas
17522,barbara goodson
17523,renee pezzotta
17524,bruno sosa bofinger
17525,kwon yul
17526,harry groener
17527,benjamín alfonso
17528,keesha sharp
17529,michael nuccio
17530,caitlin keats
17531,nasir bilal khan
17532,rie kugimiya
17533,taylor schilling
17534,mahesh babu
17535,willam belli
17536,eun-jung hwang
17537,yûna mimura
17538,robert opsahl
17539,eileen grubba
17540,finn wittrock
17541,tyler mahoney
17542,katie leung
17543,ali suliman
17544,isabella steinbarth
17545,gary kemp
17546,paige hurd
17547,yahya abdul-mateen ii
17548,christopher sommers
17549,anniek pheifer
17550,bob rubin
17551,keshav deepak
17552,kristi kang
17553,joshua wei-en tan
17554,vasiliy dakhnenko
17555,ikumi nakagami
17556,johnny lewis
17557,stephen stout
17558,gastón pauls
17559,julia campbell
17560,elvire emanuelle
17561,paula burrows
17562,jessica cressy
17563,yuka itaya
17564,sofie gråbøl
17565,john allsopp
17566,in deok hwang
17567,momo beier
17568,christy yow
17569,erik clausen
17570,alessandro tedeschi
17571,nimisha sajayan
17572,zoe naylor
17573,jul kohler
17574,ana maría estupiñán
17575,alfredo huereca
17576,aleksey rozin
17577,emrik öhlander
17578,eitarô ozawa
17579,jonathan salway
17580,mélusine mayance
17581,eddie deezen
17582,arata horii
17583,vera kresadlová
17584,fábio lago
17585,harris yulin
17586,richard travis
17587,jennis oprasert
17588,olga medynich
17589,donald abrams
17590,manpneet grewal
17591,lawrence wilson
17592,won-hee go
17593,tsubasa yonaga
17594,petra beck
17595,cameron jebo
17596,myra karn
17597,yaser galal
17598,dongyu zhou
17599,abhay bethiganti
17600,david storrs
17601,michael consiglio
17602,josh o'connor
17603,jerry yan
17604,elzette maarschalk
17605,frances yip
17606,duk-moon choi
17607,jingfei guo
17608,ratchawin wongviriya
17609,chau min lee
17610,marie blokhus
17611,linda faye farkas
17612,marilyn faith hickey
17613,brittney karbowski
17614,francesca asumah
17615,akihiro miwa
17616,rosemarie dewitt
17617,anne heche
17618,david gyasi
17619,francis bosco
17620,david ojalvo
17621,catalina londoño
17622,justin long
17623,marina stephenson kerr
17624,zoe sugg
17625,farhan akhtar
17626,jeremy neumark jones
17627,gülen karaman
17628,rowell santiago
17629,vanessa marano
17630,phil bauer
17631,serenay sarikaya
17632,fabian arroyo
17633,benjie randall
17634,lech dyblik
17635,valerie azlynn
17636,zendaya
17637,sharry mann
17638,mikayla radan
17639,suparna moitra
17640,amanda clayton
17641,ted lange
17642,katie holmes
17643,si-kyung sung
17644,david birkin
17645,laura morgan
17646,jirí stepnicka
17647,jared rushton
17648,mitsuko kusabue
17649,kimberleigh andrews
17650,maury chaykin
17651,denise gough
17652,takumi kitamura
17653,yurika hino
17654,georgia bradley
17655,tim blake nelson
17656,keke palmer
17657,akari kageyama
17658,adam bengis
17659,ken mitsuishi
17660,jacob dudman
17661,minori hagiwara
17662,chiaki kawamo
17663,patricia neal
17664,jared cohn
17665,vali popescu
17666,will ferrell
17667,jan sosniok
17668,magdalena poplawska
17669,lego lee
17670,trent reznor
17671,kjell sucksdorff
17672,dempsey hendrickx
17673,frank dorsin
17674,anyelina sánchez
17675,samia arram
17676,rupert degas
17677,jordana brewster
17678,axel matthew thomas
17679,mike vogel
17680,brianna reed
17681,chavis daniels
17682,bessie carter
17683,simon baker
17684,nicolas cantu
17685,rita assemany
17686,zsolt bogdán
17687,sammi cheng
17688,su-young park
17689,dieter hallervorden
17690,nathan gamble
17691,phil jackson
17692,beau bridges
17693,gino anthony pesi
17694,palomi ghosh
17695,ayushita
17696,austin stowell
17697,barton cowperthwaite
17698,sandra kwan yue ng
17699,gemma karlsen
17700,petronila abarca
17701,olivia williams
17702,ania josse
17703,soo-jang baek
17704,remo girone
17705,naresh gosain
17706,ryan devlin
17707,adam buxton
17708,arsher ali
17709,rob james capel
17710,il-hwa choi
17711,anna bocci
17712,robbie amell
17713,rina honizumi
17714,brad renfro
17715,charwin jitsomboon
17716,darren healy
17717,ada choi
17718,kathy chaney
17719,paul ben-victor
17720,edward james olmos
17721,hiroki yasumoto
17722,vinod mehra
17723,jody david armour
17724,sebnem bozoklu
17725,john beck
17726,do-bin baek
17727,yuan liang
17728,minami tanaka
17729,hazel keech
17730,joanna scanlan
17731,rachel bernard
17732,james robert miller
17733,marta dusseldorp
17734,nick sullivan
17735,savika chaiyadej
17736,charlie sheen
17737,maria pia conte
17738,jun-myon kim
17739,zijing yan
17740,kiku sharda
17741,hui-jen liao
17742,bo-kyeong kim
17743,varsha usgaonkar
17744,thunyaphat pattarateerachaicharoen
17745,mónica antonópulos
17746,george knapp
17747,adrian grenier
17748,giovanna mezzogiorno
17749,iris abramovich
17750,paisley billings
17751,vera fuzaro
17752,regan lutz
17753,hye-in jeong
17754,mike mvelase
17755,eruera 'bob' mita
17756,kelly lebrock
17757,eva berger
17758,ernst holzapfel
17759,osvaldo benavides
17760,josef abrhám
17761,harry treadaway
17762,jim belushi
17763,marisa drummond
17764,engin öztürk
17765,chiara caselli
17766,raaj kumar
17767,nick kroll
17768,donald sutherland
17769,tom skerritt
17770,freddie fox
17771,sabrina impacciatore
17772,kelvin boerma
17773,prem chopra
17774,komegumi koiwasaki
17775,mahulena bocanová
17776,rachel nichols
17777,rachel deboer
17778,josé maría bakero
17779,aitor luna
17780,gylfi zoega
17781,ayame gôriki
17782,jamal cash
17783,warren bullock
17784,roman skamene
17785,adam woronowicz
17786,maría pedraza
17787,quentin dolmaire
17788,mark mccarthy
17789,jeff harding
17790,nour el-sherif
17791,storm reid
17792,rohini hattangadi
17793,asami imai
17794,nabilah ratna ayu azalia
17795,yutaka kobayashi
17796,sylvie kraslová
17797,antony acker
17798,ludi lizcano
17799,thelma barlow
17800,ellen raine scott
17801,remy hii
17802,carlos boyd
17803,catherine o'connor
17804,barbara niven
17805,anjelica bette fellini
17806,michelle marie
17807,pitchanart sakakorn
17808,jeremy owen
17809,dilma rousseff
17810,francesc orella
17811,sophie kim
17812,troy newman
17813,yukiko nikaido
17814,james rhine
17815,jeremy mcwilliams
17816,christophe kourotchkine
17817,clementine laikin
17818,erich bergen
17819,matt clayton
17820,linda hamilton
17821,faycal attougui
17822,ramon o. torres
17823,jan sodderland
17824,jayesh raj
17825,andrea garrote
17826,june squibb
17827,petra spalková
17828,hideto matsumoto
17829,john leguizamo
17830,carlos salinas de gortari
17831,edouard baer
17832,mary ann broberg
17833,pruitt taylor vince
17834,na-dou lin
17835,ma dong-seok
17836,seung-woo kim
17837,richard portnow
17838,stanislaw cywka
17839,kazuya nakai
17840,priyamvada krishnan
17841,ashley liao
17842,khali best
17843,marie dolezalová
17844,victor assié
17845,john ventre
17846,rachelle heger
17847,fabiula nascimento
17848,lewis rainer
17849,burt reynolds
17850,avi dangur
17851,athenea mata
17852,kregg dailey
17853,eric kabongo
17854,christopher campbell
17855,soledad o'brien
17856,doug lyons
17857,scott michael foster
17858,shintarô asanuma
17859,shinji kawada
17860,lori loughlin
17861,hushairi husain
17862,melanie chartoff
17863,albert bouchard
17864,nakul singh sawhney
17865,luara pepita
17866,lisa kudrow
17867,ilmur kristjánsdóttir
17868,sandra solimano
17869,lynn cohen
17870,warattaya deesomlert
17871,kate greenhouse
17872,alessio boni
17873,jim acosta
17874,ali liebert
17875,lorraine toussaint
17876,cahide sonku
17877,rebecka hemse
17878,diego velázquez
17879,alexandra kay
17880,nicky katt
17881,gheorghe horia
17882,il-seob baek
17883,john anthony
17884,john wick
17885,sudhakar
17886,marie-sophie ferdane
17887,gokhan yikilkan
17888,alexandra maria lara
17889,michael david
17890,marie chevalot
17891,branka katic
17892,samantha bee
17893,josh groban
17894,ryan phillippe
17895,michael cera
17896,dawn johnson
17897,bradley hamilton
17898,greg germann
17899,joe rogan
17900,meric aral
17901,gabrielle reece
17902,marcel mccalla
17903,sam melville
17904,daniel gillies
17905,mike yager
17906,michal vondel
17907,zoe graham
17908,liao jingfeng
17909,brandon hardesty
17910,nawazuddin siddiqui
17911,cem gelinoglu
17912,lainie kazan
17913,hutch dano
17914,anthony barrile
17915,victoria moroles
17916,bourvil
17917,julianne moore
17918,randy quaid
17919,apoorva jha
17920,anouar h. smaine
17921,maria hofstätter
17922,brit shaw
17923,ahmed eid
17924,kôji nakamoto
17925,lauren corah
17926,júlio andrade
17927,jeremiah brent
17928,adam dorsey
17929,shawn parr
17930,justin baldoni
17931,john rhys-davies
17932,claire keim
17933,sean o'bryan
17934,seu jorge
17935,nse ikpe-etim
17936,maître gims
17937,vladimir epifantsev
17938,simon gipps-kent
17939,korawit boonsri
17940,henry b. walthall
17941,mark williams-thomas
17942,lesli kay
17943,da-hye jeong
17944,lucia rossi
17945,luenell
17946,jacquelynne faith
17947,nicola sloane
17948,mai cát vi
17949,leighton meester
17950,jason watkins
17951,stefania casini
17952,broden kelly
17953,helmi bakr
17954,allison nega
17955,jack wagner
17956,ziyi zhang
17957,yulia snigir
17958,jordi aguilar
17959,donald glover
17960,estefania tejeda
17961,wendy hiller
17962,jason curole
17963,thomas ward
17964,tetsuya takeda
17965,robert copsey
17966,chien-ming wang
17967,margot bingham
17968,jacqueline youn
17969,ruby o. fee
17970,gizem erdogan
17971,zidane khalid
17972,catrin striebeck
17973,rikki simons
17974,natasha gorky
17975,parthiban
17976,leonardo lidi
17977,elvira onetto
17978,norio minorikawa
17979,nicholas day
17980,nat faxon
17981,alexander beyer
17982,zachary holland baker
17983,kevin costner
17984,vicky peña
17985,elvis mitchell
17986,kazuo suzuki
17987,phil crookes
17988,miho ninagawa
17989,seo dong-gun
17990,angie cepeda
17991,min-seok kim
17992,wes bentley
17993,marcus lewis
17994,deion sanders
17995,cynthia nixon
17996,filip geljo
17997,tom scharpling
17998,jean-pierre léaud
17999,han-sol kwon
18000,walter cronkite
18001,hye-jin jeon
18002,sydney scotia
18003,setti ramdane
18004,payal rajput
18005,vision wei
18006,hiroyuki kawase
18007,tim robbins
18008,kylie jenner
18009,ludovico girardello
18010,alex palmer
18011,tim dekay
18012,william abadie
18013,karen gemma dodgson
18014,jerzy kukuczka
18015,seiji rokkaku
18016,mu-yeol kim
18017,yûko araki
18018,jim didion
18019,gillian jacobs
18020,katja herbers
18021,arjo atayde
18022,hiromitsu kitayama
18023,jean amorim
18024,elici bueno
18025,jeff foxworthy
18026,sunita memetovic
18027,alyson leigh rosenfeld
18028,adriana paz
18029,crispian chan
18030,andrew adamson
18031,sei hiraizumi
18032,sabrina garciarena
18033,michelle dede
18034,raúl briones
18035,gilles lellouche
18036,alyshia ochse
18037,julie ferrier
18038,vincent franklin
18039,anisa alamia
18040,lisa adam
18041,sarah abdulrahman
18042,janine rubenstein
18043,julie anne san jose
18044,irina björklund
18045,lisa comshaw
18046,nathan kress
18047,precious lara quigaman
18048,keeley hawes
18049,rinko kikuchi
18050,jonathan espolin-johnson
18051,amanda davin
18052,yuchun li
18053,jennifer ehle
18054,natalia ramírez
18055,sylvia kristel
18056,manami hashimoto
18057,jaleel white
18058,cristela alonzo
18059,jafra younes
18060,ezri walker
18061,ben loyd-holmes
18062,lin-manuel miranda
18063,rick edwards
18064,adrià salazar
18065,alice belaïdi
18066,jirí pecha
18067,håvard lilleheie
18068,kris kristofferson
18069,stephanie nogueras
18070,glenn erland tosterud
18071,stephen mchattie
18072,ayrton senna
18073,sang-hoon jung
18074,pakasit pantural
18075,gail dines
18076,ye-seul han
18077,w. kamau bell
18078,mohamed akhzam
18079,ruddy rodríguez
18080,bipasha basu
18081,brian cox
18082,r. lee ermey
18083,rebecca liddiard
18084,dónal finn
18085,nurgül yesilçay
18086,manolo muoio
18087,kai-wei chiu
18088,david svehlík
18089,nina moran
18090,michael biehn
18091,shawna rivera
18092,jennifer byrne
18093,cooper kelly kramer
18094,henrik malberg
18095,devin kelley
18096,satomi kobayashi
18097,laura harrier
18098,hynek cermák
18099,kat stewart
18100,maddie baillio
18101,paola falcone
18102,rob reiner
18103,edna purviance
18104,karuna pandey
18105,randy couture
18106,garret brown
18107,bibi andersson
18108,maude apatow
18109,erich wildpret
18110,neil sterenberg
18111,joanna kulig
18112,tôru nakamura
18113,travis turner
18114,colin h. murphy
18115,yutaka hayashi
18116,alex hoyer
18117,sabryn rock
18118,gary frank
18119,kathrine barnes
18120,barrett leddy
18121,liza lorena
18122,louriza tronco
18123,jenifer beth kaplan
18124,madge evans
18125,tilde teldi
18126,pierre-yves gerbeau
18127,claudine bertin
18128,marcos caruso
18129,kam-kong wong
18130,kristian bruun
18131,ralf jameson
18132,tom sizemore
18133,serkan çayoglu
18134,carl miller
18135,platinum j.
18136,jen-shuo cheng
18137,kate rachesky
18138,glenn andre kaada
18139,ben spies
18140,denis lavant
18141,sheila shand gibbs
18142,joseph adams
18143,thomas ian nicholas
18144,vidit kumar
18145,georgie jennings
18146,martin feifel
18147,jae-joong kim
18148,anil nedumangad
18149,jamison jones
18150,matthew mucci
18151,samuel faraci
18152,kana onodera
18153,alice isaaz
18154,elisa calin
18155,sarah chalke
18156,aleks paunovic
18157,samantha mathis
18158,claudio amendola
18159,michael mckean
18160,myung-min kim
18161,karolina waclawiak
18162,rené van 't hof
18163,arak amornsupasiri
18164,lisa panknin
18165,johnny massaro
18166,kevin flanery
18167,roy hill
18168,zenande mfenyane
18169,alexandra kamp
18170,andrea garcía-huidobro
18171,tarô ohga
18172,sarah grey
18173,aviis zhong
18174,ehren kassam
18175,elliot page
18176,jun aonami
18177,treat williams
18178,beth triffon
18179,michelle murphy akaras
18180,r.l. stine
18181,rhea jai fernandez
18182,simon johns
18183,ramez galal
18184,menna shalabi
18185,justin roiland
18186,brenton thwaites
18187,jim france
18188,mario casas
18189,mayu asada
18190,matthew ziff
18191,brendan fehr
18192,jarkko niemi
18193,susan broberg
18194,shunji igarashi
18195,amit rahav
18196,tom wu
18197,hirona yamazaki
18198,d.b. sweeney
18199,griselda agatha
18200,warren lipka
18201,mamoudou athie
18202,phillip rhee
18203,bojana novakovic
18204,maika shimamura
18205,dick wei
18206,nonoka ono
18207,lucille boudonnat
18208,bo derek
18209,cristiana dell'anna
18210,delphine seyrig
18211,phil klemmer
18212,dominique horwitz
18213,fujiko kojima
18214,bruno guéraçague
18215,jody adewale
18216,alain moussi
18217,françois damiens
18218,chems eddine amar
18219,lily newmark
18220,afi ekulona
18221,ryôko kuninaka
18222,catherine frot
18223,diana dumitrescu
18224,zijie lin
18225,mélanie thierry
18226,constantin cotimanis
18227,allison lin
18228,so-hye kim
18229,jason robards
18230,maría fernanda yepes
18231,lochlyn munro
18232,annette benda fox
18233,sherif mounir
18234,jana stehnová
18235,rya meyers
18236,dylan sprouse
18237,ron silver
18238,piyada akaraseni
18239,enzo lombardo
18240,eric stonestreet
18241,hyunri
18242,joseph mitchell
18243,the stig
18244,tomás mrvík
18245,gabriel macht
18246,malia bendi-merad
18247,verónika moral
18248,kristofer hivju
18249,lee min-ho
18250,edward o'blenis
18251,gabriel hogan
18252,sean fox
18253,claudia kim
18254,kimberly clark
18255,david henry
18256,mariana rios
18257,hetty brown
18258,jon bowerman
18259,haleem aljabri
18260,hayal köseoglu
18261,lee marvin
18262,kendal rae
18263,riteish deshmukh
18264,jerry brewer
18265,fionn whitehead
18266,youssef chahine
18267,nick sagar
18268,maksim konovalov
18269,kate berlant
18270,bryan massey
18271,maria ricossa
18272,josh bowman
18273,maximilian artajo
18274,paulo figueiredo
18275,inas al-naggar
18276,blake crawford
18277,hao ou
18278,morris day
18279,macaulay callard
18280,teairra mari
18281,carlos torres
18282,jeremy labrie
18283,caity lotz
18284,eun-hyung jo
18285,pippa black
18286,jianzhong zhang
18287,maría didomenico
18288,brigitta sirny-kampusch
18289,anthony mackie
18290,colton dunn
18291,mei-hsiu lin
18292,yôko maki
18293,tom ward
18294,benjamin bradley
18295,john taylor
18296,peter dinklage
18297,makrand deshpande
18298,allison paige
18299,joey klein
18300,in-sung jo
18301,joe vitale
18302,scott dixon
18303,trpimir jurkic
18304,isaiah kristian
18305,jane fonda
18306,chanté adams
18307,nacho sánchez
18308,sharif atkins
18309,laurent capelluto
18310,si won choi
18311,john ritter
18312,keenan tracey
18313,kevin peter hall
18314,ramzy bedia
18315,son hyeon-ju
18316,melinda shankar
18317,kiana cason
18318,chani
18319,kareena kapoor
18320,maría gabriela de faría
18321,eddie campbell
18322,kuben mahadevan
18323,frank baker
18324,sophie lane
18325,paula tsui
18326,tom dewispelaere
18327,chung-ah lee
18328,joshua leonard
18329,rob lowe
18330,tom murray
18331,tul pakorn thanasrivanitchai
18332,heather graham
18333,christian bayerlein
18334,saul williams
18335,lou adler
18336,peter drost
18337,liz gloyn
18338,giorgio maiocchi
18339,mike o'malley
18340,hente sodderland
18341,kim cattrall
18342,raul gomez
18343,olivia castanho
18344,kyliegh curran
18345,hafþór júlíus björnsson
18346,christine schuler-deschryver
18347,antonio pedro
18348,tae-hwan choi
18349,mohammad-ali behboudi
18350,daniah de villiers
18351,catherine o'hara
18352,jane adams
18353,octavio michel
18354,lamont bentley
18355,anna ruiz
18356,katherine waterston
18357,jimmie fails
18358,michael birkeland
18359,anouk aimée
18360,saki takaoka
18361,sarah geronimo
18362,spyros fokas
18363,john ortiz
18364,maurício meirelles
18365,bridgette balasko
18366,pauline moingeon vallès
18367,jose luis garcia
18368,louie lawless
18369,eduardo moscovis
18370,elena popa
18371,vishwak sen
18372,xavier samuel
18373,sarah lancashire
18374,lane r. davis
18375,áine sunderland
18376,oranate d. caballes
18377,clifton collins jr.
18378,katherine dillon
18379,wafaa amer
18380,nutjaree horvejkul
18381,asif basra
18382,nash grier
18383,brett dalton
18384,robert balfanz
18385,roman karev
18386,jorge diaz
18387,barry bostwick
18388,patricio contreras
18389,sophie robinson
18390,eileen brennan
18391,eda ece
18392,emilio palacios
18393,duncan bravo
18394,anthony backman
18395,sara sigmunsdóttir
18396,vishal kotian
18397,sang-hee lee
18398,athalia routier
18399,zafer diper
18400,alicia sanz
18401,julieta serrano
18402,niccolò senni
18403,phillip abraham
18404,sinje irslinger
18405,tom davis
18406,hiroshi masuoka
18407,sophie thatcher
18408,liqing zu
18409,david gránský
18410,balthazar murillo
18411,lee dixon
18412,patti smith
18413,valerio foglia manzillo
18414,kaito ishikawa
18415,devan cohen
18416,ernesto cekan
18417,malachi pearson
18418,varun sharma
18419,claudia gerini
18420,unnop chanpaibool
18421,dale pavinski
18422,fabiana medina
18423,vineeth
18424,katja primel
18425,jayme lawson
18426,kenshô ono
18427,chengpeng dong
18428,bakary diombera
18429,shannyn sossamon
18430,jeffrey bowyer-chapman
18431,da-sol jeong
18432,taher shabbir
18433,guo-qiang cai
18434,sara sohn
18435,monic hendrickx
18436,robin shou
18437,karron eubank
18438,andrea barzagli
18439,kokou aurelien gaya
18440,stephen alan seder
18441,carson rowland
18442,dominic cooper
18443,bülent emrah parlak
18444,cree cicchino
18445,ornjira lamwilai
18446,felix osinga
18447,sun-young ryu
18448,anindya pulak banerjee
18449,meliz karlge
18450,erin mathews
18451,giandomenico cupaiuolo
18452,edwin goh
18453,hee-jung kim
18454,patrick gibson
18455,mi-yeon lee
18456,nora dunn
18457,malcolm sinclair
18458,charlize theron
18459,jonah hill
18460,norman johnson jr.
18461,erik lindholm
18462,jordan nia elizabeth
18463,basma
18464,bill hunter
18465,jan saczek
18466,ryôko shinohara
18467,thai nguyen
18468,simon gosejohann
18469,corina calderon
18470,yoshiki nakajima
18471,su-an kim
18472,shuying jiang
18473,ted christensen
18474,daniel sahyounie
18475,hélène vincent
18476,neil brown jr.
18477,sebastian stan
18478,denira wiraguna
18479,helene egelund
18480,thomas blanchard
18481,alyssa lebarron
18482,robert englund
18483,paul mann
18484,yô yoshida
18485,lucky daniels
18486,asrani
18487,benedict wong
18488,patrick macnee
18489,sani mu'azu
18490,rajsekhar aningi
18491,dominic deutscher
18492,kyle phillips
18493,ilenia pastorelli
18494,ersin korkut
18495,elijah stavena
18496,teruo konno
18497,sunny kaushal
18498,damian callinan
18499,liz white
18500,robyn stevan
18501,tyrin turner
18502,kanata hongô
18503,tomohiro kamiyama
18504,tang wei
18505,camila bordonaba
18506,alan shearman
18507,quinton 'rampage' jackson
18508,ruby lin
18509,vyacheslav chepurchenko
18510,mia wasikowska
18511,abdullah alzaid
18512,nikolaj støvring hansen
18513,agustín silva
18514,maria sabta
18515,simone sacchettino
18516,kiana madeira
18517,jim gaines
18518,molly ringwald
18519,christopher plummer
18520,stanislaw dziwisz
18521,kento kaku
18522,topol
18523,kanto shimokura
18524,tarako
18525,staffan hallerstam
18526,hinnerk schönemann
18527,mathieu kassovitz
18528,mackenyu
18529,ellie bamber
18530,tobias moretti
18531,hayato isohata
18532,mane de la parra
18533,ivan rodrigues
18534,jesse plemons
18535,tommy chong
18536,taiki yamazaki
18537,fadi saad
18538,tibor lukács
18539,aurora ribero
18540,brad beyer
18541,labina mitevska
18542,fatima sana shaikh
18543,joe taslim
18544,kathleen robertson
18545,annette frier
18546,stephanie pearson
18547,álex de lucas
18548,frederick schmidt
18549,gabrielle dorziat
18550,maudy koesnaedi
18551,ratna riantiarno
18552,remilekun reminisce safaru
18553,vladimir radian
18554,jason lim
18555,lloyd kaufman
18556,andrew knowlton
18557,maverick quek
18558,elizabeth bogush
18559,mya
18560,cheoljoon park
18561,sophie monk
18562,akira kubo
18563,anthony lemke
18564,sabrina klüber
18565,jazmyn simon
18566,ricardo abarca
18567,hermila guedes
18568,sang hyun uhm
18569,john wass
18570,ji-hwan kang
18571,dakota bailey
18572,leelee sobieski
18573,les tremayne
18574,sandra bullock
18575,lakshmi priyaa chandramouli
18576,gage munroe
18577,a.j. locascio
18578,jeong-eun kim
18579,linh dan pham
18580,j.p. gadelha
18581,toshio shiba
18582,edi gathegi
18583,tony roberts
18584,soo-jin kyung
18585,mark cusack
18586,emily taaffe
18587,iko uwais
18588,srinivas avasarala
18589,yûto nakano
18590,melanie scrofano
18591,vidal haddad jr.
18592,sonakshi sinha
18593,andersen gabrych
18594,mohammad abu diak
18595,ximena ayala
18596,ezgi fidanci
18597,zerrin tekindor
18598,takuma yoshizawa
18599,jackie guerra
18600,birva pandya
18601,rafael rosell
18602,xavier atkins
18603,sonal chauhan
18604,benoit
18605,yiyun ye
18606,goran markovic
18607,yakubu mohammed
18608,pierre gasly
18609,justin bradbury
18610,erik van 't wout
18611,max jabs
18612,sara ali khan
18613,tae kimura
18614,elaine stritch
18615,susi sánchez
18616,jared gilmore
18617,riaad moosa
18618,dakota goyo
18619,trine dyrholm
18620,dalton borralho
18621,mia skäringer
18622,kinga vecsei
18623,julia roberts
18624,jan werich
18625,zoë ball
18626,winnie böwe
18627,vanessa incontrada
18628,suraj sharma
18629,nils verkooijen
18630,pascal demolon
18631,brandi chastain
18632,rodrigo mendoza
18633,yixiang hu
18634,prem prakash
18635,stephanie gil
18636,joo-wan on
18637,rut holm
18638,hanwei chen
18639,fred graham
18640,charlotte de wulf
18641,kimberly reyes
18642,areen omari
18643,heather amakwe
18644,james avery
18645,ieva florence
18646,sylvester groth
18647,ulla marie broch
18648,neenasam ashwath
18649,mayumi izuka
18650,brett gray
18651,peter macnicol
18652,angourie rice
18653,valerio mastandrea
18654,tsutomu arakawa
18655,mark dacascos
18656,nicholas denton
18657,tau bennett
18658,lisa gold
18659,hari nef
18660,williams belle
18661,john larroquette
18662,karoline herfurth
18663,amy yasbeck
18664,kathy wu
18665,ken fildes
18666,dave franco
18667,dragos bucur
18668,carson meyer
18669,olivia thirlby
18670,eliza butterworth
18671,kayzie rogers
18672,dev kumar
18673,fathia youssouf
18674,astro
18675,andy gatenby
18676,priyanshu painyuli
18677,paul briggs
18678,teryl rothery
18679,kabrina adams
18680,maria ehrich
18681,akane sakanoue
18682,shantanu gangne
18683,sam troughton
18684,lance reddick
18685,nikolay kudryashov
18686,jun tazaki
18687,bryn mcauley
18688,adelaide de sousa
18689,jaz sinclair
18690,emilian kaminski
18691,eriko nakamura
18692,harry enfield
18693,kerry schmidt
18694,james pickens jr.
18695,gina torres
18696,ibrahim rufai
18697,trond fausa
18698,gaurav narayanan
18699,georg grönroos
18700,dennis chan
18701,jeff rothpan
18702,spencer rothbell
18703,ichika osaki
18704,anthony chau-sang wong
18705,madison bailey
18706,benedetta cimatti
18707,iliana inocencio
18708,anders herrlin
18709,michael-leon wooley
18710,burak can
18711,tim hill
18712,tristan tzara
18713,jim bennett
18714,anna cooke
18715,ben milliken
18716,khalid abdalla
18717,david beriain
18718,brooklynn prince
18719,jacine jadresko
18720,richard roundtree
18721,kelly rutherford
18722,ulla skoog
18723,neha chauhan
18724,miku itou
18725,anna diop
18726,sakshi gulati
18727,julian cheung
18728,rebecca rittenhouse
18729,claude duhamel
18730,young-eun lee
18731,lucia klein svoboda
18732,ben falcone
18733,martín piroyansky
18734,marcel borràs
18735,nicole elizabeth berger
18736,ayami nakajô
18737,luke roessler
18738,leny breederveld
18739,yuki uchida
18740,daniel radcliffe
18741,david beckham
18742,natalia reyes
18743,dinda kanyadewi
18744,onnicha akkharasewaya
18745,domenico de sole
18746,richard dillane
18747,laurence fishburne
18748,shriya pilgaonkar
18749,ryôko fujino
18750,julie estelle
18751,carlos acosta
18752,amy schumer
18753,buck taylor
18754,debi green
18755,florence thomassin
18756,kadee strickland
18757,tomokazu seki
18758,henry czerny
18759,szabolcs thuróczy
18760,manasa radhakrishnan
18761,jodie sweetin
18762,aakash banerjee
18763,geny rodrigues
18764,jang dong-gun
18765,ece dizdar
18766,anthony l. coleman
18767,tomas alf larsen
18768,robbie daymond
18769,jessica gee-george
18770,ryan andes
18771,steinar sagen
18772,mickey cottrell
18773,kida khodr ramadan
18774,riz amin
18775,oviya
18776,shun oguri
18777,cindy breakspeare
18778,butz ulrich buse
18779,ting-hu zhang
18780,leslie david baker
18781,jackie earle haley
18782,karima mukhtar
18783,natasa raab
18784,jyoti subhash
18785,vikram prabhu
18786,jasper newell
18787,thaddea graham
18788,maiko amano
18789,sadami sakamoto
18790,erik major
18791,yuki mamiya
18792,gabriela toscano
18793,nattawut skidjai
18794,lucas aranda
18795,melvin odoom
18796,christian skolmen
18797,arjun gupta
18798,raven goodwin
18799,ann robinson
18800,soraya rasyid
18801,hsiao-hsien hou
18802,david wilson barnes
18803,cocoa brown
18804,jay britton
18805,suet lam
18806,ismail hakki ürün
18807,chris colfer
18808,kyung-kyu lee
18809,yukana
18810,tatiana rojo
18811,jeff gum
18812,john lasseter
18813,shawn dou
18814,juan stack
18815,karamjit anmol
18816,ungvár ádám
18817,ianis guerrero
18818,josé acosta
18819,margaret laurena kemp
18820,adam horovitz
18821,jess cagle
18822,mel raido
18823,mitch winehouse
18824,preeti desai
18825,si chao
18826,piper perabo
18827,payidar tüfekçioglu
18828,austin bickel
18829,celile toyon uysal
18830,mick jagger
18831,mansoor alfeeli
18832,weronika kaczmarczyk
18833,leslie bellair
18834,phutharit prombandal
18835,dilan ay
18836,molly parker
18837,peter coyote
18838,david hewlett
18839,seung-jin hong
18840,anna loos
18841,ving rhames
18842,vidyut jammwal
18843,chae-yeong lee
18844,jack gaffigan
18845,adriana botina
18846,annick obonsawin
18847,chriz deepu
18848,allen joseph
18849,peggy
18850,roger taylor
18851,erika humbach
18852,martín bello
18853,brad hawkins
18854,gabrielle bluestone
18855,kim yeo-jin
18856,yanhua wang
18857,kuang tian
18858,elena anaya
18859,laura pruden
18860,martin pechlát
18861,hans potter
18862,alicia agneson
18863,nora danish
18864,mohit abrol
18865,ethan lawrence
18866,chung-lin li
18867,steve jordan
18868,gyula balázsi
18869,michael saucedo
18870,alina boz
18871,daryl gates
18872,hee-jin choi
18873,lamitta frangieh
18874,maria mozhdah
18875,selena mars
18876,karoline hamm
18877,amanda pajus
18878,suhas
18879,cheolhoon park
18880,amy landecker
18881,aurelia riley
18882,denny sumargo
18883,jade eshete
18884,tomoe hiiro
18885,papangkorn lerkchaleampote
18886,aly michalka
18887,ondrej vetchý
18888,hoji fortuna
18889,kadeem hardison
18890,sohail khan
18891,luis eduardo arango
18892,julie-ann dean
18893,winter dunn
18894,juan margallo
18895,victoria ananieva
18896,marcuz jess petersen
18897,ketsu
18898,thomas jane
18899,krystal rodriguez
18900,saul rubinek
18901,carole bayer sager
18902,laura berlin
18903,alicia silverstone
18904,niels gomperts
18905,peder thomas pedersen
18906,adolf hitler
18907,ryan kwanten
18908,cow chan
18909,vincent walsh
18910,alejandra ambrosi
18911,michelle phillips
18912,apollonia pratt
18913,hilda borgström
18914,nkem owoh
18915,catalina grama
18916,lalor roddy
18917,kôhei fukuhara
18918,paula brasca
18919,bintang emon
18920,mariano chiesa
18921,melinda mcgraw
18922,sela ward
18923,piotr witkowski
18924,osita iheme
18925,pam ferris
18926,mark ashworth
18927,manami konishi
18928,walter suskind
18929,michala banas
18930,parineeta dandekar
18931,luana piovani
18932,wanchana sawatdee
18933,anna biernacik
18934,yorke sun
18935,daniel j. travanti
18936,mark coyle
18937,angela forrest
18938,bence tasnádi
18939,mahmood el-laithi
18940,ayaz khan
18941,nicholas saputra
18942,xiaoyi liu
18943,rebecca robin
18944,dilara aydin
18945,rosalinda rodríguez
18946,boman irani
18947,ankhnyam ragchaa
18948,tsu-ping chiang
18949,ahmed el-sakka
18950,richard anconina
18951,karthik
18952,eoghan mcdermott
18953,nana asakawa
18954,mitsuhiko fujiki
18955,catherine chan
18956,nathan simony
18957,christopher edwards
18958,gabin lefebvre
18959,saswata chatterjee
18960,georgia groome
18961,leona lishoy
18962,ben rosenfield
18963,andrea eversley
18964,robert knepper
18965,quad webb-lunceford
18966,sofia carson
18967,na-na ouyang
18968,tian wen chen
18969,tsunenori aoki
18970,jaime lorente
18971,samy seghir
18972,satoshi hino
18973,aj rivera
18974,kavin jay
18975,adjoa andoh
18976,kentaro arai
18977,kate walsh
18978,lena
18979,sarah butler
18980,chukwudi iwuji
18981,linda baldrich
18982,bob cable
18983,agnieszka wlodarczyk
18984,mengjie jiang
18985,kamolned ruengsri
18986,stig r. amdam
18987,kinga preis
18988,zheng yin
18989,joy carlin
18990,maurizio micheli
18991,asier etxeandia
18992,kseniya rappoport
18993,grace stottor
18994,lisa haydon
18995,christian hutcherson
18996,ramona edith williams
18997,jessica henwick
18998,marianne miller
18999,ray santiago
19000,donna youngs
19001,karim tarek
19002,mehmood aslam
19003,elanne kong
19004,thomas potter
19005,sage bonnie humphrey
19006,kim hyeon-ok
19007,iris spiridon
19008,kaitlyn dever
19009,raymundo armijo
19010,pawel domagala
19011,panisara arayaskul
19012,yû serizawa
19013,edna buchanan
19014,montague simmons
19015,mmabatho montsho
19016,hayate masao
19017,sheikh haikel
19018,dave annable
19019,flaminia fegarotti
19020,johan sebastián hurtado
19021,steve carell
19022,alicia von rittberg
19023,amanda brennan
19024,norm macdonald
19025,douglas sills
19026,eve
19027,helen baxendale
19028,paul foster
19029,gabriele cirilli
19030,tchéky karyo
19031,david strathairn
19032,luis lobianco
19033,tallulah haddon
19034,imogen bailey
19035,rae-won kim
19036,tim meadows
19037,jeremy isabella
19038,sterling knight
19039,jihae
19040,angela kinsey
19041,james wong
19042,farah zeynep abdullah
19043,maria bamford
19044,sergio vieira de mello
19045,farina flebbe
19046,talat hussain
19047,laurentina guidotti
19048,dana devestern
19049,tamio ôki
19050,hans peter hallwachs
19051,marcia strassman
19052,paulo costanzo
19053,michel brown
19054,james wolk
19055,alin state
19056,alexa paulay-simmons
19057,daniel alcaíno
19058,chacha huang
19059,ivar brogger
19060,alex al
19061,karin baal
19062,maria tung ling
19063,talia shire
19064,arci muñoz
19065,melanie nelson
19066,katlyn carlson
19067,patcharasri benjamas
19068,adam herschman
19069,yumi takada
19070,claire maurier
19071,mark chao
19072,tristan risk
19073,shin-yang park
19074,macit koper
19075,arshile gorky
19076,jayma mays
19077,jun ji-hyun
19078,saikumar
19079,ewen bremner
19080,zach gilford
19081,fares fares
19082,maricar reyes
19083,takashi nishina
19084,danton mello
19085,vrund rao
19086,sophia isabella
19087,george peppard
19088,cathryn lee
19089,emma bell
19090,tuna orhan
19091,booboo stewart
19092,chiung-hsuan hsieh
19093,wendy k. gray
19094,tom cavanagh
19095,yun qu
19096,rocky citron
19097,min-yeong kim
19098,isha sharvani
19099,thira chutikul
19100,cory fernandez
19101,hassan el raddad
19102,emma schweiger
19103,cato sandford
19104,ozan ayhan
19105,georges adet
19106,giorgia boni
19107,will thorp
19108,ryûichi kijima
19109,kei tamura
19110,nicholas d'agosto
19111,dono warkop
19112,amber stevens west
19113,poorna jagannathan
19114,pat henschel
19115,tina ballerina
19116,benjamin a. onyango
19117,ahmed el-saadany
19118,sairi itô
19119,faizal hussein
19120,najwa nimri
19121,ryan malaty
19122,chiew sung ching
19123,erbolat toguzakov
19124,emre baser
19125,josefin ljungman
19126,sam lipsyte
19127,ashutosh gaikwad
19128,vilém cok
19129,taylor coatney
19130,brady jandreau
19131,lorenzo richelmy
19132,sumita majumdar
19133,wayne forester
19134,beverly d'angelo
19135,li sun
19136,ari graynor
19137,antti pääkkönen
19138,tanta ginting
19139,lara jean sullivan
19140,darshan jariwala
19141,natalie wood
19142,sofia vassilieva
19143,dino andrade
19144,tim fransen
19145,christoph maria herbst
19146,christopher von uckermann
19147,sylvie richez
19148,didier bezace
19149,daniel bacon
19150,adam gibbs
19151,james karen
19152,ratna pathak shah
19153,jord knotter
19154,michael keaton
19155,david heap
19156,brody allen
19157,ellenie salvo gonzález
19158,imoudu ayonote
19159,cassi thomson
19160,amrita singh
19161,linda hoffman
19162,peter capaldi
19163,chaitanya varad
19164,sanjeev tiwari
19165,tim haars
19166,kristína kanátová
19167,zuzana kajnarová
19168,han-bi jung
19169,john bates
19170,eddie tavares
19171,richard krajco
19172,leon lai
19173,olie crawford
19174,dhanshree jain
19175,christian mckay
19176,jim true-frost
19177,bülent çolak
19178,eloy casagrande
19179,emma shorey
19180,alexia barlier
19181,tim mcgraw
19182,bianca a. santos
19183,alfonso ribeiro
19184,bria l. murphy
19185,wanderlei silva
19186,narendra joshi
19187,david garrow
19188,shree crooks
19189,paolo bryant
19190,maarten nulens
19191,jean-pierre lorit
19192,william b. davis
19193,pauley perrette
19194,juliet simmons
19195,jim dunk
19196,sung-hoon park
19197,victoria harwood
19198,hwee sze lim
19199,bea santos
19200,jaroslava adamová
19201,madhampatty rangaraj
19202,hye-ryeong koo
19203,cecilia rognoni
19204,david wiberg
19205,chris bumstead
19206,kevin aichele
19207,qi shu
19208,pankaj tripathi
19209,murat boz
19210,danny denzongpa
19211,scott eastwood
19212,mackenzie mowat
19213,ashley scott
19214,michael constantine
19215,ghassan massoud
19216,mao daichi
19217,nelson george
19218,václav neckár
19219,francesco brandi
19220,ammar rahma
19221,janet kidder
19222,hana hegerová
19223,armani jackson
19224,liza snyder
19225,mosharraf karim
19226,jackie cooper
19227,mason lee
19228,mncedisi shabangu
19229,kil-kang ahn
19230,kokoro kikuchi
19231,owain rhys davies
19232,yûko fueki
19233,nat wolff
19234,kokone sasaki
19235,lars melin
19236,terry gilliam
19237,kristina berdinskikh
19238,albert skaftason
19239,ayu kitaura
19240,tea sandanger
19241,robbyn swan
19242,garry nation
19243,adam agee
19244,wendi mclendon-covey
19245,neil peart
19246,danielle von zerneck
19247,ila bhate
19248,matt schulze
19249,vanessa redgrave
19250,mika akizuki
19251,alex meraz
19252,grégori derangère
19253,steven kronick
19254,jeremy northam
19255,joaquim lopes
19256,aytaç sasmaz
19257,shawn doyle
19258,jerrie cobb
19259,tim hodge
19260,georgina cates
19261,fran brill
19262,radivoje bukvic
19263,ezzat el alaili
19264,yun-fat chow
19265,darryl mcdaniels
19266,daniel castro
19267,pico alexander
19268,taylor cole
19269,aneesh menon
19270,rod mullinar
19271,shari sebbens
19272,dominik lubek
19273,sammy maloof
19274,guglielmo scilla
19275,hilter frazão
19276,trang le hong
19277,suzanne reuter
19278,sayu kubota
19279,dylan everett
19280,jennifer cortese
19281,teddy robin kwan
19282,sean chiplock
19283,zouher rahim
19284,rafael coutinho
19285,carmen maura
19286,ryo hiruma
19287,olivia burnette
19288,erin ownbey
19289,donald pleasence
19290,marta mazurek
19291,dan gilroy
19292,akihiro mayama
19293,yana samsudin
19294,brittany garms
19295,ellen degeneres
19296,braeden fox
19297,caitlin halderman
19298,john lone
19299,haven paschall
19300,daniel duval
19301,jefri nichol
19302,emílio de mello
19303,tony dalton
19304,eva cobo
19305,tal orion gerloy
19306,natalie dormer
19307,valerie harper
19308,kamolnapatch thanwong
19309,ellie foumbi
19310,wiktoria wolanska
19311,déborah lukumuena
19312,ashley rickards
19313,josé ángel egido
19314,jamie quanne
19315,jack warner
19316,paco tous
19317,anne gwynne
19318,andy nyman
19319,francesco carril
19320,carrie coon
19321,mika kubota
19322,hikaru ohsawa
19323,szymon bobrowski
19324,sunil shetty
19325,gamze aksu
19326,yûki hirose
19327,boran jing
19328,eric clapton
19329,hye-sook go
19330,kerry bishé
19331,taylor russell
19332,sukku son
19333,shine tom chacko
19334,nicholas hoult
19335,gleide firmino
19336,jonno davies
19337,rang-seo lee
19338,wayne rooney
19339,marshall bell
19340,brandon smith
19341,gloria carrá
19342,wataru hatano
19343,megumi okina
19344,shu watanabe
19345,ahna o'reilly
19346,martin freeman
19347,eric legrand
19348,takumi kizu
19349,lim il-gyu
19350,jirí bartoska
19351,miroslav cvrk
19352,jason oppenheim
19353,natthaweeranuch thongmee
19354,meredith kercher
19355,johnny cash
19356,leen persyn
19357,ben becker
19358,benjamin ayres
19359,rachel khoo
19360,toshiko fujita
19361,josephine koo
19362,craig stott
19363,therese damsgaard
19364,gabrielle whelan
19365,michele abrams
19366,pierre-françois martin-laval
19367,giuseppe sulfaro
19368,linda lucía callejas
19369,sumit sandhu
19370,sharifah sakinah
19371,barbara may
19372,cooper stewart
19373,gabriella wright
19374,stephie theodora
19375,randall klein
19376,conroy chi-chung chan
19377,michael oliver
19378,josh coxx
19379,jordan rock
19380,phil rosenthal
19381,aimee mckay
19382,yuma asami
19383,natália baloghová
19384,sarah burns
19385,danny midwinter
19386,sushmita sen
19387,angela wesselman-pierce
19388,amy seimetz
19389,katy mirza
19390,eric borsuk
19391,teri garr
19392,karol dziuba
19393,yûsuke kobayashi
19394,bobby naderi
19395,anya cooke
19396,prayaga martin
19397,brooke elliott
19398,lee joo-young
19399,ritika badiani
19400,john chittenden
19401,maria conchita alonso
19402,kritteera inpornwijit
19403,david coco
19404,rachel amanda
19405,vidya balan
19406,keith wickham
19407,diane meer
19408,luca zingaretti
19409,naamar sahli
19410,vivaan shah
19411,raphael
19412,asli enver
19413,rocío leal
19414,elli
19415,frantz confiac
19416,diego torres
19417,patricia keller
19418,clive owen
19419,jannis niewöhner
19420,jacob bertrand
19421,rina izuta
19422,sonia bohosiewicz
19423,john allen nelson
19424,andrew buckland
19425,robert macnaughton
19426,quinn shephard
19427,joe don baker
19428,yang yang
19429,safak sezer
19430,greg sestero
19431,michelle ogundehin
19432,kim jinwoo
19433,tae
19434,jessica schwarz
19435,sean penn
19436,ricardo casella
19437,kaliayh rhambo
19438,yûko tanaka
19439,jennie silfverhjelm
19440,joey bragg
19441,eva cedeño
19442,nadine velazquez
19443,gio perez
19444,eivind sander
19445,toby regbo
19446,boris aljinovic
19447,christian dalton
19448,deànré reiners
19449,vahidin prelic
19450,bill duke
19451,felicitas woll
19452,dayci brookshire
19453,tom gibbons
19454,michaela dean
19455,nick moran
19456,diego peretti
19457,claude brosset
19458,jean paulo campos
19459,toshie kimura
19460,emily bagg
19461,shucheng chen
19462,ross kettle
19463,namron
19464,raissa bueno
19465,alexis victor
19466,maha ahmed
19467,bolek polívka
19468,otto jespersen
19469,maud van haasteren
19470,momo asakura
19471,ryan dunn
19472,matthew reese
19473,christopher biewer
19474,jonas hämmerle
19475,richard lumsden
19476,anna nagata
19477,ric young
19478,tessa thompson
19479,heidi lee
19480,natalya bystrova
19481,nancy travis
19482,jack davidson
19483,abel folk
19484,penelope mitchell
19485,doug hutchison
19486,anton filipenko
19487,yo hitoto
19488,teun luijkx
19489,kang-i lee
19490,dan fogler
19491,ainhoa ramírez
19492,thomas doherty
19493,miyu tomita
19494,masakatsu funaki
19495,jared harris
19496,ni ni
19497,jordan auslander
19498,jeff beck
19499,hayden daviau
19500,ananya kashyap
19501,noriko kijima
19502,elizabeth becka
19503,steven seagal
19504,eita okuno
19505,daize goodwin
19506,corbin reid
19507,sechaba morojele
19508,betty grable
19509,elvira rimbu
19510,idir azougli
19511,henri nassiet
19512,egor beroev
19513,emily barclay
19514,thom adcox-hernandez
19515,shishir sharma
19516,tom astor
19517,bill kalush
19518,sara paxton
19519,pili groyne
19520,lindsay wagner
19521,kate higgins
19522,yousef erakat
19523,dave bautista
19524,juan pablo raba
19525,piotr cyrwus
19526,troels lyby
19527,brittany daniel
19528,kevin james
19529,marlo kelly
19530,sunny banerjee
19531,stephen macht
19532,rocco siffredi
19533,sharon osbourne
19534,crina matei
19535,kim bodnia
19536,bronson webb
19537,shôzô hayashiya
19538,wang shuang
19539,david nelson
19540,ju ji-hoon
19541,demi moore
19542,brittany allen
19543,byun hee-bong
19544,kazuki namioka
19545,terry notary
19546,kar-ying law
19547,al mukadam
19548,chutimon chuengcharoensukying
19549,meg bauman
19550,sára sandeva
19551,cynthia west
19552,mo'nique
19553,makiko fujii
19554,michael preston
19555,robert gwisdek
19556,alessandro bianchi
19557,parminder ghumman
19558,helena f. ødven
19559,ashley bell
19560,omar chaparro
19561,eugenio caballero
19562,umay shahab
19563,queenie yu-hsin fang
19564,tamala jones
19565,eva millberg
19566,lydia shum
19567,linda jui-chi liu
19568,gabriela oltean
19569,nick chou
19570,hitomi kurihara
19571,ester geislerová
19572,estelle
19573,tony rock
19574,clancy brown
19575,camila jurado
19576,chandler canterbury
19577,gina carano
19578,dave goelz
19579,jason cope
19580,ronnie james dio
19581,alison lohman
19582,olimpia melinte
19583,taran bajaj
19584,subodh bhave
19585,govind namdeo
19586,erin barnett
19587,robert fucilla
19588,jarmila novotna
19589,daniel choi
19590,amy sedaris
19591,josh charles
19592,urszula grabowska
19593,haruka kinami
19594,john canada terrell
19595,inger dietrichs
19596,eili harboe
19597,madison j. loos
19598,maciej musialowski
19599,anna safroncik
19600,michael marchand
19601,mike smith
19602,verónica contreras
19603,yichen liu
19604,john hensley
19605,josie totah
19606,rory macgregor
19607,loral langemeier
19608,tony schiena
19609,may yee lum
19610,danny lee
19611,tsuyoshi kusanagi
19612,cheung tung joe
19613,benjamin putnam
19614,joey wells
19615,lou diamond phillips
19616,josh brolin
19617,tina fey
19618,chi mhende
19619,whit baldwin
19620,cameron bautsch
19621,li jia qi
19622,fabian buch
19623,sing hom
19624,trevor jacob
19625,artur zmijewski
19626,alex wolff
19627,claudia di girólamo
19628,nicola nocella
19629,carlin james
19630,akiyoshi nakao
19631,nilambur ayisha
19632,mooney
19633,joe anderson
19634,michael harding
19635,gary lockwood
19636,victor hon
19637,dominique swain
19638,shobana
19639,morakot liu
19640,shubham saraf
19641,suman
19642,malachi barton
19643,gerard butler
19644,raigan alex
19645,lucas reiber
19646,julien arruti
19647,angellica bell
19648,beatriz medina
19649,jin-young jung
19650,marie matiko
19651,rei kikukawa
19652,noel rodriguez
19653,mazhar abulnaga
19654,ragaa al-gidawy
19655,karel hovorka
19656,robert charlebois
19657,claire huskisson
19658,harvey walker
19659,ibrahima gueye
19660,seung-ryong ryu
19661,jason fricchione
19662,ignacia uribe
19663,michèle bernier
19664,sundeep kishan
19665,lachlan gillespie
19666,felipe esparza
19667,anna mouglalis
19668,adam may
19669,géza d. hegedüs
19670,douglas johansson
19671,anil dhawan
19672,valerie mahaffey
19673,prit kamani
19674,mathieu amalric
19675,zdena hadrbolcová
19676,shalin naik
19677,norbert leo butz
19678,saverio raimondo
19679,natsuki kasa
19680,chris pontius
19681,austin amelio
19682,anne winters
19683,nas
19684,josh lucas
19685,philippe dusseau
19686,kumail nanjiani
19687,dickon tolson
19688,diora baird
19689,esther wu
19690,howard wang
19691,pilar castro
19692,saleem mairaj
19693,tusse silberg
19694,robin christopher
19695,bree turner
19696,d. santosh
19697,sue ramirez
19698,usher barilka
19699,chloë daxhelet
19700,ana layevska
19701,zhuangzhuang tian
19702,sabry fawwaz
19703,kuldeep sodha
19704,charlotte kate fox
19705,michael caine
19706,kathryn prescott
19707,karan veer mehra
19708,suzanne bateman
19709,sophia latjuba
19710,kathrine thorborg johansen
19711,feroze khan
19712,john perry barlow
19713,taylor hayden
19714,lembit ulfsak
19715,chi mcbride
19716,kenneth nkosi
19717,guru somasundaram
19718,aggy k. adams
19719,jonathan pryce
19720,shawn musgrave
19721,lewis pullman
19722,alex henry
19723,jim caviezel
19724,shriram kolhatkar
19725,tanawat wattanaputi
19726,vera miles
19727,abigél szõke
19728,rolf lassgård
19729,phollawat manuprasert
19730,john jack
19731,masanobu andô
19732,florence lee
19733,alexander siddig
19734,dorel visan
19735,adam baldwin
19736,sunny singh nijjar
19737,oliver johnston
19738,ha dong
19739,mía maestro
19740,addy miller
19741,paula patton
19742,ayuri yoshinaga
19743,nicholas coombe
19744,praveen tej
19745,jay asher
19746,billy zane
19747,konomi suzuki
19748,daniel grao
19749,lee so-yeong
19750,cindy dumont
19751,jim chauncheun
19752,chantal robson
19753,hiyori sakurada
19754,ajay
19755,paulina walendziak
19756,george blagden
19757,diego vegezzi
19758,richard elfyn
19759,louis di bianco
19760,yasuyuki kase
19761,hikari kuroki
19762,ruofu wu
19763,valérie bonneton
19764,jill hsu
19765,jun-ho jeong
19766,wine dierickx
19767,victoria jackson
19768,carrie ng
19769,jessica mila
19770,renata notni
19771,amelia eve
19772,ernie lively
19773,show aikawa
19774,aubrey cleland
19775,germaine de leon
19776,pedro rezende
19777,antoine monot jr.
19778,haluk bilginer
19779,ranveer singh
19780,adelfa calvo
19781,felipe ponce
19782,pichaya nitipaisalkul
19783,paty blanco
19784,billy howle
19785,francesca reale
19786,david j. nicholls
19787,frank todaro
19788,linda kozlowski
19789,vivek mushran
19790,jack de sena
19791,loretta jafelice
19792,uma gavas
19793,paddy wallace
19794,meira durand
19795,wendy glenn
19796,mary buscemi
19797,rob corddry
19798,belén chavanne
19799,kensuke ashihara
19800,peter ketnath
19801,michael kitchen
19802,epy kusnandar
19803,megan fox
19804,miwa
19805,nicole oliver
19806,michael jeter
19807,selin altay
19808,lisa owen
19809,seung-su ryu
19810,tisca chopra
19811,megan boone
19812,tao tsuchiya
19813,abboudy mallah
19814,nancy mckeon
19815,ernesto alterio
19816,robert ryan
19817,chyler leigh
19818,john vernon
19819,ali malekshoar
19820,bruno arena
19821,andy burse
19822,stoyan anov
19823,saadet aksoy
19824,vipin sharma
19825,maia mitchell
19826,johannes kuhnke
19827,chien sun
19828,jonathan draxton
19829,nobuhiko okamoto
19830,guz khan
19831,kris lemche
19832,camilla diana
19833,taylor tomlinson
19834,frank b. moore
19835,lauren gilbert
19836,zoe salmon
19837,madhavan
19838,erika harlacher
19839,craig stevenson
19840,emanuelle araújo
19841,peter falk
19842,shyloh oostwald
19843,alice da cunha
19844,virginie efira
19845,eileen pedde
19846,beth bowersox
19847,joon-ho huh
19848,david crowley
19849,karima gouit
19850,amber nash
19851,sven nordin
19852,józsef bíró
19853,camila rodrigues
19854,hsin ai lee
19855,kazuko yoshiyuki
19856,adrián lastra
19857,rakhi sawant
19858,frank wilson
19859,toni collette
19860,april pearson
19861,taye diggs
19862,jeff jack
19863,owen atlas
19864,nat zang
19865,courtney halverson
19866,michael jai white
19867,juna de leeuw
19868,dominique tipper
19869,iwan rheon
19870,bahar soomekh
19871,ruth armas
19872,pat buchanan
19873,kazuko sugiyama
19874,isabelle drummond
19875,damla colbay
19876,philip quast
19877,anna thomson
19878,paul sparks
19879,verónica forqué
19880,logan huffman
19881,tung-kua ai
19882,blanca portillo
19883,lynette narkle
19884,adham ahmad
19885,belinda effah
19886,beppe fiorello
19887,anna brüggemann
19888,stella cooper
19889,saori higashi
19890,nicolas wright
19891,jung-hyun han
19892,amaranta ruiz
19893,ursula jeans
19894,atlantis
19895,adrianne palicki
19896,riccardo cucciolla
19897,aramis merlin
19898,yusuke kamiji
19899,dong-hwi lee
19900,martin von haselberg
19901,paolo villaggio
19902,delaney
19903,fumiko orikasa
19904,concha garcía campoy
19905,derek martin
19906,zak a. kondo
19907,simon zwiers
19908,merata mita
19909,barbara block
19910,edu manzano
19911,william takaku
19912,maro gorky
19913,noam jenkins
19914,olivia bond
19915,jordi mollà
19916,romany malco
19917,hazel brugger
19918,danuta stenka
19919,myoungho park
19920,donna rusch
19921,rolando barbano
19922,matthew haag
19923,tetta sugimoto
19924,david alan grier
19925,patricia duran
19926,danielle cormack
19927,bahar pars
19928,t. wendy mcmillan
19929,rami doueiri
19930,harry lister smith
19931,scott keiji takeda
19932,ju jin-mo
19933,allan paule
19934,gore vidal
19935,buck bowden
19936,suzu hirose
19937,max von der groeben
19938,sweta
19939,lindsay burdge
19940,brigid harrington
19941,soo-min lee
19942,lorànt deutsch
19943,jordan black
19944,kate normington
19945,ole kroes
19946,christian ulmen
19947,chris pratt
19948,raffey cassidy
19949,daniel gheorghe alexe
19950,neha sharma
19951,carmen machi
19952,jacques gamblin
19953,so-yi yoon
19954,valentine catzéflis
19955,william dempster
19956,john mills
19957,vladimír hlavatý
19958,nicole beharie
19959,shaofeng feng
19960,fernando arevalo
19961,mem ferda
19962,tarcísio filho
19963,katrina milosevic
19964,taz zavala
19965,iqbal khan
19966,franz buchrieser
19967,hiroshi kamiya
19968,farah shaer
19969,irène jacob
19970,syd mcgee
19971,koneenica banerjee
19972,ricardo quevedo
19973,guja burduli
19974,simon licht
19975,melissa reese
19976,kurt fuller
19977,joseph booton
19978,christopher jordan wallace
19979,gijs blom
19980,borys szyc
19981,dominique lavanant
19982,amandla stenberg
19983,ursula heyer
19984,jean-philippe écoffey
19985,jb blanc
19986,ravshana kurkova
19987,marleen lohse
19988,mark payne
19989,jean reno
19990,wyndham standing
19991,morgan allen
19992,ken uehara
19993,champion
19994,agnès varda
19995,greg kading
19996,alaric
19997,joaquim de almeida
19998,eisaya hosuwan
19999,sanath menon
20000,porgy franssen
20001,florin salam
20002,tiz zaqyah
20003,thomas ridgewell
20004,bill courtney
20005,christy carlson romano
20006,tumi morake
20007,franky martín
20008,fernando ceylão
20009,maria debska
20010,adam marcinowski
20011,brion james
20012,matheus souza
20013,mukti mohan
20014,jenna fischer
20015,julia barretto
20016,mariko nakatsu
20017,ugo tognazzi
20018,madoka sakai
20019,abhinav gomatam
20020,mike shephard
20021,gitanjali dang
20022,shaheizy sam
20023,luke spencer roberts
20024,karolina wydra
20025,kyle richards
20026,stephanie nguyen
20027,abdullah husain
20028,barbara anelka
20029,nina siemaszko
20030,eric sykes
20031,greyston holt
20032,paul barrand
20033,marc rhys
20034,robert pastorelli
20035,sadaf kanwal
20036,douglas cavum
20037,shinnosuke mitsushima
20038,karim ali
20039,aidan cook
20040,cynthia bailey
20041,chitrangda singh
20042,bernie mac
20043,ravi khanna
20044,swann arlaud
20045,jose atuncar
20046,kelvin harrison jr.
20047,david kibuuka
20048,katarzyna chojnacka
20049,götz george
20050,andrea castronovo
20051,takahiro katou
20052,rick malambri
20053,barrie dunn
20054,mohsen mohieddin
20055,zandile msutwana
20056,ozan güven
20057,luc caals
20058,derek john drescher
20059,habib alberto
20060,tillotama shome
20061,lukasz simlat
20062,kathleen munroe
20063,matt dormer
20064,dan collins
20065,merwin mondesir
20066,jaynee-lynne kinchen
20067,brennley brown
20068,rafael cebrián
20069,mariko tsutsui
20070,claude mann
20071,kyôka suzuki
20072,noa sakai
20073,tony ka fai leung
20074,ji-yeong kim
20075,conrad nagel
20076,piper laurie
20077,hakan ural
20078,vincent ventresca
20079,kai lentrodt
20080,mary wiseman
20081,zhihong liu
20082,yûko mizutani
20083,alina berzunteanu
20084,emmy raver-lampman
20085,guy walters
20086,benjamin ramon
20087,april deaustin
20088,sae-byeok kim
20089,daniel travis
20090,felicity montagu
20091,tenoch huerta
20092,will dalton
20093,jason maza
20094,antonio magro
20095,josef kemr
20096,todd grinnell
20097,mitch ryan
20098,aleksandra domanska
20099,aleksandr domogarov
20100,bartosz bielenia
20101,jeeja yanin
20102,morgan neundorf
20103,geoffrey palmer
20104,miya cech
20105,milos vognic
20106,sean carlsen
20107,paul browne
20108,cassidy freeman
20109,michelle ziudith
20110,ezequiel neves
20111,kenny barnes
20112,sylvie testud
20113,chen-ling wen
20114,jessica alba
20115,candice weber
20116,john sparkes
20117,bruce allpress
20118,greg funk
20119,ryeowon jung
20120,kugler nikolett
20121,yiqin zhao
20122,rarriwuy hick
20123,leo mckern
20124,sreenivasan
20125,dorothée berryman
20126,fala chen
20127,reylynn caster
20128,viktor zavadil
20129,sarah el-amir
20130,ben o'brien
20131,alejandro gutierrez
20132,ariana
20133,gabriela maria schmeide
20134,anita mui
20135,cristine reyes
20136,el langui
20137,danielle savre
20138,atikhun adulpocatorn
20139,barry yandell
20140,jane mukunilwa
20141,christopher chacon
20142,amy-leigh hickman
20143,jason thompson
20144,emma fuhrmann
20145,peter cassidy
20146,mary mcdonnell
20147,xiaoming huang
20148,walter mercado
20149,robert knott
20150,pyotr fyodorov
20151,anna paquin
20152,gary piquer
20153,j.p. gillain
20154,leleco barbosa
20155,funmilola fagbamila
20156,philip cheah
20157,anni finsterer
20158,tom holland
20159,waldemar barwinski
20160,lydia rose bewley
20161,nick romeo reimann
20162,isabelle daza
20163,olivia grant
20164,jacob pitts
20165,william devane
20166,yurina yanagi
20167,antonio de la torre
20168,darrin dewitt henson
20169,malou reymann
20170,chiké okonkwo
20171,bucek depp
20172,roma gasiorowska
20173,ida kaminska
20174,kenny chin
20175,michael dobson
20176,roger allam
20177,éverlley santos
20178,brigitte amiri
20179,zainal abidin
20180,liva elvira magnussen
20181,collin kelly-sordelet
20182,nico panagio
20183,seong-jin kang
20184,robert pralgo
20185,nioka brennan
20186,min-fu chou
20187,augusto madeira
20188,uttam kumar
20189,holt mccallany
20190,harriet olins
20191,woon-gye yeo
20192,nicole berger
20193,alexandra lamy
20194,ken calvert
20195,thiti mahayotaruk
20196,kamalpreet kaur
20197,pat cusick
20198,rosie shaw
20199,marvin bowser
20200,kang yu
20201,mari
20202,dhagga raman
20203,stephanie sheh
20204,sawsan badr
20205,patrick st. esprit
20206,john early
20207,ugo conti
20208,aran bevan
20209,samaire armstrong
20210,john wesley shipp
20211,razvan lutac
20212,atsuhiro inukai
20213,alexa torrington
20214,robert patrick
20215,james mellor
20216,frida hallgren
20217,barbara marineau
20218,ravit terdwong
20219,ryûnosuke kawai
20220,tsukasa aoi
20221,yumiko kobayashi
20222,zoe hüttenhain
20223,candela peña
20224,amerul affendi
20225,patricia maya schneider
20226,nutan sinha
20227,robert schupp
20228,lee ravitz
20229,thomas dudkiewicz
20230,tom brokaw
20231,joe crowley
20232,shawn devlin
20233,dominic machale
20234,james quinn markey
20235,daiki arioka
20236,jennifer rubin
20237,sasha rojen
20238,pekin ibrahim
20239,david gower
20240,mille dinesen
20241,david schütter
20242,takako matsu
20243,edie falco
20244,brooke stone
20245,patrícia bull
20246,matej hádek
20247,art carney
20248,kunihiko mitamura
20249,albert martinez
20250,riccardo mandolini
20251,charise castro smith
20252,lance henriksen
20253,manoel junior batista
20254,hisashi yoshizawa
20255,toyoharu kitamura
20256,kayleigh gilbert
20257,christopher buchholz
20258,matt winston
20259,thitipoom techaapaikhun
20260,stephen root
20261,charlie trairat
20262,gail mabalane
20263,erkan kolçak köstendil
20264,tamara simunovic
20265,bhisma mulia
20266,santilal mukherjee
20267,morgan laure
20268,saahil sehgal
20269,jean-luc bonefacino
20270,james rose collins
20271,cédric kahn
20272,jenny skavlan
20273,lorenzo elstak
20274,ophelia lovibond
20275,bharti achrekar
20276,valetta bradford
20277,stephen dupont
20278,pénélope hervouet
20279,stephen damian
20280,steve buscemi
20281,tom hortensius
20282,trey schafer
20283,hie myeong
20284,sarah churchill
20285,stefan giurgiu
20286,steve stamp
20287,alex calin
20288,yu shirota
20289,dalton taylor
20290,julie kavner
20291,ellar coltrane
20292,amy louise wilson
20293,melike yalova
20294,bin li
20295,bartosz opania
20296,hunter tremayne
20297,mathias malzieu
20298,marit andreassen
20299,tom hutch
20300,oksana akinshina
20301,holly taylor
20302,elizabeth perkins
20303,veronica lazar
20304,gösta ekman
20305,noah lomax
20306,billy crudup
20307,gode benedix
20308,yoshiko ohta
20309,ron howard
20310,cameo sherrell
20311,stefan raab
20312,fatma toptas
20313,piers morgan
20314,carrie snodgress
20315,danny shayler
20316,fred testot
20317,asri welas
20318,jisshu sengupta
20319,alan tudyk
20320,thom yorke
20321,angelina håkansson
20322,desmond askew
20323,tarana burke
20324,emilio estevez
20325,dhruva padmakumar
20326,rufus copage
20327,michael chernus
20328,kasia smutniak
20329,katherine porto
20330,james andrews
20331,austin stout
20332,álvaro cervantes
20333,bettina lamprecht
20334,nevbahar hakverdi
20335,sura theerakon
20336,selima taibi
20337,jp karliak
20338,bobby berk
20339,kanika batra
20340,mala mukherjee
20341,fabio cantelli
20342,betsy russell
20343,ron guerette
20344,tom colicchio
20345,rosemary shrager
20346,sabri abdulmonem
20347,amal unnithan
20348,karen black
20349,michael stahl-david
20350,timotei duma
20351,de clercq rik
20352,aashi rawal
20353,omar avila
20354,karin huldt
20355,mahmoud hemida
20356,man-shu jian
20357,malgorzata braunek
20358,dan steinhaus
20359,erik carlson
20360,galatéa bellugi
20361,gözde mutluer
20362,idris elba
20363,varalaxmi sarathkumar
20364,wolf williams
20365,jace chapman
20366,manoj pahwa
20367,kôhei takeda
20368,julie r. ølgaard
20369,brian cross
20370,florence loiret caille
20371,ingrid garcía jonsson
20372,shawn gann
20373,charlene chagas
20374,daniel filho
20375,kerstin draeger
20376,chiara mastalli
20377,amir abdulfattah
20378,sam hoare
20379,essie davis
20380,anna bonaiuto
20381,maría elisa camargo
20382,ario bayu
20383,gábor csöre
20384,grace schneider
20385,ju-bong gi
20386,kit sheehan
20387,ned luke
20388,gajraj rao
20389,pierre deladonchamps
20390,sarah bannier
20391,megan liu
20392,phoeung kompheak
20393,dan badarau
20394,mats bergman
20395,pete hamill
20396,theodore barnes
20397,carman lee
20398,gunnar björnstrand
20399,ioana anastasia anton
20400,brigitte bardot
20401,keith machekanyanga
20402,letizia ciampa
20403,john degerberg
20404,ryôsei tayama
20405,bruno mazzeo
20406,kevin downes
20407,scott mechlowicz
20408,bracha van doesburgh
20409,heljä heikkinen
20410,kunle coker
20411,jake paque
20412,suzannah lipscomb
20413,tomasz radawiec
20414,willie garson
20415,garcelle beauvais
20416,wenanty nosul
20417,dean petriw
20418,petrônio gontijo
20419,aoi nakamura
20420,reem abdel aziz
20421,mandra
20422,nirina zubir
20423,john ralston
20424,christopher dalbey
20425,tomoko ai
20426,arnost navrátil
20427,odeya rush
20428,christian de sica
20429,mike wiluan
20430,tom lass
20431,chris berman
20432,fanny ardant
20433,mavie hörbiger
20434,klara kristin
20435,daniel beer
20436,iretiola doyle
20437,amit tandon
20438,hazuki kimura
20439,mi-seon jeon
20440,dong-joo jang
20441,boca juniors
20442,rita guedes
20443,öner erkan
20444,marguerite moreau
20445,yujiro imamura
20446,joie lee
20447,andrea espada
20448,lennart jähkel
20449,annie lambert
20450,nishant malkani
20451,eduardo españa
20452,thierry sabine
20453,haru kuroki
20454,julia jones
20455,isaiah washington
20456,david zen mansley
20457,nicky jam
20458,wenpei ju
20459,tone loc
20460,rakhee gulzar
20461,jeremy thomas
20462,chingmy yau
20463,zishan yang
20464,michael chiklis
20465,berta khapava
20466,robert hobbs
20467,shôta minami
20468,dave chappelle
20469,shin aomori
20470,phil dustan
20471,eva holubová
20472,kana hanazawa
20473,kenta miyake
20474,aleksandra rebenok
20475,valtteri bottas
20476,tom vaughan-lawlor
20477,mar sodupe
20478,evan neumann
20479,tania raymonde
20480,sophie turner
20481,ice-t
20482,ibraheem alkhairallah
20483,ahmad el-fishawi
20484,bindu
20485,seiko iwaidô
20486,prathap pothen
20487,clare hammond
20488,loubna abidar
20489,lama alfard
20490,ahmet ceylan
20491,sora aoi
20492,johnny galecki
20493,james hayter
20494,matteo oscar giuggioli
20495,inés estévez
20496,kreshna
20497,torrance coombs
20498,lisa yang
20499,mona zaki
20500,nathalie baye
20501,magdalene see
20502,dawn french
20503,eddie redmayne
20504,jon bernthal
20505,derren litten
20506,itziar atienza
20507,rie kitagawa
20508,christian tappan
20509,siobhan fallon hogan
20510,ton kas
20511,györgyi kari
20512,wolfgang preiss
20513,toby schmitz
20514,bo hopkins
20515,gene simmons
20516,shawn thompson
20517,keun-suk jang
20518,soleil mcghee
20519,bert kreischer
20520,hong chen
20521,atsuko maeda
20522,dénes száraz
20523,sydney sweeney
20524,sôma saitô
20525,connor chadwick
20526,imogen kogge
20527,beto alonso
20528,james kelley
20529,yun xiang
20530,michael mantell
20531,emmanuelle chriqui
20532,ryan guzman
20533,cameron monaghan
20534,emilie de azevedo brown
20535,joaquín núñez
20536,stuart anderson
20537,martin písarík
20538,bae hae-sun
20539,rex harrison
20540,jean-louis perletti
20541,chinnarat siriphongchawalit
20542,eric ruff
20543,joan cusack
20544,william haines
20545,john haycraft
20546,luis arrieta
20547,alexandru pop
20548,don warrington
20549,amarr m. wooten
20550,peter neufeld
20551,craig sheffer
20552,branislav deák
20553,peter kurth
20554,giovanni gallo
20555,hsin-nan hung
20556,sophie rundle
20557,jesper barkselius
20558,chutavuth pattarakampol
20559,jigna bharadhwaj
20560,grant imahara
20561,sal de ciccio
20562,arnaldo antunes
20563,sylvia bowersox
20564,rin mizuhara
20565,barbara pouwels
20566,lior ashkenazi
20567,franklin dolezal
20568,hiroki suzuki
20569,ito ono
20570,pongsatorn jongwilak
20571,pakija begam
20572,adam gopnik
20573,pina menichelli
20574,nicole barré
20575,krzysztof plewako-szczerbinski
20576,mu ramaswamy
20577,rachel keller
20578,tomás vorel jr.
20579,harshvardhan rane
20580,yukimasa kishino
20581,kaori yamaguchi
20582,pierre kiwitt
20583,panward hemmanee
20584,kasumi toyama
20585,michael teh
20586,inez viana
20587,tomasz baginski
20588,esther caporale
20589,robert jon mello
20590,christopher mccombs
20591,jim o'heir
20592,charlie day
20593,yulian zhao
20594,przemyslaw balinski
20595,patcha poonpiriya
20596,denisa baresová
20597,scott wickware
20598,alberto trujillo
20599,warren masemola
20600,kat ward
20601,linda zilliacus
20602,carissa putri
20603,christian friedel
20604,addinath kothare
20605,rick d. wasserman
20606,seok-yong jeong
20607,martin stringer
20608,manatsu akimoto
20609,aude-laurence clermont biver
20610,graham elliot
20611,ece irtem
20612,takahiro fujimoto
20613,jerry bostick
20614,lyle kanouse
20615,satoshi eishima
20616,anne suzuki
20617,matt day
20618,sven wollter
20619,ed o'neill
20620,bill hicks
20621,mikha tambayong
20622,azhy robertson
20623,laura antonelli
20624,sean burgos
20625,russell bobbitt
20626,laurits munch-petersen
20627,rob rackstraw
20628,tia blanco
20629,holly horne
20630,janelle monáe
20631,sean faris
20632,ponijao
20633,graham nash
20634,conrad brooks
20635,mason gamble
20636,olivia horton
20637,fab filippo
20638,rudolf kubík
20639,jordan calloway
20640,palapol polkongseng
20641,shane richie
20642,miquel fernández
20643,eliott guenoden
20644,aimee-li tong moore
20645,azize diabaté abdoulaye
20646,jános bán
20647,rebecca davis
20648,david folkenflik
20649,emily browning
20650,ronaldo valdez
20651,lilian naef
20652,david earl
20653,udaya soundari
20654,liang chun tai
20655,jasmine cephas jones
20656,anthony sadler
20657,ewan mcgregor
20658,chung-ping geung
20659,alba rohrwacher
20660,andrea kelly
20661,wojciech biedron
20662,richard attenborough
20663,seong-hun cheon
20664,joel mcdonald
20665,francesco scianna
20666,atsuko mine
20667,carolina gaitan
20668,stephanie leon
20669,sharon horgan
20670,william sterchi
20671,syafiq kyle
20672,rachel bilson
20673,kaustav ghosh
20674,michel duchaussoy
20675,alexander karim
20676,christine tomlinson
20677,ajay raj
20678,frejat
20679,sherri saum
20680,joe biden
20681,chiara francini
20682,siddique
20683,david elms
20684,ryouta suzuki
20685,rupert evans
20686,dave johns
20687,natalie martinez
20688,peter mooney
20689,aubrey peeples
20690,jacob t. calderon
20691,rajeshwari sachdev
20692,melanie griffith
20693,jingi irie
20694,elvis daly
20695,jean smart
20696,carolina pelleritti
20697,taron tutt
20698,ava cooper
20699,zirong tong
20700,brian skala
20701,hussein fahmy
20702,emilio vodanovich
20703,reuben sallmander
20704,phillips smalley
20705,zamokuhle nxasana
20706,roberto escobar
20707,merritt wever
20708,takahiro hamada
20709,sarah ives
20710,lukas nelson
20711,mai chûsonji
20712,panisara rikulsurakan
20713,uras benlioglu
20714,nathan zellner
20715,nadia de santiago
20716,valeriu andriuta
20717,maher khammash
20718,jason tannis
20719,alex neustaedter
20720,jessica raine
20721,kaniha
20722,beth french
20723,lakeith stanfield
20724,shulan pan
20725,kubilay sarikaya
20726,max phipps
20727,justin smith
20728,rufus sewell
20729,yigit kirazci
20730,harold perrineau
20731,jakob eklund
20732,malin mases arvidsson
20733,daniel hiu tung chan
20734,ne-yo
20735,chloe babcook
20736,brooke lyons
20737,pascal greggory
20738,mark austin
20739,robin slonina
20740,kenny wormald
20741,katharine isabelle
20742,christine woods
20743,deven verma
20744,brian boland
20745,keren vega
20746,robert wieckiewicz
20747,miki yanagi
20748,avi rothman
20749,cole sprouse
20750,molly burnett
20751,wilfred benaïche
20752,david whitt
20753,greg mchugh
20754,david lee mcinnis
20755,val kilmer
20756,tony caprari
20757,kamal adli
20758,ian mackles
20759,jordan sandhu
20760,rafferty grierson
20761,sophia lillis
20762,tansu biçer
20763,lisa boyle
20764,daniel nickels
20765,egy fedly
20766,erin karpluk
20767,danielle jadelyn
20768,daniel london
20769,tim ryan
20770,gudo hoegel
20771,kinga philipps
20772,hyeon ju
20773,jin-ah won
20774,ville virtanen
20775,bhasker patel
20776,nobutaka asahara
20777,cedric the entertainer
20778,ashley walters
20779,aksha pardasany
20780,sanaya irani
20781,louis hofmann
20782,raúl villegas
20783,randy west
20784,kate yeung
20785,meaghan butler
20786,nuno lopes
20787,cam owen
20788,petra costa
20789,lenette van dongen
20790,denise fraga
20791,andrew andretti
20792,keita saitou
20793,henrik mestad
20794,doug lussenhop
20795,filip capka
20796,kevin kreider
20797,misha sawdagor
20798,kang shin-il
20799,lukas haas
20800,anja kling
20801,joey travolta
20802,hans wassmann
20803,dan castellaneta
20804,reggie yates
20805,siripon yuktadatta
20806,david carradine
20807,sean gullette
20808,valérie benguigui
20809,jeff burrell
20810,jung-ah yum
20811,carla gravina
20812,setsuo ito
20813,simone whitmore
20814,xolo maridueña
20815,katarzyna bujakiewicz
20816,annalisa aglioti
20817,megan hollingshead
20818,debbie ashcraft
20819,max boublil
20820,hape kerkeling
20821,burak topaloglu
20822,roy 5tion
20823,julie depardieu
20824,darren frost
20825,akira chen
20826,gábor forgács
20827,tony alva
20828,amy steel
20829,timmy xu
20830,josh brener
20831,erin daniels
20832,russell crowe
20833,jun kunimura
20834,marcela del valle
20835,steven brand
20836,roberto albin
20837,eric anderson
20838,scott reid
20839,joseph melito
20840,leandro firmino
20841,andrew buchan
20842,valerio aprea
20843,anthony quinn
20844,marco boriero
20845,briana buckmaster
20846,aishwarya
20847,joel kinnaman
20848,mike henry
20849,jonas gardell
20850,kee yong pin
20851,rachel robinson
20852,zi liu
20853,michelle monaghan
20854,nina petri
20855,tamsin egerton
20856,kévin mischel
20857,francisca lozano
20858,victor pagan
20859,avan jogia
20860,horacio castelo
20861,greta hodgkinson
20862,carlo sabatini
20863,ray stevenson
20864,rumi hiiragi
20865,lina larissa strahl
20866,michie tomizawa
20867,seyilaw
20868,alia shawkat
20869,tihana lazovic
20870,sophie cookson
20871,xueqi wang
20872,yarinda bunnag
20873,lamorne morris
20874,steven fletcher
20875,george hu
20876,paul borne
20877,katharina nuttall
20878,masaki okada
20879,barbara wilson
20880,mike donovan
20881,pierce cravens
20882,kazuyuki aijima
20883,reni santoni
20884,robert wisdom
20885,sandra lee-oian thomas
20886,kim young-kwang
20887,martin james
20888,stephanie berger
20889,vojtech kotek
20890,vladimír valenta
20891,imma cabecerans
20892,javier bardem
20893,bruna louise
20894,diana hernandez
20895,jeffrey dean morgan
20896,juan knowles
20897,zach eulberg
20898,brice armstrong
20899,gregório duvivier
20900,natsumi kawaida
20901,keerthy suresh
20902,eva pilarová
20903,danila medvedev
20904,romulus whitaker
20905,yves montand
20906,orakio
20907,mo gilligan
20908,sarina ushio
20909,adina stetcu
20910,takamaro murahara
20911,shea whigham
20912,frederick coffin
20913,jayant gadekar
20914,ota jirák
20915,babu antony
20916,tanmay bhat
20917,jean-yves berteloot
20918,lauren swickard
20919,matthieu rozé
20920,neal mcdonough
20921,sarah paulson
20922,mesfin lamengo
20923,darren espanto
20924,joe absolom
20925,nancy kyes
20926,michael bublé
20927,mia goth
20928,anna khilkevich
20929,mehmet kurtulus
20930,richard ulfsäter
20931,kuniko asagi
20932,jack coleman
20933,louis held
20934,hai-qing
20935,simon reinhard
20936,mimi gamal
20937,jihane almira
20938,ragnar falck
20939,xuebing wang
20940,so-hyun gam
20941,jin heo
20942,chidi benjamin john
20943,ramy essam
20944,andy fong
20945,yongwaree ngamkasem
20946,todd armstrong
20947,mi-seon hwang
20948,vennela kishore
20949,emmanuel curtil
20950,lyn may
20951,colette kieffer
20952,carol hickey
20953,owen mcdonnell
20954,lisa kaltenegger
20955,josiah david warren
20956,sung young chen
20957,abdellatif chaouqi
20958,ruth buzzi
20959,tae-ri lee
20960,pavel kríz
20961,lisa pelikan
20962,mckell david
20963,robert lasardo
20964,filip kankovský
20965,michael hanegbi
20966,gaten matarazzo
20967,masato hagiwara
20968,lena klenke
20969,kristin kreuk
20970,matt clarke
20971,yuka terasaki
20972,ashley st. george
20973,paulina lasota
20974,allan kolman
20975,song seon-mi
20976,josean bengoetxea
20977,eric frattini
20978,jamil smyth-secka
20979,christopher fox
20980,guillaume barrière
20981,zizan razak
20982,micke andersson
20983,emcee jesz
20984,pedro urizzi
20985,brahmanandam
20986,wyatt oleff
20987,trenton rogers
20988,elsa artadi
20989,macaulay culkin
20990,patrick swayze
20991,quentin d'hainaut
20992,britt mckillip
20993,harumi sakurai
20994,javicia leslie
20995,rituparna sengupta
20996,gabby concepcion
20997,alain delon
20998,greg giraldo
20999,mu-jeong lee
21000,dong-wan kim
21001,luciana baroli
21002,aziz ansari
21003,odín ayala
21004,hanna obbeek
21005,amanda walsh
21006,katherine parkinson
21007,cam rowe
21008,j.l. reate
21009,pascale vignal
21010,te kohe tuhaka
21011,ashleigh ball
21012,avery whitted
21013,jeremy clarkson
21014,dhanesh anand
21015,jesse gervasi
21016,mon confiado
21017,ji-min kim
21018,josé corbacho
21019,leela samson
21020,jhanvi dwivedi
21021,mark flanagan
21022,craig charles
21023,muhammad abdullatif
21024,brian ireland
21025,richard cordery
21026,sammy silverwatch
21027,ron carey
21028,tod fennell
21029,david ebert
21030,matthew hawksley
21031,albrecht schuch
21032,tika putri
21033,fabio bongini
21034,sani hussein
21035,chin han
21036,rebecca hall
21037,joel basman
21038,aleisha allen
21039,shiloh fernandez
21040,hidetoshi nishijima
21041,dulquer salmaan
21042,q'orianka kilcher
21043,indira tiwari
21044,carol burnett
21045,morgan calhoun
21046,nanami abe
21047,gil darnell
21048,josephine langford
21049,ursula andress
21050,fred bailey
21051,pak-cheung chan
21052,ryôsuke yamamoto
21053,tracey walter
21054,christian rudolf
21055,kelly bronzy
21056,vic chao
21057,amrita puri
21058,christine chiu
21059,moshe folkenflick
21060,ahn suk-hwan
21061,richard norton
21062,jens hultén
21063,alexandru nagy
21064,rosanna desoto
21065,aniello arena
21066,peter sarsgaard
21067,vitaliy khaev
21068,brett cullen
21069,paul tei
21070,ji-woo kim
21071,jason earles
21072,eva meckbach
21073,zuzana konecná
21074,gabriel byrne
21075,felina czycykowski
21076,pei liu
21077,lakshmi picazo
21078,mayuko wakamori
21079,mrinal dutt
21080,ronald reagan
21081,hiroyuki onoue
21082,bryan anthony
21083,karen quintero
21084,sergio moro
21085,ethan yang
21086,pamela hart
21087,hayato isomura
21088,christoph bittenauer
21089,jackie long
21090,hanwe chang
21091,cho seung-woo
21092,maria peszek
21093,mikaela blake
21094,jeff bridges
21095,dana dogaru
21096,françois bellefeuille
21097,emma leth
21098,guilherme winter
21099,manner washington
21100,anu sithara
21101,stéphane tréand
21102,quattro daly
21103,inger teien
21104,kelly perine
21105,ed westwick
21106,guillaume gouix
21107,bob morley
21108,melis birkan
21109,bennett deady
21110,sumire morohoshi
21111,carola braunbock
21112,entesar alsharah
21113,mahesh jug al kishor
21114,james arnold taylor
21115,william kirk
21116,greg eagles
21117,bong-ryeon lee
21118,park yejin
21119,julia montes
21120,dontae winslow
21121,dmitriy nazarov
21122,marcela benjumea
21123,sarah wright
21124,manfredi aliquo
21125,beccy henderson
21126,sherine
21127,tarri markel
21128,ilse warringa
21129,corinne
21130,jim parsons
21131,manatsu kimura
21132,beren gokyildiz
21133,tichina arnold
21134,alice macdonald
21135,jack nicholson
21136,gorô naya
21137,lou russell
21138,preshona ambri
21139,sarun cinsuvapala
21140,stéphane rousseau
21141,klai-udom sarantorn
21142,melih abuaf
21143,arón piper
21144,sarah dewey
21145,paul-mikél williams
21146,david ishee
21147,tae-oh kang
21148,lauren miller rogen
21149,angela curran
21150,lana ettinger
21151,austin nash chase
21152,hyuk-kwon park
21153,greta gerwig
21154,hiroshi tsuchida
21155,august roads
21156,common
21157,alejandro urdapilleta
21158,matteo gazzolo
21159,kurt ravn
21160,elton
21161,peter new
21162,joseph reta belay
21163,richard ayoade
21164,john vlismas
21165,michelle khine
21166,shane briant
21167,gonçalo amaral
21168,valerie bertinelli
21169,zhi-ying zhu
21170,bridgit mendler
21171,crispin buxton
21172,erik guay
21173,stacey tendeter
21174,yoo jae-myung
21175,brice martinet
21176,sangeetha mohan
21177,julien boisselier
21178,kimberley nixon
21179,christine paul
21180,clara caldas
21181,soo-kyung kim
21182,mabel cezar
21183,eiichi furui
21184,calvin jeremy
21185,kendall schmidt
21186,jake thomas
21187,dana christina
21188,scott alexander young
21189,barbara glogowska
21190,reyad el kasabgy
21191,jo hartley
21192,nicole sougou
21193,ryûzô ishino
21194,sonia manzano
21195,kim so-yeon
21196,neide senna
21197,takashi naitô
21198,reginald petty
21199,luis guzmán
21200,francisco gaspar
21201,alex mru kijania
21202,h. jon benjamin
21203,isabella gielniak
21204,amber an
21205,sei ashina
21206,sascha alexander gersak
21207,isabelle huppert
21208,jack tan
21209,ninet tayeb
21210,ulf brunnberg
21211,norman briski
21212,giselle eisenberg
21213,weronika rosati
21214,jade asha
21215,olof winnerstrand
21216,akira yamauchi
21217,richard cabral
21218,ketan kava
21219,tony nappo
21220,fahri yardim
21221,rohit saraf
21222,tenzing dalha
21223,malin crépin
21224,shahkrit yamnarm
21225,kazuyo aoki
21226,deok-hwan ryu
21227,wayne barrett
21228,elzbieta komorowska
21229,ashar shaikh
21230,tom dingler
21231,lee byford
21232,jae-hoon kim
21233,eliza scanlen
21234,tamara zsigmond
21235,antonio boschini
21236,andrea anders
21237,roy choi
21238,mi-kyeong yang
21239,haripriya
21240,shahana goswami
21241,paul rudd
21242,joe odagiri
21243,paul sorvino
21244,larissa anderson
21245,türkan kiliç
21246,keiko kitagawa
21247,paden andrews
21248,raghuvir yadav
21249,ramon camacho
21250,hasan kami
21251,eric cheng
21252,christy geslain
21253,koen de graeve
21254,patrick seymour
21255,kendal farr
21256,steven david
21257,charlie o'donnell
21258,maki sakai
21259,ashley olsen
21260,micaela cyrinio
21261,wakana yamazaki
21262,marie kondo
21263,lizardo pérez
21264,kyle chan
21265,john schneider
21266,valeria solarino
21267,luke mably
21268,aaron arens
21269,wally wingert
21270,alex sharp
21271,celeina ann
21272,dan yeager
21273,dorothy cubby
21274,wendy crewson
21275,susanne gschwendtner
21276,jeffrey wright
21277,kit chan
21278,cyndi wang
21279,marton csokas
21280,jacob young
21281,natcha juntapan
21282,jon bailey
21283,nicole ari parker
21284,malena pichot
21285,emily baxter
21286,sophie perry
21287,jason griggers
21288,rose leslie
21289,marianna fontana
21290,rhenzy feliz
21291,analeigh tipton
21292,kaley cuoco
21293,keith ferguson
21294,ik-joon yang
21295,denisa juhos
21296,sean kingston
21297,vladimir weigl
21298,nam-gil kim
21299,maresa hörbiger
21300,elvina ibru
21301,grégoire colin
21302,araba walton
21303,anwar aljabri
21304,nancy rooney
21305,hazel sandery
21306,john corbett
21307,pimpan chalaikupp
21308,ibrahim al hajjaj
21309,naima wifstrand
21310,aneta krejcíková
21311,suyog gorhe
21312,shannon parr
21313,tom mcgrath
21314,hugh grant
21315,yavuz bingöl
21316,nomonde mbusi
21317,salo gardner
21318,eryk kulm
21319,wayne grayson
21320,michael bowen
21321,brenda song
21322,vice ganda
21323,richard rim
21324,lydia marie hicks
21325,philip haldiman
21326,cassandra sanchez navarro
21327,neeru bajwa
21328,oleg ivenko
21329,kevin fagan
21330,richard winsor
21331,hope lange
21332,natalia oreiro
21333,tommy davidson
21334,thomas lee
21335,christopher fulford
21336,juliette binoche
21337,jim byrnes
21338,sarah chronis
21339,joe dennenwald
21340,surojit
21341,kevin cordell
21342,dick van dyke
21343,esra kucur
21344,mathias wyss
21345,clem burke
21346,abby quinn
21347,zenzo ngqobe
21348,atossa leoni
21349,burcu biricik
21350,edda seippel
21351,chris attoh
21352,ncuti gatwa
21353,bence gerö
21354,burt young
21355,tetsuya bessho
21356,luis van rooten
21357,luzelba mansour
21358,shahnawaz bhat
21359,colin o'meara
21360,hasan denizyaran
21361,donald rumbelow
21362,gabby clarke
21363,freya allan
21364,bela b.
21365,malachy mccourt
21366,david batra
21367,oliwia dabrowska
21368,faramarz gharibian
21369,rayen panday
21370,karyn de jong
21371,jonah wineberg
21372,aletta ocean
21373,harrison feldman
21374,grace passô
21375,kate moran
21376,nami motoyama
21377,masaru nagai
21378,giulia michelini
21379,krishna hebbale
21380,adam eget
21381,eva josefíková
21382,haruko wanibuchi
21383,karina rchichev
21384,jaakko kytömaa
21385,eko fresh
21386,james faulkner
21387,john samaha
21388,shane baumel
21389,lalita panyopas
21390,bill bellamy
21391,anthony bowling
21392,perrey reeves
21393,collin vandenheuvel
21394,dave attell
21395,celina peter
21396,joe hurst
21397,lisa emery
21398,yurisa
21399,kae araki
21400,hatty jones
21401,julian mcmahon
21402,michael bates
21403,juliana alves
21404,gonzalo cunill
21405,georges géret
21406,britta hammelstein
21407,mirai moriyama
21408,ronny cox
21409,charlotte carel
21410,jean-pierre mangeot
21411,demetrius shipp jr.
21412,urassaya sperbund
21413,liam cunningham
21414,marie-mae van zuilen
21415,eli gabay
21416,momoko kôchi
21417,tania popa
21418,james fleet
21419,camila cabello
21420,samadhi zendejas
21421,ian roberts
21422,urzila carlson
21423,son seung-won
21424,alex hooper
21425,jessica lucas
21426,daniel jenkins
21427,annie birgit garde
21428,kôichi satô
21429,luvia petersen
21430,anushka sharma
21431,györgy cserhalmi
21432,khatijah tan
21433,mikhail filippov
21434,roger ashton-griffiths
21435,jennifer stone
21436,patrick brower
21437,shinsuke ashida
21438,andrea grano
21439,karen pittman
21440,nikki cox
21441,tory devon smith
21442,meral niazi
21443,rakie ayola
21444,arjun das
21445,john owen lowe
21446,in-kwon baek
21447,louis garrel
21448,min kim
21449,jessica morris
21450,masayuki mori
21451,laura besh
21452,jack cullison
21453,karl fischer
21454,bart bordelon
21455,billy bob thornton
21456,jens brenaa
21457,bill farmer
21458,brittany behrns
21459,john savage
21460,peter yu
21461,janine duvitski
21462,sebastian maniscalco
21463,rian malan
21464,letícia braga
21465,hervé pierre
21466,maria de la fuente
21467,maksim chukharyov
21468,yuko natsuyoshi
21469,sudhi koppa
21470,niklas engdahl
21471,mircea postelnicu
21472,michaël grégorio
21473,aldo nicodemi
21474,aoi teshima
21475,deepti sati
21476,harris dickinson
21477,diallo thompson
21478,chris chalk
21479,cletus young
21480,laurel erickson
21481,basem samrah
21482,isabel may
21483,pascal légitimus
21484,julianne michelle
21485,r.h. thomson
21486,mayy izzuddin
21487,neil crone
21488,ray macdonald
21489,tamás szabó kimmel
21490,christian sugiono
21491,jill scott
21492,ozan akbaba
21493,evelyn price
21494,luca barbareschi
21495,david petraeus
21496,ragga gudrun
21497,steve martin
21498,rafik ali ahmad
21499,lea michele
21500,robert kouba senior
21501,harrison hunter
21502,valeria galviz
21503,sture lagerwall
21504,soso jachvliani
21505,luis jaspe
21506,jeff dunham
21507,jennifer love hewitt
21508,russell brand
21509,chandini sreedharan
21510,miriam leone
21511,jeane alves
21512,yasemin büyükagaolu
21513,ja-hyeon chu
21514,sally field
21515,kenny szymanski
21516,ian sinclair
21517,carlos espejel
21518,anita krausová
21519,kwok-hung lam
21520,don messick
21521,jane horrocks
21522,julie de bona
21523,jeremy london
21524,anajosé aldrete echevarria
21525,sarah shoshana david
21526,nana mori
21527,yukari tamura
21528,arnold schwarzenegger
21529,davie-blue
21530,barbara king
21531,yves bright
21532,rose mcgowan
21533,erica leerhsen
21534,martin rakictý
21535,lenny costa
21536,maren shapero
21537,tom wright
21538,masaru ikeda
21539,ethan roberts
21540,solomon glave
21541,liam carney
21542,robert browning
21543,nathaniel parker
21544,hiroki iijima
21545,indira varma
21546,manuel lozano
21547,joon-myeon park
21548,engin günaydin
21549,sahel rosa
21550,tiffany yaraghi
21551,ahmet sarsilmaz
21552,melissa cookston
21553,ben lamb
21554,kelvin miranda
21555,joe walsh
21556,kathleen mcchesney
21557,leonardo cimino
21558,hunter march
21559,piotr polk
21560,swanky j.k.a.
21561,yoo-i ha
21562,brian baumgartner
21563,kaho takada
21564,koen de bouw
21565,lucas gregorowicz
21566,jae-ho song
21567,vincent regan
21568,hadi choopan
21569,chris o'dowd
21570,rosie cooper-kelly
21571,shane kippel
21572,ingrid fuzjko hemming
21573,luke zarzecki
21574,girija shankar
21575,yasen atour
21576,kanna hashimoto
21577,erinn hayes
21578,milly shapiro
21579,madeline weinstein
21580,david j. fielding
21581,josé rubens chachá
21582,jong-hoon yoon
21583,chris lilley
21584,daichi kaneko
21585,erena matsuki
21586,karolina trebacz
21587,jacob parrish
21588,jill eikenberry
21589,lil bub
21590,mykelti williamson
21591,wamiqa gabbi
21592,matt bardock
21593,ahn hyo-seop
21594,kentez asaka
21595,aman dhaliwal
21596,radhika narayan
21597,giancarlo giannini
21598,a.s. sasi kumar
21599,tony revolori
21600,gabriella hámori
21601,lin laishram
21602,hanan motawie
21603,laura bailey
21604,andrás hatházi
21605,henry lau
21606,alan ruck
21607,johan heldenbergh
21608,abbie murphy
21609,sonequa martin-green
21610,shia labeouf
21611,behrouz vossoughi
21612,bethany antonia
21613,larry charles
21614,john mcginn
21615,chao deng
21616,satoko abe
21617,john-paul howard
21618,evelien bosmans
21619,aaru bala
21620,shunji fujimura
21621,aadarsh balakrishna
21622,benjamin cole
21623,joe seneca
21624,jacky lai
21625,adam ruben
21626,lukasz grudzinski
21627,semra karaca
21628,angela bain
21629,hitomi satô
21630,kôta fudauchi
21631,xavier dolan
21632,andré holland
21633,stephen adele
21634,irina kushnareva
21635,vincent lacoste
21636,marta nieradkiewicz
21637,patricia lópez arnaiz
21638,lisa blount
21639,itzik cohen
21640,ji-young kang
21641,sonja gerhardt
21642,min-chae yoo
21643,sarah rafferty
21644,talia jackson
21645,ryan eggold
21646,amr youssef
21647,steve le marquand
21648,joshua fields millburn
21649,yumi itô
21650,atsushi ii
21651,kana kita
21652,sarah swire
21653,halimar abubakar
21654,karen allen
21655,angela trimbur
21656,mothusi magano
21657,eli shih
21658,adam hampton
21659,shraddha srinath
21660,hans conried
21661,marcus vanco
21662,mason r walker
21663,tracy morgan
21664,sun woo jae duk
21665,aparna balamurali
21666,mario carotenuto
21667,masahiro kobayashi
21668,aarohi patel
21669,tom courtenay
21670,russell hornsby
21671,kristin archibald
21672,apphia yu
21673,kari byron
21674,ginnojô yamazaki
21675,akio kobori
21676,matt bushell
21677,sergey bondarchuk
21678,taylor spreitler
21679,tsubasa honda
21680,idrissa diabaté
21681,motoko gollent
21682,wojciech zielinski
21683,fabián ríos
21684,megumi seki
21685,maria cirici
21686,martin matte
21687,pascale hutton
21688,olga pakalovic
21689,max thieriot
21690,ozuna
21691,lara cox
21692,chi-ling lin
21693,keye luke
21694,manwendra tripathy
21695,angela bassett
21696,salvatore esposito
21697,sarah strange
21698,redman
21699,michael mcgrady
21700,mariyam majudha
21701,simon szemzö
21702,won bin
21703,daniel kahn
21704,xiaoling hu
21705,leonardo medeiros
21706,sam redford
21707,tony amendola
21708,rebecca shoichet
21709,ashlyn sanchez
21710,robert m. rey
21711,jae head
21712,daniel brühl
21713,jaroslav dusek
21714,iván arana
21715,stephanie baine
21716,pervin bagdat
21717,hye-mi na
21718,pimchanok leuwisetpaiboon
21719,sun zhi hua-hilton
21720,wendy morgan
21721,myles clohessy
21722,stéphane de groodt
21723,bousy
21724,kal penn
21725,remy ishak
21726,rodger bumpass
21727,paul louis
21728,mélanie laurent
21729,dúaa karim
21730,colleen ballinger
21731,ethan pugiotto
21732,shôhei hino
21733,adir miller
21734,allie mcculloch
21735,andrew j katers
21736,takumi bando
21737,line verndal
21738,abraham clinkscales
21739,raymond pak-ming wong
21740,ben corbett
21741,giorgio belli
21742,jan rader
21743,katt williams
21744,joshua lebar
21745,adeolu adefarasin
21746,bolaji amusan
21747,stan shaw
21748,tia lavallee
21749,bijukuttan
21750,shruti seth
21751,sukru ozyildiz
21752,jessica knappett
21753,jella haase
21754,tim pocock
21755,hana slivková
21756,dean norris
21757,kôichi kitamura
21758,carlo aquino
21759,max elliott slade
21760,dong-hyeon baek
21761,jennifer lien
21762,lois weber
21763,dakota blue richards
21764,michael shannon
21765,christian broniarz
21766,dibyendu bhattacharya
21767,paul walker
21768,eli wallach
21769,boutros ghali
21770,marvin kaplan
21771,matthew riley
21772,mats eldøen
21773,emmanuel rosset
21774,evangeline lilly
21775,emmanuel bilodeau
21776,prunelle charles-ambron
21777,jia song
21778,katrina law
21779,laura fraser
21780,stipe erceg
21781,adriano zumbo
21782,anwar shereef
21783,paul guers
21784,xing fei
21785,asin thottumkal
21786,macarena garcía
21787,ray j
21788,matteo guidicelli
21789,mathilde thomine storm
21790,christopher sabat
21791,luke cutforth
21792,shiva
21793,emma høgh åslein
21794,jeffrey men
21795,kamalika banerjee
21796,thomas d. mahard
21797,eleanor parker
21798,edward mcnelley
21799,sharman joshi
21800,oh-seong yu
21801,rosalinda reboller
21802,yi fong quan
21803,karl maka
21804,imari williams
21805,orto ignatiussen
21806,joaquín ferreira
21807,max hubacher
21808,lene nystrøm
21809,thanh nhien phan
21810,harry styles
21811,mark o'neal
21812,kim sharma
21813,istván téglás
21814,william shewfelt
21815,patty cohen
21816,franz rogowski
21817,hidekazu akai
21818,archie madekwe
21819,ian mcneice
21820,ekaterina ivanchikova
21821,john austin wiggins
21822,rakshan
21823,anne consigny
21824,vladimir cruz
21825,renee jewell
21826,seo kang-joon
21827,william prael
21828,yoo-young lee
21829,michio hazama
21830,yusril fahriza
21831,neil enock
21832,svetlana tsimokhina
21833,clare langford
21834,sully boyar
21835,beth cordingly
21836,samara weaving
21837,prasenjit chatterjee
21838,nahana
21839,gabriella cirillo
21840,francesco mandelli
21841,ryôsuke kawamura
21842,cengiz küçükayvaz
21843,jamie bradley
21844,kanon kimoto
21845,levi van kempen
21846,erich rausch
21847,jesse carere
21848,tobias jacobsson
21849,tenzing norgay trainor
21850,hugh dennis
21851,martha restrepo
21852,vaidehi parshurami
21853,rick engelkes
21854,clea shearer
21855,cung le
21856,lina bernardi
21857,yonda thomas
21858,dominic sherwood
21859,sean curley
21860,jung-min hwang
21861,marwan kenzari
21862,kim yoo-jeong
21863,helene beltracchi
21864,willy cartier
21865,alicia leigh willis
21866,sarah gobble
21867,heiner lauterbach
21868,sin jae-ha
21869,philip baker hall
21870,maymay entrata
21871,carrell lasso
21872,eva green
21873,oldrich hoblík
21874,layla olwi
21875,ed harris
21876,ali hillis
21877,bette midler
21878,josh herdman
21879,yukino kishii
21880,vibeke ankjær
21881,kaolip
21882,hayley joanne bacon
21883,allen lewis rickman
21884,vilmos heim
21885,ufuk kaplan
21886,chevy chase
21887,nabiha akkari
21888,pete postlethwaite
21889,wanda sykes
21890,vinay forrt
21891,mika häkkinen
21892,tony labrusca
21893,mitch rouse
21894,woo-ri jo
21895,thomas brodie-sangster
21896,brigette lundy-paine
21897,paradorn srichaphan
21898,sachin khedekar
21899,bill bailey
21900,nicky whelan
21901,big sean
21902,parth desai
21903,lauri fraser
21904,j.r. de guzman
21905,illich guardiola
21906,frank bonner
21907,arnali das
21908,evaluna montaner
21909,batian craig
21910,magdalena in de betou
21911,werner herzog
21912,nina gummich
21913,shafik ahmad
21914,ruth bradley
21915,mädchen amick
21916,aria jones
21917,arinzé kene
21918,kjetil ove alvestad
21919,jack farthing
21920,eiji akutagawa
21921,harry myers
21922,tim rozon
21923,alexia avila
21924,eve ensler
21925,corbin bernsen
21926,maria theodorakis
21927,timur acar
21928,l. scott caldwell
21929,robert finster
21930,simon sears
21931,jill harris
21932,ron jeremy
21933,rajat barmecha
21934,kandi burruss
21935,charlie creed-miles
21936,zoë robins
21937,christopher carley
21938,reign edwards
21939,tyler wolfe
21940,neil armstrong
21941,larry farley
21942,zitao huang
21943,christopher rivera
21944,patrick roach
21945,edward asner
21946,mark huckerby
21947,michelle jenner
21948,brock thornburgh
21949,violette wautier
21950,romeo miller
21951,jordan castillo
21952,charlie pye jr.
21953,nao honda
21954,josé manuel 'el doctor' mireles
21955,kento yamazaki
21956,micheline lanctôt
21957,philip sternberg
21958,hasan minhaj
21959,tim reid
21960,rakesh rachakonda
21961,edison wang
21962,carl ciarfalio
21963,vivian drew
21964,éric caravaca
21965,altan erkekli
21966,charlotte mckinney
21967,muhammad sad
21968,pepe mujica
21969,danny lloyd
21970,rie mimura
21971,kevin fernandez
21972,chris diamantopoulos
21973,daniel collins
21974,kyung-soo do
21975,shi-kang lee
21976,martín malharro
21977,zsolt antal
21978,javier gutiérrez
21979,john c. mcginley
21980,paul farmer
21981,hannah vandenbygaart
21982,aya enjôji
21983,lennie james
21984,anya o'connor
21985,keiko toda
21986,tony way
21987,clayton snyder
21988,rick moranis
21989,melissa george
21990,terrence howard
21991,nathan shuler
21992,catalina sandino moreno
21993,beck
21994,zdenek stepánek
21995,anthony anderson
21996,ali fazal
21997,julian vergov
21998,lisa arcaro
21999,bart bartholomew
22000,dorene bernard
22001,david oakes
22002,frédérique feder
22003,yôko kuri
22004,ron pardo
22005,kenneth okonkwo
22006,joseph benjamin
22007,zach tyler
22008,baron vaughn
22009,jessica allain
22010,sierra capri
22011,morwenna banks
22012,shavinder mahal
22013,feristah senem yildirim
22014,mai fuchigami
22015,john malkovich
22016,sharad kelkar
22017,lee hanee
22018,tom mison
22019,eric kot
22020,pablo duggan
22021,c. fitz
22022,joachim fuchsberger
22023,gabriel elkaïm
22024,the marx brothers
22025,choi joon-young
22026,imran rasheed
22027,john ennis
22028,tatsuya fujiwara
22029,jon kortajarena
22030,alex kendrick
22031,peace yang
22032,mick molloy
22033,hyun-soo shin
22034,yui
22035,jake speer
22036,akie kotabe
22037,sophie okonedo
22038,ágnes máhr
22039,clea duvall
22040,ary abittan
22041,kate henshaw-nuttal
22042,josé aldo
22043,kim hyeon-i
22044,csaba pindroch
22045,ilaria malvezzi
22046,luis vorbach
22047,hoya
22048,y'lan noel
22049,nattapong chartpong
22050,david del rio
22051,colin doyle
22052,cristina rodlo
22053,kristopher blount
22054,aimee teegarden
22055,cherrie ying
22056,joe gatto
22057,ben rovner
22058,marin ireland
22059,frank aldridge
22060,antonello fassari
22061,rei sakuma
22062,gayatri krishnaa
22063,jonathan holmes
22064,lisa lu
22065,larry baldwin
22066,marcus lavoi
22067,wan hanafi su
22068,gregg weiner
22069,donna howard
22070,thanapob leeratanakajorn
22071,chee hin chong
22072,ying huang
22073,puravalan narayanasamy
22074,pepita emmerichs
22075,göran ragnerstam
22076,honoka matsumoto
22077,kento hayashi
22078,india eisley
22079,haruka tomatsu
22080,laura post
22081,ashok selvan
22082,kana
22083,danish husain
22084,emilee barber
22085,susumu kurobe
22086,madison ingoldsby
22087,dong-kun yang
22088,ellie cole
22089,kitarô
22090,luke epple
22091,santiago alfonso
22092,cyril cusack
22093,suti karno
22094,lindsey morgan
22095,alyssya swales
22096,tao sattaphong phiangphor
22097,fay gauthier
22098,ben wu
22099,junya enoki
22100,kenji sahara
22101,amy gumenick
22102,matt smith
22103,noah ringer
22104,yoshitsugu matsuoka
22105,rosie o'donnell
22106,rich sommer
22107,brian deegan
22108,jennifer freeman
22109,bragi arnason
22110,vince rillon
22111,mike glatze
22112,alice cho
22113,zeynep kankonde
22114,antonia zegers
22115,danielle harris
22116,sophie durrand
22117,kyle mccarley
22118,na-ra oh
22119,jamai loman
22120,myung-soo kim
22121,caitlin carmichael
22122,jerry orbach
22123,awra briguela
22124,arpa pawilai
22125,zeke daly
22126,josh radnor
22127,bowen wang
22128,rika nagae
22129,laura bro
22130,arath de la torre
22131,dorothy elias-fahn
22132,robbi morgan
22133,isabella kai
22134,tsuwayuki saotome
22135,yusei tajima
22136,mau nieto
22137,choi ji heon
22138,matheus moura
22139,jim brown
22140,hiroko yakushimaru
22141,mikkel boe følsgaard
22142,teri polo
22143,eric judor
22144,tamer hassan
22145,stu bennett
22146,masatoshi ikemura
22147,alain dorval
22148,trey songz
22149,ioan albu
22150,lily james
22151,victor chambi
22152,cole hauser
22153,kyoo-hyung lee
22154,choi tae-joon
22155,guillermo arevalo
22156,dee wallace
22157,rodolfo corsato
22158,yûsuke fukuchi
22159,sabino civilleri
22160,tomoya nagase
22161,dong-hyuk cho
22162,florian david fitz
22163,morgan ng
22164,tora teje
22165,vlasta chramostová
22166,imanol arias
22167,tommy redmond hicks
22168,franklyn ardell
22169,louis jones
22170,sasa rasilov
22171,alex macnicoll
22172,paul schackman
22173,ryan choo
22174,barbara horawianka
22175,april macie
22176,pierre gagnaire
22177,rocky bhardwaj
22178,ji-hoon lee
22179,sarika sartsilpsupa
22180,michael ursu
22181,pepón nieto
22182,steve tom
22183,claire danes
22184,callum shoniker
22185,andi van willigan
22186,maheep kapoor
22187,anthony bourdain
22188,pedro caetano
22189,sonny
22190,kahaan
22191,scoot mcnairy
22192,nataliya vdovina
22193,stefano dionisi
22194,fernanda paes leme
22195,richard harrington
22196,sheela rajkumar
22197,dale ashcraft
22198,misel maticevic
22199,ji-hye oh
22200,alice pagani
22201,constance labbé
22202,marie trintignant
22203,badih bouchakra
22204,ke huy quan
22205,rett terrell
22206,tom karabachian
22207,vik muniz
22208,matthew rhys
22209,barbara o'neil
22210,marwan abbas
22211,christina moses
22212,calum worthy
22213,tobias schenke
22214,wendy hughes
22215,channing tatum
22216,agnes magruder
22217,adama niane
22218,scott bakula
22219,tatjana saphira
22220,kacie-kimie shanks
22221,joshua close
22222,cindy yu-han lien
22223,neha
22224,tygh runyan
22225,somchai kemglad
22226,chandani grover
22227,cherry hsia
22228,yolanda ramos
22229,lisa schwartz
22230,uma bracaglia
22231,ruth kobart
22232,robert bathurst
22233,shawn lee
22234,hedley harlan
22235,alexis de anda
22236,lewis macdougall
22237,kevin tanski
22238,ulrikke hansen døvigen
22239,crystal the monkey
22240,naseeruddin shah
22241,joey lauren adams
22242,lindsay watson
22243,jeremy levy
22244,crystal fox
22245,yehuda levi
22246,kôji matoba
22247,lincoln lewis
22248,hye-seong jung
22249,jhansi
22250,françois beukelaers
22251,bryony seth
22252,jae-young kim
22253,santiago korovsky
22254,john merriman
22255,mady correll
22256,yôko shimada
22257,jessica mcnamee
22258,gerardo romano
22259,jack albertson
22260,aaron kao
22261,minissha lamba
22262,lou de laâge
22263,egbert jan weeber
22264,kevin p. mccarthy
22265,sushma bakshi
22266,dutchess lattimore
22267,adam lundgren
22268,jeong-hak kim
22269,jutta speidel
22270,jon gries
22271,lucio rojas
22272,regina braga
22273,christine ng
22274,nanako matsushima
22275,linda shaw
22276,dorian boguta
22277,anita bocquee
22278,yôko kamon
22279,karla mosley
22280,meadow williams
22281,nick bass
22282,norma martínez
22283,elif erol
22284,jesse williams
22285,david tom
22286,elianis garrido
22287,zackary arthur
22288,cecilia navia
22289,cynthia gibb
22290,james acaster
22291,ashutosh rana
22292,jack black
22293,adarsh gautam
22294,lou albano
22295,song joong-ki
22296,celia pacquola
22297,joyce payne
22298,rentarô mikuni
22299,mihai constantin
22300,ryan o'connell
22301,niek roozen
22302,emily mortimer
22303,faith graham
22304,dilsah demir
22305,neha bhasin
22306,c. thomas howell
22307,yôkô gushiken
22308,joan rivers
22309,michael mosley
22310,timothy stack
22311,kay tong lim
22312,marina gridley
22313,silvian vâlcu
22314,patricia gonzález
22315,john chester
22316,lydia knott
22317,harriet ball
22318,bugra gülsoy
22319,jenna elfman
22320,nora navas
22321,tiziana lodato
22322,miho yoshioka
22323,mark ruffalo
22324,tanya crumel
22325,martin shaw
22326,lorelei king
22327,tina hedström
22328,sharon ooja
22329,zoltán schmied
22330,susan may pratt
22331,sivakumar palakrishnan
22332,mickey hardt
22333,mia stallard
22334,ga-in han
22335,kimee balmilero
22336,primrata dej-udom
22337,masami hisamoto
22338,humberto carrão
22339,martin cummins
22340,angelica panganiban
22341,judy chicago
22342,max irons
22343,aurora burghart
22344,judy greer
22345,hugo silva
22346,song ha-yoon
22347,marilyn burns
22348,mirja turestedt
22349,velma s.
22350,filippo franchini
22351,katja schuurman
22352,diveshen durairajoo
22353,hrishikesh joshi
22354,chasty ballesteros
22355,alysha deslorieux
22356,cody jones
22357,pål sverre hagen
22358,adam dimarco
22359,sanjeev bhaskar
22360,manoj bakshi
22361,antonio tarver
22362,christopher severio
22363,sofia black-d'elia
22364,simon dixon
22365,sahatchai 'stop' chumrum
22366,milena steinmasslová
22367,roger pierre
22368,giorgia moll
22369,gayathrie
22370,chandra wilson
22371,anna faris
22372,deanne carlin
22373,hirofumi nojima
22374,colin beanland
22375,turgay aydin
22376,loles león
22377,min-jung kim
22378,peter boon koh
22379,jun-yeol ryu
22380,micah nelson
22381,diego abatantuono
22382,desmond elliot
22383,anne cadwallader
22384,akin omotoso
22385,chara
22386,kaylin lee clinton
22387,june whitfield
22388,igor khripunov
22389,jeffrey kluger
22390,jennifer tilly
22391,natalie arle-toyne
22392,allen ginsberg
22393,yuki izumisawa
22394,rafinha bastos
22395,kôsuke toriumi
22396,tom lipinski
22397,grace bustos
22398,madhushan sing
22399,martha macisaac
22400,johann urb
22401,paloma bernardi
22402,ficarra
22403,kate lyn sheil
22404,aaron yan
22405,pitbull
22406,marisa brown
22407,omar ayuso
22408,domingos montagner
22409,kevin pollak
22410,shawn yue
22411,temuera morrison
22412,phillip r. allen
22413,saskia reeves
22414,laketa booker
22415,nada bahgat
22416,sarah colonna
22417,raquel alessi
22418,amanda peter
22419,joão goulão
22420,emma campbell
22421,adlina adil
22422,dave lamb
22423,andrey fedortsov
22424,ragini khanna
22425,aitana sánchez-gijón
22426,chiwa saitô
22427,manuel balbi
22428,ratha krishnan
22429,jim bonkosky
22430,thelma houston
22431,david wilmot
22432,stuart bowman
22433,jean-paul belmondo
22434,vinícius ferreira
22435,bobby deol
22436,son ye-jin
22437,kathleen quinlan
22438,murat cemcir
22439,shidô nakamura
22440,james jude courtney
22441,levar burton
22442,sambasa nzeribe
22443,keiko sata
22444,liyana jasmay
22445,artur steranko
22446,jude demorest
22447,monika jakowczuk
22448,irene ziegler
22449,peter boyle
22450,steven michael quezada
22451,quansheng gao
22452,john hargreaves
22453,david dupre
22454,aditya roy kapoor
22455,milan hurduc
22456,yifei liu
22457,robert ri'chard
22458,allen danziger
22459,bobby van jaarsveld
22460,kabir bedi
22461,ralph thiekötter
22462,joseph simmons
22463,agathe schlenker
22464,daniel tavares
22465,billie allen
22466,gijs scholten van aschat
22467,rob schneider
22468,totò
22469,gabriele bertaccini
22470,santhanam
22471,jennifer hudson
22472,eiko koike
22473,jack mcbrayer
22474,jo prestia
22475,victoria pratt
22476,chutima naina
22477,giovanna lancellotti
22478,raffaello balzo
22479,andrew harwood mills
22480,akiko hinagata
22481,alan garcía
22482,stacey mcmichael
22483,rashida jones
22484,texas battle
22485,oldrich kaiser
22486,ariel mortman
22487,ivan bred
22488,jan mybrand
22489,nicolas bro
22490,ryan mccluskey
22491,jamie watson
22492,stephon marbury
22493,chipo chung
22494,paul brannigan
22495,eduard dubský
22496,ennis esmer
22497,erin moriarty
22498,yôsuke kubozuka
22499,ashenafi nigusu
22500,salli richardson-whitfield
22501,jeffrey combs
22502,mark thatcher
22503,marc menchaca
22504,seok-jeong hwang
22505,nuengthida sophon
22506,oona laurence
22507,lukás bech
22508,daisy haggard
22509,fan liao
22510,jae-hyun choi
22511,urvi ashar
22512,rob maxey
22513,laura smet
22514,tommas oden
22515,johan berg
22516,ole martin wølner
22517,mai zetterling
22518,rekha sharma
22519,jaeden martell
22520,thiago justino
22521,roh moo-hyun
22522,leigh higginbotham
22523,ashleigh gryzko
22524,anna wintour
22525,christian convery
22526,man-sik jeong
22527,tom taus
22528,mario alberto pagan
22529,raline shah
22530,miren ibarguren
22531,mikako tabe
22532,andrew hawley
22533,ki-joo jin
22534,randy austin
22535,colin donnell
22536,rimal ali
22537,vladimir yaglych
22538,steve bencich
22539,stef aerts
22540,amy chozick
22541,rachael messer
22542,harriet cains
22543,nenad petrovic
22544,stuart graham
22545,chawin likitcharoenpong
22546,teo planell
22547,tommy wiseau
22548,rafael amaya
22549,razvan vasilescu
22550,brian op de dijk
22551,ayda aksel
22552,natsumi murakami
22553,lawrence barry
22554,helena af sandeberg
22555,bastian pastewka
22556,osman khalid butt
22557,jonathan berlin
22558,sheila kelley
22559,victoria pedretti
22560,misako tanaka
22561,tora sudiro
22562,hae-jin yoo
22563,penny eizenga
22564,robert reich
22565,archana puran singh
22566,merve ates
22567,martina preissová
22568,victor gage
22569,david alessi
22570,nikola kastner
22571,lily li
22572,brad swaile
22573,trond høvik
22574,john lynn
22575,ken'ichi matsuyama
22576,sydney mikayla
22577,frank sinatra
22578,carlos ponce
22579,matthias schweighöfer
22580,rio dewanto
22581,rodolfo guerrero
22582,leslie malton
22583,ricardo hurtado
22584,steven rinella
22585,kanokchat manyaton
22586,kevin cheng
22587,devin druid
22588,yuri kwon
22589,marsia taha
22590,lin kong
22591,llewella gideon
22592,peter james smith
22593,geraldine ribbs
22594,maría josé sarrate
22595,thor bishopric
22596,david kelly
22597,tyler blackburn
22598,keith silverstein
22599,szénási kristóf
22600,liam falconer
22601,saleha aref
22602,sabrina ouazani
22603,guido caprino
22604,show lo
22605,jacqueline mckenzie
22606,evgeniy mironov
22607,helen mirren
22608,keeya khanna
22609,sophia d'angelo
22610,lucas lynggaard tønnesen
22611,carmen sarmiento
22612,ryan ward
22613,akshaye khanna
22614,stijn taverne
22615,claes bang
22616,thierry ragueneau
22617,nazma ali shaikh
22618,josef sebánek
22619,michelle mitchenor
22620,elina löwensohn
22621,dan david
22622,maha wilson
22623,niall macginnis
22624,jee-young kim
22625,erin cahill
22626,deepak tijori
22627,gina mckee
22628,ming-ming su
22629,evelyn künneke
22630,tetsuya kakihara
22631,roger leopardi
22632,kirill käro
22633,mark potok
22634,amruta khanvilkar
22635,jaya bachchan
22636,angelique rivera
22637,min namkoong
22638,hong yoon hwa
22639,christel takigawa
22640,jamie bell
22641,leo
22642,jaime king
22643,deborah raffin
22644,ayub khan
22645,rahul singh
22646,kwang-ryul jun
22647,xuan zhu
22648,noah wiseman
22649,johnny whitaker
22650,lorenza indovina
22651,günter lamprecht
22652,julián giraldo
22653,cosmin selesi
22654,nicolás van de moortele
22655,ruth madeley
22656,paschal amanfo
22657,james van der beek
22658,veronica avluv
22659,karel vingerhoets
22660,amanda root
22661,troy curry
22662,mohamad ramadan
22663,cem yilmaz
22664,amanda acosta
22665,maxwell simba
22666,emma suárez
22667,sharon mann
22668,korine côté
22669,john shrapnel
22670,michelle reis
22671,john musker
22672,okko bekker
22673,jenna ortega
22674,natasha attwood
22675,alejandro awada
22676,ruka matsuda
22677,ryohei kimura
22678,rafael brandao
22679,precious mustapha
22680,tomas villum jensen
22681,jaimie alexander
22682,maximilian alonso mrsic
22683,ravi sah
22684,christine urspruch
22685,alex saxon
22686,rachel dolezal
22687,greta garbo
22688,annemieke bredahl peppink
22689,hanna schygulla
22690,christian von aster
22691,max riemelt
22692,anna strelkov
22693,federico russo
22694,mark cirillo
22695,abdullrahman al gohani
22696,il-guk song
22697,mohamed issa
22698,morgan gingerich
22699,jaylen barron
22700,odai hijazi
22701,callie holley
22702,nick nevern
22703,melisa sözen
22704,yôsuke kawamura
22705,kasumi arimura
22706,marc fajardo
22707,arcelia ramírez
22708,caroline peters
22709,nirmiti sawant
22710,sarayu blue
22711,jun-ho lee
22712,ronald lacey
22713,mônica martelli
22714,nick ballard
22715,shingo kato
22716,leo howard
22717,daniel webber
22718,neha dhupia
22719,gorô ibuki
22720,jam master jay
22721,marie facundo
22722,sizo mahlangu
22723,michael silva
22724,nona gaye
22725,tomo muranaka
22726,candy cheung
22727,jean benguigui
22728,hannah hoekstra
22729,rachelle lefevre
22730,dana voicu
22731,otar saralidze
22732,clark gregg
22733,ryôko moriyama
22734,harish verma
22735,hannah ware
22736,walter moeremans
22737,adan jodorowsky
22738,eva kaminsky
22739,chen kuan-lin
22740,peter chao
22741,frankie corzo
22742,hande katipoglu
22743,sanne wallis de vries
22744,kôji tsujitani
22745,thomas frank
22746,johannes lassen
22747,mubeen saudagar
22748,asuka hinoi
22749,manisha koirala
22750,mari devon
22751,keean johnson
22752,heather morris
22753,josh baker
22754,tom hollander
22755,keythe farley
22756,james rolleston
22757,charles berling
22758,imani vaughn-jones
22759,alfred cheung
22760,ron cephas jones
22761,jackson phillips
22762,cliff cho
22763,caoimhe judd
22764,putri marino
22765,agnieszka dygant
22766,eden gamliel
22767,kari wahlgren
22768,eric roberts
22769,kachai pich
22770,kathryn short
22771,kevin kline
22772,yong-nyeo lee
22773,luca chikovani
22774,ruri shinato
22775,komen raungkijratanakul
22776,roger moore
22777,jim meskimen
22778,bobby simha
22779,sarah boberg
22780,gage naquin
22781,dave myers
22782,kalle lundberg
22783,ellen david
22784,sam palladio
22785,jessica griffin
22786,mohamed awad
22787,albert brooks
22788,charles heung
22789,aleksandra cwen
22790,tom bergeron
22791,joyce horman
22792,sarp akkaya
22793,paul-olivier dehaye
22794,albert finney
22795,mark rolston
22796,sung kang
22797,duobujie
22798,jelson bay
22799,blanche veisberg
22800,jun-yeong seo
22801,jeff lewis
22802,hugo becker
22803,barack obama
22804,daniel dae kim
22805,jan kraus
22806,ademola adedoyin
22807,michelle rojas
22808,ghanem al-saleh
22809,christopher clark
22810,j.a. streeter
22811,kahoe hon
22812,daisy waterstone
22813,carl snell
22814,javier balas
22815,eva de dominici
22816,ayesha kapoor
22817,donna mills
22818,mokomichi hayami
22819,kathlyn williams
22820,chandler gerber
22821,ciro priello
22822,atsuko tanaka
22823,hope jordan
22824,jayaprakash radhakrishnan
22825,paula jean swearengin
22826,choosak iamsook
22827,megalyn echikunwoke
22828,richard armitage
22829,angela shao-han chang
22830,ehsan khan
22831,thaila ayala
22832,gerald mcraney
22833,lauren joseph
22834,shammi kapoor
22835,alexander dreymon
22836,helen morgan
22837,daryl sabara
22838,avishek thakur
22839,jared keeso
22840,mia lyhne
22841,bekah
22842,nomie laine tucker
22843,holly hunter
22844,matthew josten
22845,john teall
22846,han ji-min
22847,cameron ocasio
22848,kenn michael
22849,dorina done
22850,neal barnard
22851,damla aydinli
22852,bengt blomgren
22853,gulshan devaiah
22854,janet porter
22855,timothy dalton
22856,joon-bum kim
22857,bae suzy
22858,brandon gonzales
22859,rex weyler
22860,retta
22861,yaoyao ma
22862,ian fang
22863,temi otedola
22864,aleksandra grabowska
22865,michael ian black
22866,cam gigandet
22867,sean michael kyer
22868,naoto ogata
22869,alex lutz
22870,yuki matsushita
22871,medalion rahimi
22872,john jarratt
22873,seo ji-hye
22874,tony martin
22875,mary gregory
22876,paul matusheski
22877,azman hassan
22878,fahriye evcen özçivit
22879,herizen f. guardiola
22880,dylan o'brien
22881,murat yildirim
22882,takako tanaka
22883,melody chen
22884,gabriela calun
22885,adam darski
22886,carlos cuevas
22887,melinda coleman
22888,isabella barragán
22889,raja goutham
22890,ulrich thomsen
22891,javier cámara
22892,john thomson
22893,antoine du merle
22894,alia bhatt
22895,geoffrey jones
22896,agata buzek
22897,charles chaplin
22898,aksel hennie
22899,valeria cavalli
22900,anna jullienne
22901,luis ernesto franco
22902,dan byrd
22903,laura drasbæk
22904,joseph morgan
22905,andie macdowell
22906,eddie vedder
22907,charli barcena
22908,masayoshi haneda
22909,jennifer barnhart
22910,madeleine stack
22911,anna kubik
22912,buster good
22913,roman christou
22914,ailbhe cowley
22915,fathi abdulwahhab
22916,samuel araujo
22917,byeong-gyu jo
22918,hiroshi koizumi
22919,lulu bognár
22920,vanda hybnerová
22921,owen colgan
22922,diana bovio
22923,harry borland
22924,rick shine
22925,alberto fernández de rosa
22926,aric hidir amin
22927,guillermo díaz
22928,nicolas vaude
22929,lily rabe
22930,harald krassnitzer
22931,jim iyke
22932,taron egerton
22933,akio ôtsuka
22934,eddie ritchard
22935,jeffrey addiss
22936,shinchô kokontei
22937,makesha williamson
22938,mahmoud al atrash
22939,jung so-min
22940,cheng ko
22941,yoo-ram bae
22942,ray romano
22943,masami suzuki
22944,kwang-soo lee
22945,joel mchale
22946,fred willard
22947,yacob alfarhan
22948,amit shah
22949,christian rubeck
22950,edwin salinas
22951,cirroc lofton
22952,shirin redha
22953,mikhail gandhi
22954,josé ramón alexanko
22955,lorena andrea
22956,lee hwa-choon
22957,élodie fontan
22958,dermot mulroney
22959,rasmus hardiker
22960,james brolin
22961,henri serre
22962,lukas eichammer
22963,craig tracy
22964,kristoffer polaha
22965,trevor peacock
22966,jerry ferrara
22967,gys de villiers
22968,junfeng niu
22969,andrea jeremiah
22970,kathleen gati
22971,emma rayne lyle
22972,ron crawford
22973,molly balsamides
22974,josé ignacio avalos
22975,deniz ceylan
22976,sujan mukherjee
22977,rosnah johari
22978,chris briggs
22979,sky ferreira
22980,kokoro asami
22981,joaquín oristrell
22982,leonor watling
22983,christie brinkley
22984,thiago teles
22985,michael mccarty
22986,ronn kurtz
22987,luc de ruelle
22988,lise roy
22989,kim kap-su
22990,leia freitas
22991,islam ahmad
22992,karin lithman
22993,tomohiro ichikawa
22994,raj sahni
22995,gard b. eidsvold
22996,maaike neuville
22997,cleopatra coleman
22998,tygo gernandt
22999,haley bockrath
23000,hashimah hamidon
23001,frederic forrest
23002,jeremy jordan
23003,david ayer
23004,grazyna szapolowska
23005,malcolm cumming
23006,michele alhaique
23007,mustafa alabora
23008,hynden walch
23009,chris tavarez
23010,molly daniels
23011,jukka hiltunen
23012,kazuya tatekabe
23013,dustin belt
23014,josé carlos rodríguez
23015,amy hill
23016,robert buckley
23017,tommy ragen
23018,martin copping
23019,ray liotta
23020,ochoa juan
23021,nia roam
23022,miriam shor
23023,cj adams
23024,jae-young han
23025,agata kulesza
23026,dawn watson
23027,veronica ferres
23028,sarah-sofie boussnina
23029,yoo-dong kim
23030,alison mandel
23031,darren mcgavin
23032,louis-do de lencquesaing
23033,d.j. jer-z
23034,toyotaka hanazawa
23035,samiya mumtaz
23036,andray johnson
23037,riz ahmed
23038,willa holland
23039,surapun chawpaknam
23040,spencer grammer
23041,chantal lauby
23042,tom pelphrey
23043,ben mckenzie
23044,george honeyman
23045,dean-charles chapman
23046,júlio césar herrera
23047,birte tove
23048,ariyo wahab
23049,oscar priego
23050,rik mayall
23051,george l. lewis
23052,in-young hong
23053,peter frödin
23054,jamie-jodie shanks
23055,ornella fleury
23056,joakim nätterqvist
23057,kaiwi lyman
23058,olga merediz
23059,edward kagutuzi
23060,john cleland
23061,onyok pineda
23062,lindiwe matshikiza
23063,enzo salvi
23064,kazuyuki okitsu
23065,jimmy cliff
23066,tasha de vasconcelos
23067,gillian kearney
23068,adnan siddiqui
23069,blake burt
23070,jamorn tonthanasiriwong
23071,massimo ghini
23072,serge reggiani
23073,ganessh divekar
23074,mickey curtis
23075,beau allulli
23076,laura vandervoort
23077,daniel busuioc
23078,noël wells
23079,matt long
23080,barry scheck
23081,keanu reeves
23082,nuonuo li
23083,francesca farago
23084,rita moreno
23085,yi-jin jo
23086,sam moran
23087,anjan srivastav
23088,elijah wolf
23089,ann wedgeworth
23090,marianne sägebrecht
23091,eva longoria
23092,joel johnstone
23093,alice englert
23094,jeanne bates
23095,ken kratz
23096,moon moon sen
23097,pietro sibille
23098,setsuko hara
23099,ghilherme lobo
23100,wanda seux
23101,haley lu richardson
23102,lorraine bracco
23103,karrueche tran
23104,ben adams
23105,anahí de cárdenas
23106,lloyd johnson
23107,aris servetalis
23108,jennifer saunders
23109,risa tachibana
23110,ella jazz
23111,melvil poupaud
23112,dan ekborg
23113,yen tsao
23114,joseph engel
23115,david brazil
23116,giuseppe battiston
23117,sanjay biswas
23118,eliska krenková
23119,bayyumi fuad
23120,ivan urbánek
23121,jelena nik
23122,lee ji-ha
23123,paritosh sand
23124,philip craven
23125,liesel matthews
23126,scott leibfried
23127,albert ribalta
23128,ali n. askin
23129,jake siegel
23130,yuta furukawa
23131,shen lin
23132,mauricio lara
23133,brent morin
23134,deobia oparei
23135,chandler riggs
23136,karim barras
23137,iván sánchez
23138,nick chinlund
23139,soo-young park
23140,aaliyah
23141,marta belmonte
23142,luis alberto posada
23143,min-hyuk kim
23144,andoni agirregomezkorta
23145,bruce bradshaw
23146,saffron burrows
23147,bam margera
23148,bryce banks
23149,park hae-il
23150,luke bracey
23151,florian lukas
23152,peter simonischek
23153,zack giffin
23154,beshoy hanna
23155,shivkumar subramaniam
23156,william ringström
23157,adeel hashmi
23158,tyler robinson
23159,liang wei-hui-duncan
23160,dominic costa
23161,thomas lennon
23162,lolita chatterjee
23163,emma greenwell
23164,elis gerdt
23165,kang ki-young
23166,cameron dent
23167,sandrine kiberlain
23168,noorin gulamgaus
23169,ayoola ayolola
23170,jon plazaola
23171,miles davis
23172,rustica carpio
23173,julian firth
23174,phillip p. keene
23175,dichen lachman
23176,jamie bamber
23177,danielle walters
23178,swoosie kurtz
23179,kokoro hirasawa
23180,iria castellano
23181,shelby rebecca wong
23182,mel tormé
23183,lynn xiong
23184,reem abdullah
23185,myrtle carter
23186,james weber brown
23187,reiko akiyama
23188,vidya malvade
23189,ntare guma mbaho mwine
23190,enno cheng
23191,cedric l. williams
23192,sami bouzid
23193,marcus terrell smith
23194,marek duranský
23195,françois chattot
23196,fransisca saraswati puspa dewi
23197,paul arthurs
23198,nivedita bhattacharya
23199,ed speleers
23200,himeka himejima
23201,madison davis
23202,rupert graves
23203,bruno eyron
23204,olivier martinez
23205,lydia forson
23206,maiara walsh
23207,abigail pniowsky
23208,mathilde ollivier
23209,chris evans
23210,gen satô
23211,samantha power
23212,richard mofe-damijo
23213,william richert
23214,vipul roy
23215,emme rylan
23216,raluca amerine
23217,funda aksoy
23218,patrick bruel
23219,joshua mcivor
23220,leon lishner
23221,daniel rchichev
23222,lun hua
23223,claude de demo
23224,julia ianina
23225,susan bennet
23226,mario andretti
23227,marcel dalio
23228,sudiptaa chakraborty
23229,antonio ballerio
23230,ali mula
23231,christina eleusiniotis
23232,gemma chan
23233,kristie
23234,kashish singh
23235,brando eaton
23236,simu liu
23237,candice king
23238,dale dabone
23239,emily charnock
23240,zabryna guevara
23241,sorawut patheera
23242,georg stanford brown
23243,stellan skarsgård
23244,miguel dionisio ramos
23245,joshua john miller
23246,satnam singh bhamara
23247,julia schlaepfer
23248,sabine azéma
23249,greg blascovich
23250,joon-hee song
23251,jack huston
23252,wayne scott-fox
23253,soo-hyun kim
23254,mrinmayee godbole
23255,jeremy piven
23256,david sakurai
23257,katy perry
23258,hiroyuki hirayama
23259,diego cortina autrey
23260,reda hamed
23261,lasse fogelstrøm
23262,calum von moger
23263,inês aires pereira
23264,kengo kawanishi
23265,noah bastian
23266,adi afendi
23267,bill goldberg
23268,orso maria guerrini
23269,glynn turman
23270,narupornkamol chaisang
23271,el sebaii mohamed
23272,jin goo
23273,taphon phopwandee
23274,howard schneider
23275,dan ewing
23276,shôta shimoda
23277,grego rossello
23278,ashmund martin
23279,dana wheeler-nicholson
23280,parminder nagra
23281,briana evigan
23282,nuttawut sanyabut
23283,tim friedlander
23284,mary gallagher
23285,angelica alleruzzo
23286,pongpat wachirabunjong
23287,sandy andolong
23288,jurnee smollett
23289,mae martin
23290,kaia foss
23291,isla blair
23292,kirby morrow
23293,beatrice arnera
23294,ruby wong
23295,alexandra neldel
23296,jatin bora
23297,deva mahenra
23298,anthony field
23299,carlos humberto camacho
23300,michel vuillermoz
23301,louis dussol
23302,rupert grint
23303,jordi llodrà
23304,chieko higashiyama
23305,sebastian fabijanski
23306,vanessa kirby
23307,hyeri lee
23308,laura ramsey
23309,joel jackson
23310,stephen hughes
23311,carlos alazraqui
23312,nutthasit kotimanuswanich
23313,r.d. call
23314,alice hunter
23315,john lennon
23316,dominique van malder
23317,jonathan penner
23318,ken beck
23319,gary sinise
23320,johnny rey diaz
23321,kerry knuppe
23322,chan-leung poon
23323,stephen barrington
23324,robert cornthwaite
23325,deforest kelley
23326,savannah kennick
23327,ahmed dawood
23328,teresa beausang
23329,steven marmalstein
23330,lászló branko breiding
23331,maki tsuruta
23332,klaus steinbacher
23333,sam robert muik
23334,martin pollock
23335,jan wieczorkowski
23336,kyoko fukada
23337,ronit roy
23338,coleman barks
23339,jane goodall
23340,grant george
23341,trevor morgan
23342,thomas stene-johansen
23343,pharrell williams
23344,pedro alonso
23345,chulpan khamatova
23346,julie graham
23347,berklee wolaver
23348,yayoi watanabe
23349,alexandre noël
23350,bai ling
23351,steven brandt
23352,amanda tapping
23353,kara hoffman
23354,soren aandahl
23355,veronica ngo
23356,charlie hannah
23357,mami nakamura
23358,colin farrell
23359,karen mason
23360,tommy-lee baïk
23361,richard durden
23362,miley cyrus
23363,colton wheeler
23364,johannes oliver hamm
23365,rodrigo oviedo
23366,liz vergeer
23367,bruce hall
23368,rick derby
23369,liang tian
23370,kôhei kiyasu
23371,emi takei
23372,hua yueh
23373,àlex casanovas
23374,ikumi hisamatsu
23375,sonia sui
23376,ademir esteves
23377,hak-jun kim
23378,satsuki maue
23379,erika asakura
23380,richard masur
23381,shin'ichi hatori
23382,darren muselet
23383,simone riccioni
23384,korey kuhl
23385,jacob elordi
23386,nina li chi
23387,stefanie bloom
23388,efraim zuroff
23389,daria simeonova
23390,priscilla barnes
23391,will beinbrink
23392,steve harvey
23393,kai shishido
23394,katarzyna figura
23395,fredrik hammar
23396,ali haji
23397,elma stefania agustsdottir
23398,kimberly brooks
23399,zoltán schneider
23400,tim beckmann
23401,caleel harris
23402,sutton foster
23403,marc wootton
23404,omara portuondo
23405,gabriel fernandez
23406,yuen chor
23407,janice karman
23408,india de beaufort
23409,nusrat imrose tisha
23410,terry dahlstron
23411,joe silver
23412,robin mckee
23413,deepika padukone
23414,jelle stout
23415,constantin florescu
23416,ty hurley
23417,ricardo polanco
23418,albrecht weimer
23419,eric peterson
23420,mehmet selim akgul
23421,nick rhodes
23422,sama al-khateab
23423,françois ruffin
23424,tahar rahim
23425,adelina pestritu
23426,yeong-hie seo
23427,julia garner
23428,tara judah
23429,ray archuleta
23430,elif nur kerkük
23431,lexa doig
23432,kaho
23433,ryûhei matsuda
23434,anaïs jeanneret
23435,jana brockman
23436,lili beaudoin
23437,min-sang kim
23438,yul brynner
23439,richard conti
23440,andrzej seweryn
23441,ross o'hennessy
23442,belçim bilgin
23443,oscar dyekjær giese
23444,andy dick
23445,ji chang-wook
23446,don gordon
23447,edward holcroft
23448,firuze gamze aksu
23449,toni cummings
23450,tara meyer
23451,gerardo mejía
23452,eliza dushku
23453,mike wozniak
23454,thanabat ngamkamolchai
23455,anneke von der lippe
23456,steve inwood
23457,kyle mac
23458,fabrizio buompastore
23459,didi archilla
23460,john finn
23461,eileen stevens
23462,melinda bennett
23463,sihle xaba
23464,jorge poza
23465,amanda allan
23466,kirsten vangsness
23467,philippe torreton
23468,ashleigh banfield
23469,ayaka maeda
23470,bool-am choi
23471,mariétou touré
23472,ali b.
23473,vojtech dyk
23474,lorna luft
23475,eduardo valdarnini
23476,kirill frolov
23477,adrián yospe
23478,yasmin hurd
23479,eric cantona
23480,kartar cheema
23481,spencer locke
23482,megh pant
23483,yong-hwa jung
23484,aftab shivdasani
23485,jean de baer
23486,jordana capra
23487,christian bables
23488,richard burgi
23489,tony salerno
23490,anthia mo
23491,patsha bay
23492,hugo tramón
23493,mayuko fukuda
23494,issei futamata
23495,brad jones
23496,howard duff
23497,ayesha takia
23498,clarissa burt
23499,louise bourgoin
23500,hussain dalal
23501,marama corlett
23502,freddie prinze jr.
23503,sonya cassidy
23504,aidan gillen
23505,shashikala
23506,hadi subiyanto
23507,carmen aub
23508,alexa benkert
23509,john gavin
23510,roland angelo crisolo
23511,sebastian eslava
23512,cameron mills
23513,justin chon
23514,eugenie liu
23515,rachel hurd-wood
23516,sharifah amani
23517,kelly lynch
23518,michelle carpente
23519,eloise mumford
23520,syrus lowe
23521,broderick crawford
23522,stacy afful
23523,lucian msamati
23524,rut tellefsen
23525,mila kunis
23526,neto depaula pimenta
23527,river phoenix
23528,vanesha prescilla
23529,khoharullah majid
23530,aaron stanford
23531,annabelle stephenson
23532,sergio ayala
23533,david de vos
23534,jonny harris
23535,araceli dvoskin
23536,lou jacobi
23537,sonali bendre
23538,christina ricci
23539,michael imperioli
23540,rachel dissell
23541,david seaman
23542,nancy mosser
23543,fele martínez
23544,john kapelos
23545,annett fleischer
23546,mihaela sirbu
23547,victor arnold
23548,jae liew
23549,amed bozan
23550,antoine olivier pilon
23551,zoe boyle
23552,judith barsi
23553,azrel ismail
23554,kanjûrô arashi
23555,jasmine kin kia ng
23556,molly sims
23557,kery james
23558,d.c. young fly
23559,beatrice noyes
23560,luise befort
23561,christian koch
23562,susanne bormann
23563,rahul roy
23564,lewis black
23565,hong-chi lee
23566,susan gladstone
23567,kellita smith
23568,letícia sabatella
23569,niklas ekstedt
23570,mika nakashima
23571,kyung-ho jung
23572,balqis fadhullah lee
23573,sennia nanua
23574,minoru inaba
23575,marek bimer
23576,amey wagh
23577,molly karrasch
23578,jana plodková
23579,tolga çevik
23580,john richardson
23581,davy mourier
23582,billy honsal
23583,celines toribio
23584,jake lacy
23585,najah menapace
23586,jiradapa intajak
23587,zorion eguileor
23588,carey hart
23589,sebastian blomberg
23590,jenna davis
23591,dustin fitzsimons
23592,matthias koeberlin
23593,razvan enciu
23594,hugo albores
23595,rosabell laurenti sellers
23596,spencer treat clark
23597,emma jane kirby
23598,tomasz schuchardt
23599,judy davis
23600,søren østergaard
23601,alex brendemühl
23602,asher keddie
23603,petr ctvrtnícek
23604,husam dagher
23605,sheena kamal
23606,xian li
23607,paulo jordão
23608,patrick muldoon
23609,takuya negishi
23610,kimie tsukakoshi
23611,ruairi o'connor
23612,lucia hsieh
23613,janet hartley
23614,john hawkes
23615,vojtech duchoslav
23616,sukrit wisetkaew
23617,coby bell
23618,bruno salomone
23619,juan ochoa
23620,david lain baker
23621,adrian purcarescu
23622,kristen wiig
23623,amari avery
23624,taecyeon
23625,eliud figueroa
23626,avery fane
23627,dineo moeketsi
23628,mark wingett
23629,charity george
23630,tony curtis
23631,maxwell heyborne
23632,jack white
23633,natassia malthe
23634,stephanie leonidas
23635,haruna kawaguchi
23636,paige turco
23637,luisa rubino
23638,ginpei sato
23639,scott shepherd
23640,souheila yacoub
23641,vishal
23642,sam eliad
23643,richa moorjani
23644,gabrielle walsh
23645,heather langenkamp
23646,yousef aldakheel
23647,joelle clark
23648,guto goffi
23649,cameron benjamin
23650,tanushree chakraborty
23651,james norton
23652,kirron kher
23653,bill skarsgård
23654,kyôko yoshine
23655,kagiso lediga
23656,kristina tonteri-young
23657,alexandra shipp
23658,mahershala ali
23659,dennis padilla
23660,syra madad
23661,kangana ranaut
23662,kc okoro
23663,angelina jolie
23664,zdenek mucha
23665,nafissatou diallo
23666,yo-han byun
23667,germar terrell gardner
23668,feraz ozel ellahie
23669,kim richards
23670,gautam rode
23671,grace van patten
23672,rachel bloom
23673,siegfried de doncker
23674,robert dunham
23675,yoshimi kondou
23676,david niven
23677,benji allonbe
23678,john doman
23679,elisabeth hower
23680,yuvika chaudhary
23681,blake lively
23682,diego klattenhoff
23683,paulo avelino
23684,byungjae yoo
23685,peter haber
23686,micha lescot
23687,tim dillon
23688,al jackson
23689,alex michael
23690,roxanne mckee
23691,eugene collier
23692,jamie sherrill
23693,tomoko mariya
23694,d.l. hughley
23695,zezita matos
23696,kathryn bernardo
23697,vismaya
23698,jil funke
23699,lucia siposová
23700,hwang hee
23701,ken bevel
23702,amybeth mcnulty
23703,luckei e. lawson
23704,elyes gabel
23705,patty pei-yu lee
23706,carlos alcántara
23707,faisal al dokhei
23708,morgan saylor
23709,bernard cazeneuve
23710,szénási bálint
23711,cassandra scerbo
23712,kensaku morita
23713,kiko-ray clerkin
23714,darren wall
23715,elliot speller-gillott
23716,purab kohli
23717,madison wolfe
23718,kacey clarke
23719,patti lupone
23720,kotoe hatsui
23721,rick hoffman
23722,jess cleverly
23723,sassy soupidis
23724,michael hartney
23725,annalynne mccord
23726,anna lundberg
23727,reese witherspoon
23728,monica dogra
23729,odessa a’zion
23730,richard de klerk
23731,vincent grass
23732,angela sarafyan
23733,maryam hassouni
23734,nadine nassib njeim
23735,fabrizio bentivoglio
23736,bruno feldeisen
23737,mandeep dhillon
23738,stephen tyrone williams
23739,airi matsuyama
23740,chloe veitch
23741,jonny weston
23742,ben skelton
23743,sonnalli seygall
23744,teo gutiérrez moreno
23745,rain
23746,tia maipi
23747,michael dorman
23748,melanie papalia
23749,aranya kaur
23750,ena imai
23751,ford kiernan
23752,ella solgaard
23753,dana medrická
23754,silvia alonso
23755,priyanka chopra
23756,jett thornburgh
23757,wiktor zborowski
23758,cecilia
23759,spencer macpherson
23760,sang-uk ju
23761,armani greatdane
23762,ayesha raza
23763,peter mackenzie
23764,reginald gardiner
23765,danny wells
23766,edwin hodge
23767,víctor jara
23768,elena choo
23769,ryô yoshizawa
23770,don hany
23771,victor artus solaro
23772,charlotte le bon
23773,carlos bernard
23774,matt lucas
23775,mickey rooney
23776,johan ulveson
23777,ken'ichi endô
23778,rohit roy
23779,masami kosaka
23780,jean maggi
23781,grégoire leprince-ringuet
23782,ismael martínez
23783,rohan grover
23784,shola adewusi
23785,seiichi tanabe
23786,caitriona balfe
23787,rhona mitra
23788,francesco de carlo
23789,henry kissinger
23790,madeleine greaves
23791,debby ryan
23792,santino rice
23793,philippe laudenbach
23794,nannette klatt
23795,abhishek h.n.
23796,madeleine harris
23797,john arcilla
23798,glo tavarez
23799,audrey tautou
23800,blanca suárez
23801,lisandro magallán
23802,ikkyu juku
23803,katie leigh
23804,anthony michael hall
23805,noura ziréi
23806,sofía araujo mejía
23807,laurentiu ginghina
23808,makis papadimitriou
23809,michelle lee
23810,al thompson
23811,bill nye
23812,jon-jon lockwood
23813,katherine hughes
23814,tiffany hofstetter
23815,patrick cranshaw
23816,lucas grabeel
23817,israel broussard
23818,seishû uragami
23819,leon shibli ahmad
23820,saygin soysal
23821,jordan ladd
23822,anna hutchison
23823,marieke oudejans
23824,carlo buccirosso
23825,pooja s.m.
23826,paapa essiedu
23827,jiang du
23828,joem bascon
23829,bayron lebli
23830,garry marshall
23831,shizuka itô
23832,ivan dobronravov
23833,yoko honna
23834,friedrich heine
23835,ricky whittle
23836,maura tierney
23837,lisa norton
23838,eddie lucas
23839,jonathan lambert
23840,allan wu
23841,alfre woodard
23842,rajiv kapoor
23843,malena narvay
23844,emilio osorio
23845,chayanit chansangavej
23846,mingde li
23847,paul manafort
23848,yumiri hanamori
23849,ao takahashi
23850,jimena duran
23851,diana rigg
23852,samuel le bihan
23853,komal chhabria
23854,jeong-ah bae
23855,aysen gruda
23856,jonna humphries
23857,jae-hyun cho
23858,louis scott
23859,cecilia cheung
23860,note chern-yim
23861,bianca bai
23862,aliette opheim
23863,linus wahlgren
23864,paula rhodes
23865,florian stetter
23866,christian stevens
23867,kim gyngell
23868,alex jayne go
23869,joseph otsiman
23870,lauren bittner
23871,arnold oceng
23872,minami takayama
23873,christa nicola
23874,kristen kurnik
23875,bryan perritt
23876,stephen colbert
23877,yoshinori okada
23878,darbha appaji ambarisha
23879,paul julian
23880,elizabeth alderfer
23881,manu payet
23882,hiroshi mikami
23883,anurag kashyap
23884,stockard channing
23885,faas wijn
23886,kenshirô iwai
23887,rika abiko
23888,nena rosier
23889,kabby hui
23890,chris jarman
23891,violante placido
23892,grazyna blecka-kolska
23893,alfredo flores
23894,hiiro ishibashi
23895,lyudmila saveleva
23896,leon pålsson
23897,macarena gómez
23898,dèlia brufau
23899,matthew divis
23900,ry mckeand
23901,aleksandr baluev
23902,alexander godunov
23903,kevin clash
23904,yôzaburô itô
23905,odd-magnus williamson
23906,agnieszka zulewska
23907,aisling franciosi
23908,dan davies
23909,andrew crawford
23910,alexandrine warren
23911,seychelle gabriel
23912,sidhu jonnalagadda
23913,stephen ziogas
23914,mark duplass
23915,charmaine sheh
23916,adam byard
23917,sona cervená
23918,nakul bhalla
23919,yang chen
23920,kevin bacon
23921,stephen huszar
23922,ada lupu
23923,héctor anglada
23924,topher grace
23925,petr forman
23926,omkar bhakri
23927,mariah bonner
23928,arnaud ducret
23929,sam milby
23930,joey fatone
23931,toby nichols
23932,lee eddy
23933,ilona ostrowska
23934,martin mccann
23935,vikram singh
23936,christine taylor
23937,crispin freeman
23938,paulyn sun
23939,gene bervoets
23940,yoon-seong kim
23941,rachel barker
23942,john turturro
23943,jorge cea
23944,min-soo jo
23945,alison woods
23946,michael lindsay
23947,christopher nicholas smith
23948,luke allen-gale
23949,don pedro colley
23950,sofia bryant
23951,solvan naim
23952,huiwen zhang
23953,zhalay sharhadi
23954,andreas wilson
23955,erin moran
23956,barry sullivan
23957,alain demaria
23958,patrice lovely
23959,the boulet brothers
23960,nagiko tôno
23961,violett beane
23962,jon glover
23963,juana dapa
23964,nini bakke kristiansen
23965,blossom chukwujekwu
23966,seth numrich
23967,perla liberatori
23968,sabine werner
23969,alan davies
23970,alexander campbell
23971,jerry trainor
23972,kaya matsutani
23973,max martini
23974,saurabh shukla
23975,eitarô shindô
23976,anirban banerjee
23977,amanda joy erickson
23978,elisabeth biondi
23979,eugenio derbez
23980,seong-su kim
23981,kaitlyn bernard
23982,marianne koch
23983,leo barakat
23984,anikó donáth
23985,leticia dolera
23986,courtney henggeler
23987,rebecca penner
23988,caitlin howden
23989,kyle field
23990,ewa zietek
23991,mathew botuchis
23992,seohyun
23993,eddie peng
23994,lorcan cranitch
23995,bronislaw wroclawski
23996,delroy lindo
23997,i-chen ko
23998,reuben moes
23999,barbara carrera
24000,jesús báez
24001,jean heywood
24002,alyssa edwards
24003,siera florindo
24004,ken wheeler
24005,ondrej sverák
24006,ameerah falzon-ojo
24007,ethan philbeck
24008,linda ejiofor
24009,spencer boldman
24010,tarek yaacoub
24011,oliver may
24012,laz alonso
24013,ashanti
24014,esther purves-smith
24015,gabrielle rose
24016,matthew braden stringer
24017,matthew wolf
24018,daniel stewart sherman
24019,jeni ross
24020,monia chokri
24021,audrey dana
24022,emmanuel xuereb
24023,alex jennings
24024,jessica hynes
24025,velibor topic
24026,lise baastrup
24027,stanley baker
24028,christopher jacot
24029,srinivas volety
24030,kirby bliss blanton
24031,gina riley
24032,patricia manterola
24033,maxey whitehead
24034,trevor devall
24035,billy ray gallion
24036,ella kenion
24037,rajinikanth
24038,giuliana lojodice
24039,amy jackson
24040,dwayne holden
24041,carly pope
24042,meg cashel
24043,kristanna loken
24044,emjay anthony
24045,andrzej gass
24046,hideyuki tanaka
24047,marco ricca
24048,benoît dupac
24049,columbus short
24050,je-moon yoon
24051,johnny yong bosch
24052,cheryl yang
24053,vilma szécsi
24054,aamir bashir
24055,tylor keith
24056,sara malakul lane
24057,gong li
24058,julian hee
24059,henry hanikka
24060,william schallert
24061,pitsanu nimsakul
24062,berényi bianka
24063,ed brody
24064,murilo rosa
24065,vuokko hovatta
24066,john
24067,fumiyo kohinata
24068,o'shea jackson jr.
24069,julia lalonde
24070,dave castro
24071,krystin pellerin
24072,hirofumi arai
24073,kimberly grace
24074,dwayne johnson
24075,biju sopanam
24076,greg page
24077,massimo popolizio
24078,dylan duffus
24079,jason alexander
24080,desmond harrington
24081,varun dhawan
24082,soo-young ryu
24083,dmitriy belotzerkovskiy
24084,rukshar dhillon
24085,evan milton
24086,masako motai
24087,richard hammond
24088,leila jolene
24089,elan garfias
24090,shunsuke nishikawa
24091,josh dean
24092,nemo baletic
24093,karissa strain
24094,margo martindale
24095,blake harrison
24096,mo-chan chik
24097,ully triani
24098,brandon mychal smith
24099,dennis farina
24100,brendan cowell
24101,matt duffer
24102,nick golterman
24103,nathalie cox
24104,sarah jarvis
24105,zhou qi qi
24106,jacki weaver
24107,arata furuta
24108,jonathan scarfe
24109,laurent plancel
24110,vijay sethupathi
24111,jessica arinella
24112,els dottermans
24113,tony curran
24114,lynn whitfield
24115,kari matchett
24116,yunhe yi
24117,brytni sarpy
24118,jô shishido
24119,ian james corlett
24120,paul williams band
24121,gustavo santaolalla
24122,michael pongracz
24123,mariko kajikawa
24124,len kabasinski
24125,se jin lee
24126,margaret livingston
24127,kreepolrerk darvid
24128,diego carlos seyfarth
24129,chiaki omigawa
24130,kim dong-hee
24131,mark hildreth
24132,michelle fratus
24133,kuku diwan
24134,raj babbar
24135,gautham karthik
24136,paul rosolie
24137,izzat abu-of
24138,akshay oberoi
24139,frank buschmann
24140,jasmine bartholomew
24141,mallorie rodak
24142,chen amsalem
24143,monica
24144,ben daniels
24145,yasemin kurttekin
24146,bence rajcsányi
24147,angira dhar
24148,will blagrove
24149,gérard lecaillon
24150,kristin samuelson
24151,stephan luca
24152,enchong dee
24153,christopher crabinha
24154,sung jun
24155,mariya shalayeva
24156,oskar belton
24157,beyti engin
24158,tiffany tenille
24159,nozomi bandô
24160,justyna bartoszewicz
24161,claudia zepeda
24162,piper curda
24163,alex russell
24164,carl ng
24165,tarah gieger
24166,jaroslav drbohlav
24167,paul greene
24168,thora hird
24169,nao tamura
24170,manuel aranguiz
24171,jagapathi babu
24172,tim nailer foley
24173,chris hermann
24174,eun-hie choi
24175,hye-young jung
24176,maree cheatham
24177,bshara atallah
24178,müge ulusoy
24179,sheridan smith
24180,witold wielinski
24181,dewi sandra
24182,kunal khemu
24183,lamman rucker
24184,kayne tremills
24185,agnetha fältskog
24186,nabila huda
24187,charlie cox
24188,michel blanc
24189,steve tientcheu
24190,chiho fujii
24191,tasuku hatanaka
24192,ryôko hirosue
24193,fangyuan chang
24194,mohammed ghaffari
24195,kaylee vieira
24196,simran
24197,aki toyosaki
24198,dolores huerta
24199,huub smit
24200,philippe tlokinski
24201,stijn van opstal
24202,faisa hassan
24203,kôichi tôchika
24204,isao yamagata
24205,jacob grodnik
24206,jamie-lee o'donnell
24207,arlindo barreto
24208,adam fitzgerald
24209,thanya lópez
24210,enrique murciano
24211,naa ashorkor mensa-doku
24212,rani mukerji
24213,jimmy jackson
24214,faith afolabi
24215,rosario flores
24216,gilbert melki
24217,jeremy sumpter
24218,lloyd avery ii
24219,sean kelly
24220,xu dai
24221,michael degruy
24222,pablo lyle
24223,tim blaney
24224,kaoru hirata
24225,christian byers
24226,melissa mcbride
24227,lluís homar
24228,linzey cocker
24229,clara kushnir
24230,mircea rusu
24231,syvert lorenz garcia
24232,will buie jr.
24233,cedella marley
24234,cristina flutur
24235,betsy kenney
24236,tig notaro
24237,matilda de angelis
24238,sara cobo
24239,dani rovira
24240,karina jordán
24241,mhd
24242,bob broberg
24243,jorge garcia
24244,martha higareda
24245,chao jing
24246,davide calgaro
24247,david denman
24248,devendra gaikwad
24249,flavio bucci
24250,bogdan alexandru
24251,jeff seibert
24252,samantha berg
24253,sihem benamoune
24254,ondrej hraska
24255,islie hirvonen
24256,erica lindbeck
24257,wakana aoi
24258,julián villagrán
24259,rania mallah
24260,maurane
24261,jayasurya
24262,marcus chang
24263,philip glenister
24264,ravi babu
24265,cory gruter-andrew
24266,onyeka onwenu
24267,derek jeter
24268,james sweeney
24269,vansh bhardwaj
24270,alex marty
24271,jack fulton
24272,bing crosby
24273,amanda brown
24274,larry jerome thomas
24275,charles malik whitfield
24276,mauricio garcía lozano
24277,michael harbour
24278,wei-yi lin
24279,ryô ikebe
24280,olivier bonjour
24281,julie gayet
24282,nobuyuki hiyama
24283,kestie morassi
24284,tracey cherelle jones
24285,yong-ha park
24286,atikah suhaime
24287,golshifteh farahani
24288,tokio emoto
24289,polnat boonma
24290,dapper dan
24291,alberto ammann
24292,sonam bajwa
24293,miho igarashi
24294,jesse garcia
24295,allie gallerani
24296,antonio cupo
24297,tereza kostková
24298,manabendra das
24299,william lawandi
24300,florence foresti
24301,kousei yuuki
24302,bob behnken
24303,gene autry
24304,joel little
24305,anuk steffen
24306,mariah carey
24307,shane brolly
24308,dirk roofthooft
24309,dani nefussi
24310,lúcia romano
24311,ryan dorsey
24312,zoe ventoura
24313,talitha eliana bateman
24314,eleonora wexler
24315,igwe david chisom
24316,clara do espirito
24317,roger federer
24318,ingjerd egeberg
24319,jae-young joe
24320,kata bartsch
24321,tareq abdalla
24322,joseph buttler
24323,erin way
24324,nelly borgeaud
24325,alexa nisenson
24326,sam riegel
24327,divine
24328,li an
24329,ivan massagué
24330,bassey keppy ekpeyong
24331,richard lewis
24332,pierson fode
24333,ellen hollman
24334,jessica hecht
24335,david miscavige
24336,joanne tseng
24337,isabella gomez
24338,jake weber
24339,xyriel manabat
24340,sergio guizé
24341,gustavo arellano
24342,désirée nosbusch
24343,haruto nakano
24344,evan a. dunn
24345,mae whitman
24346,thanatorn oudsahakul
24347,chris tamayo
24348,john karna
24349,nicolò cabras
24350,chia-hsiu li
24351,nick principe
24352,abbey hoes
24353,carl lumbly
24354,eri fuse
24355,debra rogers
24356,duke davis
24357,eddie murphy
24358,gong yoo
24359,naldo benny
24360,sharifah aryana
24361,cho-hee lee
24362,ryôta katayose
24363,prunella scales
24364,xilin zhang
24365,sofia helin
24366,rachel ellen helling
24367,maurice page
24368,mona grenne
24369,héloïse jadoul
24370,sung-jae yook
24371,jeff daniels
24372,roy moore
24373,mickey rourke
24374,ann mitchell
24375,jeroen krabbé
24376,jackky bhagnani
24377,marie kremer
24378,yan tang
24379,boris hiestand
24380,lucas mchugh carroll
24381,shawn pilot
24382,minka kelly
24383,few vayu kessuvit
24384,roshan prince
24385,dee bradley baker
24386,romy schneider
24387,sanika ghaises
24388,ashjan
24389,guillaume aretos
24390,hannah young
24391,amina khalil
24392,akira emoto
24393,logan hawkes
24394,sasha lane
24395,zandra andersson
24396,xzibit
24397,kiana ledé
24398,george babbit
24399,chris geere
24400,lori petty
24401,alex haydon
24402,bill kreutzmann
24403,liora rivlin
24404,wyclef jean
24405,luise heyer
24406,leon dai
24407,yûka yano
24408,nola klop
24409,kevin durand
24410,liss pereira
24411,iris apatow
24412,toshirô mifune
24413,ryan simpkins
24414,eli danker
24415,eita
24416,anastasiya abadzhidi
24417,gregory alan williams
24418,olivier marchal
24419,giles matthey
24420,nicolas bauwens
24421,haruka shiraishi
24422,shabnam bubly
24423,alpha oumar barry
24424,david lynch
24425,harrison chad
24426,nicolas meyrieux
24427,eun-hee bang
24428,james davis
24429,sala baker
24430,maria lundqvist
24431,park soo-jin
24432,malachi kirby
24433,amy floyd
24434,paola minaccioni
24435,avni dilligil
24436,alex fernández
24437,orsolya török illyés
24438,anna paik
24439,dawn zulueta
24440,rania youssef
24441,susanna bonasewicz
24442,bill paterson
24443,sang-jung kim
24444,moa silén
24445,aria birch
24446,lisa clark
24447,kristen mcguire
24448,jirí lábus
24449,yoo se-yoon
24450,kerr smith
24451,keiji fujiwara
24452,reda kateb
24453,sigrid johnson
24454,ace bhatti
24455,jennylyn mercado
24456,jack kao
24457,lawrence t. wrentz
24458,michael ford-fitzgerald
24459,piercey dalton
24460,tracey ashley
24461,parambrata chattopadhyay
24462,randy hansen
24463,jake green
24464,serge houde
24465,shao-wen hao
24466,nik adam mika
24467,djenar maesa ayu
24468,danny mccarthy
24469,jim beem
24470,jana banker
24471,jay cutler
24472,ruth reinecke
24473,merryn pearse
24474,sérgio cantú
24475,guillermo barros schelotto
24476,gavin lewis
24477,ben chaplin
24478,vyjayanthimala
24479,james cossins
24480,travis johnson
24481,ye-eun kim
24482,julio iglesias jr.
24483,rachel oniga
24484,ryan rottman
24485,sadi celil cengiz
24486,li gong
24487,choi woo-sik
24488,david lucieer
24489,paul gleason
24490,melissa harris
24491,ana druzhynina
24492,rj mitte
24493,jodie foster
24494,linda porter
24495,robbie dema
24496,milena dreißig
24497,jirí mádl
24498,kritika avasthi
24499,damon wayans
24500,mónica dionne
24501,donna biscoe
24502,damien laquet
24503,blanche mehaffey
24504,harjap singh bhangal
24505,david blaj
24506,caroline pascal
24507,peter ostrum
24508,paco león
24509,shin'ichirô miki
24510,matt leblanc
24511,laurentiu bãnescu
24512,michael c. pizzuto
24513,nigel marven
24514,lauren odioso
24515,tina french
24516,ruby modine
24517,yan bing zhang
24518,ptolemy slocum
24519,haley carter chapel
24520,fernanda castillo
24521,miko hughes
24522,pancho bernasconi
24523,hayate ichinose
24524,kana chiaki
24525,sorin frâncu
24526,samia abreu
24527,lars bom
24528,brianne tju
24529,maxwell jenkins
24530,stanislas merhar
24531,andrea bocelli
24532,paul gascoigne
24533,celia weston
24534,sôsuke takaoka
24535,charlie kolsby
24536,martin milner
24537,carmen ejogo
24538,gabriela lopez
24539,ross lynch
24540,jang hye-jin
24541,calvin roberson
24542,kubilay aka
24543,myolie wu
24544,john demita
24545,jayson warner smith
24546,trey parker
24547,thomas mann
24548,mary j. blige
24549,pongsak pongsuwan
24550,marcela rodríguez
24551,grand corps malade
24552,leah lewis
24553,nada abou farhat
24554,nick swardson
24555,ian holm
24556,álvaro ogalla
24557,elijah canlas
24558,raul de molina
24559,blake ellis
24560,kazuya aoyama
24561,yûko kusunoki
24562,rajiv kumar a.
24563,otto waalkes
24564,louise mieritz
24565,myanna buring
24566,vanessa williams
24567,loretta walsh
24568,akashi takei
24569,viktor sukhorukov
24570,nassar
24571,dewanda wise
24572,hugo björne
24573,yôsuke akimoto
24574,jong-ryol choi
24575,alfred molina
24576,annie corley
24577,fuminori komatsu
24578,cori bush
24579,daniel henshall
24580,atsumi tanezaki
24581,chelsea kane
24582,audrey luo
24583,laura benson
24584,kang han-na
24585,claudia sulewski
24586,sydney lewis ransome
24587,nelson baskeville
24588,paul dobson
24589,mark addy
24590,michel joelsas
24591,megan de kruijf
24592,val dexter
24593,david andriole
24594,yacine belhousse
24595,aleksandar pitulic
24596,martial le minoux
24597,kwak dong-yeon
24598,alexa brunner
24599,alon aboutboul
24600,judith ivey
24601,yizhe wang
24602,ryusei fujii
24603,simona chytrová
24604,veerle baetens
24605,sandy alexander
24606,yû inaba
24607,pierre coffin
24608,amy johnston
24609,claire forlani
24610,matthew ryan anderson
24611,zsuzsa csillag
24612,simon yam
24613,linor abargil
24614,yunxiang gao
24615,shinya fukumatsu
24616,james kautz
24617,harrison fahn
24618,louis morissette
24619,gabriel basso
24620,tamara mazarrasa
24621,ayten amer
24622,bryce gheisar
24623,an nguyen
24624,hong chau
24625,bruno sanches
24626,hwa-ryong lee
24627,amalia vitale
24628,tôru nara
24629,joshua griffiths
24630,gregory diaz iv
24631,pawel szajda
24632,kwang soo cha
24633,bradley corteville
24634,robert lee
24635,charles aznavour
24636,kimberly williams-paisley
24637,stefan pawlowski
24638,jean-pierre gos
24639,nur fazura
24640,yuriy kutsenko
24641,joseph alan johnson
24642,sabrina ferilli
24643,chatchai plengpanich
24644,cory crow
24645,katharina müller-elmau
24646,mahesh bhosale
24647,arisha choudhury
24648,gracen daly
24649,callan mulvey
24650,bernard hopkins
24651,cyndi mayo
24652,mireille enos
24653,zuimaro awashima
24654,harvey atkin
24655,micaela ramazzotti
24656,stephen tobolowsky
24657,choi moo-seong
24658,michael clarke duncan
24659,ottaviano dell'acqua
24660,miguel ángel solá
24661,josh bogert
24662,lara rain
24663,dieter nuhr
24664,dana jamison
24665,jacqueline brennan
24666,dylan jones
24667,björk
24668,ilona brezoianu
24669,jerzy stuhr
24670,hsing-shu yen
24671,charlotte rose hamlyn
24672,aadhi
24673,masaaki mizunaka
24674,ronnie connell
24675,brad hyland
24676,edgar ott
24677,juliette wood
24678,claude jade
24679,miquel insua
24680,halima karaouane
24681,romain duris
24682,alican yücesoy
24683,syed karam hussain
24684,toni hudson
24685,udo samel
24686,david bedella
24687,mateusz bieryt
24688,nejat isler
24689,dakore akande
24690,jeong gyu-su
24691,arjun nandakumar
24692,lubor tokos
24693,yukiyoshi ozawa
24694,steve blum
24695,eva chen
24696,gert van niekerk
24697,ho-geun bae
24698,nirine s. brown
24699,christopher convery
24700,fawad khan
24701,albert tsai
24702,thabang molaba
24703,benny hinn
24704,riley mcgranhan
24705,mirela apostu
24706,begüm kütük
24707,joe bouchard
24708,cha eun-woo
24709,alper rende
24710,miroslaw baka
24711,tim matheson
24712,walter matthau
24713,jin-hee ji
24714,christine ko
24715,dorina martinovics
24716,aurora cossio
24717,caryn ward
24718,ufuk asar
24719,david ali rashed
24720,karel roden
24721,troy dillinger
24722,joshua carlon
24723,wendy vanden heuvel
24724,adrienn réti
24725,boy william
24726,kerry butler
24727,jacobo sánchez
24728,andrew love
24729,ralf bauer
24730,hailee steinfeld
24731,mãlina manovici
24732,clara lago
24733,tracy grandstaff
24734,kai-chun yang
24735,kokkorn benjathikoon
24736,vahide perçin
24737,wang naixun
24738,frida dam seidel
24739,lily atkinson
24740,natsumi takamori
24741,michael alpert
24742,takurô tatsumi
24743,daniel betts
24744,roy kinnear
24745,william benson
24746,rila fukushima
24747,anon saisangcharn
24748,nono konopka
24749,jordi gràcia
24750,anna foglietta
24751,jacquelin anne lee
24752,mark webber
24753,alexander jesus burgos
24754,griffin miner
24755,sammy cowell
24756,amer chadha-patel
24757,ihana dhillon
24758,valerio binasco
24759,ida bonnast
24760,aya suzaki
24761,justin pierce
24762,matt frewer
24763,ahmaogak sweeney
24764,warren clarke
24765,william reynolds
24766,jeanette hain
24767,joe alwyn
24768,jorge reyes
24769,juliane köhler
24770,robert webb
24771,cindy robinson
24772,alisha bailey
24773,mela lee
24774,nikki glaser
24775,apisit opasaimlikit
24776,luis isaac canales
24777,dustin bollinger
24778,brittany bristow
24779,chia-yu chang
24780,maría morales
24781,morena baccarin
24782,oliver lee
24783,helmut fischer
24784,noriko sakai
24785,michael douglas
24786,hyeong-jin kong
24787,pierluigi marchionne
24788,robert forster
24789,isha koppikar
24790,clovis cornillac
24791,marie tourell søderberg
24792,jeffery arseneau
24793,alice bendová
24794,tewfik jallab
24795,stephen baldwin
24796,fong lui
24797,manobala
24798,linda sorgini
24799,jesse burch
24800,sierra mccormick
24801,miles szanto
24802,avinash tiwary
24803,george kourounis
24804,luminita gheorghiu
24805,malin morgan
24806,ger smit
24807,dani santiago
24808,amalie lindegård
24809,emily blunt
24810,beth hall
24811,kate hudson
24812,orçun kaptan
24813,eric tsang
24814,ranty maria
24815,maris degener
24816,katie chen
24817,tara sands
24818,chun-tian lan
24819,pedro godoy
24820,gabourey sidibe
24821,ovidiu schumacher
24822,sean bean
24823,bere becerra
24824,juan gabriel yacuzzi
24825,rahman ali
24826,blanche barton
24827,kerry washington
24828,marian ciulpan
24829,bea hayden kuo
24830,olivia fenton
24831,serif bozkurt
24832,seo-won lee
24833,anna nakagawa
24834,julia brown
24835,james marsden
24836,elyfer torres
24837,stephanie fredricks
24838,alessandro nivola
24839,shouma kai
24840,james ransone
24841,diarra kilpatrick
24842,kayode aderupoko
24843,zhan xiao
24844,takeshi kitano
24845,kikuko inoue
24846,balu narayanan
24847,chopper bernet
24848,verdi solaiman
24849,david hao-chi chiu
24850,mark moraghan
24851,irene lindh
24852,vijay varma
24853,ginés garcía millán
24854,annabel wolfe
24855,anna friel
24856,rudhraksh jaiswal
24857,arielle dombasle
24858,sebastian stankiewicz
24859,paul courtenay hyu
24860,vincent riotta
24861,anna yanovskaya
24862,cody horn
24863,emil poulsen
24864,tien-chi cheng
24865,bronislav kotis
24866,sadashiv amrapurkar
24867,brent thomassen
24868,mitchell whitfield
24869,eddie cibrian
24870,meher vij
24871,tennessee state university marching band
24872,craig cyr
24873,lee yeong-ae
24874,kevin kirk
24875,aj meijer
24876,mayu hotta
24877,hitoshi ozawa
24878,spencer breslin
24879,gunnar uddén
24880,ahmet rifat sungar
24881,chris owen
24882,dong-soo seo
24883,luis gerardo méndez
24884,sugar ray leonard
24885,joséphine draï
24886,maggie cheung
24887,shun'ya shiraishi
24888,jessica tyler brown
24889,jasna fritzi bauer
24890,liv tyler
24891,carla hall
24892,antoine basler
24893,yûtarô furutachi
24894,lars ulrich
24895,phe caplan
24896,popetorn soonthornyanakij
24897,stuart linder
24898,candace barnhill
24899,darci mcdonald
24900,camilla belle
24901,ricardo blei
24902,sherri shepherd
24903,ni yan
24904,jerzy skolimowski
24905,jigna bhardwaj
24906,indah permatasari
24907,hannah monson
24908,a.j. baime
24909,tess haubrich
24910,tamara mello
24911,scott kelly
24912,lynne roberts
24913,kareem abdul-jabbar
24914,jun hasumi
24915,pierre niney
24916,hany el metennawy
24917,andré deca
24918,simon abkarian
24919,jamie davis
24920,jake short
24921,tabitha st. germain
24922,alexandre hamidi
24923,sonny strait
24924,eddie axberg
24925,iza moreira
24926,roberto scotto pagliara
24927,einar axelsson
24928,kyla pratt
24929,scott evans
24930,irina kurbanova
24931,toma enache
24932,roshini
24933,violet nelson
24934,harjeet bhullar
24935,hans matheson
24936,pedro basanta
24937,ha ji-won
24938,caz odin darko
24939,rina satô
24940,tony chiu-wai leung
24941,nancy kim
24942,liam campora
24943,adrià collado
24944,caldwell tidicue
24945,megumi odaka
24946,seung-gil jeong
24947,biao yuen
24948,kim hee-jung
24949,toby wallace
24950,james godwin
24951,yoni sakal
24952,luise helm
24953,wallace chung
24954,sam doets
24955,alvaro armand ugon
24956,zbigniew walerys
24957,ana vatamanu
24958,shreiyah sabharwal
24959,non
24960,eri watanabe
24961,tomás klus
24962,tony bennett
24963,may hollermann
24964,marlen kruse
24965,joseph blaire
24966,tanmay dhanania
24967,akiko wakabayashi
24968,tom prior
24969,kivanç baran aslan
24970,michelle chong
24971,kenny ho
24972,tudor smoleanu
24973,justin doescher
24974,nota tserniafski
24975,pimnitchakun bumrungkit
24976,jochem myjer
24977,wenwen han
24978,jason drucker
24979,brian doe
24980,jeffrey garcia
24981,yemi blaq
24982,brendan fletcher
24983,bruce mcgill
24984,bogdan dumitrache
24985,razvan corneci
24986,huma qureshi
24987,beckham skodje
24988,moises arias
24989,ashleigh murray
24990,ryan hansen
24991,dan stulbach
24992,seungho cheon
24993,némo schiffman
24994,luciano acuna jr.
24995,jowharah jones
24996,maurice bénichou
24997,kenny lin
24998,ines english
24999,kento hiramatsu
25000,cherry ngan
25001,andrew hampton
25002,hailey bieber
25003,djudjuk djuariah
25004,izabela baran
25005,kenichi suzumura
25006,zeljko ivanek
25007,miguel alonso
25008,samantha nicole dunn
25009,iria del río
25010,marny eng
25011,juana acosta
25012,kimmy shields
25013,natalia belitski
25014,leon russom
25015,nikhila vimal
25016,misato tanaka
25017,opal littleton
25018,cesar de león
25019,aishwarya rai bachchan
25020,dea panendra
25021,soonhee kim
25022,michelle randolph
25023,jessica lange
25024,mona seilitz
25025,imogene coca
25026,bryan white
25027,krysten ritter
25028,elizabeth marvel
25029,katie lowes
25030,daoming chen
25031,maxim mehmet
25032,fabianne therese
25033,yukiko kobayashi
25034,mike marino
25035,kim so-hyun
25036,ebenhaezer letago
25037,alan cumming
25038,michael douglas cake
25039,erika sainte
25040,brian ogola
25041,toki pilioko
25042,luis sepúlveda
25043,kwok-pong chan
25044,kelly macdonald
25045,tomoko umeda
25046,taylor swift
25047,peter kim
25048,ai orikasa
25049,silvio orlando
25050,brody ferrer
25051,ben hyland
25052,vijay raaz
25053,roberta petzoldt
25054,caspar poyck
25055,vijayshanti
25056,takako honda
25057,wendy raquel robinson
25058,kevin makely
25059,ren ishikawa
25060,jorge suárez
25061,star
25062,zainab balogun
25063,hind rustum
25064,paul anderson
25065,david rawle
25066,anndi mcafee
25067,ahmed safwat
25068,carmina barrios
25069,brandi bravo
25070,eva llorach
25071,david gardner
25072,louisa rix
25073,kim hae-sook
25074,rômulo braga
25075,ana padrão
25076,rick skene
25077,marina foïs
25078,sissy spacek
25079,kendall ryan sanders
25080,flavio medina
25081,meda andreea victor
25082,c.m. punk
25083,liliana de vries
25084,richard sammel
25085,kin wah chew
25086,garrick hagon
25087,ahn bo-hyun
25088,ritu varma
25089,chaleumpol tikumpornteerawong
25090,drew barber
25091,liam payne
25092,yun ju-sang
25093,mariusz bonaszewski
25094,riko fukumoto
25095,sahan gökbakar
25096,dougray scott
25097,miyake ken
25098,christina cole
25099,subhrajyoti barat
25100,rina takeda
25101,karlijn sileghem
25102,roxanne gregory
25103,björn bengtsson
25104,shinji matsubayashi
25105,jong-hyun hong
25106,ryan seacrest
25107,sui-man chim
25108,hiroshi kawaguchi
25109,kuniko igawa
25110,justin beal
25111,mayo suzukaze
25112,taylor kitsch
25113,gabriel g. alvarez
25114,kaan sahan
25115,atharva bedekar
25116,demián bichir
25117,hwang chan-sung
25118,patrick mcdade
25119,shin'ya ohwada
25120,steve hicks
25121,peter daszak
25122,ahmed malek
25123,david eagleman
25124,ross breen
25125,julian gillard
25126,marlon kittel
25127,peter berg
25128,james adomian
25129,jarrod pistilli
25130,zuzana stavná
25131,breanne benson
25132,marc ian barasch
25133,woranuch bhirombhakdi
25134,geoffrey wawro
25135,daniel stern
25136,jesse metcalfe
25137,maya rudolph
25138,ali uyandiran
25139,bing shao
25140,cystine carreon
25141,priya anand
25142,marek daniel
25143,connie britton
25144,steve lund
25145,ross kemp
25146,walter perez
25147,emma stone
25148,dean cameron
25149,eugene lee
25150,hao zheng
25151,motlatsi mafatshe
25152,ambyr childers
25153,milo ventimiglia
25154,lorella cravotta
25155,johan earl
25156,rahul bose
25157,bob balaban
25158,caseta
25159,zhao wenhe
25160,hiroshi abe
25161,bobby cannavale
25162,jess hahn
25163,melissa fumero
25164,noriko kitazawa
25165,kang-ho song
25166,lee da-hee
25167,anna ishii
25168,fran kranz
25169,conor murphy
25170,thomas moore
25171,johnnie to
25172,michel robin
25173,maura antas
25174,xavier de guillebon
25175,annie parisse
25176,miki esparbé
25177,ian ogilvy
25178,henry thomas
25179,bruno paviot
25180,lily rose silver
25181,jessica sula
25182,claes ljungmark
25183,antonio resines
25184,tamar novas
25185,edith haagenrud-sande
25186,marion cotillard
25187,larry david
25188,danny deferrari
25189,shivani bhai
25190,bob martin
25191,seong-kwang ha
25192,amanda bynes
25193,anya taylor-joy
25194,corny rempel
25195,monica scattini
25196,sandrinna michelle
25197,jan maxián
25198,roberto carlos
25199,malaika wakoli-abigaba
25200,tom mayhue
25201,martha ratliff
25202,adi shankar
25203,ganesh venkatraman
25204,eden duncan-smith
25205,milo parker
25206,richard fitzpatrick
25207,heather doerksen
25208,savithri sreedharan
25209,kev adams
25210,sylvie moreau
25211,tate ellington
25212,jonathan capehart
25213,johan
25214,luca bizzarri
25215,banjô ginga
25216,jorma taccone
25217,tsung-hua tou
25218,wijitwongthong tanutchai
25219,rob mcelhenney
25220,yiorgos moroyiannis
25221,roger príncep
25222,eden sher
25223,daniel prévost
25224,taichi kokubun
25225,bryce draper
25226,peter corp dyrendal
25227,ahmed mehrez
25228,anezka kusiaková
25229,pio d'antini
25230,isabelle fuhrman
25231,na-kel smith
25232,r. martin klein
25233,chôchô miyako
25234,kristian fjord
25235,larry bird
25236,araya a. hargate
25237,calum o'rourke
25238,goran bogdan
25239,nigel barker
25240,shôzô îzuka
25241,dileep raj
25242,michael jordan
25243,sira alonso
25244,daniel doheny
25245,ratnam chitturi
25246,devon sawa
25247,meryl keeble
25248,charlotte ritchie
25249,kazuma suzuki
25250,yitian hai
25251,vicky krieps
25252,brett rice
25253,yoriko dôguchi
25254,reiko kusamura
25255,yovik
25256,armie hammer
25257,richard ng
25258,sara hjort ditlevsen
25259,emílio orciollo netto
25260,nicole mirel
25261,brenda blethyn
25262,patrick schwarzenegger
25263,je-heon choi
25264,landen beattie
25265,poonam dhillon
25266,julián lópez
25267,sang-woo lee
25268,lucas kalechstein
25269,suman banerjee
25270,kenneth mars
25271,jong-kook kim
25272,elnaaz norouzi
25273,kyôko enami
25274,chelsea deboer
25275,loukia ioannou
25276,jim watson
25277,nancy talamantes
25278,joke silva
25279,manish dayal
25280,john c. reilly
25281,guy rhys
25282,kaho minami
25283,olivia holt
25284,bastián insotroza
25285,paul shaffer
25286,katie phang
25287,kwon kim
25288,carolina crescentini
25289,zareen khan
25290,kerry condon
25291,salvatore d'onofrio
25292,giovanna mercuri
25293,patricio castillo
25294,kamilla baar
25295,wayne coyne
25296,sarah lind
25297,john stocker
25298,ratchu surachalas
25299,benoît allemane
25300,kalief browder
25301,sanoe lake
25302,kelly chen
25303,fanny ketter
25304,patrick matera
25305,phoebe tonkin
25306,batuhan begimgil
25307,sulakshana baruah
25308,john ales
25309,clare-hope ashitey
25310,sean astin
25311,bob devito
25312,béatrice dalle
25313,yueming pan
25314,teddy sears
25315,miranda richardson
25316,james garner
25317,niamh algar
25318,bruce payne
25319,carlos carvajal
25320,hareesh peradi
25321,jordan greeley
25322,jan tríska
25323,samia said
25324,arianne botelho
25325,scott haze
25326,nenji kobayashi
25327,yuk long wong
25328,vincent macaigne
25329,weronika ksiazkiewicz
25330,meera chaudhary
25331,menashe lustig
25332,yeong-cheol kim
25333,peter lucas
25334,todd barry
25335,maría martín
25336,earl minor
25337,ieva andrejevaite
25338,dan bakkedahl
25339,diane salinger
25340,xiaochen wang
25341,rony shemon
25342,chris ellis
25343,junpei mizobata
25344,vic mignogna
25345,bryan batt
25346,lily brooks o'briant
25347,özz nûjen
25348,po-yu shih
25349,john stockwell
25350,catalina saavedra
25351,daisuke sakaguchi
25352,braeden marcott
25353,iliana fox
25354,noppan chantasorn
25355,katerina janecková
25356,elena roger
25357,nao ohmori
25358,judy garland
25359,wyatt white
25360,alessio de filippis
25361,ria zmitrowicz
25362,israel elejalde
25363,chioma omeruah
25364,naomi ackie
25365,maia reficco
25366,fiona livingston
25367,iben hjejle
25368,rosanna arquette
25369,brian mccarthy
25370,marika matsumoto
25371,jason piao pai
25372,arash marandi
25373,seon yu
25374,tania nolan
25375,andrew s. gilbert
25376,toshihiko seki
25377,caroline west
25378,fortune feimster
25379,catherine reitman
25380,chuan-ying chuang
25381,courtney b. vance
25382,taapsee pannu
25383,daniel day-lewis
25384,alex lawther
25385,matthew gray gubler
25386,han ji-eun
25387,alan saldaña
25388,ginger romàn
25389,suk-tae joo
25390,owen whitelaw
25391,serkan ercan
25392,alicja dabrowska
25393,jonny cruz
25394,franciska friede
25395,ritchie coster
25396,marcin dorocinski
25397,david farrar
25398,hanan turk
25399,burak tozkoparan
25400,charles grodin
25401,romain ben
25402,joan crawford
25403,larissa manoela
25404,will.i.am
25405,rika izumi
25406,gérard oury
25407,vavrinec hradílek
25408,poppy drayton
25409,naoki kawano
25410,emmanuel kabongo
25411,veera saxena
25412,kinuyo tanaka
25413,sarita choudhury
25414,til schweiger
25415,courtney barilla
25416,leah ayres
25417,danielle castillo
25418,emilia jones
25419,lena olin
25420,jennifer finnigan
25421,felix auer
25422,paulo vilhena
25423,justin arnold
25424,kate bristol
25425,shakti kapoor
25426,jason segel
25427,ondrej malý
25428,geoffrey martin
25429,jesuthasan antonythasan
25430,lacey chabert
25431,david lambert
25432,carrie underwood
25433,vasil fridrich
25434,karla-simone spence
25435,isaac hayes
25436,stephen murray
25437,teresa domínguez
25438,shen yue
25439,maarten heijmans
25440,charlie saxton
25441,namrata sawhney
25442,shin min-a
25443,matías assler
25444,byeong-eun park
25445,soo-ah park
25446,thomas ian griffith
25447,denis rafter
25448,marco giallini
25449,kunie tanaka
25450,asako kobayashi
25451,thorsten merten
25452,karel höger
25453,yuta yamazaki
25454,sonya nair
25455,lindsay overton-chadwick
25456,michael aloni
25457,faraz ahsan
25458,lauren lapkus
25459,kivanç tatlitug
25460,kathelin gray
25461,keiji hirai
25462,kamel el basha
25463,ten tosatid darnkhuntod
25464,charlie rowe
25465,joseph bennett
25466,jirô satô
25467,janna nick
25468,candi milo
25469,harry lloyd
25470,min-jae kim
25471,beth broderick
25472,jason patric
25473,maxime giffard
25474,joe bostick
25475,emir benderlioglu
25476,abdullah mishref
25477,shûichi ikeda
25478,hideki gôko
25479,ayaka onoue
25480,phan pagniez
25481,david kau
25482,claire julien
25483,natalia mateo
25484,jamie foreman
25485,cobie smulders
25486,diana brumen
25487,alexandra sakelaropoulou
25488,lester dorr
25489,zeljko markovic
25490,chris nunez
25491,bohang moeko
25492,jakub spalek
25493,sanjay dutt
25494,malgorzata kozuchowska
25495,charles bukeko
25496,ryan robbins
25497,archie twitchell
25498,gaby hoffmann
25499,michael rooker
25500,leah messer
25501,isobel campbell
25502,ashin
25503,rasim öztekin
25504,melissa joan hart
25505,yuliya marchenko
25506,saravanan
25507,jojo
25508,jacob gregory
25509,benjamin green
25510,thomas whilley
25511,masaki miura
25512,kerem bürsin
25513,jordan beck
25514,meini cheung
25515,tyler young
25516,sondre sørheim
25517,joon-seo bang
25518,claudia traisac
25519,hunter clancey
25520,bibiana beglau
25521,raad rawi
25522,yuito obara
25523,tyler james williams
25524,fad anuar
25525,patrick tam
25526,harry melling
25527,raphael alejandro
25528,alfred bjerre larsen
25529,hideko okiyama
25530,geoff pierson
25531,drew davis
25532,dana delany
25533,jonathan good
25534,dai watanabe
25535,danny pudi
25536,narushi ikeda
25537,laird macintosh
25538,lou antonio
25539,indrans
25540,tracy letts
25541,kenny khoo
25542,yu xin-yan
25543,marian adochitei
25544,lee dong-wook
25545,nick hoff
25546,zane holtz
25547,chae soo-bin
25548,eva kuen
25549,surya saputra
25550,jaime camil
25551,churong fan
25552,shôko ikeda
25553,yûto uemura
25554,peter o'toole
25555,yôko asagami
25556,c.t. fletcher
25557,kjersti holmen
25558,cristian ortega
25559,jet li
25560,peter barrett
25561,stéfi celma
25562,césar mateo
25563,fulu mugovhani
25564,gabriel rush
25565,merle oberon
25566,suriya
25567,andrei enache
25568,ho-dong kang
25569,colin blumenau
25570,ennio morricone
25571,richard griffiths
25572,emile hirsch
25573,claudiu bleont
25574,tyler hynes
25575,miss pooja
25576,finn wolfhard
25577,anne sofie espersen
25578,sam wanamaker
25579,elle-máijá tailfeathers
25580,benjamin sadler
25581,fockeline ouwerkerk
25582,robert mccollum
25583,nazmi kirik
25584,el dasa
25585,malcolm matthews
25586,kishore kumar g.
25587,mariana kroftova
25588,sullivan loyez
25589,norman reedus
25590,yeri han
25591,haruka kudo
25592,irene walsh
25593,elisa donovan
25594,ashok kumar
25595,mohanlal
25596,jamie clayton
25597,ingvar sigurdsson
25598,miyu honda
25599,myeong-cheol shin
25600,arafah rianti
25601,mariela garriga
25602,alicia dupuis
25603,virginie ledoyen
25604,tituss burgess
25605,michael vlamis
25606,yo-landi visser
25607,maría de nati
25608,juliette cardinski
25609,shun nishime
25610,matt hoverman
25611,susan stroman
25612,judi dench
25613,maría izquierdo
25614,beverley mitchell
25615,leonie tepe
25616,alisha seaton
25617,gülsen özbakan
25618,rodrigo simón
25619,dean geyer
25620,hannah emily anderson
25621,michael bell
25622,hays wellford
25623,nicholas tucci
25624,ian mongrain
25625,amy price
25626,irshaad ally
25627,jordi alba
25628,amanda schull
25629,slimane dazi
25630,gilad kahana
25631,asha kenyeri bermudez
25632,mitchel musso
25633,shankar ramakrishnan
25634,uhm junghwa
25635,yoo-ri kim
25636,narikun ketprapakorn
25637,mickey sumner
25638,dheya abdulkhaleq
25639,ravel andrade
25640,reiko dan
25641,adem atbas
25642,betty dodson
25643,russel lucas
25644,pablo echarri
25645,kai wiesinger
25646,arpit chaudhary
25647,natalia cebanu
25648,laurent pakihivatau
25649,nina dobrev
25650,priscila alcântera
25651,joe chen
25652,jessica stroup
25653,dan aaron ramnarong
25654,griffin freeman
25655,kôichi hashimoto
25656,xiao-yu lu
25657,augustus prew
25658,becky g
25659,fahad albutairi
25660,hye eun lee
25661,eduardo ibarrola
25662,jane alexander
25663,monica maughan
25664,shen chan
25665,dick johnson
25666,hannah raanes-holm
25667,daniel henney
25668,karl davies
25669,takao handa
25670,frankie muniz
25671,konkona sen sharma
25672,sandy martin
25673,ryôko nakano
25674,salman shahid
25675,g.v. prakash kumar
25676,grégory montel
25677,rawia elchab
25678,michael daingerfield
25679,sean haberle
25680,cathy baron
25681,dragon
25682,diane fleri
25683,jack neo
25684,kendra mylnechuk
25685,jamie mcleod-ross
25686,john ashton
25687,jeff cohen
25688,henry thia
25689,kevin connolly
25690,joyce case
25691,cameron arnett
25692,ramesh thilak
25693,mikaele tuugahala
25694,liza wilk
25695,tye sheridan
25696,jo pratta
25697,amr saad
25698,maria luísa mendonça
25699,skylar astin
25700,moon ji-in
25701,julie grundtvig wester
25702,jim mcmanus
25703,mary lynn rajskub
25704,elinor vanderburg
25705,diana staehly
25706,adam brooks
25707,karena ng
25708,guilherme fontes
25709,esther blankenhagel
25710,xiao guo
25711,mariana xavier
25712,claudio santamaria
25713,philippe uchan
25714,genevieve nnaji
25715,martin kove
25716,sora amamiya
25717,niki walia
25718,eunice cho
25719,vanessa bell calloway
25720,eleanor noble
25721,whittni wright
25722,sarah hyland
25723,embeth davidtz
25724,xabiani ponce de león
25725,kyle igneczi
25726,robert pine
25727,sibulele gcilitshana
25728,hye-kyo song
25729,emilio graziani-walter
25730,brandon mcinnis
25731,lena schömann
25732,quincy jones
25733,joshua r. outzen
25734,eva laurenssen
25735,aparna sharma
25736,alessio bonaffini
25737,alex harries
25738,sophia loren
25739,supriya pathak
25740,xanthe huynh
25741,erasmo carlos
25742,frank bruni
25743,chizuru ikewaki
25744,elena campbell-martinez
25745,matthew mason
25746,nate bargatze
25747,helen hunt
25748,yves flores
25749,miki lee
25750,masakazu morita
25751,james reid
25752,jacques torres
25753,walter anaruk
25754,molly harmon
25755,vera vitali
25756,seema biswas
25757,billy barratt
25758,pattaratida patcharaveerapong
25759,jay gragnani
25760,cari champion
25761,heather donahue
25762,seymour cassel
25763,kang bong-sung
25764,chike chan
25765,melissa catalan
25766,andrea crosta
25767,kelly thornton
25768,kenji sakaguchi
25769,henry cavill
25770,rüya önal
25771,carey urban
25772,max holzboer
25773,vladimir garin
25774,xolani mali
25775,charlie plummer
25776,deepak dobriyal
25777,clémentine grenier
25778,risa taneda
25779,ariadna gil
25780,michael stuhlbarg
25781,julian ovenden
25782,morgan obenreder
25783,atthaphan phunsawat
25784,daniel ings
25785,spice girls
25786,joon go
25787,tibor szervét
25788,gô ayano
25789,greg vaughan
25790,debs howard
25791,kirill pirogov
25792,in-pyo cha
25793,frantisek rehák
25794,christian hoening
25795,hideaki takizawa
25796,boguslaw linda
25797,erik johansson
25798,dimitri 'vegas' thivaios
25799,clive standen
25800,brighton sharbino
25801,randolph thompson
25802,hirofumi araki
25803,abraham adesoye
25804,jack doroshow
25805,will more
25806,noriko fujita
25807,yun-ching li
25808,the kid mero
25809,dara singh
25810,ryland dodge
25811,tracy ann oberman
25812,mila de la garza
25813,tom kilgallon
25814,gene hackman
25815,david hyde pierce
25816,tim thomerson
25817,ricky schroder
25818,alin panc
25819,mithila palkar
25820,onur akgülgil
25821,ronald stewart
25822,donny damara
25823,gemma mcilhenny
25824,el mindo
25825,stacey depass
25826,izumi fujimoto
25827,elden henson
25828,jerry calà
25829,barbora bobulova
25830,patrick j. adams
25831,elizabeth debicki
25832,roselyne charles
25833,luke hemsworth
25834,nicola lama
25835,john cusack
25836,carmen villalobos
25837,ri-woo jang
25838,bohumil klepl
25839,edward albert
25840,elena kareva
25841,tosin cole
25842,goldenite
25843,darkiel
25844,peter mullan
25845,jing wong
25846,terrell fletcher
25847,david a.r. white
25848,deanna thompson
25849,adam hurtig
25850,ayaka takamoto
25851,ali wong
25852,geraldine hickey
25853,misato fukuen
25854,jimmy sheirgill
25855,tanapon sukhumpantanasan
25856,jere burns
25857,cristina sánchez pascual
25858,bettany hughes
25859,séverine morisot
25860,natalie hall
25861,elsie kelly
25862,jorge bosch
25863,nikola cechová
25864,berta vázquez
25865,peter davidson
25866,stephanie cayo
25867,mohamed elareef
25868,francesco migliore
25869,jeffrey ho
25870,olivier chantreau
25871,miyu irino
25872,florence kastriner
25873,hae-hyo kwon
25874,sanam saeed
25875,abhishek bharate
25876,yolande moreau
25877,franco méndez
25878,josh heisler
25879,ross butler
25880,keston john
25881,francesca cavallin
25882,jeannette sauksteliskis
25883,dani chambers
25884,natasha liu bordizzo
25885,lu huang
25886,wendy makkena
25887,yui aragaki
25888,tom rodriguez
25889,henry silva
25890,david rudolf
25891,karel dobrý
25892,mauricio dayub
25893,shi-yoon yoon
25894,falon joslyn
25895,muhammad abdulhamid
25896,nick cassavetes
25897,jan kooijman
25898,mohammed farah
25899,hans werner meyer
25900,ashraf abdulfadhil
25901,chris ayres
25902,d.c. douglas
25903,theo von
25904,devan key
25905,naoto takenaka
25906,takanori iwata
25907,nick frost
25908,evelyn castro
25909,chanikarn tangabodi
25910,kathy bates
25911,addison timlin
25912,kaiora tipene
25913,lyric lewis
25914,maizura
25915,adam marcello
25916,addison holley
25917,anika noni rose
25918,rose abdoo
25919,ross bagdasarian jr.
25920,benjie nycum
25921,marika lagercrantz
25922,umut kurt
25923,sarunyu wongkrachang
25924,affion crockett
25925,alex man
25926,dileep rao
25927,lan qin
25928,owen kline
25929,jayde adams
25930,élodie chérie
25931,etsushi toyokawa
25932,kirk barker
25933,david wayne
25934,didem atlihan
25935,michel beaudry
25936,kenji utsumi
25937,qing xu
25938,daniel diemer
25939,amedeo nazzari
25940,kuniteru shigeyama
25941,victoria clare
25942,sean pietrulewicz
25943,tucker albrizzi
25944,stefano antonucci
25945,alexander koch
25946,lee jung-hyun
25947,wil wheaton
25948,abby donnelly
25949,saiyami kher
25950,ruth bird
25951,steve kratz
25952,lorenzo ausilia-foret
25953,daniel ezra
25954,geneviève doang
25955,scott wilson
25956,pawel brzozowski
25957,lee seung-gi
25958,steve kramer
25959,kitty winn
25960,óscar torres
25961,clarisse abujamra
25962,rashmika mandanna
25963,yong you
25964,kevin esvelt
25965,cortez chappell
25966,davina kevelson
25967,slim twig
25968,ajay friese
25969,lehasa moloi
25970,gang-eun kim
25971,oxana moravec
25972,deray davis
25973,camilla hammerich
25974,omi minami
25975,yeliz akkaya
25976,anna ciocchetti
25977,kimito totani
25978,jake johnson
25979,erik hayser
25980,megumi kagurazaka
25981,annabelle dexter-jones
25982,neung-mi nam
25983,rie tomosaka
25984,yûki takada
25985,marthe keller
25986,tad hilgenbrink
25987,joel marsh garland
25988,firy beuk
25989,willow shields
25990,adrian titieni
25991,ray charles
25992,gunnar sjöberg
25993,bridget everett
25994,neetu chandra
25995,mugdha godse
25996,zoe margaret colletti
25997,sameera reddy
25998,saskia portway
25999,ken yasuda
26000,brian regan
26001,florin calinescu
26002,ken christiansen
26003,marcel musters
26004,peggy vrijens
26005,barbora poláková
26006,danny cevallos
26007,katherine escobar farfan
26008,marlon wayans
26009,ronan summers
26010,sakyiwaa baah
26011,andrew rannells
26012,jafta mamabolo
26013,indrasish roy
26014,césar troncoso
26015,crystal monee hall
26016,johan glans
26017,jottapê carvalho
26018,tsuyoshi ujiki
26019,sofia scarpa saldanha
26020,josé luis gómez
26021,genevieve hegney
26022,rob shehadie
26023,yuka
26024,pattarasaya kreuasuwansri
26025,ike barinholtz
26026,ryan irving
26027,julio milostich
26028,jaime pressly
26029,countess vaughn
26030,shelley thompson
26031,paulina chapko
26032,viktor bogushevich
26033,mahiru konno
26034,michael che
26035,stefano de filippis
26036,burak yörük
26037,jirí machácek
26038,hai mao
26039,rachel braunschweig
26040,desmin borges
26041,joy behar
26042,rossy de palma
26043,mark stanley
26044,takehiro hira
26045,abdur-rahman muhammad
26046,chantalle ng
26047,cedric henquez
26048,mahito tsujimura
26049,bhavna mali
26050,melvin sia
26051,bill nighy
26052,ronnie coleman
26053,pornchai hongrattanaporn
26054,john t. reynolds
26055,alexis g. zall
26056,mel giedroyc
26057,jackie sandler
26058,michael ironside
26059,noriko hamada
26060,mawar eva de jongh
26061,chantavit dhanasevi
26062,paul hogan
26063,paul walter hauser
26064,john p. ryan
26065,teresa wright
26066,lucille ball
26067,titos menchaca
26068,yasuko matsuyuki
26069,blair carrizales
26070,olivia deeble
26071,steve tran
26072,matheus nachtergaele
26073,marc ruchmann
26074,nina kurup
26075,jim anderton
26076,john hasler
26077,cezary lukaszewicz
26078,erkan erten
26079,aldona struzik
26080,randy jackson
26081,darin olien
26082,natalia dominguez
26083,nigel hamilton
26084,cochin hanifa
26085,hakan altiner
26086,aydemir akbas
26087,burak yigit
26088,maria sid
26089,mary alice
26090,rapulana seiphemo
26091,ivo nandi
26092,joavany alvarez
26093,hsiao-chuan chang
26094,robert beltran
26095,olivia cooke
26096,win morisaki
26097,sarah gadon
26098,carme elias
26099,susan morrison
26100,hassan slaby
26101,seung-hyeon ji
26102,raqesh bapat
26103,chino darín
26104,cynthea mercado
26105,christoffer nordenrot
26106,murray hamilton
26107,zhao zuo
26108,leila harrison
26109,je-mun yun
26110,morgan berry
26111,juan alfonso baptista
26112,na-ra lee
26113,ellie cornell
26114,dan sissons
26115,selim bayraktar
26116,bhushan vikas
26117,david kross
26118,thekla reuten
26119,shûichirô moriyama
26120,martin luther king
26121,mel b
26122,davina leonard
26123,bertie ahern
26124,marco dapper
26125,samy naceri
26126,silvia d'amico
26127,ying-ying hui
26128,sayumi suzushiro
26129,seth green
26130,lars eidinger
26131,jan broberg
26132,dhanush
26133,jeff pierre
26134,tim minchin
26135,adam rothenberg
26136,jim jefferies
26137,salma malhas
26138,dong-won gang
26139,erdal besikçioglu
26140,matthew modine
26141,michel gohou
26142,kenta uchino
26143,gérard rinaldi
26144,mandisa nduna
26145,tikriti shabudin
26146,sydelle noel
26147,peter andersson
26148,pascal benezech
26149,klara bielawka
26150,malcolm mcdowell
26151,denise capezza
26152,lorna cepeda
26153,doyin abiola
26154,thembisa mdoda
26155,chelsey reist
26156,karen drury
26157,devi couzigou
26158,horatiu malaele
26159,megan montaner
26160,dawei shen
26161,skippy d
26162,xan cejudo
26163,robin boissevain
26164,luc longley
26165,mika boorem
26166,coline preher
26167,sinziana nicola
26168,ellise chappell
26169,claudio gioè
26170,sadiq daba
26171,evan strong
26172,daniël arends
26173,jely reategui
26174,irena violette
26175,sascha zacharias
26176,soha ali khan
26177,bak yoon
26178,jimmy brogan
26179,vivian chen
26180,arturo mari
26181,coyuco
26182,caleb goh
26183,norma angélica
26184,dani alves
26185,marie-josée croze
26186,csongor szalay
26187,davin orness
26188,abby ryder fortson
26189,krzysztof kowalewski
26190,in-gi jeong
26191,waad al-kateab
26192,shredha rajagopalan
26193,larenz tate
26194,elias schwarz
26195,helen mccrory
26196,colm hill
26197,claude brasseur
26198,bo-cheung chan
26199,ryo fujimoto
26200,martha stewart
26201,david gulpilil
26202,masoom shankar
26203,raegan bernard
26204,arthur q. bryan
26205,larke miller
26206,naveen waqar
26207,jo jae-yoon
26208,sumeet raghvan
26209,jitendra joshi
26210,ansiba
26211,odiseas georgiadis
26212,kirsten dunst
26213,tom schilling
26214,brady corbet
26215,marquesha babers
26216,aylin kontante
26217,david mitchell
26218,yûzô kayama
26219,lucie boujenah
26220,juanita de villiers
26221,christian navarro
26222,ari eldjárn
26223,jung kyung-ho
26224,ferdi sancar
26225,ayumu murase
26226,yôichi masukawa
26227,georgia tennant
26228,maitreyi ramakrishnan
26229,roza khayrullina
26230,claudette hamlin
26231,hikaru midorikawa
26232,lyna khoudri
26233,marie zielcke
26234,shûgo oshinari
26235,kate atkinson
26236,ibrahim ferrer
26237,yu-xuan wang
26238,dan payne
26239,yixin tang
26240,adrian bouchet
26241,arturo castro
26242,katarzyna zielinska
26243,faith wladyka
26244,jean-claude van damme
26245,agnieszka sitek
26246,grace lynn kung
26247,guillermo iván
26248,ian loghan-swagger
26249,sarah alles
26250,radoslav brzobohatý
26251,kenzie o'day
26252,drena de niro
26253,danna paola
26254,mauri heikkilä
26255,latrice byrd
26256,jing wu
26257,sameksha
26258,preston lacy
26259,rodrigo sánchez patiño
26260,pijaya vachajitpan
26261,james 'bily' petit frère
26262,laura horvath
26263,duncan fellows
26264,marta hradílková
26265,cecilia roth
26266,victoria diamond
26267,alencier ley lopez
26268,catherine kellner
26269,varman chandramohan
26270,pat carroll
26271,aiden mcgeady
26272,lilian regina
26273,keith scott
26274,alain chabat
26275,jace norman
26276,rose liston
26277,tony ramos
26278,waldo urrego
26279,rob huebel
26280,ingrid isensee
26281,jennifer aniston
26282,houko kuwashima
26283,kurt wolfe
26284,shafiq isa
26285,pamela mendoza
26286,maeshni naicker
26287,zoltán mezei
26288,alisdair simpson
26289,ezra miller
26290,eric lager
26291,kim
26292,peter barfield
26293,rosa maria sardà
26294,ian wright
26295,lizabeth scott
26296,alex veadov
26297,vera ephraim
26298,jung-shik bae
26299,damon j. gillespie
26300,katie gaffigan
26301,otoja abit
26302,francesco acquaroli
26303,keara graves
26304,yuichi nakamura
26305,na-eun son
26306,kazunari ninomiya
26307,sophie alexander-katz
26308,adelaide kane
26309,johann dionnet
26310,piers taylor
26311,eric kalver
26312,jack doolan
26313,casey crow
26314,aaron yoo
26315,sergio acosta
26316,joséphine lebas-joly
26317,mikkel arndt
26318,michel perron
26319,mahmoud abdulmoghni
26320,cyril raffaelli
26321,erni singerl
26322,benjamin hollingsworth
26323,frank hvam
26324,paolo vaccarino
26325,vítezslav jandák
26326,sandrine bonnaire
26327,abdalla bu abed
26328,haet-sal jang
26329,jeremy gaddie
26330,jude akuwudike
26331,rakesh bedi
26332,maria bock
26333,brian beacock
26334,honami suzuki
26335,shôno hayama
26336,dolly minhas
26337,stephen fung
26338,mami emen
26339,susan swift
26340,jung hae-in
26341,serge riaboukine
26342,hamilton dlamini
26343,harbhajan mann
26344,chiara schoras
26345,jonathan rhys meyers
26346,meg mcclain
26347,ole thestrup
26348,moussa mansaly
26349,shenty felizaina
26350,chontida assawahem
26351,santiago lopera
26352,chris coy
26353,janet varney
26354,kahyun kim
26355,luisana lopilato
26356,yôichi nukumizu
26357,giovanni storti
26358,alexis kirschner
26359,tim ross
26360,alexander scheer
26361,vince vaughn
26362,jong-hak son
26363,nancy brilli
26364,jonathan chan-pensley
26365,andrew sabiston
26366,richard edlund
26367,samara lee
26368,robert de niro
26369,ken marino
26370,lothaire bluteau
26371,elliot lazar
26372,vivian chan
26373,cush jumbo
26374,sunsanee wattananukul
26375,edvard persson
26376,haruka imô
26377,minnie driver
26378,iwar wiklander
26379,gagan kokri
26380,sanchari vijay
26381,michael bolton
26382,ronnie alonte
26383,ross anderson
26384,choi jin-hyuk
26385,gabriel porras
26386,nihan aypolat
26387,marika hayashi
26388,john louie
26389,lee tae-hwan
26390,gigi suk yee wong
26391,hanna elffors elfström
26392,george meredith
26393,ivan franek
26394,nicholas murchie
26395,gagan arora
26396,sierra aylina mcclain
26397,russ tamblyn
26398,eun-su seo
26399,kashyap kapoor
26400,khosi ngema
26401,natalia vidal
26402,joon-won jung
26403,anna bankina
26404,rooney mara
26405,paul noonan
26406,fouad yammine
26407,cameron mitchell
26408,busarakam wongkamlao
26409,yuma uchida
26410,phil ryan
26411,hosea chanchez
26412,patryk swiderski
26413,kanji tsuda
26414,héctor colomé
26415,silvio muccino
26416,dario yazbek bernal
26417,siddharth shukla
26418,amanda chou
26419,bunga citra lestari
26420,satyadeep misra
26421,camila selser
26422,john branch
26423,marta hazas
26424,guglielmo pinelli
26425,kokona natsume
26426,yutong xie
26427,alexandre willaume
26428,rebecca massey
26429,lyudmila polupanova
26430,salehuddin abu bakar
26431,yuichi haba
26432,tasma walton
26433,kinaryosih
26434,kyle maclachlan
26435,dipannita sharma
26436,johnny flynn
26437,batsheva dance company
26438,jane wheeler
26439,megan follows
26440,brené brown
26441,murilo couto
26442,peter firth
26443,michael bearden
26444,nathalie odzierejko
26445,carlos oreiro
26446,mi-ran ra
26447,dan chupong
26448,love stenmarck
26449,yiliang huang
26450,emily robinson
26451,ayaka nanase
26452,karl-arne holmsten
26453,nyla masood
26454,daryle lamont jenkins
26455,boots riley
26456,connor lawrence
26457,toyin abraham
26458,emi shinohara
26459,oliver reed
26460,ellen greene
26461,ahu türkpençe
26462,fabian svegaard tapia
26463,karisma kapoor
26464,rainer bock
26465,saharat sangkapreecha
26466,ashley runyan
26467,sue yacka
26468,vivian bang
26469,katey sagal
26470,paolo bonacelli
26471,joseba yerro izaguirre
26472,natsumi fujiwara
26473,amanda reiman
26474,kaya scodelario
26475,vikas shukla
26476,josef zíma
26477,margaret whitton
26478,j.s. khairen
26479,justine ezarik
26480,santhosh keezhattoor
26481,paul bettany
26482,jessica chaffin
26483,plan b
26484,jason barry
26485,ji-yeon park
26486,carmelo anthony
26487,pepa charro
26488,vincenzo fabricino
26489,itzan escamilla
26490,ionel mihailescu
26491,uplaksh kochhar
26492,stuart sessions
26493,angélica celaya
26494,larry pennell
26495,sebahat adalar
26496,kevin mccloud
26497,hans-peter korff
26498,masaharu fukuyama
26499,tasha lawrence
26500,sylvia marriott
26501,spencer reinhard
26502,lucia de la garza
26503,thiago martins
26504,oscar aerts
26505,yasemin cetinkaya
26506,evan bittencourt
26507,viktor kruse palshøj
26508,shin se-kyung
26509,na rae park
26510,chasten harmon
26511,mike manning
26512,kieran culkin
26513,osas ighodaro
26514,juan david restrepo
26515,néstor guzzini
26516,marina inoue
26517,sus wilkins
26518,keidrich sellati
26519,david herman
26520,rachel grant
26521,marcus scribner
26522,ali rabi
26523,maksim matveev
26524,paolo andré
26525,ying qu
26526,luke jacobz
26527,jun fubuki
26528,jack fokkens
26529,jeffrey zekele
26530,shane mardjuki
26531,amelia henderson
26532,yong-joon ahn
26533,roxann dawson
26534,ben daon
26535,mary havranová
26536,andrey merzlikin
26537,dominique fishback
26538,nick latrenta
26539,sophie stuckey
26540,mary kate schellhardt
26541,craig foster
26542,rita pauls
26543,jake borelli
26544,mohsen mansour
26545,philip bolden
26546,gwénaël sommier
26547,catherine walker
26548,lotte verbeek
26549,cody hackman
26550,david bradley
26551,mona parks
26552,t.e. russell
26553,chee wai chan
26554,michael bodnar
26555,kriti sanon
26556,zoë bell
26557,bunta sugawara
26558,lee gyoo-ho
26559,manpreet bambra
26560,hermione norris
26561,ryô shinoda
26562,nick cheung
26563,christopher reeve
26564,mitsutaka itakura
26565,vladimír polívka
26566,kalled mustonen
26567,mako
26568,yash dholye
26569,emily emmersen
26570,saori ban
26571,melisa akman
26572,jessica de gouw
26573,regina cassandra
26574,guy marchand
26575,marcel anghelescu
26576,david suchet
26577,jean louisa kelly
26578,jes baker
26579,david andrews
26580,grey damon
26581,lars mikkelsen
26582,alinne moraes
26583,martin l. washington jr.
26584,mahie gill
26585,stephen wiesenfeld
26586,christopher kirby
26587,yeon-seo oh
26588,clarissa müller
26589,tom york
26590,ilanah cami-goursolas
26591,zara phythian
26592,vasile calofir
26593,jonathan bailey
26594,flavia bechara
26595,lies visschedijk
26596,richard green
26597,louis ferreira
26598,hee sun chung
26599,archie panjabi
26600,kim guk-hee
26601,bram flick
26602,luis callejo
26603,levente molnár
26604,billy brown
26605,monica ray
26606,anamaria marinca
26607,alexander ludwig
26608,kip andersen
26609,ray connolly
26610,alexandra bedford
26611,karim leklou
26612,vanesa gonzález
26613,zdzislaw wardejn
26614,alexandra apjarova
26615,evan peters
26616,sara sommerfeld
26617,zofia wichlacz
26618,tabu
26619,vibhawari deshpande
26620,anthony veneziale
26621,baoguo chen
26622,rikiya koyama
26623,ana coto
26624,jonathan samson
26625,elena kazan
26626,jan cornet
26627,majid michel
26628,ikumi hayama
26629,tatsuya gashûin
26630,dong-wook kim
26631,ariel rivera
26632,joseph izzo
26633,sarah perugia
26634,ryan bartley
26635,péter bárnai
26636,qing han
26637,patti sargent
26638,eric godon
26639,kate bornstein
26640,emiliano guerra
26641,alisa harris
26642,jeremy lindsay taylor
26643,paulina andreeva
26644,diego velazquez
26645,carter hastings
26646,nils lofgren
26647,stomy bugsy
26648,wil traval
26649,maricel laxa
26650,britt baron
26651,gérard lartigau
26652,kwak min-gyoo
26653,tim ivey
26654,richard crenna
26655,lyle lovett
26656,jermaine love
26657,alec kelly
26658,j. august richards
26659,stefan collier
26660,philip andrew
26661,peter a. luna
26662,declan hannigan
26663,garry shandling
26664,jackrin kungwankiatichai
26665,chloë grace moretz
26666,rez cortez
26667,kevin ardillova
26668,cezmi baskin
26669,suki waterhouse
26670,david zayas
26671,ronald sarcos
26672,anita linda
26673,michael peña
26674,teo yoo
26675,carlos álvarez-nóvoa
26676,penn badgley
26677,chris wang
26678,manjari fadnnis
26679,joseph ruskin
26680,barbara sarafian
26681,karl markovics
26682,karthi
26683,brianna daguanno
26684,kanwaljit singh
26685,heather bambrick
26686,mylène farmer
26687,melita jurisic
26688,meka srikanth
26689,michael teigen
26690,charlie heaton
26691,yoo je-yoon
26692,danny dyer
26693,jasleen singh
26694,eva g. cooper
26695,fernand rauzéna
26696,yeong-ae kim
26697,marcos palmeira
26698,doron bell
26699,kat feller
26700,niveditha prakasam
26701,hayley kiyoko
26702,maisa silva
26703,lucy worsley
26704,adriana ugarte
26705,andrea demetriades
26706,daniel olbrychski
26707,amiée conn
26708,david gallagher
26709,krzysztof globisz
26710,wei zhao
26711,song-ha yeon
26712,marina sirtis
26713,eric maclennan
26714,cem uçan
26715,ning ji
26716,alina serban
26717,andrew bachelor
26718,fionnuala jamison
26719,pabllo vittar
26720,tendaiishe chitima
26721,kunaal roy kapur
26722,ghyslaine lenoir
26723,sarah glass
26724,sasi kalinga
26725,ryan gaul
26726,jean-baptiste lafarge
26727,andres paul ramacho
26728,dina spybey-waters
26729,shelley taylor morgan
26730,nathan hunt
26731,lawrence gilliard jr.
26732,anton diffring
26733,jan budar
26734,donlaya mudcha
26735,oleksandr reshetilov
26736,cole konis
26737,aya wolf
26738,chuck berry
26739,ava preston
26740,vivian sung
26741,sarah emi bridcutt
26742,hao qin
26743,basil harris
26744,carmen bsaibes
26745,faras fatik
26746,nam tae hyun
26747,ila arun
26748,daisuke katô
26749,gwyneth paltrow
26750,nilam farooq
26751,linda de mol
26752,shingo tsurumi
26753,aina kusuda
26754,kerstin andersson
26755,maría león
26756,atilla sendil
26757,yusry abd halim
26758,joe cucinotti
26759,mehmet esen
26760,tony terraciano
26761,jarinporn joonkiat
26762,yarinda boonnak
26763,stefan ljungqvist
26764,yurika kubo
26765,peter sullivan
26766,susan boyd
26767,thomas adlam
26768,pauline collins
26769,darryl armbruster
26770,hasan husni
26771,humphrey bogart
26772,gary harrison
26773,diane kruger
26774,kyra sedgwick
26775,gia mantegna
26776,bella aboulhosn
26777,steven van zandt
26778,jackie sawiris
26779,reshma rajan
26780,georg nikoloff
26781,marie leuenberger
26782,helena bonham carter
26783,darren mann
26784,daniella down
26785,teresa gallagher
26786,benoît magimel
26787,nicky evans
26788,kim sungkyu
26789,henry ian cusick
26790,hyun been shin
26791,paul eilers
26792,peter facinelli
26793,andrea reimer
26794,henry douthwaite
26795,teresa budzisz-krzyzanowska
26796,gabriella desta
26797,celia imrie
26798,nikita dutta
26799,tahir raj bhasin
26800,jennie kim
26801,çagri büyüksayar
26802,max nattapol diloknawarit
26803,ben stiller
26804,vasan bala
26805,zezé motta
26806,rubén blades
26807,kym whitley
26808,federico castelluccio
26809,charles f. bolden jr.
26810,alicyn packard
26811,tsutomu takahashi
26812,kote tolordava
26813,isidro alvarez
26814,iman benson
26815,shaun j. brown
26816,angie ferro
26817,jarl kulle
26818,toototabon
26819,emily goss
26820,shin'ichi chiba
26821,danila kozlovsky
26822,dan russell
26823,mirtha macri
26824,poppy jabbal
26825,david p. smith
26826,miguel molina
26827,sayaka yamaguchi
26828,cody nicole
26829,chico
26830,kisetsu fujiwara
26831,bethany brown
26832,nican robinson
26833,will buxton
26834,james franco
26835,kevin sands
26836,alan chow
26837,pep ambròs
26838,nils brandt
26839,samantha phelps
26840,thomas dekker
26841,charles maynes
26842,joanne whalley
26843,melina abdullah
26844,hiroshi tamaki
26845,ramida jiranorraphat
26846,ella ballentine
26847,hisako kyôda
26848,parvathy ratheesh
26849,jenny philomena
26850,moran atias
26851,nikolaj groth
26852,in-hwan park
26853,christina applegate
26854,stephen torres
26855,filip brezina
26856,jason patrick
26857,ken'ichi takitô
26858,vladimír mensík
26859,noboru kaneko
26860,worapat chittkhaew
26861,johnny de mol
26862,shadab kamal
26863,ash tandon
26864,amiel cayo
26865,laeticia semaan
26866,sharon cuneta
26867,cherie chung
26868,pim wessels
26869,nabil eissa
26870,claudio casisa
26871,alberto quintero
26872,felix lobrecht
26873,robin tunney
26874,jamie draven
26875,kadambari kadam
26876,marta aledo
26877,lasse åberg
26878,andy lau
26879,jay chou
26880,gee sutthirak subvijitra
26881,gabriel c. brown
26882,corey hawkins
26883,rosemary scapicchio
26884,ayo makun
26885,ranjit bawa
26886,rick jones
26887,jessica alexander
26888,sister maría eufemia goycoechea
26889,michael taliferro
26890,glenn jacobs
26891,kiki omeili
26892,hugo van lawick
26893,mccaul lombardi
26894,zorie barber
26895,suliman eid
26896,dreama walker
26897,nükhet duru
26898,michael york
26899,lee j. cobb
26900,jamie seymour
26901,paul rugg
26902,ziyi meng
26903,michael angelis
26904,suvinder vicky
26905,brandon routh
26906,hassan hosny
26907,sissela kyle
26908,paul killam
26909,delores browne
26910,ga-in son
26911,ashly burch
26912,françoise yip
26913,ramona singer
26914,mark-paul gosselaar
26915,jun-han kim
26916,jeffrey ross
26917,thomas m. wright
26918,dami lee
26919,james donald
26920,tajja isen
26921,marie robertson
26922,jonathan cohen
26923,milan maric
26924,david garrett
26925,hanna kavli lund
26926,dmitrious bistrevsky
26927,nadine labaki
26928,jennifer lawrence
26929,david sant
26930,bukola oladipupo
26931,william beresford davies
26932,anna fischer
26933,yong-jun kim
26934,johnny lever
26935,yoshihiko hakamada
26936,aldo d'orrico
26937,shilpa shukla
26938,nadech kugimiya
26939,eric idle
26940,clotilde mollet
26941,lynsey pham
26942,marianne sauvage
26943,vicki lewis
26944,yaël abecassis
26945,thirawat ngosawang
26946,shizuyo yamasaki
26947,lance gray
26948,jeremy irons
26949,patricia vico
26950,alistair moulton black
26951,mariana lima
26952,cédric appietto
26953,jana brejchová
26954,frank bough
26955,lee da-wit
26956,anjishnu banerjee
26957,masayuki kusumi
26958,peter dickson
26959,candy lo
26960,sacha adams
26961,jessica maldonado
26962,helena norowicz
26963,tatsuya mihashi
26964,jamie campbell bower
26965,bouli lanners
26966,lawrence liu
26967,yû yokoyama
26968,michael palin
26969,harrison ford
26970,hannah gordon
26971,kim rosen
26972,lesley manville
26973,sylvester stallone
26974,tea wagner
26975,rick warner
26976,simon billig
26977,adèle exarchopoulos
26978,genelia d'souza
26979,gideon adlon
26980,justin theroux
26981,suparna marwah
26982,louise cardoso
26983,manit meekaewjaroen
26984,merrin dungey
26985,brittanie brant
26986,daniel connors
26987,james hamrick
26988,david ruprecht
26989,arkadiusz jakubik
26990,kjell bergqvist
26991,dax shepard
26992,tory mussett
26993,rana ranbir
26994,alejandro casaseca
26995,peeraphon senakhun
26996,alison faulk
26997,kyara uchida
26998,james van nostrand
26999,nobunaga shimazaki
27000,andy powers
27001,nicholas aaron
27002,jung-min park
27003,kiddy smile
27004,alan arkin
27005,natalie portman
27006,andrzej grabowski
27007,kyung-gu sol
27008,alejandro saab
27009,daniel macpherson
27010,ervin nagy
27011,terry murphy
27012,javier rey
27013,jayson blair
27014,monte greene
27015,bill frost
27016,mayim bialik
27017,justin duncan
27018,omar epps
27019,patrick mckenna
27020,bodil rosing
27021,martijn fischer
27022,adam brody
27023,ron ollie
27024,francesco quinn
27025,mathieu carrière
27026,david castañeda
27027,mena suvari
27028,gal amitai
27029,ziozio lim
27030,bryana salaz
27031,pui-san auyeung
27032,haruka fukuhara
27033,monsieur poulpe
27034,hunter kain
27035,amrita bagchi
27036,yôko ishino
27037,jeon jae yeong
27038,david foster
27039,andile gumbi
27040,vincenzo andreucci
27041,manimegalai
27042,ajay fry
27043,lisa martinek
27044,petchtai wongkamlao
27045,richard ian cox
27046,reece buttery
27047,azzedine alaïa
27048,brittany hudson
27049,anne brochet
27050,addison riecke
27051,jakob cedergren
27052,naomi scott
27053,saïd serrari
27054,dan j. johnson
27055,anna radwan
27056,carlos santos
27057,wei chai
27058,alexandra yastishock
27059,patrick baladi
27060,tomoyuki dan
27061,aamion goodwin
27062,nur fettahoglu
27063,bok-hwa baek
27064,devon gearhart
27065,rafaat hamzah
27066,arvind swamy
27067,danny mann
27068,donn lamkin
27069,souleymane seye ndiaye
27070,luise bähr
27071,rory grant
27072,kayden bryce
27073,amrish puri
27074,elena cotta
27075,macon blair
27076,ethan baird
27077,matt lee
27078,caroline dhavernas
27079,elaiza ikeda
27080,kay greidanus
27081,ladislav hampl
27082,martina eitner-acheampong
27083,susan roman
27084,arata iura
27085,prabhu deva
27086,jocelyn quivrin
27087,david maldonado
27088,simone kessell
27089,sommore
27090,alexandru potocean
27091,michael bailey smith
27092,hanna longo
27093,james smith
27094,caitlynne medrek
27095,karma meyer
27096,landon mcdonald
27097,eleanor stagg
27098,max mittelman
27099,william fichtner
27100,maite perroni
27101,matt nable
27102,kirstie alley
27103,kitty o'beirne
27104,macy drouin
27105,tawan vihokratana
27106,kayode ewumi
27107,lilith stangenberg
27108,jason chad roth
27109,emma dumont
27110,sean patrick flanery
27111,wilson lam
27112,jonathan whitesell
27113,malgorzata rozniatowska
27114,gwang jang
27115,andrew ackerman
27116,asana alhassan
27117,mariana bebeselia
27118,pauline yeung
27119,judah friedlander
27120,tim mcgrath
27121,minako kotobuki
27122,phyllis haver
27123,hong nae lee
27124,lara dutta
27125,shanika cole
27126,cheronna ng
27127,gerard catus
27128,aleksandra bortich
27129,vaibhav reddy
27130,marina de tavira
27131,troilo
27132,adam garcia
27133,kenna pickard
27134,déborah vidret
27135,jed dy
27136,roger tréville
27137,makenzie moss
27138,william moseley
27139,noriko shitaya
27140,rutger hauer
27141,honglei sun
27142,alex pettyfer
27143,elaine loh
27144,sippy gill
27145,szymon piotr warszawski
27146,gina gershon
27147,ifu ennada
27148,rick lagina
27149,patrick pei-hsu lee
27150,anais lee
27151,vedhika
27152,yô inoue
27153,marimar vega
27154,romola garai
27155,roshan mathew
27156,roger lloyd pack
27157,wachirawit ruangwiwat
27158,vernetta lopez
27159,izzy g.
27160,sumire uesaka
27161,ania bukstein
27162,jin akanishi
27163,maki carousel
27164,brás antunes
27165,theresa frostad eggesbø
27166,herjunot ali
27167,yeong-ran lee
27168,lew temple
27169,kevin michael richardson
27170,ian macdougall
27171,elio germano
27172,dany david
27173,xand van tulleken
27174,mark leonard winter
27175,uzo aduba
27176,lika kavzharadze
27177,jon kohler
27178,zachary david cope
27179,mie kitahara
27180,sterling k. brown
27181,rob curling
27182,olga segura
27183,morgan oey
27184,corinne griffith
27185,skyler gisondo
27186,vikram kochhar
27187,priscilla c. shirer
27188,greta jameson
27189,noriko hidaka
27190,ebonie marie
27191,gabriel almirón
27192,janice fan
27193,flavio insinna
27194,steef cuijpers
27195,aparna shewakramani
27196,john witherspoon
27197,yeo-jin choi
27198,orion acaba
27199,naisha arora
27200,peter wight
27201,parisa fitz-henley
27202,mario ramírez
27203,anita lukmance
27204,denise newman
27205,ll cool j
27206,tomoya maeno
27207,jin hiramaki
27208,anke engelke
27209,lil woods
27210,huriyah farghali
27211,mandira bedi
27212,jharrel jerome
27213,dana hill
27214,naohito fujiki
27215,joey d'auria
27216,danica curcic
27217,ye-ryeon cha
27218,dorien davies
27219,jean-pierre marielle
27220,junko takeuchi
27221,michael brons
27222,julia goldani telles
27223,rina chinen
27224,ingrid guimarães
27225,theresa poh lin chan
27226,joe mantello
27227,joachim król
27228,rei dan
27229,hank azaria
27230,munetaka aoki
27231,clementine cowell
27232,axel stein
27233,luca lionello
27234,suttinut uengtrakul
27235,tyler jacob moore
27236,yu ha
27237,urwa hocane
27238,jeff perry
27239,jae-wook lee
27240,yûya yagira
27241,terry crews
27242,olivia molina
27243,nicholas hope
27244,rita cadillac
27245,hulk hogan
27246,durgaprasad k
27247,burak satibol
27248,meng zhang
27249,josef hader
27250,neshma chemburkar
27251,jeffery a. baker
27252,diogo morgado
27253,andrew robinson
27254,kai wang
27255,marco gumabao
27256,brit gülland
27257,hiroya shimizu
27258,guillaume bouchède
27259,tony sun
27260,maria simona arsu
27261,ludovica martino
27262,larisa oleynik
27263,olivia wilde
27264,jeremy sisto
27265,kevin jorgeson
27266,dale midkiff
27267,damian lau
27268,herbert a. fuchs
27269,tuba büyüküstün
27270,danny webb
27271,jennifer grey
27272,anthony piccininni
27273,mónica aragón
27274,jaimi paige
27275,gonzalo cubero
27276,harsh chhaya
27277,eman abdelaziz
27278,michael dolan
27279,deepti pujari
27280,tigmanshu dhulia
27281,craig berry
27282,ge an
27283,felecia angelle
27284,anders baasmo christiansen
27285,shannon purser
27286,kevin mark marghese
27287,pirat nipitpaisalkul
27288,denis mukwege mukengere
27289,madeleine coghlan
27290,jin-young park
27291,ray neville
27292,cake-baly marcelo
27293,chance perdomo
27294,colin ford
27295,brian tyler
27296,keith powers
27297,david milchard
27298,ion sapdaru
27299,pei-pei cheng
27300,alison bell
27301,kiran malik
27302,settar tanriögen
27303,george carlin
27304,carmen lebbos
27305,deah tandon
27306,keisuke koide
27307,rebecca lim
27308,christian tramitz
27309,clint bickham
27310,hee-ra kim
27311,dennis dun
27312,christian vasquez
27313,edyta olszówka
27314,lil rel howery
27315,j.k. simmons
27316,enno trebs
27317,pelin acar
27318,yûko takeuchi
27319,margarita levieva
27320,dominika kluzniak
27321,julia deakin
27322,jorge perugorría
27323,tony miyambo
27324,chloe williamson
27325,ukyô matsumoto
27326,mary tyler moore
27327,sameer kochhar
27328,phil taggart
27329,dimitri diatchenko
27330,matthew pilachowski
27331,ralph nader
27332,ditte gråbøl
27333,isa danieli
27334,bruno du bois
27335,erin krakow
27336,masao yoshii
27337,alejandro aguilar
27338,hiroyuki miyasako
27339,faraz ansari
27340,ivan urgant
27341,gô morita
27342,ana maria guran
27343,allison roddan
27344,mbulelo grootboom
27345,pawel królikowski
27346,michael shanks
27347,matthew yang king
27348,yudhveer bakoliya
27349,omid djalili
27350,fionnula flanagan
27351,sigourney weaver
27352,willie watson
27353,bill barretta
27354,claude rich
27355,felix roco
27356,rin-ah shin
27357,jérôme commandeur
27358,shelby young
27359,vincent ebrahim
27360,medi sadoun
27361,jana stryková
27362,joshua satine
27363,kyle gallner
27364,mei satô
27365,álex gonzález
27366,julian barratt
27367,tetsuji tamayama
27368,charlie schlatter
27369,alejandra howard
27370,alice lau
27371,henrik dahl
27372,caleb emery
27373,dayton callie
27374,michaela watkins
27375,charles coleman
27376,parker egerton
27377,barbara nedeljakova
27378,kane kosugi
27379,marcelo serrado
27380,trezzo mahoro
27381,nicolas bedos
27382,nicolas vaporidis
27383,sarah troyer
27384,sebastián aguirre
27385,nathaniel andalis
27386,luyi zhang
27387,lucas jade zumann
27388,vanessa paradis
27389,tadayoshi ohkura
27390,lady gaga
27391,kevin janssens
27392,arun mukherjee
27393,caleb brown
27394,mark taylor
27395,christopher evan welch
27396,ale
27397,philip marlatt
27398,miah madden
27399,john carradine
27400,tomasz borkowski
27401,tiffany mack
27402,soliman cruz
27403,nimrat kaur
27404,vivian lai
27405,ettuhfi abdellatif
27406,elizabeth ashley
27407,mónika balsai
27408,clayton rohner
27409,leigh kelly
27410,dominique ansel
27411,john pankow
27412,jasmine spivey
27413,furkan turan
27414,om puri
27415,smita shewale
27416,farrah fawcett
27417,adil hussain
27418,wesley snipes
27419,gigi reder
27420,chiara mastroianni
27421,will smith
27422,nina simone
27423,cara theobold
27424,nikee warren
27425,bim adewunmi
27426,ross nathan
27427,james caan
27428,igor grabuzov
27429,hozumi gôda
27430,amrita rao
27431,min-a jeong
27432,kana asumi
27433,kuan-lin lai
27434,nikki reed
27435,justin bieber
27436,dan barto
27437,edlison manuel olbera núñez
27438,gil birmingham
27439,andrea drahota
27440,iori nomizu
27441,candace cameron bure
27442,lex lang
27443,lucas jaye
27444,sabrina nonata
27445,anthony pulcini
27446,sunny suljic
27447,sarah hampson
27448,reo sano
27449,ross partridge
27450,zion clark
27451,bono
27452,saskia rosendahl
27453,chris d'elia
27454,jakub koucký
27455,nino den brave
27456,jennifer antony
27457,kagiso kuypers
27458,charles gérard
27459,mark stoddard
27460,giuliano mignini
27461,peerapol kijreunpiromsuk
27462,annie mcgovern
27463,max minghella
27464,hanna verboom
27465,abraham bresky
27466,mervat amin
27467,kyu-han lee
27468,breckin meyer
27469,michele riondino
27470,tess fowler
27471,roberto zibetti
27472,travis tope
27473,simon verhoeven
27474,ari barak
27475,iga mayr
27476,diane lane
27477,diether ocampo
27478,edoardo ponti
27479,guy loel
27480,carlotta antonelli
27481,kenneth collard
27482,ryley batt
27483,lindy davies
27484,anas abdul aziz
27485,tusshar kapoor
27486,robin meade
27487,jim o'brien
27488,marcela mar
27489,françois bureloup
27490,lisa hagmeister
27491,sardar sohi
27492,zoë tapper
27493,jon lovitz
27494,hee-ae kim
27495,osamu adachi
27496,lisa-marie koroll
27497,antonia campbell-hughes
27498,nesta cooper
27499,ichirôta miyakawa
27500,luciana falcón
27501,chapman to
27502,louison blivet
27503,su-hyeon kim
27504,robert gordon spencer
27505,nagore aranburu
27506,pearl mackie
27507,gillian harker
27508,carolina ferraz
27509,trimala adhikari
27510,andrei mateiu
27511,na-eun lee
27512,diana elizabeth torres
27513,gary lewis
27514,dave navarro
27515,teo briones
27516,brittany o'grady
27517,govinda
27518,dan aykroyd
27519,patrick forster-delmas
27520,leon lukas blaschke
27521,natalie palamides
27522,chintara sukapatana
27523,sabina rojková
27524,sarah felberbaum
27525,jesper asholt
27526,uma thurman
27527,luciana paes
27528,seána kerslake
27529,obba babatundé
27530,elliya lee
27531,sandi schultz
27532,verónica echegui
27533,grace park
27534,hidejiro mizumoto
27535,guy pearce
27536,tim allen
27537,akira ishida
27538,michael o'neill
27539,avery rodríguez
27540,florian bartholomäi
27541,jack anawak
27542,julie fain lawrence
27543,condoleezza rice
27544,nick searcy
27545,justin willman
27546,renée taylor
27547,billy ogan
27548,robbie magasiva
27549,yasuhito hida
27550,charles adams
27551,joey rasdien
27552,tom hughes
27553,tatsuya nakadai
27554,eliot salt
27555,robert duncan mcneill
27556,preston nyman
27557,jaturong mokjok
27558,xavier horan
27559,sophie bouquet
27560,john hollingworth
27561,kosuke toyohara
27562,kôji seto
27563,john pingayak
27564,shirley setia
27565,miriam dalmazio
27566,shawn roberts
27567,sam riley
27568,mariko okada
27569,ben barnes
27570,jonathan mangum
27571,cosmos lin
27572,misato aoyama
27573,omar benson miller
27574,andrea sartoretti
27575,anny duperey
27576,brooke markham
27577,shashank arora
27578,banky w.
27579,huyen chi
27580,eleio calascibetta
27581,zhuo tan
27582,tereza brodská
27583,shima ohnishi
27584,xiaogang feng
27585,velove vexia
27586,rodolphe pauly
27587,andres giraldo
27588,malgorzata bogdanska
27589,simon phillips
27590,benjamin walker
27591,terunosuke takezai
27592,david deluise
27593,rachid ferrache
27594,hiroaki mayama
27595,sara arjun
27596,erwin steinhauer
27597,laura clery
27598,evan rosado
27599,göran fritzson
27600,ahmed mekky
27601,aditi sharma
27602,william sadler
27603,glenda braganza
27604,jean-luc couchard
27605,piolo pascual
27606,drica moraes
27607,bülent emin yarar
27608,willy acosta
27609,mark strong
27610,celeste holsheimer
27611,moses lim
27612,young-geun hong
27613,péter benkö
27614,ciaron davies
27615,dania abu-rmaileh
27616,raluca aprodu
27617,zhe ahn
27618,monica keena
27619,raghu babu
27620,mohit chauhan
27621,dana vávrová
27622,seiji fukushi
27623,priti sapru walia
27624,claire margaret corlett
27625,sara shida
27626,bryan greenberg
27627,alex huff
27628,amith chakalakkal
27629,doug erholtz
27630,audrey clément
27631,octavian kaul
27632,courtney blythe turk
27633,rie yokoyama
27634,raaghavv chanana
27635,mai kadowaki
27636,shin'ya hamada
27637,rita pokk
27638,hilal azman
27639,paulo tiefenthaler
27640,jaeden noel
27641,chelsea handler
27642,david bowie
27643,michelle wolf
27644,jaden michael
27645,rohit sharma
27646,yuma iida
27647,mia kirshner
27648,ana maría henríquez
27649,john cullum
27650,brodie reed
27651,marco de la o
27652,adam greaves-neal
27653,gillian apter
27654,manuel garcia-rulfo
27655,amanda leonard
27656,mayar el gheity
27657,peter graves
27658,mini tsai
27659,deniz deha lostar
27660,francis magee
27661,sarah jane dias
27662,gyu-woon jung
27663,neil bell
27664,richard karn
27665,akhilendra mishra
27666,bob newhart
27667,lucinha araújo
27668,joo-yeon so
27669,mirie-marie shanks
27670,calum macgregor
27671,samer abdulrahim
27672,sean finkle
27673,jin-mo joo
27674,jin-ah kang
27675,miyuri shimabukuro
27676,jakub wesolowski
27677,wanida termthanaporn
27678,william do
27679,valeria bertuccelli
27680,roger griffiths
27681,arieh worthalter
27682,marsha timothy
27683,tohru adachi
27684,amanda ooms
27685,scott swift
27686,nigel bruce
27687,harman baweja
27688,debra jo rupp
27689,moritz bleibtreu
27690,kana hasegawa
27691,josé sefami
27692,rae dawn chong
27693,stephen shellen
27694,linda emond
27695,bingkun cao
27696,tom wisdom
27697,nihat alanur
27698,cameron seely
27699,cecily strong
27700,vicente romero
27701,harry stanton
27702,fabian halbig
27703,mathilda von essen
27704,goldie hawn
27705,benjamin engell
27706,chutima teepanat
27707,marcela alvarez
27708,luca marinelli
27709,jeon do-yeon
27710,katarzyna warnke
27711,brenda chan
27712,simon kindermans
27713,annie chen
27714,johanna bittenbinder
27715,elsa pataky
27716,andrea libman
27717,david gasman
27718,parvathy thiruvothu
27719,tsutomu isobe
27720,takahiro tamura
27721,timothy simons
27722,burkhard forstreuter
27723,kent s. leung
27724,jeanne brindeau
27725,daria widawska
27726,lucy walters
27727,sahana srinivasan
27728,tori ellen ross
27729,dave burrows
27730,leo orgil
27731,henry hübchen
27732,shi-hoo park
27733,jûrôta kosugi
27734,gayatri joshi
27735,min-woo no
27736,bailey gambertoglio
27737,numa perrier
27738,jennifer esposito
27739,amr abdulgalil
27740,verónica merchant
27741,niki albon
27742,nacho san josé
27743,rosie day
27744,bishop stevens
27745,eli roth
27746,chris anderson
27747,dana davis
27748,lucas zaffari
27749,diomid vinogradov
27750,michael buie
27751,leonard valestrand eike
27752,gianna jean
27753,kyle gass
27754,garry mcdonald
27755,lucille bliss
27756,ryô ryûsei
27757,alyson hannigan
27758,ato essandoh
27759,michal novotný
27760,bug hall
27761,karina ramil
27762,keith lucas
27763,jonathan groff
27764,fatin amira
27765,tatum dagelet
27766,tommy lewis
27767,chaz cable
27768,dani antunes
27769,byron mann
27770,tadanobu asano
27771,kholidi asadil alam
27772,ken miyake
27773,berto romero
27774,suresh bhagwat
27775,tomoko tabata
27776,maisie williams
27777,brian marc
27778,tony kushner
27779,michelle lehane
27780,paris berelc
27781,naveen chandra
27782,ramsey nouah
27783,matsuya onoe
27784,takashi kondô
27785,hyo-eun hwang
27786,ibrahim büyükak
27787,adil dehbi
27788,gerard horan
27789,clara gallo
27790,hae-joon park
27791,bülent ceylan
27792,william wai-ting chan
27793,morgan krantz
27794,tobie nathan
27795,matylda baczynska
27796,genki hirakata
27797,alexis nichols
27798,veda ann borg
27799,john connors
27800,ching wan lau
27801,ved rao
27802,ju-young lee
27803,richie jen
27804,wu bai
27805,chicco jerikho
27806,ryusuke komakine
27807,maggie ollerenshaw
27808,richard schiff
27809,tristan heanue
27810,laura main
27811,catrinel dumitrescu
27812,garrett m. brown
27813,alice parkinson
27814,jeremy irvine
27815,trey farley
27816,robb stech
27817,juli ashton
27818,tat-ming cheung
27819,seong-sik han
27820,bhoomika chawla
27821,fumino kimura
27822,dylan gelula
27823,beulah koale
27824,vanessa chong
27825,una merkel
27826,angela scott
27827,tom yi
27828,seong-oh kim
27829,marcel hensema
27830,samantha marie ware
27831,sizwe msutu
27832,isabela merced
27833,jose luis garcia campos
27834,theo morrissey
27835,graziella galvani
27836,dev patel
27837,ellisa walker-reid
27838,józef pawlowski
27839,franco-giacomo carbone
27840,andrás faragó
27841,humberto fuentes
27842,sofia boutella
27843,nina hellman
27844,steven robertson
27845,lex cassar
27846,bryan craig
27847,luis aguirre
27848,manuel busquets
27849,morgana van peebles
27850,priyamani
27851,andrés velencoso
27852,moon choi
27853,yi shin
27854,terry jones
27855,patrick doyle
27856,reiss jeram
27857,shin ae moon
27858,femi adebayo
27859,jens okking
27860,massimo bonetti
27861,nitit warayanon
27862,cecelia ann birt
27863,kaisei kamimura
27864,jason bonham
27865,jang ki-yong
27866,james spader
27867,luc schiltz
27868,martina gedeck
27869,lieke van lexmond
27870,amanda kearsan
27871,ryan o'neal
27872,trieve blackwood-cambridge
27873,jenna warren
27874,catalin bordea
27875,rehal khan
27876,khalid farah
27877,dharmajan bolgatty
27878,sanjay suri
27879,kim min joon
27880,vincent rodriguez iii
27881,mathieu demy
27882,sam concepcion
27883,wei-de huang
27884,barbara hewitt
27885,andrew lincoln
27886,ahmet ozarslan
27887,makoto miyagawa
27888,kumiko endô
27889,ainy jaffri
27890,murat akkoyunlu
27891,rose byrne
27892,shimako iwai
27893,paul octavian diaconescu
27894,shin takuma
27895,ken kirzinger
27896,fridtjof tangen
27897,christian kain blackburn
27898,gaetano bruno
27899,henning baum
27900,christopher corey smith
27901,fredrik kempe
27902,jordi vilches
27903,chemeeka walker
27904,lee jang-woo
27905,tomomi itano
27906,nikki deloach
27907,milena vukotic
27908,jordan poole
27909,riki lindhome
27910,zsolt nagy
27911,ulf palme
27912,racquel belmonte
27913,amiko kauderer
27914,boa
27915,cori gonzalez-macuer
27916,shelley calene-black
27917,greg gilowey
27918,teddy chen
27919,ramdane aala
27920,michael mobley
27921,eduardo blanco
27922,bojack horseman
27923,teun batenburg
27924,kim biddle
27925,tiara huang
27926,craig parkinson
27927,semra turan
27928,christina marie kelly
27929,holly anderson
27930,maureen stapleton
27931,grady lee richmond
27932,enrique gil
27933,angela dippe
27934,ales vasícek
27935,michael nierse
27936,helena johnson
27937,charlotte hope
27938,laura schichvarger
27939,arnold reyes
27940,richard pryor
27941,paul le mat
27942,quvenzhané wallis
27943,asser yassin
27944,harpo marx
27945,kelli byers
27946,briana skye
27947,kirby johnson
27948,naomie harris
27949,eric heister
27950,maja ostaszewska
27951,anna grycewicz
27952,claude mérelle
27953,tom hardy
27954,vanessa hudgens
27955,anamitra roy
27956,izabella scorupco
27957,lindsay hartley
27958,elisa sednaoui
27959,hedy bohm
27960,anton lesser
27961,jacob vargas
27962,martin roach
27963,sasha pieterse
27964,patricia heaton
27965,laurent lucas
27966,hanna mangan lawrence
27967,seth meyers
27968,mohd syafie naswip
27969,jun hashizume
27970,alicia berruti
27971,piotr krasko
27972,ceren moray
27973,francesca annis
27974,alex cazares
27975,evan bass
27976,melis babadag
27977,junichi gamou
27978,federico luppi
27979,paulina goto
27980,birgitte hjort sørensen
27981,michael a. nickles
27982,bill hader
27983,daniela bobadilla
27984,deborah czeresko
27985,danai jarujinda
27986,gulnaaz khan
27987,per ragnar
27988,paul anka
27989,marieve herington
27990,john boockvar
27991,alvina august
27992,melissa leo
27993,tommie earl jenkins
27994,luciana littizzetto
27995,marina vasileva
27996,laura bach
27997,vinay pathak
27998,valentina cervi
27999,brendee green
28000,aron lindgren
28001,uki satake
28002,molly picon
28003,robert deacon
28004,mirella pascual
28005,frank malaba
28006,joseph fiennes
28007,marisa ramirez
28008,mindee ong
28009,mads sjøgård pettersen
28010,brian quinn
28011,caroline semple
28012,dau dayal bansal
28013,dawei tong
28014,robert allen
28015,jesús zavala
28016,mark cole
28017,john chase
28018,sophia siddique harvey
28019,sarah habel
28020,richard jaeckel
28021,crispin glover
28022,kim byeong-ok
28023,eun-soo shin
28024,fredrik hallgren
28025,anton lundqvist
28026,igor jijikine
28027,yeong-sik song
28028,zuzana krónerová
28029,kim ah-jung
28030,rajia baroudi
28031,priyanka sarkar
28032,roosmarijn van der hoek
28033,huang qian shuo
28034,zuzanna pawlak
28035,pieter derks
28036,jack klaff
28037,bahareh rahnama
28038,frank salerno
28039,ia sukhitashvili
28040,trombone shorty
28041,hassan brijany
28042,kaoru kobayashi
28043,barbara hershey
28044,roman gancarczyk
28045,melissa holroyd
28046,michelle pfeiffer
28047,lorie-lanie shanks
28048,zerrin sümer
28049,jung dong-hwan
28050,jessica cavanagh
28051,lambert wilson
28052,tyler barish
28053,peter dobson
28054,benedict glöckle
28055,yûko ôshima
28056,olivia ruiz
28057,tara fitzgerald
28058,julie fulton
28059,katerina klausová
28060,luis bermejo
28061,chete lera
28062,hee-won kim
28063,jørgen langhelle
28064,lesley young
28065,oliver wnuk
28066,eva fritjofson
28067,eiichirô funakoshi
28068,khanyi mbau
28069,james russell
28070,kal naga
28071,bianca fabré
28072,sibylla deen
28073,eun-kyung shim
28074,wen-you cai
28075,elizabeth henstridge
28076,jeté laurence
28077,seo-young lee
28078,tyler alvarez
28079,neal cantin
28080,tom hulshof
28081,kim yong ji
28082,smith foreman
28083,graham phillips
28084,geza weisz
28085,enrique arreola
28086,krzysztof baginski
28087,stefan raus
28088,philip glass
28089,nicole marischka
28090,josh peck
28091,mohammed amer
28092,tyra ferrell
28093,marie harding
28094,paul james
28095,julian lennon
28096,montgomery clift
28097,lasse hallström
28098,rebecca de mornay
28099,jared padalecki
28100,john dilson
28101,sedat kirtan
28102,moritz jahn
28103,tamás szabó sipos
28104,rajeshwari
28105,andrés vázquez
28106,pramote suksatit
28107,keene mcrae
28108,carmela morada
28109,michael reilly burke
28110,marcellite garner
28111,cliff robertson
28112,gurmit singh
28113,jeannine taylor
28114,ronald zehrfeld
28115,douglas bonner
28116,ying-hsuan hsieh
28117,jacy andrews
28118,max records
28119,mark harmon
28120,anna fialová
28121,ainsley howard
28122,carlos carrascosa
28123,karen david
28124,aaron conley
28125,chris harrison
28126,ginnifer goodwin
28127,josephine benini
28128,joy beeson
28129,richard stebbins
28130,carlos barbosa
28131,yukiko shinohara
28132,alex sirvent
28133,henry van loon
28134,josé santillán cabuto
28135,nick hounslow
28136,riham abdel ghafour
28137,maisie benson
28138,catherine taber
28139,warren beatty
28140,woody strode
28141,justin henry
28142,fana mokoena
28143,catherine siachoque
28144,deven bhojani
28145,tom costello
28146,malik yoba
28147,danielle rose russell
28148,zul ariffin
28149,sarah manninen
28150,britt irvin
28151,caroline brazier
28152,sasha luss
28153,giovanni checchin
28154,gawin caskey
28155,rick hearst
28156,reginald veljohnson
28157,dale hemmond
28158,federico cesari
28159,geraldine james
28160,johan rheborg
28161,simone mareuil
28162,vittoria puccini
28163,álvaro benet
28164,jung-hee moon
28165,bryon lerum
28166,un-taek jeong
28167,phill langhorne
28168,laura prats
28169,özge özpirinçci
28170,samuel anderson
28171,tjebbo gerritsma
28172,saidi balogun
28173,mona wassef
28174,fred gwynne
28175,sung-ki ahn
28176,mikhail ulyanov
28177,chloe coleman
28178,salih kalyon
28179,chris coppola
28180,laraine newman
28181,takahiro nishijima
28182,yûmi akagi
28183,matthew beard
28184,juan josé ballesta
28185,laure calamy
28186,antonella attili
28187,powers boothe
28188,preaw kanidkul
28189,babrak akbari
28190,jane patterson
28191,paris lee bennett
28192,brittany kaiser
28193,ken auletta
28194,jordan fisher
28195,ama qamata
28196,beau brooks
28197,tommy james murphy
28198,james bourne
28199,tsurugi watanabe
28200,thomas saraby vatle
28201,ardal o'hanlon
28202,alejandro fraire
28203,ross duffer
28204,tini tom
28205,lilla crawford
28206,danielle nelson
28207,fumika shimizu
28208,munaycha draaibas
28209,lisa durupt
28210,jimpa bhutia
28211,tristán ulloa
28212,orce feldschau
28213,carla ribas
28214,jacky poon
28215,morgan davies
28216,aurélien recoing
28217,steven gätjen
28218,teerawat mulvilai
28219,laura castrillón
28220,giorgio pasotti
28221,kim jung-hyun
28222,makoto nonomura
28223,kanin howell
28224,bill bentley
28225,sharon small
28226,freddie stewart
28227,dandan song
28228,zachary ruane
28229,andrea santamaria
28230,hepi mita
28231,ben foster
28232,seon-jin lee
28233,dara o briain
28234,susan visser
28235,troy gentile
28236,joseph alex
28237,jan komínek
28238,bump of chicken
28239,wojciech medynski
28240,rytasha rathore
28241,laura archbold
28242,jus reign
28243,osamu saka
28244,kalasala babu
28245,rachelle verdel
28246,wojciech machnicki
28247,jay blades
28248,lalisa manoban
28249,shaheen ramdiane
28250,émile proulx-cloutier
28251,lily franky
28252,rhys wakefield
28253,florencia benitez
28254,masaharu satô
28255,angelica page
28256,neil nitin mukesh
28257,tia carrere
28258,stefania sandrelli
28259,mr. lawrence
28260,jacob soley
28261,dj cipha sounds
28262,roy scheider
28263,sydney park
28264,maurizio magno
28265,kenny chan
28266,baxter renman
28267,yun se-ah
28268,siddharth menon
28269,ciza remy muhirwa
28270,haruna hori
28271,kate hodge
28272,demet fey
28273,pitchapa phanthumchinda
28274,shinpei takagi
28275,surya amitrano
28276,j. alexander
28277,lee taylor
28278,kaede aono
28279,andoni gracia
28280,james argiro
28281,jung-eun lee
28282,cristina do rego
28283,anne-marie duff
28284,seung-ri ha
28285,elijah cummings
28286,vanessa gerbelli
28287,alyssa sutherland
28288,tim heidecker
28289,jowita budnik
28290,vivica a. fox
28291,jerónimo bosia
28292,piv bernth
28293,ayami kakiuchi
28294,addison tymec
28295,joey yung
28296,marc weiner
28297,britain simons
28298,christine pascal
28299,arielle kebbel
28300,pamela cortes bruna
28301,fernando garcía
28302,sean maher
28303,ralph fiennes
28304,friedrich mücke
28305,laura lovelace
28306,juri kimura
28307,teruyuki kagawa
28308,su burcu coskun
28309,camilla bendix
28310,kannan nayar
28311,jason beghe
28312,simon pegg
28313,sarah natochenny
28314,paolo pangilinan
28315,rodolfo sancho
28316,lukasz banach
28317,eddy leduc
28318,yoo-bin sung
28319,betty ting pei
28320,mitsuki tanimura
28321,ida högberg
28322,aj bowen
28323,anna cummer
28324,beckam crawford
28325,arron villaflor
28326,lucas hedges
28327,phil kuntz
28328,amber lee connors
28329,frank matano
28330,sreekanth menon
28331,spencer vrooman
28332,devon terrell
28333,mary mackenzie
28334,dave
28335,atsushi abe
28336,portia de rossi
28337,amanda winn lee
28338,franz dinda
28339,skylan brooks
28340,yong-geon kim
28341,ha-ryong lim
28342,gigi proietti
28343,matthew perry
28344,eddie constantine
28345,atheer adel
28346,nate parker
28347,valeria seciu
28348,jason bolden
28349,valentin teodosiu
28350,adam cyra
28351,in-kwon kim
28352,randall park
28353,mia milnes
28354,vincenzo salemme
28355,teiyû ichiryûsai
28356,zach woods
28357,kyôko yanagihara
28358,sean berdy
28359,max renaudin pratt
28360,john mulaney
28361,grace kaufman
28362,mily miranda
28363,beau knapp
28364,madison cook
28365,ronald peet
28366,nathan myhrvold
28367,rubi
28368,paw henriksen
28369,alaa amr
28370,weiliang wang
28371,jessica carlson
28372,ryô kase
28373,redouane behache
28374,nikita khrushchev
28375,gary martin
28376,gabriel bateman
28377,luciano mellera
28378,kristina clifford
28379,jonny brugh
28380,emma thompson
28381,michael hutchence
28382,stella chestnut
28383,nadya keranova
28384,fernando becerril
28385,ferdia walsh-peelo
28386,iulia lumânare
28387,kristy yeung
28388,brenden sunderland
28389,chi-hsia chen
28390,edward glen
28391,maisa abd elhadi
28392,dan shaked
28393,stephanie allynne
28394,ayaka imamura
28395,tilda swinton
28396,willeke alberti
28397,giovanni argante
28398,james warren
28399,maddie taylor
28400,kim sang-ho
28401,ricardo mejía
28402,geppi cucciari
28403,yôko mihara
28404,andrew dunn
28405,athiya shetty
28406,yuriko ishida
28407,nikki rae hallow
28408,bob gunton
28409,annie lennox
28410,stephy tang
28411,esmée van kampen
28412,frédéric pierrot
28413,hayden christensen
28414,kim tae-ri
28415,jeong-tae kim
28416,mikako ichikawa
28417,benjamin jacobson
28418,miles heizer
28419,dante rivero
28420,rachel wood
28421,bo huang
28422,kyôji aoyama
28423,shaffy bello
28424,shiv panditt
28425,toni gonzaga
28426,dean cain
28427,erika-shaye gair
28428,carla camurati
28429,steve danielsen
28430,flavio parenti
28431,ihsan berk aydin
28432,torrey hanson
28433,mohamed hatem
28434,natasha lyonne
28435,babyjohn choi
28436,somboonsuk niyomsiri
28437,neel rønholt
28438,shim dal gi
28439,fantin ravat
28440,amit sial
28441,honoka akimoto
28442,irene azuela
28443,cemal farukh
28444,vegar hoel
28445,monica gill
28446,katarzyna ankudowicz
28447,stefania orsola garello
28448,yousra el lozy
28449,rick crom
28450,louis koo
28451,maria bonnevie
28452,debra meiburg
28453,dulfi al-jabouri
28454,rio locsin
28455,daantje idelenburg
28456,yuki inoue
28457,neal brennan
28458,ivan martinka
28459,anil kapoor
28460,sung-eun choi
28461,mauricio ochmann
28462,yota kawase
28463,antonio j bell
28464,dustin milligan
28465,phoebe yuan
28466,christian bale
28467,samuel barnett
28468,kingone wang
28469,sharlto copley
28470,lee hae-young
28471,cyron melville
28472,estelle getty
28473,rasmus bjerg
28474,david so
28475,giorgio maietto
28476,leo alkemade
28477,mikolaj lubek
28478,henry bergman
28479,korhan herduran
28480,noah le gros
28481,naigang song
28482,rungrat mengpanit
28483,justin cook
28484,kajal aggarwal
28485,t. rifnu wikana
28486,channarong khuntee-tao
28487,chika okpala
28488,pablo aimar
28489,pat edwards
28490,kyme
28491,jack taylor
28492,donald trump
28493,izaiah dolezal
28494,kevin rankin
28495,robert nebrenský
28496,adam croasdell
28497,gigi leung
28498,birgitta andersson
28499,che grand
28500,felicia day
28501,michelan sisti
28502,kii kitano
28503,oliver jackson-cohen
28504,nicholas di nardo
28505,park myeong-hoon
28506,bukunmi oluwashina
28507,ho-jeong yu
28508,stanislav zindulka
28509,chelsea lopez
28510,hae-in lee
28511,drew barrymore
28512,jonny sweet
28513,manjot singh
28514,kenji furuya
28515,evelyn rasmussen osazuwa
28516,indya moore
28517,nicole gose
28518,marco rodríguez
28519,ashton kutcher
28520,liv hill
28521,michael hawley
28522,erik vanller
28523,gustavo escobar
28524,barbara sukowa
28525,gyözö szabó
28526,peter bolhuis
28527,dar salim
28528,sung-ryung kim
28529,katerina d'onofrio
28530,miki kamioka
28531,henry paulson
28532,will patton
28533,rebecca romijn
28534,patrick l. reyes
28535,asun ortega
