MediaID,ActorID
1,1787
1,6005
1,18214
1,23252
2,618
2,13888
2,27127
2,27944
3,15685
3,21401
4,1125
4,3101
4,19052
4,27754
5,6171
6,3977
6,16820
6,18549
6,21908
7,14570
7,16992
7,18813
7,22664
8,19184
8,22143
8,24570
8,24683
9,8249
9,14930
9,17579
9,28055
10,4027
10,5977
10,10295
10,12486
11,1115
11,4207
11,7977
11,27782
12,1372
12,4174
12,20289
12,27989
13,10216
13,19489
13,21271
13,21348
14,4027
14,10295
14,25742
14,26462
15,2972
15,10664
15,13853
15,23553
16,3802
16,15013
16,21186
16,21359
17,5502
17,13183
17,18857
17,22098
18,1269
18,5681
18,13559
18,17968
19,2615
19,5369
19,18767
19,20211
20,582
20,19838
20,21348
20,28392
21,20477
22,1369
22,2979
22,19718
22,23724
23,1567
23,9310
23,13649
23,17884
24,1565
24,4233
24,24262
24,26766
25,4109
25,9927
25,14495
25,27705
26,586
26,6517
26,6675
26,16933
27,1310
27,5317
27,10730
27,18314
28,4603
28,11203
28,11852
28,16543
29,456
29,1202
29,22346
29,28530
30,2185
30,19766
30,23715
30,28071
31,2976
31,3192
31,10845
31,24551
32,521
32,4243
32,10475
32,27580
33,2498
33,6647
33,9852
33,28365
34,24045
34,25269
34,26032
34,27844
35,14938
35,17873
35,23715
35,27844
36,4694
36,19339
36,21501
36,23715
37,73
37,18461
37,20191
37,25059
38,7463
38,24469
38,25269
38,27844
39,2904
39,2949
39,9858
39,14136
40,4243
40,16014
40,20191
40,27844
41,11441
41,11781
41,17059
41,24350
42,6310
42,12081
42,16389
42,24544
43,27268
44,2276
44,2903
44,9670
44,23695
45,5931
45,11604
45,20767
45,24372
46,2054
46,3785
46,16390
46,22070
47,1159
47,5948
47,7043
47,17795
48,1435
48,1900
48,8803
48,16258
49,1900
49,9752
49,26958
49,27167
50,1900
50,3467
50,22681
50,26958
51,1159
51,15484
51,19942
51,24509
52,12749
52,22311
52,23301
52,27370
53,1220
53,2624
53,12750
53,23662
54,1043
54,12522
54,20145
54,23678
55,3713
55,6531
55,9975
55,24585
56,8577
56,19564
56,24855
56,27823
57,712
57,3677
57,5597
57,7811
58,1689
58,7318
58,18305
58,24100
59,19549
59,21754
59,23010
59,23964
60,178
60,1033
60,17356
60,27752
61,338
61,5009
61,16615
61,23331
62,9059
62,17431
62,21486
62,23605
63,5562
63,8543
63,23439
63,24678
64,8416
64,14212
64,21341
64,27678
65,4988
65,11545
65,13777
65,19615
66,385
66,8540
66,9202
66,24319
67,9441
67,10789
67,18048
67,26472
68,1746
68,2562
68,24651
68,27725
69,2286
69,14967
69,18470
69,24898
70,7630
70,7786
70,12022
70,18527
71,16027
71,24774
72,2484
72,3908
72,9012
72,18572
73,3078
73,9003
73,16345
74,4317
74,21595
74,23889
74,25235
75,9254
75,13478
75,19549
75,21019
76,272
76,1094
76,6709
76,9166
77,2953
77,6069
77,6607
77,12123
78,16059
79,4983
79,10350
79,11184
79,25554
80,11021
80,23216
80,24179
80,28365
81,841
81,11403
81,18684
81,22104
82,9140
82,17798
82,19909
82,27979
83,2183
83,8082
83,10669
83,18552
84,154
84,1113
84,6001
84,10220
85,5027
85,19413
85,19962
85,22208
86,161
86,735
86,16638
86,26617
87,3563
87,13866
87,18548
87,21829
88,8613
88,13206
88,22152
88,22459
89,7059
89,15304
89,25695
89,26722
90,8532
90,16991
90,17548
90,22634
91,245
91,3162
91,13534
91,27907
92,5412
92,7375
92,12356
92,27343
93,751
93,9360
93,22974
93,27037
94,3250
94,19455
94,22307
94,28468
95,15057
95,15512
95,19215
95,23957
96,8544
96,11842
96,16494
96,17977
97,4381
97,6213
97,7310
97,14313
98,5972
98,12388
99,11514
99,13484
99,17563
99,25370
100,12690
100,14869
100,16853
100,19123
101,4880
101,5200
101,9656
101,9856
102,676
102,2215
102,15821
102,25165
103,4507
103,10531
104,6995
104,7446
104,14434
104,24979
105,4076
105,18390
105,18396
105,24644
106,2106
106,9060
106,14914
106,23947
107,14948
107,21525
107,22643
107,25666
108,1566
108,6584
108,18673
108,20947
109,3485
109,3571
109,15228
109,27784
110,5882
110,9042
110,14582
110,17188
111,8607
111,17558
111,22356
111,26840
112,4064
112,21774
112,24344
112,27938
113,3270
113,4844
113,26766
113,27924
114,4387
114,10992
114,25511
114,27210
115,7614
115,9393
115,26025
115,26402
116,7912
116,12223
116,14619
116,18041
117,18478
117,19192
117,20295
117,20570
118,952
118,4869
118,19175
118,21484
119,9302
119,20773
119,22133
119,28480
120,4352
120,9143
120,9230
120,10522
121,2671
121,6834
121,13851
121,18573
122,6638
122,9364
122,20784
122,25417
123,13856
123,14985
123,23001
123,28256
124,3599
124,9035
124,28000
124,28036
125,4081
125,5133
125,7403
125,27545
126,20477
127,5524
127,8598
127,12332
127,14476
128,1
128,4627
128,6738
128,11151
129,811
129,6874
129,11702
129,23507
130,20597
130,26177
130,26784
131,3572
131,8138
131,21756
131,23894
132,6912
132,11314
132,24985
132,25278
133,4725
133,14089
133,16178
133,19203
134,1909
134,3740
134,9951
134,12743
135,2316
135,3273
135,5601
135,6620
136,5916
136,16544
136,18267
136,20283
137,36
137,1040
137,17430
137,23301
138,5247
138,10327
138,18983
138,25781
139,7066
139,8277
139,12170
139,27310
140,10
140,3651
140,3804
140,13902
141,3224
141,10269
141,18965
141,26151
142,1005
142,5087
142,7292
142,20059
143,1523
143,4454
143,6953
143,22181
144,6696
144,15335
144,19424
144,24458
145,11087
145,13319
145,16516
145,28042
146,3141
146,3615
146,7237
146,16316
147,3233
147,6393
147,7203
147,24476
148,1932
148,11982
148,19439
148,23685
149,7332
149,8360
149,14019
149,17990
150,1428
150,3469
150,15438
150,18952
151,12759
151,14390
151,17902
151,20855
152,9801
152,10323
152,11807
152,25673
153,990
153,3467
153,14474
153,27444
154,12484
154,21354
154,24668
154,28014
155,1354
155,3467
155,15194
155,27444
156,5844
156,14807
156,22705
156,22800
157,10027
157,18841
157,19170
157,26516
158,9704
158,17344
158,25392
158,25523
159,4720
159,9046
159,14909
159,27743
160,6156
160,17714
160,27772
161,2285
161,16528
161,16946
161,22552
162,1380
162,3603
162,19513
162,24765
163,2393
163,13943
163,19570
163,28441
164,3393
164,10419
164,10804
164,17102
165,321
165,8162
165,10962
165,15506
166,20477
167,2134
167,4816
167,10515
167,26802
168,4560
168,6098
168,12016
168,19354
169,4620
169,4944
169,5287
169,19380
170,4710
170,9779
170,11446
170,13452
171,3372
171,6524
171,17299
171,25865
172,15999
172,25882
172,26098
172,27907
173,2061
173,6726
173,12381
173,20553
174,1302
174,14758
174,17447
174,21733
175,4965
175,23665
175,24833
175,27865
176,9468
176,12098
176,14809
176,16968
177,21001
177,22653
177,24780
177,26635
178,7878
178,15952
178,16404
178,16724
179,1063
179,7242
179,17949
179,27281
180,3693
180,7320
180,16352
180,16482
181,997
181,10435
181,19957
181,25722
182,15146
182,23050
182,27726
182,28257
183,1916
183,19061
183,21593
183,27940
184,2567
184,13683
184,25294
184,25476
185,14547
185,17492
185,24968
185,27702
186,3371
186,4438
186,6342
186,16036
187,4438
187,11852
187,17570
187,21327
188,10472
188,18997
188,21288
188,21693
189,4438
189,6342
189,8554
189,10352
190,1910
190,4162
190,17118
190,21470
191,751
191,5287
191,22348
191,27037
192,8910
192,13208
192,24450
192,27095
193,6016
193,14703
193,18779
193,24326
194,4206
194,10968
194,11927
194,27980
195,20477
196,17141
196,19041
196,25178
196,27687
197,2886
197,3611
197,21700
197,24226
198,1791
198,6387
198,7283
198,9309
199,7418
199,11565
199,14836
199,18283
200,13211
200,19759
200,22712
200,23090
201,4536
201,10404
201,19978
201,23421
202,4830
202,8409
202,12276
202,26753
203,738
203,3601
203,4907
203,23352
204,2378
204,17584
204,19525
204,22784
205,644
205,8149
205,8191
205,16536
206,546
206,17069
206,20266
206,28191
207,11456
207,16087
207,20903
207,26609
208,2173
208,6343
208,8227
208,20123
209,7319
209,7645
209,14321
209,21695
210,3228
210,3676
210,5344
210,14646
211,5660
211,12127
211,18729
211,19525
212,3500
212,13086
212,15912
212,28068
213,3776
213,10017
213,18523
213,25296
214,14902
214,16198
214,23277
214,24256
215,230
215,5821
215,20100
215,28282
216,12867
216,13244
216,22978
216,26141
217,7234
217,8907
217,16811
217,19741
218,9864
218,11748
218,19815
218,22620
219,8613
219,13206
219,22152
219,22459
220,11484
220,12079
220,14423
220,25859
221,2870
221,14730
221,21252
221,22235
222,131
222,8541
222,13355
222,13476
223,8757
224,7839
224,22554
224,26290
224,28398
225,2109
225,16183
225,20684
225,27927
226,4131
226,9218
226,11566
226,25129
227,7210
227,10927
227,19331
227,21047
228,3689
228,11507
228,17321
228,22864
229,9496
229,11133
229,23801
229,23981
230,3482
230,9345
230,12229
230,27569
231,3480
231,6541
231,10961
231,20069
232,610
232,11448
232,13118
232,26219
233,10132
233,19635
233,20561
233,26891
234,1801
234,1982
234,6739
234,23561
235,1335
235,9504
235,11332
235,13890
236,137
236,1942
236,18209
236,24945
237,3671
237,5593
237,15190
237,16520
238,3371
238,16375
238,19790
238,22472
239,3017
239,12018
239,18073
239,22299
240,2158
241,16283
241,21421
241,22011
241,27661
242,16124
242,17439
242,20223
242,27950
243,3823
243,7556
243,13421
243,15649
244,4960
244,15814
244,20432
244,21001
245,5502
245,13183
245,18857
245,22098
246,4669
246,8121
246,12971
246,19736
247,20477
248,13661
248,15355
248,17324
248,19273
249,6111
249,7342
249,25588
249,25931
250,6666
250,6801
250,8449
250,17939
251,1828
251,3299
251,18302
251,18323
252,7452
252,11998
252,14434
252,22998
253,6381
253,9109
253,23903
253,25861
254,1200
254,8760
254,9259
254,20120
255,20477
256,3875
256,6932
256,18011
256,18482
257,22441
257,26497
258,20477
259,5853
259,6978
259,8698
259,19965
260,5085
260,10378
260,11434
260,27552
261,6112
261,11595
261,12091
261,22428
262,1266
262,5179
262,5388
262,14247
263,4670
263,6396
263,20410
263,27221
264,1200
264,17243
264,21655
264,27546
265,3962
265,8138
265,17582
265,22598
266,3962
266,8138
266,17582
266,22598
267,20477
268,7167
268,9120
268,13201
268,18897
269,8890
269,10477
269,23643
269,24064
270,2832
270,4996
270,23233
270,28091
271,6731
271,8383
271,20605
271,20941
272,4396
272,11140
272,16270
272,20690
273,1657
273,3707
273,8391
273,21576
274,14868
274,17190
274,18220
274,26879
275,5970
275,12279
275,20392
275,25841
276,817
276,2534
276,2872
276,21466
277,8558
277,10485
277,16239
277,19314
278,762
278,10320
278,18375
278,22061
279,11044
279,20105
279,24670
279,25697
280,6356
280,10099
280,17730
280,19165
281,472
281,1569
281,2229
281,8967
282,5015
282,12712
282,12812
282,27467
283,7507
283,14843
283,19935
283,24228
284,7402
284,13377
284,14351
284,23501
285,517
285,17037
285,24315
285,26625
286,11671
287,16357
287,17367
287,19147
287,23431
288,6877
288,9966
288,15235
288,19035
289,5862
289,11466
289,17758
289,26310
290,5542
290,7138
290,10109
290,12063
291,8929
291,11294
291,14059
291,26165
292,19394
292,24024
293,4122
293,7083
293,15601
293,22253
294,20477
295,880
295,7238
295,12296
295,23302
296,10934
296,19142
296,19749
296,23608
297,391
297,21365
298,11841
298,13088
298,19802
298,23397
299,396
299,905
299,1929
299,14053
300,4621
300,12088
300,13140
300,25232
301,3806
301,4940
301,18287
301,21470
302,592
302,5115
302,17950
302,18107
303,2104
303,7964
303,19455
303,27155
304,8310
304,14639
304,15111
304,20575
305,4214
305,11407
305,14166
305,21086
306,7120
306,11001
306,14000
306,16448
307,5502
307,13183
307,18857
307,22098
308,3034
308,6160
308,8685
308,10264
309,7853
309,8884
309,23408
309,24231
310,3858
310,11003
310,16162
310,24533
311,2553
311,24306
312,763
312,12727
312,25520
312,28338
313,2535
313,5240
313,8989
313,22578
314,1145
314,16977
314,21146
314,25503
315,16078
315,24526
316,13202
316,17169
316,25071
316,27078
317,8762
317,13973
317,14574
317,23761
318,320
318,4417
318,22247
318,27359
319,19497
319,20200
319,21199
319,21662
320,13487
321,12898
321,14055
321,20262
321,23489
322,4749
322,7638
322,16715
322,19016
323,8988
323,9732
323,24792
323,27456
324,3951
324,8219
324,25091
324,27141
325,12857
325,23593
326,15894
326,17603
326,20779
326,21879
327,9002
327,22285
327,22988
327,27549
328,1617
328,11896
328,18021
328,27638
329,7170
329,13832
329,13912
329,21481
330,4352
330,7579
330,7686
330,24123
331,1869
331,14500
331,17829
332,569
332,12906
332,16496
332,20252
333,19457
333,21686
333,22812
333,27138
334,7792
334,10283
334,15011
334,21707
335,12389
335,23566
335,23630
335,28041
336,3390
336,5489
336,6345
336,22127
337,13347
337,15503
337,21395
337,27944
338,325
338,10297
338,22521
338,28006
339,5778
339,7633
339,10681
339,12564
340,6973
340,7906
340,9368
340,27825
341,7941
341,18775
341,24384
341,25497
342,10010
342,17082
342,25272
342,26258
343,917
343,4183
343,5588
343,26363
344,7650
344,15798
344,17444
344,24370
345,2050
345,4474
345,22066
345,27523
346,2407
346,9226
346,23320
346,27447
347,3040
347,13930
347,23301
347,23362
348,2209
348,5372
348,10525
348,28211
349,3590
349,8051
349,27531
349,28222
350,9690
350,23355
350,25183
350,25774
351,5696
351,10916
351,17781
351,18773
352,3782
352,16085
352,23853
353,642
353,6845
353,19470
353,21296
354,13170
354,16474
354,16824
354,22916
355,6670
355,7516
355,22484
355,22986
356,5352
356,12326
356,18652
356,23153
357,5564
357,10472
357,12784
357,15708
358,1181
358,5289
358,15367
358,23038
359,8323
359,20111
359,20418
359,23144
360,9736
360,17947
360,21940
360,23610
361,3384
361,4114
361,5588
361,24624
362,9073
362,18917
362,23411
362,27777
363,7922
363,25984
364,16926
364,17429
364,22095
364,23463
365,12937
365,16557
365,20825
365,24213
366,507
366,11471
366,26586
366,26671
367,1940
367,15539
367,23316
367,25458
368,5820
368,6661
368,7756
368,10532
369,16719
369,17783
369,23008
369,25830
370,6688
370,10562
370,19151
370,27300
371,1006
371,9259
371,24767
371,27534
372,2344
372,2424
372,3135
372,9163
373,1508
373,7164
373,10688
373,20416
374,1940
374,8645
374,12726
374,18330
375,3521
375,5264
375,16173
375,22986
376,20477
377,2444
377,2766
377,9205
377,25004
378,8651
378,23790
378,24199
378,24962
379,9318
379,10291
379,13708
379,26960
380,3720
381,1336
381,11881
381,18222
382,1868
382,3011
382,11899
382,17735
383,7988
383,9457
383,19835
383,27256
384,2579
384,6834
384,9088
384,18358
385,3
385,10395
385,13242
385,18622
386,1089
386,3660
386,9274
386,18532
387,5209
387,5929
387,21536
387,27380
388,523
388,6376
388,25667
388,27839
389,7531
389,9467
389,10157
389,20291
390,5455
390,11026
390,17837
390,28338
391,20477
392,2944
392,12217
392,15345
392,20449
393,3085
393,4768
393,11815
393,27470
394,2906
394,4275
394,4721
394,8015
395,1903
395,3644
395,12936
395,28273
396,11174
396,20323
396,21213
396,28192
397,13785
397,18556
397,21536
397,23939
398,11606
398,13113
398,18742
398,22342
399,495
399,8044
399,14981
399,15540
400,514
400,10235
400,19081
400,21995
401,25604
401,27593
402,2521
402,5186
402,10442
402,20920
403,6520
404,2781
404,8479
404,11064
404,28396
405,1666
405,3913
405,5901
405,21411
406,2685
406,15507
406,16185
406,16314
407,5013
407,8978
407,9094
407,28152
408,18684
409,3255
409,9729
409,19938
409,27881
410,6607
410,7419
410,8235
410,26505
411,8635
411,12406
411,12714
411,17394
412,1216
412,7720
412,16487
412,23705
413,4785
413,12222
413,16134
413,25524
414,1120
414,15050
414,18578
414,25066
415,13427
415,13524
415,19801
415,25100
416,921
416,8074
416,17439
416,25466
417,8215
417,10189
417,15820
417,27390
418,18557
418,23784
418,26829
418,27365
419,5194
419,8107
419,13032
419,17993
420,5030
420,17744
420,20500
420,27352
421,1625
421,13147
421,26233
421,28015
422,2545
422,3508
422,21135
422,21932
423,5229
423,5522
423,12484
423,21135
424,21531
425,1304
425,11655
425,16540
425,26204
426,5523
426,6373
426,17280
426,21146
427,20477
428,21282
429,5901
429,9002
429,10482
429,23167
430,103
430,2383
430,22644
430,22857
431,14259
431,19488
431,22047
431,24557
432,12525
432,13016
432,20736
432,24816
433,7213
433,7560
433,12010
433,28289
434,4713
434,12176
434,14494
434,14990
435,5042
435,13216
435,16304
435,21557
436,3295
436,3769
436,8466
436,20190
437,2382
437,16089
437,16732
437,19189
438,2133
438,16273
438,16634
438,24462
439,2424
439,12226
439,13085
439,21127
440,2255
440,5231
440,9500
440,23074
441,6896
441,7375
441,18688
441,19591
442,7818
442,9071
442,10639
442,19587
443,8878
443,13262
443,15189
443,26864
444,2981
444,14434
444,22400
444,28007
445,814
445,8233
445,9756
445,14454
446,15048
446,19476
446,27637
447,9337
447,13198
447,20594
447,25755
448,3428
448,11699
448,19785
448,26004
449,5345
449,7985
449,9251
449,9795
450,6781
450,10420
450,21470
450,23552
451,1207
451,14826
451,19785
451,23552
452,3772
452,16923
452,22144
452,24912
453,216
453,8861
453,20895
454,5384
454,17148
454,18621
454,22807
455,3568
455,22916
455,22956
455,25642
456,12417
456,23608
456,26911
456,28228
457,6842
457,15689
457,26616
457,27358
458,5838
458,8138
458,12873
458,23894
459,8611
460,4000
460,12441
460,16025
460,21659
461,5923
461,8088
461,14883
461,21803
462,5474
462,8007
462,13842
462,16881
463,952
463,18079
463,19501
463,19918
464,5077
464,6663
464,14105
464,17351
465,8064
465,17039
465,20488
465,24806
466,3126
466,4863
466,25996
466,26838
467,5372
467,8587
467,15637
467,27215
468,1616
468,5891
468,25748
468,28496
469,6298
469,10081
469,13533
469,21886
470,5105
470,11489
471,376
471,2147
471,23440
471,26082
472,2080
472,4187
472,11204
472,11827
473,1503
473,6839
473,7372
473,7471
474,3080
474,5488
474,10595
474,23982
475,4503
475,7501
475,10052
475,26685
476,6516
476,15010
476,21657
476,21877
477,7419
477,15608
477,19857
477,24221
478,2115
478,15489
478,22107
478,24665
479,7295
479,8069
479,18641
479,19385
480,4603
480,17670
480,21143
480,25405
481,4052
481,6839
481,25472
481,26385
482,3969
482,10622
482,16331
482,23608
483,6726
483,8898
483,9579
483,26858
484,4928
484,9703
484,10779
484,15432
485,2880
485,7991
485,11326
485,20069
486,220
486,3784
486,7740
486,26162
487,15485
487,19808
487,21134
487,23832
488,17449
488,17860
488,22059
488,24105
489,20477
490,7405
490,22973
490,25569
490,27251
491,16972
491,17075
491,20510
491,21225
492,443
492,1596
492,3350
492,14516
493,8167
493,15857
493,18665
493,26852
494,2975
494,4692
494,15419
494,25126
495,5453
495,8867
495,16623
495,21633
496,11565
496,15257
496,16435
496,18418
497,10375
497,17216
497,17801
497,24247
498,4825
498,16902
498,19614
498,28248
499,11100
499,13500
499,25219
499,27586
500,14034
500,22985
500,23095
500,27577
501,1594
501,7290
501,12615
501,15509
502,3109
502,3625
502,20835
502,26369
503,7364
503,7967
503,9684
503,22284
504,4941
504,6049
504,23559
504,25513
505,20625
505,24774
506,6166
507,4436
507,6382
507,12784
507,15056
508,8205
508,11558
508,13302
508,20880
509,14185
509,14255
509,16788
509,17188
510,2073
511,895
511,11730
511,11788
511,21330
512,23145
512,24637
512,24996
512,28188
513,861
513,2955
513,5090
514,8727
514,10415
514,16449
514,18099
515,4742
515,12808
515,17221
515,23164
516,938
516,3074
516,3113
516,16934
517,5060
517,10337
517,12853
517,15205
518,4523
518,17266
518,20884
518,21496
519,2551
519,4906
519,18995
519,20462
520,10519
520,20196
520,28326
520,28384
521,1873
521,2585
521,8094
521,9905
522,1873
522,2585
522,8094
522,9905
523,11551
523,13523
523,21899
523,26592
524,613
524,3485
524,5775
524,14963
525,13087
525,16192
525,20439
525,23165
526,6883
526,10446
526,12932
526,23062
527,14029
527,16225
527,26206
527,27510
528,3094
528,11002
528,22232
528,25268
529,4949
529,10601
529,21437
529,25990
530,2487
530,10871
530,14757
530,18902
531,9393
531,10079
531,13844
531,28199
532,20477
533,7530
533,9034
533,17224
533,28502
534,15038
534,15059
534,23555
534,23652
535,4809
535,9863
535,15014
535,15868
536,20477
537,20917
538,5182
538,8272
538,15736
538,21410
539,20917
540,20917
541,7448
542,4489
542,16248
542,23766
542,28081
543,388
543,9939
544,2144
544,5489
544,22479
544,27857
545,748
545,3633
545,4016
545,26705
546,9114
546,10384
546,20055
546,26331
547,4354
547,10030
547,15355
547,22937
548,3509
548,12366
548,22339
548,25513
549,423
549,4104
549,10100
549,23125
550,20477
551,7274
551,11998
551,12681
551,17263
552,2461
552,14395
552,20596
552,23581
553,4338
553,8765
553,11235
553,11686
554,12314
554,16039
555,1538
555,7059
555,9549
555,10353
556,1167
556,8888
556,25947
556,27882
557,2050
557,4474
557,22066
557,27523
558,398
558,11109
558,13656
558,25530
559,5234
559,7409
559,17071
559,23630
560,1936
560,2775
560,4257
560,7324
561,2841
561,15550
561,16538
561,21133
562,16446
562,18202
562,19726
562,20617
563,8667
563,12237
563,20483
563,24545
564,3362
564,3491
564,13017
564,26246
565,4126
566,4502
566,13176
566,23324
566,24258
567,446
567,10767
568,5067
568,10428
568,15655
568,21394
569,14893
569,18433
569,19084
569,19803
570,1821
570,8467
570,15652
571,5636
571,14542
571,18755
571,26297
572,4086
572,8696
572,26439
572,27561
573,1517
573,7416
573,8782
573,11267
574,3132
574,9389
574,17855
574,20342
575,8240
575,8953
575,26175
575,28252
576,6090
576,8463
576,10084
576,20113
577,1276
577,6538
577,17438
577,18152
578,12735
578,23020
578,23900
578,26820
579,10688
579,11290
579,15894
579,26534
580,1104
580,1842
580,6420
580,16421
581,22401
582,3470
582,7078
582,17957
582,19408
583,1860
583,4878
583,6876
583,12848
584,6434
584,16906
584,19875
584,26275
585,10035
585,14920
585,19562
586,96
586,7763
586,19742
586,26465
587,7621
587,8572
587,13429
587,20650
588,4104
588,18912
588,19446
588,19823
589,11912
589,15137
589,16550
589,27230
590,8977
590,13321
590,18703
590,18899
591,1465
591,6583
591,16247
591,24969
592,13251
592,15061
592,22682
592,27692
593,2641
593,6297
593,7943
593,10876
594,4597
594,4884
594,9595
594,13396
595,10299
595,20304
595,27629
595,28380
596,3204
596,7281
596,11644
596,16422
597,7770
597,11628
597,15438
597,17155
598,343
598,570
598,27405
598,27976
599,182
599,10039
599,13595
599,16297
600,3647
600,14534
600,23224
600,27574
601,2192
601,4195
601,12254
601,16412
602,2463
602,7798
602,8099
602,13041
603,5067
603,6069
603,14259
603,23245
604,20477
605,20477
606,13732
606,17089
606,18599
606,22221
607,43
607,11505
607,17753
607,17925
608,7668
608,10329
608,12643
608,25607
609,6514
609,7571
609,16696
609,17927
610,5534
610,13181
610,13481
610,27866
611,5600
611,19184
611,19907
611,23825
612,10010
612,19116
612,22337
612,22617
613,4132
614,1120
614,19776
614,25370
614,26219
615,888
615,5068
615,25022
615,28190
616,4435
616,5995
616,14070
616,23053
617,281
617,12023
617,12086
617,27269
618,20477
619,432
619,9756
619,14978
619,18985
620,5187
620,8513
620,15019
620,27793
621,9356
621,14167
621,15084
621,24685
622,9287
622,11148
622,17861
622,27079
623,3122
623,20630
623,23069
623,23748
624,2398
624,8260
624,17320
624,24084
625,76
625,1412
625,16060
625,20345
626,348
626,1412
626,2096
626,14864
627,2068
627,17088
627,21543
627,27957
628,21058
628,22534
628,25189
628,26236
629,843
629,9060
629,10558
629,17753
630,4111
630,14722
630,20663
630,23018
631,349
631,11649
631,12498
631,12842
632,1431
632,8841
632,25179
632,26610
633,7219
633,7236
633,9401
633,25909
634,1024
634,17353
634,18259
634,27053
635,11055
635,16993
635,21085
635,21113
636,5428
636,13343
636,14267
636,16837
637,1699
637,11573
637,11639
637,26404
638,4813
638,9800
638,13152
638,15273
639,9791
639,11570
639,16545
639,24020
640,10008
640,14265
640,23180
640,25286
641,4930
641,10701
641,19456
641,22294
642,898
642,4138
642,6314
642,19675
643,3291
643,19722
643,20224
643,26539
644,575
644,8306
644,10434
644,17745
645,17348
645,21032
645,25068
645,25460
646,6502
646,11026
646,13559
646,27442
647,708
647,4350
647,7100
647,20523
648,11175
648,15368
648,19617
649,9504
649,11727
649,18896
649,27715
650,2842
650,7821
650,18738
650,27609
651,2842
651,7821
651,18738
651,27609
652,7679
652,8740
652,11032
652,23649
653,10318
653,28224
654,4741
654,7821
654,7835
654,7909
655,11253
655,12257
655,17376
655,28266
656,4873
656,16733
657,20477
658,13267
658,14669
658,18907
658,23836
659,6501
659,9545
659,13267
659,14669
660,1371
660,9712
660,11196
660,24273
661,4268
661,11364
661,14672
661,26640
662,6167
662,8986
662,14183
662,25446
663,4778
663,6465
663,7103
663,18175
664,4605
664,9504
664,11727
664,25580
665,3029
665,4791
665,16074
665,20910
666,662
666,1363
666,16983
666,26340
667,5801
667,17532
667,18892
667,19085
668,5713
668,16617
668,26127
668,27684
669,977
669,3539
669,17489
669,27494
670,1567
670,3313
670,8895
670,23297
671,5178
671,18451
671,18810
671,20966
672,16540
672,25796
672,26291
672,27372
673,2198
673,5196
673,16670
673,19615
674,7360
674,17541
674,20084
674,24540
675,4907
675,6816
675,23352
675,24353
676,7294
676,13576
676,22851
676,24485
677,7286
677,11457
677,20278
677,28241
678,140
678,2494
678,13490
678,15436
679,12147
679,15111
679,22194
679,28349
680,3979
680,9349
680,14922
680,20678
681,10472
681,18111
681,24117
682,596
682,724
682,17723
682,21467
683,264
683,1047
683,3640
683,16301
684,3295
684,14160
684,16228
684,16573
685,1858
685,11618
685,13981
685,17899
686,15778
686,21370
686,26408
687,913
687,6828
688,6020
688,19192
688,20779
688,22682
689,23312
690,2292
690,21044
690,23314
690,24413
691,5330
691,5706
691,12095
691,17736
692,7236
692,8881
692,19952
692,21095
693,16301
694,10660
694,17422
694,22079
694,23797
695,518
695,13001
695,14075
695,22079
696,4759
697,4467
697,14992
697,16524
697,16724
698,2875
698,17818
698,20991
698,26599
699,5491
699,6099
699,9360
699,12986
700,10503
700,14003
700,14245
700,15578
701,7121
701,13596
701,15816
701,23642
702,6062
702,20355
702,24874
703,3459
703,18667
703,21248
703,25426
704,8726
704,15265
704,15307
704,22007
705,3455
705,17095
705,20143
705,26879
706,6833
706,8303
706,9063
706,25137
707,3344
707,14933
707,15471
707,24464
708,4759
709,1228
709,12156
709,25512
709,26630
710,8298
710,11898
710,24368
710,27967
711,5470
711,6016
711,14921
711,15828
712,3721
712,10321
712,16918
712,24137
713,2637
713,6505
713,16810
713,20379
714,10126
714,18985
714,24959
714,25555
715,1833
715,15740
715,16878
715,17177
716,1291
716,17282
716,19968
716,22072
717,7201
718,6933
718,7596
718,12391
718,17098
719,10027
719,18841
719,19170
719,26516
720,1322
720,12673
720,19843
720,26435
721,2488
721,6812
721,10062
721,17770
722,11368
722,13209
722,18641
722,21291
723,3421
723,11381
723,19400
723,20289
724,11340
724,21783
724,23722
724,28399
725,8359
725,13141
725,23866
725,25733
726,1677
726,7032
726,20331
726,27858
727,11820
727,12757
727,17677
727,18322
728,1530
728,14332
728,16706
728,23139
729,9693
729,13701
729,17635
729,22412
730,1469
730,5138
730,25038
730,25433
731,5774
731,9522
731,18174
731,21057
732,604
732,13310
732,13718
732,20789
733,15046
733,15251
733,17904
733,18862
734,10330
734,17115
734,23579
734,26688
735,13185
735,13867
735,21598
735,24077
736,16021
736,17430
736,18854
736,25905
737,520
737,3897
737,21816
737,27631
738,8991
738,25022
738,25907
738,28428
739,4661
739,14797
739,15327
739,23599
740,3899
740,10277
740,14790
740,27833
741,1647
741,3395
741,9806
741,27995
742,5464
742,21515
742,24968
742,25818
743,1229
743,13024
743,18909
743,19446
744,1567
744,9381
744,16944
744,17400
745,1966
745,11975
745,19560
745,21315
746,3956
746,17187
746,21675
746,26196
747,1993
747,3819
747,14228
747,14900
748,20477
749,291
749,7649
749,12508
749,24945
750,5382
750,9010
750,13823
750,16070
751,17312
751,26083
751,26111
751,27825
752,12876
752,17857
752,21619
752,26682
753,19057
753,25961
753,26766
753,28519
754,17402
754,17792
754,26016
754,27365
755,2301
755,2599
755,3032
755,18794
756,379
756,507
756,8522
756,19457
757,6329
757,9330
757,11216
757,16980
758,2886
758,18168
758,22324
758,25386
759,14036
759,15762
760,1039
760,6161
760,14905
760,19380
761,4013
761,4666
761,8829
761,13066
762,1853
762,5371
762,11785
762,27868
763,2864
763,16975
763,22948
763,27112
764,3636
764,9117
764,17446
764,19185
765,7439
765,8553
765,22249
765,26405
766,4803
766,27502
767,15400
767,17164
767,18727
767,25259
768,27349
769,39
769,3853
769,11218
769,25588
770,4212
770,18294
770,22282
770,24157
771,7877
772,8350
772,8719
772,16121
772,26041
773,210
773,9483
773,22195
773,27909
774,17110
775,419
775,2619
775,24488
775,25213
776,12622
776,13858
776,19161
776,28236
777,20477
778,7388
778,9346
778,26852
779,1672
779,5908
779,12336
779,22457
780,7721
780,8837
780,20393
781,4940
781,7578
781,10340
781,27916
782,519
782,11783
782,14968
782,16459
783,1863
783,12166
783,13578
783,20416
784,17787
784,21535
784,21665
784,27069
785,7606
785,13644
785,23706
785,27339
786,4542
786,20549
786,21126
786,22538
787,11578
787,24482
787,24663
787,26685
788,5201
788,12853
788,25056
788,27221
789,9648
789,11782
789,12828
789,24000
790,22214
790,24432
791,4393
791,13927
792,1854
792,11684
792,21001
792,27295
793,262
793,20470
793,22623
793,23070
794,620
794,20867
794,21042
794,26573
795,4065
795,5560
795,8152
795,22675
796,4073
796,6551
796,16509
796,23209
797,4194
797,24399
797,25033
797,25399
798,9384
798,20800
798,24379
798,27669
799,312
799,9499
799,17898
799,22543
800,3896
800,10414
800,25106
800,25174
801,2486
801,13223
801,13834
802,15355
802,17324
802,18646
802,24652
803,4224
803,10177
803,19926
803,26465
804,1434
804,1609
804,12097
804,14638
805,9534
805,21134
805,24966
805,27522
806,23509
807,4254
808,12532
809,1499
809,5245
809,17636
809,25822
810,2693
810,22165
810,25299
810,27365
811,906
811,13899
811,22391
811,26754
812,16313
812,20738
812,23449
812,23939
813,2306
813,3903
813,4463
813,26324
814,3375
814,16476
814,17167
814,23901
815,1052
815,15451
815,18649
815,27933
816,26210
817,1810
818,20218
818,27547
819,2327
819,19756
819,27149
819,27683
820,2095
820,10831
820,23106
820,27363
821,11330
821,16364
821,19660
821,20305
822,2594
822,21741
822,25120
822,28314
823,1242
823,1496
823,14623
823,15702
824,6489
824,13031
824,25365
824,26553
825,4008
825,7677
825,10325
825,23916
826,12415
826,17029
826,18968
826,24560
827,20477
828,4968
828,9614
828,10350
828,27256
829,3099
829,6497
829,13752
829,26721
830,5051
830,10089
830,12265
830,27022
831,1208
831,7517
831,16691
831,23854
832,10924
832,19202
832,23428
832,23571
833,4280
833,4694
833,26700
833,28071
834,21551
834,25335
834,27809
834,28071
835,9259
835,17295
835,17683
835,21730
836,8101
836,9494
836,10697
836,21098
837,2917
837,6134
837,10474
837,26107
838,11949
838,21551
838,21771
838,22996
839,3510
839,5925
839,13229
839,14777
840,2077
840,12586
840,16308
840,21458
841,3263
841,6134
841,24605
841,27889
842,3880
842,4984
842,12198
842,13693
843,6134
843,15683
843,17518
843,21551
844,61
844,9860
844,21006
844,25577
845,2687
845,3934
845,13229
845,18144
846,4955
846,6134
846,10754
846,20152
847,5235
847,6197
847,10682
847,28071
848,5232
848,8010
848,11949
848,15755
849,11529
849,15761
849,18298
849,22652
850,61
850,9860
850,21006
850,25577
851,7676
851,11058
851,16361
851,23571
852,2498
852,11631
852,22965
852,26721
853,4503
853,10089
853,26685
853,27022
854,4283
854,7771
854,13229
854,22965
855,4694
855,13468
855,13820
855,20611
856,5560
856,9410
856,21554
856,22570
857,1321
857,5911
857,21453
857,24312
858,10845
858,12330
858,12514
858,14645
859,8124
859,11462
859,12527
859,15897
860,7223
860,11996
860,13383
860,17301
861,15197
861,18192
861,19509
861,24737
862,15197
862,18192
862,19509
862,24737
863,5738
863,13298
863,20512
863,21729
864,12998
864,16882
864,22742
864,28277
865,3442
865,7274
865,15715
865,17603
866,3840
866,9709
866,21134
866,26908
867,12713
867,15554
867,20421
867,26119
868,2074
868,13145
868,15860
868,22572
869,1159
869,2705
869,8692
869,8850
870,795
870,1888
870,10301
870,27570
871,2573
871,7194
871,22864
871,27552
872,1879
872,4994
872,11179
872,12261
873,1208
873,14363
873,16050
873,23622
874,22405
874,24856
875,2246
875,3129
875,8883
875,24584
876,2445
876,5444
876,23189
876,27087
877,493
877,2599
877,18095
877,23375
878,14846
878,15552
878,18071
878,21903
879,5309
879,7697
879,15784
879,19050
880,1459
880,9030
880,14128
880,24447
881,1869
881,2542
881,9343
881,26172
882,9784
882,12520
882,13488
882,22910
883,9182
883,10313
883,15294
883,28293
884,3504
884,4934
884,16698
884,18406
885,4008
885,8342
885,22724
885,23646
886,5721
887,4090
887,4482
887,17409
887,23765
888,10280
888,16857
888,20958
888,21715
889,701
889,1938
889,5354
889,21227
890,8765
890,13925
890,16761
890,20955
891,20477
892,732
892,6137
892,6682
892,16820
893,4868
893,17298
893,22227
894,20477
895,6929
895,16120
895,19447
895,24875
896,8492
896,10399
896,15631
896,22922
897,5833
897,13574
897,21992
897,25152
898,1818
898,10398
898,15128
898,21805
899,55
899,12884
899,17057
899,19761
900,13602
900,14566
900,24661
900,27491
901,4831
901,21959
901,26591
902,5828
902,14928
902,26058
903,1309
903,4539
903,16861
903,22850
904,4325
904,9227
904,11143
905,13691
905,14314
905,15853
906,6071
906,11804
906,13008
906,15934
907,14592
907,16842
907,22609
907,25840
908,1299
908,3241
908,17674
908,27603
909,7969
909,23539
909,26098
909,28284
910,1416
910,1966
910,7675
910,9273
911,1364
911,6639
911,15810
911,27354
912,1120
912,3790
912,5106
912,7084
913,4472
913,6173
913,10479
913,22930
914,6399
915,1558
915,14006
915,15192
915,27603
916,13630
916,14650
916,26560
916,27285
917,5494
917,14665
917,15083
917,27118
918,4197
918,4649
918,4987
918,26268
919,6299
919,15049
919,18442
919,25733
920,6429
920,13945
920,15724
920,27354
921,5494
921,6570
921,9395
921,27354
922,12923
922,16409
922,20957
922,28082
923,15760
923,17683
923,22300
923,22909
924,5683
924,10465
924,16509
924,27539
925,496
925,4863
925,9734
925,26838
926,816
926,1768
926,2974
926,9839
927,477
927,4369
927,21175
927,25674
928,1197
928,3208
928,11348
928,11946
929,5983
929,8467
929,21901
929,24119
930,28137
931,7437
931,9519
931,11601
931,13791
932,5463
932,21169
932,23228
932,23289
933,4159
933,9360
933,21019
933,28210
934,4543
934,13755
934,19710
934,25493
935,20477
936,6818
936,22147
936,24723
936,27771
937,2679
937,6925
937,16623
937,18499
938,5981
938,6292
938,10090
938,26034
939,2653
939,8498
939,12163
939,13147
940,480
940,10891
940,13370
940,16683
941,3615
941,4147
941,21359
941,23899
942,2150
942,6102
942,6615
942,15693
943,10315
943,15156
943,23816
943,27631
944,597
944,11026
944,22200
944,24460
945,9638
945,11564
945,19891
945,26797
946,3839
946,9959
946,10138
946,21338
947,20477
948,131
948,9825
948,11073
948,25901
949,1417
949,10078
949,17743
949,27522
950,6369
950,14428
950,21472
950,24598
951,5582
951,18791
951,23044
951,24321
952,1580
952,14621
952,18295
952,27276
953,1412
953,2398
953,20726
953,20811
954,18495
954,20808
954,21573
954,23535
955,9860
955,12995
955,13978
955,22314
956,9564
956,12196
956,23141
956,26573
957,3915
957,7407
957,21848
958,5904
958,6136
958,19126
958,23603
959,7299
959,10547
959,12530
959,28427
960,6983
960,12593
960,14618
960,19355
961,12997
962,1851
962,13854
963,12064
963,13970
963,14444
963,24099
964,11246
964,13413
964,16035
964,27101
965,2146
965,2826
965,14156
965,17188
966,5126
966,17734
966,23826
966,24037
967,5504
967,9343
967,13963
967,14854
968,9343
968,9752
968,20737
968,26495
969,2129
969,13183
969,26435
969,26567
970,1026
970,4591
970,15464
970,15505
971,9343
971,14793
971,20256
971,20737
972,2856
972,12463
972,21231
972,27607
973,4712
973,9343
973,14767
973,15101
974,1584
974,10484
974,18055
974,25488
975,8448
975,9343
975,13028
975,27476
976,1438
976,9328
976,9343
976,21183
977,4429
977,9343
977,21629
977,22040
978,2166
978,9343
978,11809
978,12317
979,10027
979,18841
979,19170
979,26516
980,2719
980,9343
980,10974
980,26958
981,8353
981,9343
981,14793
981,25396
982,5599
982,9343
982,11809
982,15194
983,12221
983,18960
983,21578
983,23147
984,9343
984,24268
984,26017
984,27190
985,9343
985,17628
985,19619
985,20700
986,2133
986,6348
986,11002
986,22553
987,9343
987,16154
987,17628
987,20324
988,49
988,2130
988,25527
988,26158
989,11061
989,15482
989,16469
989,21361
990,2770
990,5040
990,6524
990,8794
991,79
991,1291
991,7626
991,11716
992,104
992,15507
992,21977
992,22141
993,3480
993,4340
993,6783
993,13326
994,15255
995,700
995,5714
995,7504
995,15945
996,20861
997,22823
998,5502
998,13183
998,18857
998,22098
999,3480
999,6541
999,10961
999,20069
1000,202
1000,7991
1000,9895
1000,10528
1001,2982
1001,19893
1001,20890
1001,23799
1002,12561
1002,13966
1002,22956
1002,26693
1003,789
1003,3274
1003,23198
1003,27453
1004,610
1004,3480
1004,8359
1004,26766
1005,2414
1005,4241
1005,14246
1005,19318
1006,10524
1006,16509
1006,17141
1006,27297
1007,8685
1007,10101
1007,12201
1007,23301
1008,5258
1008,13229
1008,15870
1008,25059
1009,2880
1009,6270
1009,6835
1009,20107
1010,1200
1010,8152
1010,11488
1010,20107
1011,15230
1011,16133
1011,26083
1011,26639
1012,5400
1012,17483
1012,26764
1012,27924
1013,294
1013,11190
1013,13621
1013,27718
1014,7747
1014,18119
1014,21747
1014,22509
1015,3642
1015,10466
1015,22048
1015,27183
1016,2442
1016,15590
1016,25762
1016,28041
1017,15590
1017,16726
1017,22418
1017,25762
1018,2442
1018,5062
1018,15590
1018,25762
1019,273
1019,6185
1019,21562
1019,26523
1020,13679
1020,19766
1020,23715
1020,28071
1021,2393
1021,6331
1021,17295
1021,22462
1022,3058
1022,4673
1022,22636
1022,22950
1023,6066
1023,9094
1023,9517
1023,19646
1024,2664
1024,8994
1024,20756
1024,27346
1025,4672
1025,7614
1025,22656
1025,27022
1026,3192
1026,10307
1026,16409
1026,17075
1027,5451
1027,7800
1027,19526
1027,25854
1028,2232
1028,9549
1028,16854
1028,22528
1029,1347
1029,1397
1029,19766
1029,21501
1030,8994
1030,12187
1030,16149
1030,21730
1031,13468
1031,22638
1031,27367
1031,27836
1032,15226
1032,17243
1032,18186
1032,19163
1033,2496
1033,2498
1033,3967
1033,8002
1034,17483
1034,18501
1034,24442
1034,25741
1035,3512
1035,13816
1035,23477
1035,23576
1036,12222
1036,19766
1036,23715
1036,28071
1037,3372
1037,16149
1037,23216
1037,23588
1038,2919
1038,21167
1038,22805
1038,27735
1039,4280
1039,13468
1039,21501
1039,28008
1040,1200
1040,22010
1040,22598
1040,26965
1041,9076
1041,14347
1041,18993
1041,24025
1042,12046
1042,19749
1042,26528
1042,26965
1043,11654
1043,13204
1043,16271
1043,24607
1044,4433
1044,13528
1044,25045
1044,27030
1045,4433
1045,13528
1045,25045
1045,27030
1046,5683
1046,7363
1046,10521
1046,20957
1047,4065
1047,13816
1047,27605
1048,3955
1048,14135
1048,16879
1048,23547
1049,3232
1049,3491
1049,8943
1049,27900
1050,678
1050,10862
1050,17370
1050,22727
1051,3979
1051,16583
1051,19615
1051,26383
1052,2917
1052,4219
1052,14007
1052,25849
1053,9170
1053,11861
1053,20877
1053,22811
1054,9812
1054,15120
1054,18289
1054,22837
1055,8665
1055,19471
1055,23340
1055,26200
1056,4219
1056,7263
1056,13978
1056,14007
1057,612
1057,12172
1057,12452
1057,20789
1058,2328
1058,10051
1058,11112
1058,19678
1059,1544
1059,2328
1059,19872
1059,20806
1060,14350
1060,17439
1060,17980
1061,7729
1061,16556
1061,26069
1061,27057
1062,19194
1063,20477
1064,5717
1064,7321
1064,8826
1065,96
1065,13697
1065,15045
1065,26465
1066,5876
1066,15971
1066,17188
1066,27036
1067,7768
1067,10610
1067,10641
1067,28428
1068,16293
1068,17182
1068,21661
1068,26142
1069,8700
1069,8877
1069,10674
1069,28105
1070,685
1070,7965
1070,8679
1070,15363
1071,418
1071,9944
1071,16265
1071,26225
1072,2666
1072,5756
1072,17488
1072,18998
1073,19864
1073,20813
1073,21630
1073,25877
1074,666
1074,1686
1074,9387
1074,18516
1075,2675
1075,8415
1075,14313
1075,19458
1076,3791
1076,3907
1076,6433
1076,14045
1077,1563
1077,16479
1077,19669
1077,26529
1078,159
1078,4449
1078,9001
1079,568
1079,19566
1079,22220
1079,23379
1080,8842
1080,13311
1080,13426
1080,22272
1081,6303
1081,10293
1081,11961
1081,18606
1082,18277
1082,26211
1083,4885
1083,10741
1083,23996
1083,28201
1084,20477
1085,10325
1085,15195
1085,15518
1085,21339
1086,4879
1086,6824
1086,14451
1086,20962
1087,1385
1087,3299
1087,12549
1087,13784
1088,3979
1088,13483
1088,16612
1088,19180
1089,12145
1089,16958
1089,22228
1089,25410
1090,8303
1090,10862
1090,14535
1090,16166
1091,1608
1091,9754
1091,18409
1091,18434
1092,26035
1093,3405
1093,13309
1093,22239
1093,24483
1094,4539
1094,17897
1094,20786
1094,23438
1095,12912
1095,13697
1095,15355
1095,26689
1096,22929
1097,2113
1097,20651
1097,21347
1097,23927
1098,7328
1098,22972
1098,24304
1098,24666
1099,23939
1100,5045
1100,8230
1100,19676
1100,26382
1101,5389
1101,20093
1101,24639
1101,28391
1102,966
1102,17155
1102,19674
1102,26991
1103,4087
1103,15296
1103,19141
1103,28033
1104,2241
1104,18427
1104,22992
1104,23295
1105,6941
1105,13157
1105,14114
1105,19309
1106,20564
1106,24625
1107,5679
1107,8952
1107,16138
1107,21679
1108,2187
1108,14616
1108,21059
1108,21483
1109,7003
1109,8774
1109,15646
1109,25586
1110,17979
1110,20116
1110,25155
1110,25777
1111,12015
1111,16590
1111,22427
1111,28343
1112,826
1112,8075
1112,14040
1112,16645
1113,5567
1113,7513
1113,23524
1113,25299
1114,6472
1114,6983
1114,11663
1114,27463
1115,639
1115,7887
1115,8835
1115,17551
1116,13955
1116,18805
1116,22086
1116,24852
1117,2374
1117,9436
1117,15525
1117,17040
1118,1869
1118,9433
1118,9867
1118,19319
1119,12549
1119,13068
1119,13856
1119,20867
1120,1687
1120,2745
1120,11627
1120,11813
1121,684
1121,1545
1121,8822
1121,22013
1122,6143
1122,15099
1122,20681
1122,22248
1123,120
1123,1869
1123,3996
1123,15206
1124,179
1124,7326
1124,19144
1124,25462
1125,11777
1125,13659
1125,14452
1125,15852
1126,1382
1126,5617
1126,16274
1126,27935
1127,2322
1127,4294
1127,19844
1128,14377
1129,4007
1129,16155
1129,24768
1129,26194
1130,5061
1130,8815
1130,20707
1130,21215
1131,4539
1131,11112
1131,17175
1131,21814
1132,4353
1132,4856
1132,6339
1132,18421
1133,9202
1133,14392
1133,17692
1133,21347
1134,4151
1134,24638
1134,26147
1134,27440
1135,2867
1135,14550
1135,20178
1136,11340
1136,22607
1136,23722
1136,28399
1137,3947
1137,21208
1138,16216
1138,18238
1138,25177
1138,27959
1139,9129
1139,15645
1139,19175
1139,19362
1140,1456
1140,12952
1140,16374
1140,20030
1141,6912
1141,18221
1141,21134
1141,25388
1142,8231
1142,17821
1142,21734
1142,24498
1143,10374
1143,10794
1143,10999
1143,16038
1144,14291
1144,16614
1144,19229
1144,27483
1145,2069
1145,6808
1145,19452
1145,26565
1146,5537
1146,5756
1146,6983
1146,7341
1147,2948
1147,6452
1147,8908
1147,25978
1148,2798
1148,7573
1148,9618
1148,10292
1149,12933
1149,13985
1149,21419
1149,24563
1150,10387
1150,17917
1151,4967
1151,12632
1151,13917
1151,16082
1152,5576
1152,18527
1152,20461
1152,27873
1153,7569
1153,15955
1153,20306
1153,28241
1154,9315
1154,15645
1154,16354
1154,20223
1155,12203
1155,15534
1155,18038
1155,19091
1156,3120
1156,18938
1156,20530
1156,26483
1157,1091
1157,12103
1157,14567
1157,25316
1158,4488
1158,8866
1158,13486
1158,17170
1159,81
1159,944
1159,2135
1159,23671
1160,4313
1160,11976
1160,26728
1160,27720
1161,9589
1161,19850
1161,27455
1162,4081
1162,5133
1162,7403
1162,27545
1163,10610
1163,20149
1163,26947
1163,27945
1164,11977
1164,15939
1164,24507
1164,24652
1165,7960
1165,10605
1165,21230
1165,21288
1166,4977
1166,10520
1166,26315
1166,28323
1167,9805
1167,22508
1167,23092
1167,27715
1168,11267
1168,17936
1168,27484
1168,27689
1169,12090
1169,20530
1169,21864
1169,23293
1170,3930
1170,14127
1170,19558
1170,21624
1171,3486
1172,1942
1172,9026
1172,14445
1172,26322
1173,19244
1173,20097
1173,21354
1173,22369
1174,9868
1174,12367
1174,16167
1174,26948
1175,7722
1175,8804
1175,22137
1175,25897
1176,968
1176,2999
1176,3650
1176,16586
1177,13411
1177,15824
1177,23893
1177,26092
1178,10683
1178,14420
1178,23714
1178,28207
1179,6515
1179,8169
1179,9311
1179,10667
1180,9587
1180,15575
1181,771
1181,3619
1181,17962
1181,23058
1182,14508
1182,14630
1182,14916
1182,17547
1183,457
1183,1925
1183,17404
1183,17808
1184,7405
1184,22973
1184,25569
1184,27251
1185,17034
1186,18212
1186,20417
1186,26710
1186,28528
1187,6701
1187,12638
1187,24196
1187,25060
1188,2335
1188,16075
1188,25479
1188,28043
1189,1208
1189,16816
1189,26250
1189,26326
1190,4510
1190,17703
1190,19468
1190,26405
1191,15313
1191,17862
1191,18366
1191,25274
1192,21661
1192,22294
1192,24694
1192,26618
1193,5050
1193,17318
1193,20774
1193,22589
1194,6397
1194,15116
1194,19950
1194,24444
1195,7951
1195,8055
1195,20647
1195,25272
1196,6724
1196,9640
1196,15218
1196,26821
1197,2108
1197,3998
1197,4257
1197,16902
1198,6769
1198,25962
1199,3848
1199,15955
1199,18985
1199,21602
1200,1844
1200,9477
1200,12165
1200,24189
1201,3881
1201,16417
1202,7731
1202,19258
1202,24680
1203,10676
1203,14737
1203,14739
1203,22582
1204,14460
1204,17237
1204,20225
1204,22590
1205,12942
1205,15849
1205,16166
1205,27651
1206,3582
1206,14781
1206,16995
1206,23382
1207,6899
1207,14571
1207,23565
1207,25969
1208,11032
1208,16405
1208,21113
1208,23415
1209,9957
1209,10045
1209,21332
1209,22190
1210,5502
1210,13183
1210,18857
1210,22098
1211,4076
1211,15746
1211,17863
1211,21397
1212,10964
1212,15807
1212,19510
1212,21276
1213,15807
1213,21318
1213,21519
1213,25303
1214,10895
1214,16576
1214,24750
1214,25517
1215,600
1215,11141
1215,11797
1215,15189
1216,15046
1216,16518
1216,23358
1216,26296
1217,1206
1217,6718
1217,8638
1217,20467
1218,5519
1218,15448
1218,20264
1218,23826
1219,5779
1219,9108
1219,23757
1219,25159
1220,116
1220,16373
1220,19467
1220,23668
1221,20477
1222,7615
1222,13549
1222,20551
1222,21485
1223,9774
1223,19510
1223,21473
1223,26826
1224,854
1224,12340
1224,19240
1224,21276
1225,3183
1225,5057
1225,23604
1225,25719
1226,508
1226,2617
1226,14200
1226,14904
1227,1970
1227,4926
1227,15829
1227,24009
1228,2036
1228,15045
1228,17528
1228,27945
1229,7331
1229,7796
1229,15264
1229,18597
1230,4979
1230,5819
1230,7724
1230,28099
1231,19538
1232,2275
1232,4939
1232,6138
1232,17749
1233,7028
1233,15355
1233,17324
1233,26870
1234,4234
1234,4752
1234,23582
1234,23741
1235,9896
1235,20005
1235,23689
1235,27105
1236,3286
1236,17125
1236,23299
1236,24902
1237,4888
1237,7413
1237,9722
1237,17256
1238,7752
1238,11789
1238,12221
1238,27643
1239,7535
1239,13403
1239,20721
1239,28431
1240,4085
1240,10844
1240,12499
1240,26036
1241,803
1241,5630
1241,10856
1241,15569
1242,6925
1242,12581
1242,14478
1242,15057
1243,2165
1243,3531
1243,15814
1243,15877
1244,2252
1244,3219
1244,5218
1244,24782
1245,13593
1245,17094
1245,26538
1245,27486
1246,2721
1246,17341
1246,21069
1246,24899
1247,2649
1247,4377
1247,6123
1247,6573
1248,21888
1248,22022
1248,23687
1248,26724
1249,12461
1249,14929
1249,19544
1250,5502
1250,13183
1250,18857
1250,22098
1251,827
1251,13653
1251,25142
1251,26804
1252,10302
1252,12217
1252,14720
1252,19030
1253,20477
1254,4797
1254,10885
1254,14328
1254,21184
1255,1187
1255,12145
1255,12975
1255,18541
1256,487
1256,5454
1256,5899
1256,21958
1257,5776
1257,9582
1257,15017
1257,19892
1258,11734
1258,15355
1258,17324
1258,27327
1259,6304
1259,11147
1259,15038
1259,27945
1260,6200
1260,10826
1260,11416
1260,18728
1261,12591
1261,22011
1261,22933
1261,23000
1262,6567
1262,17671
1262,19143
1262,23256
1263,3317
1263,5659
1263,10519
1263,28326
1264,1088
1264,16266
1264,20329
1264,24317
1265,20477
1266,2271
1266,7551
1266,11004
1266,21925
1267,20477
1268,2298
1268,15320
1268,22907
1268,25334
1269,2823
1269,21082
1269,21316
1269,27854
1270,5581
1270,11101
1270,25271
1270,28449
1271,482
1271,3641
1271,11878
1271,26777
1272,1852
1272,20081
1272,24263
1272,27419
1273,11518
1273,17166
1273,24609
1273,27017
1274,8846
1274,13582
1274,20770
1274,21378
1275,20477
1276,353
1276,9247
1276,16326
1276,17538
1277,5927
1277,8244
1277,16143
1277,16349
1278,844
1278,4068
1278,12194
1278,26974
1279,11277
1279,13478
1279,17548
1279,28210
1280,20477
1281,1919
1281,6596
1281,16621
1281,27055
1282,872
1282,13306
1282,14884
1282,15818
1283,12135
1283,15841
1283,17812
1283,19639
1284,2952
1284,12241
1285,4021
1285,6913
1285,14623
1285,21998
1286,3398
1286,10760
1286,20461
1286,20934
1287,7800
1287,11304
1287,13654
1287,21770
1288,5940
1288,12130
1288,13493
1288,13934
1289,20477
1290,11545
1290,14255
1290,19618
1290,25238
1291,8076
1291,15524
1291,23238
1291,27498
1292,18027
1292,20220
1292,20367
1293,4260
1293,9644
1293,14784
1293,23325
1294,14738
1294,16041
1294,19503
1294,26128
1295,643
1295,3000
1295,3293
1295,7007
1296,5705
1296,6882
1296,11901
1296,25615
1297,9104
1297,10070
1297,23980
1297,25982
1298,4383
1298,4499
1298,5078
1298,15221
1299,2225
1299,7619
1299,15372
1299,21923
1300,15568
1301,1889
1301,2394
1301,16571
1301,22891
1302,12311
1302,13702
1302,14604
1302,17081
1303,1536
1303,13384
1303,19047
1303,20062
1304,1393
1304,24275
1304,24828
1304,27305
1305,6342
1305,21922
1305,25808
1305,27210
1306,4565
1306,6689
1306,15089
1306,23147
1307,9542
1307,20053
1307,20849
1307,23330
1308,13420
1308,16188
1308,18343
1308,20089
1309,2054
1309,3132
1309,13047
1309,15368
1310,4962
1310,12769
1310,21323
1310,28034
1311,290
1311,5827
1311,13004
1311,27821
1312,7371
1312,7755
1312,24403
1312,24656
1313,21746
1313,26410
1314,9666
1314,12591
1314,12792
1314,27811
1315,2814
1315,5022
1315,9306
1315,18279
1316,11159
1316,18945
1316,24682
1316,27704
1317,7904
1317,12368
1317,17973
1317,24848
1318,27328
1319,984
1319,5482
1319,9632
1319,24592
1320,3661
1320,12720
1320,15725
1320,17505
1321,284
1321,7534
1321,20469
1321,21953
1322,5715
1322,5832
1322,18069
1322,26767
1323,3436
1323,5948
1323,6448
1323,22505
1324,9167
1324,11317
1324,16069
1324,23927
1325,2481
1325,10120
1325,18249
1325,24113
1326,3233
1326,6393
1326,7203
1326,24476
1327,588
1327,4370
1327,10583
1327,23433
1328,11382
1328,18569
1328,22075
1328,23823
1329,28174
1330,1086
1330,6751
1330,12645
1330,20273
1331,2382
1331,16089
1331,16732
1331,19189
1332,1940
1332,6476
1332,17135
1332,25100
1333,20477
1334,7772
1334,8096
1334,12849
1334,24509
1335,3833
1335,4844
1335,12605
1335,16835
1336,20477
1337,11868
1337,16076
1338,4977
1338,9432
1338,19518
1338,22406
1339,8727
1339,10415
1339,16449
1339,18099
1340,4556
1340,17892
1340,19453
1340,26230
1341,2670
1342,4107
1342,7974
1342,11166
1342,12853
1343,5476
1343,5648
1343,6966
1343,13883
1344,4775
1344,15879
1344,19403
1344,20532
1345,7783
1345,17541
1345,27242
1345,27648
1346,11175
1346,15368
1346,19617
1347,6103
1347,10203
1347,20535
1347,25783
1348,2294
1348,18589
1348,19954
1348,27727
1349,1188
1349,6949
1349,9751
1349,21569
1350,7336
1350,24169
1351,9129
1351,15283
1351,20397
1351,24468
1352,10738
1352,17907
1352,18961
1352,20073
1353,1988
1353,15070
1353,19794
1353,25585
1354,2908
1354,8140
1354,16113
1354,21640
1355,1255
1355,5585
1355,14351
1355,17401
1356,10027
1356,18841
1356,19170
1356,26516
1357,4970
1357,7455
1357,15131
1357,18130
1358,18655
1359,4871
1359,10688
1359,22338
1359,25121
1360,1002
1360,9681
1360,19096
1360,26321
1361,6286
1361,28024
1362,14385
1362,17474
1362,24934
1362,26252
1363,1826
1363,23147
1363,23627
1363,26355
1364,20477
1365,2161
1365,4301
1365,19025
1365,25861
1366,2914
1366,7298
1366,12308
1366,21607
1367,633
1367,13241
1367,19549
1367,22022
1368,4733
1369,20477
1370,5502
1370,13183
1370,18857
1370,22098
1371,1914
1371,13721
1371,22657
1371,26277
1372,5197
1372,13869
1372,27751
1372,28331
1373,1910
1373,4809
1373,8411
1373,24443
1374,4010
1374,5797
1374,16011
1374,24703
1375,14990
1376,2681
1376,5484
1376,13614
1376,15173
1377,1758
1377,2751
1377,11310
1377,14756
1378,2297
1378,16555
1378,23949
1378,26937
1379,7292
1379,10373
1379,15868
1379,23552
1380,2422
1380,4726
1380,7396
1380,27900
1381,9158
1381,16877
1381,25456
1381,25575
1382,4923
1382,11103
1382,14587
1382,18031
1383,17428
1383,20654
1383,22523
1383,22722
1384,4154
1384,17557
1384,21947
1384,28439
1385,10126
1385,15102
1385,20032
1385,22375
1386,3372
1386,6301
1386,19418
1386,25391
1387,3186
1387,3762
1387,11724
1387,27850
1388,5689
1388,9418
1388,17171
1388,22178
1389,6629
1389,9654
1389,12751
1389,21052
1390,401
1390,21804
1390,28374
1390,28515
1391,4542
1391,12279
1391,18831
1391,25163
1392,10027
1392,18841
1392,19170
1392,26516
1393,9604
1393,13150
1393,15557
1393,22248
1394,12160
1394,16832
1394,18634
1394,20931
1395,8412
1395,9922
1395,15415
1395,20911
1396,9574
1396,9634
1396,25617
1396,27006
1397,5546
1397,15256
1397,15423
1397,18990
1398,3159
1398,20567
1398,22353
1399,128
1399,5020
1399,15909
1399,27537
1400,2052
1400,20001
1400,25257
1401,975
1401,7947
1401,17045
1401,21989
1402,4530
1402,13296
1402,14254
1402,23864
1403,2665
1403,19713
1403,21904
1403,26373
1404,2665
1404,19713
1404,21904
1404,26373
1405,646
1405,19310
1405,23288
1405,26506
1406,2665
1406,19713
1406,21904
1406,26373
1407,2665
1407,19713
1407,21904
1407,26373
1408,2665
1408,19713
1408,21904
1408,26373
1409,1934
1409,14900
1409,20486
1409,21792
1410,8724
1411,2514
1411,4793
1411,10940
1411,25138
1412,2424
1412,8560
1412,9968
1412,28085
1413,4244
1414,8727
1414,18830
1414,19687
1414,21038
1415,1795
1415,5821
1415,19421
1415,27221
1416,8560
1416,15277
1416,25167
1416,25826
1417,2104
1417,7964
1417,19455
1417,27155
1418,3385
1418,7358
1418,9372
1418,18037
1419,4783
1419,8125
1419,8375
1419,10305
1420,274
1420,581
1420,4116
1420,14411
1421,2830
1421,7603
1421,8275
1421,20497
1422,7283
1422,7493
1422,7701
1422,18416
1423,7578
1423,12133
1423,14494
1423,26593
1424,8374
1424,19461
1424,22671
1424,25084
1425,8491
1425,8559
1425,19534
1425,23970
1426,111
1426,2419
1426,3829
1426,22786
1427,14441
1427,15146
1427,20496
1427,23261
1428,9576
1428,10347
1428,25191
1428,27132
1429,4173
1429,9156
1429,16844
1429,20323
1430,12951
1430,13704
1430,18636
1430,20002
1431,16164
1431,17005
1431,19547
1431,23001
1432,485
1432,9640
1432,11762
1432,28089
1433,5291
1433,8961
1433,17941
1433,18635
1434,4861
1434,6417
1434,23496
1434,27965
1435,13850
1436,11431
1436,20013
1436,23021
1436,24272
1437,1996
1437,4196
1437,22795
1437,26765
1438,931
1438,14162
1438,16700
1438,22212
1439,3202
1439,5665
1439,20697
1439,23265
1440,3945
1440,6678
1440,8446
1440,28455
1441,3125
1441,21986
1441,23828
1442,1618
1442,4563
1442,11510
1442,13241
1443,8911
1443,26098
1443,27392
1443,28427
1444,8695
1444,8847
1444,11676
1444,25001
1445,1585
1445,2258
1445,3354
1445,24824
1446,5397
1446,18697
1446,20621
1446,28076
1447,9351
1447,14598
1447,20230
1447,21969
1448,3162
1448,16766
1448,23291
1448,26920
1449,20477
1450,10101
1450,15485
1450,21489
1450,26220
1451,1794
1451,11705
1451,17816
1451,27871
1452,1834
1452,5483
1452,16816
1452,25731
1453,1910
1453,4162
1453,17118
1453,21470
1454,5220
1454,10963
1454,22919
1454,25459
1455,3392
1455,14553
1455,18099
1455,21286
1456,7130
1456,17484
1456,20221
1456,23191
1457,14998
1457,19154
1457,20731
1457,24618
1458,1643
1458,6025
1458,16393
1458,17968
1459,9151
1459,16919
1459,18611
1459,21101
1460,5512
1460,14702
1460,17028
1460,26734
1461,3113
1461,8560
1461,12051
1461,20831
1462,10506
1462,17503
1462,18890
1462,22626
1463,957
1463,17536
1463,20095
1463,21007
1464,12495
1464,16122
1464,26833
1464,28324
1465,2457
1465,7261
1465,9631
1465,22229
1466,328
1466,8129
1466,17170
1466,19264
1467,5423
1467,10013
1467,16785
1467,26824
1468,6435
1468,6542
1468,15160
1468,26449
1469,18855
1469,19131
1469,24564
1469,26822
1470,5192
1470,5641
1470,13433
1470,20984
1471,18850
1471,20779
1471,22682
1471,23433
1472,322
1472,12796
1472,18013
1472,28100
1473,8849
1473,15165
1473,16753
1473,24751
1474,1901
1474,11098
1474,13091
1474,19664
1475,3130
1475,6599
1475,17878
1475,21612
1476,15499
1476,23175
1476,24160
1476,25357
1477,2435
1477,10877
1477,11913
1477,11962
1478,6975
1478,9874
1478,24266
1478,28443
1479,12683
1479,12715
1479,19260
1479,25139
1480,632
1480,12863
1480,14012
1480,27548
1481,3064
1482,993
1482,13258
1482,17304
1482,25628
1483,9111
1483,11750
1483,12136
1483,21943
1484,107
1484,12039
1484,21943
1484,23552
1485,1253
1485,5757
1485,6352
1485,25982
1486,3194
1486,22349
1486,22497
1486,25967
1487,8445
1487,18778
1487,25825
1487,27526
1488,6163
1488,16821
1488,21644
1488,23476
1489,1141
1489,3777
1489,16821
1489,26018
1490,5511
1490,21895
1490,23365
1490,25649
1491,1013
1491,8851
1491,12723
1491,27302
1492,1796
1492,2743
1492,7495
1492,8070
1493,198
1493,6352
1493,11530
1493,12251
1494,3018
1494,4578
1494,16418
1494,17410
1495,4345
1495,13570
1495,16305
1495,25616
1496,574
1496,8503
1496,9487
1496,10650
1497,2881
1497,9454
1497,23424
1497,25825
1498,108
1498,5771
1498,17727
1498,23865
1499,20477
1500,5101
1500,5712
1500,22413
1500,28422
1501,9295
1501,12609
1501,17176
1501,19343
1502,22057
1502,27487
1503,3799
1503,19029
1503,19399
1503,27357
1504,9500
1504,16237
1504,18185
1504,24034
1505,28
1505,10545
1505,23128
1505,24528
1506,12340
1506,16596
1506,19240
1506,21276
1507,8630
1507,14861
1507,23646
1507,26341
1508,3959
1508,18112
1508,18491
1508,22363
1509,5104
1509,8310
1509,12965
1509,16934
1510,1484
1510,3367
1510,14166
1510,24207
1511,17827
1511,17877
1511,22796
1511,27331
1512,8367
1512,16707
1512,22729
1512,27873
1513,10345
1513,26011
1513,27395
1514,20477
1515,5555
1515,6291
1515,12759
1515,26601
1516,4911
1516,16309
1516,17682
1516,22010
1517,7955
1517,23711
1518,12024
1518,13694
1518,18245
1518,18659
1519,9723
1519,16818
1519,19528
1519,28495
1520,2969
1520,4273
1520,12799
1520,17509
1521,11800
1521,22800
1521,25002
1521,26690
1522,8322
1522,9177
1522,23685
1522,27992
1523,14716
1523,25034
1523,26854
1523,27304
1524,2990
1524,6046
1524,21926
1524,27797
1525,12580
1525,15748
1525,26076
1525,27010
1526,9566
1526,15853
1526,19759
1526,25146
1527,3545
1527,12374
1527,16695
1527,25387
1528,2140
1528,8252
1528,12171
1529,5003
1529,7405
1529,20945
1529,27011
1530,880
1530,1407
1530,18480
1530,21081
1531,153
1531,2647
1531,3095
1531,19303
1532,3217
1532,11269
1532,24664
1532,28081
1533,19346
1533,20368
1533,20590
1533,26924
1534,1326
1534,14034
1534,19295
1534,22985
1535,554
1535,6436
1535,9865
1535,12687
1536,4696
1536,8563
1536,19208
1536,20698
1537,9791
1537,11570
1537,16545
1537,24020
1538,5824
1538,13080
1538,15661
1538,20749
1539,7995
1539,24480
1539,25370
1539,26832
1540,1133
1540,13671
1540,16086
1540,21371
1541,427
1541,15987
1541,17642
1541,22314
1542,144
1542,2414
1542,2585
1542,2685
1543,20477
1544,7211
1544,16488
1545,7364
1545,8435
1545,10269
1545,11032
1546,20477
1547,6680
1547,7833
1547,12004
1547,27939
1548,73
1548,6571
1548,9023
1548,25059
1549,5494
1549,12188
1549,15433
1549,21175
1550,2313
1550,5167
1550,9180
1550,25005
1551,8583
1551,8835
1551,12906
1551,25555
1552,7658
1552,15954
1552,23340
1552,26965
1553,1042
1553,5167
1553,7588
1553,11514
1554,4284
1554,4926
1554,15267
1554,25928
1555,1025
1555,17840
1555,25090
1555,25743
1556,20477
1557,518
1557,5276
1557,13130
1557,27126
1558,18726
1558,23160
1558,23540
1558,27678
1559,1695
1559,13938
1559,20058
1559,25461
1560,7204
1560,8458
1560,23223
1560,24126
1561,14314
1561,19759
1561,25465
1561,26596
1562,2470
1562,8359
1562,9563
1562,15760
1563,13245
1563,20368
1563,23866
1564,144
1564,2414
1564,2585
1564,2685
1565,16149
1565,17576
1565,18624
1565,21340
1566,518
1566,8766
1566,10660
1566,24552
1567,10333
1567,19615
1567,23861
1567,26345
1568,10364
1569,2950
1569,8522
1569,10249
1569,10796
1570,7009
1570,11879
1570,15742
1570,19167
1571,2154
1571,11319
1571,13579
1571,21293
1572,1693
1572,3518
1572,27670
1573,9934
1573,14969
1573,18196
1573,18549
1574,3236
1574,4942
1574,9216
1574,19851
1575,1254
1575,12598
1575,17033
1575,24263
1576,3763
1576,15180
1576,16131
1576,26079
1577,6992
1577,20378
1577,22726
1577,26187
1578,3507
1578,22184
1578,23487
1578,25684
1579,7280
1579,10174
1579,19816
1579,22665
1580,3020
1580,6561
1580,16627
1580,18133
1581,12208
1581,18263
1581,19600
1581,23071
1582,2373
1582,8650
1582,10272
1582,13037
1583,8642
1583,15299
1583,18903
1583,28417
1584,7509
1584,11360
1584,16724
1584,21065
1585,518
1585,1224
1585,1745
1585,19759
1586,764
1586,11739
1586,19146
1586,25287
1587,8846
1587,16907
1587,27602
1587,27899
1588,3972
1588,12581
1588,20951
1588,22908
1589,11960
1589,18906
1589,25871
1589,26047
1590,5063
1590,10995
1590,12533
1590,17417
1591,2111
1591,2885
1591,2898
1591,22311
1592,5502
1592,13183
1592,18857
1592,22098
1593,3120
1593,10429
1593,12148
1593,17549
1594,9610
1594,20455
1594,21303
1594,23734
1595,4801
1595,5491
1595,18758
1595,19017
1596,13877
1597,11551
1597,15877
1597,17932
1597,18194
1598,21768
1598,24862
1598,25845
1598,27016
1599,8204
1599,14593
1599,20322
1599,26143
1600,15379
1600,15910
1600,25262
1600,25313
1601,5003
1601,14524
1601,16827
1601,20722
1602,14805
1602,17178
1602,23433
1602,24071
1603,5007
1603,9882
1603,18040
1603,25416
1604,18850
1604,20779
1604,22682
1604,23433
1605,20477
1606,1910
1606,4162
1606,17118
1606,21470
1607,3766
1607,11701
1607,13698
1607,21190
1608,1983
1608,8536
1608,22724
1608,24730
1609,127
1609,6466
1609,9978
1609,16899
1610,1302
1610,3299
1610,10267
1610,17728
1611,5385
1612,1171
1612,7627
1612,13264
1612,21193
1613,428
1613,6144
1613,9008
1613,20975
1614,4690
1614,10406
1614,14380
1614,14845
1615,9749
1615,14567
1615,18535
1615,24646
1616,3877
1616,8940
1616,9181
1616,10113
1617,11822
1617,12774
1617,13465
1617,17296
1618,6778
1618,17694
1618,24032
1618,28364
1619,9368
1619,18613
1619,23164
1619,24887
1620,1349
1620,16062
1620,25441
1620,27111
1621,11430
1621,23262
1621,23761
1621,25209
1622,3824
1622,15458
1622,18408
1622,24683
1623,8255
1623,13856
1623,17360
1623,26834
1624,1269
1624,3620
1624,10133
1624,18513
1625,3585
1625,4335
1625,5781
1625,27074
1626,13835
1627,19312
1628,14169
1628,17524
1628,22516
1628,25536
1629,67
1629,2595
1629,6572
1629,12166
1630,435
1630,9530
1630,12279
1631,27460
1632,27460
1633,2637
1633,12004
1633,26306
1633,26577
1634,4537
1634,6285
1634,10471
1634,10869
1635,8912
1635,12737
1635,14664
1635,16438
1636,4230
1636,10158
1636,17126
1636,19293
1637,14279
1637,15454
1637,17725
1637,17887
1638,23025
1639,3211
1639,13380
1639,16875
1639,28104
1640,4655
1640,16890
1640,18969
1640,21582
1641,699
1641,17608
1641,21384
1641,23467
1642,9317
1642,12689
1642,19870
1642,20521
1643,8351
1643,8406
1643,21399
1643,23136
1644,13739
1644,16388
1644,20036
1644,26702
1645,15691
1645,17261
1645,19033
1645,22336
1646,7250
1646,9889
1646,11724
1646,27092
1647,20477
1648,1928
1648,19286
1648,22358
1648,25956
1649,15881
1650,5210
1650,13472
1650,19403
1650,21852
1651,10147
1651,26705
1651,28167
1652,6734
1652,9422
1652,22369
1652,26196
1653,824
1653,931
1653,24947
1653,25124
1654,4702
1654,10010
1654,14728
1654,22364
1655,195
1655,3444
1655,9319
1655,26869
1656,15856
1656,23357
1656,25225
1656,27139
1657,10373
1657,19785
1657,23523
1657,23552
1658,6025
1658,7535
1658,20765
1658,22705
1659,1553
1659,21072
1659,22875
1659,24473
1660,4594
1660,5265
1660,10080
1660,12492
1661,2929
1661,12098
1661,14433
1661,28327
1662,1166
1662,1440
1662,4642
1662,20216
1663,4506
1663,5817
1663,24699
1663,25013
1664,3964
1664,9004
1664,18908
1664,22463
1665,22463
1666,12118
1666,24978
1666,25299
1666,27848
1667,3778
1667,15937
1667,20208
1667,24572
1668,969
1668,12949
1669,15107
1669,16562
1669,17325
1669,21484
1670,6227
1670,11191
1670,27381
1670,28248
1671,1225
1671,3069
1671,5572
1671,24858
1672,3612
1672,7288
1672,7939
1672,26358
1673,8018
1674,1593
1674,14576
1674,22342
1674,28473
1675,3473
1675,10190
1675,12157
1675,24228
1676,16164
1676,19458
1676,21562
1676,26577
1677,2079
1677,15203
1677,27145
1677,27511
1678,4186
1678,6525
1678,14603
1679,20477
1680,751
1680,11375
1680,20677
1680,28342
1681,3522
1681,13478
1681,26881
1681,27695
1682,2529
1682,10012
1682,15857
1683,883
1683,7505
1683,12252
1683,26900
1684,245
1684,3645
1684,21298
1684,24152
1685,8190
1685,9738
1685,13407
1685,21053
1686,475
1686,3467
1686,12713
1686,27930
1687,1935
1687,8619
1687,15994
1687,20972
1688,283
1688,3046
1688,10713
1688,23775
1689,6970
1690,125
1690,652
1690,5645
1690,15697
1691,10743
1691,16585
1691,22515
1691,28420
1692,779
1692,24062
1692,24336
1692,28029
1693,16497
1694,2889
1694,10123
1694,11037
1694,24668
1695,1889
1695,2394
1695,16571
1695,22891
1696,3646
1696,6709
1696,8398
1696,22263
1697,1599
1697,11875
1697,26106
1697,28450
1698,20875
1698,21963
1698,23879
1698,26223
1699,189
1699,5095
1699,10405
1699,24545
1700,7185
1700,10627
1700,17161
1700,26132
1701,4708
1701,5188
1701,13922
1701,20850
1702,3479
1702,8510
1702,10537
1702,27655
1703,6577
1703,23453
1703,23794
1703,27181
1704,2636
1704,7364
1704,9572
1704,13862
1705,9783
1705,18150
1705,18845
1705,27616
1706,3935
1707,8274
1707,14544
1707,26542
1707,27267
1708,6694
1708,7810
1709,910
1709,10323
1709,18775
1709,22368
1710,3805
1710,8401
1710,14962
1710,16664
1711,8299
1711,14269
1711,16743
1712,24814
1713,887
1714,12375
1714,16835
1714,25987
1714,27924
1715,3894
1715,12309
1715,16222
1715,23904
1716,7434
1717,14877
1717,18656
1717,18921
1717,20862
1718,2587
1718,6690
1718,9680
1718,19409
1719,6097
1719,15656
1719,21853
1719,28172
1720,7433
1720,21799
1721,10125
1721,20675
1721,21962
1721,26604
1722,3802
1722,15013
1722,21186
1722,21359
1723,1939
1723,12701
1723,14157
1723,23376
1724,20477
1725,920
1725,5479
1725,16686
1725,27023
1726,5574
1726,11367
1727,15161
1728,3317
1728,10519
1728,20196
1728,28326
1729,4631
1729,10635
1729,16901
1729,27409
1730,10100
1730,14514
1730,17674
1730,19446
1731,5037
1731,5494
1731,16777
1731,25774
1732,5079
1732,5269
1732,16467
1732,28144
1733,11187
1733,17675
1733,18972
1733,24590
1734,11553
1734,16248
1734,28182
1734,28321
1735,3108
1736,2565
1736,6687
1736,11562
1736,24940
1737,7599
1737,9777
1737,14067
1737,20866
1738,6166
1738,11720
1738,18935
1738,23958
1739,4292
1739,7528
1739,18051
1739,22614
1740,4381
1740,18955
1740,22098
1740,23105
1741,9855
1741,11457
1741,14639
1741,23301
1742,57
1742,5249
1742,23254
1742,25677
1743,6775
1743,12164
1743,19779
1743,20399
1744,6542
1744,19640
1744,26771
1744,26909
1745,3195
1745,4084
1745,9686
1745,24349
1746,14798
1746,16817
1746,24968
1746,27457
1747,9418
1747,10293
1747,11858
1747,17765
1748,4715
1748,7040
1748,20544
1748,24161
1749,648
1749,8753
1749,11077
1749,19604
1750,10262
1751,3146
1751,9799
1751,15749
1751,20251
1752,2890
1752,7683
1752,12856
1752,13731
1753,1484
1753,4326
1753,10739
1753,14037
1754,703
1754,12025
1754,14990
1754,25927
1755,18100
1755,19225
1755,23251
1755,26828
1756,4823
1756,11511
1756,19814
1756,25182
1757,1095
1757,2893
1757,8717
1757,21621
1758,4384
1758,7785
1758,10995
1758,21186
1759,20477
1760,5629
1760,17008
1760,19774
1760,27641
1761,6839
1761,16715
1761,20454
1761,24626
1762,8286
1762,9023
1762,15990
1762,22794
1763,812
1764,4830
1764,8409
1764,12276
1764,26753
1765,751
1765,17576
1765,24888
1765,27979
1766,659
1766,3371
1766,6342
1766,21840
1767,8477
1767,10632
1767,13933
1767,19332
1768,3631
1768,7815
1768,19472
1768,26766
1769,948
1769,2976
1769,3572
1769,10038
1770,7416
1770,15646
1770,23320
1770,24961
1771,8630
1771,10142
1771,21411
1771,24321
1772,15677
1772,16036
1772,20755
1772,25808
1773,6849
1773,17645
1773,19113
1773,19995
1774,1583
1774,1745
1774,3249
1774,9566
1775,3249
1775,10642
1775,14110
1775,27285
1776,5707
1776,26221
1776,26560
1776,27285
1777,9675
1777,24392
1777,25544
1777,28286
1778,1745
1778,7880
1778,13700
1778,19759
1779,2907
1779,14532
1779,17072
1779,27790
1780,1745
1780,10660
1780,17234
1780,19759
1781,2811
1782,5043
1782,7241
1782,15807
1782,19192
1783,3660
1783,7231
1783,9036
1783,13392
1784,1745
1784,6906
1784,9300
1784,25632
1785,2674
1785,3660
1785,13008
1785,13691
1786,8283
1786,12434
1786,24127
1786,27538
1787,4453
1787,7218
1787,21293
1788,130
1788,4038
1788,9036
1788,25146
1789,3610
1789,4684
1789,12268
1789,26208
1790,5968
1790,13843
1790,18537
1790,26243
1791,4038
1791,4684
1791,21164
1791,26208
1792,2454
1792,16212
1792,23797
1792,25061
1793,3577
1793,5277
1793,9718
1793,13364
1794,9606
1794,9608
1794,9718
1794,25632
1795,9566
1795,13168
1795,21293
1795,22134
1796,6326
1796,16145
1796,18115
1797,3660
1797,19811
1797,25632
1797,25705
1798,9606
1798,9608
1798,9718
1798,24453
1799,12610
1799,13691
1799,18558
1799,27203
1800,12003
1800,15006
1800,20380
1800,24971
1801,12364
1802,3443
1802,4052
1802,5452
1802,13001
1803,1224
1803,7924
1803,15853
1803,18963
1804,4872
1804,7329
1804,17761
1804,27386
1805,3422
1805,6919
1805,12944
1805,22185
1806,12032
1806,13997
1806,14512
1806,26691
1807,10351
1807,11131
1807,17174
1807,21823
1808,1734
1808,16338
1808,20436
1808,22306
1809,8792
1809,16811
1809,21810
1809,26656
1810,1686
1810,4299
1810,20534
1810,20852
1811,5763
1811,15807
1811,25586
1811,26463
1812,9988
1812,12537
1812,16334
1812,23709
1813,4779
1814,1910
1814,4162
1814,17118
1814,21470
1815,2000
1815,16029
1815,17620
1815,20297
1816,6912
1816,13430
1816,21341
1816,23700
1817,2599
1817,2653
1817,7872
1817,12081
1818,1624
1818,8385
1818,13930
1818,14758
1819,2387
1819,21688
1819,24597
1819,26461
1820,5556
1820,8355
1820,21758
1820,27757
1821,6474
1821,7134
1821,10864
1821,11717
1822,8128
1822,11991
1822,19267
1822,22866
1823,5848
1823,11316
1823,13408
1823,22224
1824,7121
1824,7898
1824,11803
1824,14076
1825,7121
1825,15115
1826,8922
1826,16615
1826,20864
1826,26233
1827,13221
1827,25447
1827,27656
1827,28527
1828,14291
1828,14535
1828,25410
1828,27676
1829,18923
1829,19376
1829,22138
1829,23990
1830,16940
1830,19789
1830,21342
1830,23409
1831,8206
1832,9480
1832,23202
1832,24114
1832,27062
1833,10208
1833,16636
1833,22146
1833,25136
1834,9854
1834,12553
1834,20075
1834,21594
1835,18014
1835,22082
1836,2755
1836,18072
1836,22053
1836,27579
1837,7357
1837,8468
1837,17609
1837,22142
1838,11964
1838,15112
1838,19403
1838,27784
1839,10879
1839,13060
1839,16787
1839,22763
1840,4134
1840,8363
1840,16640
1840,20907
1841,296
1841,505
1841,3762
1841,13068
1842,15353
1842,15978
1842,20836
1842,23612
1843,6153
1843,17047
1843,22245
1843,26337
1844,9081
1844,12362
1844,15705
1844,16335
1845,1214
1845,3937
1845,6297
1845,18631
1846,11738
1846,22585
1847,20477
1848,6551
1848,11092
1848,15484
1848,24397
1849,3192
1849,10241
1849,17160
1849,27012
1850,610
1850,6536
1850,8197
1850,21730
1851,16293
1851,17182
1851,21661
1851,26142
1852,1005
1852,7985
1852,9156
1852,10420
1853,6107
1853,15492
1853,24359
1854,7040
1854,10142
1854,13145
1854,18537
1855,620
1855,12081
1855,16583
1855,23450
1856,2662
1856,5146
1856,17439
1856,24289
1857,2854
1857,9390
1857,16166
1857,16918
1858,2716
1858,4709
1858,22868
1858,28454
1859,1677
1859,7032
1859,20331
1859,27858
1860,2490
1860,21186
1860,23895
1860,28236
1861,3468
1861,21061
1862,3903
1862,9208
1862,14329
1862,25304
1863,6602
1863,12513
1863,16615
1863,19611
1864,5749
1864,11667
1864,14825
1864,23147
1865,10223
1865,10655
1865,26520
1865,27126
1866,15608
1866,18000
1866,24480
1866,24653
1867,1789
1867,8370
1867,22278
1867,24600
1868,2346
1868,7743
1868,18084
1868,20865
1869,3791
1869,3907
1869,6433
1869,14045
1870,9984
1871,8330
1871,12445
1871,19520
1871,20200
1872,17335
1872,21176
1872,25104
1872,27130
1873,1289
1873,11681
1873,24535
1873,27768
1874,1504
1874,1995
1874,26280
1874,27553
1875,13600
1875,14255
1875,26258
1875,28208
1876,347
1876,13455
1876,21357
1877,5844
1877,9378
1877,15485
1877,18550
1878,20477
1879,2347
1879,3658
1879,15329
1879,21042
1880,2257
1880,7400
1880,8585
1880,12354
1881,20477
1882,4352
1882,9682
1882,19455
1882,20499
1883,9761
1883,12835
1883,20074
1883,25148
1884,70
1884,7153
1884,17305
1884,23554
1885,1468
1885,7074
1885,12613
1885,22434
1886,5129
1886,5424
1886,11224
1886,17555
1887,6852
1888,7561
1888,10078
1888,23160
1888,28007
1889,25332
1890,1463
1890,3928
1890,9408
1890,21423
1891,8359
1891,11049
1891,14386
1891,19980
1892,1686
1892,17730
1892,20548
1892,28294
1893,4980
1893,14536
1893,16449
1893,23488
1894,4192
1894,7861
1894,9900
1894,17255
1895,6263
1895,7736
1895,20398
1895,23787
1896,3409
1896,12310
1896,13340
1896,18647
1897,1776
1897,6099
1897,10165
1897,14037
1898,449
1898,5134
1898,5682
1898,25781
1899,10321
1899,12500
1899,18813
1899,23699
1900,3189
1900,11710
1900,20441
1900,22861
1901,4028
1901,19377
1901,19480
1901,28047
1902,3604
1902,17273
1902,18604
1902,23975
1903,19707
1903,24249
1904,3972
1904,13068
1904,16175
1904,28405
1905,7232
1905,8338
1905,14064
1905,20676
1906,2977
1906,8434
1906,21240
1906,24535
1907,2661
1907,26733
1908,11551
1908,15877
1908,17932
1908,18194
1909,2660
1909,7123
1909,14475
1909,27874
1910,9034
1910,17370
1910,19320
1910,28322
1911,3741
1911,21736
1911,23297
1911,23811
1912,7287
1912,18564
1912,19299
1912,22754
1913,233
1913,7876
1913,14696
1913,21816
1914,6773
1914,16423
1915,7546
1915,8835
1915,16760
1915,21440
1916,5731
1916,9170
1916,22305
1916,27981
1917,2403
1917,13740
1917,14107
1917,23886
1918,5973
1918,12280
1918,24102
1918,24779
1919,5103
1919,11398
1919,20546
1919,25823
1920,11102
1921,572
1921,7470
1921,17815
1921,24094
1922,1579
1922,2690
1922,8772
1922,19279
1923,14499
1923,16263
1923,18619
1923,21931
1924,849
1924,7762
1924,9623
1924,12898
1925,5502
1925,13183
1925,18857
1925,22098
1926,17653
1926,20274
1926,21554
1926,24397
1927,20477
1928,7183
1928,10320
1928,11190
1928,19960
1929,14555
1929,18242
1929,19836
1929,20425
1930,10502
1930,13833
1930,20847
1931,1505
1931,8630
1931,12210
1931,26034
1932,12767
1932,20479
1932,20824
1932,23624
1933,4713
1934,7148
1934,18429
1934,22935
1935,2164
1935,16483
1936,3843
1936,6036
1936,20301
1936,23537
1937,5499
1937,15138
1937,15150
1937,25204
1938,5437
1938,16298
1938,16767
1938,21386
1939,6255
1939,20371
1939,22918
1939,26661
1940,917
1940,12797
1940,23089
1940,26524
1941,1682
1941,1751
1941,8527
1941,10989
1942,9267
1942,10320
1942,16123
1942,16190
1943,12782
1943,14539
1943,23962
1943,25672
1944,17218
1944,20101
1944,21317
1944,25640
1945,8923
1945,8946
1945,23126
1945,27277
1946,1748
1946,11776
1946,14390
1946,21023
1947,3742
1947,19383
1947,26073
1947,26412
1948,12324
1949,8233
1949,16397
1949,22406
1949,27289
1950,9598
1950,20664
1950,24667
1951,496
1951,3063
1951,6543
1951,9624
1952,9561
1952,10597
1952,21160
1952,27022
1953,1352
1953,26026
1954,2259
1954,4863
1954,21317
1954,26838
1955,5255
1955,5933
1955,17666
1955,23813
1956,4121
1956,18337
1956,28302
1956,28373
1957,6024
1958,13831
1958,17754
1958,20582
1958,26896
1959,496
1959,5336
1959,10749
1959,26279
1960,1168
1960,10328
1960,19578
1960,22311
1961,11175
1961,15368
1961,19617
1962,6485
1962,12462
1962,12503
1962,28120
1963,7192
1963,11095
1963,20826
1963,25771
1964,5061
1964,8815
1964,20707
1964,21215
1965,626
1965,12927
1965,15770
1965,20039
1966,2834
1966,18492
1966,24812
1966,26424
1967,4822
1967,7510
1967,11939
1967,23170
1968,7925
1968,11447
1968,16857
1968,26102
1969,2695
1969,6543
1969,10093
1969,21699
1970,20477
1971,222
1971,496
1971,14403
1971,15624
1972,686
1972,765
1972,12111
1972,20548
1973,705
1973,2995
1973,5632
1973,6033
1974,1164
1974,2599
1974,13687
1974,20831
1975,1034
1975,15080
1975,17190
1975,22143
1976,262
1976,11210
1976,22623
1976,23070
1977,431
1977,26307
1978,9034
1978,15983
1978,21623
1978,28319
1979,14736
1979,14791
1979,18061
1980,23353
1981,1157
1981,7693
1981,18833
1981,28136
1982,943
1982,7617
1982,26557
1982,28069
1983,18616
1983,22437
1984,2762
1984,3694
1984,4376
1984,14252
1985,350
1985,18708
1985,19726
1985,22114
1986,1105
1986,21412
1986,25937
1986,27559
1987,2705
1987,10159
1987,17998
1987,20072
1988,1756
1988,5220
1988,11620
1988,19854
1989,20477
1990,935
1990,1420
1990,11765
1990,23039
1991,2222
1991,8456
1991,14414
1991,23123
1992,1348
1992,2983
1992,16358
1992,25326
1993,4407
1993,14868
1993,24523
1993,26630
1994,8593
1994,10020
1994,11753
1994,19239
1995,5903
1995,17599
1995,18752
1995,24575
1996,2133
1996,8886
1996,9176
1996,18079
1997,11324
1997,15706
1997,19730
1997,20356
1998,46
1998,5913
1998,9669
1998,19062
1999,22368
2000,486
2000,14480
2001,3726
2001,8056
2001,23978
2001,25385
2002,9313
2002,16268
2002,16975
2002,20431
2003,2135
2003,7155
2003,12070
2003,20067
2004,2546
2004,15139
2004,18038
2004,25853
2005,8891
2005,14070
2005,15859
2005,26956
2006,5064
2006,8527
2006,13046
2006,22205
2007,18288
2007,23850
2007,26942
2007,27439
2008,22491
2008,24225
2008,24997
2008,26440
2009,16078
2009,24526
2010,3460
2010,8308
2010,18345
2010,23669
2011,10270
2011,19569
2011,20493
2011,23718
2012,5735
2012,16376
2012,18226
2012,22205
2013,185
2013,1444
2013,1560
2013,22205
2014,331
2014,497
2014,20543
2014,22326
2015,5582
2015,18791
2015,23044
2015,24321
2016,947
2016,5993
2016,9226
2016,19936
2017,2747
2017,7913
2017,10333
2017,16644
2018,1222
2018,4583
2018,13395
2018,13663
2019,3368
2019,5905
2019,18992
2019,24119
2020,4676
2020,11863
2020,21205
2020,21317
2021,4124
2021,15729
2021,18337
2021,22726
2022,8135
2022,10545
2022,22181
2022,24144
2023,2112
2023,5886
2023,26510
2023,28340
2024,2019
2024,5099
2024,15954
2024,17591
2025,475
2025,16583
2025,23649
2025,25555
2026,10668
2026,10802
2027,11973
2027,15035
2027,15074
2027,21380
2028,499
2028,3506
2028,11201
2028,14805
2029,252
2029,4323
2029,13081
2029,19342
2030,2132
2030,4520
2030,12085
2030,15847
2031,1645
2031,6988
2031,7671
2031,11442
2032,6866
2032,23809
2033,1280
2033,12072
2033,12614
2033,12952
2034,5923
2034,7806
2034,8044
2034,13559
2035,4393
2035,8867
2035,15216
2035,26577
2036,2413
2036,3983
2036,6052
2036,26926
2037,17504
2037,22804
2037,24404
2037,26543
2038,3408
2038,11707
2039,10175
2039,10559
2039,13003
2039,21451
2040,1142
2040,2272
2040,7760
2040,19592
2041,1692
2041,12293
2041,16306
2041,21946
2042,6054
2042,6090
2042,19356
2042,19384
2043,15247
2044,5404
2044,11505
2044,16804
2044,28046
2045,3828
2045,12472
2045,19653
2045,25605
2046,9191
2046,12154
2046,19243
2046,20133
2047,7445
2047,18972
2047,21428
2047,23002
2048,2281
2048,11465
2048,20674
2048,24053
2049,7594
2050,4838
2050,7139
2050,12903
2050,19326
2051,7130
2051,7535
2051,13482
2051,23952
2052,8867
2052,15103
2052,25192
2052,25555
2053,3762
2053,5674
2053,15975
2053,24959
2054,1075
2054,9077
2054,11970
2054,18415
2055,1510
2055,8251
2055,13933
2055,14137
2056,14671
2056,22501
2056,23416
2056,26752
2057,3038
2057,8999
2057,15080
2057,15288
2058,8762
2058,13973
2058,14574
2058,26879
2059,377
2059,5252
2059,6375
2059,16033
2060,173
2060,429
2060,5582
2060,23971
2061,1179
2061,5615
2061,12478
2061,22112
2062,9901
2062,14574
2062,19869
2062,24137
2063,2747
2063,3442
2063,20575
2063,24585
2064,826
2064,6178
2064,8075
2064,16645
2065,1781
2065,8482
2065,23047
2065,27223
2066,8451
2066,9744
2066,14801
2066,17903
2067,3904
2067,5401
2067,12323
2067,14684
2068,18392
2068,23806
2068,25006
2068,28006
2069,489
2069,7200
2069,13126
2069,21200
2070,6162
2070,8397
2070,20996
2070,27787
2071,696
2071,4378
2071,13790
2071,21393
2072,6264
2072,10228
2072,10774
2072,12325
2073,1453
2073,15189
2073,20269
2073,27776
2074,6209
2074,19842
2074,25847
2074,25910
2075,8078
2075,10370
2075,10535
2076,7988
2076,9457
2076,19835
2076,27256
2077,4915
2077,7602
2077,11854
2077,26608
2078,1447
2078,9791
2078,11008
2078,11614
2079,981
2079,18371
2079,21515
2079,26478
2080,1913
2080,5493
2080,8317
2080,9849
2081,20477
2082,2599
2082,6154
2082,13549
2082,27518
2083,2949
2083,11527
2083,14136
2083,19385
2084,10213
2084,17294
2084,18936
2084,26672
2085,408
2085,7093
2085,25952
2085,27049
2086,4794
2086,13972
2086,20352
2086,23320
2087,1281
2087,8105
2087,16812
2087,17882
2088,1990
2088,8204
2088,18606
2088,22749
2089,7867
2089,9640
2089,13483
2089,14981
2090,4496
2090,8400
2090,16500
2090,27272
2091,4754
2091,12923
2091,22407
2091,25040
2092,9178
2092,9485
2092,12303
2092,13518
2093,8453
2093,13987
2093,19630
2093,22836
2094,4858
2095,8895
2095,20421
2095,22406
2095,23199
2096,31
2096,11542
2096,18753
2096,18991
2097,2935
2097,22276
2097,25315
2097,26664
2098,12779
2098,16617
2098,19760
2098,24567
2099,5607
2099,13752
2099,14691
2099,15050
2100,9419
2100,11275
2100,23557
2100,27147
2101,2498
2101,14482
2101,15987
2101,23608
2102,6000
2102,6244
2102,25457
2103,5012
2103,7784
2103,19230
2103,19969
2104,11822
2104,12417
2104,14456
2104,20598
2105,3276
2105,7624
2105,18679
2105,25480
2106,4999
2106,20796
2106,22044
2106,24535
2107,338
2107,5009
2107,16615
2107,23331
2108,1536
2108,4286
2108,9475
2108,24443
2109,10411
2109,10673
2109,21956
2109,24862
2110,2686
2110,17739
2110,23156
2110,25263
2111,259
2111,4660
2111,8674
2111,18367
2112,4096
2112,11287
2112,15262
2112,22210
2113,800
2113,9390
2113,17685
2113,28084
2114,3514
2114,4359
2114,12288
2114,14659
2115,109
2115,5890
2115,6491
2115,23460
2116,5635
2116,11711
2116,23454
2116,23656
2117,12176
2118,19445
2118,19800
2119,5882
2119,9042
2119,14582
2119,17188
2120,1523
2120,3662
2120,12929
2120,24417
2121,11623
2121,13271
2121,19172
2121,20396
2122,10359
2122,12007
2122,18996
2122,27748
2123,10846
2123,12284
2123,27110
2123,28297
2124,11219
2124,12753
2124,15585
2124,19454
2125,11576
2125,20019
2125,24452
2125,27249
2126,13865
2126,19917
2126,25785
2126,28225
2127,2360
2127,5531
2127,25052
2127,27020
2128,1677
2128,7032
2128,20331
2128,27858
2129,14387
2129,25403
2129,25789
2129,27150
2130,11850
2130,21674
2130,23492
2130,23770
2131,16969
2131,18371
2131,22119
2131,28310
2132,14243
2132,17075
2132,19661
2132,23502
2133,6921
2133,15118
2133,23286
2133,24657
2134,2865
2134,5108
2134,7757
2134,20141
2135,9443
2135,11528
2135,13315
2135,23939
2136,7062
2136,8472
2136,12027
2136,20084
2137,5293
2137,9567
2137,16998
2138,4666
2138,10195
2138,14452
2138,24321
2139,4455
2139,15823
2139,23196
2139,28483
2140,8375
2141,454
2141,8418
2141,9332
2141,12204
2142,307
2142,15955
2142,16615
2142,18436
2143,2523
2143,14785
2143,18381
2143,20967
2144,3638
2144,9209
2144,20037
2144,23458
2145,916
2145,7561
2145,20722
2145,22716
2146,1190
2146,7240
2146,11620
2146,24535
2147,8920
2147,14010
2147,16171
2147,20147
2148,10388
2148,11952
2148,21490
2148,24578
2149,4914
2149,7161
2149,12318
2149,25797
2150,3426
2150,10113
2150,27541
2150,27619
2151,2586
2151,9420
2151,18130
2151,26541
2152,6014
2152,6132
2152,14307
2152,23040
2153,4078
2153,9420
2153,11757
2153,26218
2154,9990
2154,16104
2154,20108
2154,27827
2155,4451
2155,5708
2155,17550
2155,25123
2156,8113
2156,16056
2156,25020
2156,27203
2157,11810
2157,16267
2157,18893
2157,26541
2158,19634
2158,20555
2158,20574
2158,25368
2159,1209
2159,3297
2159,5677
2159,8922
2160,3337
2160,4585
2160,7652
2160,20799
2161,217
2161,4760
2161,15980
2161,24017
2162,5107
2162,14702
2162,16323
2162,18476
2163,3285
2163,15278
2163,20687
2163,26048
2164,15876
2164,22964
2165,20477
2166,8379
2166,13390
2166,14603
2166,15801
2167,2902
2167,4693
2167,16985
2167,21586
2168,1304
2168,17387
2168,19518
2168,24229
2169,1211
2169,8958
2169,8963
2169,25737
2170,15216
2170,16583
2170,18403
2170,28322
2171,5201
2171,9510
2171,12975
2171,23646
2172,13782
2172,21479
2172,22934
2172,23107
2173,8808
2173,19947
2173,20974
2173,24974
2174,5684
2175,6542
2175,11311
2175,11966
2175,23574
2176,2298
2176,2920
2176,16143
2176,17291
2177,1291
2177,3002
2177,16828
2177,22956
2178,4745
2178,8633
2178,12659
2178,20049
2179,3617
2179,18118
2179,21932
2179,28100
2180,8342
2180,9432
2180,17403
2180,21989
2181,118
2181,2354
2181,13634
2181,28363
2182,752
2182,17880
2182,22723
2182,24004
2183,2094
2183,6408
2183,11470
2183,20606
2184,4045
2184,22983
2184,26501
2184,28255
2185,14560
2185,15318
2185,22983
2185,23589
2186,5515
2186,12351
2187,20477
2188,20477
2189,11056
2189,18296
2189,21625
2189,26343
2190,20477
2191,20477
2192,20477
2193,20477
2194,2601
2194,10017
2194,10671
2194,23912
2195,20477
2196,927
2196,5935
2196,14163
2196,26606
2197,927
2197,5935
2197,14163
2197,26606
2198,20477
2199,20477
2200,20477
2201,20477
2202,1369
2202,9538
2202,17579
2202,25296
2203,5935
2203,23795
2203,26606
2203,26652
2204,11646
2205,20477
2206,20477
2207,20477
2208,20477
2209,20477
2210,20477
2211,20477
2212,20477
2213,20477
2214,4682
2214,4867
2214,11321
2214,22676
2215,20477
2216,20477
2217,27
2217,451
2217,5724
2217,28166
2218,20477
2219,20477
2220,20477
2221,20477
2222,20477
2223,2517
2223,7505
2223,10426
2223,18725
2224,659
2224,3371
2224,6342
2224,21840
2225,5330
2225,5706
2225,12095
2225,17736
2226,20477
2227,20477
2228,3308
2228,6261
2228,10060
2229,20477
2230,20477
2231,20477
2232,6779
2232,7220
2232,15465
2232,27458
2233,20477
2234,20477
2235,7104
2236,832
2236,12237
2236,13051
2236,16787
2237,2724
2237,6091
2237,21388
2237,23257
2238,20477
2239,18353
2240,20477
2241,19173
2242,20477
2243,20477
2244,5972
2244,12388
2245,3524
2246,5076
2246,5766
2246,21260
2246,27554
2247,1261
2247,19063
2247,20638
2247,27241
2248,20477
2249,20477
2250,2744
2250,14806
2250,22755
2250,23149
2251,16748
2252,8795
2253,20477
2254,20477
2255,4313
2255,10958
2255,20067
2255,27542
2256,20477
2257,20477
2258,22348
2258,25923
2258,26722
2258,28076
2259,20477
2260,20477
2261,20477
2262,20477
2263,1223
2263,14511
2263,23236
2263,27061
2264,2882
2264,4484
2264,14127
2264,23229
2265,6948
2265,19887
2265,23698
2265,28107
2266,2694
2266,5181
2266,6045
2267,8237
2267,9835
2268,20477
2269,6755
2269,10490
2269,20042
2269,23750
2270,8293
2270,24679
2270,25469
2270,28499
2271,14535
2272,766
2272,1346
2273,20477
2274,17194
2275,20477
2276,20477
2277,20477
2278,20477
2279,20477
2280,6277
2280,19880
2280,19963
2280,22519
2281,20477
2282,9495
2283,255
2283,354
2283,16807
2283,26758
2284,20477
2285,10624
2285,21111
2285,22218
2286,20477
2287,20477
2288,4316
2288,5873
2288,8079
2288,13220
2289,1124
2289,1539
2289,7301
2290,7563
2290,12942
2290,16304
2290,25194
2291,7727
2292,1950
2293,5151
2293,10851
2293,11007
2293,22960
2294,20477
2295,20477
2296,20477
2297,774
2297,1857
2297,5134
2297,12577
2298,13849
2298,20744
2298,23352
2298,27160
2299,2309
2299,5494
2299,16248
2299,27831
2300,20477
2301,20477
2302,20477
2303,20477
2304,20477
2305,18455
2305,20310
2305,25911
2305,27865
2306,20477
2307,20477
2308,20477
2309,22359
2309,23660
2310,20477
2311,1696
2311,9363
2311,12205
2311,13985
2312,20477
2313,20477
2314,20477
2315,3102
2315,3540
2315,6415
2315,27986
2316,20477
2317,20477
2318,20477
2319,6358
2319,11072
2319,16006
2319,26379
2320,20477
2321,20477
2322,20477
2323,20477
2324,20477
2325,20477
2326,20477
2327,20477
2328,20477
2329,20477
2330,20477
2331,20477
2332,20477
2333,20477
2334,20477
2335,20477
2336,20477
2337,20477
2338,20477
2339,20477
2340,20477
2341,20477
2342,20477
2343,20477
2344,20477
2345,20477
2346,20477
2347,20477
2348,2270
2348,15051
2348,24078
2348,27731
2349,20477
2350,20477
2351,20477
2352,20477
2353,20477
2354,20477
2355,5997
2355,6836
2355,16428
2355,28523
2356,20477
2357,20477
2358,20477
2359,20477
2360,20477
2361,20477
2362,6900
2362,12837
2362,20351
2362,21409
2363,20477
2364,20477
2365,20477
2366,21075
2366,23498
2366,26060
2366,28408
2367,20477
2368,20477
2369,16755
2369,18473
2369,21715
2370,20477
2371,20477
2372,20477
2373,20477
2374,20477
2375,8004
2375,10408
2375,18985
2375,28196
2376,20477
2377,20477
2378,20477
2379,20477
2380,20477
2381,20477
2382,14542
2382,15383
2382,16949
2382,20952
2383,20477
2384,20477
2385,20477
2386,20477
2387,9918
2387,14308
2387,16682
2388,20477
2389,20477
2390,20477
2391,10726
2391,12613
2391,14934
2391,18981
2392,20477
2393,20477
2394,12617
2394,22222
2394,24664
2394,24741
2395,20477
2396,20477
2397,12605
2398,20477
2399,20477
2400,21742
2401,500
2401,4876
2401,13604
2401,21977
2402,20477
2403,5395
2403,7940
2403,11192
2403,13137
2404,20477
2405,13840
2406,20477
2407,3014
2407,19138
2407,23097
2407,24364
2408,5312
2408,8620
2408,11241
2408,23301
2409,8423
2410,20477
2411,20477
2412,20477
2413,20477
2414,20477
2415,20477
2416,20477
2417,20477
2418,20477
2419,20477
2420,20477
2421,20477
2422,26764
2423,5081
2423,10358
2423,16981
2423,17953
2424,20477
2425,20477
2426,5229
2426,19174
2426,21932
2426,28530
2427,20477
2428,20477
2429,20477
2430,20477
2431,2458
2432,20477
2433,20477
2434,20477
2435,20477
2436,20477
2437,20477
2438,20477
2439,4454
2439,21954
2439,21989
2439,27221
2440,20477
2441,8238
2441,16150
2441,19146
2441,25470
2442,932
2442,13479
2442,16363
2442,18280
2443,20477
2444,20477
2445,20477
2446,20477
2447,20477
2448,369
2448,2401
2448,20669
2448,27119
2449,20477
2450,20477
2451,20477
2452,20477
2453,20477
2454,20477
2455,20477
2456,20477
2457,20477
2458,20477
2459,20477
2460,20477
2461,20477
2462,20477
2463,10732
2463,12640
2463,13738
2463,20051
2464,20477
2465,20477
2466,20477
2467,20477
2468,20477
2469,20477
2470,20477
2471,20477
2472,7507
2472,13105
2472,19037
2472,20067
2473,20477
2474,20477
2475,20477
2476,20477
2477,20477
2478,20477
2479,20477
2480,20477
2481,4599
2481,7822
2481,22132
2481,24727
2482,4724
2482,13405
2482,13508
2482,19597
2483,20477
2484,6695
2484,16433
2484,24677
2484,27993
2485,20477
2486,20477
2487,20477
2488,20477
2489,32
2489,4623
2489,23897
2489,27625
2490,20477
2491,7460
2491,9750
2491,10005
2491,27879
2492,20477
2493,20477
2494,20477
2495,20477
2496,20477
2497,20477
2498,20477
2499,20477
2500,8465
2500,8495
2500,16384
2500,23807
2501,20477
2502,20477
2503,20477
2504,20477
2505,14494
2506,12178
2506,16710
2506,20822
2506,22687
2507,20477
2508,20477
2509,20477
2510,20477
2511,15888
2511,19363
2511,25159
2511,27214
2512,4319
2512,7855
2512,7983
2512,14360
2513,20477
2514,20477
2515,4992
2515,9151
2515,19481
2515,20918
2516,20477
2517,1391
2517,10329
2517,20965
2517,28216
2518,413
2518,5392
2518,11997
2518,12838
2519,8236
2519,11145
2519,14714
2519,28121
2520,20477
2521,20477
2522,20477
2523,20477
2524,547
2524,1202
2524,10196
2524,11004
2525,20477
2526,20477
2527,20477
2528,20477
2529,909
2529,7888
2529,9165
2529,17012
2530,2163
2530,2610
2530,10046
2530,11393
2531,543
2531,12002
2531,15237
2531,21275
2532,20477
2533,20477
2534,20477
2535,20477
2536,4795
2536,11339
2536,15834
2536,20464
2537,20477
2538,5359
2538,17874
2538,19826
2538,20663
2539,20477
2540,2578
2540,9818
2540,22594
2540,24643
2541,5485
2541,6714
2541,7821
2541,23836
2542,6714
2542,7821
2542,10578
2542,23836
2543,4311
2543,4695
2543,14714
2543,20560
2544,20477
2545,2578
2545,4665
2545,7236
2545,10002
2546,10074
2546,12216
2546,19323
2546,20412
2547,17361
2547,19952
2547,23015
2547,26759
2548,9545
2548,17361
2548,19952
2548,21819
2549,9545
2549,17361
2549,19952
2549,21819
2550,19018
2550,24147
2550,27912
2550,28098
2551,14725
2551,15276
2551,16012
2551,21880
2552,20477
2553,20477
2554,9235
2554,10256
2554,25460
2554,25679
2555,20477
2556,13368
2556,20560
2556,21032
2556,26419
2557,20477
2558,20477
2559,6367
2559,18405
2559,22846
2559,25594
2560,3338
2560,8972
2560,9437
2560,15198
2561,20477
2562,5605
2562,8539
2562,16806
2562,21751
2563,4146
2563,7296
2563,13766
2563,15834
2564,10137
2564,11531
2564,13766
2564,15834
2565,4146
2565,7296
2565,13766
2565,15834
2566,1238
2566,1398
2566,4920
2566,17172
2567,7016
2567,9757
2567,21897
2567,25837
2568,20477
2569,20477
2570,20477
2571,4586
2571,7801
2571,9850
2571,25307
2572,20477
2573,1323
2573,2609
2573,22583
2573,22881
2574,1274
2574,2820
2574,17706
2574,25317
2575,3696
2575,8182
2575,18680
2575,24036
2576,20477
2577,20477
2578,20477
2579,20477
2580,20477
2581,20477
2582,20477
2583,20477
2584,20477
2585,20477
2586,20477
2587,20477
2588,20477
2589,20477
2590,20477
2591,20477
2592,20477
2593,20477
2594,20477
2595,20064
2596,20477
2597,20477
2598,6496
2598,11458
2598,19184
2598,27083
2599,20477
2600,3764
2600,21190
2600,21773
2600,23218
2601,20477
2602,20477
2603,20477
2604,10243
2604,19640
2604,22499
2604,26849
2605,20477
2606,20477
2607,8313
2607,9789
2607,12839
2607,19471
2608,20477
2609,20477
2610,20477
2611,20477
2612,20477
2613,20477
2614,20477
2615,20477
2616,20477
2617,20477
2618,20477
2619,2466
2619,14016
2619,20304
2619,26466
2620,20477
2621,5198
2621,18957
2621,21203
2622,20477
2623,9535
2623,12596
2623,20183
2623,27123
2624,20477
2625,6539
2625,10557
2625,21261
2625,25117
2626,20477
2627,20477
2628,20477
2629,20477
2630,2507
2630,3246
2630,3675
2630,26074
2631,1739
2631,4761
2631,10486
2631,18787
2632,20477
2633,20477
2634,20477
2635,20477
2636,20477
2637,20477
2638,20477
2639,20477
2640,20477
2641,20477
2642,20477
2643,20477
2644,20477
2645,7236
2645,9545
2645,22654
2645,23097
2646,20477
2647,20477
2648,20477
2649,20477
2650,20477
2651,20477
2652,20477
2653,2888
2653,5918
2653,6542
2653,9797
2654,1460
2654,5606
2654,8019
2654,22258
2655,20477
2656,20477
2657,20477
2658,20477
2659,9559
2660,20477
2661,16302
2662,4144
2662,11223
2662,18893
2662,19446
2663,20477
2664,20477
2665,20477
2666,20477
2667,20477
2668,20477
2669,20477
2670,20477
2671,20477
2672,20477
2673,20477
2674,7459
2674,11328
2674,12831
2674,24138
2675,20477
2676,20477
2677,20477
2678,1217
2678,15529
2678,16259
2678,25452
2679,20477
2680,20477
2681,20477
2682,20477
2683,20477
2684,8047
2685,20477
2686,20477
2687,20477
2688,8013
2688,19360
2688,25480
2688,27977
2689,20477
2690,20477
2691,7725
2691,11187
2691,14470
2691,22615
2692,20477
2693,10146
2693,12369
2693,25996
2693,26303
2694,20477
2695,20477
2696,20477
2697,20477
2698,6884
2698,8819
2698,13768
2698,22938
2699,16547
2699,20586
2699,22377
2700,20477
2701,20477
2702,20477
2703,20477
2704,20477
2705,20477
2706,20477
2707,20477
2708,1044
2708,11308
2708,15831
2708,24675
2709,20477
2710,6026
2710,9145
2710,9343
2710,27634
2711,20477
2712,104
2712,17394
2712,26005
2712,28519
2713,20477
2714,20477
2715,16480
2715,27857
2716,20477
2717,47
2717,7584
2717,9062
2718,20477
2719,20477
2720,20477
2721,20477
2722,718
2722,23606
2723,20477
2724,5626
2724,18559
2724,21408
2724,21977
2725,20477
2726,20477
2727,20477
2728,20477
2729,20477
2730,20477
2731,20477
2732,20477
2733,20477
2734,20477
2735,20477
2736,20477
2737,20477
2738,20477
2739,20477
2740,4765
2740,17462
2740,17908
2740,23924
2741,159
2741,4449
2742,20477
2743,15019
2743,23531
2743,25924
2743,28218
2744,6962
2744,15570
2744,16142
2744,19463
2745,20477
2746,218
2746,5559
2746,16300
2746,24431
2747,20477
2748,466
2748,4993
2748,8273
2748,11683
2749,1778
2749,9462
2749,12455
2750,20477
2751,739
2751,7034
2751,13103
2751,28215
2752,1457
2752,12778
2752,22118
2752,26839
2753,20477
2754,20477
2755,15387
2755,17696
2755,27639
2756,20477
2757,20477
2758,20477
2759,1686
2759,4878
2759,9052
2759,16126
2760,7507
2760,27279
2760,27433
2760,27542
2761,22086
2761,23284
2761,27158
2761,27511
2762,20477
2763,20477
2764,5473
2764,12289
2764,20360
2764,24871
2765,20477
2766,120
2766,1869
2766,4420
2766,13685
2767,3925
2767,10491
2767,15225
2767,27557
2768,20477
2769,20477
2770,1680
2770,7894
2770,10064
2770,24566
2771,20477
2772,20477
2773,3108
2773,17757
2774,20477
2775,1724
2775,2991
2776,16324
2776,22603
2776,23237
2776,24251
2777,20477
2778,6673
2778,20163
2778,21020
2778,24853
2779,2791
2779,5396
2779,11353
2779,23979
2780,9899
2780,13532
2780,14421
2780,17776
2781,20477
2782,20477
2783,20477
2784,1582
2784,8621
2784,11976
2784,13119
2785,944
2785,9834
2785,18575
2785,21302
2786,1582
2786,2208
2786,6563
2786,11976
2787,20477
2788,20477
2789,20477
2790,556
2790,3224
2790,5477
2790,27400
2791,9844
2792,20477
2793,11735
2793,25156
2793,25965
2793,26576
2794,11735
2794,12864
2794,25965
2794,26576
2795,20477
2796,20477
2797,3544
2797,4039
2797,16798
2797,16938
2798,20477
2799,20477
2800,20477
2801,20477
2802,20477
2803,20477
2804,20477
2805,20477
2806,20477
2807,20477
2808,20477
2809,20477
2810,20477
2811,20477
2812,20477
2813,26137
2814,4096
2814,6004
2814,26504
2814,28357
2815,2315
2815,9091
2815,11981
2815,25646
2816,2020
2817,20477
2818,20477
2819,20477
2820,20477
2821,20477
2822,20477
2823,892
2823,5423
2823,13119
2823,25832
2824,20477
2825,20477
2826,20477
2827,20477
2828,20477
2829,20477
2830,5318
2830,7711
2830,23601
2830,26431
2831,20477
2832,20477
2833,20477
2834,20477
2835,8720
2835,8748
2835,19837
2835,25983
2836,4446
2836,6715
2836,18487
2836,19740
2837,21511
2837,21775
2837,25019
2837,26316
2838,5494
2838,15083
2838,22629
2838,27421
2839,20477
2840,20477
2841,556
2841,3224
2841,5477
2841,27400
2842,20477
2843,20477
2844,3148
2844,5937
2844,16724
2844,22393
2845,20477
2846,20477
2847,20477
2848,20477
2849,20477
2850,20477
2851,20477
2852,9854
2852,18901
2853,8317
2853,11629
2853,18508
2853,27000
2854,20477
2855,20477
2856,20477
2857,20477
2858,20477
2859,20477
2860,20477
2861,12445
2861,17885
2861,19331
2861,24909
2862,20477
2863,20477
2864,20477
2865,20477
2866,20477
2867,20477
2868,20477
2869,20477
2870,20477
2871,8434
2871,11769
2871,25337
2871,26932
2872,4804
2872,6038
2872,22594
2872,22597
2873,20477
2874,20477
2875,7868
2875,8818
2875,9596
2875,21016
2876,20477
2877,20477
2878,9869
2878,9994
2878,10536
2878,22508
2879,20477
2880,1914
2880,5529
2880,24749
2880,25535
2881,11650
2881,20927
2881,24076
2881,25328
2882,20477
2883,20477
2884,20477
2885,20477
2886,4658
2886,8562
2886,11828
2886,20105
2887,17391
2887,27259
2887,28274
2888,20477
2889,20477
2890,20477
2891,20477
2892,3925
2892,23696
2892,26631
2893,20477
2894,20477
2895,20477
2896,20477
2897,20477
2898,24467
2899,20477
2900,1234
2900,5219
2900,20105
2900,27423
2901,20477
2902,20477
2903,20477
2904,9575
2904,12256
2904,16918
2904,18177
2905,20477
2906,20477
2907,18500
2908,20477
2909,20477
2910,20477
2911,3616
2911,9602
2911,25507
2912,20477
2913,20477
2914,20477
2915,20477
2916,20477
2917,20477
2918,7929
2918,10551
2918,25855
2918,27462
2919,20477
2920,20477
2921,4916
2921,18049
2921,25019
2921,28467
2922,20477
2923,264
2923,15940
2923,19811
2923,28258
2924,20477
2925,20477
2926,20477
2927,20477
2928,20477
2929,20477
2930,20477
2931,20477
2932,20477
2933,20477
2934,20477
2935,20477
2936,20477
2937,20477
2938,20477
2939,20477
2940,2988
2940,4683
2940,7021
2940,13647
2941,20477
2942,20477
2943,20477
2944,20477
2945,20477
2946,20477
2947,3101
2947,9994
2947,25679
2947,28056
2948,3926
2948,21559
2948,23610
2948,25525
2949,20477
2950,20477
2951,20477
2952,9889
2953,20477
2954,20477
2955,20477
2956,10678
2956,14886
2956,15782
2956,26751
2957,132
2957,7748
2957,9008
2957,23373
2958,20477
2959,20477
2960,20477
2961,20477
2962,20477
2963,20477
2964,20477
2965,20477
2966,20477
2967,20477
2968,20477
2969,621
2969,1685
2969,8574
2969,16512
2970,20477
2971,20477
2972,20477
2973,7299
2973,7911
2973,17129
2973,27392
2974,20477
2975,20477
2976,2290
2976,6120
2976,8025
2976,15104
2977,20477
2978,20477
2979,20477
2980,20477
2981,20477
2982,19922
2983,20477
2984,20477
2985,20477
2986,20477
2987,20477
2988,20477
2989,20477
2990,3234
2990,8604
2990,15579
2990,18023
2991,20477
2992,20477
2993,20477
2994,20477
2995,20477
2996,20477
2997,2024
2997,4766
2997,5456
2997,25132
2998,20477
2999,20477
3000,20477
3001,20477
3002,20477
3003,20477
3004,20477
3005,20477
3006,20477
3007,20477
3008,20477
3009,20477
3010,20477
3011,20477
3012,20477
3013,20477
3014,20477
3015,20477
3016,20477
3017,20477
3018,20477
3019,20477
3020,20477
3021,17631
3022,20477
3023,20477
3024,20477
3025,20477
3026,17460
3026,22102
3026,22764
3026,26755
3027,20477
3028,20477
3029,7311
3029,9194
3029,10438
3029,22894
3030,20477
3031,20477
3032,20477
3033,907
3033,3247
3033,5250
3033,26718
3034,20477
3035,20477
3036,2598
3036,3134
3036,7507
3036,21776
3037,20477
3038,20477
3039,20477
3040,20477
3041,20477
3042,20477
3043,20477
3044,20477
3045,20477
3046,20477
3047,20477
3048,20477
3049,20477
3050,20477
3051,20477
3052,20477
3053,20477
3054,20477
3055,20477
3056,20477
3057,20477
3058,20477
3059,20477
3060,20477
3061,6902
3061,7410
3061,10286
3061,16752
3062,20477
3063,20477
3064,20477
3065,20477
3066,20477
3067,20477
3068,20477
3069,20477
3070,20477
3071,20477
3072,20477
3073,20477
3074,20477
3075,20477
3076,20477
3077,20477
3078,20477
3079,20477
3080,20477
3081,20477
3082,20477
3083,20477
3084,20477
3085,20477
3086,20477
3087,20477
3088,20477
3089,20477
3090,20477
3091,20477
3092,20477
3093,20477
3094,20477
3095,20477
3096,8042
3096,9654
3096,14570
3096,14868
3097,20477
3098,20477
3099,7776
3099,11150
3099,25563
3099,26095
3100,4045
3100,18118
3100,22259
3100,25727
3101,9020
3101,16752
3101,24228
3101,27433
3102,286
3102,10911
3102,14131
3102,15880
3103,5736
3103,18256
3103,18593
3103,22286
3104,4701
3104,9214
3105,3843
3105,6036
3105,20301
3105,23537
3106,11642
3106,16671
3106,17443
3106,18705
3107,7373
3107,18026
3107,21945
3107,26374
3108,12821
3108,14366
3108,20197
3108,21524
3109,5455
3109,11026
3109,17837
3109,28338
3110,417
3110,4262
3110,13128
3110,15707
3111,8218
3111,21708
3111,23174
3111,24779
3112,2205
3112,3239
3112,9238
3112,16526
3113,4686
3113,7426
3113,12581
3113,13061
3114,21298
3114,22921
3114,23551
3114,23860
3115,3704
3115,5116
3115,6875
3115,17189
3116,867
3116,1203
3116,3874
3116,14132
3117,8613
3117,13206
3117,22152
3117,22459
3118,6130
3118,6702
3118,13423
3118,18428
3119,3953
3119,7455
3119,12883
3119,18130
3120,912
3120,2946
3120,16979
3120,21639
3121,602
3121,2531
3121,5112
3121,17968
3122,14693
3122,19734
3122,20292
3122,20766
3123,2190
3123,5030
3123,16639
3123,28218
3124,2562
3124,19380
3124,20677
3124,24355
3125,4450
3125,13315
3125,15107
3125,15802
3126,1882
3126,25057
3126,27180
3126,27765
3127,2775
3127,4257
3127,15250
3127,18707
3128,5089
3128,9428
3128,24051
3128,25424
3129,980
3129,1700
3129,7859
3129,16060
3130,3044
3130,3173
3130,4196
3130,19906
3131,3149
3131,7426
3131,15908
3131,22248
3132,1788
3132,15646
3132,16540
3132,25002
3133,2125
3133,4031
3133,5630
3133,10772
3134,1000
3134,2536
3134,15243
3134,23541
3135,6612
3135,8329
3135,15435
3135,16870
3136,7099
3136,19746
3136,22737
3136,27843
3137,2878
3137,11553
3137,12600
3137,20734
3138,2892
3138,5082
3138,11714
3138,21963
3139,10618
3140,2958
3140,4500
3140,5030
3140,15534
3141,7907
3141,9065
3141,22733
3141,25846
3142,14197
3142,14348
3142,20382
3142,23157
3143,8407
3143,9014
3143,21797
3143,26646
3144,1363
3144,4139
3144,6731
3144,26525
3145,9691
3146,1910
3146,4162
3146,17118
3146,21470
3147,1910
3147,4162
3147,17118
3147,21470
3148,1910
3148,4162
3148,17118
3148,21470
3149,10538
3149,14199
3149,18446
3149,22989
3150,3533
3150,9691
3150,24635
3150,26447
3151,5309
3151,5964
3151,21924
3151,22091
3152,641
3152,1864
3152,8555
3152,9533
3153,7120
3153,9499
3153,11124
3153,24328
3154,1091
3154,12103
3154,14567
3154,25316
3155,1852
3155,20081
3155,24263
3155,27419
3156,7767
3156,12406
3156,21463
3156,21875
3157,3424
3157,11771
3157,13656
3157,14189
3158,3480
3159,1180
3159,1291
3159,1762
3159,22898
3160,16393
3160,17924
3160,21186
3160,26083
3161,2289
3161,5012
3161,11491
3161,18261
3162,11514
3162,14386
3162,14828
3162,17929
3163,427
3163,4219
3163,8994
3163,15608
3164,25
3164,104
3164,8805
3164,26138
3165,4037
3165,15667
3165,22431
3165,24653
3166,3557
3166,4754
3166,11413
3166,12113
3167,8197
3167,14190
3167,21497
3167,21974
3168,3192
3168,4430
3168,12873
3168,18865
3169,4503
3169,9473
3169,15652
3169,24397
3170,4282
3170,23133
3170,25242
3170,25970
3171,5132
3171,5497
3171,11514
3171,17206
3172,16935
3172,23436
3172,23645
3172,24200
3173,7600
3173,17906
3173,21160
3174,12514
3174,14537
3174,18624
3174,20120
3175,5063
3175,12004
3175,14955
3175,17744
3176,6647
3176,7367
3176,26899
3176,27346
3177,223
3177,5560
3177,21262
3177,23873
3178,1824
3178,3886
3178,10371
3178,18101
3179,8548
3179,27829
3179,28211
3179,28303
3180,1840
3180,9534
3180,12397
3180,24457
3181,362
3181,3411
3181,12642
3181,12881
3182,10464
3182,12716
3182,21889
3182,23011
3183,4320
3183,6138
3183,9350
3183,15777
3184,6246
3184,19304
3184,24173
3184,25579
3185,18369
3185,21868
3185,25633
3185,26394
3186,4181
3186,5491
3186,10926
3186,17158
3187,3375
3187,7038
3187,16498
3187,21764
3188,874
3188,2323
3188,4817
3188,14709
3189,2723
3189,15215
3189,22840
3189,27464
3190,2711
3190,7507
3190,20945
3190,22164
3191,5284
3191,17879
3191,19193
3191,24156
3192,930
3192,7217
3192,21576
3192,27828
3193,2599
3193,3299
3193,20545
3193,24321
3194,8918
3194,13514
3194,24265
3194,25110
3195,8491
3195,8559
3195,19534
3195,23970
3196,7679
3196,11584
3196,14988
3196,17442
3197,999
3197,6621
3197,10498
3197,12438
3198,3128
3198,3326
3198,6034
3198,7681
3199,5726
3199,8226
3199,9010
3199,14311
3200,1906
3200,13353
3200,14452
3200,24059
3201,2705
3201,7291
3201,16205
3201,24802
3202,4313
3202,5583
3202,21776
3202,26783
3203,9048
3203,12319
3203,15427
3203,24110
3204,5853
3204,6978
3204,8698
3204,19965
3205,625
3205,5063
3205,6393
3205,25775
3206,20477
3207,8388
3207,12540
3207,22351
3207,25826
3208,11475
3208,12092
3208,19567
3208,22962
3209,8602
3209,20120
3209,24785
3209,28202
3210,8026
3210,12824
3210,22773
3210,23131
3211,16051
3211,24926
3211,25770
3211,26583
3212,952
3212,11993
3212,20514
3212,22836
3213,169
3213,3476
3213,3791
3213,19968
3214,2040
3214,12724
3214,17124
3214,27340
3215,7793
3215,10579
3215,14345
3215,15970
3216,3086
3216,9389
3216,16397
3216,19614
3217,3109
3217,6477
3217,13705
3217,28142
3218,10882
3218,15654
3218,17643
3218,27968
3219,936
3219,2355
3219,6936
3219,13724
3220,2599
3220,6154
3220,13549
3220,27518
3221,875
3221,12312
3221,17721
3221,25576
3222,620
3222,1341
3222,3998
3222,28298
3223,10008
3223,17201
3223,25358
3223,26813
3224,5932
3224,13461
3224,22323
3224,22806
3225,5805
3225,9770
3225,9909
3225,20899
3226,5530
3226,6810
3226,11010
3226,24880
3227,10248
3227,16330
3227,17371
3227,24548
3228,5054
3228,13315
3228,23907
3228,25487
3229,4619
3229,6328
3229,21979
3230,841
3230,5116
3230,7969
3230,14832
3231,4811
3231,9629
3231,13769
3231,23084
3232,5225
3232,11634
3232,13092
3232,27102
3233,1670
3233,3908
3233,8804
3233,11041
3234,1486
3234,20906
3234,25968
3234,26009
3235,1292
3235,21209
3235,27417
3236,6954
3236,15398
3236,23298
3237,3490
3237,8054
3237,14335
3237,20520
3238,8226
3238,8340
3238,23538
3238,26540
3239,2530
3239,8885
3239,22017
3239,26880
3240,6680
3240,8213
3240,13399
3240,14975
3241,11666
3241,13783
3241,14892
3241,20839
3242,1817
3242,2023
3242,22372
3242,26917
3243,2324
3243,11071
3243,12518
3243,18540
3244,492
3244,1145
3244,2214
3244,4929
3245,1159
3245,5179
3245,16164
3245,19734
3246,7097
3247,1363
3247,2044
3247,2789
3247,10959
3248,2032
3248,5668
3248,10910
3248,23041
3249,759
3249,2490
3249,7136
3249,25899
3250,7640
3250,15394
3250,17120
3250,21415
3251,6063
3251,8799
3251,12945
3251,21722
3252,7549
3252,18065
3252,19682
3252,27175
3253,3177
3253,6241
3253,19401
3253,26742
3254,15036
3254,23881
3254,26020
3255,5502
3255,13183
3255,18857
3255,22098
3256,4382
3256,9964
3256,19232
3256,24433
3257,1511
3257,2433
3257,4267
3257,19160
3258,7523
3259,10142
3259,18758
3259,20379
3259,28015
3260,898
3260,4138
3260,6314
3260,19675
3261,2394
3261,11790
3261,23338
3261,26782
3262,2394
3263,2563
3263,8087
3263,16551
3263,21150
3264,13119
3264,17066
3264,25746
3264,27229
3265,4208
3265,5228
3265,18529
3265,21608
3266,4759
3266,5166
3266,15324
3266,19931
3267,4373
3267,18058
3267,22600
3267,27463
3268,11330
3268,12971
3268,13727
3268,25581
3269,9220
3269,10309
3269,17639
3269,24516
3270,24990
3271,7348
3271,17065
3272,10718
3272,11106
3272,18131
3272,21874
3273,513
3273,4908
3273,5754
3273,13360
3274,2742
3274,3652
3274,20587
3274,28106
3275,5950
3275,13443
3275,16799
3275,28111
3276,2807
3276,11805
3276,14225
3276,25352
3277,9481
3277,16176
3277,17117
3277,25094
3278,1144
3278,18972
3278,20734
3278,24664
3279,7914
3279,15422
3279,26261
3279,28128
3280,9355
3280,16285
3280,21932
3280,24241
3281,1840
3281,9534
3281,15997
3281,19845
3282,2910
3282,5347
3282,12544
3282,25574
3283,9151
3283,16655
3283,20918
3283,25136
3284,1318
3284,5048
3284,8725
3284,20845
3285,5305
3285,5835
3285,15669
3285,25903
3286,6913
3286,8835
3286,22478
3286,24037
3287,14068
3287,19071
3287,22659
3287,23235
3288,1659
3288,9511
3288,18326
3288,26905
3289,1571
3289,14295
3289,15146
3289,23471
3290,11960
3290,17199
3290,20763
3290,27424
3291,2582
3291,3084
3292,9159
3293,5492
3293,24914
3293,25459
3294,5348
3294,8216
3294,16481
3294,19747
3295,10768
3295,16948
3295,18417
3295,22261
3296,1287
3296,18060
3296,18980
3296,26981
3297,2526
3297,2599
3297,9564
3297,21767
3298,1987
3298,13939
3298,16070
3298,21163
3299,3885
3299,4381
3299,5508
3299,23899
3300,1787
3300,6005
3300,18214
3300,23252
3301,2853
3301,24091
3301,24486
3302,7203
3302,12603
3302,17788
3302,20902
3303,4321
3304,3467
3304,3956
3304,11831
3304,18988
3305,3470
3305,7078
3305,21390
3305,25736
3306,3716
3306,13296
3306,14884
3306,27808
3307,1573
3307,1673
3307,3178
3307,15497
3308,4991
3308,5642
3308,13547
3308,16365
3309,4568
3309,8581
3309,8979
3309,17078
3310,1003
3310,1711
3310,14533
3310,15868
3311,20477
3312,19023
3313,2503
3313,5270
3313,12931
3313,25787
3314,4598
3315,5499
3315,15138
3315,15150
3315,25204
3316,5978
3316,9038
3316,15565
3316,19932
3317,1064
3317,1821
3317,11153
3317,24360
3318,813
3318,1908
3318,14867
3318,28248
3319,2302
3319,8342
3319,9163
3319,22705
3320,12756
3320,14487
3320,22389
3320,24805
3321,19876
3321,26425
3321,26998
3321,27082
3322,19876
3322,26425
3322,26998
3322,27082
3323,5455
3323,11026
3323,17837
3323,28338
3324,8389
3324,15015
3324,18763
3324,27159
3325,6025
3325,15093
3325,21957
3325,24665
3326,6302
3326,10902
3326,13612
3326,27434
3327,1978
3327,5163
3327,19641
3327,19724
3328,2878
3328,11553
3328,12600
3328,20734
3329,764
3329,12600
3329,15837
3329,20734
3330,2474
3331,418
3331,4244
3331,21467
3331,24316
3332,1825
3332,12279
3333,1259
3333,7364
3333,14535
3333,24123
3334,4191
3334,12928
3334,18556
3334,24882
3335,27216
3336,469
3336,14870
3336,15213
3336,24638
3337,65
3337,2005
3337,8693
3337,24843
3338,312
3338,9183
3338,9499
3339,17827
3339,26404
3339,26773
3339,27115
3340,5260
3340,12177
3340,17712
3340,25663
3341,7993
3341,9868
3341,14295
3341,16385
3342,3097
3342,12306
3342,13264
3342,23513
3343,3097
3343,4650
3343,13264
3343,23513
3344,3266
3344,8084
3344,9147
3344,25824
3345,759
3345,14345
3345,15726
3345,16090
3346,4424
3346,4490
3346,4717
3346,18866
3347,4504
3347,12482
3347,14840
3347,15066
3348,6601
3348,13333
3348,22000
3348,24346
3349,89
3349,7346
3349,26853
3349,28157
3350,6251
3350,10539
3350,13034
3350,14510
3351,1038
3351,7465
3351,14749
3351,27604
3352,7540
3352,16001
3352,19274
3352,22718
3353,5418
3353,7005
3353,10972
3353,20468
3354,7867
3354,9640
3354,13483
3354,14981
3355,23207
3356,4857
3356,10199
3356,15594
3356,27671
3357,2160
3357,5279
3357,17554
3357,23704
3358,20477
3359,15125
3359,15388
3359,18691
3359,23874
3360,2186
3360,4759
3360,8168
3360,23577
3361,2732
3361,4759
3361,7285
3361,16472
3362,2843
3362,4759
3362,9972
3362,12663
3363,11051
3363,15388
3363,18607
3363,22332
3364,5161
3364,11189
3364,15434
3364,24872
3365,1175
3365,10417
3365,15324
3365,19931
3366,578
3366,4759
3366,22683
3366,25147
3367,3529
3367,8884
3367,12097
3367,14434
3368,6771
3368,12608
3368,24443
3368,27801
3369,1362
3369,3014
3369,8552
3369,20605
3370,2944
3370,4352
3370,24623
3370,26104
3371,13226
3371,18089
3371,20065
3371,23901
3372,269
3372,11740
3372,20385
3372,27707
3373,9564
3373,16142
3373,16910
3373,17811
3374,3284
3374,7553
3374,23925
3374,27493
3375,860
3375,12453
3375,21012
3375,23659
3376,860
3376,12453
3376,21012
3376,23659
3377,860
3377,12453
3377,21012
3377,23659
3378,5957
3378,8366
3378,9271
3378,16784
3379,5736
3379,8591
3379,21553
3379,27552
3380,3171
3380,8369
3380,13271
3380,23718
3381,4995
3381,10107
3381,19060
3381,23796
3382,8591
3382,9287
3382,17861
3382,27552
3383,4678
3383,15792
3383,24691
3383,27079
3384,2253
3384,22510
3384,23193
3384,23944
3385,4570
3385,6385
3385,21180
3385,23774
3386,8357
3386,13387
3386,20279
3387,8339
3387,13788
3387,22540
3387,26904
3388,1846
3388,3015
3388,10314
3388,13062
3389,8924
3389,15216
3389,26748
3389,27352
3390,2476
3390,11986
3390,19250
3390,20150
3391,3487
3391,12592
3391,14513
3391,25501
3392,3550
3392,9075
3392,14207
3392,19533
3393,9652
3393,10716
3393,19375
3393,19950
3394,601
3394,5571
3394,10335
3394,13334
3395,4509
3395,19031
3395,25024
3395,26579
3396,267
3396,685
3396,6031
3396,7233
3397,1801
3397,1982
3397,6739
3397,23561
3398,1867
3398,6807
3398,24496
3398,24965
3399,20477
3400,1301
3400,10320
3400,20136
3400,20607
3401,345
3401,21668
3401,24346
3401,25481
3402,4871
3402,10320
3402,11371
3402,25204
3403,7648
3403,15918
3403,18941
3403,24250
3404,3961
3404,4612
3404,11933
3404,13744
3405,9285
3405,11779
3405,17323
3405,20426
3406,8632
3406,14316
3406,17888
3406,24035
3407,4228
3407,13765
3407,15401
3407,26591
3408,1959
3408,25035
3408,25241
3408,25651
3409,14976
3410,10105
3410,10239
3410,18503
3410,20758
3411,18575
3411,23013
3411,27071
3411,27257
3412,450
3412,5984
3412,7391
3412,18947
3413,11648
3413,21163
3413,21179
3413,25802
3414,665
3414,3756
3414,18118
3414,21493
3415,10302
3415,12217
3415,20025
3415,25191
3416,4957
3416,11648
3416,15345
3416,19272
3417,1707
3417,9494
3417,16149
3417,21098
3418,2178
3418,18902
3418,20671
3418,22183
3419,15954
3419,21129
3419,24119
3419,25980
3420,383
3420,5400
3420,8094
3420,17713
3421,5121
3421,8188
3421,13633
3421,22563
3422,2351
3422,22363
3422,24794
3422,28145
3423,20477
3424,20487
3424,21543
3424,22293
3424,24757
3425,4304
3425,10529
3425,24803
3425,27482
3426,647
3426,10592
3426,12817
3426,18886
3427,3957
3427,9842
3427,11620
3427,12865
3428,5851
3428,8608
3428,18711
3428,21243
3429,2643
3429,20551
3429,23952
3429,26716
3430,13716
3430,24302
3430,24967
3430,27690
3431,2640
3431,16079
3431,18528
3431,22056
3432,5110
3432,12418
3432,18376
3432,19013
3433,6630
3433,8376
3433,12840
3433,20760
3434,8385
3434,13475
3434,16195
3434,21113
3435,6628
3435,11521
3435,14980
3435,19099
3436,5922
3436,8557
3436,20890
3436,20979
3437,7216
3437,9894
3437,11657
3437,20053
3438,25618
3439,1626
3439,7903
3439,13652
3439,14591
3440,1398
3440,4881
3440,5889
3440,6038
3441,18082
3441,21385
3441,25566
3441,26687
3442,8053
3442,9759
3442,14788
3442,18082
3443,14854
3443,18082
3443,23655
3443,24188
3444,4756
3444,11408
3444,21487
3444,28249
3445,10288
3445,12149
3445,27147
3445,28530
3446,15101
3446,16061
3446,20209
3446,22627
3447,8362
3447,9534
3447,23823
3447,28530
3448,5059
3448,12416
3448,14713
3448,16830
3449,17628
3449,18082
3449,24188
3449,24510
3450,1427
3450,5764
3450,21910
3450,28237
3451,59
3451,21232
3451,22838
3451,27147
3452,2570
3452,9054
3452,12951
3452,18213
3453,18291
3453,19392
3453,20940
3453,21656
3454,16051
3454,18640
3454,22072
3454,22778
3455,10554
3455,13478
3455,19017
3455,28284
3456,5574
3456,13277
3456,14255
3456,26355
3457,8365
3457,25029
3457,25784
3457,26975
3458,1196
3458,9659
3458,12600
3458,17454
3459,5494
3459,6192
3459,7437
3459,22458
3460,5494
3460,17759
3460,18893
3460,22458
3461,15210
3461,18221
3461,27863
3461,28530
3462,8074
3462,9554
3462,10198
3462,10740
3463,2866
3463,17911
3463,22949
3463,23367
3464,9907
3465,5825
3465,6351
3465,17633
3465,24807
3466,381
3466,10750
3466,20311
3466,26015
3467,10592
3467,11014
3467,17015
3467,20432
3468,10293
3468,17171
3468,21063
3468,24052
3469,2111
3469,4768
3469,15520
3469,23895
3470,536
3470,3883
3470,10354
3470,18015
3471,21019
3471,21394
3471,21754
3471,25273
3472,4257
3472,17005
3472,22248
3472,26142
3473,1408
3473,6677
3473,11427
3473,15285
3474,12378
3474,23987
3475,7456
3475,13012
3475,19114
3475,23275
3476,2260
3476,4837
3476,5107
3476,15001
3477,11117
3477,21087
3477,24309
3477,24920
3478,2210
3478,8943
3478,10221
3478,21053
3479,1580
3479,3098
3479,7662
3479,25423
3480,3299
3480,4744
3480,12984
3480,22900
3481,3484
3481,7533
3481,10527
3481,24321
3482,2346
3482,7743
3482,18084
3482,20865
3483,5639
3483,7196
3483,14494
3483,24414
3484,12285
3484,22884
3484,25125
3484,26999
3485,3348
3485,15403
3485,19814
3485,21112
3486,7684
3486,15459
3486,19028
3486,24254
3487,7045
3487,11743
3487,18801
3487,26827
3488,9062
3488,25366
3489,5377
3489,6290
3489,21181
3489,23026
3490,7406
3490,10186
3490,13212
3490,20987
3491,20477
3492,206
3492,4333
3492,7649
3492,19607
3493,2119
3493,2131
3493,9383
3493,22037
3494,1975
3494,18477
3494,20235
3494,24111
3495,2095
3495,22181
3495,25622
3495,26561
3496,261
3496,5053
3496,15805
3496,24111
3497,22449
3497,23545
3497,26063
3497,28038
3498,6585
3498,7172
3498,15878
3498,25641
3499,4691
3499,10097
3499,19556
3499,26745
3500,2879
3500,9921
3500,16160
3500,17652
3501,7994
3501,9132
3501,13476
3501,18371
3502,6667
3502,17418
3502,21630
3502,24160
3503,3921
3503,8416
3503,8697
3503,9422
3504,6146
3504,17031
3504,17935
3504,26749
3505,214
3505,3331
3505,12055
3505,27042
3506,681
3506,5840
3506,18709
3506,26239
3507,17462
3507,19922
3507,20672
3508,4334
3508,20115
3508,20432
3508,27623
3509,2393
3509,10706
3509,12014
3509,21683
3510,4212
3510,11517
3510,14823
3510,25202
3511,10021
3511,11327
3511,14792
3511,22762
3512,4614
3512,14288
3512,15345
3512,21163
3513,9662
3513,18075
3513,19941
3513,28315
3514,2557
3514,2944
3514,3617
3514,16507
3515,665
3515,5323
3515,6075
3515,15345
3516,3626
3516,3756
3516,6075
3516,15345
3517,1752
3517,14341
3518,3006
3518,18441
3518,25188
3518,27883
3519,10505
3519,20556
3519,22614
3519,26944
3520,28246
3521,4266
3521,4805
3521,9763
3521,26098
3522,6414
3522,10212
3522,12618
3522,22734
3523,5034
3523,12407
3523,22789
3524,3997
3524,4374
3524,6187
3524,23764
3525,6040
3525,6340
3525,12985
3525,21503
3526,5400
3526,21463
3526,23661
3526,27924
3527,8437
3527,14888
3527,17188
3527,26049
3528,11118
3528,14083
3528,18808
3528,23101
3529,1380
3529,20527
3529,21785
3529,24973
3530,10170
3531,6837
3531,14202
3531,18888
3531,22060
3532,8045
3532,9292
3532,23240
3532,23760
3533,16396
3533,19511
3533,21856
3533,26583
3534,6664
3534,9189
3534,18645
3534,22885
3535,10680
3535,17269
3535,18713
3535,28218
3536,6413
3536,9289
3536,17116
3536,17314
3537,7546
3537,14001
3537,18542
3537,23789
3538,3762
3538,4521
3538,22828
3538,25853
3539,1517
3539,18188
3539,20757
3539,23896
3540,4255
3540,8978
3540,9499
3540,12611
3541,2412
3541,2709
3541,3815
3541,21709
3542,1055
3542,2013
3542,15919
3542,16252
3543,1699
3543,13359
3543,19568
3543,22088
3544,1093
3544,4226
3544,6105
3544,18217
3545,115
3545,1484
3545,11724
3545,13482
3546,6997
3546,13469
3546,22926
3546,25473
3547,104
3547,9057
3547,21408
3547,26693
3548,6311
3548,6939
3548,7225
3548,24448
3549,19614
3550,20477
3551,1526
3551,1841
3551,12733
3551,24309
3552,1178
3552,6510
3552,8825
3552,9033
3553,7187
3553,21592
3553,24351
3553,27278
3554,10568
3554,12408
3554,12563
3554,17775
3555,622
3555,3878
3555,28146
3555,28319
3556,1255
3556,11472
3556,16357
3556,21990
3557,6505
3557,22213
3557,24920
3557,26545
3558,5391
3558,9456
3558,17208
3558,24639
3559,14529
3559,20552
3559,26829
3559,27365
3560,8835
3560,13188
3560,19631
3560,21132
3561,3480
3561,8635
3561,11501
3561,12605
3562,604
3562,13429
3562,13718
3562,16886
3563,3682
3563,7444
3563,11377
3563,25739
3564,8447
3564,9956
3564,10000
3564,19485
3565,16863
3565,18099
3565,26048
3565,26622
3566,6976
3566,8744
3566,11273
3566,19697
3567,15486
3567,18800
3567,24308
3567,25514
3568,9037
3568,10846
3568,12676
3568,13282
3569,10099
3569,12166
3569,12196
3569,20332
3570,4943
3570,6473
3570,10889
3570,20732
3571,10253
3571,11331
3571,24478
3572,12191
3572,14754
3572,22661
3572,23985
3573,11546
3574,2199
3574,10848
3574,22886
3575,2682
3575,11691
3575,12270
3575,16381
3576,10773
3576,11911
3576,25644
3576,26868
3577,810
3577,4945
3577,14581
3578,4508
3578,7420
3578,14718
3578,22084
3579,2667
3579,2925
3579,18447
3579,24287
3580,945
3580,13018
3580,26770
3580,27041
3581,2100
3581,4826
3581,8926
3581,14026
3582,3974
3582,8359
3582,14753
3582,27736
3583,16935
3583,17071
3583,18989
3583,24179
3584,2880
3584,18442
3584,23340
3584,27924
3585,3801
3585,9171
3585,12113
3585,16829
3586,789
3586,3274
3586,23198
3586,27453
3587,20477
3588,1246
3588,1647
3588,9806
3589,7861
3589,12027
3589,17368
3589,24338
3590,5290
3591,3572
3591,8840
3591,12014
3591,21788
3592,8102
3592,18361
3592,22901
3592,25698
3593,20477
3594,1711
3594,8411
3594,14276
3594,23523
3595,2045
3595,4086
3595,13931
3595,26286
3596,1185
3596,1615
3596,14443
3596,16023
3597,3225
3597,5120
3597,6575
3597,7179
3598,8893
3598,14143
3598,19746
3598,20897
3599,4786
3599,16359
3599,23178
3599,26325
3600,317
3600,12668
3600,15510
3600,18234
3601,5576
3601,9208
3601,17994
3601,20877
3602,1492
3602,8838
3602,12473
3603,2266
3603,5091
3603,7237
3603,9185
3604,10420
3604,19378
3604,20627
3604,21470
3605,9667
3605,14379
3605,19317
3605,20562
3606,17934
3606,19785
3606,20627
3606,27533
3607,7292
3607,19533
3607,23426
3607,23954
3608,10050
3608,23345
3608,24673
3608,28370
3609,1572
3609,3371
3609,15708
3609,22472
3610,16856
3610,20466
3610,21898
3610,24822
3611,2921
3611,11685
3611,12391
3611,24443
3612,10420
3612,19378
3612,20627
3612,21470
3613,1910
3613,6272
3613,8178
3613,14977
3614,3561
3614,4565
3614,9156
3614,18596
3615,6785
3615,9174
3615,12227
3615,12349
3616,1737
3616,12726
3616,13907
3616,27383
3617,7086
3617,18252
3617,20819
3617,21416
3618,8385
3618,17744
3618,21954
3618,25355
3619,1937
3619,14873
3619,21564
3619,24008
3620,14970
3621,483
3621,9941
3621,13920
3621,19874
3622,2455
3622,2522
3622,8291
3622,26002
3623,6499
3623,8183
3623,18930
3623,25273
3624,2137
3624,5315
3624,6110
3624,28248
3625,5212
3625,19599
3625,20951
3625,26341
3626,1270
3626,3160
3626,14433
3626,27646
3627,20477
3628,1436
3628,8467
3628,10465
3628,28523
3629,2951
3629,8368
3629,11400
3629,24480
3630,8337
3630,8344
3630,17475
3630,18435
3631,14657
3631,26248
3631,27500
3631,27567
3632,12376
3632,16809
3632,17141
3632,20639
3633,3013
3633,18544
3633,21600
3633,24785
3634,2072
3634,18270
3634,19705
3634,21907
3635,4065
3635,15956
3635,17141
3635,26832
3636,3719
3636,11227
3636,18533
3636,23713
3637,12884
3637,13300
3637,26982
3637,28391
3638,1640
3638,5389
3638,5391
3638,7473
3639,6252
3639,9247
3639,13839
3639,18612
3640,1230
3640,21491
3640,25814
3640,26703
3641,8497
3641,11123
3641,14764
3641,25254
3642,4012
3642,10919
3642,18090
3642,26674
3643,9188
3643,12991
3643,17034
3643,25081
3644,5071
3644,15238
3644,16437
3644,18137
3645,4370
3645,6642
3645,21494
3645,25345
3646,3685
3646,6505
3646,21641
3646,22350
3647,16097
3647,18543
3647,20843
3647,24135
3648,5107
3648,12320
3648,22783
3648,25862
3649,3728
3649,13764
3649,15220
3649,21118
3650,3843
3650,6036
3650,20301
3650,23537
3651,1796
3651,11163
3651,16641
3651,21670
3652,6210
3652,9336
3652,10717
3652,25224
3653,12244
3653,16484
3653,18520
3653,24547
3654,3791
3654,3907
3654,6433
3654,14045
3655,6478
3655,8487
3655,19985
3655,24923
3656,3074
3656,6826
3656,13203
3656,21455
3657,20477
3658,14973
3658,17490
3658,23749
3658,27402
3659,545
3659,4844
3659,10961
3659,15507
3660,7522
3660,12352
3660,21984
3660,25115
3661,20477
3662,3320
3662,13648
3662,22677
3662,25361
3663,3384
3663,5449
3663,22910
3663,26363
3664,10546
3664,18122
3664,25399
3664,25413
3665,2890
3665,14390
3665,22194
3665,25134
3666,5327
3666,6505
3666,13703
3666,23137
3667,5988
3667,16112
3667,22586
3667,27997
3668,13460
3668,19987
3668,22511
3668,26120
3669,13460
3669,18359
3669,19680
3669,20502
3670,13942
3670,17957
3670,18291
3670,26574
3671,20477
3672,10567
3672,10893
3672,16857
3672,18839
3673,9362
3673,10950
3673,14065
3673,21305
3674,274
3674,16701
3674,20176
3674,22391
3675,3149
3675,8902
3675,17744
3675,21200
3676,26056
3677,3279
3677,10269
3677,10862
3677,22128
3678,15381
3678,19060
3678,19849
3678,24382
3679,9486
3679,13057
3679,16964
3679,17173
3680,2167
3680,4200
3680,5102
3680,24734
3681,11643
3681,18865
3681,26010
3681,26182
3682,1921
3682,5685
3682,11240
3682,24423
3683,3710
3683,3942
3683,6325
3683,27245
3684,6999
3684,10913
3684,21637
3684,24458
3685,305
3685,2420
3685,20583
3685,27781
3686,416
3686,11672
3686,11885
3686,16321
3687,127
3687,6466
3687,9978
3687,16899
3688,5375
3688,15642
3688,17983
3688,24825
3689,1311
3689,5386
3689,6611
3689,14595
3690,1843
3690,16351
3690,17468
3690,21999
3691,4137
3691,4912
3691,9385
3691,12096
3692,3665
3692,7209
3692,12432
3692,23726
3693,14780
3693,15229
3693,22488
3693,22766
3694,1904
3694,20290
3694,23544
3694,27719
3695,14506
3695,17807
3695,21763
3695,21827
3696,13748
3696,14693
3696,19614
3696,21454
3697,10625
3697,23940
3697,26353
3697,27675
3698,537
3698,10338
3698,13231
3698,25321
3699,1974
3699,6647
3699,19749
3699,22780
3700,1440
3700,10689
3700,10817
3700,24891
3701,5453
3701,15166
3701,17083
3701,17565
3702,974
3702,12942
3702,17436
3702,27989
3703,6470
3703,9308
3703,11834
3703,28045
3704,2768
3704,9086
3704,22141
3704,27359
3705,12658
3705,21291
3705,26138
3705,28181
3706,10261
3706,12658
3706,21291
3706,26138
3707,1606
3707,13607
3707,16952
3707,25236
3708,1606
3708,18661
3708,21291
3708,25236
3709,11277
3709,13478
3709,17548
3709,28210
3710,4546
3710,5501
3710,20752
3710,26807
3711,3095
3711,3566
3711,17507
3711,19498
3712,13730
3712,17782
3712,19943
3712,24811
3713,9671
3713,11733
3713,14574
3713,15687
3714,2101
3714,17455
3714,22350
3714,24351
3715,303
3715,15647
3715,16371
3715,22151
3716,14202
3716,18437
3716,21990
3716,22810
3717,3141
3717,5500
3717,20264
3717,24278
3718,3663
3718,22127
3718,24791
3718,25666
3719,8074
3719,14717
3719,19374
3719,19381
3720,15568
3721,7460
3722,7525
3722,14136
3722,17416
3722,19955
3723,6625
3724,908
3724,2953
3724,5287
3724,16172
3725,20477
3726,1136
3726,9590
3726,14668
3726,28358
3727,2890
3727,9552
3727,18531
3727,21623
3728,2489
3728,6489
3728,13031
3728,15389
3729,10827
3729,13821
3729,16116
3729,18732
3730,233
3730,20981
3730,24198
3730,25457
3731,745
3731,3030
3731,16720
3731,28175
3732,2114
3732,2999
3732,11119
3732,19586
3733,12554
3733,15305
3733,24674
3733,26100
3734,9439
3734,13640
3734,20843
3734,24845
3735,5459
3735,11786
3735,12965
3735,19511
3736,157
3736,280
3736,4525
3736,10441
3737,3429
3737,15672
3737,16959
3737,26562
3738,6475
3738,6617
3738,16179
3738,26308
3739,5814
3739,6557
3739,11368
3739,12898
3740,20477
3741,6860
3741,12375
3741,17600
3741,21977
3742,3833
3742,5905
3742,25152
3742,27750
3743,4636
3743,5106
3743,18989
3743,20957
3744,3199
3744,14385
3744,14694
3744,22541
3745,823
3745,9447
3745,16114
3745,26936
3746,3547
3746,27414
3746,27993
3746,28387
3747,7166
3747,17868
3747,24237
3747,25402
3748,3356
3748,6011
3748,18077
3748,25402
3749,15599
3749,19925
3749,23628
3749,26973
3750,20477
3751,1293
3751,13992
3751,21867
3751,22662
3752,5067
3752,15234
3752,25807
3752,27555
3753,4710
3753,9779
3753,11446
3753,13452
3754,10703
3755,6388
3755,8677
3755,11268
3755,11585
3756,1805
3756,19923
3756,24253
3756,25428
3757,4467
3757,17370
3757,23141
3757,24968
3758,591
3759,20477
3760,12469
3760,15172
3760,16125
3760,19885
3761,2358
3761,15605
3761,25069
3761,27150
3762,17
3762,18043
3762,22109
3762,27759
3763,85
3763,20376
3763,25466
3763,27858
3764,2994
3764,7793
3764,10976
3764,11871
3765,20477
3766,8120
3766,16377
3766,25970
3766,26894
3767,13853
3767,19504
3767,21123
3767,21582
3768,7050
3768,12569
3768,14834
3768,23328
3769,9841
3769,9927
3769,14951
3769,16116
3770,889
3770,921
3770,9737
3770,12726
3771,9327
3771,14707
3771,21728
3771,23445
3772,3192
3772,7419
3772,8794
3772,14381
3773,8879
3773,14179
3773,17150
3773,24775
3774,5545
3774,11961
3774,12228
3774,26884
3775,3877
3775,17574
3776,1306
3776,1784
3776,14517
3776,24620
3777,20477
3778,23311
3779,2319
3779,3132
3779,26369
3779,26571
3780,4770
3780,6002
3780,17026
3780,23850
3781,16471
3781,22150
3781,27876
3781,28457
3782,16357
3782,16810
3782,21990
3782,26876
3783,2890
3783,3494
3783,13106
3783,23141
3784,1296
3784,13449
3784,17960
3784,19281
3785,8721
3785,14447
3786,7452
3786,9474
3786,10646
3786,23762
3787,12721
3787,23431
3787,24255
3787,25699
3788,4711
3788,24309
3788,25842
3788,27622
3789,1424
3789,16098
3789,22928
3789,23184
3790,7735
3790,15015
3790,17964
3790,27056
3791,962
3791,10899
3791,18195
3791,23089
3792,8199
3792,17045
3792,17056
3792,20426
3793,9125
3793,11909
3793,13144
3793,19248
3794,3015
3794,10478
3794,12424
3794,15958
3795,6749
3796,11360
3796,12081
3796,23899
3796,27788
3797,3115
3797,3569
3797,6789
3797,19630
3798,3620
3798,7993
3798,11959
3798,26460
3799,10261
3799,17919
3799,19610
3799,24484
3800,3970
3800,14570
3800,18716
3800,24849
3801,20477
3802,20477
3803,1792
3803,8304
3803,9603
3803,11362
3804,8034
3804,11002
3804,17477
3804,24096
3805,1351
3805,5040
3805,25815
3805,26695
3806,2428
3806,5448
3806,12590
3806,19737
3807,1170
3807,8576
3807,20994
3807,28528
3808,13077
3808,18977
3808,20753
3808,25680
3809,350
3809,2315
3809,7485
3809,27404
3810,8617
3810,21970
3810,22912
3810,25048
3811,1277
3811,9721
3811,12722
3811,22709
3812,359
3812,1688
3812,19913
3812,26251
3813,2497
3813,3118
3813,4743
3813,15027
3814,438
3814,502
3814,12516
3814,20227
3815,10307
3815,18586
3815,18910
3815,25364
3816,11798
3816,14939
3816,22318
3816,27238
3817,4730
3817,9640
3817,21484
3817,26383
3818,1304
3818,9051
3818,14867
3818,25918
3819,663
3820,958
3820,3109
3820,18819
3820,26373
3821,2308
3821,9261
3821,16099
3821,22606
3822,978
3822,2219
3822,2520
3822,15496
3823,3186
3823,9860
3823,17744
3823,19271
3824,1730
3824,2941
3824,16205
3824,24096
3825,17689
3825,24988
3825,25310
3826,3790
3826,7784
3826,20894
3826,26911
3827,6767
3827,9671
3827,18974
3827,23406
3828,4390
3828,5579
3828,10260
3828,23220
3829,10734
3829,28328
3830,1677
3830,4125
3830,9288
3830,25089
3831,2057
3831,9663
3831,14874
3831,16370
3832,1284
3832,2414
3832,26005
3832,26752
3833,7167
3834,3139
3834,9196
3834,9435
3834,18699
3835,20477
3836,11787
3836,15466
3836,18743
3836,27135
3837,1394
3837,2873
3837,2887
3837,3598
3838,77
3838,19432
3838,19629
3838,23800
3839,9678
3839,16840
3839,24895
3839,25169
3840,17798
3840,19835
3840,23964
3840,27725
3841,9009
3841,15903
3841,16625
3841,26188
3842,14765
3842,21894
3842,25074
3842,25932
3843,678
3843,10101
3843,15645
3843,21989
3844,4548
3844,4852
3844,7464
3844,9425
3845,7046
3845,8040
3845,16299
3845,17255
3846,10496
3846,16969
3846,23113
3846,25877
3847,1065
3847,8011
3847,11132
3847,15668
3848,16578
3848,17615
3848,18284
3848,19317
3849,1827
3849,5118
3849,7643
3849,10559
3850,7247
3850,10239
3850,25567
3850,25700
3851,23099
3852,1090
3852,13111
3852,15952
3852,20006
3853,18285
3853,19949
3853,20886
3853,24761
3854,4858
3854,14351
3855,15260
3855,17758
3855,26430
3855,27461
3856,680
3856,12158
3856,18684
3856,27725
3857,1049
3857,4393
3857,20523
3857,25756
3858,16778
3858,20509
3858,27396
3858,28462
3859,7576
3859,8147
3859,18576
3859,21914
3860,12797
3860,22954
3860,25256
3860,26404
3861,1418
3861,2966
3861,16589
3861,24320
3862,2581
3862,3905
3862,8110
3862,16845
3863,2663
3863,5537
3863,8042
3863,11661
3864,4043
3864,5962
3864,7460
3864,9750
3865,3454
3865,6898
3865,10900
3865,15451
3866,14861
3866,18221
3866,20490
3866,24779
3867,119
3867,4994
3867,5350
3867,18644
3868,1978
3868,5163
3868,19641
3868,19724
3869,8467
3869,8516
3869,19883
3869,19968
3870,1211
3870,2223
3870,19407
3870,21254
3871,10893
3872,4317
3872,21199
3872,25137
3872,27173
3873,7124
3873,7563
3873,12942
3873,25194
3874,1622
3874,6215
3874,18667
3874,20228
3875,4547
3875,9080
3875,17121
3875,17372
3876,1400
3876,5416
3876,12489
3876,20874
3877,262
3877,11210
3877,22623
3877,23070
3878,4926
3878,7130
3878,9564
3878,10071
3879,4534
3879,6889
3879,11361
3879,23006
3880,5954
3880,7127
3880,14319
3880,14878
3881,3045
3881,4456
3881,4818
3881,18972
3882,14923
3882,18891
3882,20280
3882,27144
3883,775
3883,4466
3883,5829
3883,19555
3884,277
3884,3620
3884,5174
3884,17403
3885,14034
3885,22985
3885,23095
3885,27577
3886,6686
3886,16917
3886,19495
3886,26734
3887,42
3887,11867
3887,17403
3887,20389
3888,6710
3888,20426
3888,22037
3888,24554
3889,3164
3889,10290
3889,22063
3889,27038
3890,1547
3890,4647
3890,21780
3890,26711
3891,2503
3891,4978
3891,5397
3891,15491
3892,4329
3892,8192
3892,20242
3892,22123
3893,3973
3893,16378
3893,18137
3893,23732
3894,1794
3894,2815
3894,19320
3894,25696
3895,3885
3895,4106
3895,8233
3895,25918
3896,1055
3896,2013
3896,12697
3896,26489
3897,2912
3897,3136
3897,6073
3897,12952
3898,935
3898,939
3898,3247
3898,22723
3899,3094
3899,11002
3899,22232
3899,25268
3900,20477
3901,20477
3902,7477
3902,15787
3902,20444
3902,26808
3903,4165
3903,7323
3903,12087
3903,26108
3904,749
3904,7854
3904,8029
3904,19758
3905,7820
3905,23378
3905,25347
3905,27850
3906,2992
3906,9067
3906,17105
3906,20086
3907,1131
3907,13482
3907,16215
3907,27894
3908,1612
3908,4436
3908,6726
3908,18012
3909,15882
3910,16852
3910,19053
3910,21091
3910,25915
3911,4366
3911,25102
3911,26966
3911,27247
3912,5624
3912,15143
3912,26348
3912,28156
3913,1172
3913,8433
3913,13320
3913,16168
3914,9199
3914,20792
3914,24230
3914,26541
3915,8409
3915,10942
3915,18485
3915,18687
3916,7707
3916,9226
3916,16393
3916,21623
3917,15062
3917,19713
3917,19982
3917,27630
3918,6983
3918,10910
3918,15527
3918,28391
3919,5791
3919,14273
3919,16209
3919,27061
3920,2193
3920,7773
3920,9486
3920,19671
3921,4025
3921,7119
3921,8594
3921,22106
3922,468
3922,11609
3922,12780
3922,14263
3923,20477
3924,6164
3924,6467
3924,8992
3924,24549
3925,9406
3925,15145
3925,17093
3925,19728
3926,4049
3926,26629
3926,26704
3926,27045
3927,3817
3927,11609
3927,12780
3927,14263
3928,303
3928,529
3928,12156
3928,27781
3929,21590
3930,5111
3930,19038
3930,23120
3930,23272
3931,13223
3931,15757
3931,28140
3932,7203
3932,11239
3932,11791
3932,25011
3933,17043
3933,22731
3933,22845
3933,28464
3934,4381
3934,7271
3934,23306
3934,28101
3935,17088
3935,18306
3935,23934
3935,24848
3936,323
3936,6268
3936,14081
3936,26769
3937,17129
3938,247
3938,12578
3938,16909
3938,25989
3939,2604
3939,6728
3939,12252
3939,15896
3940,8671
3940,12475
3940,14334
3940,20474
3941,2951
3941,4033
3941,9697
3941,20166
3942,10048
3942,12578
3942,16036
3942,24938
3943,3631
3943,8629
3943,9782
3943,15474
3944,4065
3944,13575
3944,16517
3944,22325
3945,6766
3945,6892
3945,10315
3945,12727
3946,1473
3946,8035
3946,17148
3946,18621
3947,5727
3947,9173
3947,15302
3947,22219
3948,297
3948,754
3948,8190
3948,12275
3949,9280
3949,9320
3949,10679
3949,20942
3950,8404
3950,10242
3950,11274
3950,11893
3951,8179
3951,14042
3951,17926
3951,21938
3952,6355
3952,17092
3952,17602
3952,25804
3953,9963
3953,19953
3953,20817
3953,21201
3954,8504
3954,9340
3954,15797
3954,25485
3955,25444
3955,26658
3955,28228
3956,3345
3956,11824
3956,21137
3956,25216
3957,3415
3957,19250
3957,19853
3957,21112
3958,1306
3958,5468
3958,17647
3958,27662
3959,740
3959,14351
3959,17358
3959,17367
3960,20477
3961,22961
3962,10556
3962,19901
3962,21530
3962,22425
3963,10373
3963,17106
3963,24271
3963,26725
3964,4790
3964,15341
3964,18442
3964,25370
3965,1794
3965,6802
3965,13482
3965,22154
3966,2643
3966,14568
3966,28417
3967,17793
3967,21623
3967,25995
3967,27222
3968,2643
3968,14568
3968,28417
3969,2357
3969,6733
3969,20595
3969,25930
3970,20477
3971,11680
3971,13528
3971,18746
3971,18874
3972,5206
3972,9130
3972,16482
3972,21939
3973,3485
3973,10320
3973,23001
3973,27961
3974,8957
3974,10905
3974,13688
3974,23541
3975,8381
3976,7043
3976,14781
3976,17795
3976,18371
3977,2437
3977,8439
3977,20635
3977,23158
3978,8206
3978,13541
3978,18232
3978,23405
3979,14494
3980,20851
3980,25238
3980,25621
3980,25994
3981,4638
3981,4940
3981,19198
3981,24215
3982,10541
3982,14611
3982,20720
3982,22725
3983,82
3983,15844
3983,19019
3983,26660
3984,9665
3984,12704
3984,17970
3984,25724
3985,1158
3985,2467
3985,19054
3985,20420
3986,8900
3986,11083
3986,11336
3986,23140
3987,2609
3987,8182
3987,18680
3987,24036
3988,8174
3988,13412
3988,26934
3988,28300
3989,7830
3989,15374
3989,23609
3989,28318
3990,12286
3990,13294
3990,25854
3990,26866
3991,804
3991,5211
3991,21230
3991,21843
3992,8229
3992,12299
3992,13050
3992,23617
3993,13709
3993,23327
3993,25214
3993,25492
3994,10311
3994,15034
3994,15532
3994,17236
3995,3978
3995,4013
3995,8701
3995,21312
3996,5518
3996,6868
3996,19553
3996,27210
3997,18804
3998,11279
3998,14689
3998,21526
3998,25245
3999,11040
3999,12577
3999,22143
3999,24523
4000,1344
4000,13525
4000,15591
4000,19069
4001,9237
4001,14189
4001,24778
4001,26176
4002,5490
4002,12008
4002,14227
4002,28038
4003,4372
4003,6791
4003,17651
4003,23243
4004,1386
4004,3419
4004,12019
4004,22340
4005,3785
4005,9046
4005,10829
4005,26710
4006,141
4006,3999
4006,5308
4006,22614
4007,17022
4007,19451
4007,19539
4008,3082
4008,5842
4008,22865
4008,23824
4009,1190
4009,16156
4009,22919
4009,24535
4010,3010
4010,14960
4010,15756
4010,26444
4011,1268
4011,15731
4011,17372
4011,26012
4012,2691
4012,10185
4012,23783
4012,26636
4013,13
4013,18863
4013,21993
4013,28409
4014,13195
4014,19177
4014,21777
4014,26030
4015,18178
4015,19403
4015,21212
4015,21267
4016,2135
4016,5613
4016,6135
4016,16789
4017,5955
4017,14142
4017,15132
4017,23135
4018,1811
4018,16409
4018,20957
4018,21642
4019,968
4019,5179
4019,18764
4019,21739
4020,5748
4021,3041
4021,9426
4021,17667
4021,23675
4022,868
4022,1865
4022,10274
4022,18360
4023,12623
4023,15065
4023,19933
4023,27965
4024,17208
4024,23751
4024,28015
4024,28027
4025,9089
4025,26696
4025,27063
4026,1661
4026,22251
4027,15067
4027,16482
4027,18716
4027,23536
4028,7087
4028,13192
4028,15018
4028,23457
4029,2651
4029,2839
4029,11900
4029,16482
4030,14361
4030,16485
4030,17828
4030,24979
4031,6839
4031,14446
4031,19822
4031,26039
4032,1474
4032,3877
4032,12839
4032,22141
4033,4746
4033,6726
4033,16375
4033,17670
4034,1273
4034,2336
4034,15942
4034,19222
4035,4896
4035,17200
4035,19209
4035,26548
4036,13554
4036,18140
4036,20360
4036,22381
4037,13935
4037,21847
4037,21849
4037,28275
4038,8978
4038,11001
4038,12855
4038,23798
4039,2941
4040,6445
4040,7035
4040,10787
4040,27048
4041,12577
4041,17698
4041,21956
4041,25381
4042,3744
4042,11038
4042,16866
4042,24999
4043,3243
4043,14148
4043,14889
4043,23978
4044,2414
4044,6799
4044,12773
4044,23512
4045,14465
4045,20890
4045,21387
4045,25987
4046,6540
4046,12956
4046,22936
4046,27946
4047,1970
4047,2037
4047,5172
4047,20620
4048,20477
4049,3515
4049,14277
4049,15079
4049,17285
4050,1436
4050,1531
4050,11120
4050,12046
4051,1621
4051,2409
4051,13536
4051,14538
4052,2286
4052,10325
4052,10823
4052,23709
4053,2205
4053,4183
4053,6485
4053,7667
4054,7525
4054,16773
4054,22916
4054,22956
4055,4805
4055,14497
4055,16172
4056,499
4056,11296
4056,21194
4056,27299
4057,373
4057,907
4057,17394
4057,27485
4058,849
4058,8785
4058,11672
4058,20299
4059,1257
4059,10396
4059,11672
4059,18511
4060,1969
4060,11823
4060,17508
4060,28099
4061,2123
4061,5859
4061,8657
4061,19708
4062,3153
4062,21344
4062,22349
4062,26018
4063,2356
4063,5434
4063,14891
4063,15392
4064,9126
4064,16420
4064,21376
4064,24698
4065,790
4065,2963
4065,3247
4065,11410
4066,10829
4066,13964
4066,14254
4066,22598
4067,590
4067,21811
4067,24044
4068,9821
4068,18134
4068,24728
4068,26146
4069,963
4069,7092
4069,19691
4069,23193
4070,7088
4070,10554
4070,24275
4070,26134
4071,1524
4071,4859
4071,17548
4071,25805
4072,21068
4072,25469
4073,6860
4073,8978
4073,11672
4073,22823
4074,6528
4074,6607
4074,8248
4074,17901
4075,1618
4075,8052
4075,10676
4075,13764
4076,160
4076,19279
4076,20293
4076,27725
4077,4937
4077,13875
4077,14106
4077,23214
4078,5978
4078,12674
4078,14585
4078,18684
4079,28065
4080,10334
4080,11295
4081,47
4081,22823
4081,23416
4081,26752
4082,6907
4082,8616
4082,22802
4082,27837
4083,814
4083,967
4083,2812
4083,25448
4084,10569
4084,13859
4084,19042
4084,28479
4085,3605
4085,3986
4085,26157
4085,27377
4086,5806
4086,7128
4086,11764
4086,26049
4087,884
4087,3764
4087,12557
4087,27739
4088,5031
4088,5316
4088,25832
4088,26736
4089,24307
4090,14705
4090,20292
4090,23369
4090,26768
4091,2538
4091,3307
4091,13597
4091,15765
4092,12622
4092,13858
4092,19161
4092,28236
4093,9139
4093,10721
4093,15827
4093,26171
4094,818
4094,14280
4094,17342
4094,24756
4095,6587
4095,8679
4095,19396
4095,26787
4096,1954
4096,3591
4097,3184
4097,14467
4097,15950
4097,21750
4098,6227
4098,9034
4098,14077
4098,23253
4099,4360
4099,12789
4099,21815
4099,25393
4100,7491
4100,15269
4100,16137
4100,21954
4101,7999
4101,14251
4101,15542
4101,18008
4102,12953
4102,16861
4102,23506
4103,2526
4103,8867
4103,23261
4103,23899
4104,4858
4104,5436
4104,8466
4104,12337
4105,1058
4105,4901
4105,6397
4105,17020
4106,19694
4107,13949
4107,24051
4107,27864
4107,27905
4108,16051
4108,22072
4108,25894
4108,26940
4109,7884
4109,14158
4109,16588
4109,16820
4110,732
4110,6581
4110,14811
4110,16857
4111,3796
4111,17515
4111,23385
4111,25874
4112,725
4112,1270
4112,9163
4112,13638
4113,2109
4113,13690
4113,18409
4113,19920
4114,12457
4114,22114
4114,27650
4114,27785
4115,5819
4115,8435
4115,26863
4115,27884
4116,9190
4116,14771
4116,16765
4116,26270
4117,8209
4117,10699
4117,22427
4117,28343
4118,20477
4119,5136
4119,5356
4119,7630
4119,12836
4120,3191
4120,4032
4120,13517
4120,20148
4121,20477
4122,2592
4122,4903
4122,6817
4122,14394
4123,15895
4123,16643
4123,21352
4123,21838
4124,1897
4124,3282
4124,17718
4124,27688
4125,2486
4125,20117
4125,27587
4125,28140
4126,2135
4126,13952
4126,20067
4126,21776
4127,4182
4127,18925
4127,21846
4127,26388
4128,6871
4128,10774
4128,15249
4128,16186
4129,10321
4129,16544
4129,18813
4129,28416
4130,9546
4130,14518
4131,4773
4131,4971
4132,16567
4132,17220
4132,17614
4132,26423
4133,11415
4133,23791
4133,24622
4133,26482
4134,17349
4134,18972
4134,19159
4134,21249
4135,6069
4135,11391
4135,14737
4135,22528
4136,5978
4136,26730
4137,10176
4137,12534
4137,16941
4137,22629
4138,108
4138,12507
4138,14041
4138,16707
4139,11391
4139,17841
4139,23370
4139,26442
4140,3808
4140,11341
4140,12271
4140,16593
4141,121
4141,505
4141,18985
4141,25637
4142,4043
4142,7881
4142,22579
4142,25686
4143,1568
4143,5317
4143,5896
4143,26341
4144,5120
4144,5356
4144,16951
4144,17182
4145,9953
4145,11525
4145,20540
4145,20748
4146,17944
4146,22429
4146,28316
4147,17033
4147,19016
4147,26406
4147,27252
4148,73
4148,4694
4148,17720
4148,24599
4149,8444
4149,15378
4149,16746
4149,20998
4150,26913
4151,196
4151,4746
4151,20612
4151,27386
4152,1943
4152,11203
4152,11852
4152,20855
4153,14974
4153,17670
4153,26385
4153,26914
4154,6839
4154,12958
4154,13466
4154,27934
4155,6839
4155,11181
4155,25329
4155,28468
4156,889
4156,9389
4156,13835
4156,21090
4157,18850
4157,20779
4157,22682
4157,23433
4158,196
4158,16543
4158,17670
4158,25101
4159,1943
4159,11181
4159,13466
4159,17006
4160,5857
4160,13466
4160,19861
4160,21980
4161,6839
4161,7372
4161,13466
4161,23945
4162,12958
4162,18845
4162,19822
4162,24626
4163,6839
4163,14446
4163,19822
4163,26039
4164,4129
4164,7372
4164,13466
4164,19822
4165,1943
4165,13466
4165,19822
4165,25568
4166,905
4166,7372
4166,13466
4166,17006
4167,7372
4167,13466
4167,14122
4167,19822
4168,903
4168,4746
4168,15183
4168,22472
4169,1592
4169,6839
4169,20855
4169,26103
4170,196
4170,6839
4170,12958
4170,18643
4171,7372
4171,13466
4171,19822
4171,27703
4172,1943
4172,13344
4172,18845
4172,19822
4173,17317
4173,21430
4173,21684
4173,25092
4174,18158
4174,21443
4174,23822
4174,24165
4175,231
4175,16284
4175,16787
4175,23587
4176,1291
4176,2050
4176,8327
4176,16746
4177,28
4177,5120
4177,6848
4177,10320
4178,383
4178,7902
4178,26766
4178,28030
4179,158
4179,8602
4179,25364
4179,27722
4180,558
4180,2582
4180,11303
4180,23939
4181,8782
4181,12994
4181,18459
4181,20964
4182,20384
4183,5444
4183,6790
4183,13673
4183,14468
4184,1097
4185,6486
4185,8005
4185,13894
4185,16865
4186,17847
4186,18795
4186,26806
4186,27260
4187,4810
4187,8066
4187,23481
4187,25612
4188,20
4188,6940
4188,11823
4188,27588
4189,7102
4189,13217
4189,19550
4189,26693
4190,13513
4190,15608
4190,18067
4190,21561
4191,4829
4191,8361
4191,22791
4191,25341
4192,1205
4192,4612
4192,24046
4192,26282
4193,20477
4194,1902
4194,3605
4194,19868
4194,20876
4195,14059
4195,16357
4195,18828
4195,24309
4196,22542
4196,22760
4197,2803
4197,11693
4197,13110
4197,22790
4198,796
4198,4465
4198,5946
4198,18937
4199,682
4199,9595
4199,16281
4199,28099
4200,1395
4200,2746
4200,5849
4200,21896
4201,10149
4201,17420
4201,21638
4201,24488
4202,5146
4202,7814
4202,19701
4202,25002
4203,1022
4203,7495
4203,19832
4203,19871
4204,8176
4204,16967
4204,18926
4204,22889
4205,14536
4205,14627
4205,17275
4205,20609
4206,222
4206,496
4206,15624
4206,25963
4207,3565
4207,12822
4207,24430
4207,27798
4208,7415
4208,8672
4208,11815
4208,28186
4209,9120
4209,13315
4209,16680
4209,27179
4210,5316
4210,10875
4210,15733
4210,24064
4211,4266
4211,15655
4211,21221
4211,26442
4212,12383
4212,15253
4213,12383
4213,15253
4214,1057
4214,6829
4214,8128
4214,22159
4215,17030
4215,18667
4215,21745
4215,26436
4216,4830
4216,6757
4216,9455
4216,16553
4217,2839
4217,7055
4217,11312
4217,19712
4218,14408
4218,18464
4218,22345
4218,26850
4219,17056
4219,20426
4219,23839
4219,28212
4220,10709
4220,21017
4220,27221
4220,27522
4221,5537
4221,7843
4221,12414
4221,20105
4222,6692
4222,9348
4222,15765
4222,26611
4223,3624
4223,6843
4223,9257
4223,10653
4224,6767
4224,9671
4224,18974
4224,23406
4225,1376
4225,1432
4225,13559
4225,22248
4226,23335
4226,24041
4226,24242
4226,26536
4227,1774
4227,17442
4227,18472
4227,19320
4228,2671
4228,7426
4228,18307
4228,25284
4229,2095
4229,5753
4229,8034
4229,28269
4230,5450
4230,26233
4230,26571
4230,27792
4231,7942
4231,11724
4231,22480
4231,26953
4232,8131
4232,8762
4232,19836
4232,20872
4233,11794
4233,17486
4233,28023
4234,3072
4234,14070
4234,25238
4234,26956
4235,7843
4235,10993
4235,26046
4235,28111
4236,9965
4236,20537
4236,20936
4236,24371
4237,2880
4237,12873
4237,19857
4237,25733
4238,1775
4238,16331
4238,20598
4238,21671
4239,383
4239,8094
4239,12358
4239,23205
4240,2009
4240,3252
4240,23548
4240,23891
4241,481
4241,5008
4241,24914
4241,27093
4242,4163
4242,5565
4242,7090
4242,7417
4243,5422
4243,6322
4243,15867
4243,18875
4244,20477
4245,4518
4245,15344
4245,15404
4245,24228
4246,1157
4246,7693
4246,13952
4246,15725
4247,19
4247,2135
4247,20659
4247,22777
4248,9397
4248,16229
4248,16482
4248,25330
4249,7176
4249,8247
4249,18132
4249,19009
4250,2964
4250,3779
4250,11017
4250,24314
4251,7176
4251,9436
4251,21806
4251,22840
4252,7693
4252,24644
4252,25342
4252,27511
4253,4632
4253,19264
4253,21386
4253,25507
4254,3968
4254,10363
4254,12058
4254,12594
4255,3316
4255,10131
4255,12781
4255,21564
4256,2465
4256,25282
4256,26403
4256,27226
4257,1586
4257,6088
4257,15641
4257,26417
4258,1674
4258,7317
4258,26399
4258,26774
4259,16169
4259,21834
4259,22203
4259,26552
4260,11410
4261,7436
4261,12435
4261,24430
4261,26706
4262,11390
4262,23349
4263,7414
4263,16458
4263,19546
4263,27115
4264,2287
4264,6682
4264,7884
4264,15208
4265,7882
4265,8768
4265,24732
4265,28333
4266,2526
4266,2599
4266,9564
4266,21767
4267,890
4267,1306
4267,18437
4267,25482
4268,1306
4268,18555
4268,18662
4268,22395
4269,5320
4269,7831
4269,11693
4269,18750
4270,7828
4270,15743
4270,23622
4270,24738
4271,7189
4271,13474
4271,19336
4271,24396
4272,4397
4272,5060
4272,15768
4272,15859
4273,8253
4273,12509
4273,14453
4273,22882
4274,8469
4274,13514
4274,16656
4274,22883
4275,2506
4275,4742
4275,17488
4275,28503
4276,10122
4276,11951
4276,21620
4276,28064
4277,4143
4277,7745
4277,10559
4277,14827
4278,4413
4278,10012
4278,14466
4278,17049
4279,7397
4279,10894
4279,11951
4279,13184
4280,10420
4280,24443
4280,26593
4280,27916
4281,5114
4281,12221
4281,16057
4281,26593
4282,481
4282,3196
4282,6870
4282,17171
4283,4680
4283,9156
4283,13953
4283,23147
4284,3771
4284,5949
4284,12180
4284,20680
4285,4422
4285,6824
4285,13953
4285,14723
4286,12636
4286,15868
4286,18649
4286,21470
4287,1910
4287,4162
4287,17118
4287,21470
4288,6039
4288,6781
4288,19533
4288,27801
4289,4583
4289,9251
4289,13817
4289,25298
4290,6838
4290,8411
4290,17453
4290,18649
4291,14013
4291,16395
4291,17469
4291,24068
4292,20477
4293,2683
4293,10293
4293,10718
4293,27501
4294,929
4294,12403
4294,12939
4294,23720
4295,5220
4295,8079
4295,17090
4295,22868
4296,557
4296,2321
4296,5451
4296,13921
4297,15050
4297,23866
4297,25733
4297,25970
4298,14769
4299,2129
4299,3885
4299,11877
4299,21838
4300,8295
4300,8758
4300,20388
4301,5451
4301,9549
4301,19309
4301,22078
4302,876
4302,2030
4302,13612
4302,20807
4303,386
4303,8946
4303,16989
4303,24707
4304,3022
4304,20976
4304,20984
4304,27511
4305,8812
4305,13068
4305,13971
4305,22849
4306,11906
4306,12787
4306,18973
4306,28117
4307,2607
4307,2819
4307,3403
4307,10460
4308,9826
4308,9861
4308,11376
4308,18045
4309,3196
4309,5565
4309,20243
4309,27209
4310,3345
4310,5689
4310,8345
4310,15460
4311,20477
4312,7923
4312,10960
4312,22610
4312,25671
4313,776
4313,12218
4313,13916
4313,21454
4314,350
4314,10500
4314,19006
4314,24374
4315,15193
4315,16261
4315,18835
4315,22034
4316,1480
4316,11856
4316,14584
4316,18273
4317,8887
4317,10206
4317,11245
4317,27391
4318,6488
4318,14087
4319,5995
4319,9612
4319,14091
4319,22706
4320,5569
4320,5823
4320,11240
4320,20260
4321,2278
4321,7244
4321,20286
4321,28031
4322,10510
4322,11636
4323,8013
4323,15342
4323,26992
4323,27319
4324,3493
4324,6245
4324,14165
4324,20100
4325,3358
4325,3407
4325,18616
4325,26706
4326,3314
4326,6838
4326,21470
4326,23996
4327,24796
4328,5471
4328,22209
4328,22376
4328,24589
4329,20423
4329,24185
4330,5302
4330,15260
4330,21990
4330,22043
4331,631
4331,4370
4331,24050
4331,25658
4332,4444
4332,9389
4332,15648
4332,27342
4333,12109
4333,24185
4334,1306
4334,7244
4334,9928
4334,18432
4335,4082
4335,4112
4335,7401
4335,10570
4336,1328
4336,8728
4336,19087
4336,26087
4337,416
4337,7496
4337,17013
4337,27750
4338,822
4338,11540
4338,14355
4338,14364
4339,11563
4339,25823
4339,26213
4339,28126
4340,11802
4340,23718
4340,24939
4340,27936
4341,51
4341,7279
4341,11718
4341,19240
4342,9438
4342,16128
4342,21791
4342,23255
4343,1017
4343,3237
4343,6212
4343,6671
4344,4938
4344,7186
4344,13995
4344,23873
4345,3444
4345,13325
4345,19079
4345,22048
4346,11226
4346,13821
4346,18638
4346,23954
4347,1997
4347,6027
4347,13431
4347,16867
4348,973
4348,6213
4348,25042
4348,26705
4349,4154
4349,4317
4349,6953
4349,7458
4350,11026
4350,19631
4350,25870
4350,26276
4351,6587
4351,14266
4351,14405
4351,14850
4352,1021
4352,1647
4352,3395
4352,9806
4353,3995
4353,5998
4353,6067
4353,9531
4354,6655
4354,9802
4354,21843
4354,26215
4355,8694
4355,15357
4355,24203
4355,24783
4356,4737
4356,19810
4356,22903
4357,5924
4357,6238
4357,12585
4357,21451
4358,1387
4358,9787
4358,17137
4358,22834
4359,15162
4360,5220
4360,7791
4360,22178
4360,25459
4361,1664
4361,8234
4361,9269
4361,11215
4362,15162
4362,16594
4362,22919
4362,27768
4363,735
4363,6061
4363,9230
4363,25532
4364,623
4364,3075
4364,8118
4364,19382
4365,12494
4365,23902
4365,23919
4365,24550
4366,20477
4367,5423
4367,10448
4367,13955
4367,25173
4368,3837
4368,4414
4368,5109
4369,2480
4369,7747
4369,11329
4369,19310
4370,19346
4370,20368
4370,20590
4370,26924
4371,4381
4371,14591
4371,15885
4371,21633
4372,7162
4372,14779
4372,24569
4372,26483
4373,7131
4373,10549
4373,23060
4373,24243
4374,3879
4374,12173
4374,27015
4374,27665
4375,19614
4376,12015
4376,14927
4376,21906
4376,22427
4377,2143
4377,13328
4377,16303
4377,18874
4378,5429
4378,7495
4378,23290
4378,27114
4379,7698
4379,12650
4379,21883
4379,23185
4380,9548
4380,13256
4380,15232
4380,16242
4381,108
4381,561
4381,18675
4381,18724
4382,9372
4382,14693
4382,15520
4382,21960
4383,431
4383,9903
4383,21954
4383,27173
4384,6900
4384,11528
4384,18759
4384,21515
4385,1080
4385,3432
4385,12979
4385,22738
4386,12956
4386,19386
4386,21983
4386,23909
4387,15804
4387,19175
4387,20771
4387,23164
4388,9730
4388,11298
4388,11503
4388,20212
4389,15176
4389,17138
4389,18748
4390,20477
4391,8035
4391,8635
4391,16185
4391,21992
4392,8209
4392,12015
4392,21906
4392,22427
4393,7901
4393,10319
4393,15639
4393,25848
4394,2881
4394,4305
4394,22574
4394,23969
4395,26378
4395,28238
4396,3777
4396,10686
4396,13566
4396,16288
4397,8974
4397,17803
4397,24415
4397,27825
4398,5013
4398,14170
4398,16040
4398,18458
4399,1651
4399,12287
4399,14591
4399,15520
4400,3321
4400,8850
4400,8867
4400,20400
4401,2953
4401,6560
4401,11589
4401,21497
4402,326
4402,3124
4402,13316
4402,24143
4403,2254
4403,15948
4404,4352
4404,16641
4404,17125
4404,22752
4405,14409
4405,15064
4405,24530
4405,25297
4406,20477
4407,3888
4407,14371
4407,26053
4407,26309
4408,1574
4408,3359
4408,7493
4408,8139
4409,1574
4409,2141
4409,3240
4409,17920
4410,15979
4410,25838
4410,26994
4411,27714
4412,14096
4412,19201
4412,24927
4412,27511
4413,692
4413,9601
4413,18805
4413,24852
4414,692
4414,3753
4414,5423
4414,21506
4415,11511
4415,18002
4415,18170
4415,19022
4416,4183
4416,18297
4416,22317
4416,22910
4417,5107
4417,6224
4417,15014
4417,23686
4418,5969
4418,11409
4418,16315
4418,25657
4419,1684
4419,7910
4419,10643
4419,11569
4420,3319
4420,20715
4420,22447
4420,23563
4421,11523
4421,19881
4421,22566
4421,23868
4422,971
4422,3047
4422,15705
4423,2785
4423,3935
4423,5772
4423,11259
4424,2017
4424,12125
4424,15168
4424,27326
4425,6100
4425,18093
4425,19329
4425,28329
4426,9564
4426,16611
4426,17492
4426,22294
4427,20853
4427,21968
4427,25477
4427,27747
4428,22691
4428,23566
4428,26832
4428,26965
4429,8001
4429,17834
4429,20125
4429,23956
4430,9579
4430,13729
4430,25290
4430,26681
4431,7037
4432,4719
4432,11439
4432,16679
4432,27841
4433,28040
4434,5612
4434,5884
4434,8966
4434,25140
4435,9379
4435,15111
4435,17219
4435,21073
4436,6051
4436,16924
4436,25653
4436,27350
4437,2733
4437,15371
4437,22723
4437,25973
4438,3966
4438,14578
4438,20259
4438,25832
4439,12682
4440,1627
4440,17902
4440,18127
4440,19839
4441,20477
4442,9411
4442,14062
4442,15618
4442,18615
4443,1131
4443,7361
4443,7423
4443,19614
4444,509
4444,3450
4444,7155
4444,8241
4445,15759
4445,19462
4445,22574
4445,24202
4446,21302
4446,21386
4446,22164
4446,26397
4447,1001
4447,7095
4447,10526
4447,26163
4448,8620
4448,8939
4448,14576
4448,21186
4449,18999
4450,16255
4450,16521
4450,18053
4451,8939
4451,9908
4451,14576
4451,21186
4452,18901
4453,6753
4453,15612
4453,21701
4453,22295
4454,6455
4454,6592
4454,7006
4454,18266
4455,3731
4455,18595
4455,20334
4455,25794
4456,3844
4456,10903
4456,25897
4456,26475
4457,7911
4457,13332
4457,14497
4457,26131
4458,16766
4458,26246
4458,26722
4458,28284
4459,6941
4459,26786
4460,2596
4460,8804
4460,19549
4460,27900
4461,2517
4461,6228
4461,7700
4461,10346
4462,4801
4462,9038
4462,19702
4462,22660
4463,1836
4463,10435
4463,12574
4463,18613
4464,2058
4464,3786
4464,16055
4464,26521
4465,4584
4465,20088
4465,23081
4465,23867
4466,11252
4466,13822
4466,16164
4466,27711
4467,8848
4467,11751
4467,20925
4467,21515
4468,1951
4468,10234
4468,13873
4468,14699
4469,5812
4469,8735
4469,11885
4469,13836
4470,2008
4470,6464
4470,7766
4470,12401
4471,3080
4471,5488
4471,10595
4471,23982
4472,25099
4473,24559
4474,9365
4474,13438
4474,14570
4474,26436
4475,8145
4475,11831
4475,20945
4475,28111
4476,7423
4476,14459
4476,19407
4476,22435
4477,3423
4477,6998
4477,18489
4477,19285
4478,2217
4478,6191
4478,11825
4478,26841
4479,80
4479,21937
4479,25410
4479,25522
4480,22415
4480,24501
4480,24956
4480,26986
4481,6593
4481,13163
4481,13793
4481,19420
4482,944
4482,3307
4482,3495
4482,18805
4483,2723
4483,12398
4483,17848
4483,27511
4484,5031
4484,10477
4484,22993
4484,24058
4485,11535
4485,16490
4485,25812
4485,27433
4486,4843
4486,6860
4486,11874
4486,20783
4487,6057
4487,7203
4487,9986
4487,27059
4488,12630
4488,18768
4488,21074
4488,25751
4489,1506
4489,14201
4489,16141
4489,27266
4490,4386
4490,12062
4490,19165
4490,27336
4491,10447
4491,14721
4491,18700
4491,25175
4492,3693
4492,14574
4492,20143
4492,22168
4493,15765
4493,19282
4493,23008
4493,26433
4494,9671
4494,11733
4494,14574
4494,23406
4495,3226
4495,20105
4495,20250
4495,28111
4496,9671
4496,11733
4496,14574
4496,26267
4497,1332
4497,14344
4497,18970
4497,22097
4498,3439
4498,4365
4498,27080
4498,28524
4499,1949
4499,5582
4499,25086
4499,26204
4500,12772
4500,15797
4500,17004
4500,18667
4501,5951
4501,10065
4501,14007
4501,27393
4502,15026
4502,15470
4502,19379
4502,26212
4503,22014
4504,12726
4504,18796
4504,22967
4505,5910
4506,7873
4506,24716
4506,25942
4506,26136
4507,3349
4508,7507
4508,8752
4508,19037
4508,20067
4509,11271
4509,14190
4509,15255
4509,25854
4510,1851
4510,5934
4510,24519
4510,25255
4511,3442
4511,7938
4511,14536
4511,27284
4512,12680
4512,15410
4512,16748
4512,22051
4513,5433
4513,9922
4513,14297
4513,17419
4514,9886
4514,18918
4514,21411
4514,22640
4515,5502
4515,13183
4515,18857
4515,22098
4516,7589
4516,11592
4516,20190
4516,24546
4517,8385
4517,14600
4517,16973
4517,26827
4518,50
4518,1582
4518,12571
4518,26977
4519,1686
4519,20433
4519,22840
4519,28183
4520,4076
4520,6903
4520,9807
4520,23643
4521,8393
4521,12360
4522,1054
4522,7507
4522,16275
4522,21322
4523,1489
4523,6605
4523,13669
4523,13689
4524,10448
4524,15071
4524,21386
4524,26726
4525,20477
4526,1246
4526,4089
4526,12897
4526,18488
4527,4209
4527,7263
4527,15760
4527,18953
4528,16329
4528,22347
4528,24119
4528,26207
4529,7852
4529,17248
4529,24377
4529,25970
4530,3420
4530,8332
4530,8934
4530,17618
4531,7335
4531,11825
4531,25504
4531,26841
4532,2174
4532,6223
4532,26835
4533,20477
4534,1931
4534,3058
4534,21242
4534,26304
4535,12790
4535,22669
4535,23495
4535,25638
4536,7082
4536,10777
4536,11719
4536,28506
4537,1747
4537,10986
4537,16929
4537,24266
4538,1920
4538,5310
4538,5411
4538,15025
4539,10809
4539,11645
4539,25264
4539,27573
4540,2806
4540,7754
4540,22803
4540,23462
4541,3301
4541,10206
4541,19819
4541,26360
4542,140
4542,17778
4542,25238
4542,25868
4543,3542
4543,6471
4543,13492
4543,24919
4544,1226
4544,26595
4545,14056
4546,10492
4547,16481
4547,18805
4547,26091
4547,26736
4548,2459
4548,8027
4548,19311
4548,26085
4549,1769
4549,15708
4549,24281
4549,28436
4550,5543
4550,7154
4550,12934
4550,28520
4551,1914
4551,10436
4551,21241
4551,23159
4552,6039
4552,12095
4552,22466
4552,25091
4553,7149
4553,18303
4554,364
4554,13199
4554,18310
4554,21858
4555,7738
4555,15733
4555,22840
4555,28183
4556,5338
4556,5405
4556,19122
4556,26720
4557,6542
4557,12398
4557,18833
4557,25832
4558,1475
4558,8551
4558,13731
4558,27125
4559,5031
4559,10477
4559,22993
4559,24058
4560,4454
4560,25100
4560,27042
4560,28322
4561,4214
4561,5406
4561,7837
4561,26588
4562,3239
4562,16911
4562,19814
4562,25122
4563,1908
4563,2838
4563,3697
4563,15955
4564,631
4564,11104
4564,17274
4565,1866
4565,17611
4565,21743
4565,22291
4566,7738
4566,15181
4566,21386
4566,24644
4567,5294
4567,9098
4567,22679
4567,23097
4568,293
4568,1008
4568,25398
4568,25415
4569,2475
4569,4890
4569,24998
4569,26965
4570,1182
4570,5795
4570,17592
4570,21220
4571,5152
4571,7170
4571,21562
4571,28070
4572,14636
4572,17247
4572,17487
4572,27539
4573,10815
4573,18150
4573,21288
4573,27823
4574,18037
4574,19370
4574,22294
4574,25843
4575,10476
4575,12875
4575,28461
4575,28469
4576,16111
4576,22115
4577,17479
4577,19073
4577,20314
4577,27433
4578,11822
4578,14450
4578,14952
4578,26561
4579,8943
4579,17548
4579,21451
4579,28410
4580,3007
4580,16481
4580,16790
4580,27542
4581,4454
4581,13930
4581,15935
4581,21132
4582,2218
4582,7265
4582,13435
4582,17945
4583,5406
4583,18670
4583,21318
4583,23570
4584,6804
4584,8184
4584,9819
4584,19625
4585,4058
4585,7369
4585,7769
4585,13015
4586,12541
4587,3851
4587,15864
4587,24366
4588,12873
4588,18442
4588,19471
4588,24350
4589,5406
4589,14457
4589,20095
4589,22496
4590,3070
4590,7895
4590,15331
4590,21494
4591,16545
4591,20801
4591,22864
4591,26979
4592,648
4592,2959
4592,8090
4592,19008
4593,1228
4593,2504
4593,6811
4593,23250
4594,6327
4594,11124
4594,17232
4594,27484
4595,2797
4595,18189
4596,7049
4597,27040
4598,9267
4598,12894
4598,19895
4598,23036
4599,9611
4599,11873
4599,24798
4599,25943
4600,2144
4600,2982
4600,7499
4600,9537
4601,7237
4601,13319
4601,13536
4601,23301
4602,7533
4602,8310
4602,12097
4602,14486
4603,18212
4603,19686
4603,21562
4603,23644
4604,2940
4604,17572
4604,21318
4604,27459
4605,424
4605,11229
4605,13006
4605,13033
4606,2739
4606,20278
4606,21500
4606,27987
4607,721
4607,4240
4607,7980
4607,10416
4608,6485
4608,9164
4608,11956
4608,11994
4609,12279
4610,2038
4610,12602
4610,14884
4610,25990
4611,1990
4611,8575
4611,8816
4611,23703
4612,3285
4612,15278
4612,20687
4612,26048
4613,20477
4614,17369
4614,23569
4614,25500
4614,26184
4615,4854
4615,8843
4615,11354
4615,26688
4616,5236
4616,10481
4616,20275
4616,24067
4617,3089
4617,6733
4617,10584
4617,22642
4618,4013
4618,7625
4618,17035
4618,28048
4619,6587
4619,6844
4619,27895
4620,2348
4620,4183
4620,17333
4620,19568
4621,2396
4621,9206
4621,15106
4621,25422
4622,3227
4622,9449
4622,13313
4622,21359
4623,3022
4623,8080
4623,21806
4623,22852
4624,1078
4624,15607
4624,20115
4624,27171
4625,11379
4625,17910
4625,25528
4625,27313
4626,7490
4626,15156
4626,16808
4626,21200
4627,2953
4627,14926
4627,16456
4627,28210
4628,7512
4628,11532
4628,13819
4628,26906
4629,20477
4630,3865
4630,7721
4630,12599
4630,13089
4631,22895
4631,24941
4631,25715
4631,26714
4632,7147
4632,7339
4632,20274
4632,23063
4633,12014
4633,13141
4633,17659
4633,18650
4634,6914
4634,13245
4634,16908
4634,21080
4635,1973
4635,2792
4635,12112
4635,27344
4636,2034
4636,15393
4636,20017
4636,25866
4637,7440
4637,23829
4637,24487
4637,24513
4638,6647
4638,10845
4638,14286
4638,26219
4639,12669
4639,15308
4639,18560
4639,20999
4640,5271
4640,8399
4640,11587
4640,18037
4641,10301
4641,13699
4641,20010
4641,25966
4642,1612
4642,4228
4642,11771
4642,24952
4643,1201
4643,9973
4643,25641
4643,27445
4644,14497
4644,15614
4644,23551
4644,25923
4645,6347
4645,10554
4646,14911
4646,19249
4646,27566
4646,27624
4647,2539
4647,9888
4647,17537
4647,28194
4648,21089
4649,10075
4649,15725
4649,24927
4650,20477
4651,4005
4651,15725
4651,20238
4651,27385
4652,99
4652,2250
4652,2431
4652,14994
4653,8164
4653,15716
4653,22982
4653,24915
4654,5613
4654,15404
4654,15522
4654,16960
4655,13188
4656,24133
4657,2267
4657,16234
4658,1037
4658,4828
4658,12099
4658,25397
4659,22330
4659,23960
4659,24408
4659,24491
4660,7759
4660,10459
4660,12445
4660,18179
4661,3655
4661,7526
4661,10315
4661,12549
4662,2653
4662,15955
4662,18916
4662,23301
4663,2317
4663,3005
4663,5399
4663,16227
4664,20551
4664,21454
4664,22841
4664,23210
4665,265
4665,13937
4665,14912
4665,17909
4666,21996
4667,2181
4667,10324
4667,18304
4667,27368
4668,6317
4668,27960
4669,11214
4669,11365
4669,13539
4669,14597
4670,4389
4670,12631
4670,22211
4670,28287
4671,674
4671,8951
4671,18239
4671,28406
4672,18282
4672,22782
4672,24057
4672,24293
4673,9583
4673,9672
4673,12666
4673,13009
4674,15446
4674,16650
4674,22277
4674,24854
4675,9058
4675,14727
4675,22730
4675,26541
4676,15269
4677,18383
4678,15053
4678,17042
4678,19723
4678,20068
4679,1242
4680,7507
4680,14843
4680,19935
4680,24228
4681,17131
4681,18797
4681,21168
4681,26397
4682,3022
4682,5732
4682,22086
4682,27511
4683,7764
4683,11535
4683,12070
4683,20600
4684,17334
4684,22504
4684,25897
4684,27979
4685,20477
4686,26481
4687,3371
4687,16375
4687,19790
4687,22472
4688,630
4688,11908
4688,26023
4689,3343
4689,15510
4689,15865
4689,28032
4690,5895
4690,21281
4691,1874
4691,17367
4691,17512
4691,28362
4692,1051
4692,17568
4692,21623
4692,27075
4693,8353
4693,10151
4693,17384
4693,24445
4694,339
4694,8106
4694,11504
4694,19190
4695,20477
4696,3802
4696,4094
4696,7403
4696,25042
4697,670
4697,970
4697,3519
4697,17412
4698,13510
4698,16066
4698,24002
4698,27085
4699,5201
4699,9560
4699,17954
4699,20530
4700,20477
4701,9805
4701,22508
4701,23092
4701,27715
4702,777
4702,3748
4702,9329
4702,23482
4703,4185
4703,13079
4704,11128
4704,20007
4704,23666
4704,27869
4705,5441
4705,6511
4705,7982
4705,26653
4706,15039
4706,16576
4706,16601
4706,25083
4707,6271
4707,7946
4707,15085
4707,21223
4708,3196
4708,6522
4708,13608
4708,20796
4709,8289
4709,16544
4709,19836
4709,26460
4710,529
4710,5134
4710,7843
4710,20358
4711,3620
4711,20250
4711,20419
4711,23212
4712,3714
4712,4218
4712,13141
4712,21517
4713,8867
4713,21134
4713,24554
4713,26712
4714,4316
4714,5565
4714,8710
4714,10293
4715,2928
4715,10957
4715,22257
4715,25452
4716,1664
4716,5689
4716,24711
4717,2639
4717,6522
4717,15992
4717,16705
4718,3145
4718,3957
4718,8434
4718,17171
4719,10925
4719,14593
4719,23578
4719,27923
4720,851
4720,14775
4720,24867
4720,27366
4721,462
4721,8264
4721,11550
4721,24781
4722,26862
4723,10315
4723,18349
4723,26743
4723,28260
4724,5787
4724,15395
4725,917
4725,12519
4725,17113
4725,28251
4726,3935
4726,12190
4727,20477
4728,9512
4728,13658
4728,18340
4728,23518
4729,680
4729,4502
4729,11510
4729,25126
4730,2517
4730,4377
4730,17246
4730,20587
4731,10326
4731,13164
4731,14800
4731,24705
4732,23952
4732,25286
4732,25324
4732,27617
4733,7933
4733,23200
4733,26192
4733,26679
4734,4076
4734,4353
4734,21776
4734,25753
4735,14202
4735,20027
4735,21350
4735,25399
4736,3909
4736,9713
4736,14548
4736,18009
4737,7500
4737,20620
4737,24043
4737,26663
4738,3833
4738,8479
4738,19318
4738,26031
4739,1641
4739,15031
4739,16810
4739,23431
4740,2182
4740,8144
4740,15712
4740,15815
4741,3685
4741,3825
4741,21641
4741,27324
4742,20477
4743,496
4743,742
4743,2370
4743,4863
4744,5292
4744,9465
4744,23232
4744,28363
4745,1565
4745,4233
4745,24262
4745,26766
4746,16206
4746,18514
4746,24773
4746,26517
4747,12851
4748,7467
4748,9297
4748,24172
4748,26612
4749,3704
4749,9700
4749,10756
4749,22528
4750,8596
4750,12296
4750,23281
4751,14925
4751,19519
4751,21022
4751,26217
4752,3279
4752,7264
4752,12074
4752,23771
4753,2049
4753,10597
4753,15652
4753,25283
4754,18568
4754,23165
4754,26556
4754,27408
4755,3244
4755,10657
4755,11448
4755,13456
4756,5106
4756,8477
4756,8928
4756,12229
4757,7386
4757,10632
4757,12464
4757,12839
4758,2613
4758,3461
4758,3849
4758,24456
4759,2168
4759,6960
4759,6972
4759,11145
4760,3021
4760,6963
4760,12619
4760,24331
4761,24389
4762,9987
4762,12377
4762,21540
4762,25988
4763,2326
4763,3845
4763,11022
4763,16787
4764,3418
4764,16824
4764,19584
4764,23606
4765,4264
4765,15421
4765,15916
4765,23029
4766,4518
4766,15765
4766,21302
4766,24750
4767,1291
4767,7626
4767,12082
4767,13801
4768,7693
4768,9106
4768,9898
4768,27145
4769,2135
4769,2676
4769,7507
4769,25873
4770,5117
4770,6815
4770,18347
4770,27815
4771,4249
4771,12707
4771,19259
4771,19522
4772,1549
4772,12901
4772,13436
4772,18575
4773,2005
4773,23046
4773,27159
4773,28532
4774,3865
4774,5521
4774,12406
4774,21952
4775,9866
4775,17156
4775,24066
4775,28465
4776,6039
4776,12924
4776,15367
4776,24683
4777,7600
4777,16931
4777,20957
4777,24119
4778,57
4778,1770
4778,3548
4778,5249
4779,2406
4779,5983
4779,8794
4779,20104
4780,9201
4780,21218
4780,22215
4780,27760
4781,7915
4781,11630
4781,12647
4781,21161
4782,17209
4783,9369
4783,10553
4783,12496
4783,28421
4784,4699
4784,22086
4784,27158
4784,27511
4785,16481
4785,17170
4785,26736
4785,27158
4786,23709
4787,3001
4787,5858
4787,16554
4787,19685
4788,2598
4788,4313
4788,10932
4788,16697
4789,262
4789,11210
4789,22623
4789,23070
4790,5497
4790,7204
4790,20956
4790,24072
4791,5794
4791,9564
4791,23861
4791,25232
4792,4150
4792,9930
4792,23096
4792,23594
4793,798
4793,15751
4793,18216
4793,20448
4794,495
4794,873
4794,10343
4794,10916
4795,3181
4795,13058
4795,14903
4795,20361
4796,9881
4796,10103
4796,11904
4796,16669
4797,100
4797,8248
4797,21053
4797,23214
4798,2015
4798,3149
4798,4127
4798,25389
4799,3376
4799,4554
4799,23127
4799,25936
4800,20477
4801,8222
4801,23782
4801,24690
4801,25395
4802,5184
4802,5574
4802,13751
4802,22046
4803,732
4803,6137
4803,6682
4803,16820
4804,5690
4804,6056
4804,17634
4804,24063
4805,20477
4806,1788
4806,2833
4806,12587
4806,25438
4807,20477
4808,8266
4808,8378
4808,19247
4808,22464
4809,794
4809,6145
4809,6481
4809,13458
4810,8501
4810,13232
4810,22584
4810,28381
4811,1685
4811,3770
4811,13889
4811,27004
4812,10386
4812,17525
4812,22819
4812,28047
4813,4007
4813,4654
4813,6159
4813,21102
4814,6869
4814,10685
4814,15286
4814,23226
4815,12882
4815,19909
4815,21068
4816,6562
4816,12960
4816,17306
4816,26732
4817,2740
4817,8248
4817,12282
4817,15614
4818,5156
4818,21213
4818,25483
4818,28192
4819,4853
4819,12493
4819,17456
4819,17755
4820,1228
4820,11180
4820,15288
4820,18874
4821,1077
4821,20955
4821,21019
4821,22974
4822,1790
4822,9150
4822,9491
4822,12059
4823,4159
4823,4459
4823,13534
4823,16172
4824,638
4824,4748
4824,15848
4824,28425
4825,785
4825,4053
4825,20049
4825,21635
4826,16449
4826,19611
4826,20481
4826,24585
4827,20477
4828,13719
4828,19945
4828,22486
4828,28304
4829,7239
4829,14209
4829,21420
4829,28234
4830,6232
4830,15862
4830,20505
4830,27515
4831,3154
4832,3232
4832,3491
4832,8943
4832,27900
4833,1039
4833,13176
4833,21964
4833,27392
4834,8569
4834,9140
4834,10834
4834,17606
4835,4583
4835,4952
4835,11869
4835,25350
4836,4978
4836,6222
4836,13764
4836,14497
4837,2780
4837,15315
4837,15449
4837,17916
4838,7347
4838,13132
4838,15504
4838,21468
4839,2954
4839,4956
4839,10672
4839,27321
4840,4261
4840,4447
4840,5083
4840,19134
4841,66
4841,9152
4841,23399
4841,26181
4842,2738
4842,12276
4842,18764
4842,28070
4843,9906
4843,11504
4843,17442
4843,25534
4844,1388
4844,11608
4844,17998
4844,21314
4845,9880
4845,13529
4845,19294
4845,27137
4846,1020
4846,6318
4846,7919
4846,8132
4847,8461
4847,8635
4847,16584
4847,26116
4848,12575
4848,22701
4849,3043
4849,15090
4849,20657
4849,25212
4850,5582
4850,19712
4850,23699
4850,25939
4851,10579
4851,17152
4851,19108
4851,20944
4852,5950
4852,6530
4852,14574
4852,25485
4853,60
4853,11288
4853,13240
4853,22864
4854,1295
4854,19270
4854,27014
4854,27436
4855,5561
4855,13026
4855,18268
4855,24238
4856,5612
4856,18859
4856,19614
4856,23939
4857,4835
4857,10047
4857,12446
4858,16578
4858,17615
4858,19145
4858,20302
4859,20477
4860,3791
4860,3907
4860,6433
4860,14045
4861,2654
4861,17838
4861,18598
4861,25276
4862,5305
4862,6348
4862,9914
4862,27258
4863,4241
4863,8094
4863,12476
4863,12877
4864,2839
4864,11312
4864,19836
4864,20283
4865,11467
4865,18177
4865,18716
4865,28154
4866,7595
4866,8217
4866,21571
4866,24789
4867,10837
4867,16117
4867,20048
4867,26432
4868,5295
4868,25228
4869,7129
4869,13372
4869,24979
4869,28026
4870,1677
4870,10225
4870,11948
4870,19435
4871,5503
4871,12524
4871,18086
4871,25234
4872,2082
4872,5442
4872,14413
4872,18949
4873,7150
4873,7660
4873,9085
4873,22924
4874,1418
4874,16100
4874,19836
4874,21831
4875,3110
4876,2413
4876,8905
4876,20247
4876,22153
4877,3760
4877,15928
4877,22843
4877,25043
4878,10552
4878,12128
4878,25390
4878,26987
4879,1819
4879,20404
4879,22531
4879,24215
4880,8807
4880,18210
4880,24156
4880,24547
4881,5096
4881,20015
4881,20581
4881,27907
4882,1930
4882,20754
4882,23860
4883,890
4883,23431
4883,25323
4883,26430
4884,215
4884,11829
4884,13805
4884,26167
4885,4953
4885,6709
4885,12185
4885,18354
4886,5768
4886,8159
4886,10293
4886,26558
4887,331
4887,9778
4887,21772
4887,26283
4888,1411
4888,2447
4888,10728
4888,13975
4889,295
4889,5809
4890,1494
4890,8835
4890,18108
4890,23710
4891,10365
4891,11221
4891,21031
4891,23700
4892,12279
4892,17711
4893,1317
4893,3031
4893,8777
4893,21388
4894,3809
4894,10297
4894,13172
4894,17288
4895,2965
4895,11675
4895,14198
4895,16046
4896,22920
4896,25118
4897,250
4897,10172
4897,14758
4897,15983
4898,1976
4898,15511
4898,17365
4898,22090
4899,1536
4899,6521
4899,9927
4899,14455
4900,1746
4900,4805
4900,14744
4900,15346
4901,13461
4901,14018
4901,20436
4901,26745
4902,3120
4902,9801
4902,15205
4902,17370
4903,1140
4903,13060
4903,13415
4903,23130
4904,6554
4904,11424
4904,11732
4904,13243
4905,4355
4905,11417
4905,20538
4905,23022
4906,1723
4906,5566
4906,7761
4906,8973
4907,7001
4907,8833
4907,24244
4907,25255
4908,16339
4909,1961
4909,11139
4909,12281
4909,19910
4910,1984
4910,6359
4910,7355
4910,14688
4911,13349
4911,16758
4912,15347
4912,21455
4912,28061
4912,28391
4913,20477
4914,15347
4914,18166
4914,22824
4914,28061
4915,10849
4915,15347
4915,18166
4915,28173
4916,10910
4916,15347
4916,18166
4916,19005
4917,6353
4917,19494
4917,21206
4917,22468
4918,7397
4918,15347
4918,18166
4918,28391
4919,3927
4919,11614
4919,12266
4919,21482
4920,9727
4920,22049
4920,22155
4920,23764
4921,1484
4921,9186
4921,15509
4921,24662
4922,21553
4922,22194
4922,25502
4922,27106
4923,3382
4923,10407
4923,19601
4923,25161
4924,2817
4924,21331
4924,24006
4924,26628
4925,426
4925,8352
4925,12174
4925,27816
4926,6759
4926,9969
4926,10855
4926,15259
4927,13351
4927,14031
4927,26792
4927,27859
4928,3319
4928,6608
4928,8489
4928,11508
4929,5019
4929,24756
4929,25401
4929,26502
4930,3629
4930,11119
4930,13897
4930,14639
4931,9689
4931,16065
4931,17029
4931,27072
4932,9579
4932,20749
4932,22548
4932,25709
4933,8269
4933,9948
4933,18346
4933,22125
4934,3145
4934,9459
4934,10718
4934,21902
4935,2560
4935,14743
4935,23843
4935,26799
4936,11107
4936,14425
4936,16657
4936,25515
4937,4987
4937,7069
4937,22348
4937,25882
4938,1062
4938,5616
4938,7443
4938,16276
4939,655
4939,9092
4939,12906
4939,21954
4940,4159
4940,6019
4940,12931
4940,27725
4941,6462
4941,14913
4941,18149
4941,27369
4942,5491
4942,15655
4942,17914
4942,28284
4943,20477
4944,5905
4944,19471
4944,21642
4944,26482
4945,751
4945,18758
4945,23524
4945,24888
4946,9068
4946,21381
4946,22044
4946,22178
4947,8197
4947,13176
4947,21188
4947,28284
4948,751
4948,5451
4948,17377
4948,26920
4949,1964
4949,7256
4949,24688
4949,26976
4950,7165
4950,22537
4950,25780
4950,27052
4951,961
4951,9346
4951,15315
4951,22476
4952,1787
4952,6005
4952,18214
4952,23252
4953,3066
4953,6069
4953,17049
4953,22137
4954,20477
4955,1557
4955,5893
4955,9793
4955,20031
4956,17005
4957,12196
4957,14865
4957,24839
4957,27972
4958,8477
4958,10577
4958,11893
4958,26686
4959,2505
4959,15633
4959,21337
4959,23625
4960,8885
4960,9846
4960,22256
4960,24748
4961,12590
4962,17625
4962,25596
4962,26638
4962,27512
4963,20477
4964,2530
4964,12460
4964,14102
4964,21802
4965,5538
4965,11045
4965,16860
4965,17363
4966,2840
4966,8369
4966,11849
4966,15409
4967,6981
4967,16249
4967,20185
4967,27323
4968,9801
4968,14440
4968,14957
4968,25734
4969,2095
4969,10821
4969,16902
4969,23301
4970,4855
4970,11032
4970,25130
4970,27394
4971,10390
4971,17046
4971,21454
4971,23726
4972,1343
4972,5356
4972,18088
4972,23321
4973,11921
4974,8992
4974,9098
4974,11249
4974,13300
4975,12412
4975,12860
4975,20776
4975,26054
4976,3368
4976,6141
4976,21215
4977,8171
4977,13410
4977,14188
4977,19210
4978,14867
4978,15103
4978,18794
4978,20533
4979,3027
4979,3175
4979,4178
4979,28438
4980,4352
4980,9113
4980,11473
4980,24323
4981,10065
4981,12639
4981,21129
4981,27450
4982,6442
4982,10187
4982,17659
4982,28082
4983,3149
4983,4199
4983,10101
4983,27199
4984,3979
4984,4858
4984,12432
4984,16568
4985,2110
4985,22928
4985,24028
4985,25644
4986,9719
4986,18490
4986,21850
4986,24983
4987,20660
4987,25126
4988,3826
4988,18465
4988,21138
4988,23607
4989,13686
4989,25926
4990,3687
4990,6072
4990,8484
4990,13540
4991,20477
4992,3979
4992,4403
4992,7130
4992,9168
4993,593
4993,7337
4993,8802
4993,23356
4994,1965
4994,3834
4994,5170
4994,14861
4995,872
4995,2129
4995,3534
4995,20922
4996,14521
4996,22341
4997,4516
4997,11264
4997,14642
4997,19888
4998,5366
4998,7060
4998,7793
4998,9007
4999,5261
4999,5445
4999,15832
4999,20045
5000,942
5000,8925
5000,9227
5000,21660
5001,501
5001,10360
5001,16405
5001,23903
5002,303
5002,7559
5002,24683
5002,26436
5003,20477
5004,367
5004,7459
5004,24138
5004,25300
5005,4343
5005,19884
5005,20614
5005,26094
5006,2055
5006,15615
5006,24141
5006,27982
5007,7864
5007,13219
5007,17249
5008,10693
5008,14772
5008,17302
5009,9418
5009,9877
5009,11036
5009,20030
5010,5926
5010,11747
5010,20584
5010,22074
5011,8079
5011,9418
5011,18789
5011,27209
5012,4633
5012,6754
5012,15398
5012,24205
5013,8687
5013,15858
5013,20949
5013,23201
5014,3838
5014,8460
5014,13571
5014,14484
5015,1591
5015,3383
5015,6240
5015,10511
5016,6977
5016,7651
5016,12232
5016,17792
5017,2389
5017,2654
5017,11742
5017,22653
5018,3771
5018,14748
5018,25279
5018,28058
5019,3287
5019,7293
5019,12700
5019,16841
5020,6545
5020,9175
5020,14215
5020,28388
5021,6379
5021,16735
5021,18832
5021,23549
5022,29
5022,1814
5022,10366
5022,22041
5023,4040
5023,6059
5023,12206
5023,16575
5024,135
5024,13335
5024,15869
5025,1410
5025,2268
5025,3979
5025,11943
5026,2169
5026,6288
5026,10769
5026,24907
5027,1520
5027,14014
5027,19628
5027,24713
5028,4135
5028,12260
5028,19824
5028,27908
5029,411
5029,10749
5029,15164
5029,15770
5030,19541
5030,21790
5030,25953
5030,27174
5031,16857
5031,23447
5031,25190
5031,27507
5032,2859
5032,20277
5032,26921
5033,13463
5033,16170
5033,24207
5033,25371
5034,9420
5034,15471
5034,17211
5034,17241
5035,1312
5035,9790
5035,12604
5035,22559
5036,9420
5036,15471
5036,22624
5036,22969
5037,2381
5037,22035
5037,28148
5037,28230
5038,10246
5038,11882
5038,14697
5038,21143
5039,3060
5039,20532
5039,25379
5039,27801
5040,20477
5041,1752
5042,5887
5042,7079
5042,12140
5042,20860
5043,1437
5043,8680
5043,16721
5043,26681
5044,2604
5044,5093
5044,10231
5044,23551
5045,10344
5045,22105
5045,23988
5045,26551
5046,2718
5046,18147
5046,22608
5046,25682
5047,2801
5047,7759
5047,11002
5047,21411
5048,2485
5048,6524
5048,12873
5048,14337
5049,53
5049,16712
5049,17203
5049,24416
5050,5739
5051,7540
5051,11183
5051,19274
5051,24418
5052,340
5052,8375
5052,16894
5052,21034
5053,687
5053,5000
5053,22790
5053,28200
5054,1641
5054,8153
5054,16810
5054,23431
5055,14270
5055,17512
5055,21580
5055,21592
5056,1902
5056,9562
5056,11023
5056,23431
5057,9720
5057,21821
5057,24131
5057,27505
5058,3979
5058,7364
5058,10078
5058,26037
5059,628
5059,2239
5059,13084
5059,22888
5060,4922
5060,15756
5060,25789
5060,28042
5061,3800
5061,5495
5061,7111
5061,23064
5062,1774
5062,12345
5062,16511
5062,19271
5063,9396
5063,9952
5063,18102
5063,18342
5064,921
5064,5406
5064,20195
5064,28248
5065,15937
5065,16231
5065,23403
5065,28189
5066,11020
5066,15030
5066,20498
5066,27847
5067,199
5067,3681
5067,4083
5067,27452
5068,3300
5068,11388
5068,23637
5068,25109
5069,9925
5069,14542
5069,14925
5069,21589
5070,2493
5070,5863
5070,9426
5070,22893
5071,9167
5071,17875
5071,23772
5071,26915
5072,1650
5072,8130
5072,12012
5072,24869
5073,18901
5074,14054
5074,14835
5074,18565
5074,22072
5075,4474
5075,7019
5075,10803
5075,18067
5076,2622
5076,12893
5076,17580
5076,19583
5077,10831
5077,13524
5077,16729
5077,26877
5078,17041
5079,18151
5079,18481
5079,19552
5079,25826
5080,19780
5080,23631
5080,27507
5080,27642
5081,4780
5081,4863
5081,6656
5081,16527
5082,5798
5082,10574
5082,16857
5082,27507
5083,6610
5083,12056
5083,20879
5083,27314
5084,4331
5084,10749
5084,18496
5084,22719
5085,1132
5085,9526
5085,15239
5085,15929
5086,282
5086,2754
5086,10134
5086,10563
5087,13856
5087,14988
5087,21759
5087,26556
5088,4091
5088,4416
5088,18207
5088,18911
5089,399
5089,3296
5089,4248
5089,9791
5090,22754
5091,3505
5091,12808
5091,21373
5091,27231
5092,20477
5093,14702
5093,21576
5093,24908
5093,26823
5094,15144
5094,15291
5094,18657
5094,19614
5095,9539
5095,13757
5095,14535
5096,16073
5096,20702
5096,21014
5096,25997
5097,6645
5097,7635
5097,11124
5097,28142
5098,7390
5098,20101
5098,20908
5098,22326
5099,4825
5099,8466
5099,13549
5099,25685
5100,6957
5100,10241
5100,15341
5100,24941
5101,2659
5101,7186
5101,11488
5101,26793
5102,8794
5102,12873
5102,26965
5103,8690
5103,15921
5103,20756
5103,22909
5104,8259
5104,12644
5104,15337
5104,25816
5105,1647
5105,3395
5105,9806
5106,19427
5107,2526
5107,18654
5107,22248
5107,24316
5108,2006
5108,3147
5108,5634
5108,5770
5109,9184
5109,17999
5109,22093
5109,26537
5110,17836
5110,22315
5110,25006
5110,27199
5111,1759
5111,7839
5111,17738
5111,27520
5112,2880
5112,2971
5112,15652
5112,26965
5113,3401
5114,729
5114,2184
5114,6479
5114,19506
5115,7270
5115,21191
5115,24481
5115,27509
5116,490
5116,12235
5116,17576
5116,25400
5117,1992
5117,7841
5117,10439
5117,13681
5118,3150
5118,9156
5118,9667
5118,12957
5119,13372
5120,3127
5120,8243
5120,20704
5120,22966
5121,2705
5121,7458
5121,16316
5121,21113
5122,2237
5122,3708
5122,19621
5122,25900
5123,17058
5123,17461
5123,23480
5123,23619
5124,8301
5124,8425
5124,10011
5124,20892
5125,12093
5125,12189
5125,27182
5125,27440
5126,20477
5127,11868
5128,9163
5128,16970
5128,20078
5128,22815
5129,1153
5129,8735
5129,9006
5129,18651
5130,11202
5130,13775
5131,8603
5131,13720
5131,17529
5131,22875
5132,1683
5132,19298
5132,21153
5132,25466
5133,11435
5133,19514
5133,22170
5133,25716
5134,1542
5134,4727
5134,13559
5134,23524
5135,90
5135,17710
5135,22023
5135,22174
5136,2851
5136,11152
5136,25095
5136,27507
5137,2733
5137,9499
5137,11885
5137,25288
5138,13494
5138,20264
5138,24959
5138,25546
5139,7765
5139,11541
5139,24442
5139,24648
5140,1628
5140,7381
5140,10453
5140,19584
5141,222
5141,7031
5141,14388
5142,7765
5142,11541
5142,24442
5142,24648
5143,383
5143,5400
5143,11001
5143,12709
5144,383
5144,5400
5144,11001
5144,12709
5145,444
5145,5798
5145,6656
5145,26336
5146,3929
5146,3940
5146,10115
5146,14660
5147,8095
5147,21372
5148,15885
5148,16690
5148,19513
5148,22553
5149,9353
5149,11541
5149,16649
5149,28355
5150,4760
5150,10772
5150,21560
5150,25471
5151,2731
5151,8793
5151,28178
5152,20477
5153,9259
5153,10241
5153,25088
5153,26891
5154,1742
5154,9913
5154,11960
5154,12771
5155,4331
5155,15770
5155,21715
5155,23615
5156,5879
5156,12873
5156,22577
5156,23802
5157,20958
5157,21715
5158,2480
5158,5905
5158,7784
5158,26637
5159,2770
5159,4672
5159,23209
5159,24179
5160,4861
5160,8281
5160,11401
5160,21331
5161,13284
5161,15888
5161,18663
5161,27110
5162,3669
5162,8778
5162,26380
5162,28276
5163,9855
5163,15894
5163,15947
5163,17664
5164,2753
5164,9618
5164,13401
5164,18091
5165,2370
5165,2754
5165,4822
5165,6439
5166,4698
5166,5879
5166,12873
5166,18865
5167,20477
5168,294
5168,6003
5168,6425
5168,14962
5169,4566
5169,7613
5169,16630
5169,21215
5170,4515
5170,12139
5170,14248
5170,17432
5171,1385
5171,5378
5171,10727
5171,12659
5172,9195
5172,14438
5172,16849
5172,20529
5173,3659
5173,11448
5173,12764
5173,16163
5174,14446
5174,18554
5174,27829
5174,28162
5175,11513
5175,18602
5175,20957
5175,22707
5176,3530
5176,9353
5176,26080
5176,28355
5177,26634
5178,11924
5178,21816
5178,25839
5178,27631
5179,20477
5180,661
5180,3679
5180,7042
5180,25883
5181,3994
5181,8722
5181,14142
5181,14666
5182,11883
5182,12611
5182,27359
5182,28335
5183,4975
5183,18323
5183,24012
5183,26013
5184,4537
5184,8435
5184,8692
5184,27764
5185,537
5185,10338
5185,13231
5185,25321
5186,6183
5187,13317
5187,26805
5187,27652
5187,28001
5188,399
5188,2377
5188,10316
5188,17169
5189,6578
5189,14359
5189,19137
5189,24037
5190,14247
5190,16690
5190,19614
5190,23675
5191,825
5191,9929
5191,15399
5191,22382
5192,2030
5192,3834
5192,4810
5192,25154
5193,4454
5193,8869
5193,12071
5193,21440
5194,1668
5194,10998
5195,6424
5195,16861
5195,26645
5195,28268
5196,26752
5196,27824
5196,27902
5196,28519
5197,5356
5197,6659
5197,17465
5197,26863
5198,5288
5198,8970
5198,14237
5198,24689
5199,4503
5199,8467
5199,16663
5199,17214
5200,18989
5200,20377
5200,23866
5200,28401
5201,2511
5201,3902
5201,12309
5201,27571
5202,7266
5202,9563
5202,16447
5202,22958
5203,916
5203,5201
5203,16915
5203,26037
5204,10704
5204,16067
5204,21336
5204,21870
5205,18337
5206,7277
5206,14885
5206,18744
5206,26452
5207,189
5207,15629
5207,18334
5207,23056
5208,8800
5208,11042
5208,11450
5208,27100
5209,10620
5210,7817
5210,12186
5210,27142
5210,28229
5211,10352
5211,18183
5211,25850
5211,27971
5212,893
5212,10352
5212,15874
5212,17560
5213,1572
5213,12847
5213,19090
5213,22050
5214,10978
5214,11412
5214,12396
5214,20010
5215,24155
5215,24626
5215,25850
5215,27971
5216,2513
5216,12192
5216,12871
5216,26089
5217,14799
5217,15718
5217,24159
5217,28355
5218,18641
5218,20337
5218,20890
5218,22692
5219,606
5219,7984
5219,10495
5219,25904
5220,4686
5220,17718
5220,18190
5220,20189
5221,196
5221,9781
5221,11309
5221,18761
5222,192
5222,17621
5222,18306
5222,24085
5223,1899
5223,6535
5224,10684
5224,15306
5224,22476
5224,23755
5225,1437
5225,2631
5225,9808
5225,24586
5226,10455
5226,11482
5226,23413
5226,27845
5227,2511
5227,10089
5227,15431
5227,27645
5228,14456
5228,20084
5228,21464
5228,25166
5229,4219
5229,4503
5229,16509
5229,26911
5230,490
5230,3368
5230,11656
5230,18989
5231,1735
5231,12674
5231,21393
5231,22022
5232,964
5232,2321
5232,7069
5232,16219
5233,1948
5233,9738
5233,14106
5233,19125
5234,12150
5234,14381
5234,18365
5234,19348
5235,14497
5235,15606
5235,25469
5235,26021
5236,1660
5236,4362
5236,12343
5236,20483
5237,6207
5237,7580
5237,13125
5237,17905
5238,2862
5238,3297
5238,4375
5238,18459
5239,1794
5239,5695
5239,19414
5239,25064
5240,3362
5240,10271
5240,11248
5240,17381
5241,5752
5241,12695
5241,12898
5241,20783
5242,6781
5242,12168
5242,20504
5242,26855
5243,2811
5244,2065
5244,3330
5244,17272
5244,25676
5245,15955
5245,16000
5245,22071
5245,23644
5246,7295
5246,18641
5246,24246
5246,26450
5247,2684
5247,18851
5247,21393
5248,12339
5248,14222
5248,14833
5248,21753
5249,15021
5249,16151
5249,18831
5249,25861
5250,3530
5250,11638
5250,13209
5250,26649
5251,11164
5251,12941
5251,19352
5251,19657
5252,1703
5252,5523
5252,15062
5252,26957
5253,1993
5253,2701
5253,14781
5253,27873
5254,2144
5254,3002
5254,18338
5254,22479
5255,2306
5255,4463
5255,13419
5255,15875
5256,302
5256,834
5256,14255
5256,16052
5257,20477
5258,765
5258,1226
5258,6076
5258,10890
5259,23474
5260,6091
5260,10772
5260,19182
5260,27596
5261,1679
5261,3057
5261,19958
5261,24701
5262,7498
5263,6294
5263,21258
5263,22650
5264,2679
5264,9323
5264,15232
5264,25793
5265,20477
5266,5505
5266,6664
5266,8354
5266,23109
5267,47
5267,7214
5267,11560
5267,17893
5268,4022
5268,7584
5268,23798
5268,26116
5269,40
5269,1850
5269,23267
5269,24863
5270,138
5270,7181
5270,20014
5270,20878
5271,51
5271,7279
5271,11718
5271,19240
5272,11495
5272,12717
5272,24955
5272,26437
5273,9188
5274,801
5274,3412
5274,8714
5274,20672
5275,8496
5275,8773
5275,12861
5275,20898
5276,718
5276,781
5276,7584
5276,7765
5277,12892
5277,14174
5277,14807
5277,22688
5278,3009
5278,5507
5278,18211
5278,25193
5279,2316
5279,5502
5279,12986
5279,17795
5280,5400
5280,17394
5280,21408
5280,28519
5281,13995
5281,20308
5281,21744
5281,24881
5282,15573
5282,19714
5282,21518
5282,22166
5283,15779
5284,4901
5284,13911
5284,15035
5284,25861
5285,3609
5285,6626
5285,13760
5285,24176
5286,4527
5286,15643
5286,20240
5286,24615
5287,3854
5287,6594
5287,12782
5287,25708
5288,22005
5289,1015
5289,21867
5289,24632
5289,25777
5290,633
5290,4378
5290,10756
5290,19909
5291,9034
5291,14374
5291,22319
5291,23644
5292,5709
5292,9737
5292,10238
5292,15563
5293,833
5293,9717
5293,22248
5293,26114
5294,131
5294,21190
5294,24016
5294,26314
5295,15688
5296,5041
5296,7297
5296,12611
5296,14338
5297,6894
5297,7568
5297,14740
5297,21139
5298,928
5298,18015
5298,20084
5298,23601
5299,3039
5299,8782
5299,20352
5299,28322
5300,1228
5300,18257
5300,20335
5300,25073
5301,2692
5301,9967
5301,15270
5301,26943
5302,3620
5302,7132
5302,13598
5302,25589
5303,335
5303,13552
5303,14033
5303,15966
5304,680
5304,11510
5304,13407
5304,22411
5305,11254
5305,16149
5305,16331
5305,20349
5306,680
5306,12674
5306,18689
5306,25273
5307,6220
5307,8190
5307,24258
5307,28284
5308,4524
5308,15616
5308,24813
5308,27529
5309,557
5309,12530
5309,23743
5309,23860
5310,5141
5310,7214
5310,9211
5310,28355
5311,20477
5312,14106
5312,14132
5312,26455
5312,26475
5313,8190
5313,8936
5313,13534
5313,14744
5314,5885
5314,11916
5314,16766
5314,27555
5315,3299
5315,15570
5315,17182
5315,23901
5316,12762
5317,1855
5317,2706
5317,22663
5317,25194
5318,4630
5318,7959
5318,10757
5318,28292
5319,20477
5320,9661
5320,12027
5320,14341
5320,24274
5321,5217
5322,3844
5322,20660
5322,23526
5322,23551
5323,3232
5323,6228
5323,9254
5323,10756
5324,20477
5325,14503
5325,19322
5326,1920
5326,6230
5326,13826
5326,16071
5327,2638
5327,20627
5327,23954
5327,26848
5328,2673
5328,7941
5328,18798
5328,20703
5329,10628
5329,15885
5329,17667
5329,26745
5330,2471
5330,3535
5330,25599
5330,27918
5331,8828
5331,21961
5331,22096
5331,24086
5332,2014
5332,2172
5332,14564
5332,17310
5333,8867
5333,16855
5333,18121
5333,20527
5334,11436
5334,19186
5334,22001
5334,24463
5335,2891
5335,18641
5335,26027
5335,26450
5336,8148
5336,11806
5336,17279
5336,20236
5337,10333
5337,11457
5337,15233
5337,22869
5338,1126
5338,7065
5338,11437
5338,13445
5339,18269
5340,8978
5340,21702
5340,21769
5340,27817
5341,4214
5341,10727
5341,24752
5341,28026
5342,3631
5342,9121
5342,12442
5342,20613
5343,11963
5344,20477
5345,20477
5346,3982
5346,4735
5346,5960
5346,17284
5347,6310
5347,14967
5347,14985
5347,16397
5348,12076
5349,10315
5350,2985
5350,6347
5350,26881
5350,27317
5351,1077
5351,4197
5351,11403
5351,22703
5352,2517
5352,3874
5352,26098
5352,28210
5353,6765
5353,7184
5353,15234
5353,18758
5354,5052
5354,19835
5354,22974
5354,24130
5355,3549
5355,4959
5355,12674
5355,14996
5356,15679
5356,15996
5356,19125
5356,19549
5357,680
5357,2529
5357,9360
5357,28210
5358,5898
5358,6035
5358,11211
5358,15606
5359,696
5359,4805
5359,15234
5359,24888
5360,15996
5360,22528
5360,23004
5360,24258
5361,1005
5361,21555
5361,22420
5361,28164
5362,5855
5363,1082
5363,17155
5363,26273
5363,27611
5364,3411
5364,5059
5364,12290
5364,26354
5365,8541
5365,9107
5365,16969
5365,27739
5366,2425
5366,15442
5366,16607
5366,19460
5367,2552
5367,4332
5367,20781
5367,21691
5368,10764
5368,15178
5368,21839
5368,25553
5369,4584
5369,6912
5369,17793
5369,24870
5370,3714
5370,8840
5370,10917
5370,20120
5371,5243
5371,5767
5371,13674
5371,21766
5372,6385
5372,21950
5372,23567
5372,23650
5373,20477
5374,4883
5374,19397
5374,19431
5374,26752
5375,20477
5376,5323
5376,13939
5376,14445
5376,21163
5377,8438
5377,23361
5377,25425
5377,26810
5378,67
5378,10985
5378,16864
5378,24612
5379,14685
5379,19633
5379,27166
5379,28361
5380,8127
5380,14172
5380,20938
5380,24662
5381,6381
5381,8692
5381,9903
5381,19363
5382,448
5382,9028
5382,21942
5382,22562
5383,1677
5383,7032
5383,20331
5383,27858
5384,1590
5384,6320
5384,11480
5384,13832
5385,1908
5386,5678
5386,6196
5386,14863
5386,24753
5387,12031
5387,13375
5387,24497
5387,26083
5388,8943
5388,13478
5388,15295
5388,22582
5389,3716
5389,7195
5389,12114
5389,24810
5390,7222
5390,9986
5390,23266
5390,25947
5391,9359
5391,18570
5391,21651
5392,3448
5392,4362
5392,8667
5392,23472
5393,21068
5393,24888
5393,27037
5393,27633
5394,751
5394,2517
5394,7987
5394,13534
5395,10554
5395,22714
5395,24130
5395,24335
5396,20477
5397,6715
5397,13984
5397,17660
5397,26598
5398,12873
5398,14504
5398,21730
5398,28170
5399,7778
5399,22008
5399,22575
5399,27589
5400,2064
5400,2863
5400,18895
5400,26383
5401,4819
5401,10230
5401,11172
5401,16440
5402,1543
5402,12338
5402,14020
5402,16537
5403,2029
5403,8902
5403,10142
5403,14693
5404,4012
5404,10919
5404,18090
5404,26674
5405,21073
5405,28354
5406,20477
5407,20477
5408,78
5408,4544
5408,25799
5408,27896
5409,8898
5409,14271
5409,16568
5409,19602
5410,2207
5410,6347
5410,7184
5410,17593
5411,11411
5411,14577
5411,22812
5411,26247
5412,3551
5412,4388
5412,7426
5412,24113
5413,3401
5414,285
5414,2227
5414,17613
5414,17731
5415,3751
5415,4288
5415,17702
5415,19781
5416,244
5416,6708
5416,12040
5416,27201
5417,1126
5417,5333
5417,23143
5417,27124
5418,71
5418,4833
5418,11186
5418,12426
5419,1609
5419,7426
5419,16243
5419,24926
5420,15248
5420,15477
5420,21876
5420,26205
5421,410
5421,3190
5421,6768
5421,8872
5422,423
5422,8545
5422,19600
5422,21826
5423,23301
5423,24857
5423,26105
5423,28419
5424,20477
5425,322
5425,11497
5425,22704
5426,322
5426,8584
5426,16070
5426,21163
5427,14458
5427,18674
5427,25635
5427,27488
5428,57
5428,5249
5428,23254
5428,25677
5429,5716
5429,9780
5429,16891
5429,26744
5430,10107
5430,12989
5430,19492
5430,26745
5431,22733
5432,1753
5432,14324
5432,18733
5432,21189
5433,9749
5433,10603
5433,10804
5433,25006
5434,3933
5434,12015
5434,22596
5434,24060
5435,916
5435,22110
5435,25192
5435,27221
5436,162
5436,5421
5436,12195
5436,16102
5437,1915
5437,15559
5437,18380
5437,24345
5438,24580
5439,9906
5439,13475
5439,15890
5439,23304
5440,9019
5440,17728
5441,2062
5441,8250
5441,11937
5441,28248
5442,5563
5442,7427
5442,14063
5442,17779
5443,2640
5443,5275
5443,22121
5443,28450
5444,4940
5444,18638
5444,22121
5444,28450
5445,1766
5445,4666
5445,13698
5445,22119
5446,3030
5446,10420
5446,18879
5446,19317
5447,20477
5448,1802
5448,2511
5448,4890
5448,16442
5449,2861
5449,16136
5449,16730
5449,26040
5450,8389
5450,16068
5450,18250
5450,18623
5451,1677
5451,7032
5451,20331
5451,27858
5452,11648
5452,15615
5452,15793
5452,18209
5453,1103
5453,16522
5453,23769
5453,27282
5454,19441
5454,25966
5454,26827
5454,27016
5455,4312
5455,7575
5455,8048
5455,20643
5456,6183
5456,17325
5456,26029
5456,27127
5457,627
5457,9826
5457,11376
5457,25898
5458,20477
5459,5756
5459,6993
5459,9910
5459,19983
5460,20477
5461,576
5461,3634
5461,24922
5461,27540
5462,5322
5463,11589
5463,22348
5463,24258
5463,26650
5464,11415
5464,16442
5464,17683
5464,22780
5465,11812
5465,14419
5465,19061
5465,24162
5466,3442
5466,21609
5466,25690
5466,26421
5467,9801
5467,10323
5467,11807
5467,25673
5468,7352
5468,7942
5468,14027
5468,15604
5469,1256
5469,23826
5469,23832
5469,26561
5470,10603
5470,13461
5470,18335
5470,20436
5471,2719
5471,5334
5471,17332
5471,24628
5472,1139
5472,23094
5472,26181
5472,26863
5473,4667
5473,11171
5473,16724
5473,19687
5474,9741
5474,11255
5474,12225
5474,24365
5475,6502
5475,8622
5475,15364
5475,21633
5476,20477
5477,9260
5477,12703
5477,18746
5477,28154
5478,921
5478,12004
5478,12034
5478,27173
5479,346
5479,16092
5479,19637
5479,24499
5480,3442
5480,6176
5480,7558
5480,20383
5481,1332
5481,3931
5481,16371
5481,19325
5482,2345
5482,20210
5482,21547
5482,25655
5483,719
5483,8488
5483,19003
5483,21509
5484,1948
5484,20596
5484,22504
5484,23920
5485,2756
5485,13710
5485,21360
5486,7295
5486,11368
5486,20262
5486,26197
5487,4842
5487,8505
5487,13110
5487,20793
5488,8059
5488,10392
5488,12755
5488,20727
5489,7500
5489,8500
5489,25323
5489,25482
5490,422
5490,3649
5490,12394
5490,24356
5491,5460
5491,13291
5491,16771
5491,19852
5492,1676
5492,2213
5492,19750
5492,27073
5493,4041
5493,7374
5493,7500
5493,26232
5494,954
5494,11567
5494,15289
5494,24669
5495,1642
5495,16057
5495,21712
5495,25227
5496,6523
5496,13824
5496,14990
5496,27237
5497,1385
5497,3299
5497,12549
5497,13784
5498,20477
5499,5021
5499,12130
5499,13617
5499,15535
5500,4188
5500,16653
5500,19341
5500,21741
5501,9429
5501,14192
5501,25478
5501,26370
5502,5287
5502,7184
5502,7800
5502,13478
5503,6920
5503,19988
5503,25041
5503,27733
5504,1378
5504,7758
5504,9610
5504,15514
5505,23076
5506,2722
5506,2854
5506,18955
5506,20585
5507,4128
5507,4976
5507,8083
5507,23870
5508,22492
5509,20718
5509,21591
5510,1605
5510,20643
5510,22666
5510,27096
5511,10641
5511,15355
5511,17324
5512,2366
5512,5548
5512,10179
5512,14824
5513,17572
5513,19921
5513,21687
5513,25289
5514,26265
5515,6179
5515,9698
5515,13991
5515,28338
5516,400
5516,5596
5516,5980
5516,23569
5517,9099
5517,17681
5517,18105
5517,25685
5518,11119
5518,24096
5518,26697
5518,27127
5519,13733
5519,17548
5519,19549
5520,7389
5520,10581
5520,21449
5520,23268
5521,20477
5522,9270
5522,12775
5522,14142
5522,18272
5523,4989
5523,16896
5523,17204
5523,22113
5524,8309
5524,11724
5524,15205
5524,26259
5525,15113
5526,2202
5526,6850
5526,7736
5526,9765
5527,4106
5527,9336
5527,16644
5527,25100
5528,8415
5528,9230
5528,17699
5528,25875
5529,104
5529,11022
5529,12709
5529,26752
5530,7840
5531,17986
5532,4924
5532,8068
5532,12565
5532,12914
5533,2448
5533,8643
5533,16370
5533,19778
5534,2652
5535,1838
5535,3991
5535,6915
5535,11397
5536,3541
5536,8417
5536,13122
5536,25097
5537,7610
5537,8431
5537,12007
5537,16236
5538,10244
5538,22699
5539,7919
5539,20022
5539,21802
5539,24274
5540,5780
5540,17624
5540,17662
5540,25205
5541,1357
5541,3169
5541,5662
5541,25681
5542,14770
5543,20477
5544,20477
5545,11399
5545,21066
5545,22452
5545,27694
5546,1671
5547,17872
5548,7104
5549,5861
5549,17978
5549,19961
5549,28279
5550,10962
5550,11985
5550,18286
5550,26038
5551,1602
5551,2458
5552,1450
5553,785
5553,1638
5553,17511
5553,20527
5554,723
5554,6469
5554,26951
5554,27621
5555,1260
5555,7737
5555,17907
5555,25929
5556,8676
5556,13078
5556,14751
5556,19105
5557,2663
5557,7993
5557,9654
5557,27965
5558,7658
5558,9852
5558,17683
5558,20761
5559,17352
5559,20294
5559,25005
5559,26874
5560,4380
5560,18192
5560,19496
5560,24360
5561,7367
5561,7586
5561,17591
5561,27546
5562,3372
5562,7555
5562,15608
5562,27761
5563,10015
5563,15667
5563,19970
5563,25506
5564,2770
5564,5983
5564,24350
5564,26832
5565,7367
5565,9259
5565,12839
5565,19776
5566,490
5566,1883
5566,15700
5566,16972
5567,2007
5567,2770
5567,13045
5567,24663
5568,21755
5568,23161
5568,23265
5568,26811
5569,412
5569,10797
5569,14267
5569,26709
5570,4926
5570,7291
5570,9034
5570,20500
5571,2802
5571,21705
5572,7451
5572,9508
5572,12361
5572,16615
5573,12211
5573,19362
5573,19614
5573,22232
5574,10971
5574,14481
5574,17327
5574,21920
5575,925
5575,6820
5575,14838
5575,25857
5576,6606
5576,18163
5576,18722
5576,22946
5577,2530
5577,11653
5577,12460
5577,13898
5578,1270
5578,8415
5578,25875
5578,26571
5579,531
5579,8011
5579,14602
5579,17146
5580,1231
5580,5149
5580,7212
5580,10493
5581,15111
5581,16396
5581,19006
5581,19051
5582,4381
5582,11774
5582,25317
5582,27678
5583,4423
5584,1561
5584,5675
5584,9093
5584,28264
5585,445
5585,13315
5585,17481
5585,17542
5586,2774
5586,4158
5586,4483
5586,17996
5587,20477
5588,1601
5588,9078
5588,18125
5588,25206
5589,9335
5589,10198
5589,12620
5589,19554
5590,17930
5590,20079
5590,21717
5590,26603
5591,4103
5591,4532
5591,5162
5591,16245
5592,4106
5592,8440
5592,9197
5592,18531
5593,2027
5593,9472
5593,14732
5593,22953
5594,9866
5594,15600
5594,21408
5594,24809
5595,956
5596,7800
5596,14586
5596,15182
5596,27081
5597,8839
5597,13875
5597,14111
5597,15346
5598,11426
5598,16159
5598,21109
5598,25394
5599,3140
5599,3456
5599,5096
5599,17578
5600,9534
5600,17771
5600,20348
5600,22887
5601,696
5601,4839
5601,6765
5601,17841
5602,2649
5602,4170
5602,11625
5602,26445
5603,1455
5603,8765
5603,22618
5603,28427
5604,2350
5604,27850
5604,27943
5604,28530
5605,1929
5605,6032
5605,20276
5605,26292
5606,5700
5606,19380
5606,23370
5606,23688
5607,20477
5608,4931
5608,7546
5608,8990
5608,11033
5609,2529
5609,7044
5609,23918
5609,26881
5610,12169
5611,2046
5611,6039
5611,13736
5611,26949
5612,20477
5613,5491
5613,7396
5613,23499
5613,25171
5614,7184
5614,12066
5614,17646
5614,22036
5615,7423
5615,8645
5615,16369
5615,27717
5616,3683
5616,4220
5616,19112
5616,22250
5617,4493
5617,7302
5617,22853
5617,26931
5618,3467
5618,7497
5618,8810
5618,11235
5619,20477
5620,20477
5621,200
5621,2761
5621,11594
5621,18900
5622,2656
5622,10961
5622,11895
5622,16474
5623,4218
5623,19493
5623,23073
5623,27963
5624,19825
5625,22612
5625,26623
5625,27329
5625,28066
5626,10554
5626,13478
5626,17283
5627,10931
5627,12561
5627,24283
5627,24604
5628,4338
5628,14827
5628,27633
5628,28427
5629,8898
5629,13457
5629,16869
5629,26681
5630,879
5630,3908
5630,16080
5630,22771
5631,1827
5631,12943
5631,25728
5632,7292
5632,19533
5632,23426
5632,23954
5633,6395
5633,12382
5633,15734
5633,23279
5634,22500
5634,22757
5635,7056
5635,14381
5635,15608
5635,21730
5636,9613
5636,12576
5636,13796
5636,24591
5637,769
5637,4957
5637,23846
5637,24739
5638,17956
5638,18751
5638,23109
5638,26591
5639,7
5639,16880
5639,18010
5639,27264
5640,3311
5640,11349
5640,15345
5640,17140
5641,5797
5641,12999
5641,19191
5641,25100
5642,5179
5642,5547
5642,21562
5642,22461
5643,10191
5643,11556
5643,14150
5643,14620
5644,1746
5644,6161
5644,23247
5644,23763
5645,1081
5645,15501
5645,28444
5646,3294
5646,4882
5646,6857
5646,26113
5647,6192
5647,7121
5647,10560
5647,11971
5648,9099
5648,17681
5648,18105
5648,25685
5649,4937
5649,10118
5649,15110
5649,15606
5650,25344
5651,5150
5651,8342
5651,11299
5651,15364
5652,4866
5652,12868
5652,26964
5653,6180
5653,8119
5653,15768
5653,26345
5654,14274
5654,17964
5654,26254
5654,27162
5655,5633
5655,11756
5655,17244
5655,22111
5656,10792
5656,14904
5656,16218
5656,18746
5657,431
5657,12853
5657,20982
5657,24402
5658,9676
5658,12088
5658,12628
5658,25103
5659,3386
5659,18834
5659,20539
5659,22318
5660,20477
5661,2083
5661,18357
5661,20566
5661,21770
5662,16503
5662,19477
5662,22422
5662,27136
5663,211
5663,4427
5663,10497
5663,16444
5664,474
5664,8675
5664,22635
5664,24979
5665,3445
5665,15169
5665,19614
5665,27237
5666,9458
5666,13453
5666,15842
5666,23396
5667,3831
5667,9595
5667,13101
5667,25981
5668,8655
5668,12181
5668,12888
5668,22604
5669,5378
5669,14343
5669,19786
5669,23227
5670,928
5670,16746
5670,20075
5670,20267
5671,9543
5671,13118
5671,22750
5671,24922
5672,683
5672,23738
5672,23894
5672,26685
5673,329
5673,2240
5673,14486
5673,24489
5674,10205
5674,11859
5674,16603
5674,18350
5675,12534
5675,15471
5675,16777
5675,19228
5676,7267
5676,11864
5676,13140
5676,20016
5677,8739
5677,9017
5677,9072
5677,9680
5678,1307
5678,1849
5678,16397
5678,19977
5679,4445
5679,5516
5679,23899
5679,25810
5680,7910
5680,12382
5680,12749
5680,25505
5681,443
5681,3545
5681,16695
5681,19301
5682,866
5682,16555
5682,25702
5682,27975
5683,17167
5683,19590
5683,19967
5683,27198
5684,959
5684,9446
5684,10608
5684,26498
5685,6983
5685,16912
5685,16978
5685,17402
5686,5157
5686,8835
5686,13347
5686,13845
5687,3516
5687,7368
5687,7749
5687,9995
5688,9932
5688,11022
5689,2750
5689,3226
5689,4793
5689,19130
5690,2750
5690,4793
5690,9982
5690,20105
5691,3226
5691,6794
5691,19130
5691,20105
5692,3620
5692,3970
5692,4658
5692,24849
5693,4844
5693,7584
5693,8461
5693,26766
5694,3869
5694,5852
5694,14529
5694,20419
5695,865
5695,3096
5695,12589
5695,13711
5696,7054
5696,7180
5696,11064
5696,28394
5697,1228
5697,16100
5697,16544
5697,16799
5698,3918
5698,7753
5698,12500
5698,27810
5699,682
5699,829
5699,7484
5699,22062
5700,6956
5700,12204
5700,16408
5700,20437
5701,2532
5701,17571
5701,21833
5701,23479
5702,6727
5702,11060
5702,15211
5702,18653
5703,8467
5703,18978
5703,26832
5703,26903
5704,9971
5704,13577
5704,15170
5704,18422
5705,5749
5705,16058
5705,23613
5705,27274
5706,1092
5706,10028
5706,18126
5706,23598
5707,373
5707,640
5707,3480
5707,8094
5708,13860
5708,14396
5708,19565
5708,25723
5709,3336
5709,4522
5709,16591
5709,20090
5710,7372
5710,21367
5710,24155
5710,24538
5711,13918
5712,3822
5712,11485
5712,12049
5712,15613
5713,16286
5714,6342
5714,17091
5714,21143
5714,21980
5715,8652
5716,3445
5716,3948
5716,9140
5716,13265
5717,4091
5717,5806
5717,9228
5717,26315
5718,7272
5718,8873
5718,23079
5718,23621
5719,4434
5719,12766
5719,22024
5719,26274
5720,617
5720,9241
5720,10230
5720,27288
5721,2083
5722,14147
5722,14632
5722,20261
5722,22751
5723,4774
5723,5055
5723,20409
5723,27103
5724,8666
5724,11845
5724,14523
5724,20032
5725,3632
5725,4917
5725,6983
5725,23236
5726,10221
5726,21754
5726,22036
5726,25158
5727,3380
5727,8896
5727,13880
5727,15037
5728,8294
5728,16132
5728,21961
5728,23339
5729,3451
5729,16382
5729,18944
5729,20680
5730,2999
5730,5157
5730,8867
5730,15570
5731,5021
5731,10436
5731,20331
5731,21200
5732,5308
5732,5647
5732,21648
5732,22477
5733,1078
5733,13300
5733,21873
5733,26194
5734,3065
5734,4232
5734,18194
5734,27713
5735,3427
5735,7934
5735,9345
5735,26509
5736,10843
5736,13023
5736,14456
5736,28411
5737,1112
5737,11767
5737,16157
5737,23875
5738,9391
5738,16250
5738,19703
5738,27466
5739,1942
5739,3671
5739,7697
5739,17654
5740,8637
5740,20028
5740,21685
5740,22655
5741,9010
5741,9576
5741,14221
5741,24884
5742,665
5742,12238
5742,18035
5742,26810
5743,1639
5743,3357
5743,15946
5743,23208
5744,1733
5744,3049
5744,9884
5744,23031
5745,20477
5746,1725
5746,15487
5746,20905
5746,24765
5747,71
5747,1108
5747,6968
5747,17007
5748,9862
5748,24149
5748,26155
5748,27120
5749,2820
5749,13070
5749,24537
5749,28447
5750,11998
5750,17994
5750,19152
5750,22729
5751,11124
5751,13548
5751,16565
5751,27162
5752,7164
5752,7889
5752,12595
5752,16937
5753,3874
5753,11403
5753,22582
5753,22971
5754,5451
5754,11589
5754,13921
5754,22771
5755,709
5755,4459
5755,16431
5755,16708
5756,583
5756,11391
5756,28076
5756,28284
5757,5694
5757,12981
5757,15133
5757,15462
5758,5237
5758,7488
5758,9885
5758,12616
5759,1515
5759,2759
5759,16241
5759,25222
5760,9405
5760,11379
5760,25123
5760,26990
5761,4931
5761,7546
5761,8990
5761,11033
5762,5356
5762,5458
5762,11225
5762,20778
5763,5103
5763,8549
5763,20680
5763,27655
5764,4183
5764,23429
5764,27265
5764,28125
5765,3211
5765,12474
5765,21684
5765,23773
5766,4394
5766,15843
5766,19099
5766,22321
5767,5956
5767,13911
5767,19513
5767,25466
5768,11716
5768,20376
5768,27536
5768,27541
5769,11114
5770,18104
5770,23419
5770,27189
5770,27510
5771,9087
5771,26829
5771,26842
5771,26901
5772,8718
5772,13825
5772,22039
5772,26620
5773,20477
5774,9010
5774,12800
5774,23538
5774,26540
5775,1929
5775,14682
5775,24576
5775,24893
5776,1839
5776,7345
5776,15202
5776,28379
5777,4584
5777,11953
5777,16065
5777,17119
5778,12286
5778,13135
5778,22921
5778,27822
5779,3989
5779,5644
5780,12451
5780,16647
5780,16692
5780,22902
5781,2646
5781,9506
5781,21514
5781,22708
5782,1654
5782,13745
5782,16015
5782,24945
5783,358
5783,3944
5783,25539
5783,27896
5784,322
5784,7322
5784,9055
5784,13939
5785,4957
5785,15615
5785,19813
5785,27896
5786,11537
5786,11865
5787,3949
5787,10361
5787,13796
5787,16745
5788,1721
5788,11522
5788,14946
5788,17147
5789,20477
5790,851
5790,9756
5790,19744
5790,22190
5791,2879
5791,12410
5791,14203
5791,17128
5792,139
5793,10694
5793,20258
5793,24136
5793,25984
5794,14440
5794,15258
5794,15472
5794,18623
5795,837
5795,10914
5795,13064
5795,27234
5796,760
5796,2001
5796,7547
5796,16625
5797,1914
5797,4496
5797,14197
5797,16583
5798,729
5798,921
5798,1159
5798,26892
5799,3086
5799,7423
5799,10198
5799,11749
5800,20477
5801,7030
5801,12553
5801,20075
5801,24274
5802,6643
5802,12425
5802,22296
5802,22739
5803,145
5803,4196
5803,8071
5803,10308
5804,7295
5804,13440
5804,22902
5804,26450
5805,2047
5805,9223
5805,25035
5805,26470
5806,11135
5806,14637
5806,25163
5806,27550
5807,1417
5807,6042
5807,12043
5807,16262
5808,4166
5808,11210
5808,15541
5808,27910
5809,5439
5809,14830
5809,18856
5809,22131
5810,1653
5810,4238
5810,10037
5810,18407
5811,5403
5811,6078
5811,7493
5811,24992
5812,6471
5812,11872
5812,26084
5812,28181
5813,6625
5813,10747
5813,17893
5813,20661
5814,12391
5814,15901
5814,21217
5814,22310
5815,2010
5815,5532
5815,5945
5815,15009
5816,33
5816,3913
5816,20868
5816,23890
5817,1642
5817,4281
5817,14342
5817,23460
5818,2127
5818,14342
5818,21492
5818,23147
5819,12038
5819,13663
5819,20062
5819,23898
5820,9872
5820,13663
5820,17453
5820,22266
5821,14977
5821,16210
5821,23460
5821,26055
5822,2102
5822,16073
5822,23575
5822,27632
5823,4179
5823,9027
5823,11069
5823,16307
5824,1729
5824,3449
5824,7797
5824,20716
5825,453
5825,12318
5825,26887
5825,27812
5826,18084
5826,24717
5826,26064
5826,26376
5827,17048
5827,19205
5827,21320
5827,24712
5828,12040
5828,12956
5828,25035
5828,25194
5829,24818
5830,9765
5830,9876
5830,21708
5830,25314
5831,421
5831,1356
5831,16099
5831,17623
5832,11266
5832,15957
5832,21005
5832,21510
5833,9823
5833,10820
5833,13587
5833,22968
5834,2696
5834,7970
5834,24698
5834,26890
5835,20477
5836,11018
5836,15469
5836,21436
5836,26468
5837,4760
5837,9876
5837,11060
5837,21708
5838,2733
5838,3247
5838,20376
5838,22956
5839,2931
5839,5141
5839,7303
5839,16584
5840,3023
5840,12776
5840,19867
5840,27994
5841,3402
5841,9235
5841,17539
5841,22715
5842,8809
5842,8875
5842,16781
5842,27315
5843,3402
5843,9235
5843,14787
5843,28159
5844,19585
5844,22761
5844,25679
5844,27912
5845,4154
5845,10489
5845,13271
5845,16653
5846,12318
5846,20915
5846,21300
5846,22080
5847,2629
5847,2831
5847,5698
5847,28466
5848,4181
5849,289
5849,18905
5849,19116
5849,22122
5850,6746
5850,8775
5850,19385
5850,23110
5851,19805
5852,14025
5852,14048
5852,17287
5852,23219
5853,9495
5854,3275
5854,3857
5854,6449
5854,9643
5855,7815
5855,15600
5855,18064
5855,28414
5856,2700
5856,6129
5856,7584
5856,20604
5857,6746
5857,18377
5857,20349
5857,25508
5858,3833
5858,5521
5858,12375
5858,16835
5859,4922
5859,7290
5859,9034
5859,13094
5860,1385
5860,4106
5860,18654
5860,19592
5861,9224
5861,11154
5861,17856
5861,26582
5862,13509
5862,18654
5862,19614
5862,24385
5863,3407
5863,4439
5863,12067
5863,21045
5864,1562
5864,11129
5864,22826
5864,25266
5865,13257
5865,20446
5865,23318
5865,23323
5866,370
5866,19403
5866,22096
5866,23032
5867,5841
5867,13534
5867,25854
5867,27900
5868,9926
5868,18476
5868,22074
5868,28124
5869,1640
5869,9827
5869,10320
5869,23690
5870,5937
5870,7533
5870,8867
5870,13552
5871,4665
5871,11590
5871,23862
5871,24583
5872,12243
5872,13412
5872,16984
5872,18176
5873,2933
5873,5159
5873,18825
5873,24327
5874,11868
5875,19777
5875,19986
5875,20517
5875,28266
5876,3402
5876,9286
5876,17423
5876,22597
5877,9244
5877,9504
5877,13205
5877,20412
5878,7486
5878,8688
5878,20405
5878,27313
5879,370
5879,19403
5879,22096
5879,23032
5880,1642
5880,3105
5880,13053
5880,18520
5881,4576
5881,5215
5881,16406
5881,27682
5882,1957
5882,10480
5882,15336
5882,25920
5883,22544
5884,1304
5884,2637
5884,28297
5884,28322
5885,7361
5885,10411
5885,16612
5885,25918
5886,4170
5886,5586
5886,15968
5886,25725
5887,3163
5887,10169
5887,19823
5887,25674
5888,3620
5888,3869
5888,7055
5888,8786
5889,1871
5889,7644
5889,7992
5889,17995
5890,3620
5890,12500
5890,17451
5890,25454
5891,4017
5891,18300
5891,19015
5891,24040
5892,13171
5892,16966
5892,19183
5892,23704
5893,580
5893,15355
5893,17324
5893,21760
5894,2665
5894,5459
5894,14330
5894,19807
5895,23939
5896,4940
5896,14977
5896,15014
5896,15868
5897,4098
5897,4291
5897,9620
5897,26187
5898,6645
5898,22723
5898,26326
5898,26768
5899,8853
5899,9128
5899,13871
5899,16202
5900,87
5900,6114
5900,18057
5900,23028
5901,4596
5901,7492
5901,18772
5901,25545
5902,3340
5902,5446
5902,21616
5902,26941
5903,8180
5903,14308
5903,25332
5903,25505
5904,297
5904,10231
5904,19017
5904,28102
5905,2321
5905,5451
5905,10428
5905,24209
5906,4845
5906,10022
5906,17784
5906,20333
5907,20477
5908,2611
5908,6342
5908,10677
5908,22323
5909,11995
5909,24989
5909,27763
5910,13261
5910,17192
5910,19017
5910,19125
5911,6706
5911,14935
5911,21689
5911,22294
5912,1586
5912,22322
5912,24021
5912,26980
5913,252
5913,547
5913,1221
5913,24102
5914,14964
5914,15068
5914,17208
5914,19795
5915,5673
5915,9175
5915,17701
5915,27954
5916,3008
5916,4742
5916,12573
5916,21534
5917,6025
5917,15093
5917,21957
5917,24665
5918,2177
5918,8782
5918,12994
5918,23840
5919,303
5919,5777
5919,26046
5919,27083
5920,14525
5920,20417
5920,20670
5920,24321
5921,2754
5921,4863
5921,15208
5921,27473
5922,7993
5922,11312
5922,24683
5922,27965
5923,649
5923,5222
5923,23861
5923,26345
5924,4723
5924,19065
5924,23826
5924,28167
5925,386
5925,16618
5925,18785
5925,21317
5926,4276
5926,9765
5926,12204
5926,13747
5927,14582
5927,15413
5927,25761
5927,26556
5928,3831
5928,9595
5928,22062
5928,25578
5929,726
5929,12497
5929,18096
5929,18518
5930,21699
5930,26279
5931,150
5931,6864
5931,15081
5931,19465
5932,7648
5932,8571
5932,25356
5932,26593
5933,2477
5933,3842
5933,23815
5933,24208
5934,9803
5934,12369
5934,21714
5934,26896
5935,10312
5935,14818
5935,25738
5935,28413
5936,1512
5936,12930
5936,21407
5937,1442
5938,304
5938,9249
5938,12474
5938,19469
5939,13362
5939,13583
5939,25541
5939,26078
5940,2773
5940,2851
5940,4140
5940,19612
5941,4008
5941,5406
5941,9138
5941,13705
5942,6213
5942,6833
5942,10896
5942,15468
5943,495
5943,10962
5943,12982
5943,16546
5944,208
5944,3587
5944,7424
5944,26333
5945,18975
5945,19204
5945,19865
5945,25603
5946,21769
5947,11284
5947,16260
5947,17309
5947,24029
5948,16260
5948,17839
5948,20154
5948,24029
5949,1986
5949,6073
5949,20615
5949,22148
5950,6568
5950,18998
5950,22676
5950,28434
5951,3003
5951,4878
5951,22622
5951,27474
5952,10273
5952,17864
5952,17869
5952,27280
5953,15179
5953,16343
5953,18730
5953,28203
5954,4147
5954,6995
5954,22298
5954,27173
5955,6841
5955,13613
5955,20475
5955,25263
5956,475
5956,4573
5956,6208
5956,7480
5957,12339
5957,21740
5957,22265
5957,26817
5958,10555
5958,11454
5958,20485
5958,27524
5959,773
5959,9837
5959,10104
5959,20232
5960,1059
5960,2426
5960,7848
5960,14268
5961,4231
5961,5604
5961,18444
5961,25122
5962,484
5962,16316
5962,22248
5962,28184
5963,5775
5963,18124
5963,27161
5963,28525
5964,775
5964,13990
5964,18629
5964,23115
5965,4377
5965,11304
5965,17593
5965,20673
5966,20364
5967,313
5967,16042
5967,25004
5967,25200
5968,11601
5968,12208
5968,20391
5968,23071
5969,8937
5970,4303
5971,3876
5971,7043
5971,18952
5971,20695
5972,8309
5972,12413
5972,13497
5972,16397
5973,1950
5973,3236
5973,4103
5973,8701
5974,37
5974,2812
5974,5844
5974,26478
5975,6784
5975,9312
5975,11170
5975,15545
5976,729
5976,4352
5976,8729
5976,18335
5977,13967
5977,20985
5977,23646
5977,27944
5978,4168
5978,17843
5978,22391
5978,28048
5979,14469
5979,21289
5979,24502
5979,25037
5980,1560
5980,4247
5980,13393
5980,26723
5981,1793
5981,7550
5981,16582
5981,17229
5982,10284
5982,19616
5982,26124
5982,27283
5983,3860
5983,4729
5983,11135
5983,25322
5984,4075
5984,12974
5984,19940
5984,24588
5985,3265
5985,14267
5985,16322
5985,18649
5986,126
5986,8058
5986,12947
5986,16605
5987,6486
5987,10289
5987,13894
5987,24706
5988,20477
5989,72
5989,463
5989,5339
5989,8148
5990,4925
5990,7768
5990,15397
5990,23148
5991,96
5991,5846
5991,7188
5991,26465
5992,7028
5992,10610
5992,11195
5992,27945
5993,1148
5993,7768
5993,18017
5993,27139
5994,7763
5994,17528
5994,20149
5994,26947
5995,10355
5995,12517
5995,18772
5995,20624
5996,21
5996,1176
5996,8318
5996,15546
5997,124
5997,8182
5997,22030
5997,26448
5998,2251
5998,2564
5998,16355
5998,18777
5999,9128
6000,2078
6000,8855
6000,10067
6000,22327
6001,10126
6001,10322
6001,12925
6001,21128
6002,6221
6002,13280
6002,20200
6002,28345
6003,3462
6003,18819
6003,24489
6003,27352
6004,7338
6004,10862
6004,11163
6004,27412
6005,3110
6005,10977
6006,1121
6006,8854
6006,13579
6006,23524
6007,4290
6007,13893
6007,17165
6007,27143
6008,2170
6008,9066
6008,15787
6008,15935
6009,7168
6009,16628
6009,21121
6009,28070
6010,5811
6010,13957
6010,16846
6010,27394
6011,1186
6011,4970
6011,18130
6011,21793
6012,4810
6012,6912
6012,23965
6012,27599
6013,2180
6013,6961
6013,13504
6013,27194
6014,2835
6014,4532
6014,13301
6014,17623
6015,10897
6016,10884
6016,13067
6016,14594
6016,20626
6017,1744
6017,13202
6017,13936
6017,26707
6018,12089
6018,19748
6018,21113
6018,22556
6019,15430
6019,15620
6019,16437
6019,19983
6020,935
6020,6048
6020,20114
6020,24935
6021,6279
6021,18265
6021,18598
6022,12500
6022,18813
6022,24523
6022,26460
6023,1331
6023,24683
6023,25740
6023,27965
6024,6168
6024,14655
6024,18385
6024,28359
6025,1648
6025,14287
6025,21313
6025,23639
6026,13622
6026,21765
6026,26518
6026,26930
6027,9172
6027,13248
6027,21103
6027,23163
6028,191
6028,310
6028,16731
6028,28005
6029,3196
6029,6580
6029,9442
6029,24452
6030,2626
6030,5639
6030,13980
6030,27784
6031,21359
6031,23054
6031,23932
6031,28407
6032,1293
6032,10610
6032,11977
6032,13884
6033,1293
6033,11112
6033,22355
6033,27945
6034,15355
6034,17324
6034,20827
6034,24577
6035,15856
6035,18327
6035,18919
6035,20149
6036,563
6036,3000
6036,16687
6036,19926
6037,4539
6037,13310
6037,17175
6037,20827
6038,14985
6038,15645
6038,19744
6038,24037
6039,10855
6039,12948
6039,13271
6039,23718
6040,6158
6041,17151
6041,19361
6041,22162
6041,24329
6042,1718
6042,19912
6042,26589
6042,28460
6043,3859
6043,5684
6043,5708
6043,27065
6044,4749
6044,12533
6044,14931
6044,18629
6045,254
6045,10966
6045,17913
6045,19632
6046,6562
6046,9923
6046,18708
6046,26278
6047,1774
6047,4379
6047,8835
6047,21989
6048,3214
6048,10813
6048,16581
6048,26383
6049,1781
6049,6148
6049,6269
6049,12529
6050,5677
6050,10275
6050,24293
6050,27718
6051,2005
6051,13038
6051,18814
6051,28002
6052,5948
6052,16408
6052,19536
6052,21703
6053,20477
6054,5390
6054,11775
6054,17289
6054,25112
6055,2284
6055,12161
6055,21093
6055,25648
6056,2982
6056,7295
6056,16692
6056,24246
6057,12924
6057,13851
6057,20698
6057,23248
6058,10236
6058,15134
6058,21546
6058,23085
6059,9924
6059,13670
6059,13946
6059,18304
6060,2445
6060,5475
6060,7768
6060,10150
6061,6304
6061,13035
6061,27309
6061,27945
6062,3939
6062,16861
6062,17545
6062,26689
6063,15437
6063,16889
6063,17897
6063,23506
6064,20538
6064,21807
6064,24619
6064,27565
6065,1605
6065,14631
6065,14999
6065,19687
6066,1729
6066,1796
6066,13151
6066,22294
6067,3416
6067,8137
6067,18316
6067,24545
6068,668
6068,5262
6068,18300
6068,21601
6069,5046
6069,23989
6069,26688
6069,28018
6070,14350
6070,20173
6070,20417
6070,28344
6071,16360
6071,17055
6071,20550
6072,563
6072,5308
6072,12914
6072,22850
6073,11977
6073,19926
6073,24577
6073,24652
6074,549
6074,691
6074,6305
6074,6450
6075,9887
6075,18756
6075,20681
6075,27308
6076,25246
6077,1385
6077,2757
6077,10102
6077,18271
6078,13852
6078,15811
6078,18739
6078,19308
6079,9607
6079,13268
6079,24911
6079,26118
6080,1173
6080,4145
6080,12694
6080,26188
6081,6385
6081,18416
6081,18520
6081,20270
6082,20477
6083,9607
6083,13268
6083,24911
6083,26118
6084,7859
6084,12392
6084,16184
6084,23841
6085,3144
6085,8741
6085,13343
6085,20828
6086,5002
6086,18128
6086,19442
6086,25559
6087,9210
6087,12641
6087,15967
6087,23505
6088,16598
6088,20083
6088,20746
6088,26939
6089,6460
6089,10748
6089,15453
6089,19483
6090,8218
6090,21590
6090,21708
6090,22396
6091,1417
6091,14362
6091,24731
6091,26945
6092,1060
6092,13549
6092,21916
6092,25555
6093,421
6093,14531
6093,23296
6093,26314
6094,11386
6094,11965
6094,22118
6094,23054
6095,2689
6095,8343
6095,21759
6095,24726
6096,6101
6096,7451
6096,10324
6096,19841
6097,23193
6097,23944
6097,25201
6098,3780
6098,3793
6099,14004
6099,24186
6099,25273
6099,27335
6100,2597
6100,5798
6100,16595
6100,18196
6101,1304
6101,14623
6101,16137
6101,28322
6102,9926
6102,18476
6102,22074
6102,28124
6103,2633
6103,4296
6103,17084
6103,20188
6104,4070
6104,6797
6104,6979
6104,10042
6105,2739
6105,9577
6105,16902
6105,18049
6106,5306
6106,12242
6106,14236
6106,25320
6107,3281
6107,4689
6107,9635
6107,10944
6108,3394
6108,24736
6109,4124
6109,9569
6109,20172
6109,24517
6110,1908
6110,4901
6110,15646
6110,21470
6111,3246
6111,4624
6111,8960
6111,24650
6112,10343
6112,10429
6112,13200
6112,19686
6113,18725
6113,21964
6114,4899
6114,18549
6114,22844
6114,25708
6115,5920
6115,6157
6115,9796
6115,26583
6116,4925
6116,17897
6116,19678
6116,27309
6117,3939
6117,15355
6117,17324
6117,26689
6118,3960
6118,5478
6118,11370
6118,16735
6119,2741
6119,9069
6119,16889
6119,17175
6120,4539
6120,12962
6120,13884
6120,16861
6121,1414
6121,7088
6121,7107
6121,27369
6122,4805
6122,5491
6122,10572
6122,18684
6123,7069
6123,12286
6123,13511
6123,22520
6124,20477
6125,6347
6125,7598
6125,17297
6125,24771
6126,13003
6126,13241
6127,13135
6127,16854
6127,21599
6127,27845
6128,8704
6128,17499
6128,18439
6128,18443
6129,2036
6129,6423
6129,13718
6129,15856
6130,15355
6130,17324
6130,26947
6130,28330
6131,15092
6131,16045
6131,16861
6131,22033
6132,4539
6132,16861
6132,17258
6132,20344
6133,3117
6133,4539
6133,17175
6133,21814
6134,11977
6134,20827
6134,24652
6134,28295
6135,4925
6135,7768
6135,20164
6135,21400
6136,6324
6136,9199
6136,13422
6136,27236
6137,4603
6137,5049
6137,13947
6137,20192
6138,9549
6139,13102
6139,13275
6139,17297
6139,27403
6140,6911
6140,13063
6140,13546
6140,20830
6141,10542
6141,14354
6141,23551
6141,27369
6142,9726
6143,13400
6143,22844
6143,28356
6143,28470
6144,3059
6144,5990
6144,7920
6144,21715
6145,1076
6145,4399
6145,9568
6145,19589
6146,9549
6146,15234
6146,22758
6146,27076
6147,4277
6147,9587
6147,24646
6147,25410
6148,4098
6148,6350
6148,16857
6148,28470
6149,10745
6149,13472
6149,14133
6149,27134
6150,1330
6150,5274
6150,8622
6150,24898
6151,1342
6151,7705
6151,17909
6151,23746
6152,274
6152,5720
6152,21022
6152,21824
6153,15568
6154,1373
6154,23723
6155,2003
6155,4089
6155,8868
6155,18488
6156,1823
6156,6491
6156,10140
6156,25198
6157,6233
6157,19984
6157,21004
6157,23263
6158,11057
6158,15234
6158,18758
6158,27256
6159,2124
6159,4048
6159,13664
6159,19858
6160,4331
6160,4899
6160,12159
6160,18549
6161,3355
6161,10590
6161,13252
6161,24373
6162,3714
6162,11631
6162,15075
6162,21642
6163,1462
6163,5016
6163,17932
6163,20362
6164,23756
6165,3778
6165,10111
6165,24248
6165,27792
6166,9552
6166,10770
6166,18323
6166,20905
6167,1910
6167,10373
6167,21140
6167,25703
6168,2481
6169,63
6169,6443
6169,21410
6169,27732
6170,6976
6170,14781
6170,22924
6170,26712
6171,3086
6171,7685
6171,26987
6171,27180
6172,6287
6172,12267
6172,18769
6172,20805
6173,4565
6173,8000
6173,15574
6173,21259
6174,734
6174,7568
6174,9410
6174,23866
6175,10926
6175,12572
6175,19125
6175,22169
6176,325
6176,1307
6176,8339
6176,11941
6177,3413
6177,11786
6177,14639
6177,23849
6178,1071
6178,1960
6178,21362
6178,26245
6179,13055
6180,17915
6180,20360
6180,22159
6180,25070
6181,7395
6181,9906
6181,24415
6181,24601
6182,6085
6182,13616
6182,24222
6182,25044
6183,383
6183,7349
6183,22526
6184,8764
6184,14576
6184,17902
6184,20500
6185,2846
6185,10374
6185,15653
6185,22003
6186,1630
6187,6010
6187,8732
6187,20198
6187,25015
6188,1779
6188,7145
6188,14253
6188,21712
6189,1819
6189,9250
6189,12957
6189,14436
6190,10045
6190,10101
6190,12296
6190,19744
6191,510
6191,7196
6191,25976
6191,26692
6192,510
6192,7196
6192,10955
6192,23460
6193,4477
6193,6121
6193,15610
6193,20710
6194,7354
6194,18135
6194,18577
6194,27832
6195,3684
6195,8097
6195,24250
6195,27316
6196,3428
6196,13384
6196,16210
6196,23460
6197,7196
6197,10827
6197,18853
6197,25976
6198,14276
6198,14477
6198,15577
6198,22113
6199,12346
6200,759
6200,10478
6200,16003
6200,17516
6201,14639
6201,19701
6201,23895
6201,24638
6202,6125
6202,7953
6202,13787
6202,23150
6203,1270
6203,8255
6203,16243
6203,25084
6204,10323
6205,9520
6205,17756
6205,21264
6205,22101
6206,3279
6206,4183
6206,4245
6206,6889
6207,952
6207,1304
6207,13385
6207,27678
6208,3922
6208,10861
6208,24797
6208,24868
6209,2433
6209,23804
6210,8754
6210,18812
6210,18966
6210,23194
6211,5944
6211,15976
6211,21558
6211,23681
6212,21388
6212,25669
6212,27175
6212,27789
6213,3106
6213,4349
6213,7198
6213,18046
6214,3980
6214,14295
6214,16287
6214,20205
6215,5357
6215,23257
6215,25449
6215,26314
6216,7565
6216,8128
6217,1123
6217,13095
6217,26191
6217,27473
6218,3855
6218,13803
6218,22290
6218,23278
6219,8622
6219,22361
6219,28193
6220,10605
6220,13050
6220,22848
6220,27431
6221,11078
6221,20686
6221,25431
6221,27325
6222,933
6222,6584
6222,8474
6222,22287
6223,3637
6223,14121
6223,18887
6223,20618
6224,14205
6224,15158
6224,15538
6224,27330
6225,515
6225,17717
6225,21960
6225,25771
6226,7695
6226,18440
6226,20667
6226,25835
6227,20477
6228,4876
6228,7084
6228,12873
6228,27924
6229,7012
6229,22954
6229,26404
6229,27378
6230,3253
6230,8894
6230,16740
6230,20855
6231,10887
6231,11852
6231,18425
6231,22952
6232,3627
6232,5032
6232,8566
6232,17002
6233,13020
6233,18639
6233,25886
6233,26070
6234,16569
6234,17964
6234,24270
6234,27756
6235,9118
6235,12607
6235,16316
6235,18154
6236,21800
6236,23052
6236,24935
6236,28390
6237,8630
6237,12296
6237,26341
6237,28007
6238,4530
6238,7507
6238,17699
6238,24726
6239,389
6239,9450
6239,24033
6239,24216
6240,9129
6240,15283
6240,24468
6240,27394
6241,2899
6241,9264
6241,17724
6241,19613
6242,2736
6242,16215
6242,21856
6242,23078
6243,4206
6243,15293
6243,22610
6243,23805
6244,435
6244,1825
6244,9530
6244,12279
6245,525
6245,8028
6245,16453
6245,27479
6246,16533
6246,18802
6246,23861
6246,23899
6247,680
6247,6238
6247,9254
6247,24888
6248,7964
6248,15681
6248,16869
6248,26927
6249,9840
6249,10516
6249,19455
6249,25290
6250,4602
6250,13659
6250,23818
6250,23888
6251,5251
6251,15508
6251,18313
6251,24936
6252,224
6252,5845
6252,5961
6252,14768
6253,2211
6253,16043
6253,19318
6253,22526
6254,2916
6254,8060
6254,20338
6254,25475
6255,3597
6255,16414
6255,16847
6255,20363
6256,3597
6256,16414
6256,16847
6256,20363
6257,5905
6257,7784
6257,8602
6257,19471
6258,3597
6258,11203
6258,11852
6258,16414
6259,181
6259,8807
6259,16054
6259,21753
6260,3597
6260,16414
6260,16847
6260,20363
6261,4968
6261,17233
6261,19068
6261,20542
6262,1604
6262,7387
6262,23395
6262,26772
6263,9708
6263,12204
6263,12973
6263,20437
6264,550
6264,4228
6264,24153
6264,28211
6265,3210
6265,14789
6265,14942
6265,24708
6266,4216
6266,12483
6266,21887
6266,23336
6267,1962
6267,3437
6267,7304
6267,17036
6268,8894
6268,16413
6268,18425
6268,24626
6269,7119
6269,11047
6269,15356
6270,6342
6270,6839
6270,20795
6270,27584
6271,4613
6271,12679
6271,22022
6271,23370
6272,10616
6272,21971
6272,22830
6272,25012
6273,1808
6273,3207
6273,6342
6273,20585
6274,4746
6274,20795
6274,21143
6274,27152
6275,1943
6275,3371
6275,6839
6275,21615
6276,4035
6276,9413
6276,11922
6276,26578
6277,3528
6277,7869
6277,9413
6277,20855
6278,3371
6278,4129
6278,6839
6278,26857
6279,5802
6279,12258
6279,24276
6279,25418
6280,4419
6280,7622
6280,22698
6280,28259
6281,13553
6281,15121
6281,18594
6281,22648
6282,7682
6282,19860
6282,20234
6282,24230
6283,22
6283,550
6283,14875
6283,25813
6284,10832
6285,187
6285,17225
6285,18090
6285,18466
6286,10219
6286,10798
6286,15660
6286,27699
6287,2484
6287,2795
6287,20679
6287,20955
6288,21839
6289,2421
6289,14232
6289,19924
6289,25959
6290,5301
6290,13993
6290,16982
6290,25542
6291,3810
6291,7243
6291,22702
6291,26851
6292,9349
6292,15135
6292,20601
6292,23141
6293,1722
6293,14488
6293,16848
6293,19559
6294,15433
6294,22969
6294,23071
6294,25200
6295,2142
6295,5494
6295,8157
6295,27614
6296,4456
6296,5494
6296,21320
6296,22458
6297,5494
6297,15433
6297,22969
6297,25200
6298,1524
6298,2525
6298,10350
6298,28288
6299,1243
6299,5058
6299,7028
6299,15038
6300,131
6300,2364
6300,4617
6300,16392
6301,20477
6302,6679
6302,11432
6302,16823
6302,20500
6303,10904
6303,11401
6303,17969
6303,26619
6304,12296
6304,12904
6304,25410
6304,26421
6305,2485
6305,7568
6305,12839
6305,26832
6306,22862
6307,4966
6307,5667
6308,15238
6308,17208
6308,26774
6308,27365
6309,8595
6309,10846
6309,22298
6309,26684
6310,2481
6310,13743
6310,24113
6310,24529
6311,13991
6311,18159
6311,23928
6311,25619
6312,3141
6312,3442
6312,5871
6312,21933
6313,5038
6313,13148
6313,25000
6313,25888
6314,11598
6314,13315
6314,24099
6314,26355
6315,13104
6315,18889
6315,23195
6315,25969
6316,20477
6317,680
6317,4987
6317,19835
6317,25273
6318,5491
6318,8187
6318,17798
6318,21754
6319,14952
6319,19681
6319,20545
6319,26037
6320,16469
6320,19557
6320,22485
6320,24659
6321,2993
6321,14781
6321,21499
6321,22410
6322,2416
6322,3489
6322,9148
6322,20968
6323,20
6323,4760
6323,6940
6323,12231
6324,15108
6324,17133
6324,26414
6324,28397
6325,10850
6325,12381
6325,15874
6325,20795
6326,3466
6326,6910
6326,21840
6326,27829
6327,3050
6327,3875
6327,6323
6327,8193
6328,6458
6328,8050
6328,12506
6328,23192
6329,10488
6329,12954
6329,20206
6329,25356
6330,1300
6330,3019
6330,13601
6331,7520
6331,9766
6331,12906
6331,23940
6332,151
6332,1102
6332,4767
6332,13527
6333,4370
6333,14306
6333,15151
6333,18307
6334,20376
6334,20613
6334,25466
6334,27858
6335,20477
6336,2389
6336,3474
6336,14511
6336,21741
6337,5279
6337,12820
6337,13030
6337,25572
6338,9271
6338,20337
6338,22823
6338,23728
6339,5072
6339,17948
6339,19751
6339,22423
6340,20477
6341,4844
6341,6569
6341,15507
6341,23039
6342,1437
6342,10246
6342,16375
6342,20959
6343,13372
6344,4898
6344,11795
6344,17192
6344,27290
6345,8021
6345,8395
6345,12730
6346,8408
6346,9291
6346,13560
6346,21021
6347,6491
6347,8534
6347,21140
6347,24234
6348,2804
6348,4826
6348,12294
6348,22774
6349,16694
6349,21749
6349,24776
6349,25721
6350,1172
6350,13688
6350,21096
6350,24911
6351,13139
6351,13378
6351,21682
6351,24420
6352,2112
6352,3711
6352,6680
6352,27263
6353,5100
6353,11700
6353,16256
6353,28081
6354,8892
6354,11315
6354,12073
6354,24565
6355,10169
6355,11700
6355,15927
6355,19823
6356,4798
6356,6774
6356,11923
6356,26594
6357,287
6357,4797
6357,16462
6357,21967
6358,9872
6358,14723
6358,21852
6358,27784
6359,10583
6359,15648
6359,18079
6359,18206
6360,20477
6361,8836
6361,15130
6361,17715
6361,21438
6362,3267
6362,13549
6362,15277
6362,19044
6363,3729
6363,5971
6363,13341
6363,19217
6364,3233
6364,15970
6364,20575
6364,26768
6365,8996
6365,9801
6365,13108
6365,15702
6366,6524
6366,18681
6366,18989
6366,22387
6367,7499
6367,16692
6367,19856
6367,20393
6368,1050
6368,4405
6368,7710
6368,19981
6369,741
6369,17766
6369,22932
6369,28350
6370,5029
6370,8590
6370,17328
6370,21686
6371,12660
6371,15696
6371,21525
6371,23799
6372,2326
6372,7626
6372,13801
6372,27523
6373,8232
6373,11673
6373,22297
6373,26207
6374,2659
6374,13530
6374,17044
6374,25972
6375,8094
6375,11001
6375,26752
6375,27924
6376,16971
6376,17912
6376,20330
6376,26484
6377,792
6377,10811
6377,18736
6377,24047
6378,4438
6378,12958
6378,13466
6378,19822
6379,1887
6379,12142
6379,20103
6379,28495
6380,3463
6380,5941
6380,18469
6380,23297
6381,2423
6381,5822
6381,8668
6381,9501
6382,10166
6382,22839
6382,24098
6382,27422
6383,20477
6384,9192
6384,9827
6384,14390
6384,17439
6385,20477
6386,9997
6386,12822
6386,14848
6386,24958
6387,7911
6387,9360
6387,19835
6387,28210
6388,4622
6388,9776
6388,18848
6388,22605
6389,10868
6389,11571
6389,13638
6389,26836
6390,4509
6390,8115
6390,17704
6390,22450
6391,20477
6392,10213
6392,12880
6392,23124
6392,25946
6393,1109
6393,2720
6393,12468
6393,27029
6394,3324
6394,6965
6394,12335
6394,23411
6395,20977
6395,24641
6395,26356
6395,28490
6396,5469
6396,6263
6396,19568
6396,20631
6397,7310
6397,12197
6397,17135
6397,23889
6398,11472
6398,16357
6398,20937
6398,22720
6399,1999
6399,3762
6399,23450
6399,23830
6400,625
6400,24864
6400,25064
6400,27294
6401,2231
6401,2900
6401,22274
6401,23666
6402,7446
6402,12336
6402,22978
6402,27825
6403,4947
6403,6813
6403,16762
6403,23516
6404,3408
6404,13877
6404,23647
6404,28045
6405,5517
6405,11024
6405,19688
6406,20477
6407,5791
6407,5888
6407,7405
6407,25062
6408,5363
6408,11906
6408,25656
6408,26546
6409,4996
6409,7032
6409,10193
6409,27765
6410,292
6410,7568
6410,13495
6410,17682
6411,5233
6411,12775
6411,15086
6411,21097
6412,3477
6412,8874
6412,10881
6412,15456
6413,2536
6413,10951
6413,15864
6413,22096
6414,9382
6414,13801
6414,19195
6414,25332
6415,2425
6415,12237
6415,16185
6415,17919
6416,3963
6416,6991
6416,13044
6416,25301
6417,11
6417,4086
6417,17697
6417,23991
6418,13050
6418,25435
6419,3074
6419,17492
6419,19620
6419,27218
6420,20477
6421,14701
6421,21908
6421,26983
6422,1796
6422,2349
6422,10148
6422,21759
6423,3256
6423,7106
6423,17188
6423,25196
6424,8122
6424,9302
6424,15414
6424,25918
6425,159
6425,4478
6425,17926
6425,26867
6426,20477
6427,3148
6428,5319
6428,11706
6429,3701
6429,16278
6429,22383
6429,24847
6430,3055
6431,351
6431,5663
6431,10215
6431,16289
6432,9200
6432,25707
6433,13145
6433,16477
6433,18307
6433,25159
6434,24490
6435,6183
6436,9565
6436,25872
6437,19649
6438,13230
6439,3148
6439,23845
6440,1282
6441,21279
6442,47
6442,16037
6442,20393
6442,24283
6443,6055
6443,6711
6443,13096
6443,26215
6444,1703
6444,5060
6444,23666
6444,28256
6445,3478
6445,3539
6445,9406
6445,18613
6446,7536
6446,21311
6446,22561
6446,26688
6447,257
6447,3180
6447,6256
6447,16474
6448,168
6448,5904
6448,11622
6448,23768
6449,13398
6449,16214
6449,25629
6449,28430
6450,1451
6450,2852
6450,22844
6450,26187
6451,1439
6451,14258
6451,16872
6451,18692
6452,4363
6452,7646
6452,8983
6452,20126
6453,7005
6453,17843
6453,26590
6453,27238
6454,9758
6454,17204
6454,20281
6454,25852
6455,1527
6455,16702
6455,18393
6455,21965
6456,800
6456,16868
6456,19632
6456,24647
6457,3592
6458,2136
6458,7196
6458,13663
6458,22941
6459,2574
6459,4448
6459,17357
6459,19994
6460,3240
6460,16673
6460,22124
6460,23414
6461,8017
6461,13466
6461,18878
6461,20612
6462,12910
6462,12958
6462,13466
6462,26039
6463,6507
6463,12744
6463,20855
6463,25948
6464,4438
6464,13466
6464,18620
6464,22469
6465,4438
6465,9096
6465,10352
6465,13466
6466,1195
6466,3221
6466,13466
6466,22469
6467,1437
6467,20855
6467,25472
6467,27703
6468,1503
6468,13466
6468,25472
6468,27749
6469,13466
6469,14683
6469,18643
6469,19822
6470,1713
6470,8285
6470,14122
6470,20855
6471,6623
6471,13466
6471,16312
6471,22307
6472,10603
6472,11203
6472,12759
6472,13050
6473,8535
6473,20855
6473,22820
6473,27749
6474,4580
6474,13466
6474,16957
6474,17091
6475,12958
6475,13050
6475,25208
6475,26103
6476,14060
6476,19487
6476,20612
6476,20855
6477,8914
6477,22502
6477,24494
6477,28052
6478,10799
6478,18085
6478,20099
6478,20855
6479,7372
6479,7824
6479,13466
6479,27584
6480,15508
6480,20855
6480,26103
6480,26857
6481,1437
6481,17991
6481,20855
6481,25568
6482,12744
6482,14060
6482,20855
6482,22390
6483,2970
6483,6507
6483,9141
6483,20855
6484,7372
6484,8894
6484,12353
6484,20855
6485,7252
6485,18643
6485,18845
6485,27934
6486,6516
6486,14683
6486,18845
6486,27934
6487,7258
6487,14683
6487,18845
6487,27934
6488,882
6488,7258
6488,18845
6488,27934
6489,18049
6489,23734
6489,28107
6489,28150
6490,3488
6490,12196
6490,14037
6490,16534
6491,505
6491,4021
6491,25673
6491,26575
6492,11175
6492,15368
6492,19617
6493,19271
6493,19618
6493,22308
6493,22406
6494,8795
6494,26607
6495,4954
6495,19082
6495,24261
6495,24518
6496,4567
6496,18829
6496,23186
6496,25908
6497,715
6497,7480
6497,18859
6497,27394
6498,6930
6498,8730
6498,13347
6498,23030
6499,115
6499,4988
6499,7291
6499,14350
6500,4580
6500,9781
6500,12458
6500,14836
6501,7600
6501,17906
6501,21160
6502,6035
6502,15023
6502,17016
6502,27532
6503,2508
6503,7524
6504,1159
6504,7164
6504,19687
6504,20033
6505,9534
6505,17984
6505,25957
6505,27333
6506,12015
6506,12512
6506,21906
6506,22427
6507,5199
6507,8146
6507,8336
6507,10690
6508,1432
6508,5360
6508,5409
6508,23062
6509,7793
6509,14283
6509,23858
6509,24638
6510,10197
6510,14944
6510,18402
6510,23888
6511,9448
6511,11683
6511,12200
6511,21706
6512,3775
6512,5527
6512,7260
6512,27068
6513,9540
6513,13940
6513,22809
6513,25609
6514,314
6514,10960
6514,21680
6514,28062
6515,3479
6515,12206
6515,16305
6515,28163
6516,3012
6516,14109
6516,20109
6516,22567
6517,10136
6517,19782
6517,21184
6517,27153
6518,9266
6518,10934
6518,20109
6518,24536
6519,9266
6519,11567
6519,21197
6519,22077
6520,11532
6520,13676
6520,18003
6520,19266
6521,6560
6521,8190
6521,12368
6521,15306
6522,4797
6522,13778
6522,22610
6522,27153
6523,9358
6523,16388
6523,22753
6523,25382
6524,12793
6524,16049
6524,21177
6524,24018
6525,1661
6525,7160
6525,12898
6525,26837
6526,14009
6526,18946
6526,20988
6526,22693
6527,174
6527,9372
6527,11983
6527,15556
6528,8970
6528,9135
6528,11146
6528,27312
6529,1421
6529,8104
6529,21283
6529,24553
6530,3973
6530,5173
6530,21162
6530,21851
6531,4454
6531,8309
6531,15935
6531,20643
6532,2982
6532,7297
6532,10747
6532,19397
6533,4498
6533,13543
6533,16018
6533,21110
6534,10128
6534,19821
6534,20091
6534,27830
6535,3249
6535,4242
6535,8177
6535,21563
6536,12081
6536,19425
6536,21726
6536,25713
6537,6524
6537,18681
6537,18989
6537,22387
6538,7202
6538,13305
6538,23658
6538,26995
6539,2593
6539,11359
6539,17659
6539,24663
6540,806
6540,13059
6540,20340
6540,28462
6541,2844
6541,11836
6541,20491
6541,22756
6542,8024
6542,9605
6542,18457
6542,19623
6543,2382
6543,16732
6543,25490
6543,28401
6544,2382
6544,16089
6544,16732
6544,19189
6545,2382
6545,4526
6545,16732
6545,19189
6546,8024
6546,9605
6546,18457
6546,19623
6547,8024
6547,9605
6547,18457
6547,19623
6548,8024
6548,9605
6548,18457
6548,19623
6549,16089
6549,19189
6549,22348
6549,24459
6550,3865
6550,16089
6550,16732
6550,19189
6551,8024
6551,9605
6551,18457
6551,19623
6552,2382
6552,3865
6552,16089
6552,19189
6553,8024
6553,9605
6553,18457
6553,19623
6554,17500
6554,18457
6554,19623
6554,20576
6555,2382
6555,16089
6555,16732
6555,19189
6556,2382
6556,16089
6556,16732
6556,19189
6557,15995
6557,19128
6557,19788
6557,22271
6558,8024
6558,9605
6558,18457
6558,19623
6559,9605
6559,10226
6559,18457
6559,19623
6560,8024
6560,9605
6560,18457
6560,19623
6561,8024
6561,9605
6561,18457
6561,19623
6562,2382
6562,16089
6562,16732
6562,19189
6563,8024
6563,9605
6563,18457
6563,19623
6564,8024
6564,10710
6564,10719
6564,20576
6565,8024
6565,9605
6565,18457
6565,19623
6566,2382
6566,2585
6566,16732
6566,19189
6567,2382
6567,16089
6567,16732
6567,19189
6568,2382
6568,16732
6568,25490
6568,28401
6569,8024
6569,9605
6569,18457
6569,19623
6570,8024
6570,9605
6570,18457
6570,19623
6571,8024
6571,9605
6571,18457
6571,19623
6572,8024
6572,10226
6572,18457
6572,19623
6573,8024
6573,9605
6573,18457
6573,19623
6574,2382
6574,16089
6574,16732
6574,19189
6575,2999
6575,3466
6575,7589
6575,21957
6576,6773
6576,16423
6577,1809
6577,7418
6577,15758
6577,17157
6578,3060
6578,4390
6578,4895
6578,27784
6579,22850
6579,24819
6579,25155
6579,26875
6580,13919
6580,14821
6580,21736
6580,27492
6581,1399
6581,9453
6581,10457
6581,21970
6582,2253
6582,22510
6582,23193
6582,23944
6583,2153
6583,9617
6583,13779
6583,26517
6584,7394
6584,14091
6584,16599
6584,22529
6585,11131
6585,16811
6585,17339
6585,21823
6586,464
6586,1150
6586,10211
6586,27160
6587,9169
6587,12333
6587,16811
6587,21581
6588,741
6588,8037
6588,13460
6588,17149
6589,2247
6589,5874
6589,10665
6589,18745
6590,9489
6590,17890
6590,17963
6590,24642
6591,1422
6591,8767
6591,10034
6591,25836
6592,253
6592,9829
6592,12334
6592,23525
6593,12699
6593,15453
6593,15768
6593,18024
6594,13989
6594,19040
6594,20870
6594,24854
6595,163
6595,2035
6595,18605
6595,23963
6596,5057
6596,9897
6596,15046
6596,25457
6597,2036
6597,20161
6598,13179
6598,15964
6598,20980
6598,28072
6599,1400
6599,5782
6599,20343
6599,26229
6600,20477
6601,3323
6601,21426
6601,22689
6601,28412
6602,1655
6602,6792
6602,9466
6602,15794
6603,4034
6603,5526
6603,11919
6603,26340
6604,5860
6604,14908
6604,22374
6604,26681
6605,1134
6605,2120
6605,7572
6605,23213
6606,1437
6606,3575
6606,4580
6606,24163
6607,9935
6607,13050
6607,13756
6607,17805
6608,5430
6608,6282
6608,18845
6608,28211
6609,25601
6609,27615
6609,27971
6609,28303
6610,20477
6611,14494
6612,1542
6612,1993
6612,12633
6612,26441
6613,14783
6613,17658
6613,23182
6613,24704
6614,20006
6614,20548
6614,26044
6614,28445
6615,22463
6616,13579
6616,13819
6616,17670
6616,23215
6617,11313
6617,24492
6617,25850
6617,27971
6618,6236
6618,22510
6618,23193
6618,23944
6619,2235
6619,8645
6619,8959
6619,25895
6620,3551
6620,8311
6620,9640
6620,26588
6621,3639
6621,15157
6621,25023
6621,25233
6622,7611
6623,246
6623,1799
6623,11516
6623,20076
6624,4770
6624,5723
6624,16966
6624,17026
6625,21515
6625,26355
6625,26577
6625,27016
6626,2771
6626,21830
6626,24171
6626,27846
6627,13537
6627,18427
6627,18922
6627,28351
6628,3990
6628,14191
6628,25292
6628,26805
6629,4764
6629,9289
6629,9347
6629,12654
6630,8189
6630,10481
6630,11742
6630,20207
6631,4077
6631,5311
6631,15169
6632,1057
6632,11464
6632,12777
6632,27973
6633,11410
6633,16804
6633,17589
6633,23585
6634,3248
6634,22768
6634,26311
6634,26746
6635,558
6635,1591
6635,20533
6635,24409
6636,22895
6636,24941
6636,25715
6636,26714
6637,695
6637,5065
6637,11897
6637,19614
6638,12034
6638,18770
6638,23646
6638,23972
6639,6008
6639,8745
6639,11126
6639,26897
6640,14085
6641,10421
6641,21272
6641,26371
6641,28080
6642,4379
6642,13183
6642,23160
6642,25895
6643,8747
6643,13888
6643,20961
6643,24019
6644,6983
6644,7334
6644,15161
6644,17792
6645,196
6645,1437
6645,19542
6645,24047
6646,12381
6646,13237
6646,14505
6646,18420
6647,175
6647,10850
6647,16793
6647,25808
6648,6732
6648,6839
6648,21693
6648,23466
6649,6282
6649,18820
6649,19327
6649,20553
6650,169
6650,320
6650,3877
6650,25288
6651,17800
6651,25878
6651,26302
6651,26725
6652,6584
6652,10133
6652,15520
6652,19615
6653,5451
6653,11425
6653,20293
6653,26963
6654,175
6654,10850
6654,16793
6654,25808
6655,6047
6655,19186
6655,20473
6655,24022
6656,748
6656,9034
6656,9226
6656,17213
6657,4204
6657,13605
6657,14989
6657,17489
6658,3762
6658,16533
6658,25820
6658,27626
6659,10452
6659,11971
6659,14346
6659,24712
6660,5417
6660,8233
6660,9230
6660,12097
6661,1304
6661,13347
6661,15267
6661,22135
6662,4160
6662,5440
6662,9531
6662,20375
6663,8371
6663,10765
6663,13330
6663,26845
6664,7728
6664,10512
6664,11027
6664,24866
6665,2599
6665,15972
6665,24585
6665,25884
6666,2600
6666,6873
6666,7655
6666,7812
6667,1384
6667,20719
6667,23614
6667,27922
6668,7072
6668,10009
6668,20831
6668,21013
6669,2296
6669,3692
6669,21541
6669,21570
6670,5388
6670,22738
6670,23160
6670,27678
6671,1808
6671,2611
6671,6342
6671,21143
6672,16375
6672,17670
6672,22993
6672,26090
6673,22
6673,986
6673,22279
6673,25665
6674,1503
6674,22472
6674,24047
6674,26914
6675,4902
6675,8069
6675,19431
6675,25987
6676,5044
6676,9276
6676,15675
6676,16775
6677,16794
6677,16869
6677,21143
6677,25018
6678,2485
6678,6647
6678,7568
6678,10204
6679,3520
6679,9424
6679,10391
6679,28149
6680,16387
6680,16783
6680,19251
6680,25083
6681,1742
6681,13269
6681,25286
6681,25442
6682,4889
6682,19717
6682,24855
6682,27823
6683,12037
6683,13156
6683,14153
6683,21288
6684,539
6684,6839
6684,9579
6684,12037
6685,10321
6685,16482
6685,19712
6685,22506
6686,893
6686,1953
6686,9579
6686,19717
6687,1971
6687,9579
6687,10352
6687,21840
6688,1998
6688,16291
6688,21180
6688,24697
6689,1771
6689,3466
6689,6342
6689,21327
6690,8154
6690,17663
6690,21658
6690,25157
6691,4545
6691,15384
6691,20390
6691,23080
6692,22
6692,1771
6692,6342
6692,13780
6693,5678
6693,6332
6693,17670
6693,20175
6694,1678
6694,2703
6694,21018
6694,23812
6695,1409
6695,7980
6695,25383
6695,26863
6696,25642
6697,7448
6697,9463
6697,11345
6697,17205
6698,171
6698,5017
6698,10023
6698,12819
6699,5993
6699,6273
6699,10263
6699,11880
6700,2995
6700,7052
6700,10182
6700,25314
6701,10900
6701,19317
6701,20023
6701,23451
6702,2293
6702,3363
6702,10555
6702,24063
6703,735
6703,6061
6703,9230
6703,25532
6704,7958
6704,14293
6704,16718
6704,26773
6705,3620
6705,6039
6705,19836
6705,25374
6706,6172
6706,6928
6706,20427
6706,26715
6707,10367
6707,11572
6707,15698
6708,5376
6708,14267
6708,19403
6708,26654
6709,4818
6709,8025
6709,16165
6709,25674
6710,16318
6711,996
6711,21718
6711,24063
6711,28126
6712,296
6712,7426
6712,8106
6712,20272
6713,4410
6713,5164
6713,8049
6713,25998
6714,1394
6714,1524
6714,14106
6714,17207
6715,104
6715,500
6715,11547
6715,16835
6716,746
6716,11124
6716,14872
6716,24274
6717,8749
6717,12784
6717,18884
6717,26370
6718,133
6718,1239
6718,2384
6718,4505
6719,7294
6719,21591
6720,2698
6720,6037
6720,13650
6720,16854
6721,17177
6721,17776
6721,22442
6721,27224
6722,2078
6722,8855
6722,10067
6722,22327
6723,2088
6723,4101
6723,14349
6723,17668
6724,10426
6724,22104
6724,24771
6724,27019
6725,696
6725,11052
6725,13177
6725,24984
6726,6524
6726,10307
6726,18442
6726,25733
6727,13956
6727,18215
6727,23329
6728,12021
6728,17188
6728,21840
6728,24421
6729,1691
6729,10097
6729,11624
6729,26633
6730,720
6730,6274
6730,9120
6730,21214
6731,11922
6731,13767
6731,24626
6731,25329
6732,14111
6732,23214
6732,26492
6732,27915
6733,5669
6733,16900
6733,18852
6733,27872
6734,4306
6734,8604
6734,10044
6734,19964
6735,1023
6735,7178
6735,12451
6735,24442
6736,680
6736,4559
6736,21986
6736,26659
6737,20519
6737,22999
6737,25500
6737,25985
6738,551
6739,1333
6739,6204
6739,16961
6739,24328
6740,5575
6740,13923
6740,18803
6740,25954
6741,1870
6742,8545
6742,9207
6742,11700
6742,19823
6743,11697
6743,16233
6743,20668
6743,27888
6744,357
6744,11591
6744,11689
6744,20223
6745,4130
6745,10443
6745,13133
6745,16069
6746,9508
6746,13911
6746,14576
6746,22003
6747,5451
6747,19549
6748,17719
6748,20452
6748,21355
6748,24993
6749,20477
6750,4199
6750,16498
6750,19296
6750,19478
6751,13059
6751,14099
6751,20340
6751,25376
6752,6022
6753,1174
6753,5195
6753,6263
6753,8191
6754,2998
6754,16958
6754,24325
6754,25410
6755,5370
6755,8844
6755,16988
6755,24092
6756,10374
6756,14011
6756,16987
6756,27437
6757,1631
6757,7085
6757,10269
6757,14283
6758,9737
6758,10626
6758,15955
6758,21879
6759,18950
6759,20848
6759,26096
6760,10766
6760,18894
6760,23803
6760,27397
6761,10542
6761,12368
6761,13534
6761,18851
6762,2931
6762,4843
6762,7496
6762,13288
6763,14249
6763,16191
6763,22290
6763,24300
6764,6
6764,2443
6764,10647
6764,25107
6765,3597
6765,11203
6765,13050
6765,25239
6766,557
6766,2855
6766,7220
6766,8387
6767,1291
6767,2668
6767,3648
6767,7180
6768,16003
6768,20545
6768,22098
6768,25261
6769,3259
6769,8038
6769,12634
6769,13050
6770,12744
6770,14060
6770,18456
6770,20855
6771,6181
6771,12689
6771,21572
6771,23527
6772,17048
6772,18030
6772,27354
6772,27614
6773,2995
6773,7014
6773,10195
6773,20490
6774,965
6774,13272
6774,17407
6774,21406
6775,6170
6775,10580
6775,20137
6775,26665
6776,7075
6776,12710
6776,15773
6776,18604
6777,2316
6777,6263
6777,7736
6777,19387
6778,935
6778,3155
6778,4089
6778,24558
6779,5866
6779,9464
6779,9846
6779,24580
6780,105
6780,16480
6780,25984
6780,26795
6781,4474
6781,7626
6781,12611
6781,23852
6782,2484
6782,6787
6782,12011
6782,15854
6783,4057
6783,12611
6783,14462
6783,14607
6784,1902
6784,10935
6784,22517
6784,25757
6785,12136
6785,21871
6785,23564
6785,26812
6786,3290
6786,15204
6786,19769
6786,20532
6787,6609
6787,9702
6787,16415
6788,3761
6788,9333
6788,13717
6788,16032
6789,3425
6789,6795
6789,7196
6789,16016
6790,3821
6790,14661
6790,17583
6790,18180
6791,11115
6792,584
6793,489
6793,2286
6793,10188
6793,19367
6794,7687
6794,14390
6794,15484
6794,23469
6795,5308
6795,15886
6795,18076
6795,21207
6796,2608
6796,5725
6796,11419
6796,16411
6797,20477
6798,9950
6799,8190
6799,17826
6799,23245
6799,26455
6800,17498
6800,26278
6800,26373
6800,28196
6801,150
6801,6864
6801,15081
6801,19465
6802,2632
6802,5070
6802,19353
6803,11176
6803,20910
6803,22311
6803,28518
6804,2688
6804,3146
6804,10994
6804,26847
6805,9380
6805,18843
6805,22202
6805,24896
6806,1929
6806,21143
6806,22710
6806,25215
6807,8296
6807,15567
6807,19455
6807,27591
6808,11967
6808,22472
6808,26531
6808,27584
6809,5509
6809,11014
6809,12333
6809,25687
6810,4438
6810,6342
6810,7869
6810,20040
6811,7674
6811,12581
6811,14406
6811,16615
6812,3201
6812,7916
6812,8145
6812,21632
6813,4159
6813,4378
6813,21456
6813,25420
6814,15690
6814,17017
6814,19000
6814,28127
6815,5419
6815,13495
6815,18205
6815,26199
6816,694
6816,2582
6816,10325
6816,19108
6817,1244
6817,6957
6817,15050
6817,17502
6818,2659
6818,13530
6818,17044
6818,23133
6819,1611
6819,3299
6819,12396
6819,18120
6820,1350
6820,16498
6820,19467
6820,23729
6821,15303
6822,13534
6823,1291
6823,7626
6823,9499
6823,25332
6824,11086
6824,18139
6824,19812
6824,27618
6825,9962
6825,14636
6825,17247
6825,17487
6826,5876
6826,10472
6826,20436
6826,26745
6827,10602
6827,11600
6827,24395
6827,27275
6828,16391
6828,19229
6828,22432
6828,27601
6829,6064
6829,9409
6829,13958
6829,18253
6830,7241
6830,7825
6830,12246
6830,27172
6831,645
6831,8225
6831,23727
6832,7241
6832,13578
6832,14986
6832,27172
6833,4241
6833,14456
6833,22656
6833,24551
6834,3754
6834,14456
6834,22656
6834,24551
6835,1028
6835,7030
6835,13619
6835,27924
6836,1244
6836,6957
6836,15050
6836,17502
6837,14992
6837,17379
6837,27766
6837,28448
6838,4805
6838,5415
6838,7069
6838,10281
6839,7333
6839,18295
6839,18588
6839,24454
6840,25984
6840,28242
6841,3659
6841,4219
6841,5683
6841,14482
6842,7448
6842,9463
6842,11345
6842,17205
6843,6771
6843,17615
6843,19097
6843,19785
6844,8475
6844,12328
6844,22003
6844,25192
6845,2993
6845,9066
6845,22338
6845,23087
6846,12736
6846,21234
6846,26483
6846,28525
6847,8364
6847,9305
6847,16797
6847,18707
6848,14261
6848,15499
6848,27175
6848,27739
6849,7146
6849,11376
6849,13287
6849,25704
6850,25152
6851,19999
6851,20605
6851,23453
6851,27181
6852,13977
6852,16398
6852,23368
6852,25281
6853,3734
6853,6365
6853,14431
6853,23179
6854,14940
6854,16616
6854,17179
6854,26683
6855,98
6855,2519
6855,7712
6855,12253
6856,6914
6856,13245
6856,16908
6856,21080
6857,972
6857,3192
6857,5167
6857,18790
6858,4148
6858,5010
6858,7263
6858,22565
6859,1070
6859,10688
6859,13750
6859,28042
6860,1005
6860,1858
6860,7283
6860,13663
6861,9473
6861,10091
6861,11415
6861,16428
6862,1005
6862,13663
6862,17615
6862,19645
6863,4086
6863,8528
6863,13981
6863,27773
6864,4555
6864,4788
6864,7344
6864,24443
6865,14853
6865,18192
6865,24758
6865,25999
6866,5639
6866,7228
6866,9475
6866,21928
6867,14853
6867,18192
6867,24193
6867,24758
6868,6632
6868,11517
6868,21681
6868,24700
6869,10933
6869,12548
6869,14097
6869,14706
6870,9619
6870,10047
6870,27475
6870,28378
6871,7283
6871,7701
6871,18312
6871,25318
6872,1005
6872,16057
6872,23913
6872,26384
6873,14853
6873,18192
6873,24758
6873,25999
6874,2338
6874,9897
6874,23856
6874,25008
6875,7315
6875,7985
6875,16875
6875,20323
6876,1000
6876,1172
6876,3830
6876,27610
6877,14853
6877,18192
6877,21106
6877,24758
6878,270
6878,6557
6878,19431
6878,25987
6879,686
6879,18998
6879,21001
6879,22653
6880,850
6880,6651
6880,9848
6880,11847
6881,1392
6881,13663
6881,20714
6881,21398
6882,5028
6882,7283
6882,13663
6882,27516
6883,1005
6883,5156
6883,14533
6883,18416
6884,5039
6884,9943
6884,10874
6884,19317
6885,3873
6885,15330
6885,22231
6885,24908
6886,1005
6886,9881
6886,20841
6886,23552
6887,7080
6887,7468
6887,10828
6887,14852
6888,8932
6888,20773
6888,24563
6888,26967
6889,17106
6889,24527
6889,25176
6889,26086
6890,8571
6890,14826
6890,20627
6890,26593
6891,101
6891,1536
6891,8649
6891,12168
6892,1243
6892,5058
6892,14887
6892,20789
6893,3026
6893,18583
6893,20334
6893,24439
6894,425
6894,2726
6894,7779
6894,26405
6895,4086
6895,7190
6895,9184
6895,27248
6896,1800
6896,2968
6896,4940
6896,26912
6897,7701
6897,13663
6897,21928
6897,22397
6898,7493
6898,14124
6898,24266
6898,24443
6899,8013
6900,3593
6901,13853
6901,18890
6901,20360
6901,23360
6902,1552
6902,9346
6902,10271
6902,20834
6903,241
6903,12263
6903,15285
6903,21011
6904,562
6904,5533
6904,24391
6904,26971
6905,19966
6906,1524
6906,11185
6906,11304
6906,19309
6907,13721
6907,14693
6907,21332
6907,21470
6908,5142
6908,15681
6908,20285
6908,22557
6909,6457
6909,23950
6909,24097
6909,27807
6910,4438
6910,7869
6910,11852
6910,27152
6911,4519
6911,17270
6911,26761
6911,27469
6912,13736
6912,17590
6912,21192
6912,26669
6913,3943
6913,17510
6913,17513
6913,17655
6914,11432
6914,14214
6914,16862
6914,23826
6915,1236
6915,10867
6915,15852
6915,16982
6916,5025
6916,9680
6916,15752
6916,22672
6917,12844
6918,1950
6918,10155
6918,18890
6918,24441
6919,1029
6919,1524
6919,4459
6919,11425
6920,12805
6920,17568
6920,22653
6920,26019
6921,6238
6921,14905
6921,17176
6921,17192
6922,4352
6922,7647
6922,16187
6922,19524
6923,18721
6923,19364
6923,22653
6923,26019
6924,2191
6924,18914
6924,22738
6924,26268
6925,3304
6925,15470
6925,23229
6925,25003
6926,23417
6927,2854
6927,13315
6927,15107
6927,15947
6928,7533
6928,23649
6928,25164
6928,28338
6929,164
6929,13127
6929,17846
6929,19763
6930,17946
6930,19180
6930,22021
6930,23372
6931,1172
6931,3352
6931,11226
6931,24086
6932,2568
6932,2585
6932,10396
6932,17567
6933,5554
6933,7810
6933,24113
6934,3170
6934,7385
6934,21881
6934,26984
6935,6106
6935,8392
6935,21628
6935,22225
6936,2996
6936,4458
6936,6893
6936,9906
6937,10450
6937,18033
6937,18927
6937,20904
6938,840
6938,10320
6938,10922
6938,27067
6939,10450
6939,11205
6939,19012
6939,25992
6940,10450
6940,11205
6940,18033
6940,20904
6941,10450
6941,11205
6941,19012
6941,25992
6942,9215
6942,15205
6942,17370
6942,20779
6943,3434
6943,8739
6943,11124
6943,27807
6944,534
6944,1509
6944,5193
6944,26316
6945,347
6945,722
6945,1290
6946,12102
6946,23094
6946,25353
6946,26256
6947,9469
6947,14639
6947,16130
6947,23908
6948,14112
6948,16660
6948,21003
6948,22301
6949,729
6949,9395
6949,10176
6949,14125
6950,11916
6950,17129
6950,22411
6950,26445
6951,1757
6951,6321
6951,10092
6951,21321
6952,23068
6952,24093
6953,6118
6953,10629
6953,17433
6953,18740
6954,2915
6954,17154
6954,19727
6954,27737
6955,11548
6955,12691
6955,13074
6955,20096
6956,2264
6956,11194
6956,17381
6956,27834
6957,17471
6958,2611
6958,6342
6958,13780
6958,24375
6959,3251
6959,4095
6959,6074
6959,26823
6960,20477
6961,4704
6961,18244
6961,24911
6961,27316
6962,5688
6962,9066
6962,9830
6962,19292
6963,24587
6964,6727
6964,8191
6964,9637
6964,15771
6965,10951
6965,22096
6965,28095
6965,28141
6966,13138
6966,13343
6966,18810
6966,23996
6967,4805
6967,13921
6967,15234
6967,17606
6968,6347
6968,21884
6968,27076
6968,27140
6969,68
6969,2873
6969,6035
6969,10903
6970,754
6970,13176
6970,14905
6970,23377
6971,3125
6971,15274
6971,26183
6971,27834
6972,3670
6972,11425
6972,16172
6972,22645
6973,2799
6973,14680
6973,22944
6973,23848
6974,1005
6974,1173
6974,23523
6974,24547
6975,20477
6976,16906
6976,18842
6976,23271
6976,24918
6977,1642
6977,12957
6977,20443
6977,26106
6978,9445
6978,10195
6978,24946
6978,26559
6979,7454
6979,15097
6979,16646
6979,23670
6980,1345
6980,9374
6980,20421
6980,20683
6981,12428
6981,14028
6981,23071
6981,28144
6982,759
6982,4069
6982,15292
6982,19746
6983,14255
6984,6344
6984,18404
6984,22328
6984,27835
6985,7538
6985,13505
6985,21041
6985,21414
6986,8791
6986,12894
6986,25186
6986,25659
6987,3033
6987,6190
6987,8847
6987,19791
6988,108
6988,4133
6988,23488
6988,27016
6989,24627
6990,1373
6990,15543
6990,23723
6990,28132
6991,4703
6991,9101
6991,20476
6991,20890
6992,2764
6992,11974
6992,19679
6992,22098
6993,2778
6993,12727
6993,27185
6993,27371
6994,4904
6994,10785
6994,20817
6994,23520
6995,1066
6995,10320
6995,18872
6995,26042
6996,3882
6996,4246
6996,6590
6996,26815
6997,7962
6997,16513
6997,23744
6997,27571
6998,12991
6999,3418
6999,9616
6999,15622
6999,21488
7000,8668
7000,10983
7000,18172
7000,27794
7001,2816
7001,8257
7001,25570
7001,26541
7002,3109
7002,11076
7002,20088
7002,25308
7003,4054
7003,6295
7003,14671
7003,19385
7004,19158
7005,7030
7005,12553
7005,14527
7006,639
7006,13385
7006,18723
7006,20506
7007,768
7007,11487
7007,15809
7008,19582
7008,21773
7008,22626
7008,23475
7009,2293
7009,11155
7009,23869
7009,27233
7010,17337
7010,20131
7010,20494
7010,27050
7011,11669
7011,12379
7011,23169
7012,11902
7012,18563
7012,25731
7012,26164
7013,2460
7013,4991
7013,19746
7013,23320
7014,12561
7014,12611
7014,23027
7014,28152
7015,8063
7016,4996
7016,11360
7016,20831
7016,23899
7017,10716
7017,11766
7017,27314
7017,28337
7018,1556
7018,12731
7018,14910
7018,19436
7019,1337
7019,11486
7019,16735
7019,19504
7020,115
7020,10382
7020,19744
7020,21838
7021,1353
7021,3232
7021,11391
7021,23455
7022,6958
7022,11185
7022,14111
7022,22528
7023,18197
7024,782
7024,2729
7024,18693
7024,28424
7025,23858
7025,23899
7025,27469
7025,27855
7026,7489
7026,10053
7026,21144
7026,23961
7027,14864
7027,16765
7027,23326
7027,26135
7028,2544
7028,8943
7028,14760
7028,25787
7029,2233
7029,4469
7029,11658
7029,24465
7030,9683
7030,16787
7030,19833
7030,24769
7031,7767
7031,8978
7031,21408
7031,22947
7032,14242
7032,15078
7032,16051
7032,18019
7033,47
7033,2414
7033,13818
7033,24604
7034,4843
7034,7499
7034,16835
7034,18823
7035,18850
7035,20779
7035,22682
7035,23433
7036,751
7036,6765
7036,17798
7036,21393
7037,6765
7037,11403
7037,15679
7037,18129
7038,2526
7038,4977
7038,18938
7038,23261
7039,7631
7039,10427
7039,10842
7039,21298
7040,2637
7040,17271
7040,18819
7040,21454
7041,3874
7041,26613
7041,27893
7041,28113
7042,8810
7042,15480
7042,17297
7042,26786
7043,11512
7043,22022
7043,24543
7043,26730
7044,6019
7044,7253
7044,10118
7044,12158
7045,3377
7045,3874
7045,21480
7045,27113
7046,3268
7046,18758
7046,20621
7046,26268
7047,1129
7047,4801
7047,26881
7047,26920
7048,4805
7048,6289
7048,17883
7048,21019
7049,4607
7049,7871
7049,9360
7049,20750
7050,5426
7050,12628
7050,18182
7050,27058
7051,2710
7051,4528
7051,15007
7052,2011
7052,12124
7052,14244
7052,19017
7053,4505
7053,14176
7053,28070
7053,28133
7054,7184
7054,11589
7054,19101
7054,19738
7055,2071
7055,15201
7055,24383
7055,26346
7056,10240
7056,17192
7056,22528
7056,22703
7057,8032
7057,14100
7057,19932
7057,21393
7058,12
7058,20955
7058,21476
7058,27292
7059,6019
7059,7631
7059,13407
7059,19909
7060,1540
7060,2999
7060,11363
7060,16426
7061,680
7061,10658
7061,13838
7061,26881
7062,8835
7062,13437
7062,18459
7062,21113
7063,2321
7063,5841
7063,21171
7063,21393
7064,751
7064,8248
7064,20679
7064,27481
7065,3329
7065,10973
7065,13534
7065,26881
7066,5491
7066,6330
7066,20346
7066,26786
7067,3728
7067,6177
7067,8248
7067,19642
7068,1603
7068,5711
7068,12674
7068,15117
7069,4805
7069,7871
7069,9360
7069,24335
7070,3100
7070,8248
7070,11510
7070,22456
7071,4760
7071,10772
7071,20654
7071,26487
7072,2838
7072,3697
7072,16396
7072,19631
7073,245
7073,6941
7073,23923
7073,28158
7074,3549
7074,10648
7074,14259
7074,19380
7075,4073
7075,7056
7075,10524
7075,27012
7076,1263
7076,1430
7076,9813
7076,15441
7077,4987
7077,10461
7077,17621
7077,27633
7078,4159
7078,6089
7078,17841
7078,18579
7079,465
7079,3475
7079,23276
7079,24634
7080,1605
7080,1624
7080,1730
7080,17551
7081,11800
7081,12210
7081,24229
7081,25042
7082,1907
7082,6685
7082,13816
7082,15075
7083,2529
7083,13040
7083,25718
7083,26268
7084,4001
7084,8479
7084,12384
7084,22501
7085,4059
7085,15304
7085,20596
7085,27593
7086,5841
7086,11304
7086,17841
7086,27834
7087,9443
7087,11528
7087,13315
7087,23939
7088,6019
7088,6238
7088,12550
7088,27392
7089,737
7089,10227
7089,13407
7089,26881
7090,6019
7090,13790
7090,14233
7090,26881
7091,243
7091,10012
7091,15981
7091,19738
7092,5942
7092,16350
7092,26134
7092,27890
7093,465
7093,3475
7093,15315
7093,18219
7094,4805
7094,19526
7094,22087
7094,23176
7095,9140
7095,17246
7095,19738
7095,26920
7096,9753
7097,5712
7097,8916
7097,9264
7097,17922
7098,12041
7098,12345
7098,20436
7098,24217
7099,6238
7099,22022
7099,24984
7099,27890
7100,8948
7100,19271
7100,26281
7100,27342
7101,680
7101,6037
7101,7631
7101,12158
7102,6019
7102,11978
7102,12158
7102,21298
7103,2605
7103,13407
7103,13838
7103,14827
7104,4968
7104,13407
7104,23923
7104,27593
7105,6238
7105,10118
7105,17798
7105,26350
7106,1774
7106,2890
7106,9066
7106,25534
7107,7808
7107,11589
7107,19410
7107,27657
7108,6976
7108,9906
7108,11807
7108,14283
7109,2170
7109,16583
7109,21484
7109,26567
7110,112
7110,4987
7110,9038
7110,26881
7111,5762
7111,6238
7111,6674
7111,11403
7112,2472
7112,5239
7112,12370
7112,20857
7113,1476
7113,11888
7113,16739
7113,21228
7114,1313
7114,2321
7114,26920
7114,27758
7115,7808
7115,9549
7115,19125
7115,27273
7116,4459
7116,14744
7116,23083
7116,24130
7117,4344
7117,8293
7117,11482
7117,27890
7118,1039
7118,5491
7118,6220
7118,11235
7119,17051
7119,18304
7119,18788
7119,22630
7120,3711
7120,11402
7120,13847
7120,21123
7121,15364
7121,18352
7121,18633
7121,25410
7122,5550
7122,6566
7122,12333
7122,17958
7123,9682
7123,13156
7123,19992
7123,20764
7124,6018
7124,14537
7124,17576
7124,19776
7125,9895
7125,17075
7125,23618
7125,24119
7126,7987
7126,10915
7126,23427
7126,27900
7127,1252
7127,5116
7127,9618
7127,10048
7128,3428
7128,13316
7128,18837
7128,23914
7129,2626
7129,5906
7129,23508
7129,23638
7130,1858
7130,11618
7130,13981
7130,17899
7131,5959
7131,24412
7131,24512
7131,25893
7132,3030
7132,23523
7132,24443
7132,27516
7133,433
7133,8419
7133,10488
7133,14895
7134,2388
7134,17865
7134,18844
7134,20871
7135,8371
7135,8473
7135,10205
7135,15064
7136,10805
7136,13663
7136,19010
7136,24266
7137,5355
7137,9822
7137,17184
7137,17943
7138,3251
7138,16838
7138,17703
7138,20325
7139,4654
7139,16684
7139,20728
7139,26982
7140,7701
7140,16057
7140,17441
7140,18134
7141,3240
7141,15417
7141,18837
7141,23138
7142,919
7142,8828
7142,9075
7142,15033
7143,1536
7143,4003
7143,9043
7143,21470
7144,3607
7144,6418
7144,14267
7144,20053
7145,18613
7145,21496
7145,21817
7145,23793
7146,10373
7146,19830
7146,20859
7146,23523
7147,5002
7147,6463
7147,7422
7147,17070
7148,1487
7148,7282
7148,20820
7148,22879
7149,11619
7149,13384
7149,14723
7149,23147
7150,634
7150,10751
7150,21154
7150,24398
7151,1138
7151,17867
7151,21213
7151,23954
7152,3492
7152,4398
7152,14816
7152,19495
7153,522
7153,1877
7153,3497
7153,22130
7154,8271
7154,8371
7154,15064
7154,23884
7155,14117
7155,18664
7155,19212
7155,22385
7156,1154
7156,4583
7156,7704
7156,17453
7157,3265
7157,10373
7157,14680
7157,14723
7158,747
7158,4235
7158,5789
7158,15012
7159,8276
7159,14072
7159,15014
7159,19378
7160,1599
7160,7905
7160,11811
7160,13235
7161,10171
7161,12277
7161,14276
7161,17007
7162,3538
7162,11048
7162,14127
7162,24556
7163,746
7163,10348
7163,14872
7163,24274
7164,746
7164,10348
7164,14872
7164,24274
7165,15064
7165,15417
7165,18837
7165,23138
7166,4680
7166,5156
7166,18248
7166,21217
7167,2141
7167,10205
7167,18350
7167,24743
7168,10420
7168,15014
7168,19317
7168,22860
7169,5349
7169,9252
7170,26112
7171,3666
7171,7495
7171,14605
7171,23939
7172,8601
7172,17679
7172,22547
7172,24101
7173,21070
7174,20265
7174,22735
7174,22785
7174,28096
7175,6166
7175,11886
7175,16531
7175,17562
7176,6166
7176,7005
7176,12427
7176,14884
7177,20477
7178,8394
7178,8732
7178,14559
7178,17000
7179,23606
7180,2784
7180,3238
7180,12467
7180,20785
7181,20477
7182,8007
7182,10720
7182,15216
7182,16741
7183,5915
7183,7836
7183,16257
7183,21505
7184,423
7184,2397
7184,4236
7184,5100
7185,6198
7185,12992
7185,14429
7185,27021
7186,7364
7186,8435
7186,10269
7186,11032
7187,3373
7187,5761
7187,10386
7187,16189
7188,3649
7188,8009
7188,11220
7188,12535
7189,3885
7189,4381
7189,5508
7189,23899
7190,1376
7190,16644
7190,27195
7190,27765
7191,3398
7191,6834
7191,17325
7191,26151
7192,1589
7192,15547
7192,17305
7192,23483
7193,15234
7193,15606
7193,20542
7193,25126
7194,3674
7194,16628
7194,24649
7194,25009
7195,541
7195,3106
7195,18380
7195,26827
7196,6213
7196,16534
7196,17005
7196,27214
7197,4169
7197,17495
7197,24167
7197,26105
7198,16956
7199,1004
7199,10157
7199,18374
7199,21076
7200,21696
7201,934
7201,3923
7201,11633
7201,24219
7202,7952
7202,10458
7202,12015
7202,14473
7203,11852
7203,14875
7203,17142
7203,28162
7204,1269
7204,2679
7204,19627
7204,28372
7205,4222
7205,11352
7205,13631
7205,24290
7206,10131
7206,10499
7206,11200
7206,19466
7207,2890
7207,7286
7207,14957
7207,17414
7208,1614
7209,589
7209,1716
7209,2262
7209,22236
7210,5237
7210,7488
7210,9885
7210,12616
7211,785
7211,7291
7211,24830
7211,26561
7212,1863
7212,7106
7212,17635
7212,25753
7213,14378
7213,14389
7213,22571
7213,25362
7214,5702
7214,11934
7214,18956
7214,28168
7215,6869
7215,9731
7215,21704
7215,25333
7216,1497
7216,7046
7216,8860
7216,23402
7217,2808
7217,6131
7217,8555
7217,11509
7218,8519
7218,15953
7218,17569
7219,1319
7219,16813
7219,21325
7219,23461
7220,10003
7220,15140
7220,20649
7220,20943
7221,121
7221,7558
7221,19333
7221,19683
7222,1445
7222,2559
7222,6180
7222,28457
7223,12752
7224,1247
7224,20871
7224,22233
7224,24298
7225,14427
7225,18810
7225,24766
7225,25526
7226,7574
7226,11459
7226,17202
7226,23246
7227,10654
7227,15316
7227,22783
7227,23609
7228,1642
7228,5749
7228,9075
7228,24363
7229,7867
7229,11155
7229,16243
7229,26037
7230,7478
7230,17325
7230,24608
7230,28319
7231,560
7231,4177
7231,11853
7231,23835
7232,5171
7232,17493
7233,3891
7233,10463
7233,22496
7233,25933
7234,1365
7234,12834
7234,17896
7234,20366
7235,3572
7235,7568
7235,8477
7235,17659
7236,1137
7236,5472
7236,13237
7236,19406
7237,1119
7237,14315
7237,21372
7237,22206
7238,902
7238,2765
7238,5643
7238,6595
7239,4787
7239,26885
7239,26959
7239,27820
7240,2871
7240,6002
7240,8369
7240,22088
7241,14140
7241,23114
7241,26389
7242,16383
7243,278
7243,18445
7243,26275
7243,28445
7244,4935
7244,8426
7244,18658
7244,25945
7245,5679
7245,14022
7245,19663
7245,26049
7246,10068
7246,21444
7247,10846
7247,22674
7247,23827
7247,28373
7248,14614
7248,20219
7248,21356
7248,25432
7249,1651
7249,12197
7249,17616
7249,24096
7250,11651
7250,16592
7250,19302
7250,25194
7251,16464
7251,18387
7251,21809
7252,11826
7253,2480
7253,5167
7253,13259
7253,14410
7254,6485
7254,10336
7254,14541
7254,25934
7255,219
7255,9620
7255,25708
7255,27454
7256,9138
7256,15806
7256,20481
7256,26684
7257,6352
7257,9954
7257,16717
7257,28180
7258,10280
7258,17961
7258,21715
7258,24522
7259,222
7259,2851
7259,12065
7259,25584
7260,2851
7260,9734
7260,14969
7260,26796
7261,3434
7261,6659
7261,15082
7261,18747
7262,660
7262,11152
7262,25172
7262,27507
7263,2478
7263,23615
7263,23948
7263,24400
7264,6967
7264,14103
7264,19347
7264,21447
7265,2037
7265,4067
7265,4352
7265,22802
7266,13259
7266,13933
7266,15608
7266,23894
7267,2590
7267,2810
7267,13656
7267,18829
7268,17224
7268,17552
7268,20762
7268,26588
7269,1774
7269,6217
7269,12581
7269,17068
7270,1121
7270,7886
7270,9372
7270,12197
7271,1500
7271,13207
7271,21549
7271,27885
7272,5091
7272,6848
7272,12626
7272,17188
7273,9748
7273,10606
7273,10786
7273,25990
7274,757
7274,8014
7274,22892
7274,25800
7275,2316
7275,5017
7275,19049
7275,26781
7276,7568
7276,13495
7277,3498
7277,8934
7277,17722
7277,24922
7278,292
7278,15581
7278,17060
7278,17163
7279,656
7279,21343
7279,21545
7279,25970
7280,3362
7280,4110
7280,11301
7280,21757
7281,4381
7281,5587
7281,11171
7281,16623
7282,2178
7282,5132
7282,16829
7282,24119
7283,10101
7284,12400
7284,21410
7284,21696
7284,22386
7285,11144
7285,16310
7285,18491
7285,21149
7286,3428
7286,8459
7286,12560
7286,19403
7287,4098
7287,13707
7287,21317
7287,26336
7288,8704
7288,13165
7288,18717
7288,26133
7289,8856
7289,9710
7289,14698
7289,20970
7290,12980
7290,14569
7290,24870
7290,25773
7291,1052
7291,15451
7291,18649
7291,27933
7292,3315
7292,6404
7292,25959
7292,26008
7293,20477
7294,3138
7294,4653
7294,21285
7294,28032
7295,11750
7295,17627
7295,18333
7295,24266
7296,12400
7296,21410
7296,21696
7296,22386
7297,16836
7297,16884
7297,17843
7297,19528
7298,3264
7298,6782
7298,16529
7298,22191
7299,1890
7299,7839
7299,22235
7299,27974
7300,7292
7300,9075
7300,12957
7300,16116
7301,16147
7301,19034
7301,22426
7301,24215
7302,7283
7302,12133
7302,14702
7302,28522
7303,901
7303,15533
7303,23051
7303,28367
7304,2680
7304,3123
7304,14819
7304,20553
7305,947
7305,5993
7305,9226
7305,19936
7306,17762
7306,24151
7306,25082
7306,27838
7307,15568
7308,9979
7308,15358
7308,23248
7308,24423
7309,2279
7309,11373
7309,11793
7309,22956
7310,10449
7310,18317
7310,20387
7310,26014
7311,1981
7311,15024
7311,17075
7311,27712
7312,11724
7312,14588
7312,15645
7312,19458
7313,5772
7313,7289
7313,13218
7313,22978
7314,979
7314,3993
7314,19204
7314,19865
7315,4796
7315,8091
7315,18895
7315,19543
7316,4161
7316,7284
7316,11586
7316,12248
7317,11830
7317,16240
7317,17889
7317,24975
7318,10331
7318,13183
7318,14197
7318,24854
7319,1010
7319,3203
7319,9374
7319,25835
7320,3936
7320,7292
7320,22012
7320,24443
7321,4775
7321,8097
7321,19034
7321,26118
7322,7292
7322,15014
7322,21862
7322,27784
7323,4422
7323,11685
7323,12568
7323,14117
7324,3060
7324,4940
7324,5275
7324,28450
7325,2568
7325,6524
7325,26832
7325,26965
7326,8980
7326,13960
7326,21579
7326,23195
7327,6381
7327,8886
7327,16397
7327,18273
7328,3951
7328,8579
7328,15975
7328,17645
7329,3988
7329,10625
7329,14018
7329,14077
7330,14073
7330,16027
7330,18281
7330,20288
7331,7563
7331,12942
7331,16304
7331,25194
7332,10920
7332,23012
7333,19415
7334,677
7334,12176
7334,20003
7334,22623
7335,418
7335,4244
7335,21467
7335,24316
7336,10207
7336,17415
7336,17461
7336,22391
7337,12500
7337,17405
7337,19745
7337,25740
7338,11514
7338,14386
7338,14828
7338,17929
7339,547
7339,2230
7339,12280
7339,20030
7340,1629
7340,3597
7340,13466
7340,25329
7341,11157
7341,15874
7341,25858
7341,28395
7342,387
7342,14060
7342,23528
7342,24804
7343,714
7343,22275
7343,27749
7343,28420
7344,2502
7344,16269
7344,18395
7344,23946
7345,911
7345,9863
7345,27321
7345,27933
7346,14260
7346,15800
7346,17240
7346,26889
7347,1953
7347,7356
7347,16957
7347,20795
7348,196
7348,7471
7348,11203
7348,14060
7349,7372
7349,11203
7349,13466
7349,25568
7350,5364
7350,7356
7350,16957
7350,20795
7351,654
7351,13042
7351,17937
7351,25063
7352,7372
7352,12823
7352,13466
7352,14485
7353,5276
7353,9707
7353,19720
7353,24626
7354,2760
7354,15959
7354,19175
7354,19497
7355,2796
7355,7387
7355,9916
7355,12143
7356,12885
7356,21985
7356,24672
7356,27723
7357,8416
7357,9355
7357,11831
7357,22724
7358,4
7358,2128
7358,2696
7358,15086
7359,1541
7359,3035
7359,9335
7359,21618
7360,2634
7360,3309
7360,9251
7360,24156
7361,9507
7361,21470
7361,25407
7361,27840
7362,12889
7362,22658
7363,2840
7363,4640
7363,21311
7363,27543
7364,3149
7364,7264
7364,13183
7364,17744
7365,4164
7365,18314
7365,18392
7365,19746
7366,5799
7366,9129
7366,15283
7366,24468
7367,4440
7368,4608
7368,4637
7368,5007
7368,24292
7369,201
7369,872
7369,14965
7369,24327
7370,9470
7370,10380
7370,21921
7370,26409
7371,1487
7371,8114
7371,14039
7371,21789
7372,1218
7372,6895
7372,11344
7372,26110
7373,1305
7373,26338
7374,744
7374,2527
7374,12916
7374,28418
7375,8546
7375,18138
7375,20835
7375,27235
7376,2028
7376,12143
7376,14329
7376,21165
7377,2288
7377,10555
7377,10784
7377,16871
7378,20477
7379,20477
7380,20477
7381,20477
7382,20477
7383,20477
7384,754
7384,1720
7384,20587
7384,27834
7385,20477
7386,20477
7387,7950
7387,13388
7387,21172
7387,23005
7388,20477
7389,20477
7390,20477
7391,20477
7392,20477
7393,20477
7394,20477
7395,20477
7396,20477
7397,20477
7398,20477
7399,14300
7399,16296
7399,20536
7399,21071
7400,20477
7401,9355
7401,20465
7401,24878
7401,26067
7402,20477
7403,20477
7404,20477
7405,20477
7406,20477
7407,20477
7408,20477
7409,20477
7410,20477
7411,20477
7412,18155
7412,18508
7412,24147
7412,27228
7413,20477
7414,20477
7415,20477
7416,20477
7417,7592
7418,20477
7419,20477
7420,3097
7420,4650
7420,13264
7420,23513
7421,20477
7422,8634
7422,12318
7422,20694
7422,21029
7423,20477
7424,20477
7425,20477
7426,711
7426,11942
7426,17530
7426,18793
7427,20477
7428,20477
7429,20477
7430,13828
7430,23102
7430,23844
7430,24739
7431,8564
7431,11150
7431,13828
7431,27696
7432,20477
7433,20477
7434,20477
7435,20477
7436,20477
7437,17923
7437,23484
7437,27264
7437,28309
7438,20477
7439,4614
7439,11053
7439,15345
7439,25191
7440,20477
7441,20477
7442,20477
7443,9112
7443,16722
7443,22237
7443,25727
7444,20477
7445,20477
7446,20477
7447,14393
7447,17819
7447,21565
7447,27064
7448,20477
7449,20477
7450,20477
7451,20477
7452,20477
7453,20477
7454,3245
7455,20477
7456,20477
7457,20477
7458,2618
7458,9321
7458,13696
7458,19102
7459,3166
7459,15055
7459,17185
7459,28130
7460,20477
7461,20477
7462,20477
7463,1942
7463,11648
7463,20990
7463,21163
7464,20477
7465,20477
7466,10573
7466,15345
7466,16070
7466,26322
7467,20477
7468,20477
7469,20477
7470,20477
7471,20477
7472,20477
7473,3303
7473,4890
7473,20861
7473,23993
7474,7816
7474,9153
7474,14023
7474,18934
7475,20477
7476,7584
7476,12406
7476,15833
7476,19550
7477,20477
7478,20477
7479,20477
7480,20477
7481,23024
7482,20477
7483,20477
7484,20477
7485,20477
7486,20477
7487,20477
7488,20477
7489,20477
7490,20477
7491,20477
7492,20477
7493,20477
7494,20477
7495,20477
7496,20477
7497,20477
7498,20477
7499,20477
7500,20477
7501,20477
7502,20477
7503,20477
7504,20477
7505,20477
7506,20477
7507,20477
7508,20477
7509,20477
7510,20477
7511,20477
7512,20477
7513,479
7513,12768
7513,25624
7513,28472
7514,20477
7515,20477
7516,20477
7517,20477
7518,226
7518,8787
7518,19886
7518,24479
7519,20477
7520,20477
7521,20477
7522,20477
7523,20477
7524,20477
7525,20477
7526,20477
7527,20477
7528,20477
7529,9504
7529,11727
7529,15290
7529,18896
7530,20477
7531,20477
7532,20477
7533,20477
7534,20477
7535,20477
7536,20477
7537,20477
7538,20477
7539,20477
7540,20477
7541,20477
7542,20477
7543,20477
7544,20477
7545,20477
7546,20477
7547,20477
7548,20477
7549,20477
7550,20477
7551,20477
7552,21381
7552,21391
7552,24052
7553,20477
7554,20477
7555,20477
7556,20477
7557,20477
7558,20477
7559,20477
7560,20477
7561,20477
7562,20477
7563,20477
7564,20477
7565,20477
7566,20477
7567,20477
7568,832
7568,12237
7568,13051
7568,16787
7569,20477
7570,20477
7571,20477
7572,20477
7573,20477
7574,20477
7575,20477
7576,2787
7576,9239
7576,17561
7576,25885
7577,20477
7578,20477
7579,20477
7580,20477
7581,7813
7581,14307
7581,24710
7581,26381
7582,20477
7583,20477
7584,20477
7585,20477
7586,20477
7587,20477
7588,20477
7589,20477
7590,20477
7591,20477
7592,20477
7593,20477
7594,15619
7594,21000
7594,23152
7594,27582
7595,20477
7596,20477
7597,20477
7598,20477
7599,20477
7600,20477
7601,20477
7602,20477
7603,20477
7604,20477
7605,9198
7605,10139
7605,11945
7605,15747
7606,20477
7607,20477
7608,20477
7609,20477
7610,20477
7611,20477
7612,2868
7612,7584
7612,13209
7612,25768
7613,20477
7614,20477
7615,20477
7616,20477
7617,20477
7618,20477
7619,20477
7620,20477
7621,20477
7622,1213
7622,3110
7622,15218
7622,26390
7623,20477
7624,20477
7625,20477
7626,20477
7627,20477
7628,20477
7629,20477
7630,20477
7631,20477
7632,20477
7633,20477
7634,20477
7635,20477
7636,20477
7637,20477
7638,914
7638,2685
7638,3648
7638,7180
7639,20477
7640,20477
7641,5157
7641,6042
7641,9531
7641,12781
7642,20477
7643,20477
7644,20477
7645,20477
7646,20477
7647,20477
7648,20477
7649,20477
7650,20477
7651,20477
7652,20477
7653,20477
7654,2464
7654,15457
7654,17981
7654,20159
7655,20477
7656,20477
7657,20477
7658,20477
7659,20477
7660,20477
7661,20477
7662,20477
7663,20477
7664,20477
7665,20477
7666,20477
7667,20477
7668,20477
7669,20477
7670,20477
7671,20477
7672,20477
7673,20477
7674,20477
7675,20477
7676,460
7676,7693
7676,7998
7676,9106
7677,233
7677,4841
7677,9561
7677,11231
7678,20477
7679,20477
7680,20477
7681,3004
7682,20157
7682,21081
7682,22474
7682,23077
7683,4020
7683,15152
7683,20688
7683,26287
7684,20477
7685,20477
7686,20477
7687,20477
7688,20477
7689,20477
7690,20477
7691,9425
7691,14113
7691,21718
7691,26502
7692,13026
7692,15168
7692,27326
7692,28022
7693,3573
7693,5004
7693,6453
7693,11283
7694,20477
7695,16618
7695,19905
7696,20477
7697,20477
7698,20477
7699,20477
7700,20477
7701,20477
7702,20477
7703,20477
7704,20477
7705,20477
7706,20477
7707,20477
7708,20477
7709,20477
7710,20477
7711,20477
7712,20477
7713,5525
7713,7589
7713,15146
7713,21348
7714,8685
7714,9921
7714,20885
7714,25555
7715,26737
7716,20477
7717,20477
7718,20477
7719,4652
7719,12790
7719,13073
7719,23911
7720,731
7720,12179
7720,15943
7720,20797
7721,20477
7722,20477
7723,20477
7724,20477
7725,20477
7726,20477
7727,20477
7728,20477
7729,20477
7730,20477
7731,18467
7731,18530
7731,19282
7731,21094
7732,20477
7733,20477
7734,20477
7735,20477
7736,20477
7737,20477
7738,20477
7739,1443
7739,14556
7739,16451
7739,27600
7740,20477
7741,20477
7742,20477
7743,20477
7744,5131
7744,12081
7744,13183
7744,21661
7745,20477
7746,20477
7747,20477
7748,1746
7748,6177
7748,19349
7748,25787
7749,4513
7749,9123
7749,13885
7749,23763
7750,4181
7750,4944
7750,19792
7750,21986
7751,2068
7751,3910
7751,6015
7751,13654
7752,4159
7752,10834
7752,11185
7752,12882
7753,8917
7753,9455
7753,12698
7753,26831
7754,5325
7754,15111
7754,16316
7754,22342
7755,20477
7756,7264
7756,23737
7756,23771
7756,28012
7757,20477
7758,20477
7759,20477
7760,20477
7761,900
7761,6281
7761,12230
7761,23337
7762,20477
7763,8797
7763,9376
7763,21388
7763,22842
7764,20477
7765,20477
7766,20477
7767,20477
7768,20477
7769,20477
7770,20477
7771,20477
7772,20477
7773,3452
7773,5342
7773,18155
7773,24147
7774,9933
7774,25200
7774,27513
7774,27614
7775,20477
7776,20477
7777,20477
7778,20477
7779,20477
7780,20477
7781,20477
7782,20477
7783,20477
7784,20477
7785,20477
7786,20477
7787,20477
7788,20477
7789,20477
7790,20477
7791,12648
7791,13501
7791,16490
7791,24750
7792,20477
7793,12760
7793,17479
7793,18575
7793,22086
7794,20477
7795,20477
7796,20477
7797,20477
7798,23310
7798,23786
7799,20477
7800,20477
7801,9573
7802,20477
7803,4213
7803,5203
7803,6360
7803,15478
7804,852
7804,909
7804,14759
7804,18094
7805,20477
7806,27380
7807,20477
7808,20477
7809,20477
7810,20477
7811,20477
7812,20477
7813,20477
7814,20477
7815,20477
7816,20477
7817,20477
7818,20477
7819,20477
7820,20477
7821,20477
7822,20477
7823,20477
7824,20477
7825,20477
7826,20477
7827,20477
7828,20477
7829,20477
7830,4604
7830,9025
7830,12171
7830,27572
7831,20477
7832,20477
7833,20477
7834,20477
7835,20477
7836,20477
7837,20477
7838,20477
7839,20477
7840,20477
7841,20477
7842,20477
7843,7177
7843,11415
7843,14079
7843,26713
7844,20477
7845,20477
7846,20477
7847,20477
7848,20477
7849,20477
7850,12274
7850,15047
7850,16513
7850,22675
7851,20477
7852,20477
7853,20477
7854,20477
7855,3813
7855,13758
7855,21652
7856,20477
7857,20477
7858,20477
7859,10048
7859,10144
7859,10815
7859,13237
7860,20477
7861,20477
7862,20477
7863,20477
7864,20477
7865,20477
7866,20477
7867,20477
7868,20477
7869,20477
7870,20477
7871,20477
7872,20477
7873,20477
7874,20477
7875,20477
7876,20477
7877,20477
7878,20477
7879,20477
7880,20477
7881,20477
7882,20477
7883,20477
7884,20477
7885,20477
7886,20477
7887,20477
7888,20477
7889,20477
7890,20477
7891,20477
7892,20477
7893,20477
7894,20477
7895,20477
7896,1521
7896,2549
7896,9925
7896,14719
7897,20477
7898,20477
7899,20477
7900,20477
7901,5153
7901,7205
7901,12761
7901,24614
7902,20477
7903,8618
7903,11368
7903,12898
7903,25987
7904,20477
7905,366
7905,442
7905,6888
7905,25608
7906,20477
7907,6417
7907,12125
7907,22179
7907,24905
7908,20477
7909,20477
7910,20477
7911,20477
7912,20477
7913,20477
7914,20477
7915,20477
7916,20477
7917,20477
7918,20477
7919,20477
7920,20477
7921,20477
7922,20477
7923,20477
7924,20477
7925,20477
7926,3311
7926,12238
7926,17695
7926,27353
7927,12233
7927,20025
7927,21033
7927,25540
7928,20477
7929,20477
7930,20477
7931,20477
7932,20477
7933,20477
7934,20477
7935,10233
7935,13478
7935,14744
7935,24335
7936,20477
7937,20477
7938,470
7938,7653
7938,11844
7938,21652
7939,20477
7940,20477
7941,20477
7942,20477
7943,20477
7944,20477
7945,20477
7946,20477
7947,20477
7948,20477
7949,20477
7950,20477
7951,2510
7951,11741
7951,14304
7951,23876
7952,21610
7952,27341
7953,20477
7954,20477
7955,20477
7956,20477
7957,20477
7958,20477
7959,20477
7960,778
7960,2016
7960,10351
7960,26729
7961,20477
7962,20477
7963,20477
7964,2425
7964,12237
7964,16185
7964,17919
7965,20477
7966,8030
7967,4002
7967,7637
7967,11468
7967,16385
7968,20477
7969,20477
7970,20477
7971,27877
7972,20477
7973,20477
7974,20477
7975,20477
7976,20477
7977,20477
7978,20477
7979,25131
7980,20477
7981,20477
7982,2408
7982,17716
7983,20477
7984,20477
7985,2097
7985,3958
7985,26407
7985,28204
7986,20477
7987,20477
7988,20477
7989,20477
7990,20477
7991,20477
7992,4044
7992,14601
7992,19076
7992,21461
7993,20477
7994,20477
7995,2588
7995,15768
7995,20098
7995,28368
7996,20477
7997,20477
7998,452
7998,1470
7998,3388
7998,9199
7999,20477
8000,20477
8001,3266
8002,20477
8003,20477
8004,20477
8005,88
8005,1458
8005,4909
8005,7226
8006,20477
8007,20477
8008,5597
8008,14434
8008,17608
8008,18960
8009,20477
8010,20477
8011,20477
8012,878
8012,5921
8012,8480
8012,22905
8013,20477
8014,20477
8015,4441
8015,20472
8015,26249
8016,20477
8017,1636
8017,9417
8017,10744
8017,16560
8018,352
8018,4611
8018,15644
8018,24948
8019,20477
8020,20477
8021,1173
8021,4846
8021,17050
8021,27784
8022,20477
8023,20477
8024,20477
8025,20477
8026,20477
8027,4529
8027,15279
8027,16678
8027,25133
8028,20477
8029,1283
8029,4443
8029,11198
8029,18904
8030,1164
8030,2599
8030,13687
8030,20831
8031,8612
8031,8936
8031,17297
8031,18355
8032,20477
8033,828
8033,3142
8033,7979
8033,25098
8034,1967
8034,18660
8035,20693
8036,20477
8037,20477
8038,3343
8038,15510
8038,21872
8038,25560
8039,20477
8040,1652
8040,10908
8040,17825
8040,18822
8041,20477
8042,20477
8043,20477
8044,7313
8044,13482
8044,16724
8044,19067
8045,2894
8045,6419
8045,16253
8045,19929
8046,20477
8047,8944
8047,21673
8048,20477
8049,7875
8050,2648
8050,13772
8050,14493
8050,26446
8051,20477
8052,8316
8052,16427
8052,16455
8052,21631
8053,1815
8053,15986
8053,26800
8053,27002
8054,20477
8055,20477
8056,20477
8057,6777
8057,7072
8057,9021
8057,27774
8058,10300
8058,19268
8058,19287
8059,20477
8060,4723
8060,11032
8060,18897
8060,21441
8061,20477
8062,6240
8063,653
8063,10467
8063,22915
8063,26178
8064,7948
8064,8681
8064,8955
8064,24042
8065,1282
8066,9565
8067,20477
8068,20477
8069,458
8069,14141
8069,20573
8069,21359
8070,20477
8071,20477
8072,1738
8072,11040
8072,12577
8072,15797
8073,20477
8074,20477
8075,5611
8075,14171
8075,23567
8075,25951
8076,20477
8077,20477
8078,20477
8079,20477
8080,20477
8081,20477
8082,20477
8083,5733
8084,20477
8085,20477
8086,23775
8087,20477
8088,1894
8088,2228
8088,5268
8088,11692
8089,1693
8089,3351
8089,13749
8089,19207
8090,20477
8091,20477
8092,20477
8093,11373
8093,13440
8093,17893
8093,18591
8094,20477
8095,20477
8096,20477
8097,20477
8098,5741
8098,17914
8098,18490
8098,27932
8099,9296
8099,14844
8099,24299
8099,26801
8100,10197
8100,13175
8100,16419
8100,17852
8101,2181
8101,11435
8101,12533
8101,28060
8102,9062
8102,15719
8102,16051
8102,28030
8103,2517
8103,10012
8103,12236
8103,24186
8104,11228
8104,13503
8104,18388
8104,18765
8105,3355
8105,3686
8105,14954
8105,24455
8106,4998
8106,8069
8106,17052
8106,20547
8107,20477
8108,20477
8109,20477
8110,6897
8110,17381
8110,20542
8110,27900
8111,20477
8112,20477
8113,20477
8114,20477
8115,20477
8116,20477
8117,3517
8117,4170
8117,17027
8117,27122
8118,20477
8119,6240
8120,20477
8121,20477
8122,8587
8122,10352
8122,11116
8122,22637
8123,2425
8123,2568
8123,16368
8123,20926
8124,1884
8124,10930
8124,23243
8124,24687
8125,20477
8126,20477
8127,20477
8128,20477
8129,20477
8130,20477
8131,20477
8132,20477
8133,20477
8134,20477
8135,20477
8136,5462
8136,7629
8136,12444
8136,13502
8137,2835
8137,5985
8137,9571
8137,21798
8138,12382
8138,18895
8138,21909
8138,22635
8139,20477
8140,20477
8141,20477
8142,20477
8143,20477
8144,20477
8145,415
8145,2932
8145,5127
8145,5191
8146,20477
8147,20477
8148,7449
8148,12911
8148,13941
8148,21667
8149,20477
8150,20477
8151,19403
8152,1138
8152,13384
8152,13953
8152,28192
8153,4680
8153,5579
8153,17212
8153,23638
8154,5114
8154,7292
8154,21928
8154,25483
8155,13821
8155,20627
8155,21470
8155,24358
8156,3447
8156,4680
8156,21010
8156,26918
8157,4189
8157,15635
8157,17707
8157,17810
8158,1536
8158,4390
8158,13663
8158,18638
8159,1711
8159,4390
8159,8331
8159,10373
8160,20477
8161,6839
8161,10258
8161,12122
8161,22649
8162,5792
8162,16711
8162,16736
8162,17671
8163,13023
8163,15973
8163,26893
8163,27590
8164,5157
8164,8307
8164,9698
8164,12543
8165,20477
8166,4295
8166,9322
8166,20633
8166,28153
8167,3155
8167,18821
8167,22141
8167,24935
8168,2982
8168,6030
8168,14287
8168,19385
8169,20477
8170,2917
8170,6756
8170,22042
8170,26514
8171,1941
8171,6030
8171,13861
8171,17253
8172,1551
8172,5752
8172,6809
8172,20262
8173,387
8173,12744
8173,20640
8173,24804
8174,11097
8174,11583
8174,27090
8175,1657
8175,7780
8175,7890
8175,11784
8176,2901
8176,20162
8176,20483
8176,20689
8177,1657
8177,2004
8177,18476
8177,24362
8178,7838
8178,14519
8178,24124
8178,24280
8179,22064
8179,24787
8179,26456
8179,26627
8180,9278
8180,11217
8180,24571
8180,27716
8181,8476
8181,15227
8181,19884
8181,27728
8182,4755
8182,8412
8182,25087
8182,28019
8183,467
8183,6282
8183,10472
8183,18845
8184,3457
8184,4348
8184,12891
8184,21035
8185,8915
8185,12129
8185,14554
8186,17891
8186,20869
8186,25986
8186,27673
8187,6839
8187,12958
8187,14075
8187,26103
8188,22
8188,10850
8188,14875
8188,22374
8189,5857
8189,7372
8189,12479
8189,13466
8190,3371
8190,6342
8190,10246
8190,24047
8191,22
8191,6400
8191,14875
8191,23080
8192,4129
8192,7372
8192,13466
8192,24375
8193,4986
8193,14086
8193,14700
8193,27686
8194,7382
8194,7636
8194,14403
8194,20664
8195,1570
8195,13162
8195,21474
8195,28009
8196,6440
8196,8446
8196,12620
8196,23199
8197,8533
8197,8791
8197,15935
8197,25042
8198,43
8198,871
8198,9388
8198,25021
8199,4647
8199,9773
8199,22512
8199,23221
8200,5570
8200,7135
8200,7293
8200,12700
8201,43
8201,871
8201,18932
8201,25021
8202,5614
8202,11910
8202,13171
8202,20493
8203,13005
8203,20645
8204,5398
8204,8006
8204,12492
8204,24906
8205,20477
8206,3795
8206,9978
8206,19579
8206,27721
8207,8410
8207,9745
8207,18815
8207,25881
8208,20477
8209,456
8209,10126
8209,13083
8209,26688
8210,1340
8210,3739
8210,21311
8210,27115
8211,6558
8211,7114
8211,10997
8211,11910
8212,113
8212,805
8212,2362
8212,11609
8213,368
8213,3655
8213,3952
8213,12436
8214,405
8214,432
8214,1379
8214,21733
8215,6092
8215,10574
8215,16989
8215,20969
8216,13162
8216,15920
8216,16989
8216,27255
8217,5160
8217,14471
8217,18235
8217,27798
8218,4963
8218,8962
8218,11621
8218,18290
8219,1588
8219,1798
8219,11814
8219,21317
8220,4863
8220,14670
8220,19216
8220,23529
8221,20477
8222,10564
8222,20627
8222,24005
8222,26593
8223,131
8223,21123
8223,22318
8223,28311
8224,5723
8224,10858
8224,13030
8224,20695
8225,1699
8225,11639
8225,23718
8225,27115
8226,905
8226,7503
8226,11089
8226,24204
8227,9871
8227,10418
8227,16574
8227,17761
8228,387
8228,17198
8228,22555
8228,22914
8229,6840
8229,13868
8229,17198
8229,22914
8230,788
8230,1968
8230,12439
8230,19916
8231,6860
8231,7765
8231,8035
8231,21794
8232,7765
8232,8035
8232,15302
8232,21794
8233,6860
8233,7765
8233,14264
8233,26159
8234,7765
8234,8035
8234,15302
8234,21794
8235,7765
8235,8035
8235,15302
8235,21794
8236,5752
8236,7714
8236,14275
8236,23639
8237,6860
8237,7122
8237,10077
8237,13574
8238,3476
8238,4843
8238,19584
8238,23771
8239,1528
8239,6860
8239,7765
8239,26159
8240,16220
8240,19089
8240,23590
8240,26159
8241,299
8241,1597
8241,6126
8241,26159
8242,4723
8242,7947
8242,10625
8242,13523
8243,1444
8243,4651
8243,12456
8243,20493
8244,1980
8244,13578
8244,22410
8244,25435
8245,6559
8245,7395
8245,9128
8245,27173
8246,20477
8247,5017
8247,9641
8247,10217
8247,11396
8248,7208
8248,11177
8248,15753
8248,25058
8249,13143
8249,17014
8249,23820
8249,26393
8250,885
8250,1444
8250,2809
8250,23704
8251,434
8251,2095
8251,9903
8251,14761
8252,1937
8252,3689
8252,18556
8252,22623
8253,2880
8253,8413
8253,8760
8253,20960
8254,14492
8254,16893
8254,19514
8254,21933
8255,7839
8255,9315
8255,14247
8255,21353
8256,4302
8256,4534
8256,16319
8256,23730
8257,7310
8257,11171
8257,13482
8257,21989
8258,14535
8258,17403
8258,18154
8258,27096
8259,4871
8259,10688
8259,22338
8259,25121
8260,1343
8260,10688
8260,26258
8260,27066
8261,34
8261,9063
8261,27708
8261,28205
8262,1257
8262,7584
8262,27212
8262,28396
8263,4806
8263,11918
8263,17894
8264,4601
8264,20043
8264,23850
8264,25009
8265,7918
8265,8691
8265,13066
8265,27596
8266,3572
8266,21160
8266,23630
8266,28401
8267,8094
8267,11001
8267,26752
8267,27924
8268,3054
8268,8938
8268,10303
8268,26895
8269,962
8269,2840
8269,10899
8269,22686
8270,4183
8270,8369
8270,8642
8270,26488
8271,2342
8271,20057
8271,24939
8271,28500
8272,962
8272,17641
8272,20503
8272,25494
8273,962
8273,5123
8273,23089
8273,25525
8274,4836
8274,10855
8274,15536
8274,21311
8275,5588
8275,7043
8275,16677
8275,23759
8276,2627
8276,3370
8276,4949
8276,20780
8277,9736
8277,10997
8277,13286
8277,21251
8278,104
8278,11022
8278,17394
8278,26752
8279,1804
8279,11936
8279,17265
8279,17596
8280,5914
8280,8242
8280,9989
8280,17321
8281,20477
8282,1337
8282,1979
8282,3695
8282,20730
8283,1085
8283,20069
8283,25984
8283,25987
8284,659
8284,13780
8284,16631
8284,24729
8285,236
8285,4534
8285,15280
8285,19229
8286,22368
8287,262
8287,11210
8287,22623
8287,23070
8288,1691
8288,8597
8288,13535
8288,19276
8289,1259
8289,7089
8289,8310
8289,10415
8290,3814
8290,18890
8290,26242
8290,28048
8291,921
8291,9564
8291,19320
8291,23199
8292,9544
8292,11851
8292,23850
8292,26550
8293,24699
8293,25289
8293,27311
8293,28371
8294,1699
8294,11573
8294,11639
8294,26404
8295,15696
8295,20258
8295,20428
8295,26027
8296,555
8296,1010
8296,2157
8296,14551
8297,4074
8297,6346
8297,22970
8297,23673
8298,6875
8298,21019
8298,27037
8298,27555
8299,10675
8299,12671
8299,16279
8299,26413
8300,4865
8300,8820
8300,12518
8300,22269
8301,7251
8301,11746
8301,12456
8301,24598
8302,9527
8302,9725
8302,17464
8302,17665
8303,7506
8304,2162
8304,16311
8304,19900
8304,27066
8305,4055
8305,15509
8305,17370
8305,23698
8306,274
8306,864
8306,13505
8306,16701
8307,180
8307,9138
8307,10269
8307,22811
8308,11633
8308,18093
8308,25754
8308,28185
8309,20477
8310,1370
8310,7208
8310,9917
8310,12470
8311,746
8311,7310
8311,9873
8311,16410
8312,5328
8312,22963
8312,25731
8312,28429
8313,4770
8313,10858
8313,12518
8313,21452
8314,1662
8314,7113
8314,14323
8314,14847
8315,15840
8315,17014
8315,19775
8315,23820
8316,9658
8316,10129
8316,11499
8316,24245
8317,2324
8317,3759
8317,17519
8317,23704
8318,7545
8318,10643
8318,15485
8318,28322
8319,6591
8319,8678
8319,23704
8319,23759
8320,3670
8320,14905
8320,19309
8320,22433
8321,3062
8321,20057
8321,24692
8321,24997
8322,1022
8322,5440
8322,15141
8322,19292
8323,819
8323,12797
8323,17014
8323,23820
8324,2997
8324,5666
8324,13908
8324,14126
8325,20026
8325,20971
8325,25573
8325,28094
8326,1637
8326,6669
8326,6713
8326,12081
8327,6007
8327,10071
8327,10838
8327,24885
8328,591
8328,1330
8328,6042
8328,27585
8329,3312
8329,8623
8329,9585
8329,18397
8330,6373
8330,9772
8330,9857
8330,22954
8331,2809
8331,2840
8331,9857
8331,21311
8332,2160
8332,3743
8332,6373
8332,22942
8333,11611
8333,13030
8333,15536
8333,15764
8334,1444
8334,11802
8334,16966
8334,26488
8335,4229
8335,10306
8335,19126
8335,23197
8336,6247
8336,8301
8336,24287
8336,25645
8337,1194
8337,20711
8338,5737
8338,16932
8338,20483
8338,28140
8339,4648
8339,17567
8339,24106
8339,24935
8340,5521
8340,12406
8340,22621
8340,26764
8341,3224
8341,21411
8341,22859
8341,27650
8342,4222
8342,14534
8342,18637
8342,27574
8343,6411
8343,8061
8343,12062
8343,21107
8344,14653
8344,14750
8344,14886
8344,26751
8345,983
8345,3536
8345,10298
8345,18643
8346,167
8346,9357
8346,12094
8346,27753
8347,2265
8347,5272
8347,18313
8347,23464
8348,4293
8348,5602
8348,11127
8348,27860
8349,3130
8349,7221
8349,13417
8349,14115
8350,1808
8350,3371
8350,11894
8350,12078
8351,1767
8351,21470
8351,25049
8351,27246
8352,3299
8352,4669
8352,8622
8352,17413
8353,18150
8353,23765
8353,27253
8353,28504
8354,4398
8354,14816
8354,19879
8354,24838
8355,40
8355,9307
8355,18553
8355,23974
8356,6342
8356,8894
8356,11030
8356,20795
8357,5592
8357,11538
8357,15555
8357,23880
8358,15124
8358,17521
8358,21539
8358,23294
8359,2512
8359,8312
8359,16834
8359,19535
8360,7017
8360,15574
8360,16057
8360,19490
8361,7862
8361,9268
8361,11034
8361,15561
8362,1958
8362,23583
8362,26494
8362,28446
8363,23
8363,4481
8363,10566
8363,17822
8364,22342
8365,9618
8365,15032
8365,25691
8365,27202
8366,5402
8366,9749
8366,17588
8366,22020
8367,188
8367,5143
8367,15806
8367,15931
8368,10352
8368,11019
8368,27245
8368,28211
8369,9357
8369,14690
8369,20665
8369,23386
8370,1719
8370,7259
8370,28225
8371,101
8371,1910
8371,20313
8371,20323
8372,387
8372,3657
8372,15906
8372,24047
8373,2775
8373,9170
8373,26478
8373,26567
8374,20002
8374,21383
8374,27779
8375,894
8375,11463
8375,13289
8375,25185
8376,14667
8376,18522
8376,20168
8376,22870
8377,7760
8377,8136
8377,16542
8377,23468
8378,7292
8378,10373
8378,19317
8378,23952
8379,5087
8379,12151
8379,15785
8379,23552
8380,5114
8380,8571
8380,12391
8380,16814
8381,9926
8381,11251
8381,16892
8381,26818
8382,1014
8382,4558
8382,15561
8382,17070
8383,2943
8383,4248
8383,17322
8383,17457
8384,5640
8384,13717
8384,16558
8384,20900
8385,2453
8385,11217
8385,26362
8385,28044
8386,2349
8386,8175
8386,14536
8386,28073
8387,3156
8387,12273
8387,24010
8387,24405
8388,4548
8388,23134
8388,25500
8388,27901
8389,20477
8390,3199
8390,11947
8390,13153
8390,17516
8391,1766
8391,4666
8391,9160
8391,16742
8392,7082
8392,10777
8392,11719
8392,28506
8393,27672
8394,34
8394,1174
8394,26272
8394,28299
8395,10579
8395,11954
8395,19334
8395,24882
8396,511
8396,1258
8396,16651
8396,17649
8397,5201
8397,12713
8397,15908
8397,25275
8398,3176
8398,8588
8398,14635
8398,23285
8399,13773
8399,14391
8399,19357
8399,26988
8400,11819
8400,14196
8400,14639
8400,20765
8401,4968
8401,7911
8401,9360
8401,19835
8402,1533
8402,8506
8402,13432
8402,18047
8403,27859
8404,4181
8404,6432
8404,8245
8404,13358
8405,848
8405,2569
8405,13905
8405,14784
8406,4181
8406,6432
8406,8245
8406,13358
8407,12490
8407,13496
8407,15673
8407,28063
8408,4991
8408,13659
8408,14952
8408,26124
8409,3476
8409,5521
8409,16368
8409,20214
8410,110
8410,11891
8410,22832
8410,25711
8411,6299
8411,9412
8411,22006
8411,26738
8412,4196
8412,16190
8412,16786
8412,23560
8413,6889
8413,7130
8413,9267
8413,15908
8414,15287
8414,15913
8414,16660
8414,27307
8415,475
8415,20035
8415,25008
8415,27270
8416,10356
8416,18517
8417,5097
8417,8742
8417,15580
8417,16532
8418,2473
8418,12381
8418,25027
8418,26531
8419,1677
8419,7032
8419,20331
8419,27858
8420,9315
8420,13050
8420,21522
8420,21633
8421,5465
8421,13999
8421,23551
8421,27900
8422,7523
8423,6958
8423,12609
8423,15023
8423,19279
8424,2743
8424,10545
8424,15666
8424,27560
8425,7623
8425,15582
8425,22740
8425,28262
8426,3120
8426,5120
8426,7361
8426,7707
8427,540
8427,2170
8427,16004
8427,16445
8428,4255
8428,11672
8428,14671
8428,15507
8429,20349
8429,24987
8429,26005
8430,8903
8430,9079
8430,13742
8430,27521
8431,1822
8431,9915
8431,15925
8431,21190
8432,6348
8432,14900
8432,18629
8432,26602
8433,17928
8433,20352
8433,23957
8433,24074
8434,10592
8434,13043
8434,17864
8434,24294
8435,1173
8435,3936
8435,9927
8435,27784
8436,4654
8436,15238
8436,18305
8436,19652
8437,2145
8437,14181
8437,21148
8437,27638
8438,19433
8439,2493
8439,9426
8439,11730
8439,27691
8440,4936
8440,17053
8440,21906
8440,28132
8441,3361
8441,3956
8441,8524
8441,16868
8442,675
8442,1403
8442,2653
8442,3076
8443,1381
8443,3430
8443,13785
8443,15405
8444,139
8445,377
8445,1774
8445,16010
8445,23854
8446,232
8446,2361
8446,20142
8446,21713
8447,746
8447,17612
8447,23177
8447,24657
8448,1530
8448,5074
8448,24860
8448,27191
8449,3197
8449,20554
8449,21165
8449,24425
8450,8636
8450,11668
8450,13692
8450,25979
8451,217
8451,6448
8451,8314
8451,18016
8452,9338
8452,15232
8452,21351
8452,24016
8453,7600
8453,12873
8453,14337
8453,28082
8454,3745
8454,12917
8454,13983
8454,23735
8455,2031
8455,14985
8455,19091
8455,27197
8456,4431
8456,4707
8456,18846
8456,27443
8457,3445
8457,12549
8457,14038
8457,25466
8458,17514
8458,18708
8458,23104
8458,25100
8459,6495
8459,9032
8459,18098
8459,28373
8460,3052
8460,24023
8460,25806
8460,27177
8461,9155
8461,13962
8461,17844
8461,24140
8462,2396
8462,12533
8462,15222
8462,27710
8463,608
8463,1189
8463,14367
8463,26141
8464,124
8464,170
8464,977
8464,18817
8465,4474
8465,7597
8465,10953
8465,13811
8466,6227
8466,10643
8466,17769
8466,21522
8467,9975
8467,12634
8467,16995
8467,23532
8468,1955
8468,5427
8468,12718
8468,17853
8469,3269
8470,374
8470,12908
8470,20182
8470,26189
8471,20477
8472,436
8472,978
8472,13998
8472,17056
8473,10893
8473,12782
8473,17754
8473,22726
8474,19956
8475,7996
8475,24982
8475,26057
8475,26403
8476,5804
8476,8420
8476,10403
8476,23999
8477,7252
8477,13050
8477,24626
8477,25643
8478,6839
8478,12744
8478,17129
8478,21711
8479,6941
8479,21462
8479,23276
8479,26445
8480,11203
8480,13050
8480,26039
8480,26139
8481,6366
8481,12247
8481,18684
8481,19125
8482,245
8482,10782
8482,15315
8482,16340
8483,1526
8483,10393
8483,23257
8483,27238
8484,1766
8484,7707
8484,12566
8484,20379
8485,5414
8485,21951
8485,24796
8486,8549
8486,16600
8486,19504
8486,20126
8487,23035
8488,5902
8488,10310
8488,12382
8488,24630
8489,12573
8489,17488
8489,23684
8489,26503
8490,4951
8490,20551
8490,20938
8490,24000
8491,94
8491,6306
8491,7954
8491,8382
8492,13932
8492,17708
8492,21742
8492,22106
8493,4151
8493,24638
8493,26147
8493,27440
8494,2446
8494,7834
8494,17278
8494,19743
8495,14486
8495,16243
8495,16902
8495,19320
8496,7311
8496,15305
8496,15496
8496,19305
8497,7479
8497,8442
8497,10810
8497,17597
8498,6347
8498,7069
8498,10223
8498,18490
8499,4181
8499,4805
8499,4968
8499,8245
8500,6140
8500,9499
8500,11885
8500,18640
8501,5299
8501,13586
8501,27406
8502,4859
8502,10431
8502,17130
8502,20542
8503,19505
8504,1552
8504,7088
8504,13996
8504,19343
8505,8334
8505,21026
8505,22388
8505,23672
8506,11906
8506,20214
8506,21859
8506,25656
8507,6560
8507,8190
8507,12368
8507,15306
8508,9075
8508,19804
8508,23426
8508,24215
8509,3334
8509,3873
8509,7217
8509,25185
8510,27237
8511,4491
8512,5027
8512,6747
8512,21025
8512,26491
8513,2973
8513,6518
8513,14489
8513,18117
8514,7163
8514,14216
8515,2635
8515,22009
8515,24232
8515,26130
8516,765
8516,5294
8516,20115
8516,24768
8517,1377
8517,4727
8517,18507
8517,23957
8518,2574
8518,4448
8518,17357
8518,19994
8519,4996
8519,13552
8519,17232
8519,22248
8520,2635
8520,5069
8520,7159
8520,24908
8521,2630
8522,2701
8522,11173
8522,11543
8522,16988
8523,383
8523,12383
8523,17835
8523,26752
8524,3341
8524,15380
8524,15894
8524,17395
8525,13266
8525,14071
8525,18276
8525,18811
8526,2075
8526,14674
8526,15000
8526,27776
8527,11000
8528,2133
8528,9305
8528,12004
8528,27564
8529,4483
8529,14104
8529,22782
8529,23931
8530,9473
8530,9549
8530,12037
8530,16955
8531,8303
8531,9701
8531,15332
8531,15406
8532,20477
8533,12127
8533,14070
8533,15817
8533,26968
8534,4892
8534,7858
8534,15941
8535,263
8535,1699
8535,8529
8535,13350
8536,8542
8536,11580
8536,14407
8536,26584
8537,4764
8537,13416
8537,19636
8537,20437
8538,1950
8538,2524
8538,24760
8538,25500
8539,1479
8539,16101
8539,18864
8539,26213
8540,4781
8540,14297
8540,17764
8540,19809
8541,1507
8541,2837
8541,4474
8541,16224
8542,814
8542,5775
8542,5967
8542,17108
8543,2353
8543,16232
8543,24125
8543,28079
8544,11066
8544,15871
8544,23953
8544,25279
8545,14536
8545,15628
8545,16177
8545,23121
8546,1211
8546,2490
8546,3120
8546,24714
8547,104
8547,6798
8547,21084
8547,28197
8548,3328
8548,15390
8548,16103
8548,25748
8549,10637
8549,22628
8549,28083
8550,4239
8550,4337
8550,16816
8550,20070
8551,195
8551,6155
8551,9144
8551,13750
8552,1533
8552,14255
8552,15076
8552,21737
8553,1467
8553,20532
8553,24525
8553,26439
8554,13698
8554,14884
8554,15852
8554,19504
8555,1111
8555,17608
8555,26499
8555,27639
8556,18307
8556,23634
8556,24079
8556,25238
8557,1658
8557,9490
8557,23115
8557,24048
8558,16230
8558,21645
8558,23261
8558,26567
8559,4054
8559,19057
8559,23416
8559,24721
8560,695
8560,9066
8560,16519
8560,27221
8561,15955
8561,16860
8561,21863
8561,26780
8562,7543
8562,21442
8562,21556
8562,27207
8563,4563
8563,5978
8563,25854
8563,26268
8564,1072
8564,1240
8564,16829
8564,16935
8565,4103
8565,12142
8565,17794
8565,22999
8566,2417
8566,11206
8566,17497
8566,17767
8567,949
8567,17018
8567,17669
8567,27851
8568,2626
8568,14124
8568,25941
8568,28450
8569,7604
8569,7879
8569,22419
8569,22721
8570,6257
8570,7423
8570,9090
8570,16370
8571,20477
8572,14276
8572,16510
8572,18929
8572,24266
8573,7716
8573,16796
8573,17203
8573,25864
8574,10597
8574,10636
8574,20620
8574,22058
8575,5107
8575,9187
8575,24840
8575,26823
8576,2320
8576,7457
8576,7470
8576,27034
8577,13480
8577,13704
8577,16848
8577,24911
8578,15269
8579,8517
8579,13600
8579,16632
8579,21185
8580,5864
8580,7849
8580,13049
8580,19529
8581,20477
8582,1702
8582,6260
8582,17809
8582,27804
8583,4
8583,607
8583,10588
8583,23932
8584,12957
8584,17330
8584,26555
8584,26912
8585,877
8585,16030
8585,23686
8585,24190
8586,564
8586,21606
8586,24429
8586,25274
8587,4069
8587,7379
8587,15292
8587,28345
8588,25152
8589,7283
8589,9694
8589,17934
8589,23147
8590,9024
8590,17375
8590,18986
8590,19335
8591,680
8591,10554
8591,17798
8591,23595
8592,2238
8592,11081
8592,19368
8592,27826
8593,2300
8593,2599
8593,12628
8593,22487
8594,1219
8594,14442
8594,21304
8594,24994
8595,7679
8595,9335
8595,21742
8595,24113
8596,16235
8596,20531
8596,25803
8596,28476
8597,20477
8598,58
8598,2672
8598,12709
8598,14472
8599,10714
8599,19074
8599,20539
8599,21022
8600,9814
8600,10534
8600,18375
8600,23788
8601,2548
8601,2582
8601,15381
8601,17552
8602,6341
8603,7396
8603,8197
8603,10427
8603,13478
8604,1644
8604,15820
8605,4894
8605,8186
8605,18686
8605,24333
8606,2481
8607,611
8607,1910
8607,5087
8607,22310
8608,1944
8608,13439
8608,20402
8608,24016
8609,1831
8609,11278
8609,12017
8609,25499
8610,4196
8610,4730
8610,14867
8610,19555
8611,8104
8612,9090
8612,20379
8612,22975
8612,24096
8613,10548
8613,18917
8613,24458
8613,27376
8614,3068
8614,12126
8614,22120
8614,24942
8615,7564
8615,17640
8615,22188
8615,25144
8616,4209
8616,7263
8616,15760
8616,18953
8617,24438
8618,5047
8618,6133
8618,7426
8618,18887
8619,2982
8619,7626
8619,10747
8619,18591
8620,9218
8620,9773
8620,10320
8620,11987
8621,6356
8621,7842
8621,11372
8621,24645
8622,2026
8622,4848
8622,17750
8622,23273
8623,6140
8623,18067
8623,22723
8623,27541
8624,12400
8624,21410
8624,21696
8624,22386
8625,4593
8625,7295
8625,7781
8625,25987
8626,6308
8626,23089
8626,23850
8626,26488
8627,5963
8627,6584
8627,22287
8627,25892
8628,4351
8628,11607
8628,22991
8628,26856
8629,7129
8629,23826
8629,24026
8629,28345
8630,6633
8630,10110
8630,20909
8630,21166
8631,15825
8631,17351
8632,7632
8632,14382
8632,21263
8632,26135
8633,6916
8633,12289
8633,21000
8633,24120
8634,3733
8634,4346
8634,26503
8634,27954
8635,14255
8635,16556
8635,21104
8635,24030
8636,6285
8636,7910
8636,14358
8636,18356
8637,6285
8637,7910
8637,14358
8637,27742
8638,7910
8638,14358
8638,21040
8638,25032
8639,6285
8639,7910
8639,14358
8639,25032
8640,6285
8640,7910
8640,14358
8640,21040
8641,26861
8642,134
8642,2500
8642,12862
8642,27998
8643,5902
8643,7910
8643,14358
8643,18356
8644,6285
8644,7910
8644,14358
8644,21040
8645,6285
8645,14085
8645,17393
8645,21909
8646,6285
8646,7910
8646,14358
8646,18356
8647,6285
8647,7910
8647,14358
8647,18356
8648,862
8648,16465
8648,17687
8648,18254
8649,12101
8649,14829
8649,24506
8649,26144
8650,6285
8650,18356
8650,21040
8650,25032
8651,339
8651,8493
8651,8759
8651,20237
8652,9858
8652,23512
8652,24004
8652,27169
8653,12451
8653,21463
8653,21977
8653,26718
8654,2321
8654,17548
8654,19770
8655,8191
8655,8326
8655,15043
8655,15584
8656,613
8656,9246
8656,13524
8656,19622
8657,19513
8657,20933
8657,23054
8657,26361
8658,7499
8658,15426
8658,18167
8658,21224
8659,4088
8659,13215
8659,21363
8659,27271
8660,1005
8660,1910
8660,11174
8660,14977
8661,1910
8661,20323
8661,24266
8661,24443
8662,1897
8662,4259
8662,12507
8662,24210
8663,5576
8663,7364
8663,8954
8663,21239
8664,1610
8664,14648
8665,1699
8665,4814
8665,20493
8665,23718
8666,8081
8666,15325
8666,20916
8666,22192
8667,363
8667,16063
8667,26326
8667,27697
8668,1940
8668,21348
8668,24964
8668,25868
8669,1291
8669,2326
8669,7178
8669,18067
8670,270
8670,6557
8670,12695
8670,27924
8671,1897
8671,4259
8671,25128
8672,1169
8672,1591
8672,7927
8672,27522
8673,1832
8673,5947
8673,24233
8673,26097
8674,8479
8674,11672
8674,24633
8674,27212
8675,2321
8675,10973
8675,22528
8675,25484
8676,2767
8676,3212
8676,18872
8676,26803
8677,20477
8678,15898
8678,17524
8678,18521
8679,26814
8680,2501
8680,4592
8680,18293
8680,18669
8681,7197
8681,7867
8681,22737
8681,25409
8682,5357
8682,16245
8682,19504
8682,27655
8683,677
8683,2566
8683,16436
8683,21522
8684,16974
8684,18654
8684,21998
8684,27769
8685,4843
8685,7499
8685,16835
8685,18823
8686,1127
8686,16177
8686,23599
8686,23698
8687,16093
8687,18243
8687,23232
8687,28266
8688,1379
8688,16164
8688,24055
8688,25228
8689,717
8689,2555
8689,18706
8689,19673
8690,856
8690,1066
8690,16788
8690,17360
8691,6776
8691,11190
8691,14325
8691,19002
8692,5033
8692,15200
8692,16164
8692,20233
8693,6152
8693,6226
8693,14714
8693,16093
8694,6721
8694,7821
8694,15684
8694,19508
8695,10837
8695,10959
8695,16117
8695,22955
8696,2093
8696,17365
8696,20856
8696,25698
8697,21813
8697,23118
8697,26566
8697,27211
8698,2200
8698,10936
8698,20032
8698,20759
8699,7236
8699,14714
8699,20032
8699,21095
8700,2440
8700,5122
8700,9504
8700,18896
8701,8386
8701,16160
8701,20082
8701,22957
8702,10703
8703,3321
8703,5668
8703,7106
8703,24631
8704,3198
8704,4422
8704,23426
8704,25483
8705,6206
8705,10279
8705,15727
8705,24508
8706,12601
8706,18917
8706,24696
8706,27777
8707,12621
8707,14050
8707,16580
8707,26443
8708,1149
8708,4116
8708,10786
8708,25226
8709,7174
8709,16316
8709,20010
8709,26641
8710,5704
8710,16779
8710,24312
8710,26135
8711,5685
8711,10400
8711,20372
8711,26275
8712,4584
8712,7283
8712,16724
8712,26705
8713,9441
8713,14971
8713,17459
8713,28481
8714,2662
8714,4445
8714,5557
8714,13432
8715,2456
8715,3289
8715,5501
8715,7608
8716,62
8716,14108
8716,14781
8716,16995
8717,13832
8717,17181
8717,22342
8717,26780
8718,17458
8718,19520
8718,22867
8718,23596
8719,3215
8719,7638
8719,7678
8719,21882
8720,5157
8720,8902
8720,21731
8720,27394
8721,1741
8721,5541
8721,19682
8721,21630
8722,2450
8722,4950
8722,19527
8722,19820
8723,9416
8723,22161
8723,22698
8723,28259
8724,5685
8724,21698
8725,8788
8725,12175
8725,18305
8725,24466
8726,5603
8726,6265
8726,13124
8726,24534
8727,644
8727,15411
8727,22939
8727,26237
8728,548
8728,16788
8728,20416
8728,22430
8729,1646
8729,5282
8729,10010
8730,165
8730,3425
8730,6491
8730,15009
8731,10746
8731,14401
8731,21190
8731,23152
8732,3806
8732,9075
8732,17203
8732,17452
8733,2708
8733,8270
8733,23883
8733,26451
8734,1291
8734,7626
8734,21077
8734,25332
8735,3792
8735,8538
8735,18810
8735,24925
8736,7018
8736,12996
8736,25917
8736,27862
8737,2326
8737,6533
8737,24725
8737,24935
8738,8873
8738,10814
8738,18931
8738,23079
8739,15434
8739,16344
8739,19014
8739,21982
8740,17346
8740,25436
8740,26037
8740,28407
8741,18821
8741,20094
8741,21875
8741,25406
8742,12302
8742,14740
8742,20120
8742,27297
8743,1910
8743,17118
8743,19378
8743,21928
8744,3302
8744,12297
8744,19223
8744,26072
8745,3754
8745,6647
8745,8928
8745,15538
8746,863
8746,5521
8746,11373
8746,20890
8747,5952
8747,6762
8747,14426
8747,16450
8748,256
8748,4675
8748,11222
8748,13615
8749,7491
8749,15553
8749,15650
8749,15989
8750,2084
8750,5919
8751,455
8751,4517
8751,8015
8751,21204
8752,17501
8752,17644
8752,18241
8752,18423
8753,2978
8753,8279
8753,13979
8753,22908
8754,3158
8754,11082
8754,15300
8754,25921
8755,8303
8755,14061
8755,15022
8755,17836
8756,3794
8756,7491
8756,11792
8756,27337
8757,2084
8758,20477
8759,11567
8759,15530
8759,22077
8759,28138
8760,4212
8760,14910
8760,17477
8760,19942
8761,4411
8761,20052
8762,5510
8762,6868
8762,9674
8762,16549
8763,20477
8764,814
8764,857
8764,4557
8764,7806
8765,20477
8766,3448
8766,15905
8766,23404
8767,21043
8767,21533
8767,25295
8767,28134
8768,13536
8768,23165
8768,27666
8768,28256
8769,2824
8769,4156
8769,5580
8769,21905
8770,6431
8770,7268
8770,21526
8770,24212
8771,649
8771,5179
8771,8855
8771,25763
8772,17780
8773,7612
8773,12814
8773,22495
8773,28011
8774,20477
8775,19459
8775,19927
8775,19993
8775,26490
8776,5214
8776,5741
8776,22022
8776,28106
8777,20477
8778,899
8778,3146
8778,5958
8778,28177
8779,24088
8780,2628
8780,17691
8780,20789
8780,22344
8781,1581
8781,9117
8781,16316
8781,18561
8782,17082
8782,25577
8782,25861
8782,26684
8783,7972
8783,9427
8783,10758
8783,13295
8784,194
8784,4355
8784,4569
8784,8210
8785,4722
8785,6881
8785,10141
8785,22125
8786,3381
8786,5552
8786,25791
8786,28130
8787,4832
8787,15413
8787,18870
8787,28155
8788,1908
8788,3430
8788,17424
8788,27379
8789,2926
8789,6847
8789,12365
8789,18257
8790,288
8790,2733
8790,5094
8790,18640
8791,16546
8791,22541
8791,27289
8791,28405
8792,3314
8792,5926
8792,6824
8792,8155
8793,8561
8793,9584
8793,15609
8793,26708
8794,5928
8794,7750
8794,11161
8794,16342
8795,5060
8795,14588
8795,24217
8795,26373
8796,9760
8796,10608
8796,14686
8796,18324
8797,3718
8797,11299
8797,16498
8797,25685
8798,6460
8798,10748
8798,15453
8798,19483
8799,7388
8799,7396
8799,14259
8799,19526
8800,3709
8801,5180
8801,18462
8801,19484
8801,23515
8802,3613
8802,5783
8802,7133
8802,9137
8803,6962
8803,8302
8803,9451
8803,22181
8804,11972
8804,17546
8804,18274
8804,22569
8805,14708
8806,6650
8806,15938
8806,18526
8806,23808
8807,6650
8807,15938
8807,18526
8807,23808
8808,2602
8808,18339
8808,24051
8808,28178
8809,2469
8809,11870
8809,15549
8809,17350
8810,1023
8810,10015
8810,11126
8810,23016
8811,270
8811,1085
8811,4998
8811,16208
8812,8862
8812,18311
8812,22027
8812,28450
8813,7442
8813,12350
8813,12430
8813,23674
8814,5537
8814,20105
8814,20945
8814,27965
8815,1856
8815,11967
8815,13237
8815,26531
8816,4966
8816,8226
8816,23538
8816,25662
8817,4253
8817,5402
8817,12182
8817,23722
8818,5674
8818,6310
8818,7589
8818,15022
8819,17129
8819,17593
8819,21394
8819,25887
8820,696
8820,5052
8820,6819
8820,20303
8821,6269
8822,3445
8822,7786
8822,10113
8822,16565
8823,5502
8823,16166
8823,16534
8823,28208
8824,11712
8824,17851
8824,18497
8824,23641
8825,4091
8825,5880
8825,19116
8825,25936
8826,1064
8826,2593
8826,9685
8826,21160
8827,2701
8827,10921
8827,13632
8827,24868
8828,3752
8828,10156
8828,17520
8828,19135
8829,61
8829,15520
8829,19458
8829,23899
8830,1279
8830,11158
8830,24070
8831,1726
8831,18423
8831,20882
8831,25810
8832,2406
8832,10597
8832,14504
8832,23188
8833,3155
8833,6569
8833,20979
8833,23039
8834,3051
8834,7429
8834,16715
8834,18685
8835,20477
8836,11186
8836,13068
8836,15702
8836,17876
8837,8156
8837,10056
8837,17329
8837,22690
8838,1159
8838,1540
8838,15323
8838,20530
8839,2402
8839,14858
8839,21413
8839,28035
8840,1101
8840,14693
8840,20439
8840,23165
8841,124
8841,2438
8841,15672
8841,23922
8842,7129
8842,15955
8842,16947
8842,20416
8843,8702
8843,11273
8843,19732
8843,24901
8844,5088
8844,10995
8844,12276
8844,20585
8845,11805
8846,19350
8847,1291
8847,4844
8847,6860
8847,18328
8848,3594
8848,3639
8848,20608
8848,22713
8849,12503
8849,13233
8849,22775
8849,28128
8850,12183
8850,19187
8850,21105
8850,27005
8851,2178
8851,12839
8851,19098
8851,19980
8852,7936
8852,10995
8852,12433
8852,23221
8853,12113
8853,17009
8853,22042
8853,24119
8854,8325
8854,26253
8854,28106
8854,28484
8855,4988
8855,6381
8855,10451
8855,14563
8856,8207
8856,14231
8856,14389
8856,19545
8857,10687
8857,13735
8857,16428
8857,26207
8858,2037
8858,12310
8858,15088
8858,22871
8859,785
8859,17531
8859,26583
8859,28028
8860,3594
8860,21328
8860,25761
8860,27033
8861,104
8861,11064
8861,17600
8861,20393
8862,7944
8862,13027
8862,26124
8862,26907
8863,10210
8863,11569
8863,12219
8863,17100
8864,13688
8864,16927
8865,5046
8865,7089
8865,17795
8865,24037
8866,9022
8866,15963
8866,21596
8866,23573
8867,6945
8867,9398
8867,14139
8867,17122
8868,18
8868,20888
8868,21245
8868,28494
8869,278
8869,1865
8869,13278
8869,23767
8870,5107
8870,9621
8870,10670
8870,28377
8871,5428
8871,12652
8871,15443
8871,21427
8872,109
8872,6923
8872,12815
8872,14312
8873,1858
8873,4565
8873,10420
8873,21217
8874,552
8874,2735
8874,23065
8874,24081
8875,20477
8876,2376
8876,13737
8876,14917
8876,26855
8877,20477
8878,1730
8878,3496
8878,12754
8878,15111
8879,8550
8879,13155
8879,16348
8879,17359
8880,397
8880,22267
8880,25592
8880,27558
8881,1910
8881,13953
8881,24547
8881,26848
8882,6869
8882,10910
8882,15750
8882,16034
8883,7365
8883,8692
8883,9921
8883,28419
8884,4271
8884,8031
8884,11212
8884,11358
8885,1147
8885,12957
8885,19533
8885,24443
8886,1007
8886,2359
8886,12788
8886,19984
8887,1314
8887,5144
8887,5986
8887,16660
8888,2493
8888,22448
8889,1785
8889,10200
8889,14400
8889,21761
8890,11171
8890,13774
8890,24854
8890,26140
8891,13270
8891,16609
8891,22417
8891,28283
8892,17459
8892,19039
8892,19369
8892,26745
8893,2705
8893,16774
8893,17895
8893,18887
8894,7308
8894,26303
8894,27454
8895,6697
8895,12946
8895,19647
8895,22039
8896,10725
8896,14051
8896,19654
8896,27583
8897,9188
8897,16193
8897,21694
8898,7660
8898,13862
8898,20902
8898,25555
8899,6342
8899,13759
8899,22472
8899,25329
8900,15091
8900,16934
8900,23611
8900,27469
8901,4747
8901,6926
8901,8769
8901,25732
8902,38
8902,4412
8902,15174
8902,24922
8903,292
8903,12639
8903,18734
8903,24922
8904,4237
8904,8547
8904,26448
8904,27045
8905,2562
8905,7826
8905,14744
8905,23413
8906,1559
8906,3860
8906,11920
8906,25203
8907,3903
8907,9314
8907,14515
8907,16386
8908,100
8908,5978
8908,6019
8908,15996
8909,3032
8909,7654
8909,19284
8909,26038
8910,610
8910,5304
8910,10187
8910,17295
8911,6860
8911,7765
8911,8035
8911,21794
8912,20477
8913,1898
8913,25180
8914,333
8914,1493
8914,20403
8914,27187
8915,14543
8916,20477
8917,4287
8917,13965
8917,22331
8917,23390
8918,2561
8918,4629
8918,15674
8918,18877
8919,3387
8919,8993
8919,10707
8919,14559
8920,1945
8920,14176
8920,24092
8920,28217
8921,6397
8921,8685
8921,19746
8921,22274
8922,240
8922,6652
8922,8390
8922,24748
8923,4183
8923,5356
8923,10576
8923,16951
8924,16819
8924,22127
8924,27824
8924,28519
8925,13261
8925,17606
8925,19343
8925,24888
8926,8614
8926,11194
8926,15494
8926,19549
8927,10432
8927,11403
8927,18930
8927,26650
8928,5752
8928,8785
8928,24442
8928,25984
8929,547
8929,689
8929,18574
8929,19593
8930,21587
8930,21742
8931,1173
8931,20229
8931,21973
8931,26848
8932,1907
8932,4380
8932,8251
8932,12068
8933,5259
8933,10036
8933,26179
8933,26227
8934,9547
8934,13263
8934,24027
8935,6382
8935,13651
8935,16858
8935,19330
8936,4248
8936,13842
8936,16511
8936,23164
8937,3109
8937,8568
8937,15863
8937,21252
8938,2064
8938,15360
8938,17188
8938,17195
8939,4961
8939,8224
8939,10411
8939,11110
8940,1032
8940,8016
8940,8715
8940,13848
8941,1484
8941,1908
8941,9158
8941,25533
8942,3628
8942,6381
8942,10198
8942,28107
8943,724
8943,15135
8943,20421
8943,24928
8944,11448
8944,17247
8944,18365
8944,27546
8945,9221
8945,22158
8945,24142
8945,27719
8946,14077
8946,15135
8946,15888
8946,22975
8947,1116
8947,16139
8947,18991
8947,23351
8948,3089
8948,6733
8948,10584
8948,22642
8949,3165
8949,7664
8949,17347
8949,22201
8950,8971
8950,9232
8950,17799
8950,18652
8951,9281
8951,9315
8951,13404
8951,25688
8952,14978
8952,15217
8952,17395
8952,19044
8953,69
8953,5670
8953,19608
8953,21088
8954,748
8954,8685
8954,18887
8954,26863
8955,3435
8955,10868
8956,7546
8957,8661
8957,21018
8957,21976
8957,22858
8958,2768
8958,13948
8958,21603
8958,23537
8959,23230
8960,1019
8960,18867
8960,22897
8960,23664
8961,3112
8961,9664
8961,12536
8961,18006
8962,7170
8962,11300
8962,12915
8962,13932
8963,12104
8963,15826
8963,16874
8963,20526
8964,7665
8964,14807
8964,16522
8964,21268
8965,4218
8965,8602
8965,13141
8965,26372
8966,13930
8966,15485
8966,23261
8966,24037
8967,23866
8968,7359
8968,14219
8968,16791
8968,27852
8969,6284
8969,14576
8969,15111
8969,18136
8970,17813
8970,18237
8970,20530
8970,23646
8971,3116
8971,5653
8971,6009
8971,27581
8972,431
8972,1484
8972,13315
8972,21470
8973,921
8973,6493
8973,10545
8973,26233
8974,11998
8974,15233
8974,17968
8974,25735
8975,10685
8975,10857
8975,11366
8975,24639
8976,2812
8976,4988
8976,9017
8976,23940
8977,9737
8977,14434
8977,17802
8977,24569
8978,5094
8978,8077
8978,11716
8978,24721
8979,2046
8979,4386
8979,17760
8979,19515
8980,11989
8980,19956
8981,11989
8981,19956
8982,4263
8982,7076
8982,22743
8982,23207
8983,10771
8983,15464
8983,20717
8983,25265
8984,1191
8984,15415
8984,20208
8984,22842
8985,7691
8985,13665
8985,20539
8985,22318
8986,7691
8986,13665
8986,20539
8986,22318
8987,110
8987,252
8987,454
8987,4324
8988,23580
8989,25501
8990,11035
8990,15626
8990,16714
8990,25135
8991,7997
8991,15775
8991,15985
8991,26043
8992,6780
8992,13069
8992,26150
8992,26181
8993,10097
8993,20530
8993,22003
8993,23204
8994,22544
8995,2337
8995,5888
8995,9615
8995,21016
8996,7566
8996,10860
8996,14056
8996,21279
8997,830
8997,1170
8997,6421
8997,18964
8998,9554
8998,16903
8998,19229
8998,19292
8999,1735
8999,8911
8999,11916
8999,27076
9000,4406
9000,5746
9000,9431
9000,15866
9001,2076
9001,9851
9001,10184
9001,13428
9002,3718
9002,5549
9002,18386
9002,28050
9003,7883
9003,7945
9003,13318
9003,13470
9004,5905
9004,18442
9004,23133
9004,23866
9005,6893
9005,18760
9005,20401
9005,21919
9006,19573
9006,20940
9007,7295
9007,11469
9007,13288
9007,20890
9008,6942
9008,13960
9008,21454
9008,27522
9009,8094
9009,11001
9009,26752
9009,27924
9010,6495
9010,6760
9011,11469
9011,18641
9011,25152
9011,27244
9012,658
9012,5244
9012,9370
9012,24606
9013,4371
9013,4565
9013,14193
9013,24054
9014,4638
9014,5028
9014,21210
9014,26692
9015,4381
9015,6213
9015,7310
9015,14313
9016,2248
9016,11898
9016,12385
9016,27235
9017,7892
9017,19644
9017,23019
9017,25408
9018,292
9018,8359
9018,8477
9018,28082
9019,10733
9019,12696
9019,15502
9019,18200
9020,1379
9020,2676
9020,12193
9020,25789
9021,3120
9021,13188
9021,18319
9021,21499
9022,1242
9022,1993
9022,11528
9022,14600
9023,26056
9024,23279
9025,18627
9025,19197
9026,6911
9026,13063
9026,13546
9026,20830
9027,6471
9027,7349
9027,16368
9027,18580
9028,13574
9028,16368
9028,17427
9028,21756
9029,13209
9029,14305
9029,25434
9029,25557
9030,8223
9030,11001
9030,17600
9030,20349
9031,2585
9031,8261
9031,16876
9032,5750
9032,24837
9032,27070
9032,28198
9033,13574
9033,15474
9033,16654
9033,24104
9034,12561
9034,12611
9034,23027
9034,28152
9035,2111
9035,8954
9035,15090
9035,16090
9036,9066
9036,17465
9036,23939
9036,28492
9037,6647
9037,11092
9037,11418
9037,27897
9038,1715
9038,4400
9038,15485
9038,16916
9039,5457
9040,10293
9040,20528
9040,22044
9040,24183
9041,4644
9041,17697
9041,21611
9041,25794
9042,3131
9042,4728
9042,15349
9042,17931
9043,5589
9043,10025
9043,11793
9043,20262
9044,6188
9044,6458
9044,14861
9044,16646
9045,6957
9045,10632
9045,13118
9045,21671
9046,639
9046,4190
9046,6833
9046,23066
9047,667
9047,11085
9047,13425
9047,14612
9048,23207
9049,3390
9049,7178
9049,23798
9049,27523
9050,9223
9050,14385
9050,16367
9050,16707
9051,2484
9051,8810
9051,10834
9051,15234
9052,1670
9052,5841
9052,16532
9052,23004
9053,5116
9053,5586
9053,8190
9053,28106
9054,2321
9054,3522
9054,13123
9054,26920
9055,8203
9055,10094
9055,19636
9055,19814
9056,10428
9056,12021
9056,16350
9056,23446
9057,2384
9057,9564
9057,14283
9057,15972
9058,4639
9058,6381
9058,10333
9058,26871
9059,2092
9060,10704
9060,16067
9060,21336
9060,21870
9061,9747
9061,25750
9061,27342
9061,28407
9062,13870
9062,21956
9062,23383
9062,25810
9063,4571
9063,8921
9063,23854
9063,24016
9064,4016
9064,6310
9064,16644
9064,21957
9065,1080
9065,13891
9065,16434
9065,18204
9066,4644
9066,17697
9066,21611
9066,25794
9067,9699
9067,11154
9067,22741
9067,23834
9068,16715
9068,16904
9068,17188
9068,18897
9069,11778
9069,17996
9069,20010
9069,23893
9070,115
9070,873
9070,5207
9070,6337
9071,2657
9071,5502
9071,6850
9071,12210
9072,536
9072,3883
9072,8978
9072,21425
9073,536
9073,7054
9073,7180
9073,28394
9074,26126
9075,9113
9075,11473
9075,12166
9075,21866
9076,4996
9076,9389
9076,19518
9076,26258
9077,918
9077,6021
9077,12276
9077,19199
9078,1774
9078,6310
9078,19006
9078,19175
9079,1159
9079,14639
9079,18307
9079,26710
9080,1766
9080,9034
9080,14235
9080,28161
9081,13771
9081,25266
9082,1045
9082,11552
9082,15340
9082,19537
9083,9126
9083,13506
9083,14639
9083,20000
9084,539
9084,20795
9084,22392
9084,22472
9085,3466
9085,6342
9085,6732
9085,6839
9086,13107
9086,15266
9086,17733
9086,28382
9087,10245
9087,15240
9087,23116
9087,26699
9088,9211
9088,15495
9088,22947
9088,24069
9089,245
9089,1746
9089,13534
9089,27907
9090,15875
9090,16792
9090,18054
9090,27620
9091,10559
9091,11916
9091,22974
9091,23291
9092,9736
9092,15786
9092,20148
9092,28122
9093,24
9093,2083
9093,6886
9093,26763
9094,4136
9094,6619
9094,11547
9094,22309
9095,4805
9095,12675
9095,20955
9095,22137
9096,5560
9096,9410
9096,26614
9096,27086
9097,5491
9097,8943
9097,17901
9097,23595
9098,4883
9098,19856
9098,20262
9098,25987
9099,4006
9099,16200
9099,16329
9099,19404
9100,6867
9100,17375
9100,23997
9101,86
9101,4890
9101,14151
9101,15075
9102,1712
9102,4202
9102,18897
9102,26583
9103,7911
9103,10559
9103,16270
9103,16854
9104,12606
9104,19518
9104,19982
9104,28128
9105,1796
9105,18070
9105,22199
9105,23901
9106,104
9106,3418
9106,3648
9106,5141
9107,3652
9107,10431
9107,19526
9107,28147
9108,2528
9108,9853
9108,16819
9108,16824
9109,10192
9109,10598
9109,19749
9109,25844
9110,7297
9110,10694
9110,11527
9110,25987
9111,1883
9111,8359
9111,26372
9111,28082
9112,25984
9113,104
9113,2144
9113,11527
9113,17600
9114,5734
9114,6793
9114,9919
9114,25197
9115,6645
9115,16051
9115,18164
9115,20803
9116,3390
9116,11547
9116,16474
9116,26752
9117,25
9117,16213
9117,20154
9117,27001
9118,863
9118,8165
9118,8470
9118,28152
9119,4175
9119,9163
9119,17403
9119,19473
9120,545
9120,8806
9120,17394
9120,19048
9121,1291
9121,2326
9121,14708
9121,18067
9122,2414
9122,6971
9122,10044
9122,25406
9123,1110
9123,1600
9123,9193
9123,13491
9124,1272
9124,12515
9124,23579
9124,25613
9125,500
9125,16835
9125,26752
9125,27824
9126,6557
9126,10947
9126,19948
9126,20661
9127,11638
9127,16152
9127,20129
9127,20393
9128,8943
9128,17798
9128,19343
9128,22714
9129,4890
9129,12116
9129,15075
9129,27475
9130,8359
9130,12113
9130,12150
9130,18989
9131,144
9131,2585
9131,11615
9132,8840
9132,13943
9132,17261
9132,25088
9133,14708
9133,16835
9133,18227
9133,24935
9134,1288
9134,4538
9134,10368
9134,19970
9135,12660
9135,21525
9135,23586
9135,24159
9136,7214
9136,7584
9136,23606
9136,27306
9137,2528
9137,9853
9137,16819
9137,16824
9138,6524
9138,9895
9138,17141
9138,26219
9139,5790
9139,13464
9139,15711
9140,1965
9140,2848
9140,9534
9140,21842
9141,4054
9141,19584
9141,23606
9141,25195
9142,1873
9142,6362
9142,8889
9142,22501
9143,1873
9143,6362
9143,8889
9143,22501
9144,7118
9144,17239
9144,17517
9144,26713
9145,6743
9146,11754
9146,13102
9146,25725
9146,27256
9147,5661
9147,6019
9147,25420
9147,26445
9148,2568
9148,10376
9148,19066
9148,20349
9149,13260
9149,14286
9149,19749
9149,23216
9150,11028
9150,13492
9150,21291
9150,24593
9151,725
9151,2747
9151,3299
9151,27363
9152,3099
9152,23216
9152,26219
9152,26402
9153,10971
9153,14481
9153,17327
9153,21920
9154,9987
9154,15587
9154,19119
9154,27232
9155,4293
9155,5602
9155,11127
9155,27860
9156,28346
9157,1079
9157,9991
9157,20480
9157,23244
9158,20477
9159,859
9159,11022
9159,21977
9159,24721
9160,6229
9160,12383
9160,17690
9160,21512
9161,3595
9161,3887
9161,6676
9161,9018
9162,2406
9162,6653
9162,7263
9162,26300
9163,288
9163,14640
9163,26752
9163,26766
9164,500
9164,4876
9164,13604
9164,21977
9165,2341
9165,6524
9165,12816
9165,21588
9166,27653
9167,3615
9167,8867
9167,13552
9167,26575
9168,1931
9168,13978
9168,16086
9168,20317
9169,7263
9169,8582
9169,18681
9169,26965
9170,8152
9170,9860
9170,15253
9170,19749
9171,7025
9171,7386
9171,11917
9171,28404
9172,10961
9172,12898
9172,22723
9172,25987
9173,8810
9173,10221
9173,16172
9173,24275
9174,13977
9174,16398
9174,18993
9174,23368
9175,8069
9175,12709
9175,15719
9175,24919
9176,5175
9176,10532
9176,24581
9176,27952
9177,9354
9177,12709
9177,18146
9177,20604
9178,20477
9179,2393
9179,3572
9179,8477
9179,24785
9180,2945
9180,11234
9180,27743
9180,27892
9181,6238
9181,21597
9181,27076
9181,27532
9182,1131
9182,3109
9182,7458
9182,17968
9183,20477
9184,1598
9184,8319
9184,9766
9184,20352
9185,2155
9185,2217
9185,25564
9185,26841
9186,115
9186,873
9186,15484
9186,19746
9187,5158
9187,12854
9187,23619
9187,28057
9188,4828
9188,8007
9188,11907
9188,19363
9189,10347
9189,13864
9189,15784
9189,23111
9190,9056
9190,13371
9190,13401
9190,18955
9191,6174
9191,15893
9191,20558
9191,23412
9192,19737
9193,1651
9193,5329
9193,7106
9193,15682
9194,10099
9194,13523
9194,17792
9194,27365
9195,3157
9195,8855
9195,13760
9195,26582
9196,15069
9196,15960
9196,18913
9196,24287
9197,1794
9197,8895
9197,18887
9197,26712
9198,987
9198,15016
9198,16825
9198,19206
9199,10098
9199,10320
9199,21544
9199,26049
9200,1330
9200,4825
9200,12450
9200,23716
9201,25548
9202,2785
9203,9226
9203,14452
9203,14535
9203,18307
9204,1016
9204,1807
9204,2410
9204,8427
9205,4815
9205,14782
9205,18766
9205,27738
9206,13323
9206,18224
9206,21789
9206,28313
9207,7376
9207,12807
9207,20993
9207,25443
9208,19328
9209,1131
9209,1302
9209,10198
9209,21549
9210,1708
9210,15379
9210,17085
9210,24443
9211,1488
9211,4901
9211,13725
9211,21998
9212,5139
9212,5298
9212,9865
9212,11006
9213,16690
9213,17998
9213,23087
9213,26567
9214,976
9214,14353
9214,17339
9214,26448
9215,12400
9215,21410
9215,21696
9215,22386
9216,1159
9216,3971
9216,8415
9216,16090
9217,12400
9217,21410
9217,21696
9217,22386
9218,12400
9218,21410
9218,21696
9218,22386
9219,904
9219,6151
9219,7562
9219,13050
9220,863
9220,10044
9220,12709
9220,22823
9221,12400
9221,21410
9221,21696
9221,22386
9222,1766
9222,11401
9222,14298
9222,22416
9223,11370
9223,12142
9223,13678
9223,23740
9224,9650
9224,10195
9224,11287
9224,13066
9225,5365
9225,20575
9225,23814
9225,27875
9226,13352
9226,16742
9226,19497
9226,24177
9227,3861
9227,13734
9227,19280
9227,21528
9228,1892
9228,2255
9228,7438
9228,8485
9229,5576
9229,14238
9229,21078
9229,23087
9230,5303
9230,13472
9230,25227
9230,26993
9231,6890
9231,15241
9231,23416
9231,23606
9232,3834
9232,9063
9232,24386
9232,25778
9233,6905
9233,11188
9233,23654
9233,24227
9234,5440
9234,11002
9234,15520
9234,26258
9235,2616
9235,11276
9235,20701
9235,27593
9236,695
9236,3697
9236,20501
9236,27631
9237,15623
9237,23157
9237,26065
9237,26739
9238,2609
9238,8981
9238,9367
9238,10083
9239,15444
9239,17732
9239,18567
9239,26592
9240,1841
9240,2533
9240,8981
9240,17693
9241,15682
9241,20593
9241,24174
9241,27033
9242,3852
9242,5568
9242,19716
9242,26848
9243,4555
9243,12168
9243,17106
9243,26349
9244,4565
9244,15412
9244,22772
9244,24266
9245,2554
9245,4565
9245,8170
9245,12100
9246,5394
9246,6824
9246,9146
9246,11699
9247,4788
9247,6824
9247,7020
9247,10059
9248,1880
9248,6824
9248,6968
9248,10171
9249,13580
9249,14494
9249,17106
9249,22420
9250,14547
9250,21838
9250,22369
9250,24968
9251,16592
9251,21284
9251,23712
9251,26176
9252,16409
9252,20393
9252,24482
9252,28401
9253,577
9253,2609
9253,6070
9253,9746
9254,28452
9255,2577
9255,5453
9255,21676
9255,25861
9256,6814
9256,7850
9256,19793
9256,22248
9257,1910
9257,12487
9257,21140
9257,22977
9258,7788
9258,16939
9258,20928
9258,26925
9259,8702
9259,11273
9259,19732
9259,24901
9260,9083
9260,11002
9260,12144
9260,22408
9261,2531
9261,15175
9261,16962
9261,27351
9262,2887
9262,5631
9262,24291
9262,25807
9263,11647
9263,20144
9263,25085
9263,27988
9264,2439
9264,15722
9264,22289
9264,28285
9265,1404
9265,3233
9265,5221
9265,8525
9266,7819
9266,17726
9266,18229
9266,23347
9267,2303
9267,7755
9267,11067
9267,18638
9268,3719
9268,10857
9268,17730
9268,24768
9269,3225
9269,10545
9269,14444
9269,19188
9270,9157
9270,14622
9270,22068
9270,23837
9271,4150
9271,6821
9271,19148
9271,21523
9272,998
9272,3901
9272,14558
9272,24702
9273,3794
9273,4964
9273,14648
9273,23892
9274,829
9274,7157
9274,20341
9274,20530
9275,9831
9275,14850
9275,23614
9275,23740
9276,3802
9276,18982
9276,19513
9276,19908
9277,7059
9277,11142
9277,17606
9277,21155
9278,6371
9278,19834
9278,25577
9278,26181
9279,8605
9279,9039
9279,21114
9279,25623
9280,26345
9281,7736
9281,9063
9281,13584
9281,17562
9282,20477
9283,18975
9283,19204
9283,19650
9283,19865
9284,5696
9284,10916
9284,17781
9284,18773
9285,409
9285,3502
9285,22787
9285,23301
9286,6310
9286,10269
9286,13897
9286,22478
9287,14839
9287,17445
9287,21928
9287,25078
9288,20477
9289,5956
9289,6745
9289,8646
9289,16628
9290,1783
9290,6079
9290,10691
9290,22160
9291,5453
9291,7679
9291,12465
9291,23301
9292,746
9292,1497
9292,11732
9292,16746
9293,5502
9293,11774
9293,12345
9293,28407
9294,8795
9295,4641
9295,7144
9295,21358
9295,26731
9296,10012
9296,12674
9296,16172
9296,27725
9297,1651
9297,12201
9297,14535
9297,16405
9298,1956
9298,16704
9298,19109
9298,24850
9299,1774
9299,16639
9299,21042
9299,25810
9300,735
9300,6061
9300,9230
9300,25532
9301,1698
9301,5388
9301,22499
9301,28241
9302,3445
9302,7786
9302,10113
9302,16565
9303,5573
9303,15362
9303,21295
9303,26567
9304,12419
9304,13483
9304,14254
9304,26666
9305,324
9305,3040
9305,21186
9305,27441
9306,20477
9307,4768
9307,13113
9307,15373
9307,19962
9308,680
9308,2649
9308,5067
9308,17049
9309,16851
9309,18336
9309,22978
9309,26390
9310,2890
9310,4749
9310,5499
9310,22194
9311,3546
9311,14129
9311,16996
9311,23736
9312,1053
9312,1480
9312,4322
9312,28460
9313,3555
9314,1991
9314,13552
9314,20252
9314,20332
9315,12719
9315,18882
9315,25534
9315,25993
9316,3762
9316,7672
9316,25658
9316,28534
9317,12545
9317,14538
9317,24923
9317,28039
9318,13829
9319,2897
9319,4158
9319,19261
9319,24206
9320,746
9320,928
9320,8327
9320,25597
9321,829
9321,16635
9321,20530
9321,26844
9322,4402
9322,13544
9322,19517
9322,20222
9323,829
9323,7978
9323,9460
9323,18379
9324,1304
9324,15645
9324,16047
9324,26712
9325,2673
9325,4416
9325,9786
9325,13231
9326,12345
9326,17005
9326,24282
9326,25207
9327,64
9327,189
9327,19855
9327,24545
9328,2223
9328,7318
9328,14272
9328,20618
9329,17403
9330,9339
9330,15100
9330,23207
9330,25231
9331,4171
9331,5699
9331,25230
9331,27706
9332,11584
9332,22274
9332,24933
9332,25639
9333,11067
9333,15868
9333,19097
9333,21212
9334,5758
9334,8385
9334,10008
9334,20877
9335,14801
9335,15917
9336,4723
9336,4858
9336,13483
9336,24236
9337,4080
9337,7727
9337,13485
9337,14397
9338,7448
9339,8466
9339,12432
9339,17541
9339,27636
9340,2712
9340,5340
9340,7481
9340,9996
9341,1016
9341,1807
9341,21548
9341,27497
9342,1257
9342,3865
9342,4736
9342,14766
9343,1835
9343,7110
9343,9179
9343,23225
9344,4417
9344,8077
9344,9609
9344,14624
9345,18148
9345,21917
9345,22262
9345,26961
9346,2775
9346,9368
9346,15520
9346,18897
9347,15022
9347,17439
9347,23832
9347,27432
9348,3442
9348,14104
9348,24662
9348,27522
9349,3566
9349,5154
9349,9868
9349,20873
9350,748
9350,6887
9350,13371
9350,19175
9351,4370
9351,9555
9351,10593
9351,27650
9352,3396
9352,4688
9352,27387
9352,28426
9353,3580
9353,6730
9353,10120
9353,16316
9354,9705
9354,13857
9354,19786
9354,20593
9355,7992
9355,12504
9355,14238
9355,24646
9356,4199
9356,17188
9356,20500
9356,26945
9357,3233
9357,5576
9357,15570
9357,16493
9358,1308
9358,5654
9358,7430
9358,27660
9359,6307
9359,21653
9359,21668
9359,27107
9360,2211
9360,11207
9360,12651
9360,16260
9361,17021
9361,17045
9361,20610
9361,22521
9362,8775
9362,13170
9362,15231
9362,27146
9363,9645
9363,11780
9363,22904
9363,25600
9364,9149
9364,12212
9364,21022
9364,22391
9365,4628
9365,7215
9365,15127
9365,26644
9366,23857
9367,4870
9367,12013
9367,18806
9367,25194
9368,4480
9368,11833
9368,23374
9368,25054
9369,11759
9369,12019
9369,13369
9369,21306
9370,8626
9370,16766
9370,20691
9370,26920
9371,18100
9371,19225
9371,23251
9371,26828
9372,675
9372,5370
9372,10401
9372,17514
9373,598
9373,3639
9373,15364
9373,28053
9374,5294
9374,20115
9374,21779
9374,24768
9375,16146
9375,18613
9375,20530
9375,22556
9376,476
9376,16394
9376,23188
9376,27009
9377,8007
9377,9226
9377,21454
9377,26478
9378,7696
9378,14376
9378,15830
9378,20712
9379,8812
9380,16146
9380,18613
9380,20530
9380,22556
9381,2130
9381,17181
9381,20939
9381,24122
9382,8067
9382,9046
9382,9379
9382,27544
9383,2305
9383,13379
9383,21626
9384,12259
9384,15054
9384,19670
9385,2325
9385,17797
9385,19622
9385,21481
9386,13741
9386,14255
9386,18255
9386,19478
9387,2722
9387,10821
9387,11856
9387,21529
9388,7332
9388,8501
9388,12748
9388,19659
9389,650
9389,7581
9389,11407
9389,19229
9390,14011
9390,21989
9390,24096
9390,24961
9391,14742
9392,2582
9393,18018
9393,21697
9393,22403
9393,23959
9394,4626
9394,5410
9394,5649
9394,26185
9395,5769
9395,14070
9395,21748
9395,22477
9396,6771
9396,17615
9396,19097
9396,19785
9397,1154
9397,6838
9397,18682
9397,24005
9398,4871
9398,15095
9398,17522
9398,20379
9399,5066
9399,16189
9399,19377
9399,28074
9400,6785
9400,12373
9400,14786
9400,16888
9401,20477
9402,12373
9402,15892
9402,17109
9402,19236
9403,853
9403,8707
9403,26081
9403,28171
9404,176
9404,6703
9404,8656
9404,23193
9405,10704
9405,16067
9405,21336
9405,21870
9406,3724
9406,9344
9406,11502
9406,25252
9407,7874
9407,9622
9407,20524
9407,26507
9408,10938
9409,9816
9409,21389
9409,24617
9409,26121
9410,3113
9410,3863
9410,9292
9410,20831
9411,1533
9411,2961
9411,14795
9411,20450
9412,9434
9412,14080
9412,20075
9412,25829
9413,5608
9413,10333
9413,11155
9413,24113
9414,110
9414,11831
9414,24038
9414,28206
9415,1396
9415,4810
9415,5092
9415,8697
9416,11919
9416,15659
9416,23425
9416,25024
9417,2365
9417,3564
9417,14936
9417,21195
9418,6127
9418,13550
9418,18320
9418,18366
9419,2653
9419,3120
9419,7679
9419,24043
9420,7275
9420,16211
9420,26922
9420,27217
9421,4019
9421,15521
9421,15996
9421,17621
9422,3414
9422,14213
9422,18758
9422,26445
9423,21011
9424,6195
9424,15914
9425,11428
9425,15184
9425,17182
9425,27602
9426,2039
9426,5877
9426,6081
9426,21108
9427,1115
9427,2820
9427,4696
9427,27435
9428,15617
9428,16890
9428,22318
9428,28478
9429,2529
9429,8197
9429,21394
9429,27633
9430,2245
9430,2620
9430,18309
9430,22414
9431,10604
9431,15516
9431,24827
9432,115
9432,6944
9432,18942
9432,20530
9433,4474
9433,5520
9433,8860
9433,24657
9434,108
9434,1701
9434,6451
9434,22908
9435,14872
9435,16203
9435,25795
9435,27800
9436,6498
9436,9222
9436,10018
9436,18151
9437,8046
9437,9222
9437,16746
9437,20267
9438,360
9438,14565
9438,17886
9438,21538
9439,10400
9440,10685
9440,13523
9440,22054
9440,27953
9441,3466
9441,8898
9441,13050
9441,26925
9442,921
9442,2515
9442,8384
9442,20740
9443,7961
9443,10393
9443,18371
9443,26314
9444,1159
9444,8415
9444,12566
9444,14658
9445,17400
9445,20282
9445,26592
9445,28168
9446,10775
9446,11992
9446,14855
9446,26467
9447,6441
9447,9883
9447,13519
9448,4297
9448,7730
9448,22693
9448,27980
9449,8992
9449,15188
9449,16873
9449,21566
9450,20477
9451,9915
9451,12961
9451,17789
9451,26217
9452,1873
9452,7765
9452,12695
9452,13409
9453,1565
9453,4233
9453,24262
9453,26766
9454,8348
9454,13901
9454,20489
9454,20810
9455,8911
9455,14233
9455,18539
9455,25897
9456,5866
9456,9846
9456,24580
9456,24657
9457,1497
9457,7046
9457,25631
9457,25795
9458,4784
9458,10114
9458,12240
9458,23902
9459,164
9459,3224
9459,22878
9459,23023
9460,7041
9460,11322
9460,24844
9460,26422
9461,3224
9461,10269
9461,18965
9461,26151
9462,15476
9462,16119
9462,17798
9462,28210
9463,989
9463,6161
9463,12738
9463,25394
9464,4987
9464,17129
9464,19835
9464,21394
9465,14575
9465,15588
9465,16431
9465,27037
9466,7826
9466,8790
9466,10379
9466,23370
9467,7067
9467,10554
9467,12368
9467,12674
9468,25108
9469,751
9469,2918
9469,7751
9469,7787
9470,20477
9471,759
9471,9090
9471,20616
9471,26519
9472,8446
9472,12770
9472,22628
9472,28492
9473,4974
9473,15199
9473,19689
9473,28487
9474,5850
9474,10519
9474,20196
9474,22329
9475,17153
9475,21623
9475,22410
9475,25435
9476,28231
9477,6927
9477,13109
9477,13958
9477,25759
9478,2960
9478,7245
9478,14333
9478,27243
9479,11291
9479,13557
9479,14752
9479,18603
9480,11322
9480,17034
9480,19575
9480,19614
9481,8570
9481,21119
9482,1748
9482,5884
9482,7447
9482,25075
9483,4099
9483,10181
9483,20557
9483,23819
9484,274
9484,3386
9484,9925
9484,25500
9485,14
9485,4646
9485,11694
9485,27056
9486,573
9486,11755
9486,18827
9486,19388
9487,6527
9487,12629
9487,17296
9487,17795
9488,2501
9488,8964
9488,22959
9488,25363
9489,2462
9489,4199
9489,4496
9489,5356
9490,1116
9490,1605
9490,10372
9490,14160
9491,9473
9491,9549
9491,12037
9491,16955
9492,19072
9492,22129
9492,23207
9492,26347
9493,9222
9493,15378
9493,16676
9493,16746
9494,7844
9494,15846
9494,21664
9495,4021
9495,7000
9495,10183
9495,11384
9496,1940
9496,2133
9496,5201
9496,25534
9497,495
9497,15646
9497,16405
9497,18830
9498,8791
9498,10530
9498,11612
9498,21911
9499,858
9499,15562
9499,15884
9499,28501
9500,2825
9500,7590
9500,10031
9500,23348
9501,1083
9501,17051
9501,18346
9501,23929
9502,9509
9502,14356
9502,23280
9502,24579
9503,14008
9503,17748
9503,19658
9503,27768
9504,16047
9504,16197
9504,20947
9504,23160
9505,1041
9505,4445
9505,5557
9505,22244
9506,11930
9506,13366
9507,2124
9507,7106
9507,7146
9507,14705
9508,8411
9508,14271
9508,15107
9508,19455
9509,384
9509,4379
9509,10898
9509,23301
9510,776
9510,795
9510,9267
9510,26667
9511,4253
9511,4634
9511,15551
9511,27919
9512,4534
9512,4996
9512,14693
9512,23450
9513,2863
9513,11679
9513,13050
9513,23973
9514,1907
9514,2475
9514,4540
9514,24602
9515,9234
9515,13382
9515,19580
9515,19787
9516,3371
9516,6732
9516,15479
9516,15874
9517,1991
9517,11492
9517,16951
9517,19567
9518,736
9518,4606
9518,12597
9518,25458
9519,17373
9519,18105
9519,24613
9519,26790
9520,20477
9521,20477
9522,19890
9522,22411
9522,24085
9523,400
9523,9041
9523,18773
9523,18969
9524,553
9524,4215
9524,18847
9524,26214
9525,6759
9525,17585
9525,20396
9525,23591
9526,115
9526,4988
9526,26233
9526,26705
9527,13259
9527,19471
9527,26199
9527,27891
9528,5011
9528,7790
9528,11786
9528,13347
9529,2193
9529,3115
9529,13846
9529,14059
9530,5075
9530,16502
9530,17730
9530,17777
9531,1436
9531,3754
9531,10917
9531,11120
9532,4023
9532,21818
9532,22808
9533,1974
9533,8111
9533,16149
9533,17576
9534,7419
9534,8815
9534,13943
9534,16149
9535,10830
9535,19831
9535,20255
9535,28271
9536,9563
9536,12046
9536,16149
9536,21098
9537,11488
9537,16149
9537,20598
9537,21098
9538,9063
9538,11774
9538,14561
9538,26712
9539,6348
9539,10643
9539,12239
9539,21017
9540,2406
9540,11026
9540,13183
9540,13842
9541,14693
9541,16316
9541,19694
9541,28070
9542,5006
9542,16003
9542,18885
9542,26684
9543,1327
9543,5208
9543,14644
9543,16040
9544,1251
9544,15430
9544,19297
9544,23418
9545,16311
9545,20085
9545,24102
9545,25636
9546,15598
9546,19518
9546,20973
9546,22993
9547,746
9547,11761
9547,19904
9547,20075
9548,870
9548,5872
9548,17392
9548,27886
9549,6084
9549,9092
9549,20709
9549,27717
9550,8434
9550,8710
9550,11620
9550,22749
9551,14212
9551,14579
9551,14729
9551,26351
9552,2148
9552,2918
9552,6813
9552,10427
9553,13324
9553,16720
9553,17445
9553,25198
9554,4565
9554,17942
9554,19198
9554,20962
9555,5765
9555,7518
9555,15785
9555,23954
9556,4109
9556,6444
9556,17070
9556,18090
9557,12373
9557,14152
9557,17630
9557,26692
9558,8987
9558,10108
9558,22536
9558,26365
9559,4371
9559,20841
9559,23810
9559,25591
9560,3624
9560,5298
9560,18987
9560,21083
9561,6219
9561,7583
9561,11227
9561,24334
9562,10853
9562,17956
9562,23300
9562,26816
9563,1660
9563,3476
9563,4362
9563,8927
9564,212
9564,9679
9564,10444
9564,16040
9565,7812
9565,14309
9565,15944
9565,27515
9566,3594
9566,11924
9566,18535
9566,22311
9567,7384
9567,7475
9567,15803
9567,24330
9568,6503
9568,12682
9568,22524
9568,24788
9569,982
9569,6356
9569,9985
9569,13222
9570,4361
9570,7587
9570,11620
9570,23059
9571,1117
9571,8405
9571,12902
9571,18084
9572,9255
9572,14155
9572,14641
9572,18876
9573,6456
9573,11675
9573,20911
9573,27739
9574,19799
9575,21587
9575,22711
9575,22951
9575,23663
9576,3346
9576,4016
9576,21422
9576,24458
9577,5523
9577,11763
9577,14094
9577,16667
9578,4183
9578,13930
9578,18887
9578,27182
9579,3138
9579,4653
9579,21285
9579,28032
9580,16763
9581,1304
9581,4996
9581,17296
9581,20128
9582,10198
9582,12620
9582,18654
9582,20775
9583,2046
9583,4904
9583,9231
9583,15489
9584,8821
9584,13911
9584,20436
9584,20863
9585,1776
9585,6702
9585,15463
9585,26657
9586,3885
9586,8523
9586,13210
9586,19772
9587,14589
9587,21469
9587,26077
9587,28445
9588,1994
9588,10413
9588,20495
9588,28184
9589,524
9589,1634
9589,26585
9589,27366
9590,620
9590,7520
9590,18255
9590,19513
9591,2540
9592,14770
9593,4970
9593,7421
9593,8521
9593,11971
9594,9015
9594,16126
9594,16502
9594,23320
9595,11526
9595,25547
9595,27842
9595,28306
9596,18663
9596,18819
9596,26435
9596,27796
9597,21977
9597,24296
9597,26766
9597,27947
9598,3722
9598,7151
9598,11090
9598,15420
9599,6194
9600,1310
9600,4016
9600,9138
9600,17968
9601,4190
9601,10500
9601,11635
9601,25565
9602,20477
9603,9420
9603,13594
9603,15810
9603,25701
9604,4987
9604,13294
9604,17192
9604,23291
9605,1546
9605,12665
9605,12705
9605,14692
9606,8415
9606,10101
9606,18307
9606,28319
9607,318
9607,4151
9607,5574
9607,26401
9608,976
9608,6880
9608,15907
9608,23520
9609,528
9609,21303
9609,21855
9609,24740
9610,8835
9610,9955
9610,14452
9610,16612
9611,4985
9611,9301
9611,11500
9611,26919
9612,8385
9612,15645
9612,25861
9612,26567
9613,885
9613,6876
9613,10685
9613,19974
9614,2432
9614,22619
9614,23232
9614,27360
9615,11343
9615,14217
9616,14365
9616,20568
9616,24596
9616,28088
9617,3594
9617,7128
9617,10184
9617,17436
9618,1177
9618,11674
9618,16486
9618,16675
9619,15926
9619,15982
9619,17196
9619,23994
9620,14420
9620,15189
9620,22294
9620,23999
9621,3961
9621,9063
9621,17023
9621,24968
9622,2493
9622,15780
9622,18459
9622,20527
9623,1320
9623,5157
9623,22173
9623,25243
9624,12279
9624,17711
9625,8623
9625,13488
9625,15772
9625,17026
9626,8
9626,2896
9626,22530
9626,25905
9627,1339
9627,17413
9627,22398
9628,3476
9628,11885
9628,15719
9628,15722
9629,1172
9629,3352
9629,11226
9629,24086
9630,1172
9630,3352
9630,11226
9630,24086
9631,1172
9631,3352
9631,11226
9631,24086
9632,1172
9632,3352
9632,11048
9632,11226
9633,1172
9633,3352
9633,11048
9633,11226
9634,1172
9634,3352
9634,11048
9634,11226
9635,2950
9635,7230
9635,15298
9635,20787
9636,9580
9636,10048
9636,12037
9636,22872
9637,6354
9637,13237
9637,14836
9637,20436
9638,475
9638,17080
9638,19499
9638,27089
9639,1547
9639,10625
9639,24443
9639,24631
9640,27635
9641,3803
9641,11433
9641,20634
9641,25974
9642,1923
9642,15281
9642,17496
9642,26564
9643,1624
9643,4537
9643,7426
9643,23320
9644,20477
9645,8835
9645,13188
9645,19631
9645,21132
9646,13019
9647,14636
9647,17247
9647,17487
9647,27539
9648,2346
9648,7743
9648,20865
9648,23103
9649,8922
9649,9592
9649,11341
9649,28087
9650,4670
9650,6108
9650,26000
9650,27778
9651,3666
9651,3893
9651,15418
9651,18143
9652,2847
9652,5006
9652,5685
9652,11242
9653,18764
9653,20077
9653,25192
9653,28383
9654,9034
9654,13221
9654,17046
9654,27639
9655,10643
9655,22298
9655,25919
9655,27913
9656,1748
9656,6133
9656,19219
9656,24821
9657,2923
9657,15851
9657,16934
9657,23141
9658,17985
9659,11524
9659,11545
9659,11822
9659,26233
9660,4021
9660,6109
9660,7589
9660,22744
9661,12829
9661,16416
9661,18889
9661,19882
9662,6454
9663,6454
9664,18587
9664,20579
9664,21198
9664,28433
9665,247
9665,6741
9665,15245
9665,26872
9666,8824
9666,10906
9666,11577
9666,24201
9667,20477
9668,1233
9668,10607
9668,13342
9668,20950
9669,1946
9669,12095
9669,12231
9669,24102
9670,8653
9670,11350
9670,15322
9670,26319
9671,3085
9671,3283
9671,3559
9671,27985
9672,10996
9672,11677
9672,12119
9672,22976
9673,1291
9673,7626
9673,9499
9673,25332
9674,4352
9674,9633
9674,19448
9674,27744
9675,728
9675,19164
9675,25153
9675,27920
9676,2070
9676,5752
9676,9499
9676,14624
9677,2677
9677,22451
9677,23772
9677,24303
9678,4216
9678,12963
9678,14066
9678,20821
9679,7170
9679,11363
9679,22646
9679,24882
9680,2676
9680,3132
9680,4381
9680,5622
9681,7673
9681,13373
9681,17740
9682,1607
9682,20336
9682,25302
9682,28235
9683,4738
9684,5914
9684,17321
9684,21666
9684,24214
9685,1046
9685,4216
9685,19540
9686,3951
9686,4128
9686,18247
9686,19136
9687,11569
9687,11800
9687,13856
9687,19458
9688,5246
9688,11392
9688,12539
9688,27519
9689,2137
9689,8855
9689,19513
9689,26697
9690,4147
9690,6786
9690,13970
9690,22717
9691,892
9691,4063
9691,6039
9691,22852
9692,2126
9692,4439
9692,5001
9692,5908
9693,1257
9693,11254
9693,16149
9693,17141
9694,11254
9694,16149
9694,17141
9694,22595
9695,5656
9695,11108
9695,19365
9695,20239
9696,8093
9696,20890
9696,21540
9696,28519
9697,2144
9697,7765
9697,8978
9697,26752
9698,6487
9698,10194
9698,15136
9698,17316
9699,12421
9699,13475
9699,16803
9699,19618
9700,2986
9700,7265
9700,12075
9700,25151
9701,2572
9701,4657
9701,13589
9701,23863
9702,5074
9702,9586
9702,18608
9702,19946
9703,13590
9703,18672
9703,18701
9703,26886
9704,3551
9704,3628
9704,19618
9704,22828
9705,2705
9705,10116
9705,12606
9705,19320
9706,6876
9706,17531
9706,20319
9706,22705
9707,1005
9707,5087
9707,7292
9707,14826
9708,8292
9709,2092
9710,615
9710,9999
9710,11405
9710,20176
9711,5321
9711,5498
9711,8133
9711,26480
9712,8867
9712,14119
9712,16898
9712,22522
9713,5902
9713,9066
9713,14781
9713,20500
9714,14276
9714,22113
9714,23626
9714,24266
9715,421
9715,13296
9715,15925
9715,16099
9716,1712
9716,8309
9716,20342
9716,25884
9717,371
9717,7887
9717,12549
9717,22623
9718,15949
9718,17480
9718,23432
9718,28526
9719,3781
9719,12329
9719,12853
9719,21893
9720,20477
9721,2007
9721,2770
9721,7056
9721,14381
9722,18641
9722,19385
9722,25195
9722,25987
9723,484
9723,4977
9723,24638
9723,24979
9724,1473
9724,11885
9724,15652
9724,20803
9725,16622
9725,21227
9725,22025
9725,26135
9726,7631
9726,11235
9726,15304
9726,25171
9727,6227
9727,11774
9727,16405
9727,28280
9728,2637
9728,4723
9728,24099
9728,26233
9729,6348
9729,10831
9729,15658
9729,25129
9730,4534
9730,9696
9730,24991
9730,27270
9731,4828
9731,9314
9731,13536
9731,20198
9732,22974
9732,23245
9732,25887
9732,26445
9733,1485
9733,5097
9733,13156
9733,20764
9734,7827
9734,11622
9734,19126
9734,28445
9735,3602
9735,6657
9735,20951
9735,23500
9736,4172
9736,10232
9736,10436
9736,21244
9737,994
9737,14226
9737,16051
9737,16826
9738,2722
9738,4476
9738,12606
9738,21529
9739,4340
9739,11527
9739,12900
9739,18641
9740,2242
9740,15701
9740,19643
9740,24832
9741,28519
9742,716
9742,6600
9742,10762
9742,17786
9743,3303
9743,3969
9743,4380
9743,17104
9744,11672
9744,17394
9744,21408
9744,28519
9745,5841
9745,17129
9745,19526
9745,24888
9746,16752
9746,21386
9746,23671
9746,27511
9747,8970
9747,11473
9747,21997
9747,27258
9748,2733
9748,3180
9748,5400
9748,22956
9749,3530
9749,22916
9749,25666
9749,25766
9750,4168
9750,10533
9750,17911
9750,27789
9751,1494
9751,2170
9751,14588
9751,21440
9752,4289
9752,6364
9752,14652
9752,23067
9753,4454
9753,17417
9753,25411
9753,27026
9754,4116
9754,4862
9754,14995
9754,27175
9755,5162
9755,12739
9755,16735
9755,26427
9756,8529
9756,8938
9756,9641
9756,21333
9757,5440
9757,10224
9757,16044
9757,28184
9758,11014
9759,10575
9759,11406
9759,12373
9759,21274
9760,4638
9760,6785
9760,9174
9760,18081
9761,3378
9761,6378
9761,12677
9761,12886
9762,18449
9762,21614
9762,27870
9762,28376
9763,14723
9763,17374
9763,25051
9763,26320
9764,2195
9764,11624
9764,12207
9764,19139
9765,54
9765,3152
9765,24068
9765,26392
9766,17234
9766,19811
9766,23151
9766,27373
9767,5975
9767,16648
9767,16699
9767,21256
9768,10320
9768,10436
9768,13297
9768,14085
9769,4279
9769,22113
9769,27784
9769,28377
9770,274
9770,14531
9770,21190
9770,26314
9771,1764
9771,2283
9771,7068
9771,10788
9772,6319
9772,10949
9772,13363
9772,18824
9773,1536
9773,6805
9773,9475
9773,22420
9774,2212
9774,7184
9774,17168
9774,23677
9775,7518
9775,10420
9775,14839
9775,15014
9776,9976
9776,12344
9776,18717
9776,19403
9777,8801
9777,27687
9777,27729
9777,28463
9778,6947
9779,2982
9779,6094
9779,7762
9779,25987
9780,8801
9780,27687
9780,27729
9780,28463
9781,9063
9781,10182
9781,21354
9781,27075
9782,3570
9782,10373
9782,12380
9782,23523
9783,12633
9783,14583
9783,24423
9783,28440
9784,8698
9784,10909
9784,25460
9784,25594
9785,5361
9785,16489
9785,18545
9785,26487
9786,12457
9786,22114
9786,27650
9786,27785
9787,4996
9787,7403
9787,20473
9787,25137
9788,15234
9788,15606
9788,20542
9788,25126
9789,962
9789,2840
9789,16689
9789,17575
9790,142
9790,6806
9790,11886
9790,25229
9791,2067
9791,17061
9791,23850
9791,26550
9792,12518
9792,16096
9792,21452
9792,21520
9793,1147
9793,12224
9793,19317
9793,23426
9794,3467
9794,5238
9794,11831
9794,21832
9795,7552
9795,8300
9795,14509
9795,25496
9796,372
9796,7908
9796,22990
9796,28508
9797,28246
9798,3712
9798,10143
9798,19502
9798,20878
9799,9497
9799,9618
9799,9781
9799,10076
9800,5529
9800,10643
9800,26277
9800,26383
9801,1154
9801,2805
9801,4680
9801,7371
9802,2917
9802,3192
9802,4073
9802,21671
9803,92
9803,4552
9803,15911
9803,17523
9804,2658
9804,14226
9804,15658
9804,27394
9805,1547
9805,4367
9805,17823
9805,28389
9806,2425
9806,5368
9806,15002
9806,16642
9807,5006
9807,8239
9807,16724
9807,24239
9808,1304
9808,9756
9808,21008
9808,25137
9809,2518
9809,3551
9809,10995
9809,24529
9810,3990
9810,9743
9810,14191
9810,26805
9811,639
9811,16524
9811,19618
9811,28322
9812,5210
9812,6770
9812,6824
9812,17831
9813,10089
9813,11415
9813,16149
9813,28312
9814,1478
9814,11708
9814,19153
9814,21812
9815,10662
9815,12420
9815,18671
9815,21927
9816,6559
9816,9668
9816,11156
9816,23206
9817,2733
9817,14760
9817,18758
9817,21019
9818,14111
9818,15655
9818,20660
9818,23276
9819,14111
9819,15655
9819,20660
9819,23276
9820,10813
9820,17082
9820,20049
9820,25137
9821,1455
9821,3491
9821,3728
9821,28210
9822,17845
9822,21550
9822,22433
9822,24543
9823,337
9823,2782
9823,8992
9823,12395
9824,4210
9824,6693
9824,8956
9824,22292
9825,996
9825,7794
9825,14299
9825,24121
9826,1036
9826,10827
9826,16057
9826,18384
9827,5060
9827,15570
9827,17439
9827,26522
9828,1924
9828,3092
9828,13714
9828,19785
9829,1291
9829,4347
9829,5521
9829,23606
9830,907
9830,3390
9830,5521
9830,20069
9831,5878
9831,10349
9831,14626
9831,28267
9832,7153
9833,10154
9833,12841
9833,23009
9833,24894
9834,13629
9834,13913
9834,14369
9834,15119
9835,8392
9835,12458
9835,14836
9835,26681
9836,7722
9836,8804
9836,22137
9836,25897
9837,20477
9838,5902
9838,22628
9838,28492
9839,24748
9840,18156
9841,5847
9841,6935
9841,14417
9841,24747
9842,2812
9842,3458
9842,18084
9842,22119
9843,2517
9844,93
9844,9203
9844,11713
9844,25301
9845,5612
9845,16293
9845,18323
9845,20527
9846,1613
9846,2722
9846,15382
9846,23221
9847,804
9847,7408
9847,10409
9847,25028
9848,19693
9849,7067
9849,9360
9849,9549
9849,23245
9850,1912
9850,5400
9850,9557
9850,18230
9851,4241
9851,5400
9851,9557
9851,18230
9852,4760
9852,10772
9852,20654
9852,26487
9853,6243
9853,6253
9853,22505
9853,28493
9854,20477
9855,14159
9855,16504
9855,23903
9855,25861
9856,785
9856,10483
9856,10727
9856,17681
9857,2385
9857,7012
9857,22954
9857,26404
9858,1455
9858,5491
9858,7396
9858,7631
9859,1193
9859,1407
9859,14615
9859,16337
9860,7452
9860,9474
9860,10646
9860,23762
9861,1921
9861,4590
9861,20481
9861,22098
9862,1110
9862,6951
9862,7450
9862,19119
9863,15513
9863,15603
9863,19403
9863,27784
9864,5201
9864,9046
9864,13830
9864,21808
9865,729
9865,5254
9865,24181
9865,27614
9866,7482
9866,21956
9866,22924
9866,27207
9867,1077
9867,6019
9867,11194
9867,27292
9868,19074
9868,20360
9868,21388
9868,22391
9869,3542
9869,14766
9869,16368
9869,17132
9870,3622
9870,21794
9870,22788
9871,10983
9871,20803
9871,22898
9871,23249
9872,8867
9872,9801
9872,26341
9872,28007
9873,1651
9873,3998
9873,4534
9873,15885
9874,7170
9874,11282
9874,11494
9874,19786
9875,13154
9875,17228
9875,17364
9875,26161
9876,4782
9876,9525
9876,18162
9876,22493
9877,5815
9877,10108
9877,12373
9877,18449
9878,1910
9878,4115
9878,12227
9878,23692
9879,4109
9879,6363
9879,8649
9879,14723
9880,1910
9880,4115
9880,18520
9880,24443
9881,2025
9881,6363
9881,8170
9881,20562
9882,9937
9882,16738
9882,20320
9882,24146
9883,11510
9883,19231
9883,19526
9883,22943
9884,4801
9884,7751
9884,12021
9884,15274
9885,2873
9885,12021
9885,18355
9885,20858
9886,1972
9886,4987
9886,14233
9886,21394
9887,9136
9887,15117
9887,18758
9887,23998
9888,3438
9888,7931
9888,13813
9888,23033
9889,11887
9889,23522
9889,27649
9890,905
9890,11852
9890,17003
9890,27584
9891,20477
9892,1215
9892,7051
9892,15768
9892,22103
9893,3290
9893,11054
9893,16665
9893,23963
9894,1643
9894,5060
9894,24961
9894,25006
9895,1376
9895,1379
9895,1494
9895,20284
9896,16166
9896,22406
9896,23054
9896,27016
9897,10882
9897,14069
9897,21622
9897,23567
9898,13761
9898,21392
9898,26684
9898,28135
9899,10193
9900,1896
9900,7973
9900,8160
9900,17340
9901,1536
9901,1599
9901,14723
9901,27916
9902,22273
9902,24968
9902,25002
9902,25626
9903,24003
9904,5926
9904,17586
9904,21037
9904,28108
9905,8319
9905,9293
9905,22026
9905,27944
9906,3850
9906,7733
9906,18301
9907,20477
9908,2212
9908,2491
9908,6342
9908,14879
9909,1041
9909,4445
9909,5557
9909,22244
9910,19966
9911,3513
9911,19303
9911,19324
9911,19387
9912,11613
9912,14535
9912,17370
9912,18654
9913,5033
9913,6589
9913,7663
9913,18759
9914,10259
9914,19001
9914,27659
9914,28026
9915,2314
9915,4180
9915,4276
9915,23174
9916,1537
9916,14084
9916,23049
9916,28509
9917,4
9917,3747
9917,14255
9917,22315
9918,896
9918,4969
9918,8605
9918,17123
9919,11496
9920,8265
9920,12014
9920,16972
9920,19752
9921,2475
9921,13988
9921,19752
9921,26372
9922,6300
9922,13397
9922,14582
9922,20163
9923,1926
9923,14918
9923,19390
9923,27867
9924,950
9924,8421
9924,12283
9924,18858
9925,5577
9925,6723
9925,16432
9925,25760
9926,5821
9926,14733
9926,18436
9926,22430
9927,10976
9927,11121
9927,12001
9927,15722
9928,3906
9928,11606
9928,16246
9928,20816
9929,3371
9929,6839
9929,18643
9929,20855
9930,2705
9930,5844
9930,24037
9930,26575
9931,695
9932,8341
9932,13862
9932,21616
9932,26277
9933,1910
9933,3895
9933,13808
9933,24266
9934,1910
9934,14184
9934,21869
9934,24562
9935,298
9935,1910
9935,5897
9935,14977
9936,20477
9937,3526
9937,9689
9937,11029
9937,15526
9938,3471
9938,12070
9938,21302
9938,23400
9939,10892
9939,13643
9939,20713
9939,24305
9940,299
9940,13591
9940,18458
9940,19214
9941,8779
9941,18332
9941,23901
9941,27284
9942,3273
9942,4584
9942,11511
9942,26569
9943,3179
9943,22274
9943,24342
9943,25359
9944,559
9944,4947
9944,9431
9944,10976
9945,5205
9945,14634
9945,14972
9945,21457
9946,1472
9946,7531
9946,12304
9946,21891
9947,7806
9947,20071
9947,27512
9947,28027
9948,4353
9948,8166
9948,10772
9948,20493
9949,1736
9949,9008
9949,10247
9949,13193
9950,688
9950,921
9950,15570
9950,23430
9951,2813
9951,3584
9951,15481
9951,28064
9952,2747
9952,3442
9952,20575
9952,24585
9953,432
9953,2821
9953,2822
9953,3998
9954,13065
9954,16426
9954,24332
9954,24520
9955,10688
9955,14955
9955,17325
9955,26705
9956,1529
9956,7596
9956,11327
9956,20627
9957,4638
9957,5156
9957,7899
9957,9156
9958,7292
9958,9639
9958,13384
9958,20584
9959,12136
9959,12480
9959,17028
9959,20323
9960,5171
9961,1736
9961,9008
9961,10247
9961,13193
9962,1647
9962,3395
9962,9806
9962,13936
9963,84
9963,91
9963,6119
9963,6258
9964,1717
9964,13498
9964,22357
9964,27031
9965,4564
9965,7317
9965,12028
9965,25792
9966,9299
9966,20507
9966,20653
9966,21402
9967,686
9967,10793
9967,20896
9967,24361
9968,4201
9968,6312
9968,13903
9968,21945
9969,6876
9969,10592
9969,24021
9969,27941
9970,2104
9970,10991
9970,18460
9970,18884
9971,2048
9971,7866
9971,11483
9971,28422
9972,9788
9972,21845
9972,23187
9972,24594
9973,5222
9973,14582
9973,15894
9973,17296
9974,18275
9975,383
9975,5400
9975,11001
9975,12709
9976,7609
9976,13657
9976,13842
9976,24726
9977,11121
9978,9044
9978,18629
9978,20369
9978,20527
9979,2640
9979,22304
9979,26006
9979,28175
9980,3327
9980,6572
9980,20076
9980,27631
9981,4685
9981,5730
9981,5989
9981,25272
9982,1250
9982,3723
9982,20833
9982,21627
9983,5502
9983,16742
9983,21008
9983,25137
9984,998
9984,8662
9984,14558
9984,24702
9985,6885
9985,7633
9985,28319
9985,28445
9986,7719
9986,13424
9986,21991
9986,26997
9987,9758
9987,14276
9987,20334
9987,22113
9988,4390
9988,15328
9988,19785
9988,24234
9989,1005
9989,16328
9989,22873
9989,24266
9990,1271
9990,3353
9990,9758
9990,21936
9991,1910
9991,3280
9991,24266
9991,24443
9992,772
9992,19403
9992,20323
9992,22056
9993,587
9993,13817
9993,15163
9993,23444
9994,941
9994,4270
9994,5965
9994,15785
9995,1858
9995,7493
9995,21180
9995,27916
9996,3271
9996,8723
9996,9075
9996,15272
9997,6491
9997,7985
9997,19403
9997,19852
9998,13580
9998,14184
9998,14494
9998,15785
9999,1910
9999,6272
9999,14451
9999,15350
10000,4753
10000,10571
10000,10753
10000,16057
10001,6742
10001,8678
10001,21311
10001,26122
10002,12518
10002,15500
10002,18581
10002,21520
10003,671
10003,3618
10003,14825
10003,26001
10004,6205
10004,14956
10004,18836
10004,19762
10005,5177
10005,9758
10005,17619
10005,28270
10006,8777
10006,15902
10006,19428
10006,26962
10007,12034
10007,13641
10007,14046
10007,14666
10008,1555
10008,6537
10008,18917
10008,24585
10009,3831
10009,8191
10009,14142
10009,22939
10010,8424
10010,8880
10010,13507
10010,17661
10011,11313
10011,13050
10011,19577
10011,26292
10012,1003
10012,13050
10012,13729
10012,24348
10013,8430
10013,19624
10013,20914
10013,23371
10014,4557
10014,4579
10014,10415
10014,26483
10015,3797
10015,11414
10015,18066
10015,18430
10016,250
10016,15885
10016,21485
10016,24008
10017,8349
10017,15703
10018,10923
10018,16727
10018,20063
10018,27496
10019,3386
10019,3630
10019,18468
10019,20167
10020,2698
10020,6235
10020,20296
10021,9756
10021,14992
10021,15955
10021,25731
10022,20477
10023,2371
10023,13881
10023,20092
10023,23730
10024,698
10024,14247
10024,18427
10024,21330
10025,5502
10025,5909
10025,6649
10025,27261
10026,14494
10027,5595
10027,8750
10027,19767
10027,28247
10028,7112
10028,17435
10028,22274
10028,23001
10029,1910
10029,9881
10029,10218
10029,12224
10030,17257
10030,17362
10030,23142
10030,24353
10031,2774
10031,22181
10031,23320
10031,28086
10032,7448
10032,9463
10032,11345
10032,17205
10033,1020
10033,6796
10034,13068
10034,13401
10034,15975
10034,16915
10035,4988
10035,11724
10035,14807
10035,15156
10036,5608
10036,12682
10036,21396
10036,25749
10037,8186
10038,9820
10038,13562
10038,19798
10038,25327
10039,1595
10039,4621
10039,17343
10039,24103
10040,1571
10040,3755
10040,5692
10040,25305
10041,2982
10041,4479
10041,6030
10041,23416
10042,18410
10043,3192
10043,10241
10043,17160
10043,27012
10044,1077
10044,2321
10044,10012
10044,13123
10045,4450
10045,4715
10045,20623
10045,26831
10046,6133
10046,6973
10046,7237
10046,13186
10047,5223
10047,6484
10047,11868
10047,24014
10048,4792
10048,6202
10048,14378
10048,14856
10049,10124
10049,10812
10049,18305
10049,25645
10050,7366
10050,15087
10051,1848
10051,15267
10051,24929
10051,28525
10052,7589
10052,11774
10052,15246
10052,24959
10053,2523
10053,15961
10053,25562
10053,27208
10054,15548
10054,15861
10054,19896
10054,22792
10055,5632
10055,19110
10055,27444
10055,28530
10056,15586
10056,18373
10056,20203
10056,24145
10057,2171
10057,6174
10057,10425
10057,11551
10058,2131
10058,4547
10058,14823
10058,14908
10059,4690
10059,5071
10059,7317
10059,17678
10060,7693
10060,7963
10060,16454
10060,21386
10061,14755
10061,18698
10061,19275
10061,21002
10062,1922
10062,2582
10062,6716
10062,14082
10063,3133
10063,6533
10063,7856
10063,21498
10064,2481
10064,7926
10064,19427
10064,24113
10065,3834
10065,7703
10065,14046
10065,22447
10066,4013
10066,13066
10066,18834
10066,18890
10067,2603
10067,8178
10067,13384
10067,17118
10068,2989
10068,3926
10068,8678
10068,23082
10069,13097
10069,13862
10069,16425
10069,24890
10070,115
10070,9756
10070,9908
10070,15984
10071,13357
10071,16028
10071,19699
10071,28126
10072,9817
10072,12131
10072,24762
10073,9066
10073,12798
10073,17182
10073,23939
10074,2675
10074,5356
10074,8685
10074,10415
10075,12196
10075,13448
10075,21481
10075,27765
10076,2541
10077,3143
10077,9514
10077,19847
10077,27640
10078,2470
10078,11514
10078,17591
10078,26637
10079,4457
10079,9034
10079,13321
10079,18142
10080,2194
10080,9272
10080,21229
10080,26207
10081,152
10081,2982
10081,18641
10081,20393
10082,8701
10082,14663
10082,23792
10082,27175
10083,5435
10083,18525
10083,19372
10083,24720
10084,3088
10084,14629
10084,23530
10084,24752
10085,3371
10085,6342
10085,13969
10085,21143
10086,5233
10086,5881
10086,25758
10086,26487
10087,26
10087,3103
10087,20742
10087,25437
10088,9910
10088,19983
10088,22270
10088,28497
10089,27653
10090,28250
10091,1675
10091,10307
10091,16661
10091,19866
10092,383
10092,640
10092,19318
10092,26764
10093,8223
10093,11001
10093,17600
10093,20349
10094,13874
10094,21408
10094,26766
10094,28519
10095,4136
10095,16474
10095,19948
10095,25984
10096,610
10096,7025
10096,8359
10096,18544
10097,373
10097,8668
10097,11984
10097,16185
10098,5212
10098,21186
10098,25912
10098,27850
10099,695
10099,11193
10099,12291
10099,27631
10100,3400
10100,18198
10100,19157
10100,19991
10101,2266
10101,9451
10101,14255
10101,25726
10102,3874
10102,18022
10102,19835
10102,20354
10103,104
10103,640
10103,3180
10103,26031
10104,20477
10105,910
10105,9373
10105,15123
10105,24647
10106,131
10106,17915
10106,20360
10106,26314
10107,5551
10107,13089
10107,16356
10107,19667
10108,14233
10108,20041
10108,20204
10108,24651
10109,2414
10109,9161
10109,17713
10109,24919
10110,2414
10110,9161
10110,17713
10110,24919
10111,2951
10111,5332
10111,16213
10111,24919
10112,1215
10112,11957
10112,17107
10112,27110
10113,4219
10113,10597
10113,10657
10113,18365
10114,20477
10115,20477
10116,12368
10116,12674
10116,23291
10116,27555
10117,308
10117,14002
10117,22830
10117,25357
10118,10783
10118,13627
10118,13726
10118,19700
10119,2854
10119,5222
10119,7040
10119,10603
10120,619
10120,8549
10120,12431
10120,24618
10121,10120
10121,14291
10121,18535
10121,26233
10122,6670
10122,10178
10122,24195
10122,27562
10123,3560
10123,3625
10123,11341
10123,16843
10124,6691
10124,6758
10124,15900
10124,16199
10125,2098
10125,6742
10125,11802
10125,27936
10126,2098
10126,6742
10126,11802
10126,27936
10127,2809
10127,20695
10127,23850
10127,27936
10128,2790
10128,9725
10128,17464
10128,20772
10129,4415
10129,17224
10129,24423
10129,24846
10130,10255
10130,17519
10130,20140
10130,25237
10131,11404
10131,14336
10131,17445
10131,24443
10132,4670
10132,14197
10132,15186
10132,21377
10133,7292
10133,14336
10133,22176
10133,28453
10134,4071
10134,7527
10134,12108
10134,27856
10135,8867
10135,14229
10135,14841
10135,19116
10136,1343
10136,5328
10136,11786
10136,27363
10137,678
10137,8307
10137,10320
10137,12875
10138,2653
10138,14627
10138,15233
10138,18394
10139,13618
10139,21015
10139,25253
10139,27375
10140,4677
10140,17824
10140,18475
10140,25343
10141,13476
10141,13993
10141,25500
10141,28278
10142,8288
10142,9591
10142,12321
10142,24772
10143,4799
10143,10127
10144,250
10144,748
10144,12153
10144,23222
10145,18103
10145,19613
10145,23887
10145,27368
10146,6267
10146,21522
10146,24544
10146,26383
10147,4520
10147,15424
10147,17300
10147,19252
10148,992
10148,5989
10148,11331
10148,14173
10149,3149
10149,7254
10149,16405
10149,20481
10150,225
10150,6398
10150,6947
10150,18173
10151,5907
10151,12955
10151,19507
10151,22748
10152,2701
10152,3718
10152,19603
10152,20438
10153,2993
10153,15416
10153,23977
10153,25435
10154,6546
10154,16180
10154,24646
10154,27117
10155,8798
10155,12686
10155,20541
10155,28051
10156,3074
10156,8759
10156,12982
10156,20124
10157,18610
10158,5157
10158,17417
10158,26241
10158,27051
10159,3906
10159,11606
10159,16246
10159,20816
10160,8415
10160,25435
10160,25606
10160,26780
10161,10126
10161,21481
10161,22342
10161,26345
10162,6564
10162,8734
10162,14399
10162,25670
10163,2800
10163,13194
10163,16293
10163,23901
10164,382
10164,8324
10164,18571
10164,27091
10165,4454
10165,4467
10165,8959
10165,22342
10166,1794
10166,7833
10166,12734
10166,26233
10167,4257
10167,13475
10167,26295
10167,28280
10168,2111
10168,8609
10168,14507
10168,22364
10169,2956
10169,3087
10169,13706
10169,22768
10170,4437
10170,8711
10170,19510
10170,25745
10171,7596
10171,12560
10171,17615
10171,17934
10172,4487
10172,5876
10172,10946
10172,21280
10173,1256
10173,4996
10173,15640
10173,27765
10174,3149
10174,9127
10174,13640
10174,17744
10175,9455
10175,15872
10175,16293
10175,25009
10176,22733
10177,1774
10177,9531
10177,13093
10177,19531
10178,1800
10178,12694
10178,14533
10178,19997
10179,10320
10179,21481
10179,25670
10179,27114
10180,8327
10180,9434
10180,15118
10180,20075
10181,1829
10181,11438
10181,15627
10182,11672
10183,657
10183,4763
10183,11136
10184,17215
10185,1937
10185,4106
10185,22880
10185,25978
10186,501
10186,21616
10186,21739
10186,25639
10187,22335
10187,23024
10188,4418
10188,16859
10188,19670
10188,20216
10189,9283
10189,15576
10189,23272
10189,27853
10190,237
10190,8429
10190,12809
10190,16637
10191,334
10191,2274
10191,8221
10191,14280
10192,20477
10193,974
10193,2829
10193,9225
10193,17051
10194,7802
10194,11395
10194,22108
10194,22835
10195,17034
10196,7156
10196,8589
10196,15242
10196,28025
10197,4972
10197,9552
10197,14077
10197,14978
10198,1794
10198,18985
10198,20475
10198,27850
10199,208
10199,3279
10199,15935
10199,19478
10200,7396
10200,14760
10200,20408
10200,28210
10201,8211
10201,11338
10201,17472
10201,24154
10202,11001
10202,28335
10203,7956
10203,9029
10203,17210
10203,23640
10204,9094
10204,11378
10204,12409
10204,19561
10205,4219
10205,7991
10205,19857
10205,21671
10206,4219
10206,7991
10206,19857
10206,21671
10207,2089
10207,4876
10207,5400
10207,15587
10208,8927
10208,17959
10208,23434
10208,25984
10209,22003
10209,22223
10209,26277
10209,26373
10210,318
10210,5784
10210,17125
10210,25056
10211,10209
10211,13810
10211,20483
10211,21878
10212,2372
10212,10611
10212,13789
10212,23753
10213,8790
10213,9792
10213,19725
10213,20230
10214,1886
10215,20477
10216,2880
10216,26313
10216,26925
10217,20477
10218,23057
10219,10131
10219,11712
10219,15767
10219,19971
10220,955
10221,9128
10221,19427
10221,24369
10221,24835
10222,4222
10222,11352
10222,13631
10222,24290
10223,536
10223,3883
10223,10354
10223,18015
10224,536
10224,3883
10224,20604
10224,26005
10225,2449
10225,9828
10225,11493
10225,20186
10226,4550
10227,1910
10227,2243
10227,14977
10227,23954
10228,566
10228,7502
10228,14890
10228,20525
10229,2516
10229,5148
10229,20451
10229,20889
10230,11012
10230,15490
10230,20696
10230,25474
10231,25231
10232,2623
10232,18167
10232,21292
10232,25195
10233,17600
10234,20477
10235,1632
10235,3390
10235,10180
10235,12695
10236,19057
10236,26752
10237,5747
10237,10412
10237,11297
10237,14747
10238,507
10238,13616
10238,20838
10238,26247
10239,12549
10239,16903
10239,19614
10239,27594
10240,9017
10240,13549
10240,17998
10240,19290
10241,4257
10241,9432
10241,21522
10241,22248
10242,1316
10242,1777
10242,9503
10242,20902
10243,2696
10243,3656
10243,8218
10243,17997
10244,8685
10244,14535
10244,16407
10244,23301
10245,9217
10245,11171
10245,15720
10245,18223
10246,1169
10246,5227
10246,12037
10246,14271
10247,8935
10247,13910
10247,21782
10247,25786
10248,2005
10248,10770
10248,18698
10248,26332
10249,1146
10249,7597
10249,15744
10249,28533
10250,5313
10250,15799
10250,22825
10250,26776
10251,1950
10251,4103
10251,15383
10251,19074
10252,6494
10252,12485
10252,15558
10252,17768
10253,1165
10253,4330
10253,13173
10253,21368
10254,9128
10254,16202
10255,4370
10255,8415
10255,14693
10255,28184
10256,1209
10256,3259
10256,4897
10256,11682
10257,7350
10257,20706
10257,27903
10258,569
10258,3466
10258,18264
10258,24859
10259,6752
10259,17535
10259,20658
10259,25339
10260,1581
10260,9117
10260,16316
10260,18561
10261,4574
10261,10795
10261,16008
10261,24187
10262,3914
10262,17974
10262,20057
10262,25634
10263,25032
10264,3938
10264,6012
10264,18337
10264,21714
10265,673
10265,11678
10265,14983
10265,18323
10266,2733
10266,4417
10266,15507
10266,22823
10267,5358
10267,12976
10267,20613
10267,21719
10268,5598
10268,7995
10268,26101
10268,26701
10269,6875
10269,15142
10269,22660
10269,24168
10270,14798
10270,16556
10270,20461
10270,26022
10271,1087
10271,13561
10271,14615
10271,22816
10272,12270
10272,12887
10272,15196
10272,19008
10273,15646
10273,17403
10273,18121
10273,27096
10274,7631
10274,15781
10274,20346
10274,22703
10275,1522
10275,3071
10275,11455
10275,12429
10276,4988
10276,7291
10276,7707
10276,11774
10277,1072
10277,7643
10277,17987
10277,21512
10278,680
10278,3874
10278,5841
10278,13040
10279,13521
10279,22473
10280,5283
10280,7044
10280,11445
10280,19911
10281,10980
10282,8265
10282,12423
10282,21901
10282,26469
10283,6019
10283,7631
10283,13473
10283,27458
10284,12753
10284,16724
10284,17054
10284,19181
10285,1096
10285,15407
10285,22667
10285,28078
10286,383
10286,5400
10286,9265
10286,11022
10287,1130
10287,10261
10287,10928
10287,13861
10288,1875
10288,12518
10288,23704
10288,23759
10289,12797
10289,16667
10289,23850
10289,24981
10290,3926
10290,7865
10290,23610
10290,25251
10291,5523
10291,7723
10291,12209
10291,20057
10292,12797
10292,16667
10292,23850
10292,24981
10293,1130
10293,2176
10293,4368
10293,6851
10294,1579
10295,17985
10295,24868
10295,28129
10295,28532
10296,2058
10296,9243
10296,22396
10296,22470
10297,2104
10297,8894
10297,17570
10297,20855
10298,175
10298,3371
10298,13713
10298,16286
10299,6069
10299,6607
10299,14744
10299,17130
10300,13279
10300,16848
10300,17533
10301,7002
10301,7897
10301,10304
10301,13994
10302,10603
10302,13947
10302,20855
10302,27829
10303,799
10303,9315
10303,9773
10303,11002
10304,12682
10305,19757
10306,8743
10306,9162
10306,10836
10306,17345
10307,11001
10307,17600
10307,22127
10307,26766
10308,4843
10308,5314
10308,15191
10308,18228
10309,1131
10309,6409
10309,8135
10309,13475
10310,18810
10310,20627
10310,25483
10310,26654
10311,143
10311,11011
10311,18428
10311,24475
10312,431
10312,1908
10312,15135
10312,25861
10313,4847
10313,7127
10313,7803
10313,15498
10314,1291
10314,10086
10314,17282
10314,23728
10315,9226
10315,11026
10315,15520
10315,28297
10316,1571
10316,7011
10316,7309
10316,21634
10317,9394
10317,11958
10317,12454
10317,21092
10318,3242
10318,12199
10319,12400
10319,21410
10319,21696
10319,22386
10320,12400
10320,21410
10320,21696
10320,22386
10321,1198
10321,7458
10321,17772
10321,25166
10322,6524
10322,16331
10322,19866
10322,26965
10323,3174
10323,6772
10323,20513
10324,14104
10324,20160
10324,23313
10324,23941
10325,7809
10325,13236
10325,13510
10325,15440
10326,551
10327,12719
10328,4091
10328,9531
10328,9653
10328,26181
10329,5084
10329,15314
10329,18648
10329,20004
10330,5936
10330,12950
10330,13516
10330,24318
10331,4996
10331,5668
10331,8303
10331,22706
10332,1950
10332,11602
10332,11915
10332,18890
10333,3426
10333,6048
10333,7601
10333,18067
10334,10207
10334,12220
10334,19074
10334,26305
10335,3542
10335,10591
10335,12967
10335,13492
10336,9140
10336,11194
10336,17826
10336,22348
10337,16514
10337,19655
10337,20627
10337,22801
10338,9100
10338,11013
10338,20815
10338,22747
10339,1895
10339,20118
10339,20601
10339,26160
10340,7278
10340,8117
10340,26757
10340,27547
10341,9890
10341,10275
10341,22099
10341,26061
10342,3664
10342,7839
10342,8985
10342,9524
10343,5651
10343,10643
10343,16217
10343,25534
10344,236
10344,8783
10344,14238
10344,20646
10345,676
10345,1885
10345,10949
10345,15242
10346,9275
10346,14372
10346,21346
10346,21650
10347,8746
10347,16701
10347,16982
10347,27238
10348,1270
10348,4327
10348,19520
10348,23690
10349,4667
10349,5651
10349,17447
10349,23072
10350,15688
10351,3381
10351,13888
10351,22797
10351,25949
10352,11883
10352,13801
10352,22081
10352,25332
10353,2121
10353,2911
10353,19479
10353,24311
10354,8180
10354,9499
10354,11885
10354,22141
10355,12009
10355,18346
10355,21837
10355,24232
10356,6748
10356,18762
10356,23075
10356,28352
10357,4776
10357,6269
10357,6391
10357,18694
10358,14284
10358,18426
10358,21311
10358,24937
10359,9430
10359,16895
10359,17245
10359,18145
10360,1333
10360,2833
10360,11124
10360,28422
10361,4670
10361,6683
10361,11242
10361,20439
10362,10130
10362,14639
10362,15247
10362,18123
10363,1106
10363,12404
10363,14240
10364,3371
10364,5251
10364,6342
10364,20795
10365,8630
10365,20486
10365,28119
10365,28322
10366,14350
10366,14773
10366,21975
10366,26632
10367,7837
10367,14957
10367,16904
10367,23007
10368,10632
10368,14778
10368,15760
10368,24693
10369,921
10369,12747
10369,21132
10369,27221
10370,9500
10370,10990
10370,14781
10370,16995
10371,7745
10371,13534
10371,15655
10371,25170
10372,680
10372,21986
10372,22974
10372,23595
10373,1772
10373,8834
10373,9331
10373,11075
10374,952
10374,2481
10374,8435
10374,24113
10375,4901
10375,10727
10375,13911
10375,25861
10376,536
10376,3883
10376,7349
10376,26005
10377,8599
10377,17045
10377,17795
10377,21762
10378,2481
10378,4505
10378,9892
10378,21972
10379,5337
10379,6115
10379,10320
10379,17417
10380,14911
10380,19403
10380,25959
10380,26647
10381,1910
10381,4809
10381,8411
10381,24443
10382,1749
10382,4988
10382,9233
10382,26657
10383,1147
10383,1910
10383,5275
10383,8178
10384,7552
10384,13731
10384,17968
10384,21623
10385,2849
10385,17817
10385,18412
10385,24134
10386,8797
10386,10207
10386,14522
10386,20103
10387,7096
10387,8100
10387,10106
10387,12501
10388,5067
10388,6069
10388,14259
10388,23245
10389,4181
10389,14744
10389,17297
10389,27900
10390,12590
10391,1440
10391,5650
10391,24963
10391,26152
10392,3032
10392,3279
10392,22593
10392,27303
10393,5380
10393,8396
10393,10029
10393,17952
10394,821
10394,9213
10394,16772
10394,27184
10395,20699
10395,24854
10395,27059
10395,27334
10396,2288
10396,8267
10396,17196
10396,19078
10397,2295
10397,5005
10397,12201
10397,22248
10398,4053
10398,12088
10398,25035
10398,25977
10399,9374
10399,16390
10399,25673
10399,27469
10400,2480
10400,7726
10400,12141
10400,26637
10401,6019
10401,6607
10401,11916
10401,17129
10402,2019
10402,12627
10402,14853
10402,23042
10403,2389
10403,10014
10403,12546
10403,27365
10404,7976
10404,9549
10404,22411
10404,27256
10405,2399
10405,8718
10405,18774
10405,22264
10406,17077
10406,17843
10406,18084
10406,26950
10407,4549
10408,11265
10408,16022
10408,24921
10408,25940
10409,10069
10409,10507
10409,10652
10409,25606
10410,2905
10410,3434
10410,4951
10410,12162
10411,4199
10411,5466
10411,11250
10411,26969
10412,4257
10412,11724
10412,15645
10412,19458
10413,2922
10413,7351
10413,9156
10413,12957
10414,3382
10414,6861
10414,11530
10414,11662
10415,3620
10415,5389
10415,26204
10415,26982
10416,3374
10416,6958
10416,28531
10417,2447
10417,5652
10417,6984
10417,13812
10418,6348
10418,9826
10418,15769
10418,17082
10419,3061
10420,771
10420,7690
10420,18753
10420,23682
10421,2059
10421,20300
10421,23620
10421,23901
10422,6035
10422,18044
10423,9885
10423,15161
10423,20115
10423,21397
10424,586
10424,5803
10424,19215
10424,23285
10425,4584
10425,6416
10425,9980
10425,26549
10426,4618
10426,16149
10426,17141
10426,26159
10427,1771
10427,1808
10427,6839
10427,9131
10428,13451
10428,21107
10428,21236
10428,24080
10429,9615
10429,14912
10429,15602
10429,21465
10430,9192
10430,11694
10430,16716
10430,23931
10431,9084
10431,10943
10431,11263
10431,14021
10432,4495
10432,12371
10432,17223
10432,19362
10433,1730
10433,14292
10433,23597
10433,23939
10434,9728
10434,13457
10434,14836
10434,17110
10435,10214
10435,15297
10435,16587
10435,23584
10436,9902
10436,16995
10436,22673
10436,27465
10437,2783
10437,13876
10437,15566
10437,19149
10438,831
10438,9654
10438,16918
10438,18988
10439,8865
10439,12839
10439,19471
10439,28253
10440,4051
10440,6280
10440,11884
10440,27206
10441,567
10441,7508
10441,11770
10441,12523
10442,2095
10442,14017
10442,21929
10442,25055
10443,5419
10443,13495
10443,18205
10443,26199
10444,6407
10444,6569
10444,6813
10444,10947
10445,3819
10445,17188
10445,17552
10445,20436
10446,1232
10446,10723
10446,17657
10446,17773
10447,594
10447,14282
10447,15063
10447,16209
10448,7360
10448,17541
10448,20084
10448,24540
10449,3818
10449,4385
10449,17694
10449,23833
10450,2901
10450,9677
10450,17688
10450,25795
10451,10433
10451,12689
10451,17134
10451,19386
10452,9142
10452,11955
10452,12020
10452,19846
10453,2081
10453,2181
10453,5883
10453,16207
10454,3589
10454,14561
10454,21654
10454,23646
10455,4615
10455,16083
10455,17101
10455,17906
10456,9264
10456,11032
10456,17922
10456,28508
10457,12405
10457,13131
10457,20613
10457,22408
10458,83
10458,5902
10458,11285
10458,18001
10459,4228
10459,6618
10459,20553
10459,22693
10460,8467
10460,8477
10460,19889
10460,22958
10461,839
10461,9103
10461,23568
10461,27971
10462,19366
10463,1341
10463,12134
10463,17099
10463,19960
10464,13475
10464,17795
10464,20264
10464,28322
10465,3073
10465,7263
10465,21098
10465,21554
10466,10242
10466,11916
10466,14007
10466,16922
10467,4380
10467,8098
10467,20745
10467,21730
10468,19271
10468,19687
10468,21515
10468,28407
10469,20476
10470,20477
10471,802
10471,7194
10471,9234
10471,22424
10472,1919
10472,6596
10472,16621
10472,27055
10473,7833
10473,7986
10473,12110
10473,22342
10474,3025
10474,13520
10474,17313
10474,22362
10475,17235
10475,27755
10476,4255
10476,8950
10476,18823
10476,27795
10477,2582
10477,18251
10477,21549
10478,21507
10478,22352
10478,23717
10478,28477
10479,1952
10479,2394
10479,13615
10479,14557
10480,1536
10480,12224
10480,13384
10480,20443
10481,4136
10481,17394
10481,25706
10481,26693
10482,10692
10482,15714
10482,18509
10483,373
10483,12561
10483,24283
10483,24604
10484,7085
10484,10198
10484,20010
10484,26865
10485,1940
10485,8007
10485,13000
10485,16953
10486,791
10486,2249
10486,21554
10486,23719
10487,4404
10487,9879
10487,12993
10487,14210
10488,10862
10488,13559
10488,15310
10488,27644
10489,6003
10489,6425
10489,7194
10489,28527
10490,8867
10490,12533
10490,13190
10490,17994
10491,3072
10491,3653
10491,26956
10491,27193
10492,2118
10492,12396
10492,14452
10492,21186
10493,9292
10493,15551
10493,19615
10493,26181
10494,251
10494,7365
10494,13982
10494,14496
10495,4758
10495,11641
10495,19463
10495,20352
10496,5139
10496,5298
10496,9865
10496,11006
10497,5966
10497,8627
10497,10995
10497,11822
10498,8246
10498,17373
10498,19105
10498,23701
10499,808
10499,1121
10499,3235
10499,11696
10500,10657
10500,11737
10500,14859
10500,15691
10501,697
10501,17713
10501,19902
10501,21719
10502,13918
10502,15970
10502,15976
10502,27470
10503,3371
10503,3466
10503,8009
10503,27615
10504,334
10504,8284
10504,20938
10504,23623
10505,5
10505,13100
10505,18538
10505,27512
10506,11883
10506,13801
10506,22081
10506,25332
10507,3667
10507,3751
10507,19862
10507,22189
10508,3048
10508,8443
10508,13641
10508,27990
10509,5331
10509,6201
10509,7990
10509,13792
10510,21839
10511,11986
10511,18675
10511,20034
10511,21623
10512,916
10512,1609
10512,2591
10512,20332
10513,10342
10513,15207
10513,18034
10513,25414
10514,2334
10514,13225
10514,16011
10514,21593
10515,3974
10515,15029
10515,15515
10515,17338
10516,3237
10516,16402
10516,25975
10516,26334
10517,891
10517,9049
10517,13623
10517,27225
10518,2086
10518,16885
10518,18199
10518,22238
10519,958
10519,3109
10519,18819
10519,26373
10520,638
10520,1993
10520,15228
10520,26753
10521,10142
10521,15509
10521,18938
10521,19631
10522,22167
10522,27806
10523,16616
10523,22260
10523,23791
10523,28332
10524,9552
10524,18754
10524,26561
10524,27785
10525,3214
10525,17439
10525,24422
10525,25002
10526,713
10526,3176
10526,12120
10526,18241
10527,1746
10527,6700
10527,13176
10527,19526
10528,6159
10528,15597
10528,22653
10528,24768
10529,5119
10529,5627
10529,16315
10529,27774
10530,793
10530,1490
10530,3502
10530,24733
10531,4042
10531,6548
10531,22067
10531,24470
10532,9102
10532,10369
10532,15369
10532,20920
10533,22240
10533,23231
10533,23398
10533,24474
10534,4255
10534,18292
10534,19117
10534,21802
10535,5099
10535,9499
10535,19104
10535,24935
10536,640
10536,8094
10536,17600
10536,26764
10537,2425
10537,2568
10537,8109
10537,16185
10538,1762
10538,6860
10538,12384
10538,12442
10539,1110
10539,4054
10539,11064
10539,11672
10540,6428
10540,11380
10540,13574
10540,15474
10541,8327
10541,8472
10541,16203
10541,24949
10542,2425
10542,8035
10542,12292
10542,16260
10543,26811
10544,3741
10544,14615
10544,18483
10544,20038
10545,2033
10545,11122
10545,15819
10545,22399
10546,9781
10546,13080
10546,18278
10546,25217
10547,3412
10547,4731
10547,8714
10547,21001
10548,9360
10548,13534
10548,15346
10548,15419
10549,20477
10550,25258
10551,5183
10551,6941
10551,10427
10551,11301
10552,1714
10552,13552
10552,25519
10552,27765
10553,4771
10553,7081
10553,13075
10553,26049
10554,248
10554,730
10554,23885
10554,25533
10555,407
10555,3631
10555,11541
10555,20349
10556,8586
10556,16765
10556,18181
10556,26111
10557,13115
10557,16611
10557,18127
10557,23930
10558,365
10558,7753
10558,19315
10558,26585
10559,639
10559,4190
10559,6833
10559,22635
10560,1482
10560,2492
10560,12128
10560,20440
10561,1173
10561,2368
10561,6385
10561,28450
10562,5820
10562,6661
10562,7756
10562,10532
10563,1184
10563,5820
10563,6661
10563,7756
10564,9354
10564,14796
10564,17713
10564,26138
10565,1184
10565,2425
10565,6661
10565,7756
10566,11925
10566,20154
10566,24521
10566,25827
10567,1184
10567,6661
10567,7756
10567,19913
10568,2042
10568,15719
10568,20154
10568,24521
10569,2256
10569,21769
10569,23478
10569,24972
10570,5820
10570,21574
10570,21769
10570,23478
10571,5820
10571,6661
10571,7756
10571,10532
10572,3932
10572,15453
10572,20253
10572,25722
10573,3053
10573,4476
10573,13684
10573,25304
10574,5820
10574,16185
10574,20591
10574,27780
10575,1184
10575,5820
10575,6661
10575,7756
10576,491
10576,5743
10576,25863
10576,25896
10577,17888
10577,22025
10577,26202
10577,28319
10578,1903
10578,9061
10578,11323
10578,13459
10579,1929
10579,10246
10579,22710
10579,25031
10580,6802
10580,9970
10580,17322
10580,26132
10581,6380
10581,15852
10581,16668
10581,27296
10582,8982
10582,13680
10582,15812
10582,28417
10583,10812
10583,12596
10583,18039
10583,22025
10584,9090
10584,12097
10584,14798
10584,19190
10585,5365
10585,7001
10585,8661
10585,27948
10586,15223
10586,20599
10586,21278
10587,5830
10587,16897
10587,27220
10588,7327
10588,9626
10588,24865
10588,25890
10589,5241
10589,13095
10589,21372
10589,27047
10590,20477
10591,4047
10591,18375
10591,22199
10591,27338
10592,4647
10592,7533
10592,11903
10592,12413
10593,2947
10593,3920
10593,6165
10593,17806
10594,7106
10594,7283
10594,7361
10594,16612
10595,6559
10595,15375
10596,6654
10596,23260
10596,23742
10596,23906
10597,1330
10597,6980
10597,19687
10597,22172
10598,18714
10598,21081
10598,22474
10598,23077
10599,4117
10599,6995
10599,12411
10599,18791
10600,18695
10600,22085
10600,24582
10600,26830
10601,427
10601,6239
10601,9005
10601,20181
10602,2104
10602,13191
10602,18460
10602,21403
10603,1437
10603,8548
10603,11347
10603,25411
10604,6647
10604,23340
10604,28082
10604,28401
10605,7264
10605,10727
10605,17492
10605,27650
10606,12071
10606,14452
10606,19567
10606,23320
10607,10382
10607,11233
10607,12795
10607,16597
10608,10469
10608,15739
10608,22465
10608,26386
10609,12906
10609,22248
10609,23054
10609,27342
10610,2037
10610,5136
10610,23901
10610,27111
10611,4458
10611,14524
10611,15448
10611,25577
10612,12797
10612,15155
10612,23718
10612,23850
10613,11639
10613,12797
10613,17026
10613,23704
10614,1444
10614,6742
10614,7537
10614,8678
10615,3223
10615,11539
10615,24841
10615,27153
10616,1773
10616,22003
10616,22223
10616,26373
10617,7981
10617,11866
10617,20163
10617,21725
10618,14368
10618,14549
10618,21021
10618,23609
10619,11380
10619,13574
10619,16368
10619,23966
10620,8796
10620,10965
10620,19230
10620,21310
10621,4538
10621,6116
10621,7036
10621,20213
10622,11380
10622,13574
10622,16368
10622,27928
10623,11380
10623,13574
10623,16368
10623,22167
10624,3542
10624,7893
10624,17148
10624,20349
10625,4203
10625,15126
10625,18059
10625,25349
10626,3635
10626,16975
10626,26099
10626,26780
10627,6370
10627,10043
10627,11554
10627,15694
10628,9838
10628,12029
10629,7823
10629,14223
10629,15187
10629,23112
10630,756
10630,5560
10630,24350
10630,26832
10631,751
10631,4987
10631,9140
10631,15996
10632,13655
10632,19563
10632,19605
10632,20743
10633,6898
10633,11236
10633,17656
10633,20406
10634,4901
10634,13731
10634,19592
10634,24071
10635,9646
10635,14571
10635,23871
10635,25023
10636,1571
10636,10589
10636,14024
10636,24259
10637,14971
10637,15596
10638,5868
10638,14924
10638,26330
10638,27613
10639,4467
10639,6427
10639,14498
10639,17259
10640,1730
10640,10198
10640,22811
10640,24096
10641,249
10641,6878
10641,12399
10641,12959
10642,5178
10642,18451
10642,18810
10642,20966
10643,2346
10643,8733
10643,24269
10643,24869
10644,2090
10644,14384
10644,19106
10644,27898
10645,4834
10645,6800
10645,16148
10645,24283
10646,8635
10646,12406
10646,12714
10646,17394
10647,635
10647,683
10647,4890
10647,9404
10648,3390
10648,14246
10648,22467
10648,26693
10649,144
10649,19195
10649,21952
10649,25984
10650,4417
10650,15564
10650,18471
10650,24106
10651,5124
10651,11064
10651,11672
10651,28465
10652,1085
10652,3885
10652,28109
10653,11178
10653,12765
10653,18640
10653,24633
10654,9534
10654,14837
10654,20257
10654,24610
10655,1324
10655,12588
10655,14499
10655,21348
10656,3673
10656,3783
10656,18454
10656,20921
10657,271
10657,1285
10657,1466
10657,21277
10658,17162
10658,19606
10658,20544
10658,21837
10659,3702
10659,4120
10659,8196
10659,14123
10660,6846
10660,7305
10660,19265
10660,25654
10661,4328
10661,27077
10662,4183
10662,10101
10662,17790
10662,19568
10663,1778
10663,14897
10663,17750
10663,18025
10664,2589
10664,8518
10664,22876
10664,25769
10665,3691
10665,6974
10665,16205
10665,21008
10666,20477
10667,3699
10667,19188
10667,19594
10667,21208
10668,684
10668,1545
10668,8822
10668,22013
10669,679
10669,684
10669,12869
10669,22989
10670,679
10670,684
10670,8822
10670,16831
10671,1163
10671,17605
10671,19321
10671,24892
10672,10971
10672,17659
10672,23063
10672,25729
10673,10865
10673,16290
10673,19719
10673,26496
10674,3885
10674,5201
10674,5222
10674,16316
10675,10841
10675,14302
10675,21190
10675,26186
10676,2665
10676,19713
10676,21904
10676,26373
10677,3574
10677,4575
10677,18735
10677,25486
10678,2261
10678,2375
10678,7052
10678,25650
10679,19427
10680,3502
10680,9572
10680,20530
10680,21134
10681,1613
10681,4686
10681,14591
10681,26712
10682,19460
10682,20803
10682,24786
10682,27668
10683,5876
10683,10964
10683,19094
10683,22821
10684,3140
10684,7388
10684,25807
10684,27292
10685,7775
10685,20679
10685,21019
10685,28076
10686,3205
10686,11637
10686,17473
10686,23098
10687,1666
10687,5901
10687,9403
10687,21411
10688,467
10688,6584
10688,11852
10688,13050
10689,4681
10689,22454
10689,27108
10689,28482
10690,2482
10691,3578
10691,13441
10691,14651
10691,18113
10692,11207
10692,16213
10692,17713
10692,24721
10693,1376
10693,3655
10693,10010
10693,14444
10694,960
10694,1009
10694,9366
10694,9493
10695,10869
10695,13872
10695,23850
10695,26017
10696,23915
10696,24007
10696,25772
10697,3366
10697,3700
10697,10523
10697,10839
10698,2749
10698,4997
10698,9082
10698,21617
10699,783
10699,7689
10699,21213
10699,28192
10700,3072
10700,4010
10700,13802
10700,26334
10701,3072
10701,13285
10701,14339
10701,23077
10702,3072
10702,13412
10702,13802
10702,27110
10703,2870
10703,7227
10703,25440
10703,28320
10704,3653
10704,4769
10704,13919
10704,24437
10705,2481
10705,3639
10705,10822
10705,12990
10706,2953
10706,11391
10706,17129
10706,25338
10707,4649
10707,9813
10707,10240
10707,15467
10708,633
10708,8248
10708,11403
10708,14744
10709,8197
10709,14190
10709,21497
10709,21974
10710,9549
10710,13407
10710,13624
10710,14609
10711,2558
10711,4886
10711,14943
10711,18598
10712,3965
10712,13434
10712,19581
10712,22032
10713,12132
10713,14820
10713,19530
10713,25891
10714,4309
10714,6627
10714,9368
10714,17188
10715,1608
10715,3442
10715,3639
10715,13856
10716,9974
10716,19006
10716,21784
10716,22769
10717,490
10717,7263
10717,21730
10717,22909
10718,4670
10718,14434
10718,17542
10718,22940
10719,8686
10719,27362
10720,6662
10720,12313
10720,15907
10720,16681
10721,12234
10721,12438
10721,26572
10721,26952
10722,12845
10722,17343
10722,21125
10722,21633
10723,3109
10723,13385
10723,20500
10723,27394
10724,1087
10724,10296
10724,19429
10724,23778
10725,7314
10725,20648
10725,27803
10726,2495
10726,11905
10726,28239
10727,2114
10727,7535
10727,16511
10727,28372
10728,6737
10728,16221
10728,20162
10728,23838
10729,1947
10729,2393
10729,12014
10729,21683
10730,7186
10730,8794
10730,15253
10730,26832
10731,16829
10731,18948
10731,20515
10731,21129
10732,2770
10732,7658
10732,12907
10732,19970
10733,6647
10733,14278
10733,23173
10733,23566
10734,9410
10734,16442
10734,22598
10734,26965
10735,4990
10735,11703
10735,16149
10735,26911
10736,7782
10736,13303
10736,14656
10736,21124
10737,8751
10737,12504
10737,23930
10737,25767
10738,10398
10738,13231
10738,17188
10738,26985
10739,2725
10739,6982
10739,17063
10739,23616
10740,1914
10740,4454
10740,8122
10740,12345
10741,20477
10742,5680
10742,20121
10742,23731
10742,28512
10743,2427
10743,9342
10743,10540
10743,14894
10744,196
10744,9781
10744,11309
10744,17006
10745,13040
10745,13534
10745,25484
10745,26730
10746,608
10746,13414
10746,14367
10746,26141
10747,6859
10747,11131
10747,16525
10747,17785
10748,294
10748,8356
10748,16405
10748,26684
10749,1605
10749,14631
10749,14999
10749,19687
10750,10085
10750,13606
10750,14814
10750,16751
10751,1358
10751,3841
10751,17191
10751,28013
10752,6574
10752,14643
10752,16437
10752,20350
10753,2405
10753,5995
10753,8092
10753,12086
10754,532
10754,17174
10754,24541
10754,25317
10755,45
10755,8811
10755,17217
10755,19303
10756,7552
10756,10320
10756,11171
10756,11360
10757,13062
10757,13559
10757,14639
10757,17514
10758,4
10758,1031
10758,6722
10758,22887
10759,3614
10759,7325
10759,18710
10759,18745
10760,997
10760,5326
10760,14984
10760,27372
10761,9570
10761,16800
10761,19708
10761,20723
10762,100
10762,21986
10763,6872
10763,9005
10763,23851
10763,24179
10764,863
10764,1812
10764,8094
10764,18064
10765,1873
10765,18328
10765,24218
10765,24648
10766,3476
10766,8712
10766,15719
10766,21425
10767,7297
10767,9858
10767,13440
10767,24246
10768,629
10768,2234
10768,2779
10768,22283
10769,3187
10769,13765
10769,18003
10769,19405
10770,1131
10770,6427
10770,16995
10770,18849
10771,10582
10771,16909
10771,17607
10771,25518
10772,108
10772,8233
10772,10121
10772,10429
10773,3305
10773,3773
10773,6648
10773,7921
10774,4228
10774,11577
10774,13765
10774,24108
10775,1953
10775,2509
10775,17670
10775,26914
10776,7717
10776,10987
10776,12488
10776,17426
10777,28
10777,6834
10777,7380
10777,16905
10778,204
10778,8894
10778,11347
10778,24686
10779,1974
10779,10524
10779,17906
10779,20756
10780,1974
10780,4073
10780,17906
10780,20756
10781,16851
10781,18336
10781,22978
10781,26390
10782,3611
10782,3774
10782,10527
10782,13542
10783,1950
10783,16245
10783,19074
10783,25500
10784,5609
10784,19155
10784,19684
10784,25026
10785,8022
10785,11432
10785,22995
10785,27438
10786,5137
10786,11709
10786,21478
10786,23117
10787,7960
10787,10605
10787,21230
10787,21288
10788,2625
10788,14674
10788,19475
10788,25593
10789,1963
10789,14947
10789,23258
10789,27921
10790,7264
10790,9379
10790,18897
10790,27674
10791,18975
10791,19204
10791,19650
10791,19865
10792,1849
10792,2962
10792,6459
10792,27258
10793,7600
10793,8477
10793,11415
10793,28401
10794,8152
10794,15887
10794,19496
10794,21671
10795,6547
10795,20246
10795,21204
10795,24297
10796,34
10796,11561
10796,18002
10796,28205
10797,7584
10797,12406
10797,15833
10797,19550
10798,15852
10798,17562
10798,22999
10798,26587
10799,16564
10799,19416
10799,20592
10799,25714
10800,1965
10800,10852
10800,11956
10800,14762
10801,4442
10801,10615
10801,14142
10801,18976
10802,9579
10802,12021
10802,14879
10802,14974
10803,4546
10803,6357
10803,12785
10803,22286
10804,3442
10804,13062
10804,17552
10804,26153
10805,4595
10805,6196
10805,8639
10805,9992
10806,5296
10806,14758
10806,22532
10806,24096
10807,10473
10807,10780
10807,13635
10807,25136
10808,3464
10808,20214
10808,26093
10808,26138
10809,808
10809,3067
10809,10049
10809,14561
10810,5976
10810,11043
10810,25610
10810,28208
10811,18197
10812,6037
10812,7631
10812,20955
10812,28427
10813,1200
10813,10054
10813,17319
10813,18370
10814,659
10814,3371
10814,6342
10814,21840
10815,2479
10815,8831
10815,13099
10815,24961
10816,751
10816,4987
10816,17841
10816,26881
10817,12798
10817,18161
10817,19513
10817,22098
10818,6284
10818,15806
10818,23452
10818,24393
10819,197
10819,8464
10819,10508
10819,24286
10820,2162
10820,21354
10820,22887
10820,27098
10821,9593
10821,11375
10821,11593
10821,12282
10822,1173
10822,16578
10822,19403
10822,23451
10823,11944
10823,13932
10823,15670
10823,27508
10824,6342
10824,13050
10824,18313
10824,27971
10825,5502
10825,6833
10825,10182
10825,16860
10826,6551
10826,10657
10826,13558
10826,17642
10827,11318
10827,13947
10827,20192
10827,28165
10828,275
10828,8669
10828,19849
10828,26761
10829,344
10829,13050
10829,22390
10829,22736
10830,3864
10830,7466
10830,10657
10830,14879
10831,16509
10831,17659
10831,18650
10831,26965
10832,1802
10832,3572
10832,11415
10832,26367
10833,14827
10833,18758
10833,21462
10833,25595
10834,4557
10834,6901
10834,10949
10834,20843
10835,3678
10835,15874
10835,24446
10835,28510
10836,20477
10837,1338
10837,7631
10837,17283
10837,25273
10838,19717
10838,23466
10838,25290
10838,25879
10839,2371
10839,10407
10839,24150
10839,27970
10840,20477
10841,4700
10841,10818
10842,644
10842,15493
10842,22695
10842,27231
10843,9070
10843,18367
10843,20271
10843,21491
10844,2547
10844,5165
10844,15873
10844,26791
10845,5860
10845,7262
10845,7708
10845,17773
10846,1159
10846,2890
10846,6950
10846,11800
10847,2053
10847,7680
10847,12646
10847,14052
10848,15116
10848,21610
10848,24257
10848,27341
10849,24940
10850,614
10850,10626
10850,12193
10850,17383
10851,18080
10851,19915
10851,23168
10851,23259
10852,2854
10852,15107
10852,15802
10852,15947
10853,18547
10853,23542
10853,23903
10854,9651
10854,15998
10854,19512
10854,27528
10855,12152
10855,14952
10855,18806
10855,24539
10856,11083
10856,23077
10856,24129
10856,27151
10857,997
10857,4662
10857,21081
10857,23140
10858,14535
10858,15057
10858,20012
10858,23203
10859,6427
10859,14281
10859,20050
10859,26710
10860,5499
10860,26745
10860,28027
10860,28400
10861,4309
10861,16724
10861,25411
10861,27568
10862,1708
10862,19283
10863,5625
10863,5979
10863,12601
10863,26792
10864,1111
10864,2599
10864,13857
10864,27650
10865,1550
10865,16572
10865,24161
10865,27825
10866,4476
10866,7264
10866,23217
10866,26727
10867,8303
10867,13385
10867,16644
10867,28256
10868,4858
10868,4910
10868,19897
10868,21424
10869,3808
10869,6547
10869,8067
10869,20394
10870,6238
10870,10427
10870,21299
10870,27392
10871,2484
10871,9254
10871,10427
10871,28427
10872,1240
10872,9870
10872,9946
10872,16935
10873,1735
10873,4460
10873,12889
10873,26533
10874,294
10874,1927
10874,13467
10874,22767
10875,2304
10875,6667
10875,15072
10875,27582
10876,4840
10876,12158
10876,16172
10876,18097
10877,1782
10877,14290
10877,17434
10877,26477
10878,3442
10878,18413
10878,18637
10878,23657
10879,2117
10879,4545
10879,27152
10879,28303
10880,14285
10880,22408
10880,26648
10880,27219
10881,6203
10881,14255
10881,18208
10881,20077
10882,8201
10882,17700
10882,19219
10882,27233
10883,7707
10883,14452
10883,21186
10883,27182
10884,4802
10884,13146
10884,15439
10884,16300
10885,3885
10885,4825
10885,10705
10885,15908
10886,17270
10886,22114
10886,24192
10886,27522
10887,222
10887,4121
10887,5798
10887,26303
10888,5560
10888,7084
10888,8152
10888,24397
10889,2727
10889,17188
10889,19067
10889,23301
10890,1040
10890,3299
10890,10071
10890,14576
10891,355
10891,11305
10891,12533
10891,18136
10892,5425
10892,7061
10892,11394
10892,24357
10893,4008
10893,7310
10893,23036
10893,25659
10894,15111
10894,17270
10894,17955
10894,23751
10895,622
10895,5911
10895,12146
10895,12392
10896,2637
10896,7364
10896,17006
10896,26355
10897,8367
10897,19492
10897,24646
10897,28460
10898,6471
10898,11380
10898,16368
10898,27425
10899,14164
10899,20429
10899,21828
10899,24184
10900,136
10900,4427
10900,8632
10900,9715
10901,12783
10901,15674
10901,20459
10901,23283
10902,5781
10902,13113
10902,20381
10902,23347
10903,4016
10903,10164
10903,12004
10903,12138
10904,5356
10904,19100
10904,23263
10904,24321
10905,409
10905,5499
10905,10978
10905,17308
10906,2436
10906,11160
10906,12272
10906,12416
10907,235
10907,14294
10907,21117
10907,24777
10908,2329
10908,13932
10908,20641
10908,27114
10909,4476
10909,8003
10909,10320
10909,19075
10910,10715
10910,12922
10910,22366
10910,23193
10911,6839
10911,13929
10911,21840
10911,27823
10912,1600
10912,15426
10912,22728
10912,25293
10913,1249
10913,7777
10913,8310
10913,14331
10914,2770
10914,7657
10914,17906
10914,24916
10915,746
10915,10348
10915,11124
10915,24274
10916,10261
10916,11208
10916,15442
10916,24919
10917,624
10917,16819
10917,24604
10917,26031
10918,4136
10918,6813
10918,8141
10918,11672
10919,7102
10919,13217
10919,19550
10919,26693
10920,3480
10920,21156
10920,22956
10920,27196
10921,1195
10921,12832
10921,15855
10921,18751
10922,2414
10922,4113
10922,12605
10922,14948
10923,2070
10923,2982
10923,4998
10923,11527
10924,863
10924,1812
10924,8094
10924,18064
10925,20477
10926,3149
10926,8583
10926,9372
10926,15570
10927,9911
10927,15064
10927,16072
10927,22197
10928,12386
10928,18506
10928,22443
10928,23043
10929,265
10929,1030
10929,3074
10929,19070
10930,6691
10930,8541
10930,14289
10930,17804
10931,196
10931,4511
10931,19455
10931,20855
10932,9920
10932,17651
10932,22812
10932,24595
10933,3988
10933,12197
10933,14798
10933,19407
10934,20315
10934,25510
10934,25752
10935,48
10935,390
10935,16019
10935,24449
10936,3791
10936,13668
10936,24531
10936,27428
10937,746
10937,18193
10937,20075
10937,24274
10938,155
10938,16095
10938,25430
10938,26500
10939,1743
10939,9138
10939,14678
10939,18240
10940,274
10940,3386
10940,17369
10940,20478
10941,923
10941,12818
10941,13274
10941,20353
10942,7790
10942,10545
10942,11363
10942,12196
10943,2005
10943,5574
10943,15517
10943,20551
10944,13556
10944,22312
10944,22494
10944,25325
10945,146
10945,2414
10945,21977
10945,24283
10946,2685
10946,8978
10946,10747
10946,24004
10947,371
10947,2739
10947,12006
10947,19132
10948,16613
10948,19753
10948,23154
10948,26717
10949,1302
10949,7364
10949,17506
10949,28248
10950,10945
10950,11817
10950,19787
10950,20402
10951,3218
10951,6862
10951,18584
10951,27364
10952,2200
10952,6226
10952,8666
10952,24924
10953,2093
10953,7175
10953,9392
10953,13545
10954,1055
10954,4426
10954,18157
10954,22246
10955,2144
10955,7295
10955,22479
10955,26693
10956,108
10956,4537
10956,17370
10956,20775
10957,2344
10957,5388
10957,20893
10957,24409
10958,11818
10958,13906
10958,18696
10958,24647
10959,16106
10959,17145
10959,21100
10959,26062
10960,12726
10961,6338
10961,8452
10961,14327
10961,14633
10962,1055
10962,8852
10962,13308
10962,19574
10963,12036
10963,20032
10963,20856
10963,24147
10964,17478
10964,23572
10964,24065
10964,28121
10965,1055
10965,12802
10965,14523
10965,23136
10966,2280
10966,3291
10966,10781
10966,22761
10967,4149
10967,4258
10967,16174
10967,18175
10968,1055
10968,16401
10968,20577
10968,25860
10969,1055
10969,8906
10969,23683
10969,27775
10970,1055
10970,4024
10970,20202
10970,28521
10971,4462
10971,8665
10971,16616
10971,21458
10972,12537
10972,26142
10972,26383
10972,26883
10973,5307
10973,5982
10973,12167
10973,19611
10974,4069
10974,7870
10974,19060
10974,25639
10975,1452
10975,3551
10975,3609
10975,16904
10976,2411
10976,5388
10976,6242
10976,14340
10977,2393
10977,6647
10977,16309
10977,26965
10978,1795
10978,8315
10978,9524
10978,12570
10979,6374
10979,18329
10979,23351
10979,26831
10980,7263
10980,8582
10980,18681
10980,26965
10981,4237
10981,8547
10981,26448
10981,27045
10982,7263
10982,9180
10982,22058
10982,26965
10983,4913
10983,20009
10983,22184
10983,26111
10984,3398
10984,16672
10984,21912
10984,26561
10985,751
10985,24085
10985,26650
10985,27725
10986,2414
10986,4241
10986,16260
10986,26752
10987,680
10987,2845
10987,10012
10987,10554
10988,3364
10988,4073
10988,12035
10988,24551
10989,12561
10989,14206
10989,24283
10989,24604
10990,17849
10990,23369
10990,23682
10990,26768
10991,3260
10991,9140
10991,14257
10991,22974
10992,6129
10992,14465
10992,20604
10992,26066
10993,8232
10993,13260
10993,15987
10993,16331
10994,7396
10994,14760
10994,16119
10994,23276
10995,11672
10995,27359
10995,27924
10995,28396
10996,47
10996,2700
10996,12406
10996,26766
10997,610
10997,3480
10997,8359
10997,26766
10998,6499
10998,10427
10998,12282
10998,15996
10999,10246
10999,13461
10999,18335
10999,24155
11000,9764
11000,16048
11000,25080
11000,25531
11001,28250
11002,3643
11002,17746
11002,22732
11002,27131
11003,8208
11003,9292
11003,10287
11003,21913
11004,1861
11004,21017
11005,6217
11005,24041
11005,25764
11005,27522
11006,4849
11006,21604
11007,8606
11007,13611
11007,14301
11007,22055
11008,19460
11008,19783
11008,24919
11008,27955
11009,17673
11009,24039
11010,15111
11010,21174
11010,22588
11010,23899
11011,6100
11011,7713
11011,12106
11011,16426
11012,3273
11012,3523
11012,11000
11012,20654
11013,1127
11013,6095
11013,18927
11013,23675
11014,4668
11014,13365
11014,15244
11014,15709
11015,921
11015,11243
11015,23199
11015,24979
11016,102
11016,4004
11016,11331
11016,15370
11017,6995
11017,7927
11017,16688
11017,28167
11018,7688
11018,19692
11018,22446
11018,25150
11019,16915
11019,17370
11019,25934
11019,27173
11020,4467
11020,6995
11020,16397
11020,19977
11021,5558
11021,19898
11021,21916
11021,25220
11022,5655
11022,13978
11022,17690
11022,26911
11023,1667
11023,5027
11023,5325
11023,6217
11024,1262
11024,2947
11024,15636
11024,24427
11025,6568
11025,18998
11025,22676
11025,28434
11026,3299
11026,8074
11026,11582
11026,22592
11027,1343
11027,2481
11027,17492
11027,20481
11028,5502
11028,6562
11028,10643
11028,22811
11029,11479
11029,11924
11029,23901
11029,24569
11030,3499
11030,5637
11030,5905
11030,13786
11031,6468
11031,9242
11031,16460
11031,16468
11032,3558
11032,7657
11032,12839
11032,19230
11033,3725
11033,5256
11033,8232
11033,21554
11034,10354
11034,19460
11034,19783
11034,24919
11035,6588
11035,17389
11035,20946
11035,22325
11036,5742
11036,15933
11036,22325
11036,25391
11037,4987
11037,5661
11037,6347
11037,21019
11038,18938
11038,22280
11038,23493
11038,28322
11039,13645
11039,21062
11039,22680
11039,24897
11040,2018
11040,7656
11040,22323
11040,25944
11041,700
11041,18225
11042,13645
11042,21062
11042,22680
11042,24897
11043,7426
11043,13930
11043,14561
11043,26575
11044,751
11044,17381
11044,22002
11044,22974
11045,5869
11045,10527
11045,12702
11045,28341
11046,2579
11046,4416
11046,13632
11046,18897
11047,505
11047,5681
11047,17046
11047,27850
11048,9471
11048,18984
11049,1402
11049,5502
11049,21515
11049,26577
11050,9440
11050,13882
11050,16429
11050,24082
11051,332
11051,13371
11051,15509
11051,21328
11052,9360
11052,15614
11052,20953
11052,28076
11053,680
11053,10554
11053,14687
11054,13564
11054,15996
11054,18758
11054,22137
11055,3549
11055,13534
11055,14373
11055,22348
11056,4008
11056,8342
11056,22724
11056,23646
11057,2937
11057,4147
11057,22216
11057,22601
11058,6822
11058,8073
11058,16651
11058,18962
11059,193
11059,21328
11059,27512
11059,27989
11060,494
11060,6193
11060,11476
11060,22549
11061,9409
11061,11640
11061,19615
11061,28026
11062,9294
11062,13054
11062,14639
11062,21786
11063,274
11063,16887
11063,20360
11063,24836
11064,16532
11064,22348
11064,24258
11064,25897
11065,9176
11065,10377
11065,20842
11065,24387
11066,3091
11066,6979
11066,10117
11066,18445
11067,11194
11067,22411
11067,22974
11067,25171
11068,8422
11068,9600
11068,11728
11068,20814
11069,6883
11069,7010
11069,11137
11069,27914
11070,4409
11070,9050
11070,22018
11070,22560
11071,8089
11071,9565
11072,11721
11072,21854
11072,23767
11072,26328
11073,19649
11074,175
11074,9655
11074,10266
11074,13656
11075,5831
11075,16949
11075,19437
11075,22318
11076,1275
11076,1498
11076,7353
11076,25620
11077,1121
11077,7274
11077,13736
11077,14313
11078,10800
11078,12926
11078,22315
11078,24090
11079,547
11079,11232
11079,16238
11079,19593
11080,372
11080,4079
11080,14873
11080,18141
11081,12997
11081,13815
11081,19095
11082,4314
11082,6854
11082,17559
11082,24799
11083,15234
11083,15854
11083,19526
11083,25887
11084,565
11084,18632
11084,20445
11084,25877
11085,5502
11085,9226
11085,22098
11085,25582
11086,184
11086,4812
11086,14582
11086,24968
11087,1049
11087,6086
11087,21345
11087,21470
11088,3200
11088,19464
11088,25404
11088,26676
11089,15646
11089,16426
11089,22248
11089,25002
11090,1540
11090,9421
11090,16244
11090,16902
11091,5170
11091,5881
11091,9355
11091,26487
11092,17728
11092,20352
11092,27626
11092,28297
11093,6448
11093,20654
11093,20924
11093,24779
11094,4715
11094,8150
11094,20578
11094,24197
11095,6175
11095,6996
11096,4317
11096,7589
11096,15362
11096,15806
11097,10333
11097,11528
11097,14547
11097,25577
11098,11197
11098,11840
11098,17587
11098,26156
11099,10623
11099,17397
11099,26910
11099,27663
11100,10628
11100,15885
11100,17667
11100,26745
11101,12536
11101,17683
11101,21147
11101,24826
11102,2189
11102,2966
11102,19836
11102,21583
11103,4659
11103,6050
11103,10600
11103,24854
11104,2669
11104,14326
11104,27595
11104,28254
11105,20477
11106,22668
11107,1376
11107,7398
11107,22342
11107,28334
11108,11659
11108,28250
11109,8313
11109,10970
11109,11421
11109,13625
11110,3706
11110,6698
11110,21861
11110,25036
11111,9083
11111,11002
11111,12144
11111,22408
11112,1475
11112,12986
11112,13731
11112,27125
11113,6006
11113,13926
11113,14861
11113,17771
11114,2095
11115,2095
11116,14562
11116,20247
11116,24790
11116,26600
11117,1221
11117,11000
11117,12919
11117,22346
11118,3430
11118,21186
11118,21989
11118,23861
11119,4339
11119,10389
11119,18847
11119,24953
11120,24715
11120,26395
11120,26873
11120,27951
11121,104
11121,25195
11121,26031
11121,26662
11122,2788
11122,7091
11122,21575
11122,28120
11123,20477
11124,9299
11124,20507
11124,20653
11124,26989
11125,8072
11125,10521
11125,19471
11125,23866
11126,2114
11126,5346
11126,9223
11126,11837
11127,4918
11127,9960
11127,18708
11127,21364
11128,9063
11128,15806
11128,22406
11128,26266
11129,15860
11130,13040
11130,13338
11130,17130
11130,22798
11131,8998
11131,20901
11131,26483
11131,27364
11132,746
11132,1497
11132,9661
11132,11732
11133,2104
11133,5824
11133,14591
11133,26435
11134,4021
11134,19237
11134,22899
11134,26705
11135,10901
11135,13895
11135,17830
11135,23401
11136,13327
11137,733
11137,7291
11137,13559
11137,18314
11138,7569
11138,15955
11138,27293
11138,28241
11139,13896
11139,15717
11139,19359
11139,20169
11140,1441
11140,11134
11140,17079
11140,26180
11141,4980
11141,8835
11141,14224
11141,24646
11142,3279
11142,4454
11142,18675
11142,27221
11143,4454
11143,12581
11143,15645
11143,22406
11144,13968
11144,23263
11144,23290
11144,26411
11145,3371
11145,8009
11145,15874
11145,28211
11146,1728
11146,6270
11146,21374
11146,27297
11147,20477
11148,5610
11148,17972
11148,24876
11148,26794
11149,5381
11149,6217
11149,12424
11149,12511
11150,14603
11150,18704
11150,25025
11150,26090
11151,13073
11151,15943
11151,18068
11151,19848
11152,649
11152,5222
11152,13932
11152,18938
11153,5868
11153,11374
11153,16674
11153,22610
11154,6717
11154,18068
11154,26330
11154,27904
11155,10712
11155,15530
11155,25558
11155,27904
11156,4797
11156,22610
11156,23389
11156,23747
11157,1501
11157,10513
11157,22639
11157,24532
11158,17903
11158,23301
11159,2493
11159,10315
11159,20024
11159,20060
11160,845
11160,5216
11160,24175
11160,26474
11161,23129
11162,9906
11162,15835
11162,23698
11162,28269
11163,838
11163,9564
11163,19027
11163,28451
11164,11786
11164,14057
11164,16990
11164,19402
11165,9226
11165,13731
11165,17046
11165,27016
11166,1252
11166,10048
11166,12381
11166,24626
11167,4445
11167,10339
11167,23165
11167,26352
11168,5006
11168,8727
11168,15109
11168,15589
11169,9298
11169,11812
11169,19061
11169,24162
11170,2310
11170,3036
11170,19444
11170,28181
11171,4561
11171,16327
11171,23607
11171,24313
11172,1514
11172,10157
11172,12184
11172,27862
11173,6310
11173,14967
11173,14985
11173,16397
11174,11650
11174,12971
11174,16902
11174,20530
11175,409
11175,8847
11175,15445
11175,15806
11176,1907
11176,4219
11176,5535
11176,15973
11177,1327
11177,24283
11177,26752
11177,26766
11178,1473
11178,11885
11178,15652
11178,20803
11179,11685
11179,18810
11179,20572
11179,21226
11180,11293
11180,13227
11180,15955
11180,27067
11181,14276
11181,18201
11181,22989
11181,26703
11182,4521
11182,6675
11182,21060
11182,22226
11183,7027
11183,12940
11183,14032
11183,18771
11184,1343
11184,3186
11184,25676
11184,27858
11185,2224
11185,6068
11185,6218
11185,26049
11186,6275
11186,8085
11187,4252
11187,10422
11187,12846
11187,15469
11188,8057
11188,12827
11188,14095
11188,22445
11189,20477
11190,3668
11190,16498
11190,19220
11190,21435
11191,599
11191,14941
11191,23459
11191,27170
11192,7478
11192,9633
11192,27222
11192,27884
11193,7652
11193,9444
11193,14070
11193,22706
11194,2050
11194,7597
11194,11885
11194,14462
11195,1068
11195,6647
11195,22281
11195,22780
11196,2999
11196,5157
11196,8867
11196,15570
11197,1845
11197,3850
11197,6831
11197,26203
11198,14807
11198,18161
11198,22880
11198,28269
11199,2099
11199,18718
11199,20006
11199,20432
11200,1222
11200,6404
11200,9771
11200,14898
11201,10015
11201,10524
11201,12873
11201,21756
11202,4026
11202,9798
11202,18231
11202,23380
11203,2493
11203,3086
11203,7164
11203,20938
11204,28
11204,19670
11204,21113
11204,28070
11205,650
11205,9133
11205,17522
11205,19620
11206,7164
11206,10101
11206,13832
11206,28490
11207,9109
11207,22696
11207,26050
11207,28075
11208,22368
11209,6403
11209,8409
11209,17543
11209,18116
11210,9349
11210,17491
11210,20479
11210,25950
11211,16734
11211,17366
11211,19781
11211,26642
11212,2794
11212,4470
11212,8265
11212,22909
11213,11165
11213,16442
11213,19771
11213,23791
11214,18650
11215,4380
11215,7084
11215,9563
11215,26832
11216,10971
11216,14481
11216,17327
11216,21920
11217,6405
11217,8738
11218,7545
11218,13385
11218,15147
11218,24089
11219,7568
11219,9789
11219,23340
11219,26372
11220,4219
11220,7991
11220,19857
11220,21671
11221,4013
11221,10182
11221,27075
11221,27333
11222,26219
11222,27178
11222,28312
11222,28401
11223,6647
11223,16972
11223,22010
11223,22909
11224,3866
11224,4824
11224,15954
11224,22656
11225,294
11225,11190
11225,13621
11225,27718
11226,847
11226,10168
11227,1259
11227,7203
11227,22175
11227,22393
11228,361
11228,5596
11228,15964
11228,24976
11229,4219
11229,7991
11229,19857
11229,21671
11230,1519
11230,10004
11230,14120
11230,14712
11231,19649
11232,516
11232,9565
11232,14613
11233,7863
11233,9810
11233,10918
11233,18954
11234,7191
11234,15333
11234,20146
11234,23635
11235,2697
11235,12030
11235,27188
11235,28341
11236,4153
11236,8258
11236,9740
11236,23905
11237,5189
11237,9724
11237,10213
11237,19257
11238,1052
11238,21936
11238,24234
11238,27784
11239,2943
11239,20370
11239,22799
11239,26956
11240,4102
11240,8333
11240,15485
11240,21934
11241,13336
11241,20563
11241,21723
11241,25122
11242,15415
11242,18371
11242,20777
11242,26554
11243,8583
11243,8835
11243,12906
11243,25555
11244,2976
11244,4824
11244,21613
11244,27297
11245,4459
11245,5116
11245,7466
11245,27829
11246,12197
11246,13183
11246,13218
11246,16902
11247,8022
11247,14639
11247,19196
11247,23007
11248,6394
11248,18897
11248,19363
11248,21564
11249,1406
11249,1540
11249,4562
11249,6616
11250,11800
11250,13112
11250,21178
11250,25577
11251,3472
11251,3856
11251,19662
11251,28063
11252,2395
11252,3976
11252,5851
11252,23666
11253,2056
11254,9131
11254,21233
11254,28214
11254,28261
11255,3736
11255,12276
11255,14559
11255,17188
11256,7992
11256,10374
11256,13145
11256,14291
11257,8255
11257,14452
11257,16389
11257,22828
11258,475
11258,18819
11258,23160
11258,25676
11259,2662
11259,14985
11259,21954
11259,28407
11260,4977
11260,9432
11260,19518
11260,22406
11261,4476
11261,11476
11261,12354
11261,15107
11262,1927
11262,7200
11262,19426
11262,25380
11263,4425
11263,13461
11263,19455
11263,20397
11264,10066
11264,12345
11264,20891
11264,27506
11265,7589
11265,11724
11265,18566
11265,25042
11266,1651
11266,1940
11266,24968
11266,27943
11267,12500
11267,16100
11267,18667
11267,26460
11268,10333
11268,19615
11268,23861
11268,26345
11269,4933
11269,10320
11269,20682
11269,21562
11270,205
11270,5120
11270,20226
11270,21481
11271,957
11271,5155
11271,16729
11271,28142
11272,7810
11272,8233
11272,10323
11272,23433
11273,431
11273,6348
11273,15135
11273,21186
11274,1069
11274,5468
11274,7105
11274,21024
11275,4600
11275,6225
11275,22986
11275,25091
11276,17064
11276,17729
11276,19083
11276,27291
11277,2529
11277,10164
11277,19631
11277,26345
11278,3121
11279,2277
11279,8039
11279,8215
11279,17466
11280,16747
11280,18515
11280,22156
11280,24119
11281,9066
11281,14957
11281,22635
11281,26285
11282,14551
11282,14672
11282,18409
11282,19914
11283,405
11283,1379
11283,2705
11283,28280
11284,7687
11284,10831
11284,16007
11284,20545
11285,933
11285,12078
11285,13228
11285,20456
11286,3149
11286,15103
11286,16247
11286,25249
11287,12044
11287,17965
11287,20424
11287,27784
11288,316
11288,7283
11288,15451
11288,27516
11289,1993
11289,4155
11289,7194
11289,12533
11290,622
11290,8343
11290,23782
11290,25395
11291,4233
11291,4843
11291,8978
11291,23639
11292,12825
11292,13098
11292,19478
11292,27470
11293,746
11293,7030
11293,20267
11293,25795
11294,1755
11294,3419
11294,20010
11294,25249
11295,3911
11295,9219
11295,9479
11295,19288
11296,13273
11296,16478
11296,18741
11296,23714
11297,17988
11297,21872
11297,22460
11297,23936
11298,1417
11298,4467
11298,12928
11298,20127
11299,7015
11299,16140
11299,19156
11299,21515
11300,114
11300,7143
11300,18438
11300,22475
11301,4342
11301,6128
11301,6182
11301,7246
11302,341
11302,8784
11302,14961
11303,7199
11303,25244
11303,26052
11303,27213
11304,4777
11304,12047
11304,23388
11304,27088
11305,1731
11305,8212
11305,13993
11305,28301
11306,8435
11306,10142
11306,11363
11306,15135
11307,4577
11307,19045
11307,23045
11308,148
11308,24555
11308,25231
11308,26892
11309,970
11309,3835
11309,12322
11309,18134
11310,8142
11310,8954
11310,13183
11310,27182
11311,397
11311,1191
11311,3716
11311,4103
11312,5657
11313,2330
11313,6626
11313,13620
11313,14435
11314,7952
11314,10458
11314,12015
11314,14473
11315,2827
11315,5506
11315,17242
11315,26014
11316,639
11316,2349
11316,18556
11316,24113
11317,3442
11317,4820
11317,15236
11317,25538
11318,1911
11318,9375
11318,14204
11318,20652
11319,15956
11319,16513
11319,19709
11319,27446
11320,11238
11320,16134
11320,19242
11320,22230
11321,7463
11321,12742
11321,24599
11321,25178
11322,8628
11322,13367
11322,23726
11322,23826
11323,11121
11323,11361
11323,16658
11323,19554
11324,1750
11324,2734
11324,24831
11324,28402
11325,14983
11325,16633
11325,23646
11325,26345
11326,409
11326,12272
11326,12559
11326,20692
11327,7707
11327,15646
11327,22248
11327,25505
11328,1895
11328,2116
11328,17112
11328,20373
11329,14142
11329,21211
11329,23132
11329,26970
11330,7057
11330,15153
11330,16400
11330,18838
11331,4654
11331,11014
11331,11320
11331,16964
11332,10938
11333,21531
11334,5857
11334,13050
11334,17127
11334,18184
11335,1269
11335,5681
11335,13559
11335,17968
11336,7252
11336,13050
11336,22242
11336,24626
11337,651
11337,3120
11337,20724
11338,19973
11338,21173
11339,4381
11339,8309
11339,11569
11339,15205
11340,15969
11340,20080
11340,20932
11340,27110
11341,11096
11341,19303
11341,19959
11341,24964
11342,3111
11342,11660
11342,23242
11342,28281
11343,8954
11343,9508
11343,15044
11343,24913
11344,848
11344,26196
11344,27239
11344,28128
11345,8660
11345,11958
11345,18943
11345,22255
11346,3718
11346,11528
11346,19331
11346,26588
11347,14031
11347,18400
11347,25116
11348,3623
11348,4016
11348,11838
11348,24646
11349,1911
11349,5759
11349,16177
11349,24073
11350,8708
11350,11772
11350,16027
11350,25170
11351,7460
11351,9750
11351,13247
11351,14130
11352,4257
11352,11363
11352,15489
11352,16243
11353,16586
11353,18136
11353,23977
11353,24316
11354,672
11354,2679
11354,12432
11354,26483
11355,4272
11355,13036
11355,15899
11355,24158
11356,27237
11357,2880
11357,6647
11357,16723
11357,23216
11358,1023
11358,22551
11358,24668
11358,28530
11359,1484
11359,1613
11359,23320
11359,26151
11360,7274
11360,14104
11360,21562
11360,25861
11361,13548
11361,16565
11361,27162
11361,27805
11362,7431
11362,9188
11362,10735
11362,27379
11363,19511
11363,21778
11363,23270
11363,25765
11364,10628
11364,13483
11364,25534
11364,26684
11365,11346
11365,13393
11365,19022
11365,24598
11366,211
11366,13278
11366,23841
11366,28445
11367,3655
11367,3952
11367,18062
11367,25204
11368,1663
11368,7793
11368,8254
11368,9007
11369,16031
11369,16466
11369,23565
11369,28535
11370,746
11370,7030
11370,15378
11370,16203
11371,4588
11371,26323
11371,27312
11371,27612
11372,12542
11372,14993
11372,15537
11372,21405
11373,7938
11373,16084
11373,18109
11373,23108
11374,2041
11374,4827
11374,6186
11374,7605
11375,274
11375,20539
11375,21022
11375,28048
11376,2314
11376,9594
11376,14985
11376,19744
11377,6255
11377,13381
11377,22918
11377,27700
11378,12196
11378,20436
11378,21186
11378,24099
11379,11082
11379,15269
11379,19414
11379,27460
11380,9134
11380,13082
11380,21502
11380,28507
11381,2223
11381,6269
11381,8255
11381,17744
11382,11286
11382,12538
11382,18191
11382,26201
11383,1074
11383,5162
11383,17866
11383,22004
11384,536
11384,7349
11384,17600
11384,19948
11385,2827
11385,5506
11385,17242
11385,26014
11386,4417
11386,22141
11386,23039
11386,27523
11387,16994
11387,17005
11387,21359
11387,24616
11388,2481
11388,13743
11388,24113
11388,24529
11389,5651
11389,11751
11389,20544
11389,23854
11390,4807
11390,9047
11390,18524
11390,25222
11391,7130
11391,14186
11391,19613
11391,27853
11392,2170
11392,4977
11392,7164
11392,23698
11393,20477
11394,558
11394,8501
11394,11167
11394,25489
11395,1249
11395,1372
11395,1547
11395,24096
11396,1471
11396,2582
11397,4008
11397,7310
11397,9138
11397,13777
11398,16644
11398,18819
11398,21239
11398,28532
11399,1405
11399,1532
11399,19363
11399,24428
11400,5996
11400,7364
11400,8158
11400,27799
11401,4871
11401,12543
11401,18436
11401,21496
11402,3483
11402,8035
11402,18050
11402,25880
11403,16213
11403,18015
11403,20349
11403,22501
11404,759
11404,1484
11404,13315
11404,18537
11405,5056
11405,12445
11405,12987
11405,16380
11406,4875
11406,14072
11406,24378
11406,26811
11407,7846
11407,14072
11407,19263
11407,23161
11408,1291
11408,2537
11408,4581
11408,9256
11409,7030
11409,22157
11409,23346
11409,25795
11410,3072
11410,10663
11410,18024
11410,27193
11411,3098
11411,13949
11411,22116
11411,25105
11412,11337
11412,13013
11412,20130
11412,27075
11413,1419
11413,18780
11413,22558
11413,24791
11414,2398
11414,6147
11414,12437
11414,20386
11415,1755
11415,15008
11415,26158
11415,27676
11416,1862
11416,2507
11416,12015
11416,22874
11417,393
11417,25614
11417,26024
11417,26809
11418,7706
11418,9672
11418,12706
11418,26398
11419,6529
11419,7137
11419,12084
11419,21649
11420,2152
11420,4968
11420,10461
11420,22036
11421,14586
11421,18758
11421,21019
11421,22771
11422,4352
11422,5744
11422,18562
11422,19218
11423,2484
11423,8190
11423,11916
11423,19857
11424,4988
11424,6995
11424,9034
11424,19027
11425,2967
11425,15312
11425,24493
11425,26222
11426,1837
11426,15218
11426,22235
11426,25821
11427,5856
11427,10471
11427,23734
11427,24959
11428,3077
11428,4789
11428,16724
11428,26315
11429,13847
11429,15908
11429,16244
11429,23172
11430,620
11430,1211
11430,17836
11430,25918
11431,1666
11431,3913
11431,5901
11431,21411
11432,3889
11432,9936
11432,13114
11432,22015
11433,3391
11433,11846
11433,14540
11433,27440
11434,1445
11434,10182
11434,14861
11434,22470
11435,5948
11435,10182
11435,24779
11435,28530
11436,11260
11437,5413
11437,20393
11437,21977
11437,27411
11438,13974
11438,21460
11438,23992
11438,26929
11439,4512
11439,17293
11439,20275
11439,25120
11440,1387
11440,3672
11440,7023
11440,19234
11441,2352
11441,2470
11441,7568
11441,12873
11442,5190
11442,10613
11442,12204
11442,20437
11443,921
11443,3615
11443,4016
11443,4379
11444,1066
11444,8899
11444,16562
11444,21009
11445,2706
11445,5499
11445,11950
11445,15103
11446,19064
11446,26568
11446,28511
11447,7378
11447,7393
11447,8942
11447,16439
11448,13219
11448,17406
11448,19419
11448,27043
11449,544
11449,3224
11449,16910
11449,17940
11450,23967
11451,11074
11451,17188
11451,18258
11451,28498
11452,25096
11452,26843
11453,15640
11453,17343
11453,23861
11453,25685
11454,4158
11454,5009
11454,10172
11454,20078
11455,921
11455,16164
11455,20775
11455,28070
11456,4715
11456,11477
11456,15745
11456,27355
11457,4356
11457,5297
11457,24903
11457,25355
11458,9644
11458,13437
11458,14118
11458,19422
11459,7129
11459,7164
11459,8947
11459,21957
11460,3465
11460,8927
11460,10982
11460,23442
11461,3798
11461,9063
11461,11774
11461,14218
11462,16644
11462,23054
11462,23777
11462,28322
11463,1643
11463,7426
11463,17541
11463,18142
11464,1774
11464,2133
11464,3224
11464,20947
11465,296
11465,3339
11465,12494
11465,16934
11466,9552
11466,13477
11466,15676
11466,18212
11467,9579
11467,16606
11467,19749
11467,27829
11468,1686
11468,2133
11468,10862
11468,17188
11469,1209
11469,10333
11469,11528
11469,12786
11470,10956
11470,12342
11470,16928
11470,23632
11471,9315
11471,12581
11471,16205
11472,5746
11472,13076
11472,23853
11472,27389
11473,669
11473,11334
11473,15756
11473,22931
11474,3750
11474,21152
11474,21238
11474,24224
11475,6158
11476,4572
11476,6259
11476,6994
11476,17859
11477,2939
11477,20139
11477,21147
11477,26614
11478,13538
11478,20327
11478,24514
11478,27569
11479,4698
11479,16329
11479,21518
11479,26614
11480,15253
11480,15608
11480,20769
11480,27983
11481,3819
11481,15186
11481,17331
11481,22045
11482,431
11482,3494
11482,10954
11482,25927
11483,1590
11483,14605
11483,17921
11483,22869
11484,14291
11484,15836
11484,20928
11484,26142
11485,1736
11485,9008
11485,10247
11485,13193
11486,5400
11486,7765
11486,9557
11486,18230
11487,3225
11487,5009
11487,26386
11487,26741
11488,12555
11488,24410
11489,1946
11489,11000
11489,15084
11489,21672
11490,8943
11490,20408
11490,21019
11490,26268
11491,10772
11491,24102
11491,24584
11491,26624
11492,1061
11492,1131
11492,8373
11492,26928
11493,2065
11493,2107
11493,19899
11493,26109
11494,383
11494,19696
11494,26031
11494,26752
11495,301
11495,14622
11495,17038
11495,17938
11496,6744
11496,10032
11496,25277
11496,28502
11497,11912
11497,16801
11497,20395
11497,23633
11498,2812
11498,5226
11498,7684
11498,28090
11499,4184
11499,10631
11499,13161
11499,14648
11500,881
11500,24680
11500,24815
11500,25964
11501,6569
11501,17672
11501,20929
11501,25017
11502,3466
11502,6342
11502,20585
11502,27971
11503,3086
11503,4142
11503,15776
11503,17795
11504,11272
11504,12746
11504,20618
11504,23826
11505,4988
11505,5440
11505,6624
11505,9034
11506,9092
11506,9955
11506,15955
11506,23666
11507,14952
11507,16592
11507,24638
11507,25008
11508,15016
11508,19665
11508,20153
11509,558
11509,1591
11509,20533
11509,24409
11510,10107
11510,23503
11510,24977
11510,25429
11511,3971
11511,16044
11511,20003
11511,25137
11512,1688
11512,3172
11512,16260
11512,24031
11513,10845
11513,12670
11513,21106
11513,25093
11514,2927
11514,17222
11514,17247
11514,26219
11515,3002
11515,24551
11515,27897
11515,28401
11516,9891
11516,17600
11516,17610
11516,20894
11517,2770
11517,5040
11517,6524
11517,8794
11518,6030
11518,7399
11518,24004
11518,26662
11519,4960
11519,22108
11519,24718
11519,25223
11520,848
11520,12994
11520,22889
11520,23840
11521,15430
11522,10424
11522,10685
11522,13762
11522,28115
11523,4843
11523,12363
11523,14860
11523,24283
11524,3827
11524,8798
11524,16995
11524,20741
11525,12918
11526,5796
11526,6659
11526,10142
11526,12315
11527,1236
11527,3081
11527,10533
11527,26149
11528,6878
11528,12481
11528,23382
11528,26233
11529,4136
11529,5141
11529,22956
11529,26693
11530,3836
11530,8220
11530,8372
11530,24658
11531,2857
11531,11905
11531,16524
11531,20779
11532,13821
11532,15014
11532,21180
11532,28192
11533,7577
11533,20360
11533,22391
11533,23103
11534,6394
11534,21913
11534,23141
11534,23793
11535,1950
11535,6013
11535,13659
11535,20103
11536,16523
11537,8440
11537,10603
11537,19455
11537,24148
11538,23309
11539,2320
11539,7077
11539,11736
11539,15046
11540,8668
11540,10342
11540,22303
11540,22408
11541,10315
11541,11094
11541,22545
11541,27631
11542,2699
11542,12849
11542,15951
11542,21801
11543,1291
11543,1762
11543,8978
11543,11001
11544,6912
11544,24384
11544,27956
11544,28475
11545,405
11545,1513
11545,4016
11545,21515
11546,9455
11546,15008
11546,20527
11546,23939
11547,379
11547,17581
11547,19934
11547,22276
11548,20066
11549,6604
11549,13728
11549,14717
11549,20881
11550,7237
11550,16644
11550,17296
11550,20379
11551,14959
11551,15077
11551,17843
11551,20938
11552,15699
11552,18668
11552,25694
11552,26532
11553,8065
11553,10996
11554,1794
11554,2993
11554,8884
11554,25435
11555,14870
11555,21975
11555,27128
11555,27379
11556,7966
11556,11210
11556,22194
11556,23003
11557,5810
11557,8106
11557,8310
11557,11243
11558,2
11558,1030
11558,9100
11558,12858
11559,3941
11559,11422
11559,18707
11559,20352
11560,15955
11560,21186
11560,26345
11560,26641
11561,12581
11561,14085
11561,21008
11561,26181
11562,9414
11562,14763
11562,15004
11562,18873
11563,4081
11563,5133
11563,7403
11563,27545
11564,1241
11564,3628
11564,17465
11564,18713
11565,1193
11565,1323
11565,2609
11565,7441
11566,11113
11566,20245
11566,24380
11566,26712
11567,688
11567,3224
11567,9267
11567,26142
11568,11893
11568,13374
11568,16791
11568,22565
11569,1156
11569,10437
11569,20422
11569,25064
11570,3885
11570,17744
11570,18819
11570,26712
11571,832
11571,3987
11571,13682
11571,17919
11572,3109
11572,5486
11572,6099
11572,27457
11573,4900
11573,7425
11573,7975
11573,24347
11574,11429
11574,16515
11574,19358
11574,22434
11575,5477
11575,11569
11575,21710
11575,28307
11576,1547
11576,23199
11576,23939
11576,24503
11577,13183
11577,16110
11577,18791
11577,20379
11578,12978
11578,13021
11578,13777
11578,20725
11579,10420
11579,19785
11579,20323
11579,27533
11580,9451
11580,9931
11580,14255
11580,21454
11581,14031
11581,18400
11581,25116
11582,12391
11582,18638
11582,22056
11582,27916
11583,1910
11583,3447
11583,13953
11583,14723
11584,6227
11584,11191
11584,27381
11584,28248
11585,2299
11585,2368
11585,9075
11585,19403
11586,2299
11586,2368
11586,9075
11586,19403
11587,2562
11587,8943
11587,12282
11587,20955
11588,9034
11588,13183
11588,21132
11588,27221
11589,7364
11589,13842
11589,15022
11589,17005
11590,12662
11590,19211
11590,21496
11590,25455
11591,8922
11591,11857
11591,14146
11591,28010
11592,1107
11592,12295
11592,15338
11592,25159
11593,680
11593,5942
11593,20204
11594,1291
11594,6048
11594,27924
11594,28386
11595,1291
11595,14708
11595,18034
11595,22723
11596,7069
11596,10903
11596,19549
11596,27767
11597,12450
11597,13536
11597,27204
11597,27717
11598,4801
11598,15419
11598,18868
11598,27154
11599,24
11599,11425
11599,17027
11599,19642
11600,1665
11600,15692
11600,18364
11600,21079
11601,15488
11601,15859
11601,19336
11601,24964
11602,2490
11602,3655
11602,21767
11602,27342
11603,8563
11603,19061
11603,22117
11603,22220
11604,5373
11604,13307
11604,13888
11604,24681
11605,7059
11605,13292
11605,15606
11605,16945
11606,6019
11606,19873
11606,20955
11606,22137
11607,238
11607,953
11607,14704
11607,18179
11608,3662
11608,13385
11608,19344
11608,22514
11609,5137
11609,14535
11609,17370
11609,27698
11610,10107
11610,10550
11610,23503
11610,27133
11611,5661
11611,15449
11611,17130
11611,22703
11612,1524
11612,15455
11612,15606
11612,15655
11613,24
11613,4859
11613,10554
11613,16340
11614,5880
11614,16282
11614,24083
11614,24764
11615,8190
11615,11510
11615,17027
11615,28210
11616,2644
11616,9325
11616,9612
11616,19957
11617,4211
11617,6402
11617,11557
11617,22863
11618,4666
11618,6855
11618,8830
11618,9650
11619,3704
11619,7745
11619,7751
11619,19835
11620,500
11620,6299
11620,16824
11620,21977
11621,2653
11621,4379
11621,17552
11621,26435
11622,5661
11622,14726
11622,17450
11622,27399
11623,1746
11623,6238
11623,7044
11623,11391
11624,2340
11624,3168
11624,9549
11624,10240
11625,5451
11625,7631
11625,15149
11625,15234
11626,4946
11626,14259
11626,19835
11626,22022
11627,432
11627,4151
11627,19458
11627,23940
11628,7184
11628,11403
11628,11695
11628,25273
11629,8486
11629,11744
11629,19492
11629,26756
11630,6461
11630,10617
11630,23725
11630,25008
11631,6824
11631,20106
11631,24547
11631,28485
11632,326
11632,3924
11632,11652
11632,19055
11633,2774
11633,5201
11633,13397
11633,27221
11634,6644
11634,19235
11634,24436
11634,26015
11635,10798
11635,15064
11635,18147
11635,24388
11636,4357
11636,5959
11636,9911
11636,17684
11637,3655
11637,18136
11637,20530
11637,20779
11638,1494
11638,18623
11638,23199
11638,24096
11639,6508
11639,10063
11639,13579
11639,20416
11640,3871
11640,13113
11640,15984
11640,22342
11641,2582
11641,4029
11641,5982
11641,20020
11642,10315
11642,18915
11642,22545
11642,27631
11643,47
11643,6736
11643,24986
11643,26738
11644,3868
11644,8689
11644,9074
11644,22608
11645,6385
11645,7930
11645,12053
11645,24234
11646,1130
11646,3621
11646,7669
11646,7893
11647,558
11647,12396
11647,13892
11647,24968
11648,558
11648,16915
11648,27568
11648,28400
11649,725
11649,2138
11649,4066
11649,11867
11650,613
11650,4714
11650,9316
11650,27227
11651,2498
11651,7169
11651,9492
11651,18457
11652,3442
11652,8734
11652,12004
11652,20545
11653,1245
11653,7249
11653,21623
11653,25810
11654,7312
11654,10643
11654,26705
11654,27214
11655,8303
11655,18955
11655,19315
11655,26345
11656,3140
11656,12674
11656,23370
11656,25887
11657,19320
11657,19458
11657,20765
11657,27717
11658,1237
11658,7672
11658,18731
11658,25187
11659,8491
11659,12740
11659,14080
11659,26782
11660,16819
11660,22127
11660,27824
11660,28519
11661,6180
11661,15595
11661,21113
11661,24367
11662,2498
11662,7169
11662,9492
11662,18457
11663,921
11663,3551
11663,6729
11663,21957
11664,13372
11665,8262
11665,11846
11665,14156
11665,19461
11666,6180
11666,8959
11666,17182
11666,20136
11667,5821
11667,23199
11667,24569
11667,28322
11668,3299
11668,8622
11668,17413
11668,19982
11669,5407
11669,18609
11669,24113
11669,28432
11670,5356
11670,6527
11670,20481
11670,28184
11671,4564
11671,7932
11671,9739
11671,17073
11672,5248
11672,15923
11672,23938
11672,24322
11673,108
11673,7673
11673,14041
11673,15894
11674,209
11674,3580
11674,3913
11674,13551
11675,14159
11675,15452
11675,19982
11675,23666
11676,10445
11676,15813
11676,25661
11676,28336
11677,833
11677,1343
11677,23685
11677,27522
11678,707
11678,8537
11678,10019
11678,14501
11679,4056
11679,4108
11679,18389
11679,26068
11680,7793
11680,10711
11680,10975
11680,23199
11681,2434
11681,6833
11681,14197
11681,23903
11682,1965
11682,5834
11682,19026
11682,20097
11683,1473
11683,3816
11683,8035
11683,26005
11684,3110
11684,7799
11685,1423
11685,5584
11685,8108
11685,16495
11686,504
11686,6953
11686,13851
11686,23830
11687,7073
11687,14424
11687,18431
11687,22908
11688,1376
11688,2775
11688,15219
11688,19638
11689,5681
11689,6858
11689,10254
11689,23976
11690,2682
11690,4250
11690,15807
11690,21661
11691,7115
11691,8134
11691,16936
11691,24854
11692,1376
11692,6624
11692,22439
11692,23087
11693,97
11693,1765
11693,12327
11693,26615
11694,19731
11694,21485
11694,25811
11694,27182
11695,3032
11695,4021
11695,6833
11695,19363
11696,763
11696,7806
11696,7832
11696,27709
11697,6580
11697,19071
11697,22044
11697,27209
11698,3384
11698,4757
11698,16166
11698,17937
11699,4494
11699,8867
11699,13777
11699,13847
11700,620
11700,10193
11700,26083
11700,26383
11701,11132
11701,20571
11701,24695
11701,27219
11702,5139
11702,5298
11702,9865
11702,22651
11703,12207
11703,16919
11703,20518
11703,22046
11704,1174
11704,12462
11704,12545
11704,17193
11705,4308
11705,10527
11705,10599
11705,24709
11706,14545
11706,18165
11706,20823
11706,26958
11707,11093
11707,12920
11707,19262
11707,21375
11708,7597
11708,12081
11708,12590
11708,18897
11709,6349
11709,7462
11709,10456
11709,21987
11710,9090
11710,12460
11710,13777
11710,20084
11711,2104
11711,5824
11711,6726
11711,11479
11712,9432
11712,10142
11712,14591
11712,18938
11713,13856
11713,22406
11713,23899
11713,25305
11714,431
11714,6889
11714,21104
11714,21537
11715,12051
11715,13221
11715,15362
11715,21252
11716,3562
11716,17705
11716,25435
11716,28112
11717,4646
11717,5837
11717,22364
11717,26888
11718,2747
11718,4670
11718,8307
11718,11815
11719,19894
11719,20619
11719,22684
11719,25381
11720,872
11720,5242
11720,10555
11720,18974
11721,9612
11721,22474
11721,24964
11721,28220
11722,4843
11722,10747
11722,13209
11723,5820
11723,21521
11723,21769
11723,26138
11724,767
11724,3476
11724,3946
11724,21918
11725,1184
11725,5820
11725,7756
11725,19913
11726,886
11726,7756
11726,10532
11726,19913
11727,5820
11727,7756
11727,13011
11727,14383
11728,2319
11728,4256
11728,9554
11728,24113
11729,20656
11729,21319
11729,25652
11729,28353
11730,5836
11730,8859
11730,11589
11730,22798
11731,693
11731,3502
11731,18504
11731,23034
11732,5760
11732,18160
11732,26458
11732,27471
11733,4069
11733,10942
11733,15752
11733,24229
11734,5294
11734,12064
11734,17208
11734,18218
11735,2400
11735,6142
11735,15238
11735,16437
11736,4036
11736,16539
11736,19974
11736,22599
11737,10640
11737,20193
11737,20742
11737,24164
11738,8780
11738,11273
11738,16126
11738,21102
11739,4105
11739,21081
11739,21978
11739,25722
11740,1215
11740,6628
11740,7521
11740,11162
11741,2614
11741,21081
11741,22474
11741,23077
11742,2704
11742,9262
11742,12069
11742,19398
11743,11175
11743,17188
11743,21481
11743,24889
11744,1513
11744,4016
11744,7458
11744,9981
11745,2676
11745,3224
11745,8848
11745,14180
11746,2178
11746,5443
11746,8477
11746,27475
11747,1204
11747,9687
11747,21359
11747,25551
11748,1566
11748,4621
11748,20417
11748,21767
11749,1114
11749,2526
11749,5086
11749,14343
11750,1508
11750,16249
11750,19254
11750,20435
11751,851
11751,3885
11751,19592
11751,19618
11752,1379
11752,9554
11752,10198
11752,19169
11753,17680
11753,20128
11753,21252
11753,28256
11754,746
11754,10348
11754,11124
11754,24274
11755,4670
11755,12347
11755,16693
11755,19638
11756,25311
11757,5502
11757,13183
11757,18857
11757,22098
11758,2273
11758,2719
11758,9461
11758,16053
11759,9473
11759,16331
11759,17576
11759,22570
11760,11194
11760,18022
11760,27369
11761,9473
11761,17576
11761,17900
11761,28411
11762,16149
11762,16470
11762,17576
11762,18624
11763,2050
11763,11906
11763,16026
11764,7003
11764,7526
11764,12533
11764,16586
11765,6725
11765,11261
11765,12655
11765,26088
11766,3335
11766,8870
11766,11650
11766,13565
11767,183
11767,4850
11767,7810
11767,21552
11768,4055
11768,13799
11768,20902
11768,22154
11769,2133
11769,4534
11769,15103
11769,23450
11770,1910
11770,8178
11770,10907
11770,20323
11771,3299
11771,3951
11771,20379
11771,27522
11772,4309
11772,5057
11772,8919
11772,13315
11773,5938
11773,19355
11773,19576
11773,22334
11774,8256
11774,17255
11774,19611
11774,23517
11775,10872
11775,16003
11775,16426
11775,26233
11776,1157
11776,2156
11776,5807
11776,20948
11777,6354
11777,15506
11777,24423
11777,25367
11778,20477
11779,680
11779,5491
11779,12282
11779,19792
11780,648
11780,9806
11780,16320
11780,25289
11781,1651
11781,5803
11781,15177
11781,27949
11782,17046
11782,20416
11782,22098
11782,27626
11783,3606
11783,7585
11783,24599
11783,27844
11784,4679
11784,9523
11784,15263
11784,21151
11785,784
11785,10755
11785,24599
11785,27580
11786,7040
11786,10010
11786,16902
11786,27512
11787,4151
11787,20035
11787,20705
11787,21913
11788,4298
11788,16566
11788,17086
11788,21838
11789,1910
11789,9156
11789,10420
11789,20323
11790,953
11790,3917
11790,17436
11790,26946
11791,2032
11791,10501
11791,16716
11791,26153
11792,1112
11792,2441
11792,6437
11792,25438
11793,2104
11793,9781
11793,14322
11793,17262
11794,1950
11794,16245
11794,19074
11794,25500
11795,1993
11795,3885
11795,25658
11795,25861
11796,7169
11796,9492
11796,18457
11796,27817
11797,22628
11797,24340
11797,26240
11798,4667
11798,7620
11798,11369
11798,15860
11799,11448
11799,17247
11799,18365
11799,27546
11800,9005
11800,16876
11800,20957
11800,27297
11801,394
11801,9044
11801,26326
11801,27484
11802,1215
11802,4654
11802,8891
11802,17015
11803,3865
11803,4618
11803,15686
11803,22127
11804,4551
11804,6140
11804,6712
11804,19863
11805,9188
11805,11244
11805,19681
11806,2498
11806,13002
11806,16913
11806,21157
11807,5560
11807,15700
11807,19595
11807,23308
11808,1006
11808,13160
11808,14456
11808,15608
11809,11415
11809,21756
11809,26965
11809,27983
11810,5060
11810,10320
11810,11867
11810,19687
11811,20087
11812,9423
11812,19548
11812,22925
11812,28226
11813,17411
11813,22252
11813,23366
11813,25101
11814,7692
11814,19391
11814,24288
11814,28335
11815,3998
11815,11171
11815,13549
11815,15806
11816,4529
11816,5356
11816,9034
11816,14576
11817,15326
11817,20790
11817,20854
11817,23100
11818,7283
11818,9861
11818,12491
11818,26169
11819,13930
11819,17492
11819,21522
11819,28256
11820,4858
11820,18260
11820,20264
11820,22697
11821,16277
11821,21977
11821,26766
11821,28519
11822,1385
11822,3297
11822,10401
11822,10854
11823,2870
11823,22198
11823,22746
11823,25291
11824,5182
11824,5687
11824,18362
11824,25798
11825,6650
11825,15938
11825,18526
11825,23808
11826,4454
11826,9504
11826,20032
11826,23646
11827,4014
11827,8794
11827,9505
11827,15795
11828,20477
11829,5560
11829,9410
11829,16329
11829,21716
11830,17709
11830,19749
11830,20120
11830,24166
11831,3725
11831,14439
11831,17642
11831,19339
11832,11929
11832,12113
11832,15987
11832,22252
11833,12187
11833,18626
11833,24119
11833,27297
11834,2498
11834,6524
11834,13260
11834,24397
11835,223
11835,710
11835,13625
11835,26793
11836,4054
11836,19057
11836,23416
11836,24721
11837,4072
11837,21225
11837,26721
11837,27104
11838,1151
11838,4672
11838,19056
11838,27539
11839,2976
11839,5867
11839,10759
11839,27802
11840,7463
11840,15224
11840,16552
11840,17726
11841,5683
11841,10845
11841,21941
11841,28411
11842,2612
11842,12572
11842,20598
11842,22387
11843,7736
11843,12909
11843,20649
11843,28007
11844,1635
11844,10696
11844,13515
11844,17186
11845,1802
11845,7193
11845,8845
11845,26793
11846,2498
11846,4380
11846,21382
11846,21554
11847,2874
11847,8632
11847,21822
11847,28445
11848,9341
11848,13213
11848,18677
11848,18991
11849,14908
11849,16794
11849,22440
11849,24155
11850,13331
11850,14547
11850,19411
11850,26233
11851,7896
11851,9558
11851,17650
11851,22252
11852,10524
11852,18365
11852,18486
11852,21382
11853,4474
11853,8432
11853,12144
11853,25414
11854,2606
11854,3433
11854,7666
11854,17809
11855,14486
11855,17087
11855,23393
11855,24259
11856,3299
11856,14628
11856,23939
11856,27631
11857,14781
11857,19474
11857,21038
11857,26345
11858,4390
11858,8649
11858,14723
11858,28192
11859,1807
11859,15980
11859,18165
11859,21832
11860,3551
11860,19618
11860,20501
11860,24096
11861,5540
11861,10997
11861,13271
11861,21251
11862,14850
11862,15348
11862,16949
11862,17286
11863,4582
11863,10071
11863,23649
11863,28322
11864,15129
11864,16975
11864,21411
11864,25867
11865,16644
11865,16724
11865,19458
11865,25162
11866,9804
11866,16047
11866,18297
11866,27936
11867,2263
11867,23610
11867,23718
11867,25889
11868,5356
11868,10978
11868,13382
11868,18960
11869,4640
11869,9016
11869,11573
11869,27936
11870,2568
11870,16185
11870,19968
11870,26938
11871,2668
11871,6362
11871,8035
11871,12599
11872,14992
11872,16759
11872,17463
11873,16
11873,5263
11873,11536
11873,20413
11874,9534
11874,15334
11874,24241
11874,24671
11875,3690
11875,3727
11875,6505
11875,24399
11876,7254
11876,12684
11876,21485
11876,28407
11877,7182
11877,13447
11877,16912
11877,20115
11878,6269
11878,17393
11878,22098
11878,26483
11879,5060
11879,15570
11879,17439
11879,26522
11880,1712
11880,2905
11880,4497
11880,24423
11881,4317
11881,10269
11881,13183
11881,22478
11882,4858
11882,12080
11882,16827
11882,19024
11883,9647
11883,17543
11883,22811
11883,23199
11884,4977
11884,7533
11884,26741
11884,28322
11885,5356
11885,10101
11885,13621
11885,25238
11886,6227
11886,8255
11886,19592
11886,24113
11887,921
11887,13188
11887,18939
11887,19345
11888,3700
11888,9556
11888,10152
11888,25936
11889,6946
11889,7743
11889,20360
11889,26605
11890,13020
11890,13548
11890,13666
11890,26335
11891,7469
11891,11588
11891,12348
11891,15105
11892,640
11892,1028
11892,3567
11892,4703
11893,3551
11893,6848
11893,16354
11893,17492
11894,3542
11894,10591
11894,12967
11894,13492
11895,7805
11895,16088
11895,17966
11895,26626
11896,1965
11896,25285
11896,27231
11896,28530
11897,5478
11897,10634
11897,14608
11897,19166
11898,2012
11898,4152
11898,4285
11898,7186
11899,11569
11899,19458
11899,26577
11899,27182
11900,11001
11900,15564
11900,17959
11900,22394
11901,1159
11901,12581
11901,14582
11901,17188
11902,3426
11902,8377
11902,21446
11902,22394
11903,6164
11903,6467
11903,6863
11903,8992
11904,1481
11904,2406
11904,7824
11904,24179
11905,3885
11905,12581
11905,18887
11905,20461
11906,3765
11906,12763
11906,27578
11906,28077
11907,695
11907,3768
11907,7641
11907,17188
11908,3476
11908,10325
11908,10579
11908,20003
11909,1965
11909,4823
11909,9534
11909,27678
11910,1656
11910,4545
11910,6342
11910,24047
11911,1669
11911,3369
11911,14479
11911,21067
11912,1766
11912,8369
11912,10071
11912,19567
11913,6412
11913,10201
11913,22173
11913,25260
11914,10073
11914,12804
11914,14015
11914,26966
11915,10268
11915,13918
11916,12533
11916,24719
11916,26454
11916,28097
11917,5740
11917,8335
11917,19046
11917,24770
11918,2728
11918,12269
11918,21448
11918,25498
11919,5431
11919,13563
11919,16223
11919,22187
11920,1513
11920,17005
11920,22406
11920,27182
11921,456
11921,1202
11921,11004
11921,25758
11922,9063
11922,13612
11922,27066
11922,28187
11923,4955
11923,8648
11923,19115
11923,23384
11924,2451
11924,7419
11924,16602
11924,18546
11925,427
11925,5106
11925,14286
11925,14681
11926,17086
11926,24654
11926,26261
11926,27318
11927,4454
11927,10411
11927,17224
11927,19791
11928,8588
11928,15267
11928,23088
11928,25744
11929,1147
11929,9733
11929,12224
11929,16499
11930,20477
11931,6184
11931,9583
11931,23842
11931,25468
11932,1754
11932,8949
11932,9407
11932,23055
11933,7033
11933,8832
11933,16378
11933,17270
11934,1560
11934,1703
11934,22088
11934,26688
11935,13007
11935,13549
11935,14952
11935,20110
11936,9920
11936,17651
11936,22812
11936,24595
11937,311
11937,20735
11937,21916
11937,25466
11938,690
11938,16574
11938,28052
11938,28305
11939,1710
11939,15218
11939,15351
11939,24001
11940,9871
11940,19487
11940,22028
11940,28052
11941,18479
11941,19773
11941,25467
11941,26396
11942,5026
11942,7567
11942,20565
11942,23877
11943,1005
11943,21010
11943,25049
11943,27246
11944,1195
11944,6117
11944,7567
11944,8770
11945,6763
11945,8649
11945,20962
11945,28192
11946,1540
11946,2064
11946,4450
11946,12895
11947,727
11947,1407
11947,10320
11947,11822
11948,974
11948,8455
11948,15738
11948,26684
11949,1327
11949,3448
11949,7514
11949,16040
11950,5646
11950,6061
11950,18994
11950,25763
11951,5875
11951,9402
11951,15385
11951,20580
11952,4977
11952,9931
11952,20544
11952,24462
11953,2331
11953,2924
11953,5539
11953,13610
11954,117
11954,786
11954,2331
11954,22613
11955,4257
11955,9432
11955,21440
11955,22248
11956,8036
11956,12296
11956,24099
11956,28007
11957,5388
11957,7661
11957,18859
11957,28280
11958,17000
11959,1744
11959,1762
11959,16013
11959,17738
11960,266
11960,6372
11960,12798
11960,18592
11961,1643
11961,8867
11961,16541
11961,26431
11962,22591
11962,23592
11962,27398
11962,28375
11963,1859
11963,4317
11963,7203
11963,20088
11964,7448
11964,9463
11964,11345
11964,17205
11965,6258
11965,18042
11965,18887
11965,23730
11966,360
11966,2748
11966,24740
11966,27382
11967,4869
11967,7164
11967,16508
11967,28322
11968,6269
11968,26181
11968,27214
11968,28250
11969,7235
11969,11603
11969,12422
11969,15737
11970,8867
11970,13537
11970,21481
11970,25011
11971,13183
11971,13856
11971,14444
11971,26151
11972,3120
11972,8233
11972,16130
11972,26028
11973,1904
11973,5155
11973,7465
11973,20056
11974,272
11974,12034
11974,16408
11974,20493
11975,1436
11975,23216
11975,25856
11975,26911
11976,8265
11976,12423
11976,21901
11976,26469
11977,4759
11977,8168
11977,13337
11977,20298
11978,2843
11978,4759
11978,9972
11978,12663
11979,13781
11979,15683
11979,16931
11979,24397
11980,2649
11980,4197
11980,10834
11980,14760
11981,1695
11981,18144
11981,25077
11981,25269
11982,6647
11982,19749
11982,19857
11982,21756
11983,5097
11983,15580
11983,15854
11983,28427
11984,644
11984,8149
11984,8191
11984,16536
11985,869
11985,2321
11985,17129
11985,19972
11986,4759
11986,16815
11986,19253
11986,21255
11987,16086
11987,19859
11987,26391
11987,26874
11988,431
11988,3431
11988,9124
11988,12566
11989,10427
11989,11916
11989,17192
11989,21019
11990,18365
11990,21160
11990,25856
11990,26911
11991,16935
11991,22281
11991,25463
11991,26793
11992,2393
11992,8794
11992,11448
11992,26683
11993,4317
11993,5844
11993,12533
11993,21027
11994,6447
11994,12977
11994,13120
11994,24132
11995,6990
11995,8450
11995,22580
11995,27336
11996,11832
11996,24234
11996,24443
11996,26762
11997,3993
11997,18975
11997,19204
11997,19865
11998,8254
11998,15722
11998,20530
11998,23776
11999,13856
11999,16426
11999,17795
11999,19518
12000,6848
12000,12727
12000,15107
12000,20439
12001,3233
12001,11197
12001,18571
12001,22483
12002,12964
12002,17034
12002,18092
12002,23869
12003,3209
12003,18571
12003,19516
12003,22483
12004,7470
12004,10120
12004,18585
12004,26712
12005,2111
12005,7174
12005,15741
12005,28372
12006,1554
12006,11039
12006,12045
12006,24267
12007,921
12007,17726
12007,18702
12007,22430
12008,1266
12008,11303
12008,18378
12008,22003
12009,2774
12009,3699
12009,19599
12009,23831
12010,5201
12010,19764
12010,23315
12010,26831
12011,7744
12011,19338
12011,22274
12011,26341
12012,748
12012,4533
12012,19937
12012,21454
12013,19455
12013,19542
12013,21046
12013,25290
12014,3654
12014,5202
12014,12853
12014,14919
12015,1325
12015,5628
12015,8233
12015,22114
12016,3261
12016,26263
12016,26435
12016,28133
12017,3365
12017,4927
12017,10668
12017,24706
12018,7985
12018,8571
12018,24266
12018,27254
12019,8571
12019,11186
12019,20962
12019,24266
12020,7273
12020,10494
12020,12015
12020,15439
12021,4802
12021,11490
12021,13146
12021,15439
12022,1425
12022,1589
12022,14953
12022,16182
12023,2496
12023,5513
12023,9180
12023,11917
12024,16044
12024,17744
12024,18938
12024,26780
12025,1619
12025,20155
12025,20158
12025,27929
12026,8670
12026,11130
12026,13293
12026,13928
12027,14626
12027,23181
12027,24696
12027,27250
12028,7634
12028,10333
12028,11457
12028,22114
12029,2653
12029,5937
12029,16644
12029,18585
12030,3919
12030,12466
12030,18344
12030,21439
12031,7458
12031,7906
12031,12606
12031,25861
12032,3655
12032,4480
12032,18753
12032,27676
12033,2095
12033,8509
12033,21837
12033,22173
12034,2860
12034,3615
12034,14047
12034,25505
12035,8645
12035,8835
12035,19320
12035,26266
12036,1291
12036,6140
12036,14708
12036,16051
12037,791
12037,2917
12037,3073
12037,26925
12038,8010
12038,15691
12038,19289
12038,24397
12039,558
12039,8645
12039,19746
12039,23854
12040,8654
12040,12042
12040,20913
12040,24662
12041,15988
12041,22528
12041,25854
12041,27724
12042,8508
12042,11422
12042,17886
12042,22373
12043,12342
12043,14746
12043,17576
12043,26415
12044,4603
12044,6726
12044,6839
12044,28261
12045,4580
12045,10352
12045,11852
12045,21143
12046,3554
12046,6641
12046,8863
12046,19441
12047,21577
12047,23667
12047,25925
12047,26245
12048,2007
12048,7263
12048,15921
12048,28202
12049,172
12049,7937
12049,13837
12049,26832
12050,5751
12050,11120
12050,12393
12050,15608
12051,9226
12051,10862
12051,20570
12051,22706
12052,2880
12052,4672
12052,10845
12052,24179
12053,1064
12053,2917
12053,4698
12053,19749
12054,22342
12054,24854
12054,26345
12054,27298
12055,1120
12055,4219
12055,14381
12055,27345
12056,2380
12056,20374
12056,25445
12056,26860
12057,5683
12057,18989
12057,21182
12057,25549
12058,1200
12058,10597
12058,12150
12058,19970
12059,10307
12059,10845
12059,18365
12059,20199
12060,12187
12060,13406
12060,13763
12060,17179
12061,16149
12061,17576
12061,18624
12061,21340
12062,2425
12062,2568
12062,16368
12062,20926
12063,4723
12063,7237
12063,25410
12063,25761
12064,5480
12064,14746
12064,18650
12064,21683
12065,5683
12065,5751
12065,8232
12065,8592
12066,2700
12066,8712
12066,22479
12066,23110
12067,3119
12067,3898
12067,11579
12067,27480
12068,20477
12069,3608
12069,9860
12069,16379
12069,28017
12070,9564
12070,10978
12070,13887
12070,20010
12071,2144
12071,10162
12071,25152
12071,25270
12072,21036
12072,21265
12072,26027
12072,27347
12073,995
12073,9324
12073,21892
12073,24061
12074,8251
12074,10597
12074,16149
12074,19348
12075,1974
12075,8232
12075,11415
12075,18650
12076,7658
12076,14636
12076,15760
12076,17487
12077,11425
12077,16577
12077,17560
12077,27025
12078,1064
12078,4380
12078,13978
12078,19749
12079,7658
12079,13978
12079,19313
12079,24397
12080,10971
12080,14481
12080,17327
12080,21920
12081,5176
12081,15608
12081,22570
12081,23608
12082,4938
12082,5273
12082,6335
12082,14842
12083,4470
12083,8152
12083,9852
12083,14286
12084,1436
12084,1531
12084,11120
12084,12046
12085,5710
12085,6331
12085,21334
12085,24119
12086,2050
12086,19195
12086,20613
12086,25348
12087,4671
12087,7340
12087,14490
12087,28505
12088,3608
12088,4380
12088,4824
12088,24220
12089,10724
12089,16399
12089,22780
12089,28041
12090,16185
12090,16931
12090,19291
12090,22314
12091,6555
12091,8579
12091,14536
12091,18552
12092,10307
12092,10598
12092,10835
12092,16196
12093,9494
12093,10845
12093,11254
12093,14137
12094,3466
12094,13050
12094,15874
12094,19542
12095,15253
12095,16331
12095,26819
12095,26832
12096,2451
12096,6622
12096,16149
12096,27539
12097,3372
12097,9563
12097,12383
12097,13444
12098,7122
12098,7658
12098,9697
12098,14881
12099,1907
12099,4672
12099,12014
12099,26965
12100,223
12100,755
12100,8794
12100,11768
12101,12514
12101,21554
12101,21646
12101,25141
12102,2544
12102,3491
12102,8245
12102,22036
12103,3894
12103,22252
12103,22325
12103,22911
12104,16149
12104,19348
12104,24622
12104,27480
12105,4454
12105,12004
12105,20379
12105,20481
12106,558
12106,1940
12106,7358
12106,21515
12107,558
12107,21326
12107,26778
12107,28453
12108,2149
12108,10845
12108,12302
12108,18624
12109,2583
12109,5693
12109,7845
12109,19500
12110,223
12110,19866
12110,21730
12110,26372
12111,9171
12111,15652
12111,21225
12111,21730
12112,6860
12112,11745
12112,26903
12112,27401
12113,1762
12113,8867
12113,16961
12113,27427
12114,147
12114,558
12114,8823
12114,15233
12115,3969
12115,9259
12115,17967
12115,25114
12116,4033
12116,21669
12116,24045
12116,27836
12117,6030
12117,6764
12117,19397
12117,21387
12118,9415
12118,19041
12118,21340
12118,25178
12119,383
12119,4479
12119,9265
12119,11022
12120,12566
12120,17046
12120,27850
12120,28007
12121,603
12121,9282
12121,12046
12121,14098
12122,2321
12122,10221
12123,7743
12123,12220
12123,20360
12124,11001
12124,17600
12124,22127
12124,26766
12125,10276
12125,11729
12125,18153
12125,27332
12126,20477
12127,11654
12127,17281
12127,20119
12127,20508
12128,2070
12128,3543
12128,10251
12128,22723
12129,10971
12129,14481
12129,17327
12129,21920
12130,5819
12130,10357
12130,23174
12130,26059
12131,1064
12131,2249
12131,7614
12131,24515
12132,1473
12132,6077
12132,15302
12133,18228
12133,19588
12133,21721
12133,27569
12134,8152
12134,14137
12134,16329
12134,21512
12135,5751
12135,10465
12135,21366
12135,26925
12136,18325
12136,24509
12136,24800
12136,27996
12137,14286
12137,15795
12137,16513
12137,26903
12138,4655
12138,18773
12138,20360
12138,26587
12139,14286
12139,15795
12139,16513
12139,26903
12140,1406
12140,5267
12140,8984
12140,9564
12141,2007
12141,5106
12141,13160
12141,23364
12142,9628
12142,17642
12142,18544
12142,27344
12143,5751
12143,18712
12143,23216
12143,27571
12144,11872
12144,17600
12144,18502
12144,26752
12145,2568
12145,19066
12145,20349
12145,21796
12146,1876
12146,6576
12146,10466
12146,21828
12147,11418
12147,21756
12147,24916
12147,27022
12148,1064
12148,2249
12148,4033
12148,21147
12149,8467
12149,22010
12149,22656
12149,26911
12150,471
12150,7056
12150,16375
12150,26154
12151,558
12151,7358
12151,9516
12151,26111
12152,1064
12152,2249
12152,4033
12152,21147
12153,6976
12153,7395
12153,15908
12153,21039
12154,2436
12154,6284
12154,8959
12154,26745
12155,4473
12155,9550
12155,13283
12155,16366
12156,1795
12156,11935
12156,12081
12156,13188
12157,8402
12157,21348
12157,27221
12157,27512
12158,8835
12158,16615
12158,17551
12158,20484
12159,4454
12159,4467
12159,4858
12159,16713
12160,9188
12160,9253
12160,15086
12160,22851
12161,4988
12161,16623
12161,17858
12161,20171
12162,3279
12162,4154
12162,9226
12162,26577
12163,6139
12163,6720
12163,13568
12163,25819
12164,1477
12164,2137
12164,13166
12164,21568
12165,1774
12165,8303
12165,9208
12165,23649
12166,8309
12166,23682
12166,26780
12166,28322
12167,4760
12167,6940
12167,11823
12167,12775
12168,7203
12168,18436
12168,20620
12168,26259
12169,14606
12169,19245
12169,24646
12169,25331
12170,2730
12170,6565
12170,7789
12170,10649
12171,2571
12171,3083
12171,22421
12171,25521
12172,5487
12172,6704
12172,17470
12172,22285
12173,1159
12173,18623
12173,23861
12173,24854
12174,1513
12174,2875
12174,3143
12174,20575
12175,12662
12175,19211
12175,21496
12175,25455
12176,6646
12176,7515
12176,13549
12176,13699
12177,8947
12177,20500
12177,23121
12177,25716
12178,1167
12178,10731
12178,11443
12178,25067
12179,10333
12179,11171
12179,17629
12179,25218
12180,4043
12180,7460
12180,21287
12181,414
12181,1121
12181,18783
12181,23781
12182,3233
12182,3916
12182,20102
12182,26779
12183,3442
12183,8756
12183,18819
12183,20088
12184,2645
12184,19200
12184,21432
12184,24511
12185,12305
12185,18860
12185,20794
12185,26508
12186,1643
12186,8163
12186,19316
12186,20421
12187,10527
12187,16110
12187,18773
12187,24489
12188,2241
12188,18427
12188,22992
12188,23295
12189,4643
12189,7274
12189,14197
12189,16833
12190,1910
12190,3447
12190,8178
12190,9156
12191,7372
12191,8535
12191,13466
12191,25568
12192,3579
12192,4336
12192,16574
12192,28052
12193,5544
12193,16724
12193,23649
12193,23679
12194,8520
12195,585
12195,6802
12195,13068
12195,25007
12196,834
12196,2937
12196,3762
12196,12853
12197,680
12197,2529
12197,9553
12197,10427
12198,4948
12198,5948
12198,9502
12198,21373
12199,6333
12199,7063
12199,9513
12199,11536
12200,19427
12201,4440
12202,16293
12202,17182
12202,21661
12202,26142
12203,1927
12203,7412
12203,14647
12203,14997
12204,2005
12204,14810
12204,15935
12204,28385
12205,7164
12205,10323
12205,11243
12205,27182
12206,11026
12206,19618
12206,20775
12206,22410
12207,1847
12207,2942
12207,7045
12207,7306
12208,2167
12208,3501
12208,10555
12208,28262
12209,7765
12209,11541
12209,24442
12209,24648
12210,4485
12210,17384
12210,20823
12210,26261
12211,11623
12211,13271
12211,19172
12211,20396
12212,15205
12212,16362
12212,16426
12212,23320
12213,8954
12213,9377
12213,23369
12213,27416
12214,8954
12214,10625
12214,15111
12214,22481
12215,4278
12215,5006
12215,10625
12215,18623
12216,13699
12216,17955
12216,23239
12216,27552
12217,12196
12217,15947
12217,23318
12217,25039
12218,1472
12218,2713
12218,14552
12218,22371
12219,13555
12219,14547
12219,19611
12219,27522
12220,276
12220,16749
12220,21216
12220,26768
12221,918
12221,2115
12221,9163
12221,15970
12222,6393
12222,7129
12222,18939
12222,26745
12223,7722
12223,11754
12223,14687
12223,15655
12224,4609
12225,4900
12225,8172
12225,14085
12226,9120
12226,9832
12226,15205
12226,17747
12227,144
12227,13801
12227,19195
12227,22081
12228,6934
12228,10698
12228,14085
12228,21329
12229,17006
12229,20855
12229,21840
12229,27245
12230,4977
12230,17005
12230,24735
12230,27301
12231,7544
12231,15572
12231,17906
12231,20890
12232,6199
12232,16623
12232,20812
12232,23344
12233,11242
12233,11460
12233,17903
12233,22617
12234,4553
12234,7013
12234,17573
12234,26624
12235,3890
12235,6342
12235,21237
12235,27099
12236,6180
12236,17577
12236,22724
12236,28403
12237,2585
12237,5124
12237,9716
12237,12709
12238,7591
12238,18826
12238,23072
12238,25384
12239,4307
12239,10342
12239,15664
12239,25340
12240,8761
12240,9452
12240,20326
12240,24354
12241,613
12241,17742
12241,22182
12241,27239
12242,3803
12242,11433
12242,20634
12242,23666
12243,1437
12243,3371
12243,6342
12243,10246
12244,405
12244,11434
12244,15966
12244,25730
12245,4265
12245,14520
12245,19919
12245,21238
12246,9044
12246,16524
12246,18527
12246,21269
12247,8731
12247,12505
12247,13549
12247,27504
12248,9303
12248,12433
12248,21297
12248,25831
12249,8827
12249,17292
12249,18845
12249,26453
12250,11876
12250,12590
12250,14693
12250,16316
12251,9522
12251,9972
12251,15017
12251,27364
12252,14238
12252,21820
12252,22666
12252,28059
12253,2776
12253,3511
12253,24695
12253,27530
12254,2481
12254,18556
12254,21742
12254,24113
12255,1494
12255,10193
12255,13339
12255,25991
12256,10509
12256,16005
12256,19755
12256,28143
12257,2913
12257,6823
12257,8975
12257,28272
12258,14220
12258,16750
12258,17617
12258,25346
12259,1330
12259,1918
12260,921
12260,2349
12260,18819
12260,20533
12261,2706
12261,5499
12261,11950
12261,15103
12262,520
12263,1508
12263,7707
12263,22705
12263,27182
12264,2996
12264,11492
12264,21860
12264,25955
12265,915
12265,5987
12265,7203
12265,20902
12266,2548
12266,9636
12266,11760
12266,20735
12267,5212
12267,14535
12267,16902
12267,26641
12268,12345
12268,19175
12268,25555
12268,26233
12269,12581
12269,14046
12269,17876
12269,23147
12270,9292
12270,15141
12270,18806
12270,27394
12271,4452
12271,14850
12271,20530
12271,26844
12272,1303
12272,10214
12272,23486
12272,26675
12273,2696
12273,4584
12273,12034
12273,14851
12274,330
12274,6040
12274,12913
12274,24746
12275,11535
12275,13770
12275,20788
12275,25832
12276,2490
12276,6029
12276,17492
12276,27214
12277,9034
12277,11774
12277,18307
12277,21113
12278,8214
12278,11363
12278,23320
12278,28107
12279,13857
12279,17752
12279,17881
12279,19369
12280,558
12280,4317
12280,5222
12280,26228
12281,14283
12281,19363
12281,22223
12281,26258
12282,40
12282,1850
12282,7047
12282,24863
12283,13750
12283,21234
12283,24968
12283,27111
12284,1067
12284,7164
12284,20486
12284,22163
12285,6231
12285,12758
12285,15560
12285,21838
12286,20231
12287,4225
12287,17833
12287,20986
12287,23108
12288,8462
12288,11199
12288,11931
12288,13588
12289,951
12289,6149
12289,12440
12289,15850
12290,8905
12290,14551
12290,19914
12290,21125
12291,6995
12291,17277
12291,18307
12291,21623
12292,5356
12292,5658
12292,8846
12292,22342
12293,14812
12293,16316
12293,23347
12293,24217
12294,2339
12294,5356
12294,14781
12294,23644
12295,536
12295,3883
12295,19472
12295,20604
12296,3229
12296,15704
12296,18845
12296,20263
12297,9983
12297,17231
12297,21470
12297,27664
12298,6480
12298,11742
12298,16372
12298,27121
12299,9
12299,1433
12299,5077
12299,20637
12300,9859
12301,14005
12302,12713
12302,15554
12302,20421
12302,26119
12303,3628
12303,11751
12303,14159
12303,20925
12304,14654
12304,18732
12304,23426
12304,23600
12305,3971
12305,8685
12305,19616
12305,24851
12306,1706
12306,7470
12306,20163
12306,28128
12307,1315
12307,3732
12307,5793
12307,6671
12308,2993
12308,6967
12308,19511
12308,21989
12309,5356
12309,9034
12309,17439
12309,26673
12310,5120
12310,14962
12310,21742
12310,22370
12311,2599
12311,11163
12311,19615
12311,20762
12312,22177
12312,25683
12312,26359
12312,27008
12313,10323
12313,11168
12313,17111
12313,21595
12314,1774
12314,7364
12314,19363
12314,24946
12315,759
12315,2854
12315,2958
12315,18845
12316,251
12316,1921
12316,15489
12316,15520
12317,9432
12317,13930
12317,16164
12317,19363
12318,13384
12318,17106
12318,18052
12318,24443
12319,375
12319,7024
12319,10320
12319,25913
12320,5453
12320,11435
12320,17336
12320,20514
12321,13856
12321,16204
12321,18872
12321,21219
12322,4987
12322,8810
12322,9813
12322,15996
12323,4618
12323,8327
12323,10173
12323,18015
12324,8035
12324,12599
12324,24629
12324,25597
12325,6066
12325,6735
12325,8668
12325,8978
12326,9737
12326,13315
12326,16164
12326,21989
12327,4645
12327,23930
12327,26987
12327,27270
12328,5729
12328,18791
12328,21246
12328,24744
12329,10278
12329,16570
12329,23407
12329,27003
12330,8173
12330,8670
12330,14679
12330,15339
12331,4565
12331,15635
12331,15924
12331,18139
12332,9439
12332,25450
12332,27024
12332,27991
12333,3605
12333,11693
12333,11892
12333,21990
12334,3406
12334,8600
12334,10423
12334,17796
12335,9170
12335,11002
12335,24113
12335,26181
12336,6227
12336,10643
12336,20925
12336,27214
12337,5671
12337,11016
12337,15783
12337,22217
12338,4716
12338,6938
12338,14808
12338,20244
12339,1678
12339,2901
12339,7774
12339,8556
12340,122
12340,19086
12340,20680
12340,27655
12341,17751
12341,20500
12341,22110
12341,26483
12342,7274
12342,10097
12342,13218
12342,28322
12343,3586
12343,5728
12343,12531
12343,27322
12344,558
12344,2854
12344,3224
12344,26745
12345,4869
12345,12667
12345,13832
12345,24235
12346,9376
12346,13698
12346,15902
12346,20360
12347,22365
12347,23292
12347,25845
12347,27256
12348,1266
12348,8435
12348,9208
12348,12071
12349,10772
12349,14424
12349,15205
12349,19175
12350,2956
12350,10612
12350,18341
12350,22682
12351,10255
12351,14992
12351,15662
12351,26780
12352,7222
12352,9986
12352,23266
12352,25947
12353,4060
12353,15380
12353,20569
12353,24636
12354,20477
12355,556
12355,10374
12355,10544
12355,13916
12356,431
12356,2775
12356,10628
12356,26684
12357,4479
12357,9265
12357,20393
12357,28197
12358,9129
12358,15645
12358,19175
12358,19362
12359,4479
12359,9265
12359,20393
12359,28197
12360,2585
12360,7721
12360,19968
12360,22898
12361,405
12361,7310
12361,8699
12361,21727
12362,2707
12362,11355
12362,12990
12362,13183
12363,7377
12363,16925
12363,18928
12363,19092
12364,11171
12364,11360
12364,16644
12364,22098
12365,6833
12365,13183
12365,20077
12365,25606
12366,10471
12366,16111
12366,25240
12366,25505
12367,2930
12367,6761
12367,9649
12367,19656
12368,306
12368,4858
12368,20264
12368,28322
12369,9742
12369,10870
12369,19269
12369,19366
12370,8867
12370,8959
12370,10333
12370,17286
12371,10320
12371,11171
12371,13385
12371,16644
12372,846
12372,7364
12372,10633
12372,25411
12373,20477
12374,5547
12374,11969
12374,27517
12374,27969
12375,13832
12375,17188
12375,20463
12375,21247
12376,1131
12376,7615
12376,8135
12376,21759
12377,7543
12377,9240
12377,13522
12377,26511
12378,7707
12378,15646
12378,22248
12378,25505
12379,6361
12379,10729
12379,11099
12379,15651
12380,4118
12380,17074
12380,18415
12380,20132
12381,431
12381,13536
12381,23895
12381,24795
12382,6025
12382,16390
12382,20765
12382,27016
12383,4141
12383,5014
12383,22632
12383,23391
12384,3109
12384,14900
12384,15141
12384,19765
12385,3877
12385,7044
12385,13407
12385,17959
12386,19367
12386,20287
12386,23420
12386,25719
12387,6249
12387,14741
12387,16920
12387,18881
12388,4987
12388,13123
12388,13838
12388,18625
12389,14402
12389,18973
12389,23921
12389,27681
12390,3440
12390,5999
12390,23821
12390,26745
12391,520
12391,5508
12391,11609
12391,13050
12392,36
12392,520
12392,13050
12392,13947
12393,13254
12393,15003
12393,20177
12393,22200
12394,405
12394,1121
12394,16426
12394,22666
12395,3086
12395,17296
12395,23698
12395,28184
12396,9554
12396,18609
12396,23007
12396,24113
12397,974
12397,4988
12397,16586
12397,23320
12398,19989
12398,25187
12398,26325
12398,28502
12399,1291
12399,12077
12399,18151
12399,22723
12400,12033
12400,19618
12400,21196
12400,25336
12401,2111
12401,5222
12401,17395
12401,17680
12402,4274
12402,15961
12402,20415
12402,21048
12403,1614
12404,1774
12404,5201
12404,13214
12404,26114
12405,558
12405,1624
12405,6757
12405,17552
12406,3442
12406,4635
12406,14149
12406,28123
12407,10482
12407,24793
12407,25247
12407,28223
12408,4317
12408,14241
12408,20530
12408,26745
12409,8202
12409,9515
12409,26366
12409,26670
12410,12204
12410,19162
12410,20437
12410,20636
12411,8233
12411,16397
12411,22406
12411,27289
12412,3056
12412,4723
12412,11474
12412,24342
12413,3442
12413,12798
12413,17182
12413,21954
12414,7715
12414,15461
12414,19192
12414,22404
12415,106
12415,10033
12415,13253
12415,17421
12416,15508
12416,20855
12416,25948
12416,27749
12417,3699
12417,5169
12417,17769
12417,18897
12418,5135
12418,10320
12418,14156
12418,26049
12419,17795
12419,18307
12419,18938
12419,22406
12420,2339
12420,8415
12420,9756
12420,27512
12421,9432
12421,13916
12421,18938
12421,23899
12422,835
12422,17467
12422,24877
12422,27962
12423,17257
12423,23142
12423,24353
12423,25724
12424,7310
12424,8309
12424,26712
12424,27650
12425,838
12425,9156
12425,9212
12425,14906
12426,751
12426,8248
12426,20679
12426,27481
12427,1159
12427,8135
12427,9138
12427,11774
12428,21554
12428,23340
12428,24166
12428,24551
12429,19496
12429,23340
12429,24166
12429,24551
12430,127
12430,3778
12430,13476
12430,23740
12431,2415
12431,3951
12431,15836
12431,18562
12432,6865
12432,25516
12432,27490
12432,27761
12433,9120
12433,12810
12433,15205
12433,21235
12434,3471
12434,11009
12434,11622
12434,19126
12435,2854
12435,12875
12435,13145
12435,24646
12436,5856
12436,10471
12436,23734
12436,24959
12437,1534
12437,14145
12437,22073
12437,28415
12438,2390
12438,5035
12438,23739
12438,25916
12439,759
12439,14018
12439,14576
12439,21186
12440,3920
12440,6147
12440,19308
12440,20386
12441,2653
12441,17188
12441,28112
12441,28456
12442,921
12442,3299
12442,16504
12442,20321
12443,5222
12443,11171
12443,16164
12443,26022
12444,11528
12444,16405
12444,17795
12444,18136
12445,1963
12445,7957
12445,13662
12445,17485
12446,9886
12446,10722
12446,13950
12446,15625
12447,7541
12447,10702
12447,11867
12447,17763
12448,15292
12448,17286
12448,17566
12448,27468
12449,2958
12449,12291
12449,21113
12449,23119
12450,10057
12450,13976
12450,24822
12450,25272
12451,13620
12451,15702
12451,21909
12451,25084
12452,1921
12452,6614
12452,7926
12452,26741
12453,527
12453,1914
12453,4450
12453,10609
12454,3615
12454,18419
12454,21998
12454,23199
12455,9478
12455,9630
12455,10057
12455,16954
12456,25064
12457,10763
12457,15719
12457,20114
12457,23470
12458,13214
12458,14238
12458,17224
12458,18613
12459,2206
12459,6922
12459,15321
12459,25064
12460,4450
12460,13315
12460,15107
12460,15802
12461,5371
12461,11744
12461,17975
12461,19492
12462,61
12462,475
12462,2884
12462,16293
12463,1379
12463,16164
12463,20136
12463,24055
12464,3091
12464,19126
12464,20802
12464,27745
12465,14667
12465,18522
12465,20168
12465,22870
12466,13932
12466,17902
12466,21421
12466,26259
12467,4352
12467,14627
12467,15544
12467,22294
12468,9040
12468,11862
12468,25722
12468,27451
12469,13039
12469,22378
12469,26166
12469,27942
12470,7461
12470,8933
12470,16109
12470,24873
12471,5060
12471,8342
12471,12798
12471,25232
12472,1663
12472,7793
12472,9007
12473,12566
12473,17395
12473,22779
12473,25905
12474,13197
12474,13961
12474,23817
12474,28435
12475,309
12475,4008
12475,10764
12475,15790
12476,1513
12476,2137
12476,3086
12476,4996
12477,833
12477,5043
12477,10167
12477,23007
12478,4858
12478,10625
12478,17213
12478,28256
12479,1786
12479,14317
12479,15903
12479,23926
12480,12204
12480,20437
12481,8454
12481,14907
12481,17290
12481,21890
12482,725
12482,3299
12482,5204
12482,17519
12483,1759
12483,3079
12483,20359
12483,22581
12484,4384
12484,16632
12484,26259
12484,26571
12485,2918
12485,5097
12485,6917
12485,22827
12486,1248
12486,3885
12486,10120
12486,17540
12487,8835
12487,9908
12487,22814
12487,27650
12488,3537
12488,8483
12488,15484
12488,23941
12489,12967
12489,13492
12489,15302
12489,16659
12490,3542
12490,6126
12490,13492
12490,16659
12491,4587
12491,17598
12491,24876
12491,26785
12492,5775
12492,12808
12492,17221
12492,26193
12493,3363
12493,4602
12493,9425
12493,23307
12494,4317
12494,13715
12494,15013
12494,18613
12495,4812
12495,15802
12495,22556
12495,24960
12496,2976
12496,5508
12496,24401
12496,27012
12497,2391
12497,18419
12497,26315
12497,28488
12498,1401
12498,5594
12498,10402
12498,16316
12499,8631
12499,13090
12499,20877
12499,23730
12500,3730
12500,10791
12500,10847
12500,22364
12501,2518
12501,4318
12501,5569
12501,22667
12502,12661
12502,19617
12502,26228
12502,27199
12503,1608
12503,13315
12503,17296
12503,26567
12504,405
12504,1259
12504,21332
12504,28241
12505,9551
12505,10840
12505,15269
12506,10631
12506,13174
12506,14463
12506,16608
12507,2876
12507,19648
12507,26007
12507,28110
12508,8255
12508,8630
12508,16003
12508,24870
12509,7494
12509,20264
12509,21348
12509,28322
12510,2063
12510,16218
12510,18677
12510,20163
12511,8490
12511,13174
12511,14090
12511,18582
12512,35
12512,473
12512,10866
12512,17933
12513,8658
12513,15429
12513,20575
12513,24049
12514,8882
12514,12582
12514,14528
12514,22802
12515,52
12515,6534
12515,8337
12515,26156
12516,4762
12516,8015
12517,5286
12517,8307
12517,12808
12517,18845
12518,7394
12518,14091
12518,22529
12518,28529
12519,17032
12519,18177
12519,19836
12519,22143
12520,3347
12520,5899
12520,7696
12520,21459
12521,439
12521,3620
12521,20419
12521,26204
12522,921
12522,1590
12522,7785
12522,22635
12523,3532
12523,6932
12523,13986
12523,19374
12524,4480
12524,7807
12524,10315
12524,16903
12525,13315
12525,16449
12525,16951
12525,28015
12526,47
12526,2279
12526,22956
12526,24004
12527,1872
12527,9673
12527,13345
12528,2568
12528,19066
12528,20349
12528,23333
12529,12098
12529,14044
12529,23933
12529,24116
12530,16332
12530,21424
12530,23937
12530,23995
12531,991
12531,3137
12531,18940
12531,26298
12532,1495
12532,4874
12532,13315
12532,23840
12533,2367
12533,15166
12533,15974
12533,18802
12534,10385
12534,14478
12534,24926
12534,27016
12535,15587
12535,15611
12535,19431
12535,25984
12536,2226
12536,5222
12536,13804
12536,15103
12537,13827
12538,1212
12538,6087
12538,13348
12538,27388
12539,3655
12539,7364
12539,14203
12539,20010
12540,7515
12540,8441
12540,10041
12540,19067
12541,20477
12542,7936
12542,16930
12542,17396
12542,27658
12543,613
12543,3032
12543,6328
12543,27240
12544,17542
12544,23855
12544,26933
12544,27067
12545,20477
12546,3811
12546,8134
12546,22765
12546,25611
12547,5353
12547,7707
12547,11822
12547,26705
12548,2085
12548,24467
12549,3655
12549,17182
12549,17652
12549,19094
12550,5170
12550,11257
12550,13962
12550,27825
12551,2719
12551,4097
12551,5063
12551,7569
12552,9689
12552,16065
12552,17029
12552,27072
12553,7383
12553,15464
12554,7936
12554,22533
12554,26861
12555,2582
12555,3149
12555,4069
12555,9034
12556,1891
12556,18352
12556,18897
12556,27448
12557,15695
12557,22126
12557,23199
12557,27906
12558,5212
12559,6285
12559,7910
12559,14358
12559,25032
12560,6579
12560,8883
12560,10869
12560,16623
12561,1366
12561,2619
12561,7968
12561,16762
12562,296
12562,2777
12562,18359
12562,19598
12563,6285
12563,7910
12563,14358
12563,18356
12564,6025
12564,6381
12564,9432
12564,10727
12565,1889
12565,22274
12565,24883
12565,25668
12566,20747
12566,24279
12566,26311
12566,26368
12567,3033
12567,21647
12567,26311
12567,27059
12568,5170
12568,5233
12568,6665
12568,14849
12569,4851
12569,7805
12569,17067
12569,20223
12570,4588
12570,11596
12570,19241
12570,26535
12571,17534
12571,22948
12571,26651
12571,27116
12572,3032
12572,21351
12572,22540
12572,27240
12573,266
12573,17626
12573,18262
12573,20248
12574,1096
12574,3167
12574,5788
12574,22139
12575,1649
12575,2776
12575,8968
12575,20254
12576,1760
12576,11032
12576,20078
12576,22410
12577,1540
12577,13856
12577,14001
12577,19764
12578,3581
12578,6248
12578,13523
12578,19609
12579,7993
12579,21134
12579,26781
12579,27170
12580,4723
12580,19744
12580,23001
12580,24227
12581,6967
12581,14103
12581,19347
12581,21447
12582,2862
12582,11574
12582,12262
12582,16293
12583,3325
12583,7048
12583,7851
12583,21998
12584,7833
12584,15662
12584,22342
12584,22393
12585,15489
12585,15682
12585,25505
12585,25647
12586,1491
12586,12635
12586,21064
12586,28151
12587,36
12587,2854
12587,4715
12587,18845
12588,2394
12588,8491
12588,12740
12588,28459
12589,2334
12589,14187
12589,14802
12589,19828
12590,1820
12590,6830
12590,15309
12590,27110
12591,3042
12591,3565
12591,5343
12591,23813
12592,1658
12592,14823
12592,20352
12592,25532
12593,1914
12593,2637
12593,22490
12593,25211
12594,1797
12594,12215
12594,13039
12594,20844
12595,4043
12595,7460
12595,9750
12595,13247
12596,4674
12596,13117
12596,13412
12596,22474
12597,1575
12597,4904
12597,13879
12597,20887
12598,851
12598,13523
12598,14591
12598,18887
12599,3072
12599,12753
12599,21978
12599,27372
12600,2782
12600,3998
12600,4696
12600,27251
12601,3884
12601,14677
12601,16540
12601,27193
12602,1669
12602,3369
12602,15040
12602,21067
12603,8933
12603,18600
12603,25796
12603,27193
12604,3653
12604,5280
12604,27372
12604,28013
12605,12583
12605,16525
12605,24162
12605,26174
12606,3216
12606,9625
12606,22631
12606,24574
12607,1374
12607,3072
12607,3884
12607,9612
12608,2890
12608,9034
12608,11435
12608,14610
12609,924
12609,3299
12609,14992
12609,22294
12610,559
12610,14534
12610,27574
12610,28502
12611,3998
12611,11609
12611,12296
12611,21348
12612,4643
12612,10058
12612,17603
12612,26554
12613,10126
12613,13271
12613,16333
12613,20493
12614,8507
12615,10523
12615,12048
12615,17982
12615,20260
12616,8933
12616,13129
12616,18551
12616,25722
12617,4907
12618,1131
12618,1547
12618,7423
12618,15343
12619,1496
12619,8563
12619,8684
12619,16002
12620,2885
12620,5045
12620,7152
12620,22793
12621,3732
12621,5786
12621,14430
12621,18967
12622,14430
12622,18967
12622,22987
12622,28195
12623,609
12623,5098
12623,11549
12623,20184
12624,20477
12625,3703
12625,14710
12625,19061
12625,23520
12626,16902
12626,17046
12626,20530
12626,26083
12627,7106
12627,13638
12627,13847
12627,16524
12628,5356
12628,7164
12628,12004
12628,23006
12629,3551
12629,5821
12629,9432
12629,16316
12630,2863
12630,17188
12630,20575
12630,25204
12631,16341
12631,17006
12631,23423
12631,28403
12632,5285
12632,14684
12632,14880
12632,16805
12633,8659
12633,24968
12633,25435
12633,28196
12634,61
12634,9860
12634,21006
12634,25577
12635,4921
12635,10801
12635,12672
12635,23199
12636,7699
12636,9961
12636,11130
12636,11786
12637,1578
12637,14695
12637,15167
12637,22019
12638,5227
12638,13466
12638,16312
12638,21471
12639,5995
12639,10024
12639,14984
12639,22877
12640,5995
12640,13919
12640,16109
12640,27193
12641,13475
12641,17380
12641,19620
12641,28256
12642,3371
12642,10246
12642,10352
12642,21143
12643,631
12643,3176
12643,4643
12643,23730
12644,12753
12644,16109
12644,21081
12644,27372
12645,6180
12645,8697
12645,15086
12645,27931
12646,8992
12646,15904
12646,24079
12646,25317
12647,3310
12647,4009
12647,4933
12647,18897
12648,1681
12648,8705
12648,16366
12648,18323
12649,20477
12650,20477
12651,20655
12652,20477
12653,20477
12654,2590
12654,3114
12654,13096
12654,27126
12655,1943
12655,3528
12655,4535
12655,11203
12656,10543
12656,12121
12656,18056
12656,24944
12657,20477
12658,17028
12659,20477
12660,664
12660,10135
12660,20318
12660,27168
12661,20477
12662,20477
12663,20477
12664,20477
12665,20477
12666,20477
12667,20477
12668,20477
12669,6860
12669,12658
12669,26159
12669,27926
12670,7303
12670,9762
12670,9853
12670,26459
12671,10487
12671,16548
12671,18971
12671,20029
12672,20477
12673,20477
12674,758
12674,5672
12674,22685
12674,23707
12675,2112
12675,5886
12675,26510
12675,28340
12676,20477
12677,20477
12678,20477
12679,20477
12680,8120
12680,16377
12680,25970
12680,26894
12681,595
12681,14990
12681,18028
12681,20007
12682,6987
12682,11440
12682,14404
12682,17408
12683,16396
12683,19511
12683,21856
12683,26583
12684,11784
12684,13717
12684,14115
12684,17878
12685,20477
12686,9290
12686,11256
12686,23882
12687,20477
12688,20477
12689,20477
12690,20477
12691,15644
12692,935
12692,1146
12692,14803
12692,19944
12693,3981
12693,6446
12693,9843
12693,23955
12694,20477
12695,20477
12696,20477
12697,16837
12697,19852
12697,21692
12697,28517
12698,20077
12698,24951
12699,20477
12700,20477
12701,20477
12702,5894
12702,19080
12702,20829
12702,24879
12703,3404
12703,7269
12703,11209
12704,20477
12705,20477
12706,20477
12707,20477
12708,20477
12709,4443
12709,19080
12709,24817
12709,26260
12710,20477
12711,4893
12711,7116
12711,9735
12711,21988
12712,20477
12713,20477
12714,20477
12715,20477
12716,20477
12717,1620
12718,20477
12719,20477
12720,20477
12721,5105
12721,11489
12722,2812
12722,18297
12722,19275
12722,22088
12723,6285
12723,7910
12723,20479
12723,21040
12724,20477
12725,2818
12726,16037
12726,18737
12726,24283
12726,27857
12727,20477
12728,20477
12729,20477
12730,20477
12731,20477
12732,20477
12733,20477
12734,20477
12735,20477
12736,20477
12737,20477
12738,20477
12739,20477
12740,20477
12741,20477
12742,20477
12743,20477
12744,20477
12745,20477
12746,20477
12747,20477
12748,20477
12749,20477
12750,20477
12751,20477
12752,20477
12753,20477
12754,20477
12755,7385
12755,16934
12755,18110
12755,18171
12756,15171
12756,17378
12756,21508
12756,27999
12757,20477
12758,4800
12758,11149
12758,22822
12758,27472
12759,20477
12760,20477
12761,12237
12761,13682
12761,16185
12761,17919
12762,20477
12763,13356
12763,16105
12763,26740
12763,27729
12764,20477
12765,20477
12766,20477
12767,20477
12768,20477
12769,20477
12770,20477
12771,26198
12772,2696
12773,20477
12774,20477
12775,20477
12776,20477
12777,18612
12778,20477
12779,20477
12780,20477
12781,20477
12782,20477
12783,8511
12783,13841
12783,26678
12784,20477
12785,1577
12785,10381
12785,27489
12785,28513
12786,20477
12787,14575
12787,18684
12787,27979
12787,28210
12788,17638
12789,20477
12790,20477
12791,20477
12792,3787
12792,11968
12792,14715
12793,21599
12793,26253
12793,27647
12793,27724
12794,21250
12795,20477
12796,9755
12797,7058
12797,9045
12797,17679
12797,18351
12798,17893
12798,18641
12798,22902
12798,25987
12799,25788
12800,11193
12801,6550
12801,8116
12801,8663
12801,27156
12802,15930
12802,17303
12802,22498
12802,26357
12803,20477
12804,20477
12805,20477
12806,20477
12807,20477
12808,8512
12808,9086
12808,19140
12808,27541
12809,14263
12809,19760
12809,24178
12809,26364
12810,20477
12811,20477
12812,20477
12813,20477
12814,7263
12814,9180
12814,22058
12814,26965
12815,20477
12816,20477
12817,20477
12818,20477
12819,5621
12819,6315
12819,11568
12819,12083
12820,20477
12821,20477
12822,20477
12823,156
12823,636
12823,7107
12823,25016
12824,10380
12824,19111
12824,22994
12824,25625
12825,16017
12825,20923
12826,20477
12827,20477
12828,5006
12828,9208
12828,23646
12828,26420
12829,20477
12830,7362
12831,20477
12832,20477
12833,20477
12834,20477
12835,20477
12836,20477
12837,22688
12838,16163
12838,19768
12838,24352
12838,27590
12839,20477
12840,6990
12840,8450
12840,22580
12840,27336
12841,13159
12841,13189
12841,22288
12841,23234
12842,5341
12842,8614
12843,2224
12843,14590
12843,25935
12843,26859
12844,5379
12844,6544
12844,9608
12844,12725
12845,20477
12846,12056
12847,10055
12847,14866
12847,27044
12847,27628
12848,20477
12849,20477
12850,20477
12851,4872
12851,14110
12851,15915
12851,27373
12852,18804
12853,20477
12854,5481
12854,7582
12854,11084
12854,19827
12855,3236
12855,4501
12855,4942
12855,18371
12856,2204
12856,13567
12856,22088
12856,25537
12857,12791
12858,20729
12859,11632
12859,13312
12859,26255
12859,27373
12860,20477
12861,746
12862,11345
12863,20477
12864,7725
12864,15083
12864,25513
12864,28321
12865,258
12865,8812
12865,22849
12866,20477
12867,20477
12868,20477
12869,20477
12870,430
12870,1199
12870,10293
12870,10718
12871,6560
12871,13135
12871,15606
12871,23964
12872,20477
12873,20477
12874,20477
12875,20477
12876,20477
12877,20477
12878,20477
12879,20477
12880,20477
12881,20477
12882,20477
12883,20477
12884,20477
12885,20477
12886,13299
12886,16224
12887,3110
12888,9904
12888,9949
12888,12843
12888,13531
12889,20477
12890,22525
12890,22633
12890,25693
12890,28243
12891,20477
12892,9945
12893,20477
12894,591
12895,8228
12895,8515
12895,15744
12895,16264
12896,20477
12897,20477
12898,20477
12899,20477
12900,5253
12900,8251
12900,23274
12900,27539
12901,20477
12902,753
12902,7330
12902,19523
12902,24671
12903,20477
12904,490
12904,2770
12904,9563
12904,21225
12905,4772
12905,24394
12906,6509
12906,7628
12906,8282
12906,13361
12907,20477
12908,26747
12909,1101
12909,7119
12909,12465
12909,16900
12910,6740
12910,11171
12910,11525
12910,26483
12911,20477
12912,20477
12913,20477
12914,12204
12914,14357
12914,20437
12914,27880
12915,18641
12915,23606
12916,3397
12916,15583
12916,21944
12916,26493
12917,20477
12918,20477
12919,20477
12920,20477
12921,20477
12922,20477
12923,21678
12924,20477
12925,3453
12925,4872
12925,19811
12925,21636
12926,11293
12926,13227
12926,15955
12926,27067
12927,5691
12927,16921
12927,19002
12927,27654
12928,20477
12929,20477
12930,11885
12931,5808
12931,12502
12931,14649
12931,19103
12932,20477
12933,24721
12934,1035
12934,16144
12934,20960
12934,21527
12935,20477
12936,8937
12936,12896
12936,14899
12936,23709
12937,104
12937,239
12937,4241
12937,26479
12938,20477
12939,1227
12940,20477
12941,11481
12942,13509
12942,18654
12942,19614
12942,24385
12943,1210
12943,3306
12943,11605
12943,19596
12944,9115
12944,12355
12944,15732
12944,16770
12945,15766
12945,22065
12945,23797
12945,26257
12946,5277
12946,5379
12946,17354
12946,26601
12947,16535
12948,11481
12948,15796
12948,23797
12948,26257
12949,3417
12950,3417
12951,20477
12952,20477
12953,20477
12954,20477
12955,20477
12956,8776
12956,14776
12956,23211
12956,26317
12957,20477
12958,12115
12959,6788
12959,7257
12960,20477
12961,12278
12961,17010
12961,18786
12961,18979
12962,4589
12962,8776
12962,26317
12962,26916
12963,20477
12964,20477
12965,20477
12966,16648
12966,17832
12966,26255
12966,26257
12967,20477
12968,20477
12969,20477
12970,20477
12971,20477
12972,402
12972,4341
12972,4589
12972,22564
12973,20477
12974,20477
12975,20477
12976,4421
12976,11449
12976,19238
12977,20477
12978,20477
12979,20477
12980,20477
12981,20477
12982,2326
12982,8077
12982,13667
12982,18067
12983,20477
12984,20477
12985,20477
12986,20477
12987,20477
12988,2087
12988,18032
12988,18036
12989,20477
12990,20477
12991,20477
12992,20477
12993,20477
12994,20477
12995,20477
12996,20477
12997,20477
12998,20477
12999,20477
13000,20477
13001,20477
13002,20477
13003,20477
13004,200
13004,2761
13004,11594
13004,18900
13005,10808
13006,5060
13006,14588
13006,24217
13006,26373
13007,20477
13008,20477
13009,20477
13010,20477
13011,20477
13012,20477
13013,20477
13014,20477
13015,6634
13016,20477
13017,20477
13018,10095
13019,12581
13019,18883
13019,21643
13019,26698
13020,5514
13020,19668
13020,21690
13020,27094
13021,404
13021,7642
13021,15271
13021,15523
13022,380
13022,14310
13022,17264
13022,18315
13023,11963
13024,937
13024,3620
13024,20143
13024,23241
13025,20477
13026,1462
13026,11670
13026,15311
13026,28114
13027,23852
13028,14483
13029,20477
13030,20477
13031,24107
13032,20477
13033,20477
13034,20477
13035,20477
13036,20477
13037,20477
13038,12341
13038,20601
13038,20602
13038,24112
13039,1525
13039,5826
13039,7255
13039,19703
13040,20477
13041,20477
13042,20477
13043,20477
13044,3912
13044,6262
13044,10645
13044,12859
13045,20477
13046,20477
13047,20477
13048,20477
13049,20477
13050,4513
13051,20477
13052,20477
13053,2178
13053,5304
13053,11513
13053,18989
13054,20477
13055,20477
13056,20477
13057,20477
13058,20477
13059,20477
13060,8565
13060,12685
13060,15791
13060,25028
13061,20477
13062,20477
13063,20477
13064,20477
13065,20477
13066,2483
13066,8305
13066,28118
13067,20477
13068,268
13068,22915
13068,25550
13068,27426
13069,4491
13070,2700
13070,10947
13070,20604
13070,24721
13071,20477
13072,1483
13073,15042
13074,3417
13075,16545
13075,20801
13075,22864
13075,26979
13076,20477
13077,20477
13078,20477
13079,20477
13080,20477
13081,15991
13082,3187
13082,10582
13082,20109
13082,21197
13083,2763
13083,12026
13083,13014
13083,21677
13084,3187
13084,14418
13084,16909
13084,20791
13085,16703
13086,10971
13086,14481
13086,17327
13086,21920
13087,20477
13088,8198
13089,20477
13090,20477
13091,20477
13092,20477
13093,4470
13093,9852
13093,16616
13093,25360
13094,3318
13094,6532
13094,23543
13095,20477
13096,20477
13097,22463
13098,20477
13099,9083
13099,11002
13099,12144
13099,22408
13100,6875
13100,9521
13100,21298
13100,24660
13101,2379
13101,6234
13101,6316
13101,26694
13102,13954
13102,16094
13102,27287
13103,13944
13103,14375
13103,14991
13103,17607
13104,9675
13104,24392
13104,25544
13104,28286
13105,3503
13105,6082
13105,17948
13105,25989
13106,2526
13106,8310
13106,15103
13106,21954
13107,20477
13108,8041
13109,7717
13109,10582
13109,17426
13109,21177
13110,20477
13111,5953
13111,11687
13111,12745
13111,21857
13112,20477
13113,20477
13114,20477
13115,20477
13116,20477
13117,20477
13118,20477
13119,15122
13119,17724
13119,21935
13120,20477
13121,20477
13122,6336
13122,16430
13122,21854
13122,23183
13123,20477
13124,2394
13125,1302
13125,3299
13125,10267
13125,17728
13126,1759
13126,12727
13126,16315
13126,24328
13127,1286
13127,2022
13127,13048
13127,16064
13128,20477
13129,20477
13130,1286
13130,2022
13130,13048
13130,16064
13131,20477
13132,20477
13133,4797
13133,9266
13133,17956
13133,23910
13134,10161
13134,11059
13134,12155
13134,18348
13135,3213
13135,3236
13135,3386
13135,20167
13136,20477
13137,11609
13137,13642
13137,14627
13137,15189
13138,8358
13139,11609
13139,13642
13139,14627
13139,15189
13140,20477
13141,5868
13141,10266
13141,15965
13141,27286
13142,3223
13142,9266
13142,13676
13142,26643
13143,14798
13143,16817
13143,24968
13143,27457
13144,20477
13145,2576
13145,17226
13145,18683
13145,25451
13146,20477
13147,373
13147,383
13147,5521
13147,26766
13148,20477
13149,20477
13150,20477
13151,20477
13152,20477
13153,20477
13154,20477
13155,20477
13156,13187
13156,15391
13156,27420
13156,27503
13157,15261
13158,12970
13159,22223
13159,22997
13159,24016
13160,20477
13161,1671
13162,17872
13163,20477
13164,20477
13165,20477
13166,20477
13167,1291
13167,2326
13167,16828
13167,24935
13168,1291
13168,8077
13168,13801
13168,21691
13169,20477
13170,20447
13171,20477
13172,20477
13173,24827
13174,20477
13175,20477
13176,7359
13176,15049
13176,17096
13176,24310
13177,20477
13178,13954
13178,16094
13178,27287
13179,20477
13180,20477
13181,20477
13182,20477
13183,20477
13184,20477
13185,6825
13185,9529
13185,10470
13185,17180
13186,20477
13187,20477
13188,6668
13188,8668
13188,25145
13188,27499
13189,20477
13190,20477
13191,20477
13192,20477
13193,20477
13194,20477
13195,20477
13196,20477
13197,1184
13197,4241
13197,18401
13197,20803
13198,20477
13199,20477
13200,20477
13201,20477
13202,20477
13203,20477
13204,20477
13205,2642
13205,16135
13205,16158
13205,27783
13206,20477
13207,20477
13208,12363
13208,12714
13208,16835
13208,26544
13209,4538
13209,6301
13209,15047
13210,20477
13211,2556
13211,15678
13211,21290
13211,24277
13212,20477
13213,20477
13214,3410
13214,6597
13214,17307
13214,22611
13215,8265
13215,13224
13215,24360
13215,25490
13216,20477
13217,4824
13217,8794
13217,9536
13217,21098
13218,20477
13219,20477
13220,20477
13221,20477
13222,20477
13223,18411
13224,8499
13224,9860
13224,12995
13224,16513
13225,2568
13225,5400
13225,20349
13225,26903
13226,2869
13226,11099
13226,18862
13226,21130
13227,20477
13228,20477
13229,20477
13230,544
13230,5140
13230,15662
13230,17046
13231,20477
13232,20477
13233,20477
13234,20477
13235,341
13235,8268
13235,9110
13235,25319
13236,10988
13236,21142
13236,24504
13236,24676
13237,2769
13237,9532
13237,11270
13237,16737
13238,746
13238,928
13238,8327
13238,25597
13239,4720
13239,8905
13239,26426
13239,28059
13240,20477
13241,20477
13242,20477
13243,20477
13244,1118
13244,12574
13244,23708
13244,24376
13245,20477
13246,20477
13247,20477
13248,20477
13249,20477
13250,1644
13250,2277
13250,18534
13250,24138
13251,6285
13251,7910
13251,14358
13251,18356
13252,5063
13252,19979
13252,22587
13252,25971
13253,6887
13253,8676
13253,11032
13253,19458
13254,7164
13254,13932
13254,16077
13254,26745
13255,2091
13255,11521
13255,19032
13255,22243
13256,2285
13256,16528
13256,16946
13256,22552
13257,1215
13257,13919
13257,18007
13257,27413
13258,1390
13258,12684
13258,15156
13258,15885
13259,13385
13259,17492
13259,23221
13259,27469
13260,6003
13260,13090
13260,24950
13260,27525
13261,6848
13261,16293
13261,22593
13261,24808
13262,605
13262,678
13262,13932
13262,22248
13263,10807
13263,15212
13263,19118
13263,23381
13264,6995
13264,8630
13264,17594
13264,21960
13265,6985
13265,7115
13265,7171
13265,26745
13266,7589
13266,14078
13266,15146
13266,23504
13267,2002
13267,10939
13267,15638
13267,27791
13268,9298
13268,12477
13268,16782
13268,25014
13269,3193
13269,10883
13269,12801
13269,15822
13270,186
13270,5912
13270,13797
13270,21513
13271,1614
13271,7041
13271,11322
13271,16293
13272,19525
13272,24162
13272,25317
13272,25796
13273,7810
13273,10967
13273,17208
13273,24495
13274,1709
13274,12449
13274,18924
13274,22973
13275,1087
13275,6662
13275,9310
13275,19715
13276,3193
13276,10883
13276,12801
13276,15822
13277,2002
13277,10939
13277,15638
13277,27791
13278,1084
13278,8644
13278,8976
13278,11597
13279,213
13279,17076
13279,25419
13279,25833
13280,2934
13280,11848
13280,18307
13280,19303
13281,6506
13281,12345
13281,13512
13281,22069
13282,228
13282,8922
13282,15189
13282,15447
13283,5477
13283,16504
13283,22729
13283,25505
13284,21324
13285,23086
13285,25602
13286,1343
13286,7660
13286,12566
13286,15763
13287,5043
13287,7110
13287,7509
13287,10087
13288,1699
13288,1703
13288,2204
13288,26825
13289,7453
13289,11131
13289,16347
13289,18807
13290,13331
13290,14547
13290,19411
13290,26233
13291,15768
13291,22552
13291,22793
13291,23077
13292,9245
13292,12872
13292,17992
13292,26526
13293,880
13293,12471
13293,22793
13293,24437
13294,7891
13294,10383
13294,16561
13294,17388
13295,1259
13295,7364
13295,14535
13295,24123
13296,9998
13296,12331
13296,26142
13296,27096
13297,2719
13297,4222
13297,11352
13297,27667
13298,8867
13298,12607
13298,14561
13298,17188
13299,10665
13299,15146
13299,15710
13299,28168
13300,4256
13300,10250
13300,14931
13300,25660
13301,300
13301,8328
13301,12935
13301,13442
13302,5298
13302,14175
13302,16997
13302,21348
13303,1259
13303,17414
13303,24646
13303,27631
13304,10320
13304,17277
13304,21359
13304,25159
13305,3737
13305,14507
13305,17608
13305,25902
13306,2499
13306,14507
13306,17608
13306,19733
13307,3399
13307,10912
13307,23494
13307,23872
13308,3870
13308,12296
13308,13798
13308,17437
13309,13183
13309,14444
13309,20319
13309,26151
13310,4537
13310,10643
13310,16000
13310,28297
13311,11664
13311,12558
13311,17025
13311,22455
13312,8416
13312,9708
13312,10772
13312,15084
13313,6216
13313,7586
13313,14208
13313,18978
13314,3608
13314,8251
13314,16331
13314,17144
13315,1402
13315,8200
13315,13386
13315,15955
13316,13183
13316,13690
13316,18675
13316,26209
13317,4661
13317,5057
13317,7891
13317,12494
13318,378
13318,3941
13318,6891
13318,26690
13319,4858
13319,7291
13319,11492
13319,23001
13320,20077
13320,21954
13320,23899
13320,26435
13321,12816
13321,21113
13321,21441
13321,24037
13322,13183
13322,14452
13322,17968
13322,23165
13323,4379
13323,11724
13323,15520
13323,19458
13324,3551
13324,19977
13324,24096
13324,26383
13325,1116
13325,7913
13325,12197
13325,20570
13326,3446
13326,14958
13326,15268
13326,27407
13327,985
13327,6719
13327,7033
13327,7472
13328,4317
13328,5201
13328,10120
13328,26233
13329,3442
13329,12566
13329,16524
13329,19344
13330,1376
13330,22635
13330,24096
13330,24714
13331,897
13331,2175
13331,25359
13331,25917
13332,4467
13332,7660
13332,18136
13332,26483
13333,484
13333,17182
13333,18938
13333,28400
13334,4016
13334,7164
13334,20379
13334,26033
13335,3342
13335,15475
13335,27510
13335,27556
13336,5033
13336,5619
13336,20170
13336,28422
13337,4514
13337,10462
13337,13660
13337,13886
13338,8263
13338,14985
13338,16044
13338,20347
13339,7910
13339,8901
13339,19171
13339,24684
13340,7554
13340,12147
13340,13916
13340,22507
13341,1643
13341,2775
13341,3279
13341,8455
13342,8321
13342,14901
13342,16393
13342,16768
13343,177
13343,8309
13343,9279
13343,28322
13344,3224
13344,4393
13344,24887
13344,25204
13345,5006
13345,9208
13345,23646
13345,26420
13346,5528
13346,6269
13346,10825
13346,19877
13347,9564
13347,19567
13347,23940
13347,24030
13348,9908
13348,12201
13348,17968
13348,26233
13349,3258
13349,11528
13349,25627
13349,27746
13350,5502
13350,14591
13350,26233
13350,26575
13351,5902
13351,11171
13351,12197
13351,23301
13352,319
13352,20052
13352,23676
13352,26071
13353,339
13353,3149
13353,4922
13353,17744
13354,4317
13354,12345
13354,16164
13354,17005
13355,7164
13355,20136
13355,21499
13355,24569
13356,8781
13356,18758
13356,21738
13356,23176
13357,5222
13357,7106
13357,10517
13357,14535
13358,8835
13358,23188
13358,26181
13358,27382
13359,5901
13359,20580
13359,23903
13359,28107
13360,12870
13360,19615
13360,19618
13360,20501
13361,5201
13361,6995
13361,13862
13361,26577
13362,5165
13362,7094
13362,10596
13362,21379
13363,2786
13363,10700
13363,13052
13363,22913
13364,4697
13364,7364
13364,10625
13364,14628
13365,27512
13366,26782
13367,2339
13367,2599
13367,8310
13367,8922
13368,5576
13368,24646
13368,25435
13368,26345
13369,1946
13369,11000
13369,11342
13369,18675
13370,2493
13370,8645
13370,20481
13370,23188
13371,8630
13371,9120
13371,13483
13371,26114
13372,18792
13372,27298
13372,27364
13372,27627
13373,388
13373,19129
13373,20997
13373,23697
13374,12163
13374,13218
13374,17046
13374,26898
13375,5893
13375,10886
13375,12624
13375,26473
13376,536
13376,3133
13376,3883
13376,7349
13377,1494
13377,7981
13377,9066
13377,27182
13378,12926
13378,22593
13378,28007
13378,28021
13379,1796
13379,3032
13379,26259
13379,26892
13380,6492
13380,8579
13380,11843
13380,19895
13381,1748
13381,4739
13381,9773
13381,26258
13382,729
13382,13695
13382,16941
13382,21320
13383,1168
13383,5222
13383,13116
13383,14535
13384,6214
13384,22302
13384,25268
13384,26117
13385,13315
13385,20088
13385,24569
13385,25505
13386,15888
13386,19363
13386,25159
13386,27214
13387,4670
13387,16724
13387,25232
13387,27650
13388,4016
13388,7313
13388,21294
13388,24968
13389,4016
13389,4625
13389,15936
13389,17556
13390,5952
13390,14030
13390,20403
13390,23653
13391,6781
13391,7344
13391,12168
13391,23147
13392,4147
13392,17551
13392,19518
13392,19611
13393,403
13393,1591
13393,16393
13393,22682
13394,3523
13394,5408
13394,17019
13394,27522
13395,1270
13395,2958
13395,3442
13395,27363
13396,771
13396,2105
13396,11063
13396,12649
13397,4388
13397,7291
13397,14547
13397,26345
13398,4932
13398,19300
13398,22887
13398,24015
13399,8139
13399,9074
13399,14977
13399,22602
13400,2060
13400,8641
13400,24980
13400,27165
13401,6390
13401,8529
13401,13447
13401,26688
13402,315
13402,15254
13402,19631
13402,26293
13403,2064
13403,9455
13403,14434
13403,23119
13404,5073
13404,19677
13404,20316
13404,22343
13405,10097
13405,11422
13405,16495
13405,24113
13406,579
13406,7829
13406,12749
13406,20012
13407,1429
13407,10700
13407,17769
13407,27214
13408,1209
13408,2854
13408,24857
13408,26464
13409,2318
13409,3037
13409,5697
13409,12447
13410,12562
13410,14092
13410,19764
13410,27887
13411,1878
13411,13569
13411,17296
13411,23141
13412,2637
13412,8954
13412,23730
13412,25577
13413,3231
13413,8008
13413,19998
13413,26745
13414,10854
13414,16788
13414,19620
13414,27819
13415,10937
13415,13578
13415,20369
13415,22979
13416,5651
13416,11751
13416,20544
13416,23854
13417,8579
13417,14203
13417,18527
13417,21113
13418,17998
13418,18136
13418,19592
13418,27218
13419,4317
13419,8954
13419,10320
13419,23524
13420,4454
13420,19567
13420,20481
13420,26233
13421,520
13421,771
13421,1454
13421,2063
13422,637
13422,759
13422,2923
13422,5388
13423,6995
13423,13188
13423,17208
13423,26373
13424,5171
13424,14866
13424,20397
13424,27535
13425,11910
13425,18448
13425,20695
13425,22910
13426,18391
13426,21431
13426,21703
13426,24284
13427,2196
13427,15084
13427,22670
13427,25758
13428,3149
13428,8867
13428,10416
13428,13322
13429,5902
13429,7672
13429,20357
13429,21170
13430,7947
13430,8343
13430,16615
13430,16768
13431,9570
13431,16615
13431,26745
13431,28244
13432,505
13432,1794
13432,22110
13432,27512
13433,6052
13433,19278
13433,24423
13433,26151
13434,639
13434,1379
13434,2490
13434,22234
13435,1703
13435,8529
13435,12515
13435,27115
13436,6832
13436,12708
13436,14983
13436,23680
13437,1540
13437,4996
13437,11528
13437,23524
13438,28
13438,2481
13438,3109
13438,10323
13439,5697
13439,8139
13439,10798
13439,24388
13440,2349
13440,8941
13440,12291
13440,22815
13441,2579
13441,6777
13441,13548
13441,13936
13442,4016
13442,7313
13442,16768
13442,21017
13443,1048
13443,6904
13443,18187
13443,20264
13444,405
13444,6096
13444,13136
13444,25053
13445,851
13445,14705
13445,23903
13445,27046
13446,1911
13446,3224
13446,17430
13446,23982
13447,3032
13447,9809
13447,10385
13447,20035
13448,395
13448,5959
13448,9304
13448,9911
13449,8194
13449,18382
13449,20832
13449,21915
13450,17551
13450,20200
13450,22516
13450,25421
13451,5120
13451,12296
13451,25561
13451,25696
13452,10880
13452,18063
13452,18300
13452,18335
13453,326
13453,461
13453,15064
13453,24724
13454,3442
13454,5009
13454,15057
13454,20492
13455,5502
13455,7947
13455,8255
13455,19631
13456,1413
13456,19213
13456,26752
13456,27924
13457,836
13457,6017
13457,16317
13457,21817
13458,2961
13458,7158
13458,10071
13458,11559
13459,475
13459,2705
13459,23165
13459,24099
13460,4454
13460,10040
13460,11808
13460,14900
13461,8567
13461,11926
13461,16976
13461,21948
13462,6099
13462,10628
13462,14693
13462,28004
13463,2216
13463,16765
13463,20802
13463,28139
13464,1376
13464,2490
13464,10333
13464,21186
13465,4190
13465,6833
13465,14085
13465,23977
13466,620
13466,12081
13466,16583
13466,23450
13467,2320
13467,4092
13467,9588
13467,15046
13468,1623
13468,4666
13468,20530
13468,27238
13469,5816
13469,9609
13469,16620
13469,19797
13470,7936
13470,10667
13470,13149
13470,20407
13471,13401
13471,17795
13471,20379
13471,24959
13472,2758
13472,16644
13472,19004
13472,25137
13473,4062
13473,9063
13473,18083
13473,21623
13474,5388
13474,9372
13474,11422
13474,23301
13475,2279
13475,7626
13475,7762
13475,26027
13476,7857
13476,9811
13476,13277
13476,22513
13477,4016
13477,20768
13477,23450
13477,27514
13478,2021
13478,15376
13478,20375
13478,26288
13479,2958
13479,6025
13479,14452
13479,26083
13480,2343
13480,10416
13480,18535
13480,20818
13481,952
13481,12291
13481,12727
13481,13322
13482,2772
13482,8909
13482,13643
13482,19521
13483,7283
13483,10514
13483,10753
13483,19403
13484,2854
13484,13277
13484,13386
13484,16951
13485,2850
13485,4981
13485,20365
13485,22154
13486,431
13486,9066
13486,17926
13486,28241
13487,7793
13487,10579
13487,14345
13487,22795
13488,1766
13488,4666
13488,11774
13488,18136
13489,5502
13489,8303
13489,16644
13489,17795
13490,3553
13490,9185
13490,15509
13490,28232
13491,2369
13491,5813
13491,5901
13491,17842
13492,10153
13492,20461
13492,23500
13492,27173
13493,1921
13493,3141
13493,20779
13493,23301
13494,1542
13494,2829
13494,10628
13494,15022
13495,363
13495,1547
13495,13728
13495,25180
13496,9938
13496,18708
13496,25658
13496,26882
13497,44
13497,66
13497,5080
13497,8126
13498,1209
13498,2719
13498,15570
13498,18372
13499,9826
13499,12510
13499,19306
13499,22114
13500,2349
13500,8263
13500,16366
13500,18629
13501,108
13501,10429
13501,16623
13501,28372
13502,7810
13502,12443
13502,17811
13502,23599
13503,13643
13503,20963
13503,21841
13503,25149
13504,7949
13504,12732
13504,20460
13504,21515
13505,14639
13505,16164
13505,22729
13505,23698
13506,2592
13506,10101
13506,15483
13506,21553
13507,24217
13507,24968
13507,25162
13507,27214
13508,1310
13508,14561
13508,19586
13508,26435
13509,9011
13509,14016
13509,19764
13509,26935
13510,4076
13510,6052
13510,17543
13510,28021
13511,1540
13511,8848
13511,14861
13511,17968
13512,11807
13512,18859
13512,24071
13512,24752
13513,19784
13513,24223
13513,25373
13513,27314
13514,4977
13514,12566
13514,16524
13514,28241
13515,3639
13515,3951
13515,8579
13515,17645
13516,16164
13516,17343
13516,21837
13516,26345
13517,7291
13517,8233
13517,20442
13517,26483
13518,4534
13518,9455
13518,12982
13518,23730
13519,9117
13519,14862
13519,14919
13519,19233
13520,14478
13520,19434
13521,5266
13521,9717
13521,26114
13521,26418
13522,9455
13522,20527
13522,22045
13522,26831
13523,11924
13523,21816
13523,25839
13523,27631
13524,4808
13524,14088
13524,15052
13524,27693
13525,2282
13525,5295
13525,7718
13525,25228
13526,9737
13526,15645
13526,20500
13526,25577
13527,5991
13527,15640
13527,21989
13527,23899
13528,4100
13528,14576
13528,20461
13528,24113
13529,13842
13529,17005
13529,17413
13529,22705
13530,2493
13530,11730
13530,14412
13530,28263
13531,4450
13531,15107
13531,15802
13531,15947
13532,4450
13532,15107
13532,15802
13532,15947
13533,921
13533,7141
13533,10995
13533,13482
13534,1983
13534,11860
13534,14882
13534,24170
13535,6930
13535,7807
13535,16081
13535,25562
13536,10471
13536,18845
13536,20077
13536,23734
13537,10643
13537,11243
13537,16000
13537,28297
13538,5222
13538,9138
13538,14535
13538,20601
13539,4191
13539,4257
13539,9188
13539,22811
13540,8411
13540,14723
13540,15868
13540,20627
13541,2592
13541,14001
13541,21553
13541,21909
13542,476
13542,5128
13542,7164
13542,16623
13543,4392
13544,7286
13544,20328
13544,20601
13544,25779
13545,7040
13545,9138
13545,13862
13545,26083
13546,6848
13546,13277
13546,15802
13546,22069
13547,5086
13547,14781
13547,16142
13547,27364
13548,14599
13548,16090
13548,16850
13548,22854
13549,405
13549,4016
13549,12050
13549,24968
13550,5120
13550,11786
13550,20077
13550,27522
13551,19695
13551,23054
13551,27371
13551,28308
13552,3428
13552,8371
13552,11616
13552,15064
13553,8867
13553,15103
13553,25192
13553,25555
13554,10394
13554,17056
13554,22037
13554,26735
13555,9922
13555,11979
13555,18719
13555,23629
13556,4940
13556,6824
13556,13384
13556,20323
13557,2321
13557,6019
13557,14827
13557,17192
13558,5086
13558,8415
13558,11457
13558,28322
13559,7343
13559,12022
13559,22802
13559,25412
13560,1952
13560,14437
13560,23269
13560,25586
13561,8097
13561,11750
13561,19785
13561,26439
13562,4393
13562,8867
13562,15216
13562,26577
13563,6707
13563,12331
13563,22690
13563,26075
13564,12201
13564,15662
13564,21186
13564,22815
13565,9386
13565,20201
13565,21825
13565,22745
13566,4364
13566,13753
13566,15319
13566,26972
13567,9075
13567,9156
13567,13384
13567,19785
13568,12264
13568,12688
13568,13098
13568,20434
13569,10501
13569,10656
13569,24435
13569,26377
13570,3428
13570,7292
13570,20532
13570,25483
13571,4454
13571,8062
13571,13677
13572,5579
13572,11690
13572,13855
13572,20532
13573,6705
13573,10333
13573,15017
13573,18571
13574,3222
13574,10614
13574,19074
13574,28491
13575,1438
13575,3467
13575,24668
13575,28131
13576,1174
13576,12503
13576,21354
13576,22369
13577,5900
13577,8528
13577,12426
13577,27773
13578,926
13578,5994
13578,13389
13578,25598
13579,2103
13579,7741
13579,10736
13579,21475
13580,9881
13580,11186
13580,16579
13580,21752
13581,15825
13582,12264
13582,14573
13582,22678
13582,27430
13583,9063
13583,11569
13583,20411
13583,21359
13584,4237
13584,11928
13584,15005
13584,20559
13585,5465
13585,6955
13585,11510
13585,18306
13586,28116
13587,1005
13587,17204
13587,19785
13587,20330
13588,5383
13588,10397
13588,12729
13588,24490
13589,7039
13589,24123
13589,24649
13589,26996
13590,2936
13590,4401
13590,16744
13590,20156
13591,11610
13591,15284
13591,25832
13591,27145
13592,13672
13592,14230
13592,15014
13592,17106
13593,6293
13593,18819
13593,24649
13593,27060
13594,6309
13594,8571
13594,13384
13594,19785
13595,1732
13595,16498
13595,22527
13595,24957
13596,7985
13596,17615
13596,19754
13596,21752
13597,14599
13597,16090
13597,16850
13597,22854
13598,4649
13598,8197
13598,13534
13598,27081
13599,1294
13599,4664
13599,4732
13599,17001
13600,10967
13600,18519
13600,23491
13600,26344
13601,12390
13601,18452
13601,19011
13601,24128
13602,5722
13602,6254
13602,10752
13602,11889
13603,1730
13603,8342
13603,9432
13603,20416
13604,398
13604,11109
13604,13656
13604,25530
13605,8309
13605,20241
13605,22342
13605,24337
13606,7639
13606,10603
13606,11203
13606,25568
13607,2775
13607,3279
13607,14639
13607,27512
13608,4310
13608,4582
13608,19571
13608,20282
13609,7184
13609,17798
13609,22036
13609,22974
13610,2705
13610,7291
13610,22906
13610,26435
13611,12581
13611,16003
13611,18203
13611,28256
13612,7495
13612,17955
13612,23146
13612,26083
13613,5101
13613,5712
13613,22413
13613,28422
13614,2203
13614,20044
13614,24397
13614,26925
13615,9000
13615,14337
13615,22149
13615,27157
13616,4436
13616,6726
13616,12552
13616,20795
13617,1871
13617,12878
13617,17182
13617,18749
13618,12163
13618,15975
13618,22184
13618,27205
13619,4393
13619,5499
13619,13927
13619,19979
13620,3467
13620,7396
13620,17621
13620,28427
13621,26056
13622,9399
13622,10317
13622,14432
13622,14876
13623,4205
13623,18345
13623,22453
13623,26123
13624,3381
13624,12106
13624,12117
13624,18093
13625,3467
13625,10336
13625,10863
13625,11839
13626,1039
13626,22002
13626,22137
13626,22411
13627,15303
13628,2676
13628,3655
13628,8969
13628,18628
13629,2543
13629,3605
13629,4705
13629,26876
13630,1005
13630,1536
13630,12133
13630,13384
13631,2550
13631,3148
13631,5901
13631,21411
13632,7734
13632,18784
13632,26705
13632,26861
13633,11088
13633,16149
13633,22254
13633,25851
13634,5948
13634,8106
13634,12034
13634,14851
13635,6838
13635,15785
13635,19317
13635,27516
13636,5939
13636,22447
13636,23303
13636,23334
13637,12426
13637,12957
13637,22012
13637,26725
13638,441
13638,5230
13638,21732
13638,25689
13639,10778
13639,11403
13639,18758
13639,27256
13640,12227
13640,13384
13640,16754
13640,28192
13641,13010
13641,13663
13641,15112
13641,18134
13642,1603
13642,3151
13642,7631
13642,14132
13643,4580
13643,6839
13643,11203
13643,12744
13644,9360
13644,10012
13644,22036
13644,26881
13645,10016
13645,10969
13645,11121
13645,22404
13646,1694
13646,9053
13646,14981
13646,24342
13647,3747
13647,14398
13647,18574
13647,25653
13648,6824
13648,9881
13648,12426
13648,20270
13649,8411
13649,10753
13649,14312
13649,17106
13650,4281
13650,19097
13650,21470
13650,23523
13651,9561
13651,21724
13651,24551
13651,26438
13652,13346
13652,21957
13652,24926
13652,28372
13653,3985
13653,9682
13653,14189
13653,25113
13654,7194
13654,20877
13654,24795
13654,27205
13655,6839
13655,11203
13655,14075
13655,18643
13656,19063
13656,25238
13656,26299
13656,27356
13657,20477
13658,6824
13658,11404
13658,21010
13658,28192
13659,8218
13659,22695
13659,25522
13659,27170
13660,3481
13660,6512
13660,20978
13660,22482
13661,149
13661,6500
13661,22384
13661,26651
13662,11472
13662,13572
13662,25323
13662,26788
13663,299
13663,3172
13663,6860
13663,19391
13664,2139
13664,17459
13664,19840
13664,27060
13665,219
13665,16942
13665,20375
13665,24505
13666,11852
13666,11927
13666,12637
13666,13050
13667,1711
13667,7292
13667,21217
13667,23147
13668,4680
13668,6838
13668,10373
13668,16057
13669,2363
13669,9534
13669,19845
13669,22627
13670,2655
13670,10661
13670,18236
13670,21257
13671,1360
13671,1426
13671,21532
13671,25250
13672,3224
13672,4358
13672,14352
13672,14734
13673,6726
13673,6908
13673,6944
13673,14122
13674,2938
13674,13722
13674,14046
13674,21341
13675,6238
13675,6958
13675,12368
13675,19307
13676,8043
13676,13050
13676,13585
13676,27934
13677,2603
13677,8178
13677,13384
13677,17118
13678,7709
13678,8737
13678,9785
13678,20453
13679,14194
13680,5582
13680,18177
13680,19836
13680,23699
13681,4015
13681,9893
13681,11015
13681,26938
13682,2739
13682,2857
13682,11905
13682,20779
13683,342
13683,6313
13683,12145
13683,15185
13684,14798
13684,16817
13684,24968
13684,27457
13685,13250
13685,21735
13685,22354
13685,24411
13686,1152
13686,4616
13686,17315
13686,28474
13687,1645
13687,10565
13687,17311
13687,22535
13688,8823
13688,15903
13688,27364
13688,27850
13689,526
13689,11356
13689,12874
13689,22927
13690,14639
13690,18613
13690,22098
13690,26577
13691,7488
13691,17792
13691,20115
13691,21028
13692,6705
13692,10984
13692,12969
13692,15524
13693,4666
13693,16254
13693,19999
13693,23141
13694,10941
13694,18898
13694,20112
13694,28291
13695,4718
13695,13863
13695,17494
13695,22402
13696,8529
13696,12515
13696,18029
13696,26640
13697,14380
13697,15317
13697,21134
13697,21373
13698,1830
13698,7800
13698,20679
13698,28210
13699,353
13699,8502
13699,16349
13699,21994
13700,4388
13700,10072
13700,18985
13700,25658
13701,4352
13701,22978
13701,27825
13701,28347
13702,567
13702,4821
13702,13142
13702,21049
13703,30
13703,1548
13703,27007
13703,28369
13704,4467
13704,8782
13704,16405
13704,28184
13705,558
13705,8310
13705,16780
13705,18394
13706,9692
13706,14987
13706,21136
13706,21308
13707,5576
13707,10320
13707,11598
13707,23940
13708,3224
13708,10821
13708,18127
13708,23165
13709,2883
13709,9031
13709,13483
13709,14981
13710,8457
13710,11478
13710,12316
13710,23264
13711,6426
13711,8185
13711,16624
13711,18666
13712,6707
13712,12331
13712,22690
13712,24087
13713,6838
13713,17118
13713,18853
13713,26301
13714,10373
13714,19785
13714,23523
13714,23552
13715,9975
13715,14896
13715,17254
13715,25922
13716,15148
13716,15671
13716,16020
13716,22489
13717,3224
13717,8959
13717,21863
13717,22175
13718,1776
13718,4471
13718,5023
13718,15301
13719,4422
13719,10373
13719,14723
13719,14826
13720,13087
13720,20685
13720,20843
13720,26294
13721,11111
13721,11210
13721,17728
13721,22393
13722,7183
13722,10320
13722,11190
13722,19960
13723,6283
13723,11452
13723,21981
13723,23171
13724,7004
13724,13675
13724,15279
13724,20986
13725,456
13725,5170
13725,21985
13725,25314
13726,4940
13726,7578
13726,10340
13726,27916
13727,95
13727,18975
13727,19204
13727,19865
13728,7927
13728,18307
13728,20115
13728,22406
13729,498
13729,6678
13729,7532
13729,7670
13730,2114
13730,23785
13730,24343
13730,28265
13731,855
13731,1910
13731,10082
13731,19729
13732,2414
13732,4241
13732,16260
13732,26752
13733,3277
13733,9315
13734,3399
13734,12968
13734,18629
13734,24198
13735,427
13735,3073
13735,13260
13735,17487
13736,1005
13736,4565
13736,7292
13736,17204
13737,8706
13738,14711
13738,14979
13738,19036
13738,20522
13739,1889
13739,18973
13739,22847
13739,25585
13740,3688
13740,8970
13740,9443
13740,13549
13741,5183
13741,6296
13741,15606
13741,22348
13742,3371
13742,10246
13742,11079
13742,11091
13743,2529
13743,4987
13743,7184
13743,25854
13744,2394
13744,3789
13744,7098
13744,19077
13745,8478
13745,13183
13745,21216
13745,22666
13746,383
13746,20262
13746,21408
13746,24283
13747,1690
13747,18510
13747,23943
13747,24759
13748,2111
13748,4887
13748,10545
13748,22588
13749,12693
13749,15022
13749,19040
13749,22641
13750,83
13750,5821
13750,20902
13750,24559
13751,5755
13751,6237
13751,19903
13751,25065
13752,9875
13752,10096
13752,18765
13752,25571
13753,10058
13753,13807
13753,18675
13753,23188
13754,4056
13754,11307
13754,25064
13754,26954
13755,3788
13755,8835
13755,13188
13755,20545
13756,12071
13756,16226
13756,23646
13756,27512
13757,10582
13757,16909
13757,17607
13757,25518
13758,9579
13758,10352
13758,19455
13758,26681
13759,631
13759,3785
13759,16685
13759,18423
13760,693
13760,10237
13760,17103
13760,21445
13761,5477
13761,8959
13761,16742
13761,27221
13762,8123
13762,9597
13762,14932
13762,20481
13763,3224
13763,8287
13763,14625
13763,27849
13764,7203
13764,11940
13764,21742
13764,24113
13765,1590
13765,8970
13765,12300
13765,14735
13766,3551
13766,10587
13766,14922
13766,19919
13767,9116
13767,25914
13768,5114
13768,7228
13768,14230
13768,26593
13769,427
13769,14137
13769,15954
13769,28365
13770,1056
13770,1417
13770,11665
13770,20798
13771,1536
13771,6805
13771,7985
13771,23147
13772,7372
13772,13466
13772,19487
13772,19822
13773,680
13773,9360
13773,25273
13773,26445
13774,4010
13774,23922
13774,26448
13774,27251
13775,8978
13775,12709
13775,22981
13775,27924
13776,1157
13776,2135
13776,7693
13776,9334
13777,140
13777,10644
13777,17385
13777,23634
13778,3442
13778,14160
13778,14662
13778,21186
13779,10269
13779,17277
13779,24968
13779,26037
13780,7804
13780,12077
13780,13801
13780,20328
13781,11193
13782,3426
13782,10806
13782,27978
13782,28179
13783,12682
13784,6726
13784,6839
13784,10352
13784,11852
13785,9126
13785,18715
13785,27702
13785,27825
13786,2429
13786,4464
13786,13499
13786,22384
13787,3072
13787,6041
13787,12359
13787,22474
13788,7745
13788,8810
13788,25678
13788,25887
13789,10246
13789,14875
13789,15874
13789,17409
13790,1535
13790,2584
13790,12213
13790,15922
13791,17129
13791,18758
13791,21019
13791,22137
13792,5974
13792,9579
13792,13050
13792,15640
13793,3596
13793,7252
13793,13050
13793,24626
13794,1536
13794,3185
13794,3257
13794,13384
13795,15422
13795,20490
13795,22360
13795,23459
13796,6270
13796,9263
13796,22539
13796,25248
13797,1333
13797,11980
13797,12899
13797,15645
13798,1730
13798,11032
13798,14540
13798,20434
13799,5212
13799,6025
13799,16316
13799,26373
13800,748
13800,8309
13800,9372
13800,19175
13801,8195
13801,9814
13801,11182
13801,22776
13802,746
13802,3567
13802,20141
13802,23346
13803,5168
13803,13777
13803,14461
13803,16724
13804,6392
13804,10411
13804,19877
13804,28248
13805,22628
13806,18436
13806,22248
13806,24476
13806,25435
13807,8478
13807,13482
13807,17968
13807,24646
13808,9872
13808,10059
13808,13158
13808,17118
13809,3254
13809,7511
13809,24542
13809,25632
13810,4093
13810,5667
13810,5818
13810,8086
13811,1940
13811,2316
13811,21348
13811,27678
13812,1343
13812,10120
13812,10142
13812,15520
13813,620
13813,8310
13813,12853
13813,20481
13814,832
13814,3987
13814,13682
13814,17919
13815,10352
13815,11852
13815,25850
13815,26914
13816,6227
13816,10643
13816,13824
13816,23471
13817,10001
13817,20708
13817,20954
13818,2689
13818,5353
13818,12166
13818,23952
13819,2714
13819,10737
13819,17385
13819,24390
13820,787
13820,6839
13820,13947
13820,26858
13821,8931
13821,15138
13821,21145
13821,26015
13822,2207
13822,7069
13822,19738
13822,21394
13823,13384
13823,14312
13823,17118
13823,22056
13824,10819
13824,12052
13824,15630
13824,22917
13825,10257
13825,13391
13825,14239
13825,19256
13826,14945
13827,2854
13827,10643
13827,12196
13827,27195
13828,501
13828,6394
13828,9508
13828,13559
13829,558
13829,3032
13829,11944
13829,15061
13830,1711
13830,4173
13830,4680
13830,21217
13831,2321
13831,8012
13831,17593
13832,6513
13832,10411
13832,20043
13832,26483
13833,2095
13834,409
13834,2828
13834,6227
13834,12547
13835,6401
13835,13167
13835,17139
13835,17390
13836,1099
13836,5400
13836,9557
13836,18230
13837,1029
13837,18758
13837,20955
13837,27256
13838,1361
13838,16325
13838,25377
13839,5281
13839,17726
13839,19590
13839,22193
13840,4164
13840,4221
13840,5681
13840,20264
13841,1912
13841,5400
13841,9557
13841,18230
13842,9737
13842,14576
13842,16524
13842,19402
13843,5420
13843,10188
13843,18438
13843,18918
13844,5839
13844,8309
13844,13638
13844,13916
13845,10824
13845,19227
13845,26173
13845,26318
13846,536
13846,3883
13846,16185
13846,19195
13847,536
13847,3133
13847,3883
13847,21498
13848,2095
13849,6381
13849,27850
13849,28015
13849,28256
13850,18436
13850,18960
13850,23648
13850,25895
13851,3148
13851,5681
13851,9855
13851,10688
13852,572
13852,16090
13852,16850
13852,22854
13853,8927
13854,7917
13854,11817
13854,20223
13854,25221
13855,3472
13855,11124
13855,12813
13855,17276
13856,3109
13856,10471
13856,24544
13856,25410
13857,5991
13857,10772
13857,11457
13857,23456
13858,14043
13858,19606
13858,20544
13858,21837
13859,3528
13859,13050
13859,15663
13859,23779
13860,3525
13860,6411
13860,20912
13860,25809
13861,8415
13861,11944
13861,15955
13861,23048
13862,19312
13863,6839
13863,15032
13863,17409
13863,24047
13864,6104
13864,21213
13864,21470
13864,27916
13865,3757
13865,8531
13865,25414
13865,25664
13866,2070
13866,8668
13866,21077
13866,22770
13867,3757
13867,8531
13867,25414
13867,25664
13868,5646
13868,13856
13868,14018
13868,21186
13869,6598
13869,18809
13869,22098
13869,26467
13870,447
13870,1012
13870,18959
13870,24342
13871,5553
13871,8103
13872,3109
13872,7106
13872,10545
13872,17188
13873,4922
13873,7981
13873,9484
13873,25232
13874,2957
13874,12566
13874,12983
13874,21186
13875,1933
13875,4505
13875,8763
13875,22294
13876,1663
13876,7793
13876,9007
13876,27950
13877,6569
13877,17672
13877,20929
13877,25017
13878,5006
13878,8233
13878,17395
13878,18079
13879,12301
13879,18819
13879,24844
13879,27361
13880,392
13880,11080
13880,18398
13880,28236
13881,5478
13881,5912
13881,10949
13881,15096
13882,5465
13882,11247
13882,11715
13882,13017
13883,1027
13883,1098
13883,4958
13883,19572
13884,11117
13884,17512
13884,24309
13884,24920
13885,4377
13885,8810
13885,14744
13885,14905
13886,13182
13886,13384
13886,17106
13886,26593
13887,15386
13887,19088
13887,24013
13887,26955
13888,19363
13888,19430
13888,21158
13888,28407
13889,3149
13889,10625
13889,22588
13889,27469
13890,7164
13890,12566
13890,13638
13890,17968
13891,11527
13891,15719
13891,20890
13891,27013
13892,3655
13892,6150
13892,16353
13892,19185
13893,7476
13893,12249
13893,15966
13893,21605
13894,10594
13894,13188
13894,18707
13894,20264
13895,3717
13895,14617
13895,26311
13895,26513
13896,3230
13896,5901
13896,26345
13896,27527
13897,946
13897,1518
13897,22052
13897,26775
13898,6242
13898,13169
13898,19121
13898,22826
13899,1643
13899,2637
13899,14238
13899,18307
13900,18982
13901,3746
13901,5213
13901,6834
13901,13794
13902,14807
13902,15774
13902,23745
13902,24030
13903,751
13903,10834
13903,22974
13903,26445
13904,655
13904,1417
13904,13214
13904,24472
13905,9138
13905,9706
13905,16000
13905,16405
13906,22003
13906,22223
13906,26277
13906,26373
13907,2580
13907,7173
13907,16491
13907,26673
13908,2439
13908,4784
13908,14822
13908,16129
13909,2717
13909,11351
13910,14085
13911,9752
13911,25776
13911,25869
13911,26677
13912,558
13912,10101
13912,11944
13912,12971
13913,5843
13913,16282
13913,24568
13913,27374
13914,6451
13914,14937
13914,27627
13914,27850
13915,12661
13915,13475
13915,17393
13915,17446
13916,1985
13916,10891
13916,16452
13916,26727
13917,5400
13917,17483
13917,26764
13917,27924
13918,2715
13918,11698
13918,11725
13918,22379
13919,15
13919,1484
13919,8576
13919,20417
13920,842
13920,4864
13920,6636
13920,26846
13921,10142
13921,18758
13921,20379
13921,28015
13922,9204
13922,9794
13923,3885
13923,10320
13923,17005
13923,23649
13924,8640
13924,9699
13924,9942
13924,16604
13925,324
13925,2468
13925,3655
13925,17544
13926,1154
13926,4565
13926,7292
13926,9758
13927,809
13927,3472
13927,4784
13927,11478
13928,13209
13928,21425
13928,22981
13928,25195
13929,9714
13929,13206
13929,13526
13929,23847
13930,4905
13930,5938
13930,13712
13930,15020
13931,16127
13931,21855
13931,24740
13931,27658
13932,4557
13932,7644
13932,10415
13932,26483
13933,12965
13933,13094
13933,24423
13933,26705
13934,8580
13934,13180
13934,14982
13934,27825
13935,4557
13935,7644
13935,10415
13935,22110
13936,649
13936,1168
13936,3713
13936,23319
13937,3121
13938,12166
13938,13471
13938,16662
13938,23968
13939,505
13939,6451
13939,15205
13939,15702
13940,1121
13940,8867
13940,9138
13940,22975
13941,10561
13941,15282
13941,20249
13941,21131
13942,2854
13942,10401
13942,18802
13942,27944
13943,14341
13943,20021
13943,24274
13943,25801
13944,4277
13944,4643
13944,15058
13944,18352
13945,4686
13945,7927
13945,17946
13945,27517
13946,7765
13946,12384
13946,19195
13946,22501
13947,11808
13947,15802
13947,20589
13947,23582
13948,383
13948,863
13948,12384
13948,22501
13949,6386
13949,11432
13949,23341
13949,24471
13950,6113
13950,9627
13950,19168
13950,23490
13951,10501
13951,10895
13951,15657
13951,28067
13952,3110
13953,9482
13953,11387
13953,19735
13953,20718
13954,12590
13954,25439
13955,2980
13955,5387
13955,17251
13955,25656
13956,5141
13956,16474
13956,21977
13956,28465
13957,10269
13957,13094
13957,16477
13957,17477
13958,1343
13958,2653
13958,15894
13958,24842
13959,1298
13959,6584
13959,9993
13959,17918
13960,11001
13960,15564
13960,22394
13960,23434
13961,2585
13961,4618
13961,12695
13961,21077
13962,2050
13962,7597
13962,11885
13962,14462
13963,3814
13963,9258
13963,10155
13963,18890
13964,2490
13964,3551
13964,8676
13964,25162
13965,556
13965,3668
13965,3847
13965,28532
13966,22546
13966,24524
13966,24861
13966,26141
13967,8664
13968,4768
13968,9610
13968,21584
13968,26345
13969,6681
13969,21816
13969,25839
13969,27631
13970,3182
13970,12382
13970,15473
13970,28285
13971,530
13971,1480
13971,16033
13971,20879
13972,23939
13973,26070
13973,28049
13974,921
13974,9855
13974,12906
13974,13315
13975,7361
13975,12620
13975,15135
13975,24638
13976,11515
13976,20588
13976,21900
13976,28502
13977,12561
13977,24283
13977,24604
13977,25987
13978,19449
13978,20501
13978,21865
13978,27964
13979,4740
13979,7785
13979,11213
13979,23317
13980,6060
13980,17600
13980,17713
13980,28242
13981,10006
13981,17850
13981,17918
13981,19818
13982,3951
13982,5201
13982,8530
13982,17188
13983,2947
13983,26798
13984,3862
13984,4196
13984,8771
13984,26170
13985,3655
13985,5759
13985,8884
13985,19698
13986,1448
13986,10619
13986,11650
13986,20516
13987,3028
13987,3668
13987,7026
13987,21335
13988,3655
13988,13687
13988,18169
13988,24621
13989,5060
13989,10727
13989,16316
13989,27199
13990,9044
13990,11758
13990,23072
13990,25789
13991,4246
13991,10527
13991,15297
13991,28514
13992,5843
13992,7404
13992,14437
13992,17820
13993,1006
13993,17871
13993,24551
13993,26195
13994,4580
13994,11203
13994,13050
13994,27934
13995,123
13995,6270
13995,16308
13995,21056
13996,1910
13996,17934
13996,21470
13996,26593
13997,2311
13997,4300
13997,4352
13997,7694
13998,7292
13998,7493
13998,9075
13998,24443
13999,16024
13999,16280
13999,20643
13999,27711
14000,11088
14000,11808
14000,18300
14000,18335
14001,5800
14001,12424
14001,23354
14001,26597
14002,1985
14002,10833
14002,16452
14002,26727
14003,3655
14003,17544
14003,21496
14003,22175
14004,7224
14004,7370
14004,12566
14004,14416
14005,1520
14005,4750
14005,9400
14005,11533
14006,275
14006,11420
14006,19535
14006,22998
14007,1267
14007,17854
14007,22831
14007,27760
14008,14412
14008,16164
14008,23199
14008,23666
14009,5438
14009,15028
14009,21835
14009,25064
14010,5991
14010,12001
14010,19362
14010,26712
14011,3149
14011,5712
14011,22576
14011,28248
14012,10625
14012,20925
14012,21515
14012,28452
14013,8074
14013,16205
14013,24887
14013,28107
14014,296
14014,2943
14014,6493
14014,10872
14015,1160
14015,2083
14015,7455
14015,16461
14016,9013
14016,22787
14016,24451
14016,28406
14017,2159
14017,2418
14017,13025
14017,20309
14018,13450
14018,14526
14018,16463
14018,18590
14019,5281
14019,14817
14019,17726
14019,19590
14020,5281
14020,14817
14020,17726
14020,19590
14021,4486
14021,5785
14021,14949
14021,22436
14022,3747
14022,16915
14022,27333
14022,27444
14023,1330
14023,9389
14023,21273
14023,22945
14024,6483
14024,8320
14024,10585
14024,23582
14025,5088
14025,14879
14025,19455
14025,24626
14026,12852
14026,15425
14026,17736
14026,22507
14027,4444
14027,5027
14027,18463
14027,18933
14028,3820
14028,6477
14028,21116
14028,23814
14029,2220
14029,4996
14029,19002
14029,28402
14030,5145
14030,11124
14030,11138
14030,25166
14031,666
14031,1686
14031,6984
14031,21016
14032,11723
14032,16130
14032,19567
14032,26668
14033,4538
14033,21724
14033,21756
14033,26965
14034,8954
14034,12656
14034,24150
14034,24267
14035,5237
14035,17339
14035,19054
14035,19315
14036,5854
14036,17870
14036,24155
14036,26216
14037,15608
14037,19496
14037,23340
14037,24166
14038,10816
14038,17612
14038,20613
14038,23935
14039,9775
14039,10878
14039,17011
14039,19471
14040,11025
14040,16009
14040,16295
14040,23630
14041,1480
14041,4322
14041,22031
14041,26125
14042,20632
14042,21186
14042,25162
14042,28123
14043,8353
14043,14411
14043,17268
14043,17622
14044,473
14044,5781
14044,15962
14044,22313
14045,8067
14045,21440
14045,23006
14045,25690
14046,13609
14046,20312
14046,23562
14046,25906
14047,3299
14047,12457
14047,27676
14047,28241
14048,459
14048,6637
14048,12250
14048,17604
14049,456
14049,1438
14049,3832
14049,21134
14050,6179
14050,7618
14050,12711
14050,16304
14051,10643
14051,13743
14051,25373
14051,25410
14052,2653
14052,2679
14052,21515
14052,26577
14053,13276
14053,16424
14053,24561
14053,24854
14054,13255
14054,15665
14054,18399
14054,28530
14055,7589
14055,12296
14055,14070
14055,26956
14056,9119
14057,13090
14057,20024
14057,26583
14057,28285
14058,6044
14058,15154
14058,16915
14058,23459
14059,602
14059,12866
14059,22523
14059,27075
14060,1389
14060,6784
14060,12461
14060,18335
14061,8713
14061,9528
14061,16337
14061,27251
14062,16709
14062,17398
14062,25905
14062,27741
14063,14561
14063,15111
14063,23734
14063,27182
14064,1774
14064,1940
14064,6995
14064,24423
14065,2438
14065,17998
14065,19315
14065,26562
14066,9657
14066,12612
14066,13861
14066,26138
14067,15359
14067,21077
14067,27817
14067,28290
14068,5664
14068,7660
14068,9063
14068,28322
14069,9688
14069,17864
14069,19364
14069,25111
14070,829
14070,4666
14070,8830
14070,16475
14071,6227
14071,10193
14071,20622
14071,27173
14072,2170
14072,11569
14072,15645
14072,24926
14073,4686
14073,6080
14073,10603
14073,18955
14074,5676
14074,15429
14074,19666
14074,24946
14075,2599
14075,2650
14075,15111
14075,22729
14076,13974
14076,16437
14076,19020
14076,23780
14077,7364
14077,10172
14077,10416
14077,15377
14078,4164
14078,21578
14078,21909
14078,27364
14079,1921
14079,7089
14079,10061
14079,22782
14080,3149
14080,4869
14080,5337
14080,21989
14081,140
14081,8895
14081,18483
14081,26570
14082,5992
14082,7684
14082,26016
14082,28115
14083,2490
14083,21186
14083,23895
14083,28236
14084,4590
14084,5388
14084,17752
14084,24252
14085,9185
14085,19344
14085,19363
14085,25272
14086,2984
14086,10160
14086,17024
14086,27878
14087,649
14087,20035
14087,24423
14087,26428
14088,3278
14088,3556
14088,14724
14088,23014
14089,11014
14089,17238
14089,20430
14089,23322
14090,5686
14090,17564
14090,22083
14090,24434
14091,500
14091,6299
14091,16824
14091,21977
14092,7364
14092,11360
14092,19618
14092,26181
14093,743
14093,3383
14093,3525
14093,20989
14094,6740
14094,11171
14094,11525
14094,26483
14095,3032
14095,7089
14095,19631
14095,22098
14096,4016
14096,12345
14096,13385
14096,25162
14097,7485
14097,23443
14097,24943
14097,26226
14098,3032
14098,7661
14098,17791
14098,20439
14099,2312
14099,10857
14099,15602
14099,16839
14100,9236
14100,10685
14100,16201
14100,27148
14101,11599
14101,16623
14101,16644
14101,22705
14102,1122
14102,7440
14102,18331
14102,23343
14103,3457
14103,5803
14103,16904
14103,23646
14104,8919
14104,16654
14104,21036
14104,22501
14105,1278
14105,6943
14105,14774
14105,26312
14106,1291
14106,10888
14106,12967
14106,27730
14107,5356
14107,10385
14107,24030
14107,28209
14108,11457
14108,13857
14108,18819
14108,26345
14109,4521
14109,4988
14109,13482
14109,22098
14110,42
14110,8435
14110,10625
14110,15520
14111,10320
14111,16003
14111,21113
14111,21146
14112,3885
14112,4858
14112,16742
14112,23854
14113,10282
14113,11932
14113,16944
14113,17252
14114,2404
14114,4687
14114,10742
14114,26621
14115,3865
14115,12599
14115,12855
14115,20783
14116,4157
14116,18940
14116,19150
14116,20629
14117,1576
14117,4444
14117,6973
14117,9940
14118,4654
14118,14943
14118,18887
14118,22165
14119,3104
14119,3807
14119,19363
14119,27382
14120,2854
14120,3668
14120,8303
14120,21186
14121,4248
14121,4661
14121,6354
14121,14561
14122,3298
14122,6552
14122,14035
14122,14108
14123,6699
14123,9097
14123,15362
14123,19996
14124,20477
14125,2982
14125,4054
14125,4618
14125,26752
14126,4996
14126,8630
14126,16466
14126,24959
14127,9120
14127,9498
14127,15205
14127,22672
14128,28140
14129,6930
14129,7162
14129,12634
14129,17143
14130,6128
14130,7672
14130,17951
14130,26457
14131,22910
14131,23859
14131,27543
14131,27922
14132,3062
14132,10659
14132,11453
14132,13022
14133,599
14133,13915
14133,24180
14133,25030
14134,18887
14134,20914
14134,22108
14134,22580
14135,4223
14135,15728
14135,17038
14135,27262
14136,6042
14136,15135
14136,16205
14136,17343
14137,1540
14137,10440
14137,10948
14137,15765
14138,7577
14138,19179
14138,19504
14138,23553
14139,2526
14139,3941
14139,7194
14139,8835
14140,3846
14140,13974
14140,16437
14140,23780
14141,4350
14141,4820
14141,18960
14141,27430
14142,13974
14143,727
14143,19690
14143,21301
14143,22838
14144,1437
14144,6058
14144,9579
14144,12078
14145,2877
14145,4317
14145,13183
14145,27221
14146,7765
14146,19176
14146,19968
14146,21952
14147,6856
14147,16629
14147,23350
14147,23521
14148,6250
14148,10202
14148,20930
14148,26661
14149,12245
14149,20134
14149,25960
14149,27818
14150,2137
14150,6029
14150,9349
14150,18392
14151,6284
14151,8939
14151,8959
14151,21186
14152,263
14152,3523
14152,18874
14152,20419
14153,8959
14153,12850
14153,15955
14153,24337
14154,15883
14154,25647
14154,27320
14154,27592
14155,2236
14155,12042
14155,25509
14155,25587
14156,8479
14156,12384
14156,19195
14156,22501
14157,495
14157,11773
14157,16505
14157,20359
14158,1131
14158,12620
14158,23199
14158,26326
14159,10222
14159,19389
14159,22896
14159,24742
14160,851
14160,5388
14160,7679
14160,16164
14161,5141
14161,13801
14161,16091
14161,20979
14162,10133
14162,13731
14162,16473
14162,27574
14163,6765
14163,7745
14163,12675
14163,21157
14164,893
14164,3864
14164,4580
14164,20855
14165,1200
14165,15700
14165,24221
14165,25980
14166,19417
14166,21781
14166,23666
14166,26264
14167,1143
14167,21134
14167,24301
14167,27429
14168,11852
14168,26115
14168,27245
14168,27971
14169,24827
14170,11000
14170,15084
14170,16963
14170,25375
14171,4584
14171,7703
14171,9595
14171,27444
14172,8682
14172,19165
14172,20482
14172,23878
14173,22855
14173,23141
14173,23666
14173,27598
14174,20003
14174,22743
14174,24930
14174,28527
14175,10341
14175,13385
14175,21960
14175,23666
14176,11521
14176,15365
14176,20799
14176,26956
14177,1740
14177,9528
14177,11333
14177,23465
14178,7203
14178,12603
14178,15788
14178,24194
14179,8254
14179,14919
14179,16698
14179,19021
14180,1159
14180,4016
14180,23644
14180,24968
14181,4454
14181,8995
14181,24227
14181,27626
14182,5844
14182,7552
14182,11822
14182,26575
14183,7046
14183,16562
14183,19058
14183,20511
14184,3024
14184,8233
14184,19443
14184,20264
14185,14900
14185,18136
14185,22076
14185,23007
14186,4016
14186,15806
14186,19615
14186,22098
14187,4384
14187,8583
14187,9129
14187,10772
14188,4016
14188,4154
14188,14011
14188,20500
14189,5461
14189,19423
14189,21477
14189,28140
14190,17769
14190,20570
14190,24529
14190,26827
14191,12929
14191,14919
14191,23556
14191,26003
14192,9801
14192,13723
14192,23422
14192,24946
14193,1128
14193,16729
14193,20012
14193,22713
14194,18618
14195,4183
14195,13304
14195,14093
14195,24900
14196,2493
14196,5374
14196,10088
14196,11704
14197,1564
14197,3093
14197,4474
14197,24477
14198,13974
14198,21460
14198,23992
14198,26929
14199,2452
14199,7432
14200,3615
14200,4467
14200,21515
14200,23730
14201,6907
14201,17492
14201,17728
14201,19618
14202,6020
14202,19192
14202,20779
14202,22682
14203,9432
14203,10142
14203,14591
14203,18938
14204,13147
14204,15450
14204,26233
14204,26341
14205,3648
14205,7180
14205,17713
14205,18536
14206,3080
14206,7885
14206,8980
14206,24931
14207,3542
14207,6471
14207,13492
14207,15302
14208,495
14208,5502
14208,12982
14208,15269
14209,3321
14209,17403
14209,20527
14209,28107
14210,1697
14210,6383
14210,7040
14210,25180
14211,6471
14211,12967
14211,13492
14211,15302
14212,11070
14212,15352
14212,21131
14212,26148
14213,5420
14213,7860
14213,8980
14213,25457
14214,27984
14215,296
14215,8254
14215,12387
14215,15674
14216,18690
14216,24217
14216,26233
14216,27814
14217,556
14217,3224
14217,5477
14217,27400
14218,4217
14218,8436
14218,17738
14218,23374
14219,221
14219,5420
14219,8980
14219,13794
14220,2854
14220,7380
14220,8624
14220,13454
14221,2854
14221,9215
14221,11473
14221,14910
14222,14992
14222,24870
14223,13552
14223,19363
14223,21522
14223,27214
14224,4661
14224,11569
14224,12298
14224,28248
14225,3569
14225,5060
14225,7913
14225,16192
14226,5318
14226,7711
14226,23601
14226,26431
14227,6126
14227,13492
14227,15302
14227,16659
14228,431
14228,6627
14228,13238
14228,19592
14229,6058
14229,10048
14229,11157
14229,18246
14230,5036
14230,10195
14230,17915
14230,27129
14231,4016
14231,20282
14231,27035
14231,27054
14232,5620
14232,15621
14232,20603
14232,24138
14233,1337
14233,19939
14233,21630
14233,22119
14234,8676
14234,9756
14234,17417
14234,22069
14235,2896
14235,12504
14235,16990
14235,25522
14236,5212
14236,11230
14236,11599
14236,20882
14237,14565
14237,14582
14237,18609
14237,24109
14238,5758
14238,14584
14238,20151
14238,24008
14239,3120
14239,4643
14239,16336
14239,23730
14240,1404
14240,15233
14240,16316
14240,25192
14241,7514
14241,7971
14241,8143
14241,18958
14242,13183
14242,20319
14242,26151
14242,27937
14243,5388
14243,13475
14243,20124
14243,25582
14244,4011
14244,5185
14244,18537
14244,20843
14245,11938
14245,18840
14245,22092
14245,22635
14246,20477
14247,1704
14247,10265
14247,15845
14247,20471
14248,115
14248,4537
14248,13856
14248,24140
14249,11243
14249,11282
14249,13385
14249,25489
14250,13870
14250,20479
14250,20666
14250,26269
14251,4008
14251,11786
14251,18918
14251,19578
14252,15653
14252,23165
14252,26577
14252,27850
14253,11900
14253,14547
14253,19518
14253,23054
14254,820
14254,1264
14254,4265
14254,16505
14255,3738
14255,12574
14255,14449
14255,18464
14256,9090
14256,16573
14256,18424
14256,19246
14257,13239
14257,16405
14257,17968
14257,24254
14258,18106
14258,23494
14258,24118
14258,26745
14259,336
14259,7313
14259,7981
14259,25491
14260,8970
14260,11065
14260,15107
14260,19156
14261,13178
14261,15268
14261,19337
14261,23287
14262,11835
14263,13071
14263,24115
14263,25089
14263,25354
14264,5619
14264,14573
14264,18759
14264,20170
14265,19808
14265,20864
14265,22248
14265,23199
14266,5157
14266,5590
14266,14037
14266,24932
14267,4046
14267,17260
14267,19572
14267,22029
14268,1608
14268,4384
14268,16724
14268,27114
14269,1237
14269,7672
14269,18731
14269,25187
14270,9750
14270,12551
14270,16181
14270,26418
14271,7428
14271,8867
14271,19402
14271,28352
14272,702
14272,1989
14272,12556
14272,14915
14273,9488
14273,11528
14273,13626
14273,28437
14274,2526
14274,12971
14274,18938
14274,27568
14275,8309
14275,23001
14275,23646
14275,26345
14276,10359
14276,11799
14276,21359
14276,22069
14277,5006
14277,7313
14277,14197
14277,26142
14278,4257
14278,7392
14278,25495
14278,28407
14279,5793
14279,11083
14279,14980
14279,15859
14280,103
14280,729
14280,14125
14280,21428
14281,14600
14281,18830
14281,22274
14281,28297
14282,4021
14282,5212
14282,18394
14282,27173
14283,4670
14283,5120
14283,8342
14283,10071
14284,5487
14284,6269
14284,20775
14284,23493
14285,5388
14285,16504
14285,23221
14285,27182
14286,9138
14286,10071
14286,14283
14286,23141
14287,2665
14287,2854
14287,16615
14287,25895
14288,7790
14288,12853
14288,16644
14288,25042
14289,6909
14289,13314
14289,14745
14289,25427
14290,12803
14290,17183
14290,23363
14290,27786
14291,495
14291,5120
14291,5356
14291,20035
14292,5204
14292,10760
14292,22016
14292,27067
14293,8930
14293,12606
14293,16776
14293,25252
14294,7316
14294,18818
14294,20165
14294,21115
14295,1376
14295,2490
14295,23199
14295,28488
14296,922
14296,3107
14296,20180
14296,23983
14297,16764
14297,17267
14297,22666
14297,26808
14298,8309
14298,9860
14298,11259
14298,17595
14299,9389
14299,19531
14299,21504
14299,26441
14300,8850
14300,12262
14300,20442
14300,25731
14301,513
14301,4908
14301,5754
14301,13360
14302,4723
14302,21186
14302,24777
14302,27182
14303,14804
14303,23651
14303,26124
14303,26923
14304,108
14304,6269
14304,19254
14304,22672
14305,2339
14305,9064
14305,18001
14305,26434
14306,6227
14306,19592
14306,21252
14306,23666
14307,8222
14307,12830
14307,23782
14307,24690
14308,2043
14308,12095
14308,13321
14308,21159
14309,8222
14309,12830
14309,23782
14309,24690
14310,631
14310,20264
14310,22038
14310,27850
14311,3256
14311,7038
14311,14507
14311,17608
14312,3110
14313,7125
14313,15634
14313,15975
14313,27478
14314,3299
14314,4467
14314,12298
14314,21332
14315,76
14315,5685
14315,15364
14315,24573
14316,6482
14316,7913
14316,24339
14316,28297
14317,4265
14317,11124
14317,16505
14317,26400
14318,9534
14318,25159
14318,25411
14318,28176
14319,3086
14319,17728
14319,19618
14319,25084
14320,1513
14320,17686
14320,18614
14320,19631
14321,14599
14321,16090
14321,16850
14321,22854
14322,15113
14322,16192
14322,22410
14322,24646
14323,9518
14323,14415
14323,14950
14323,15593
14324,56
14324,18368
14324,24854
14324,25630
14325,1376
14325,15472
14325,19887
14325,22406
14326,5388
14326,9572
14326,19592
14326,22098
14327,2111
14327,5453
14327,10098
14327,10625
14328,7900
14328,16118
14328,17227
14328,20726
14329,405
14329,13462
14329,14823
14329,26345
14330,1983
14330,10126
14330,10182
14330,27410
14331,8759
14331,11724
14331,25853
14331,26083
14332,4467
14332,6995
14332,9906
14332,13862
14333,6354
14333,10471
14333,24381
14333,26580
14334,6584
14334,8673
14334,8857
14334,19982
14335,5440
14335,8310
14335,10869
14335,27512
14336,484
14336,3551
14336,5006
14336,8214
14337,8346
14337,9189
14337,13050
14337,28256
14338,3736
14338,7989
14338,10813
14338,19363
14339,8491
14339,8559
14339,19534
14339,23970
14340,23076
14341,3600
14341,5773
14341,8945
14341,26547
14342,4858
14342,17795
14342,18938
14342,22406
14343,2481
14343,13743
14343,24113
14343,24529
14344,2702
14344,6893
14344,16986
14344,21417
14345,771
14345,8931
14345,13857
14345,24584
14346,405
14346,14547
14346,23301
14346,28269
14347,368
14347,9129
14347,10435
14347,21078
14348,1748
14348,9765
14348,11060
14348,23155
14349,368
14349,9129
14349,13376
14349,21078
14350,2890
14350,4379
14350,12567
14350,21348
14351,10454
14351,23441
14351,24500
14351,24854
14352,1375
14352,13914
14352,17062
14352,24406
14353,17730
14353,19515
14353,25223
14353,26016
14354,115
14354,15889
14354,18213
14354,21499
14355,11998
14355,23694
14355,26530
14355,27522
14356,14085
14356,19651
14356,26284
14356,28248
14357,8939
14357,10120
14357,11385
14357,21186
14358,921
14358,21720
14358,22069
14358,23199
14359,9564
14359,11287
14359,23307
14359,26485
14360,1921
14360,7494
14360,10362
14360,27944
14361,24946
14361,25696
14361,26571
14361,26705
14362,14464
14362,16504
14362,24752
14362,27885
14363,3442
14363,5718
14363,16508
14363,22573
14364,409
14364,2490
14364,10333
14364,21186
14365,8789
14365,9343
14365,12171
14366,6556
14366,10813
14366,13050
14366,18845
14367,3141
14367,4119
14367,4977
14367,15506
14368,11210
14368,14675
14368,19721
14368,22171
14369,2122
14369,9599
14369,11774
14369,15170
14370,2197
14370,11423
14370,13620
14370,21202
14371,19829
14371,23939
14372,7981
14372,8835
14372,10869
14372,16504
14373,1390
14373,2617
14373,7928
14373,11105
14374,10790
14375,520
14375,3897
14375,21816
14375,27631
14376,7106
14376,11015
14376,20523
14376,28003
14377,863
14377,18328
14377,19964
14377,28152
14378,108
14378,9524
14378,16044
14378,27685
14379,7626
14379,13209
14379,19397
14379,22723
14380,6827
14380,8112
14380,23359
14380,25745
14381,1461
14381,2221
14381,17526
14381,21141
14382,2066
14382,8645
14382,11609
14382,22089
14383,5674
14383,5844
14383,10929
14383,13483
14384,6952
14384,14422
14384,16724
14384,23776
14385,6269
14385,10471
14385,16586
14385,20135
14386,833
14386,8067
14386,11528
14386,25084
14387,14430
14387,18967
14387,22987
14387,28195
14388,4476
14388,5388
14388,16405
14388,21266
14389,3224
14389,7992
14389,26145
14389,26745
14390,1446
14390,3583
14390,19551
14390,28325
14391,542
14391,5367
14391,9175
14391,15528
14392,75
14392,1415
14392,13397
14392,25685
14393,1376
14393,4167
14393,7276
14393,18630
14394,4415
14394,6986
14394,18363
14394,27066
14395,5140
14395,10026
14395,11257
14395,26577
14396,4416
14396,7545
14396,21481
14396,26345
14397,1643
14397,15776
14397,16107
14397,22470
14398,2937
14398,8864
14398,21960
14398,23001
14399,1343
14399,4154
14399,4877
14399,24113
14400,9284
14401,405
14401,921
14401,2339
14401,4467
14402,12333
14402,18714
14402,26570
14402,27413
14403,7040
14403,8954
14403,27182
14403,28184
14404,19175
14404,19930
14404,22003
14404,23819
14405,24014
14406,11360
14406,19458
14406,23977
14406,26827
14407,2653
14407,11363
14407,14992
14407,18816
14408,4926
14408,19518
14408,21174
14408,26318
14409,19371
14409,19739
14409,24191
14409,27123
14410,5335
14410,8297
14410,16390
14410,28007
14411,2232
14411,9549
14411,13996
14411,22528
14412,7071
14412,9190
14412,15811
14412,16883
14413,7474
14413,12064
14413,22575
14413,23636
14414,1494
14414,7364
14414,8435
14414,18938
14415,21531
14416,4654
14416,7684
14416,13447
14416,16502
14417,7452
14417,13523
14417,19165
14417,21955
14418,1835
14418,3299
14418,8122
14418,22003
14419,12345
14419,16407
14419,25577
14419,25810
14420,432
14420,4467
14420,7364
14420,10416
14421,11118
14421,12204
14421,20097
14421,24668
14422,17968
14422,23940
14422,24959
14422,25612
14423,13824
14423,16724
14423,19832
14423,24910
14424,9360
14424,13996
14424,22974
14424,27907
14425,8435
14425,15216
14425,17744
14425,23899
14426,6853
14426,8788
14426,22025
14426,23326
14427,14161
14427,15680
14427,21932
14427,22029
14428,3110
14429,9284
14430,1826
14430,21187
14430,22818
14430,26954
14431,14561
14431,19615
14431,26277
14431,27626
14432,2111
14432,5917
14432,9977
14432,21562
14433,10772
14433,14851
14433,16724
14433,20951
14434,11031
14434,11774
14434,25938
14434,26902
14435,10625
14435,14547
14435,16003
14435,16570
14436,203
14436,405
14436,10776
14436,15057
14437,9284
14438,1192
14438,5300
14438,5388
14438,22700
14439,13183
14439,14910
14439,17968
14439,23165
14440,1297
14440,17448
14440,22616
14440,22890
14441,2858
14441,13599
14441,14318
14441,24426
14442,5745
14442,12372
14442,23961
14442,28393
14443,3767
14443,15632
14443,16443
14443,18985
14444,526
14444,1701
14444,1921
14444,15723
14445,2854
14445,7380
14445,13454
14445,15214
14446,7126
14446,7707
14446,10979
14446,22647
14447,4050
14447,7548
14447,27075
14447,27170
14448,2481
14448,16902
14448,26673
14448,28323
14449,536
14449,3883
14449,7349
14449,19195
14450,2111
14450,20925
14450,24854
14450,26345
14451,8526
14451,23682
14451,23899
14451,25692
14452,1502
14452,3597
14452,13050
14452,25568
14453,7300
14453,7597
14453,8436
14453,15361
14454,2430
14454,18920
14454,23901
14454,25210
14455,20477
14456,9836
14456,12562
14456,24113
14456,24529
14457,1881
14457,2621
14457,13795
14457,26387
14458,807
14458,9912
14458,12345
14458,27173
14459,9343
14459,14234
14459,19975
14459,23917
14460,1376
14460,7398
14460,22342
14460,28334
14461,506
14461,16563
14461,25410
14461,27887
14462,15774
14462,19631
14462,24926
14462,28516
14463,4287
14463,12879
14463,13814
14463,26231
14464,14177
14464,18394
14464,21515
14464,24968
14465,4901
14465,19878
14465,23471
14465,28297
14466,7630
14466,7786
14466,12022
14466,18527
14467,7482
14467,7634
14467,17046
14467,27850
14468,4467
14468,7089
14468,18450
14468,20481
14469,373
14469,10747
14469,24004
14469,28335
14470,10489
14470,11032
14470,16644
14470,18136
14471,66
14471,24886
14471,25489
14471,26345
14472,1806
14472,2854
14472,15448
14472,25011
14473,2339
14473,13078
14473,26345
14473,28471
14474,1993
14474,7707
14474,21186
14474,27182
14475,921
14475,4454
14475,7313
14475,15216
14476,16127
14476,21855
14476,24740
14476,27658
14477,1101
14477,3322
14477,7164
14477,8625
14478,6918
14478,14175
14478,17482
14478,20628
14479,5006
14479,24569
14479,25692
14479,26577
14480,2114
14480,10429
14480,17045
14480,25928
14481,13183
14481,20461
14481,24569
14481,26577
14482,5587
14482,13721
14482,14292
14482,14705
14483,6227
14483,7393
14483,7423
14483,7526
14484,2481
14484,5901
14484,8954
14484,24113
14485,4317
14485,4988
14485,20264
14485,20765
14486,12138
14486,16626
14486,21222
14486,27850
14487,4317
14487,5844
14487,9432
14487,9756
14488,13640
14488,20762
14488,25529
14488,27925
14489,4198
14489,9133
14489,24440
14489,26383
14490,7129
14490,20077
14490,20379
14490,24585
14491,8904
14491,10010
14491,10112
14491,12692
14492,4891
14492,18617
14492,23939
14492,28070
14493,12741
14493,25555
14493,26719
14493,28280
14494,61
14494,6724
14494,11752
14494,14138
14495,16449
14495,23941
14495,25692
14495,27626
14496,7742
14496,9122
14496,9975
14496,17224
14497,4018
14497,9229
14497,19450
14497,22625
14498,2339
14498,2526
14498,20088
14498,24113
14499,16563
14499,16623
14499,22320
14499,26375
14500,153
14500,3441
14500,8514
14500,22196
14501,1266
14501,8884
14501,11193
14501,22635
14502,495
14502,16724
14502,17182
14502,26483
14503,12105
14503,12986
14503,20264
14503,21418
14504,13121
14505,808
14505,1350
14505,7141
14505,27958
14506,61
14506,4492
14506,10840
14506,15977
14507,6095
14507,8647
14507,10142
14507,20570
14508,10638
14508,14156
14508,16218
14508,20304
14509,4123
14509,17637
14509,23394
14509,28423
14510,1977
14510,11726
14510,20179
14510,21054
14511,1235
14511,8755
14511,11062
14511,13592
14512,8380
14512,18799
14512,19412
14512,23437
14513,21531
14514,2171
14514,6174
14514,10425
14514,11551
14515,10954
14515,14535
14515,16426
14515,25351
14516,5576
14516,10545
14516,14168
14516,21252
14517,1658
14517,6527
14517,14535
14517,16396
14518,11383
14518,12521
14518,17737
14518,18087
14519,4742
14519,16506
14519,16666
14519,21844
14520,4475
14520,19739
14520,25543
14520,28103
14521,4454
14521,9138
14521,18819
14521,23054
14522,6334
14522,17393
14522,19791
14522,20644
14523,16724
14523,21348
14523,22098
14523,24837
14524,4887
14524,9554
14524,24529
14524,25710
14525,6227
14525,13862
14525,16612
14525,25861
14526,1513
14526,5901
14526,10688
14526,16559
14527,2575
14527,13188
14527,17492
14527,26780
14528,5966
14528,8310
14528,8692
14528,15111
14529,5612
14529,16164
14529,23649
14529,23666
14530,4061
14531,2854
14531,3457
14531,12448
14531,12758
14532,12798
14532,18938
14532,20416
14532,24423
14533,4395
14533,5963
14533,6584
14533,28245
14534,3224
14534,9319
14534,13637
14534,21332
14535,3951
14535,21369
14535,27039
14535,28093
14536,1774
14536,2705
14536,17793
14536,19271
14537,7539
14537,12061
14537,20431
14537,26416
14538,21533
14538,22381
14538,24596
14538,26962
14539,2665
14539,15484
14539,23940
14539,24182
14540,2151
14540,19360
14540,26760
14541,536
14541,3872
14541,3883
14541,19472
14542,5363
14542,11906
14542,25656
14542,26546
14543,6425
14543,14345
14543,24979
14543,28527
14544,3808
14544,6547
14544,8067
14544,18604
14545,2043
14545,7248
14545,7732
14545,13424
14546,5963
14546,6584
14546,18951
14546,28245
14547,5963
14547,6584
14547,22287
14547,25892
14548,1494
14548,7981
14548,9066
14548,27182
14549,2854
14549,18845
14549,22978
14549,26745
14550,7278
14550,8486
14550,14546
14550,26756
14551,1813
14551,11606
14551,26224
14551,27813
14552,4176
14552,6093
14552,17601
14552,27186
14553,1513
14553,5901
14553,10688
14553,16559
14554,2616
14554,5746
14554,13497
14554,26684
14555,12526
14555,17676
14555,18299
14555,24260
14556,9044
14556,11193
14557,975
14557,7947
14557,17045
14557,21989
14558,1807
14558,6422
14558,11519
14558,18799
14559,6759
14559,18029
14559,19568
14559,23733
14560,17188
14560,20995
14560,25411
14560,27757
14561,1390
14561,18955
14561,25958
14561,28232
14562,7313
14562,13482
14562,16724
14562,19067
14563,6003
14563,6490
14563,13050
14563,17439
14564,339
14564,1376
14564,7313
14564,13183
14565,9756
14565,9855
14565,17188
14565,18819
14566,6189
14566,11357
14566,17814
14566,27861
14567,4097
14567,11171
14567,20215
14567,26641
14568,3988
14568,12528
14568,12906
14568,15216
14569,9432
14569,17277
14569,23758
14569,25435
14570,4467
14570,20840
14570,24671
14570,26471
14571,5295
14571,5578
14571,8736
14571,25228
14572,2490
14572,14434
14572,15396
14572,18136
14573,7254
14573,11598
14573,20765
14573,25137
14574,4666
14574,8309
14574,15570
14574,18136
14575,7423
14575,10032
14575,25555
14575,25761
14576,2854
14576,9579
14576,12758
14576,22409
14577,921
14577,6833
14577,21132
14577,25180
14578,4468
14578,20187
14578,20951
14578,27770
14579,8255
14579,12331
14579,26277
14579,26373
14580,61
14580,3553
14580,13446
14580,23854
14581,10415
14581,11528
14581,14535
14581,21186
14582,921
14582,1651
14582,20010
14582,25534
14583,10416
14583,17648
14583,23166
14583,23869
14584,4748
14584,7398
14584,26878
14584,28442
14585,1727
14585,8916
14585,13154
14585,25306
14586,14538
14586,15107
14586,17213
14586,26341
14587,4467
14587,14320
14587,16405
14587,28296
14588,4996
14588,9531
14588,11581
14588,16934
14589,7380
14589,8483
14589,9326
14589,19982
14590,538
14590,11855
14590,17182
14590,25184
14591,17046
14591,21440
14591,22393
14591,26142
14592,21954
14592,22556
14592,24569
14592,26577
14593,921
14593,4309
14593,7274
14593,27850
14594,13196
14594,13576
14594,16678
14594,25840
14595,5006
14595,11998
14595,13385
14595,15645
14596,3551
14596,4670
14596,8703
14596,11163
14597,8578
14597,12402
14597,20919
14597,27576
14598,13851
14598,19255
14598,25861
14598,27342
14599,1816
14599,14576
14599,18742
14599,27692
14600,11113
14600,15354
14600,28167
14600,28322
14601,1890
14601,3551
14601,3698
14601,4922
14602,4268
14602,4408
14602,11171
14602,25435
14603,17492
14603,18991
14603,20877
14603,23199
14604,2722
14604,11749
14604,12197
14604,21783
14605,14599
14605,16090
14605,16850
14605,22854
14606,1516
14606,22518
14606,26745
14606,27348
14607,8813
14607,14676
14607,24640
14607,26342
14608,3655
14608,9554
14608,15377
14608,17213
14609,5305
14609,5746
14609,13911
14609,25861
14610,1794
14610,2223
14610,14672
14610,20264
14611,3299
14611,22098
14611,26483
14611,28322
14612,4505
14612,8309
14612,10854
14612,11609
14613,7398
14613,7435
14613,20877
14613,24887
14614,20775
14614,23199
14614,24968
14614,27214
14615,2490
14615,6028
14615,18062
14615,21742
14616,3628
14616,4375
14616,6659
14616,20925
14617,242
14617,7029
14617,11528
14617,13754
14618,5477
14618,13188
14618,19765
14618,21359
14619,115
14619,307
14619,13183
14619,17968
14620,4454
14620,21954
14620,21989
14620,27221
14621,1513
14621,12201
14621,17188
14621,23644
14622,3375
14622,8342
14622,24960
14622,26345
14623,488
14623,2307
14623,5278
14623,14502
14624,895
14624,5043
14624,14540
14624,19107
14625,12081
14625,15962
14625,20352
14625,27096
14626,616
14626,9341
14626,18321
14626,20008
14627,1259
14627,2909
14627,4193
14627,8309
14628,3655
14628,4744
14628,11243
14628,22175
14629,9768
14629,15074
14629,23666
14629,26827
14630,475
14630,1718
14630,9372
14630,13851
14631,921
14631,2854
14631,9034
14631,16615
14632,8303
14632,12004
14632,18819
14632,22666
14633,5388
14633,6430
14633,9044
14633,10415
14634,115
14634,4467
14634,9432
14634,11609
14635,7237
14635,20289
14635,23141
14635,24585
14636,14238
14636,15806
14636,18938
14636,20416
14637,7790
14637,15396
14637,15670
14637,21270
14638,3120
14638,18687
14638,21112
14638,22694
14639,4454
14639,11609
14639,21515
14639,24585
14640,2490
14640,8435
14640,11598
14640,28317
14641,1269
14641,11435
14641,17046
14641,27469
14642,14639
14642,16272
14642,17632
14642,18136
14643,20843
14643,21954
14643,23730
14643,26441
14644,11528
14644,14813
14644,17472
14644,20416
14645,7482
14645,7494
14645,15154
14645,21504
14646,1049
14646,8922
14646,9034
14646,21186
14647,2386
14647,9774
14647,15094
14647,27931
14648,1921
14648,3256
14648,14444
14648,21186
14649,3288
14649,9432
14649,13188
14649,22617
14650,9647
14650,16205
14650,22811
14650,24529
14651,5576
14651,8255
14651,20481
14651,27440
14652,15113
14652,16164
14652,17188
14652,23752
14653,115
14653,475
14653,9801
14653,21998
14654,14693
14654,16612
14654,17005
14654,26435
14655,1266
14655,5991
14655,14085
14655,14292
14656,7274
14656,8730
14656,12201
14656,24585
14657,3295
14657,14160
14657,16228
14657,16573
14658,9957
14658,10045
14658,21332
14658,22190
14659,405
14659,9138
14659,10727
14659,15806
14660,4428
14660,7142
14660,22406
14660,25046
14661,5591
14661,10107
14661,18249
14661,24113
14662,14303
14662,15135
14662,16108
14662,23017
14663,20477
14664,15509
14664,19620
14664,27221
14664,28209
14665,1760
14665,20775
14665,22406
14665,27919
14666,8523
14666,13315
14666,21019
14666,26571
14667,4454
14667,5060
14667,21359
14667,24820
14668,655
14668,9092
14668,12906
14668,21954
14669,11999
14669,24011
14669,24462
14669,26883
14670,7174
14670,15233
14670,20352
14670,23301
14671,1494
14671,16164
14671,20601
14671,23666
14672,15057
14672,18869
14672,20458
14672,27200
14673,625
14673,5063
14673,6393
14673,25775
14674,1766
14674,5222
14674,9138
14674,22248
14675,108
14675,988
14675,8233
14675,15205
14676,115
14676,3713
14676,13386
14676,28348
14677,2005
14677,2653
14677,13475
14677,13646
14678,12566
14678,14576
14678,16441
14678,17522
14679,3292
14679,4529
14679,10621
14679,11457
14680,8530
14680,17046
14680,23433
14680,27627
14681,10333
14681,11528
14681,14547
14681,16951
14682,1940
14682,8135
14682,10545
14682,13277
14683,1633
14683,10165
14683,15111
14683,20575
14684,4008
14684,16000
14684,17046
14684,26655
14685,12328
14685,16177
14685,18249
14685,23493
14686,6803
14686,16724
14686,20902
14686,22833
14687,6833
14687,12741
14687,21132
14687,21567
14688,3176
14688,12678
14688,15233
14688,24266
14689,4610
14689,5388
14689,5590
14689,25761
14690,7064
14690,15061
14690,16644
14690,18601
14691,17296
14691,23301
14691,26710
14691,28297
14692,5120
14692,9267
14692,20352
14692,26190
14693,704
14693,5719
14693,20379
14693,20902
14694,1940
14694,3109
14694,8435
14694,13145
14695,7423
14695,10337
14695,18136
14695,24646
14696,17795
14696,21440
14696,23301
14696,26373
14697,14576
14697,15662
14697,19127
14697,24887
14698,7470
14698,12057
14698,18850
14698,26522
14699,1940
14699,20035
14699,20837
14699,25411
14700,12798
14700,17343
14700,20328
14700,26383
14701,968
14701,5999
14701,14018
14701,15008
14702,4476
14702,11422
14702,18985
14702,26780
14703,1643
14703,6025
14703,16393
14703,17968
14704,5876
14704,6931
14704,9947
14704,13911
14705,294
14705,3892
14705,10058
14705,26259
14706,1940
14706,4154
14706,8020
14706,10545
14707,14197
14707,15570
14707,23691
14707,25582
14708,3188
14708,3885
14708,7746
14708,17553
14709,10625
14709,11751
14709,20925
14709,28452
14710,13810
14710,14085
14710,16164
14710,23977
14711,5999
14711,13862
14711,15771
14711,28167
14712,7672
14712,9767
14712,19440
14712,28475
14713,10320
14713,12579
14713,20077
14713,22140
14714,8884
14714,14582
14714,17224
14714,21050
14715,8308
14715,16115
14715,24668
14715,28187
14716,1329
14716,2737
14716,26017
14716,26311
14717,8630
14717,8734
14717,21055
14717,24970
14718,2793
14718,8867
14718,14420
14718,21966
14719,7364
14719,8309
14719,9432
14719,18062
14720,3655
14720,9095
14720,15730
14720,17989
14721,7913
14721,8922
14721,11609
14721,16501
14722,2999
14722,3466
14722,7589
14722,21957
14723,3900
14723,13072
14723,16090
14723,25421
14724,4467
14724,14992
14724,16524
14724,16724
14725,2224
14725,14591
14725,20809
14725,23831
14726,75
14726,3628
14726,15275
14726,23471
14727,13904
14727,16403
14727,18512
14727,27176
14728,1914
14728,12054
14728,13029
14728,19007
14729,7607
14729,11688
14729,21899
14729,26383
14730,1712
14730,10067
14730,19362
14730,23977
14731,2244
14731,3713
14731,11843
14731,13632
14732,3867
14732,8615
14732,13603
14732,26789
14733,7451
14733,15570
14733,16615
14733,21186
14734,5464
14734,21515
14734,24968
14734,25818
14735,4860
14735,15891
14735,18493
14735,21998
14736,8033
14736,13319
14736,23146
14736,28498
14737,4980
14737,7533
14737,24113
14737,27762
14738,2344
14738,2481
14738,20010
14738,27440
14739,7174
14739,11569
14739,12201
14739,23072
14740,4097
14740,21663
14740,25064
14740,27026
14741,10415
14741,11457
14741,17223
14741,23207
14742,5063
14742,9186
14742,20633
14742,25731
14743,921
14743,13482
14743,17296
14743,24959
14744,3553
14744,3749
14744,3998
14744,14061
14745,1494
14745,16044
14745,16902
14745,20530
14746,3457
14746,3668
14746,18378
14746,20609
14747,405
14747,1640
14747,8303
14747,11360
14748,405
14748,7174
14748,18535
14748,25555
14749,8860
14749,16181
14749,22817
14749,24354
14750,7839
14750,10374
14750,10999
14750,16038
14751,405
14751,1640
14751,16934
14751,18535
14752,432
14752,20832
14752,21838
14752,24968
14753,2877
14753,14952
14753,17224
14753,17744
14754,4016
14754,17744
14754,19618
14754,25861
14755,3120
14755,3361
14755,20352
14755,22593
14756,16164
14756,22635
14756,23199
14756,23666
14757,541
14757,8858
14757,8931
14757,23532
14758,2490
14758,13116
14758,17492
14758,28488
14759,13573
14759,22380
14759,23266
14759,28366
14760,2895
14760,18020
14760,24407
14760,26345
14761,5618
14761,11520
14761,17795
14761,21467
14762,12938
14762,18708
14762,21234
14762,26476
14763,625
14763,5063
14763,5937
14763,25775
14764,7509
14764,13214
14764,16183
14764,19482
14765,23061
14766,2223
14766,8997
14766,24745
14766,27039
14767,6275
14767,8085
14767,15159
14767,25453
14768,10772
14768,16405
14768,20951
14768,21954
14769,9756
14769,19615
14769,21537
14769,22170
14770,11626
14770,12214
14770,18897
14770,27214
14771,5063
14771,10995
14771,12533
14771,17417
14772,3655
14772,18136
14772,20530
14772,20779
14773,14540
14773,20739
14773,21099
14773,25084
14774,5963
14774,6584
14774,22287
14774,25892
14775,6658
14775,9277
14775,13249
14775,21665
14776,9133
14776,11722
14776,12107
14776,16573
14777,5043
14777,19786
14777,23666
14777,26581
14778,3689
14778,11389
14778,19817
14778,21535
14779,3762
14779,9034
14779,14591
14779,15489
14780,6025
14780,7237
14780,18513
14780,19175
14781,3639
14781,18885
14781,24037
14781,26428
14782,1383
14782,12727
14782,19691
14782,20867
14783,3655
14783,10416
14783,23342
14783,25168
14784,4661
14784,14797
14784,15327
14784,23599
14785,2392
14785,9833
14785,14224
14785,23754
14786,5502
14786,13857
14786,14540
14786,26641
14787,1131
14787,7458
14787,17273
14787,19618
14788,6724
14788,19687
14788,27382
14788,28184
14789,12445
14789,17885
14789,19331
14789,24909
14790,294
14790,5043
14790,11575
14790,25606
14791,1547
14791,7310
14791,7361
14791,23977
14792,4450
14792,13277
14792,15107
14792,15802
14793,1198
14793,11903
14793,19592
14793,23666
14794,921
14794,13277
14794,14985
14794,19808
14795,14576
14795,14781
14795,17114
14795,25192
14796,8309
14796,25137
14796,25162
14796,26259
14797,229
14797,2993
14797,5063
14797,25731
14798,1112
14798,6547
14798,8067
14798,19982
14799,10859
14799,19806
14799,21516
14799,25583
14800,3655
14800,18136
14800,20530
14800,20779
14801,440
14801,14144
14801,15041
14801,20347
14802,2490
14802,6028
14802,18062
14802,21742
14803,10415
14803,16951
14803,24267
14803,27182
14804,3812
14804,7968
14804,24759
14804,26756
14805,4395
14805,5963
14805,6584
14805,25892
14806,3419
14806,7679
14806,7910
14806,16644
14807,5803
14807,8309
14807,17213
14807,26259
14808,4996
14808,5204
14808,8947
14808,11581
14809,14576
14809,14781
14809,21186
14809,26780
14810,21122
14810,21542
14810,24139
14810,25978
14811,2854
14811,3746
14811,23718
14811,24285
14812,229
14812,5063
14812,20633
14812,25731
14813,5201
14813,10333
14813,11528
14813,14547
14814,2490
14814,6028
14814,18062
14814,21742
14815,1940
14815,8135
14815,10545
14815,13277
14816,12798
14816,18938
14816,19631
14816,20416
14817,1921
14817,8309
14817,17395
14817,27989
14818,16292
14818,19611
14818,23017
14819,4663
14819,10342
14819,11815
14819,21585
14820,327
14820,7519
14820,10163
14820,23497
14821,9402
14821,10468
14821,13809
14821,22241
14822,639
14822,7887
14822,8835
14822,17551
14823,17188
14823,20414
14823,23546
14823,28169
14824,851
14824,1780
14824,10545
14824,24182
14825,14178
14825,15366
14825,20061
14825,24182
14826,1761
14826,9541
14826,17136
14826,26234
14827,18975
14827,19204
14827,19865
14827,25603
14828,18975
14828,19204
14828,19865
14828,25603
14829,6278
14829,9970
14829,13776
14829,21051
14830,6263
14830,15057
14830,20500
14830,24102
14831,1161
14831,6981
14831,9903
14831,25267
14832,8867
14832,15107
14832,17519
14832,23160
14833,95
14833,3527
14833,3993
14833,21787
14834,6438
14834,7660
14834,15519
14834,24784
14835,2526
14835,5432
14835,18352
14835,26083
14836,5125
14836,19928
14837,6274
14837,7310
14837,8233
14837,10489
14838,6995
14838,8884
14838,9226
14838,23599
14839,1265
14839,11068
14839,15428
14839,17386
14840,5212
14840,8233
14840,8309
14840,28256
14841,5033
14841,6284
14841,16487
14841,25902
14842,446
14842,1917
14842,17436
14842,25309
14843,10981
14843,14291
14843,26421
14843,27251
14844,2774
14844,4119
14844,4379
14844,9524
14845,7385
14845,16934
14845,18110
14845,18171
14846,4505
14846,6584
14846,13098
14846,13315
14847,3552
14847,8817
14847,23942
14847,25464
14848,7310
14848,10045
14848,27469
14848,27626
14849,10625
14849,17399
14849,21252
14849,27164
14850,8297
14850,14547
14850,17046
14850,27626
14851,2043
14851,8071
14851,12625
14851,14551
14852,4686
14852,17046
14852,24926
14852,27626
14853,8310
14853,9564
14853,20492
14853,27440
14854,7793
14854,11855
14854,13281
14854,19224
14855,3379
14855,4858
14855,19043
14855,28015
14856,1513
14856,8324
14856,16559
14856,25867
14857,4154
14857,5009
14857,17046
14857,20077
14858,2226
14858,2752
14858,18037
14858,18474
14859,6377
14859,18642
14859,20043
14859,22098
14860,4877
14860,23007
14860,24113
14860,28488
14861,3705
14861,6969
14861,12214
14861,26831
14862,10145
14862,16251
14862,18005
14862,24056
14863,1940
14863,15806
14863,16504
14863,26326
14864,15720
14864,18757
14864,19093
14864,27597
14865,2987
14865,11988
14865,14211
14865,25886
14866,13234
14866,19363
14866,21564
14866,27027
14867,3016
14867,4008
14867,24968
14867,25272
14868,12533
14868,18991
14868,23203
14868,23730
14869,6631
14869,11774
14869,14798
14869,23558
14870,3551
14870,10586
14870,19618
14870,27096
14871,5991
14871,12001
14871,12328
14871,19362
14872,7458
14872,14159
14872,16205
14872,27214
14873,108
14873,4133
14873,23488
14873,27016
14874,3950
14874,14104
14874,14370
14874,27522
14875,10468
14875,12584
14875,22829
14876,4988
14876,18409
14876,22471
14876,25955
14877,361
14877,3170
14877,15623
14877,20339
14878,1708
14878,6640
14878,6750
14878,8397
14879,6659
14879,7426
14879,12533
14879,26712
14880,8181
14880,22759
14880,26329
14880,27039
14881,406
14881,7022
14881,13911
14881,21836
14882,190
14882,3090
14882,9769
14882,17097
14883,1100
14883,11237
14883,13670
14883,27235
14884,7739
14884,10813
14884,11821
14884,17082
14885,13087
14885,16192
14885,20439
14885,23165
14886,10772
14886,20124
14886,21186
14886,21348
14887,74
14887,11534
14887,20177
14887,23485
14888,5882
14888,9042
14888,14582
14888,17188
14889,3913
14889,3975
14889,13900
14889,25312
14890,8008
14890,17114
14890,17940
14890,26745
14891,1333
14891,3945
14891,8290
14891,27266
14892,2526
14892,2599
14892,9564
14892,21767
14893,2653
14893,25119
14893,27384
14893,27679
14894,8583
14894,13856
14894,14628
14894,15111
14895,9267
14895,9564
14895,17439
14895,25692
14896,3715
14896,3758
14896,23511
14896,28240
14897,533
14897,7164
14897,9371
14897,11444
14898,8624
14898,13856
14898,15489
14898,22666
14899,7435
14899,11451
14899,17182
14899,17188
14900,2678
14900,6122
14900,12972
14900,27109
14901,12727
14901,13856
14901,17331
14901,20983
14902,5432
14902,6672
14902,14596
14902,23602
14903,6831
14904,41
14904,399
14904,5113
14904,17439
14905,16715
14905,19764
14905,22003
14905,27626
14906,14530
14906,15754
14907,10483
14907,15251
14907,22444
14907,24099
14908,6663
14908,8128
14908,9185
14908,20518
14909,797
14909,18498
14909,18676
14909,23533
14910,9476
14910,9642
14910,19373
14910,19951
14911,2179
14911,15269
14912,356
14912,6848
14912,10126
14912,17188
14913,4643
14913,8867
14913,10101
14913,27631
14914,1806
14914,10320
14914,25820
14914,26258
14915,8676
14915,14540
14915,25232
14915,27676
14916,1266
14916,7423
14916,13497
14916,13728
14917,1377
14917,8854
14917,21120
14917,27495
14918,5784
14918,9154
14918,13911
14918,16563
14919,17277
14919,19059
14919,25581
14919,26244
14920,108
14920,5528
14920,6802
14920,15713
14921,14705
14921,20292
14921,23369
14921,26768
14922,6276
14922,6389
14922,11796
14922,26978
14923,1708
14924,3993
14924,18975
14924,19204
14924,19865
14925,4352
14925,7694
14925,15735
14925,27546
14926,14005
14927,833
14927,14538
14927,16910
14927,27676
14928,1708
14929,3206
14929,15570
14929,20751
14929,28016
14930,330
14930,16965
14930,23473
14930,24746
14931,4391
14931,7008
14931,8560
14931,24611
14932,9695
14932,18678
14932,23899
14932,27650
14933,129
14933,7117
14933,25050
14933,26750
14934,536
14934,2050
14934,3883
14934,16542
14935,536
14935,2050
14935,3883
14935,16542
14936,13050
14936,13231
14936,15396
14936,15903
14937,5337
14937,7661
14937,20289
14937,21481
14938,591
14938,3333
14938,23951
14939,8309
14939,10333
14939,24584
14939,24954
14940,3680
14940,8871
14940,16466
14940,23986
14941,748
14941,9921
14941,16690
14941,18161
14942,7110
14942,12202
14942,26323
14942,26680
14943,339
14943,7106
14943,16644
14943,20846
14944,20477
14945,1266
14945,12196
14945,15402
14945,19615
14946,4479
14946,8077
14946,8470
14946,20393
14947,13581
14947,16077
14947,23644
14947,23819
14948,10332
14948,17382
14948,19438
14948,19711
14949,3856
14949,16619
14949,20011
14949,21976
14950,10126
14950,10294
14950,16492
14950,28160
14951,8278
14951,13936
14951,20141
14951,26335
14952,10101
14952,10643
14952,16000
14952,28297
14953,2051
14953,14054
14953,21930
14953,24075
14954,10579
14954,16315
14954,17440
14954,24328
14955,14731
14955,25790
14955,25834
14955,28219
14956,6124
14956,14116
14956,16346
14956,23702
14957,13246
14957,16802
14957,21429
14957,28241
14958,16161
14959,8835
14959,10133
14959,19363
14959,22828
14960,6879
14960,17456
14960,27606
14960,28015
14961,13134
14961,24834
14961,28458
14961,28489
14962,8837
14962,22127
14962,24106
14962,24283
14963,4155
14963,12004
14963,18208
14963,23871
14964,10142
14964,21113
14964,22223
14964,24099
14965,10320
14965,21795
14965,23188
14965,23203
14966,1905
14966,10651
14966,13367
14966,20733
14967,1991
14967,7116
14967,16294
14967,21113
14968,6056
14968,8913
14968,13418
14968,14250
14969,6706
14969,13277
14969,20347
14969,27626
14970,2437
14970,3885
14970,5982
14970,6610
14971,3984
14971,7634
14971,15820
14971,19704
14972,2863
14972,5201
14972,5502
14972,10772
14973,746
14973,3262
14973,12027
14973,25047
14974,2493
14974,10416
14974,11704
14974,22545
14975,1760
14975,11289
14975,15218
14975,20622
14976,7310
14976,13862
14976,15310
14976,17188
14977,4257
14977,17005
14977,22248
14977,26142
14978,921
14978,2665
14978,3553
14978,23141
14979,638
14979,3609
14979,4196
14979,25373
14980,3992
14980,16742
14980,17744
14980,17994
14981,3954
14981,19672
14981,23984
14981,24276
14982,907
14982,5141
14982,10961
14982,22127
14983,6083
14983,6344
14983,6831
14983,17425
14984,571
14984,22550
14984,25143
14984,27825
14985,13401
14985,20124
14985,22706
14985,23433
14986,1073
14986,12459
14986,20883
14986,27018
14987,10320
14987,10952
14987,16610
14987,28248
14988,2188
14988,11169
14988,18136
14988,26142
14989,7495
14989,9564
14989,20938
14989,27199
14990,10630
14990,14540
14990,21252
14990,25187
14991,2685
14991,3631
14991,7721
14991,12966
14992,759
14992,2617
14992,20530
14992,26411
14993,7487
14993,10325
14993,10976
14993,23392
14994,6527
14994,8965
14994,13050
14994,28070
14995,418
14995,4244
14995,21467
14995,24316
14996,8403
14996,11778
14996,18819
14996,24461
14997,4265
14997,9711
14997,10080
14997,22492
14998,3472
14998,3856
14998,19662
14998,28063
14999,924
14999,18453
14999,19114
14999,27032
15000,8023
15000,10195
15000,22268
15000,27221
15001,1131
15001,10471
15001,13183
15001,21252
15002,3109
15002,13315
15002,16524
15002,19982
15003,3297
15003,6244
15003,8897
15003,27680
15004,3161
15004,4734
15004,5018
15004,15093
15005,7458
15005,9906
15005,19618
15005,26181
15006,3993
15006,18975
15006,19204
15006,19865
15007,2291
15007,4432
15007,13746
15007,13909
15008,405
15008,10383
15008,11258
15008,11434
15009,3332
15009,12137
15009,18078
15009,24295
15010,10120
15010,12533
15010,21307
15010,25084
15011,770
15011,12005
15011,19277
15011,27073
15012,6069
15012,14996
15012,20296
15012,24823
15013,10252
15013,10961
15013,15507
15013,26738
15014,6161
15014,13534
15014,14259
15014,24186
15015,6502
15015,11026
15015,13559
15015,27442
15016,4996
15016,19796
15016,22098
15016,23261
15017,3149
15017,5712
15017,22576
15017,28248
15018,5467
15018,7543
15018,23516
15018,24055
15019,503
15019,4425
15019,10246
15019,19455
15020,6023
15020,6266
15020,7206
15020,25876
15021,15993
15021,18114
15021,18960
15021,27440
15022,11302
15022,16725
15022,18233
15022,20122
15023,11569
15023,12906
15023,18747
15023,24423
15024,2119
15024,2946
15024,4315
15024,12798
15025,20477
15026,9394
15026,11958
15026,12454
15026,21092
15027,2747
15027,7913
15027,10333
15027,16644
15028,3220
15028,22980
15028,23410
15029,6527
15029,14535
15029,17213
15029,27551
15030,1183
15030,10949
15030,20530
15030,23740
15031,1387
15031,8002
15031,15608
15031,21253
15032,2332
15032,3272
15032,16002
15032,25828
15033,10107
15033,19590
15033,24440
15033,27484
15034,8435
15034,15741
15034,18642
15034,20850
15035,4151
15035,12196
15035,15863
15035,15932
15036,8625
15036,9034
15036,14535
15036,19618
15037,8255
15037,9085
15037,18708
15037,21515
15038,7679
15038,10410
15038,25187
15038,25369
15039,2413
15039,4352
15039,12276
15039,20670
15040,10165
15040,16950
15040,18720
15040,22984
15041,10007
15041,10873
15041,19968
15041,27162
15042,1494
15042,7981
15042,9066
15042,27182
15043,3993
15043,19204
15043,19865
15043,25603
15044,12682
15045,1494
15045,5130
15045,23282
15046,279
15046,4919
15046,5393
15046,22204
15047,5451
15047,9549
15047,19309
15047,22078
15048,437
15048,5546
15048,16652
15048,22813
15049,9138
15049,11210
15049,12022
15049,16194
15050,8310
15050,16724
15050,17417
15050,28028
15051,6227
15051,18136
15051,27245
15051,28256
15052,1291
15052,1762
15052,13217
15052,19968
15053,13315
15053,15872
15053,18776
15053,27415
15054,1873
15054,2585
15054,7765
15054,8094
15055,5466
15055,14444
15055,15146
15055,22856
15056,1343
15056,5043
15056,13221
15056,14547
15057,4269
15057,15060
15057,19976
15057,25552
15058,12606
15058,19518
15058,19982
15058,20925
15059,4269
15059,15060
15059,19976
15059,25552
15060,3551
15060,11950
15060,15107
15060,27740
15061,8835
15061,9326
15061,15955
15061,26181
15062,1872
15062,9673
15062,13345
15062,24341
15063,4214
15063,4982
15063,23544
15063,25918
15064,405
15064,6553
15064,15645
15064,21348
15065,7140
15065,11498
15065,12987
15065,22744
15066,4476
15066,13231
15066,24037
15066,24324
15067,2109
15067,7707
15067,13482
15067,21537
15068,4269
15068,15060
15068,19976
15068,25552
15069,2481
15069,18556
15069,21742
15069,24113
15070,3551
15070,4191
15070,24113
15070,28322
15071,7070
15071,9660
15071,11544
15071,27563
15072,3746
15072,10483
15072,10625
15072,26238
15073,973
15073,14992
15073,22232
15073,22410
15074,18975
15074,19204
15074,19865
15074,25603
15075,12726
15076,10320
15076,11422
15076,12798
15076,18991
15077,11990
15077,12806
15077,13331
15077,15428
15078,13331
15078,14557
15078,15428
15078,20217
15079,6937
15079,9845
15079,16690
15079,25351
15080,18394
15080,24968
15080,26209
15080,26233
15081,4530
15081,6613
15081,19278
15081,27917
15082,19706
15082,22248
15082,22367
15082,27608
15083,3808
15083,3885
15083,7380
15083,28107
15084,921
15084,19458
15084,21616
15084,26577
15085,10285
15085,11026
15085,11731
15085,21008
15086,4217
15086,8436
15086,17738
15086,23374
15087,2137
15087,6924
15087,10198
15087,27717
15088,3885
15088,7482
15088,10101
15088,20035
15089,12657
15089,13382
15089,17971
15089,19395
15090,8248
15090,10676
15090,13764
15090,28037
15091,3442
15091,9467
15091,18297
15091,18613
15092,5937
15092,14024
15092,17439
15092,23649
15093,750
15093,3360
15093,4996
15093,27966
15094,3442
15094,7274
15094,15715
15094,17603
15095,8151
15095,11124
15095,14831
15095,17738
15096,20570
15096,20837
15096,21349
15096,26473
15097,7793
15097,13354
15097,18074
15097,21836
15098,746
15098,11124
15098,14872
15098,24274
15099,7089
15099,18675
15099,24668
15099,26196
15100,5324
15100,12664
15100,12794
15100,14074
15101,1475
15101,10695
15101,15702
15101,20297
15102,6645
15102,21036
15102,21952
15102,25160
15103,2344
15103,3551
15103,5453
15103,10667
15104,28246
15105,8303
15105,10126
15105,13385
15105,24150
15106,2993
15106,4467
15106,17046
15106,20292
15107,15632
15107,19631
15107,20264
15107,28256
15108,10195
15108,19074
15108,20360
15108,25372
15109,7659
15109,14971
15109,19615
15109,28481
15110,1155
15110,11555
15110,14857
15110,25079
15111,1651
15111,4950
15111,23199
15111,24926
15112,2854
15112,18845
15112,22978
15112,26745
15113,4891
15113,14572
15113,18617
15113,23939
15114,3504
15114,23199
15114,24887
15114,27097
15115,1121
15115,1301
15115,3466
15115,24177
15116,7529
15116,20292
15116,24646
15116,27163
15117,1803
15117,4541
15117,7483
15117,10761
15118,1651
15118,14865
15118,23899
15118,25861
15119,16621
15120,11210
15120,14256
15120,14675
15120,24655
15121,558
15121,9801
15121,10727
15121,26142
15122,4467
15122,8835
15122,17370
15122,27214
15123,20477
15124,166
15124,3655
15125,800
15125,9390
15125,17685
15125,28084
15126,7847
15127,11014
15127,13924
15127,21016
15127,26774
15128,5681
15128,6016
15128,8658
15128,10630
15129,473
15129,7164
15129,8645
15129,11113
15130,3141
15130,4670
15130,14985
15130,25675
15131,3746
15131,6964
15131,12147
15131,13050
15132,808
15132,4281
15132,15868
15132,22923
15133,1524
15133,6235
15133,17841
15133,20596
15134,1376
15134,2339
15134,13188
15134,23666
15135,1735
15135,6035
15135,10647
15136,7174
15136,18819
15136,23840
15136,27522
15137,1587
15137,8610
15137,10278
15137,20174
15138,9605
15138,10226
15138,18457
15138,19623
15139,6050
15139,7274
15139,9908
15139,24140
15140,5212
15141,5703
15141,6269
15141,27734
15141,28054
15142,1748
15142,5596
15142,8701
15142,15902
15143,4601
15143,5763
15143,15807
15143,26463
15144,3534
15144,14673
15144,15252
15144,21092
15145,11306
15145,12533
15145,13951
15145,21481
15146,5056
15146,6374
15146,19601
15146,27449
15147,6990
15147,8450
15147,22580
15147,27336
15148,1266
15148,3494
15148,7003
15148,7616
15149,1464
15149,5351
15149,7570
15149,22003
15150,11914
15150,12811
15150,19486
15150,28221
15151,10625
15151,20925
15152,23193
15152,23944
15152,25201
15153,6227
15153,10333
15153,11528
15153,14547
15154,5147
15154,10708
15154,11387
15154,16676
15155,14794
15155,15807
15155,25586
15155,26463
15156,4154
15156,4191
15156,24113
15156,25522
15157,8630
15157,13483
15157,19518
15157,24424
15158,3434
15158,6706
15158,14591
15158,25505
15159,12128
15159,15722
15159,17282
15159,23387
15160,4996
15160,18724
15160,19393
15160,24419
15161,3628
15161,11751
15161,14159
15161,20925
15162,9372
15162,15292
15162,19363
15162,27221
15163,6425
15163,14345
15163,24979
15163,28527
15164,10666
15164,15807
15164,18711
15164,19562
15165,4317
15165,13862
15165,17495
15165,19631
15166,8630
15166,12004
15166,21348
15166,28407
15167,4587
15167,19670
15167,23037
15167,24904
15168,1651
15168,3885
15168,8867
15168,13385
15169,2592
15169,4461
15169,7581
15169,26892
15170,6549
15170,12833
15170,13806
15170,20162
15171,16914
15171,20046
15171,22186
15171,26168
15172,2161
15172,12494
15172,19229
15172,25556
15173,1028
15173,7030
15173,13619
15173,27924
15174,2933
15174,4099
15174,9425
15174,24756
15175,7106
15175,12653
15175,26401
15175,26491
15176,2653
15176,7533
15176,11561
15176,19506
15177,2621
15177,8233
15177,27084
15177,28227
15178,5388
15178,11457
15178,11528
15178,19592
15179,11990
15179,12806
15180,8814
15180,13394
15180,13857
15180,24264
15181,833
15181,3655
15181,10172
15181,14056
15182,9564
15182,16090
15182,16644
15182,23332
15183,14283
15183,16028
15183,21401
15183,23199
15184,10688
15184,11724
15184,17188
15184,18969
15185,2836
15185,14966
15185,22094
15185,26153
15186,5491
15186,10903
15186,14760
15186,18022
15187,1018
15187,2266
15187,4375
15187,8954
15188,1376
15188,16524
15188,17492
15188,22406
15189,9133
15189,13290
15189,14871
15189,20382
15190,5257
15190,8481
15190,10119
15190,16153
15191,3232
15191,10647
15191,19642
15191,19932
15192,1940
15192,5356
15192,7089
15192,24959
15193,910
15193,16524
15193,23730
15193,24113
15194,2854
15194,2909
15194,7194
15194,13932
15195,260
15195,4167
15195,17694
15195,18494
15196,11292
15196,22141
15196,25332
15196,26938
15197,9098
15197,13467
15197,21495
15197,27949
15198,12890
15198,14049
15198,24995
15198,25712
15199,19504
15199,21123
15199,22842
15199,26314
15200,9958
15200,15592
15200,18880
15200,25199
15201,9094
15201,17919
15201,24648
15201,26764
15202,4669
15202,14510
15202,20289
15202,27205
15203,5501
15203,12794
15203,21404
15203,25127
15204,2493
15204,11704
15204,15373
15204,19116
15205,7707
15205,15646
15205,25403
15205,27701
15206,8897
15206,19065
15206,19156
15206,22223
15207,4723
15207,4977
15207,5201
15207,18791
15208,2144
15208,8261
15208,11064
15208,15507
15209,1530
15209,8709
15209,16457
15209,18781
15210,4736
15210,5400
15210,12384
15210,19318
15211,475
15211,1706
15211,4317
15211,5362
15212,201
15212,10555
15212,11890
15212,19267
15213,2774
15213,15485
15213,15489
15213,26527
15214,780
15214,8549
15214,17527
15214,20307
15215,2774
15215,6406
15215,15485
15215,15489
15216,2774
15216,6526
15216,8428
15216,15489
15217,1302
15217,3299
15217,10267
15217,17728
15218,22368
15219,14031
15220,11816
15220,19491
15220,20499
15221,3735
15221,4706
15221,6704
15221,25249
15222,13800
15222,21309
15222,22232
15222,26429
15223,3576
15223,24014
15223,24603
15223,25720
15224,1039
15224,10118
15224,14996
15224,15655
15225,227
15225,15789
15225,16644
15225,19791
15226,16316
15226,18436
15226,20076
15226,24585
15227,4199
15227,11190
15227,16498
15227,26258
15228,10320
15228,19542
15228,19905
15228,20194
15229,10224
15229,16044
15229,21837
15229,27028
15230,3993
15230,18975
15230,19204
15230,19865
15231,12590
15232,2637
15232,6505
15232,16810
15232,20379
15233,14576
15233,17046
15233,24140
15233,25010
15234,9352
15234,14510
15234,21159
15234,24211
15235,12905
15235,18300
15235,18335
15235,24095
15236,8435
15236,20379
15236,26345
15236,27342
15237,5370
15237,7380
15237,14540
15237,26491
15238,6368
15238,9581
15238,11325
15238,17436
15239,2993
15239,3615
15239,9372
15239,23199
15240,512
15240,7207
15240,13277
15240,28070
15241,4043
15241,4973
15241,11129
15241,14101
15242,1131
15242,1547
15242,3279
15242,5623
15243,8850
15243,17326
15243,23301
15243,28486
15244,1131
15244,1547
15244,3279
15244,5623
15245,19532
15245,21557
15245,22145
15245,25280
15246,3551
15246,8573
15246,10625
15246,17197
15247,17034
15247,20877
15247,24252
15247,27676
15248,4531
15248,5496
15248,12988
15248,22815
15249,17250
15249,17694
15249,23510
15249,26515
15250,19791
15250,22098
15250,22430
15250,25137
15251,16293
15251,23939
15251,26486
15251,28070
15252,1367
15252,9524
15252,17005
15252,28107
15253,18505
15253,22769
15253,23858
15253,27398
15254,1449
15254,2703
15254,17774
15254,26429
15255,7109
15255,8952
15255,11250
15255,15209
15256,2529
15256,7800
15256,23245
15256,27292
15257,8255
15257,15484
15257,22098
15257,27114
15258,1705
15258,2349
15258,23893
15258,24865
15259,3374
15259,10221
15259,20296
15259,23004
15260,234
15260,7108
15260,13636
15260,22568
15261,7810
15261,12271
15261,18556
15261,26326
15262,18871
15262,28233
15262,28360
15263,5892
15263,11005
15263,19340
15263,27575
15264,2896
15264,9234
15264,17996
15264,28297
15265,1376
15265,12620
15265,22248
15265,26075
15266,5201
15266,6833
15266,13847
15266,18819
15267,4053
15267,9847
15267,16354
15267,24113
15268,3079
15268,13639
15268,16315
15268,19221
15269,18136
15269,23903
15269,23977
15269,27223
15270,6724
15270,8876
15270,19764
15270,27199
15271,473
15271,11506
15271,13555
15271,26339
15272,12197
15272,16999
15272,17551
15272,19765
15273,13536
15273,13934
15273,16410
15273,21308
15274,815
15274,8280
15274,12808
15274,25378
15275,1891
15275,2481
15275,9892
15275,12001
15276,1640
15276,4666
15276,17046
15276,18861
15277,5222
15277,5388
15277,13638
15277,28322
15278,2833
15278,20662
15278,23072
15278,23305
15279,1291
15279,15721
15279,18151
15279,20803
15280,1355
15280,5674
15280,14561
15280,24829
15281,1368
15281,2050
15281,17741
15281,20138
15282,7935
15282,18944
15282,20642
15282,24754
15283,2339
15283,4977
15283,19626
15283,25606
15284,1763
15284,16493
15284,19271
15284,24979
15285,7839
15285,10374
15285,10999
15285,16038
15286,4667
15286,7264
15286,20804
15286,22153
15287,1453
15287,2854
15287,12567
15287,26258
15288,1701
15288,17976
15288,20917
15288,21418
15289,3225
15289,5477
15289,7398
15289,8161
15290,6959
15290,14580
15290,23514
15290,24854
15291,8947
15291,11773
15291,24755
15291,27096
15292,2344
15292,3148
15292,26563
15292,26768
15293,2848
15293,9578
15293,12034
15293,16526
15294,174
15294,771
15294,14262
15294,20054
15295,4393
15295,22190
15295,22781
15295,27549
15296,2637
15296,8867
15296,15947
15296,26386
15297,11425
15297,12572
15297,17560
15297,21597
15298,2668
15298,8035
15298,12599
15298,16026
15299,9188
15300,4557
15300,14815
15300,21578
15300,26233
15301,18850
15301,20779
15301,22682
15301,23433
15302,4227
15302,10484
15302,17476
15302,22100
15303,11171
15303,13482
15303,15774
15303,19458
15304,7795
15304,15839
15304,16822
15304,28481
15305,2103
15305,12060
15305,18318
15305,25072
15306,4996
15306,16546
15306,24217
15306,26527
15307,6635
15307,16904
15307,21689
15307,26181
15308,104
15308,11547
15308,16835
15308,26752
15309,14203
15309,20779
15309,21567
15309,22682
15310,1367
15310,11167
15310,23534
15310,26512
15311,1100
15311,7307
15311,12000
15311,19124
15312,9188
15313,2114
15313,14557
15313,15428
15313,27477
15314,3615
15314,5870
15314,7552
15314,22800
15315,11046
15315,19120
15315,25717
15315,28020
15316,5628
15316,6274
15316,13559
15316,22114
15317,725
15317,16573
15317,18897
15317,20010
15318,6425
15318,14345
15318,14805
15318,15802
15319,5576
15319,6213
15319,11050
15319,26577
15320,5628
15320,13559
15320,13628
15320,24665
15321,2434
15321,5902
15321,8297
15321,10471
15322,12345
15322,13218
15322,26556
15322,28297
15323,505
15323,10429
15323,12921
15323,13559
15324,2653
15324,13321
15324,13386
15324,20837
15325,2905
15325,6227
15325,10643
15325,22811
15326,8683
15326,9878
15326,17230
15326,23162
15327,1291
15327,2144
15327,8978
15327,13801
15328,14134
15328,21484
15328,22333
15328,26235
15329,15073
15329,23935
15329,24657
15329,28339
15330,3141
15330,5500
15330,20264
15330,24278
15331,556
15331,7593
15331,12201
15331,23369
15332,2333
15332,12826
15332,13878
15332,18474
15333,399
15333,2679
15333,10504
15333,20457
15334,13251
15334,13489
15334,23435
15334,26327
15335,16405
15335,22927
15335,25747
15335,28256
15336,1269
15336,11031
15336,13559
15336,27677
15337,18004
15337,21030
15337,22207
15337,25181
15338,7542
15338,11990
15338,12806
15338,25585
15339,5536
15339,7913
15339,20782
15339,21186
15340,535
15340,1325
15340,9361
15340,13559
15341,14296
15342,20477
15343,6348
15343,6683
15343,11786
15343,13736
15344,5388
15344,7470
15344,11791
15344,28280
15345,1100
15345,7307
15345,12000
15345,19124
15346,2877
15346,3256
15346,7707
15346,8494
15347,2997
15347,16728
15347,20047
15347,22316
15348,746
15348,23286
15348,24274
15348,28339
15349,3375
15349,5224
15349,15571
15349,23165
15350,11617
15350,17692
15350,25162
15350,27884
15351,7626
15351,13801
15351,22127
15351,28519
15352,4251
15352,11125
15352,22136
15352,23122
15353,2696
15353,9578
15353,10518
15353,27444
15354,7546
15354,10315
15354,15838
15354,16795
15355,6043
15355,8716
15355,14195
15355,18871
15356,4751
15356,15107
15356,16904
15356,22362
15357,7514
15357,9711
15358,83
15358,1116
15358,16632
15358,17286
15359,20477
15360,207
15360,5701
15360,13056
15360,18484
15361,9105
15361,19178
15361,20383
15361,24763
15362,746
15362,18193
15362,20075
15362,24274
15363,6065
15363,10229
15363,11801
15363,14442
15364,7530
15364,9034
15364,17224
15364,28502
15365,2719
15365,10869
15365,20278
15365,21038
15366,5447
15366,6660
15366,11280
15366,21433
15367,6582
15367,20077
15367,25076
15367,26271
15368,10638
15368,17005
15368,19344
15368,19617
15369,15721
15369,22503
15369,22723
15369,25414
15370,7557
15370,14535
15370,19185
15370,20268
15371,4161
15371,11569
15371,14444
15371,25658
15372,6624
15372,7887
15372,14781
15372,15955
15373,2394
15373,7542
15373,13402
15373,26289
15374,1377
15374,7053
15374,23093
15374,23721
15375,17046
15375,17224
15375,27770
15375,27850
15376,16205
15376,24529
15376,24887
15376,28107
15377,10579
15377,12001
15377,15722
15377,24722
15378,559
15378,4947
15378,9431
15378,17159
15379,18623
15379,19133
15379,24198
15379,27943
15380,446
15380,7543
15380,18308
15380,28213
15381,10337
15381,12562
15381,19617
15381,23854
15382,1162
15382,1710
15382,1893
15382,23493
15383,9815
15383,11461
15383,14448
15383,18049
15384,2635
15384,8347
15384,11002
15384,15218
15385,14851
15385,18414
15385,19026
15385,24870
15386,957
15386,7839
15386,20003
15386,27805
15387,6547
15387,8067
15387,18604
15387,20304
15388,2269
15388,15808
15388,17355
15388,24240
15389,1359
15389,6211
15389,6409
15389,12684
15390,9248
15390,10325
15390,15141
15390,22496
15391,5948
15391,6504
15391,13050
15391,22274
15392,7960
15392,13466
15392,25170
15392,27253
15393,3259
15393,17270
15393,24968
15393,26648
15394,2637
15394,11800
15394,12909
15394,21562
15395,16757
15395,23190
15395,24968
15395,26345
15396,3109
15396,9455
15396,14535
15396,22248
15397,3224
15397,17902
15397,25243
15397,25895
15398,11335
15398,17632
15398,19764
15398,27415
15399,3389
15399,21434
15400,8008
15400,17114
15400,25782
15400,26745
15401,4030
15401,9379
15401,13329
15401,20935
15402,15098
15402,16756
15402,16769
15402,19351
15403,5201
15403,8954
15403,13315
15403,18897
15404,8008
15404,17114
15404,17940
15404,26745
15405,14182
15405,15429
15405,18715
15405,21441
15406,10603
15406,13947
15406,20855
15406,27829
15407,3279
15407,8315
15407,23106
15407,25577
15408,2481
15408,3746
15408,14535
15408,22069
15409,3384
15409,11479
15409,12357
15409,16166
15410,2829
15410,7229
15410,19615
15410,24217
15411,2668
15411,8035
15411,12599
15411,16026
15412,10061
15412,11571
15412,13537
15412,25590
15413,7702
15413,15114
15413,16530
15413,27192
15414,3668
15414,5499
15414,8954
15414,13932
15415,12307
15415,15531
15415,24801
15415,26051
15416,8008
15416,17114
15416,17940
15416,26745
15417,771
15417,6519
15417,6640
15417,21949
15418,2668
15418,8035
15418,12599
15418,16026
15419,759
15419,2617
15419,20530
15419,26411
15420,4073
15420,5865
15420,10276
15420,25817
15421,4454
15421,4656
15421,7423
15421,8471
15422,6802
15422,10429
15422,15713
15422,27418
15423,1135
15423,5024
15423,6384
15423,13959
15424,420
15424,12657
15424,19395
15424,22180
15425,1334
15425,8414
15425,14058
15425,23550
15426,6989
15426,7164
15426,10172
15426,22690
15427,1389
15427,6586
15427,13095
15427,18335
15428,5499
15428,9968
15428,13932
15428,26258
15429,7742
15429,9122
15429,9975
15429,14491
15430,2850
15430,11210
15430,12728
15430,19721
15431,8850
15431,12262
15431,20442
15431,25731
15432,8008
15432,17114
15432,17940
15432,26745
15433,5651
15433,5930
15433,10032
15433,28527
15434,4425
15434,10472
15434,19455
15434,24626
15435,14535
15435,17996
15435,19156
15435,27676
15436,3588
15436,6603
15436,14154
15436,20018
15437,14296
15438,759
15438,2617
15438,20530
15438,26411
15439,2719
15439,10869
15439,20278
15439,21038
15440,4256
15440,8389
15440,15485
15440,15489
15441,2493
15441,8647
15441,11730
15441,21839
15442,2668
15442,8035
15442,12599
15442,16026
15443,10430
15443,11281
15443,23565
15443,27439
15444,21885
15444,22294
15444,26045
15444,26061
15445,6684
15445,7496
15445,10947
15445,25332
15446,2313
15446,2927
15446,4073
15446,10276
15447,771
15447,3619
15447,17962
15447,23058
15448,5914
15448,18782
15448,22438
15448,23448
15449,1011
15449,2201
15449,6053
15449,15408
15450,12533
15450,17213
15450,23054
15450,25084
15451,16943
15451,21450
15451,23091
15451,23693
15452,761
15452,5943
15452,9824
15452,19990
15453,10963
15453,19226
15453,20992
15453,28092
15454,4454
15454,8546
15454,26577
15454,27943
15455,28335
15456,706
15456,6169
15456,6410
15456,7411
15457,7810
15457,11210
15457,23007
15457,24113
15458,7947
15458,11289
15458,12196
15458,19615
15459,7458
15459,11528
15459,15640
15459,15860
15460,478
15460,4697
15460,6381
15460,10121
15461,940
15461,2774
15461,4256
15461,6526
15462,3286
15462,3299
15462,21252
15462,28209
15463,2923
15463,11262
15463,26129
15463,26383
15464,2854
15464,3580
15464,12255
15464,20332
15465,6483
15465,23582
15465,26262
15465,27911
15466,9432
15466,11002
15466,26114
15466,26181
15467,7101
15468,5638
15468,9281
15468,16488
15468,23519
15469,20477
15470,20477
15471,20477
15472,20477
15473,20477
15474,10938
15475,20477
15476,20477
15477,20477
15478,24917
15479,20477
15480,20477
