MediaID,DirectorID
1,4512
2,4661
3,3656
4,6417
5,928
6,2211
7,6417
8,6417
9,6960
10,3191
11,7129
12,978
13,5429
14,3191
15,6196
15,6330
16,83
17,3777
18,3268
19,6813
20,5429
21,5746
22,3710
23,4547
24,4791
25,606
26,6417
27,6417
28,5987
29,3149
30,1200
31,5511
32,2612
33,2552
34,2612
35,2612
36,1200
37,2612
38,2612
39,6417
40,38
41,4572
42,6999
43,6417
44,4771
45,6417
46,6417
47,6417
48,1405
49,1405
50,1405
51,3130
52,3034
52,4737
53,5687
54,6417
55,2758
56,7153
57,1903
58,282
59,3690
60,5131
61,4106
62,1068
63,2142
64,4178
65,2278
66,359
67,6417
68,2203
69,3706
70,418
71,773
72,6618
73,6417
74,987
75,4663
76,5283
77,6045
78,3051
79,5696
80,2790
81,5644
82,6219
83,3890
84,1257
85,5345
86,3309
87,4358
88,6417
89,2277
90,2716
91,2817
92,3941
93,6500
94,6401
94,6711
95,6417
96,3204
96,4671
97,6993
98,5241
99,2711
100,4787
101,3415
102,2218
103,6417
104,7076
105,5142
106,6417
107,6417
108,7215
109,3543
110,3664
111,3650
112,1637
113,6417
114,440
115,6417
116,5057
117,6417
118,1763
119,2969
120,1294
121,3009
122,3784
123,6946
124,1781
125,6364
126,5724
127,866
128,3604
129,4141
130,3320
131,1885
131,3581
131,4446
131,5214
131,6724
132,358
133,2801
134,7093
134,7250
135,3277
136,4750
137,4938
138,6417
139,5229
140,3673
141,5946
142,2078
143,3474
144,1486
145,1949
146,6420
147,1499
148,3882
149,6923
150,2335
151,7020
152,4926
153,301
154,301
155,301
156,3010
157,6445
158,6417
159,6417
160,6417
161,4913
162,2303
163,5768
164,5007
165,6417
166,6040
167,4936
168,6417
169,77
170,7206
171,6485
172,3358
173,7241
174,6417
175,1804
176,4790
177,6455
178,5736
179,3527
180,6417
181,3673
182,4329
182,6162
183,6395
184,5637
185,5206
186,6321
187,3969
188,5987
189,6321
190,6979
191,3616
192,112
193,3715
194,2861
195,2757
196,499
197,3056
198,2876
199,1340
200,1854
201,6417
202,1695
203,1895
204,1527
205,473
206,6417
207,6786
208,4195
209,6752
210,2443
211,4842
212,4476
213,7081
214,758
215,6682
216,5374
217,1762
217,1824
218,1498
219,6417
220,4476
221,6417
222,918
223,800
224,6417
225,6417
226,6417
227,6417
228,6417
229,6515
230,4557
231,6417
232,958
233,529
234,4575
235,2378
235,3195
236,5630
237,5664
238,3972
239,2329
240,6417
241,2591
242,3164
243,6417
244,5041
245,3777
246,6335
247,5623
248,6417
249,1787
250,6417
251,3313
252,384
253,2687
253,4885
254,1133
255,6417
256,1173
256,1778
257,3220
258,6417
259,92
259,4420
260,3485
261,1170
261,1247
261,1409
261,1489
261,1667
262,2990
263,4223
264,4856
265,4856
266,4856
267,6417
268,1130
269,4631
270,4510
271,6417
272,2
273,6684
274,6417
275,6417
276,4809
277,1222
278,4002
279,242
280,6488
281,159
282,81
283,1311
284,5404
285,1729
286,6741
287,5284
288,5541
289,5989
290,1674
290,3112
291,6741
292,3525
293,3487
294,1696
295,3944
296,2644
297,2576
298,2888
299,6417
300,1371
300,3457
301,1628
302,6417
303,5987
304,1269
305,4836
306,6417
307,3777
308,13
309,1155
310,902
310,1998
311,6417
312,1599
313,1324
314,3731
315,5193
316,4709
317,6417
318,6417
319,3543
319,6644
320,6417
321,6417
322,7207
323,5471
323,6246
324,3886
325,7046
326,4911
327,6417
328,3394
329,1339
330,4305
331,5009
332,5583
333,713
334,6417
335,1698
336,6417
337,6417
338,6417
339,6417
340,2010
341,6417
342,2356
343,4023
344,6417
345,6417
346,3397
347,6355
348,2098
349,6737
350,4739
351,6417
352,6417
353,6417
354,6417
355,6803
356,184
357,3214
358,6417
359,4062
360,2622
361,3342
362,4033
363,6417
364,6417
365,4101
366,6417
367,6773
368,444
369,1202
369,1247
369,1489
369,2141
369,3693
370,5824
371,3903
372,3689
372,4683
373,2904
374,6101
375,1570
376,4742
377,3297
378,6417
379,6417
380,4325
381,6417
382,7183
383,6417
384,6417
385,1530
386,6209
387,6417
388,3221
389,6417
390,6417
391,6417
392,2964
393,4849
394,5619
395,2961
396,1144
397,6417
398,6035
399,2701
400,7013
401,1293
402,257
403,6417
404,6417
405,6158
406,6417
407,6417
408,6417
409,6641
410,5703
411,6417
412,2471
413,1207
414,3102
415,627
416,4321
417,1564
417,2176
417,3948
418,4131
418,6081
419,3858
420,5065
421,1600
422,4796
423,4796
424,6417
425,6510
426,621
427,6417
428,7048
429,6656
430,2763
431,6417
432,1839
433,7199
434,6417
435,5785
436,6417
437,4210
438,4904
439,6073
440,1741
441,686
442,1224
443,1611
444,2549
445,5725
446,5809
447,7174
448,1476
449,1566
450,6232
451,1476
452,298
452,4919
452,6354
453,6417
454,6417
455,6417
456,539
457,1523
457,2372
458,3999
459,6417
460,6823
461,7077
462,6992
463,1253
464,6417
465,6823
466,2166
467,6674
468,684
469,1704
470,6417
471,5216
472,4954
472,6901
473,7078
474,3468
475,6351
476,6204
477,6970
478,4470
479,6417
480,7078
481,4052
482,1859
483,961
483,2789
484,1548
485,5976
486,6725
487,5245
488,6417
489,6417
490,5583
491,4921
492,5585
493,6417
494,6417
495,2239
495,6234
496,1892
497,6417
498,5672
499,1163
500,5599
501,3818
502,1867
502,2517
503,1912
504,2031
505,6417
506,6417
507,3414
508,6213
509,6127
510,6417
511,6222
512,6909
513,6417
514,4353
515,6417
516,996
516,6294
517,5836
518,4387
519,6417
520,5270
521,7142
522,7142
523,2975
524,6417
525,1593
526,6417
527,6417
528,5470
529,4093
530,6417
531,5814
532,6417
533,2542
534,6552
535,6378
536,3886
537,4025
538,2305
539,4025
540,4025
541,6417
542,7256
543,3353
544,3060
545,4103
546,3911
547,2494
548,4261
549,6418
550,4022
551,6770
552,6769
553,2212
554,6417
555,6417
556,1193
557,6417
558,6417
559,6417
560,4069
561,5002
562,1626
563,2898
563,6227
564,6417
565,6417
566,6417
567,723
567,4248
568,7017
569,5242
570,6417
571,1806
572,1525
572,2019
572,2595
572,7179
573,2528
574,3778
575,6166
576,6264
577,1282
578,1282
579,5181
580,5304
581,6417
582,1978
583,3565
584,226
585,5058
586,1334
587,2676
588,2304
589,6484
590,6339
591,4497
592,2583
593,6417
594,6417
595,5397
596,3027
597,3978
598,3456
599,6417
600,1176
601,6417
602,5739
603,6417
604,2296
605,616
606,2877
607,4598
608,4219
609,3853
610,3326
611,6417
612,6876
613,4225
614,2265
615,6193
616,5449
617,3614
618,445
618,3929
619,424
620,6417
621,7213
622,3938
623,1773
624,1105
625,816
626,1718
627,6417
628,2234
629,4731
630,6417
631,4311
631,5161
631,5930
632,6417
633,92
634,4132
635,680
635,4378
636,6417
637,1857
638,4060
639,6417
640,6417
641,2442
642,5815
643,4026
644,1248
645,3153
646,2102
647,2751
648,6417
649,1453
650,4462
651,4462
652,7004
653,6417
654,5190
655,2081
656,6417
657,6417
658,1766
659,3670
660,716
661,331
662,37
662,3153
663,4228
664,1815
665,3319
666,4017
667,1845
668,6417
669,4194
670,1711
670,4887
671,3780
672,375
673,4128
674,5980
675,1551
676,2680
677,1367
678,1878
679,1371
679,3457
680,6417
681,6417
682,771
683,6417
684,6417
685,4366
686,2032
687,3209
688,7033
689,6417
690,6597
691,5249
692,6417
693,6417
694,6417
695,6417
696,4862
697,5774
698,3961
699,6578
700,6924
701,55
702,5407
703,6417
704,6473
705,6417
706,3876
707,1198
708,4862
708,6498
709,3936
710,7000
711,2544
712,2226
712,2675
712,3205
712,3884
712,6129
713,6235
714,6757
715,3555
716,3315
717,4820
718,535
719,6445
720,4340
720,5813
721,5846
722,7180
723,2979
724,3395
725,6935
726,2506
727,4425
728,1934
729,4894
730,7088
731,5036
732,6193
733,3121
734,2321
735,636
736,4251
737,5587
738,6193
739,6417
740,5712
741,1572
741,3495
741,3747
741,4274
741,5491
742,2905
743,4977
744,5253
745,4454
746,3048
747,6815
748,6417
749,2367
750,2777
751,4004
752,6708
753,6417
754,3644
755,6417
756,63
756,5263
757,4013
758,5414
759,1110
759,3081
759,6125
759,7094
760,6417
761,3665
762,111
763,5943
764,3516
765,3063
766,6417
767,6417
768,6417
769,6417
770,6417
771,5482
772,1298
773,1045
774,6417
775,52
776,2917
777,6417
778,6417
779,1070
780,7154
781,3263
782,2639
783,2904
784,1281
784,2489
785,3548
786,230
786,3270
787,1872
788,4778
789,6417
790,6417
791,2614
792,2103
793,6417
794,5929
795,2889
796,4265
797,2885
798,783
799,6754
800,127
801,750
801,4044
802,7115
803,2337
804,3574
805,3787
806,6417
807,6417
808,6417
809,3986
810,1797
811,5450
812,3722
813,1341
814,5679
815,4471
816,6417
817,6417
818,6417
819,6926
820,5048
821,4665
822,3150
823,1669
824,6608
825,2939
826,3186
827,2799
828,6417
829,6417
830,6306
831,6470
832,4259
832,4452
832,5691
832,7061
833,5685
834,1200
834,5685
835,5014
836,845
837,1028
837,2224
837,6902
838,1200
838,1788
838,5685
839,2224
839,6865
839,6902
839,7061
840,1244
841,1028
841,1200
841,2224
841,4259
841,6902
841,7061
842,2424
842,6902
842,7061
843,1113
843,6902
843,7061
844,3460
845,1200
845,1412
846,2224
846,6902
847,5685
848,1200
848,1788
849,1200
849,1788
849,4259
849,5685
850,3460
851,1113
851,6865
851,6902
852,1200
852,6865
853,6351
854,1200
855,1200
855,5685
856,7034
857,186
858,6755
859,1652
860,1200
860,5355
860,5685
861,3672
862,5113
863,6417
864,3506
865,4464
866,1544
866,1821
866,2463
866,2608
866,4523
866,4628
866,5389
867,4607
868,6625
869,6993
870,5132
871,724
872,6271
873,1323
874,1153
875,4334
876,6417
877,3300
878,6288
879,806
880,5981
881,114
882,7042
883,1055
884,6417
885,361
886,6512
887,3960
888,72
888,1871
888,2342
888,5506
889,5704
890,6218
891,1979
892,995
893,6278
894,6417
895,6417
896,921
897,6417
898,6417
899,659
900,2649
901,4054
902,4388
903,2494
904,3296
905,5539
906,6873
907,6383
908,581
909,3057
910,5278
911,4977
912,4191
913,4981
914,6417
915,5530
916,2463
917,2083
918,4100
919,4330
920,6418
921,1400
922,5558
923,3999
924,3787
925,2166
926,6873
927,1400
928,6139
929,5798
930,205
930,3211
930,5448
931,852
932,4699
933,6860
933,7134
934,4873
935,4623
936,783
937,7190
938,6417
939,6093
940,5497
941,4239
942,4101
943,2136
944,88
945,2539
945,6015
946,6417
947,4130
948,1771
949,727
950,3298
951,6225
952,1278
953,5618
954,6930
955,958
956,826
957,6417
958,1754
959,6417
960,7253
961,217
962,7023
963,2417
964,6130
965,3941
966,6843
967,5301
968,6516
969,5904
970,3124
970,5320
971,6490
972,4499
972,7028
973,977
974,2710
974,3381
975,6490
976,6156
977,2769
978,977
979,6445
980,2976
981,977
982,977
983,710
984,4135
985,6490
986,3847
987,1990
988,2266
989,5996
990,3377
991,6417
992,6417
993,6417
994,6417
995,6417
996,6417
997,6417
998,3777
999,6417
1000,6417
1001,6417
1002,6417
1003,1319
1004,6417
1005,6417
1006,6935
1007,5218
1008,1200
1009,2425
1010,2425
1011,923
1011,5764
1011,6013
1011,6022
1011,6826
1012,6417
1013,2447
1014,5727
1015,5665
1016,2692
1017,377
1018,377
1019,3533
1020,1200
1021,5014
1022,6417
1023,6435
1024,5973
1025,2265
1026,4557
1027,6123
1028,6021
1029,1200
1030,505
1031,1200
1032,38
1033,539
1034,6417
1035,539
1036,1200
1037,2790
1038,576
1039,1200
1040,1698
1040,1859
1041,1152
1042,7157
1043,6417
1044,2813
1045,2813
1046,5130
1047,6506
1048,1698
1049,6417
1050,677
1051,1403
1052,3903
1053,3444
1054,2760
1055,6152
1056,6152
1057,6417
1058,1336
1059,6832
1060,1514
1061,6417
1062,6417
1063,367
1064,7167
1065,2494
1066,3941
1067,7251
1068,6179
1069,4082
1070,880
1070,6187
1071,3975
1072,4622
1073,1260
1074,6673
1075,1458
1076,467
1076,2126
1077,3639
1078,3453
1079,6717
1080,2487
1080,4207
1081,6574
1082,6417
1083,6417
1084,1067
1084,3560
1085,6494
1086,3735
1087,2779
1088,2089
1089,3040
1090,7086
1091,5980
1092,6417
1093,3993
1094,2494
1095,2494
1096,6417
1097,2113
1098,3003
1099,7025
1100,3361
1101,5628
1102,4032
1103,2637
1104,4777
1105,6417
1106,6417
1107,3379
1108,3379
1109,7158
1110,570
1111,157
1112,6417
1113,2050
1114,932
1115,2039
1116,1717
1117,2740
1118,3682
1119,306
1120,6709
1121,3629
1121,7068
1122,246
1123,785
1124,6417
1125,3243
1126,6417
1127,6417
1128,4641
1129,6251
1130,1133
1131,2494
1132,824
1133,5606
1134,6461
1135,6417
1136,6417
1137,1732
1138,3108
1138,4177
1139,4778
1140,3950
1141,7246
1142,6417
1143,3714
1144,7100
1145,6417
1146,611
1147,5195
1148,6417
1149,3379
1150,6417
1151,6742
1152,5550
1153,6981
1154,6758
1155,5503
1156,3974
1157,4688
1158,3578
1159,1327
1160,6593
1161,6838
1162,6364
1163,2085
1164,1334
1165,6481
1166,1458
1167,6417
1168,1078
1168,6399
1169,1072
1169,3135
1170,3207
1171,6417
1172,145
1173,6384
1174,1034
1175,5172
1176,6417
1177,6417
1178,6417
1179,6417
1180,6417
1181,6417
1182,6417
1183,6417
1184,5583
1185,2952
1186,6611
1187,2002
1188,1164
1189,3122
1190,3830
1191,1404
1192,2380
1193,3115
1194,5648
1195,3738
1196,6173
1197,4380
1198,6950
1199,420
1200,1875
1201,3937
1202,6417
1203,6417
1204,4173
1205,6417
1206,2758
1207,6923
1208,3924
1209,6417
1210,3777
1211,5369
1212,3516
1213,4888
1214,5889
1215,4112
1216,3516
1217,3516
1218,32
1219,6417
1220,4112
1221,2140
1222,5230
1223,1370
1224,3516
1225,4182
1226,1370
1227,1072
1228,5248
1229,711
1230,2338
1231,93
1232,6074
1233,3131
1234,4385
1235,5318
1236,6417
1237,6989
1238,4007
1239,5237
1240,6417
1241,86
1242,7190
1243,2683
1244,734
1245,6417
1246,2560
1246,7185
1247,6417
1248,6417
1249,4978
1250,3777
1251,5499
1252,3863
1253,6417
1254,6417
1255,3572
1256,87
1257,3940
1258,2494
1259,2330
1260,571
1260,4962
1261,1193
1262,5787
1263,6417
1264,7107
1265,5965
1266,5965
1267,3640
1268,4370
1269,3229
1270,2994
1271,1684
1272,2610
1273,3770
1274,5401
1275,5300
1276,4571
1277,5300
1278,5965
1279,6947
1280,980
1281,6417
1282,6417
1283,6417
1284,6417
1285,4441
1286,6392
1287,6417
1288,6417
1289,746
1289,4075
1290,2129
1291,6417
1292,6417
1293,6417
1294,6417
1295,5248
1296,3926
1297,3025
1298,4720
1299,3480
1300,6417
1301,4336
1302,2666
1303,4091
1304,2462
1305,1805
1305,6143
1306,1231
1307,4659
1308,3338
1309,6417
1310,6417
1311,6057
1312,5614
1313,495
1313,1308
1313,5064
1314,6417
1315,2032
1316,5105
1317,6417
1318,5523
1319,6257
1320,3436
1321,4297
1322,4804
1323,6012
1324,6417
1325,266
1326,1499
1327,5553
1328,2705
1329,6417
1330,1102
1331,6417
1332,289
1333,6417
1334,139
1335,6417
1336,6417
1337,35
1337,4972
1337,5962
1338,5882
1339,4353
1340,2747
1341,6417
1342,6417
1343,7148
1344,7151
1345,39
1346,6417
1347,6216
1348,7198
1349,3278
1350,218
1351,2016
1352,6417
1353,6417
1354,1239
1355,6921
1356,6445
1357,1373
1358,1910
1358,2852
1359,4382
1360,6909
1361,1818
1361,2130
1361,3329
1362,3546
1363,6417
1364,989
1364,6502
1365,1739
1366,6417
1367,6417
1368,6417
1369,6417
1370,3777
1371,5678
1372,4266
1373,6426
1374,2483
1375,1531
1376,2879
1377,2386
1378,6417
1379,254
1380,6417
1381,6417
1382,1430
1383,3504
1384,7187
1385,1020
1386,6853
1387,3075
1388,2848
1389,250
1390,2302
1391,6417
1392,6445
1393,3588
1393,3996
1394,7047
1395,5817
1396,6713
1397,3094
1398,5765
1399,5478
1400,3775
1401,625
1402,6417
1403,1018
1404,1018
1405,6592
1406,1018
1407,1018
1408,1018
1409,7102
1410,4995
1411,6417
1412,31
1413,6417
1414,6417
1415,4063
1416,6417
1417,5987
1418,6712
1419,6417
1420,2665
1421,666
1422,2256
1423,4030
1424,6124
1425,6417
1426,4325
1427,2867
1428,6359
1429,2137
1430,731
1431,1963
1431,3292
1432,744
1433,4895
1434,4188
1435,1459
1436,6417
1437,6285
1437,6794
1438,3792
1439,633
1440,6417
1441,6417
1442,6417
1443,6417
1444,2127
1445,6438
1446,5742
1447,5289
1448,4439
1449,6417
1450,394
1451,1887
1452,6417
1453,6979
1454,366
1455,2434
1456,5220
1457,6417
1458,2112
1459,4034
1460,3486
1461,5555
1462,6417
1463,6417
1464,5183
1465,5183
1466,2733
1467,3189
1468,5183
1469,2869
1470,3189
1471,7033
1472,3816
1473,22
1474,4669
1474,7242
1475,89
1476,4355
1477,6544
1478,1851
1479,533
1480,370
1481,6417
1482,6265
1483,3976
1484,1065
1485,4617
1486,3198
1487,2713
1488,1834
1489,1768
1490,3198
1491,6480
1492,3183
1493,1834
1494,5724
1495,5954
1496,3703
1497,5
1498,2883
1498,4047
1499,6543
1500,4238
1500,6253
1501,6417
1502,2981
1502,3407
1503,4917
1504,4947
1505,4372
1506,6417
1507,5003
1508,3697
1509,4491
1510,6260
1511,4432
1512,4055
1513,6417
1514,3206
1515,6417
1516,4016
1517,870
1518,6417
1519,2484
1520,619
1521,2867
1522,3093
1523,511
1524,4628
1525,4628
1526,2429
1527,3591
1528,223
1529,6417
1530,6417
1531,6417
1532,3286
1533,1594
1534,3434
1535,6417
1536,6417
1537,6417
1538,1181
1539,5709
1540,5528
1541,4116
1542,6417
1543,6417
1544,3915
1545,1838
1546,4327
1547,1022
1548,2945
1549,3662
1549,5923
1550,3539
1551,5555
1552,3212
1553,2247
1554,2659
1555,3321
1556,6417
1557,328
1558,4202
1559,4488
1560,2118
1561,2933
1562,4812
1563,6417
1564,6417
1565,2117
1566,98
1567,1702
1568,6417
1569,5660
1570,583
1571,4628
1572,6417
1573,6417
1574,4490
1575,147
1576,1962
1577,6417
1578,1604
1579,3908
1580,5231
1581,852
1582,5529
1583,1190
1584,6807
1585,2463
1586,4120
1586,4580
1587,4891
1588,428
1589,4701
1590,4889
1590,5958
1591,6417
1592,3777
1593,6417
1594,5603
1595,5172
1596,3071
1596,5944
1597,2718
1598,3344
1599,4244
1600,2395
1601,6417
1602,3997
1603,6048
1604,7033
1605,6417
1606,6979
1607,3753
1608,473
1609,4113
1610,3566
1611,5485
1612,4146
1613,1918
1613,6085
1614,1577
1615,5651
1616,4486
1617,2060
1618,1881
1619,5879
1620,1215
1621,910
1622,7261
1623,710
1624,176
1625,1500
1626,6417
1627,6417
1628,1270
1628,3988
1628,4706
1629,3584
1630,1136
1630,7091
1631,6417
1632,6417
1633,203
1634,7062
1635,324
1636,3368
1637,4098
1637,5947
1638,6417
1639,6417
1640,5324
1641,6417
1642,6461
1643,1066
1643,3067
1644,3162
1645,4594
1646,3422
1647,2423
1648,875
1648,4759
1649,6417
1650,5078
1651,1016
1652,4292
1653,2399
1654,6869
1655,5586
1656,570
1657,1476
1658,3052
1659,4550
1660,6417
1661,4012
1662,2928
1663,2173
1664,47
1665,6417
1666,6417
1667,3917
1668,2360
1669,3737
1670,6880
1671,4365
1671,6230
1672,7117
1673,6417
1674,2439
1675,4416
1676,530
1677,1501
1678,2132
1679,6417
1680,5864
1681,3068
1682,2983
1683,199
1684,6955
1685,2662
1686,5629
1687,582
1688,4415
1689,6417
1690,6417
1691,3688
1692,6417
1693,6417
1694,2049
1695,4336
1696,2097
1697,3406
1698,5984
1699,6417
1700,6417
1701,6417
1702,6417
1703,550
1704,2091
1704,4233
1705,2913
1706,6417
1707,6417
1708,2209
1709,3779
1710,6417
1711,6417
1712,6417
1713,889
1714,6417
1715,5516
1716,6417
1717,4656
1718,6260
1719,5528
1720,4271
1721,5528
1722,83
1723,6417
1724,6417
1725,3844
1726,6417
1727,6417
1728,5270
1729,6151
1730,581
1731,2031
1732,5464
1733,581
1734,4977
1735,997
1736,3619
1737,618
1737,7079
1738,3760
1739,6100
1740,482
1741,5140
1742,4859
1742,5347
1743,4144
1744,2681
1744,4657
1745,1035
1746,5003
1747,1755
1748,1602
1748,4464
1748,5285
1749,502
1750,5613
1751,6417
1752,1608
1752,3343
1753,3740
1754,5416
1755,2842
1756,5769
1757,182
1757,861
1758,192
1759,6417
1760,6417
1761,690
1762,1517
1763,6417
1764,1695
1765,449
1766,7078
1767,5012
1768,3567
1769,6120
1770,899
1771,6047
1772,2122
1773,4819
1774,2463
1775,2463
1776,2463
1777,4628
1778,1373
1779,7218
1780,2463
1781,6417
1782,585
1783,5292
1784,5338
1784,5971
1785,5292
1786,3241
1787,4628
1788,2463
1788,5539
1789,4805
1790,6417
1791,5192
1792,5393
1793,6616
1794,1544
1795,4628
1796,150
1797,5292
1798,1544
1799,2463
1800,3442
1801,6858
1802,3174
1803,5433
1804,1373
1805,6697
1806,5332
1807,831
1808,2301
1809,2229
1810,2168
1811,4182
1812,7025
1813,6417
1814,6979
1815,2167
1816,6440
1817,2170
1818,2985
1819,985
1820,6417
1821,6540
1822,6800
1823,4134
1824,6745
1824,7263
1825,6745
1826,2230
1827,1793
1828,4949
1828,5020
1829,6417
1830,6976
1831,6417
1832,304
1833,6026
1834,5967
1835,6417
1836,6417
1837,6417
1838,4206
1839,6417
1840,1285
1840,1512
1841,1209
1842,5153
1843,474
1844,1443
1845,2150
1845,4433
1846,3711
1847,7208
1848,2464
1849,6417
1850,1115
1851,6179
1852,7139
1853,3054
1854,4534
1855,389
1856,4525
1857,2405
1858,3862
1859,2506
1860,7033
1861,6584
1862,1001
1863,2844
1864,6956
1865,1046
1866,2403
1867,2727
1868,2507
1869,6417
1870,6417
1871,4136
1872,7172
1873,5799
1874,5578
1875,1585
1876,2607
1877,2240
1877,4438
1878,108
1878,5802
1879,1938
1879,6019
1880,187
1881,6417
1882,2477
1883,6417
1884,5129
1885,1598
1886,2642
1887,6417
1888,6417
1889,6417
1890,5420
1891,7204
1892,2938
1893,2114
1894,6417
1895,5440
1896,7194
1897,3274
1898,3905
1899,2108
1900,757
1900,6638
1901,6417
1902,177
1903,6417
1904,6417
1905,2881
1906,1840
1906,3641
1907,5808
1908,2718
1909,4257
1910,7033
1911,6813
1912,6417
1913,3516
1914,2602
1914,6912
1915,1287
1916,2867
1917,6417
1918,1119
1918,2246
1918,2786
1918,2833
1918,3473
1918,3931
1918,4275
1918,6096
1919,6417
1920,6417
1921,3516
1922,6417
1923,3954
1924,6417
1925,3777
1926,5130
1927,3646
1928,5622
1929,3213
1930,6417
1931,65
1932,6417
1933,403
1934,18
1935,6417
1936,1003
1937,5267
1938,5876
1939,395
1939,3942
1939,6199
1940,2548
1941,2179
1942,4315
1943,457
1944,7016
1945,6417
1946,4652
1947,329
1948,6417
1949,3356
1950,7111
1951,5136
1952,2445
1953,3477
1954,5886
1955,3409
1956,7234
1957,3648
1958,6991
1959,3521
1960,2197
1961,6417
1962,6861
1963,474
1964,1133
1965,6889
1966,6871
1967,6889
1968,3800
1969,4374
1970,6417
1971,6783
1972,4839
1973,1986
1973,6866
1974,456
1975,4750
1976,6417
1977,6417
1978,1557
1979,5375
1980,6417
1981,4481
1982,6417
1983,2902
1984,6389
1985,6972
1986,1759
1987,2506
1988,3180
1989,4375
1990,6417
1991,6079
1992,6417
1993,1372
1994,2752
1995,5850
1996,6417
1997,2551
1997,5680
1998,707
1999,1175
2000,3798
2000,3919
2001,5822
2002,4061
2003,2354
2004,4208
2005,6417
2006,6727
2007,4693
2008,6275
2009,5193
2010,4693
2011,3925
2012,952
2013,4693
2014,6417
2015,6225
2016,1073
2017,5774
2018,3695
2019,2185
2020,5886
2021,5152
2022,103
2023,6417
2024,6417
2025,2332
2026,6417
2027,1617
2028,407
2029,6005
2030,6551
2031,4507
2032,2034
2032,3923
2033,6748
2034,485
2035,6573
2036,4392
2037,2295
2038,4801
2038,5428
2039,6417
2040,2974
2041,6417
2042,2652
2043,6417
2044,6417
2045,6417
2046,3322
2047,5465
2048,3577
2049,6417
2050,1631
2050,6381
2051,3448
2052,2702
2053,555
2054,3116
2055,5295
2056,6417
2057,4398
2058,6001
2059,5045
2060,6830
2061,3205
2062,3590
2063,6212
2064,6417
2065,6417
2066,6417
2067,6417
2068,6417
2069,4400
2070,3650
2071,3945
2072,6672
2073,1591
2074,6417
2075,6417
2076,6417
2077,2920
2077,7098
2078,6929
2079,6417
2080,3369
2080,4864
2081,6598
2082,2556
2083,6417
2084,2036
2085,6675
2086,4758
2087,691
2088,5905
2089,1262
2090,6206
2091,6417
2092,5311
2093,5832
2094,6417
2095,2743
2096,5645
2097,4553
2098,1921
2099,1758
2100,5577
2101,1518
2102,6417
2103,4557
2104,3686
2105,2902
2106,3285
2107,4106
2108,919
2109,6417
2110,1864
2111,5119
2112,3098
2113,6417
2114,6417
2115,5521
2116,4213
2116,6953
2117,2651
2118,6276
2119,3664
2120,6392
2121,1604
2122,1966
2123,6746
2123,7120
2124,6417
2125,3979
2126,2860
2127,3218
2128,2506
2129,843
2129,3156
2130,2795
2131,1985
2132,3398
2133,6417
2134,6417
2135,5015
2136,6417
2137,4496
2138,4014
2139,6417
2140,6417
2141,1752
2142,2357
2143,1881
2144,4689
2145,525
2146,6060
2147,3542
2148,3939
2149,6417
2150,1936
2150,3871
2151,55
2152,7255
2153,887
2154,1936
2155,4559
2156,2463
2157,1532
2158,3018
2159,3516
2160,3985
2161,470
2161,1796
2162,6545
2163,6974
2164,6000
2165,6417
2166,6417
2167,2742
2167,5400
2168,2758
2169,4332
2170,4229
2171,4350
2172,5291
2173,2965
2174,6417
2175,2416
2176,3790
2177,5100
2177,6272
2178,5715
2179,4133
2180,987
2181,4314
2182,6417
2183,946
2184,4133
2185,4133
2186,2391
2187,6417
2188,6417
2189,6417
2190,6417
2191,6417
2192,6417
2193,6200
2194,4625
2195,6417
2196,5721
2197,5721
2198,2822
2199,6417
2200,874
2201,6417
2202,5693
2203,1310
2204,6417
2205,6417
2206,6417
2207,6417
2208,6417
2209,6417
2210,6417
2211,6417
2212,6417
2213,6417
2214,1886
2215,6417
2216,6417
2217,4079
2218,6417
2219,6417
2220,6417
2221,6417
2222,6417
2223,6417
2224,7078
2225,5249
2226,6417
2227,6417
2228,2004
2229,6417
2230,6417
2231,6417
2232,1433
2233,6417
2234,6417
2235,1866
2235,2767
2236,447
2236,5601
2236,6698
2237,796
2238,6417
2239,6417
2240,6417
2241,6417
2242,6417
2243,6417
2244,5241
2245,6417
2246,6417
2247,319
2248,6417
2249,6417
2250,1174
2251,2353
2251,3087
2252,6169
2253,6417
2254,6417
2255,240
2256,6417
2257,6417
2258,6417
2259,6417
2260,6417
2261,6417
2262,6417
2263,6417
2264,652
2264,1108
2264,3570
2264,5684
2265,6417
2266,1132
2266,4672
2267,1159
2268,6417
2269,1799
2270,6417
2271,6417
2272,1423
2273,6417
2274,3320
2275,6417
2276,6417
2277,6417
2278,6417
2279,6417
2280,863
2281,6417
2282,6417
2283,6417
2284,6417
2285,556
2286,6417
2287,6417
2288,6491
2289,5750
2290,4845
2291,6417
2292,6417
2293,6417
2294,6417
2295,6417
2296,6417
2297,1655
2298,4775
2299,581
2300,6417
2301,6417
2302,6417
2303,6417
2304,6417
2305,1804
2306,6417
2307,6417
2308,6417
2309,2347
2310,6417
2311,6417
2312,6417
2313,6417
2314,6417
2315,2420
2315,4360
2316,6417
2317,6417
2318,6417
2319,110
2320,6417
2321,6417
2322,6417
2323,6417
2324,6417
2325,6417
2326,6417
2327,6417
2328,6417
2329,6417
2330,6417
2331,6417
2332,6417
2333,6417
2334,6417
2335,6417
2336,6417
2337,6417
2338,6417
2339,6417
2340,6417
2341,6417
2342,6417
2343,6417
2344,6417
2345,6417
2346,6417
2347,6417
2348,372
2349,6417
2350,6417
2351,6417
2352,6417
2353,6417
2354,6417
2355,6417
2356,6417
2357,6417
2358,6417
2359,6417
2360,6417
2361,6417
2362,2269
2363,6417
2364,6417
2365,6417
2366,534
2367,6417
2368,6417
2369,3242
2370,6417
2371,6417
2372,6417
2373,6417
2374,6417
2375,4551
2376,6417
2377,6417
2378,6417
2379,6417
2380,6417
2381,6417
2382,3458
2383,6417
2384,6417
2385,6417
2386,6417
2387,6417
2388,6417
2389,6417
2390,6417
2391,4474
2391,5435
2392,6417
2393,6417
2394,293
2394,3297
2395,6417
2396,6417
2397,6417
2398,6417
2399,6417
2400,6417
2401,33
2402,6417
2403,3899
2404,6417
2405,6417
2406,6417
2407,3396
2407,6750
2408,6417
2409,6417
2410,6417
2411,6417
2412,6417
2413,6417
2414,6417
2415,6417
2416,6417
2417,6417
2418,6417
2419,6417
2420,6417
2421,6417
2422,6417
2423,6417
2424,6417
2425,6417
2426,4796
2427,6417
2428,6417
2429,6417
2430,6417
2431,6417
2432,6417
2433,6417
2434,6417
2435,6417
2436,6417
2437,6417
2438,6417
2439,4688
2440,6417
2441,3392
2442,6417
2443,6417
2444,6417
2445,6417
2446,6417
2447,6417
2448,6417
2449,6417
2450,6417
2451,6417
2452,6417
2453,6417
2454,6417
2455,6417
2456,6417
2457,6417
2458,6417
2459,6417
2460,6417
2461,6417
2462,6417
2463,6417
2464,6417
2465,6417
2466,6417
2467,6417
2468,6417
2469,6417
2470,6417
2471,6417
2472,645
2473,6417
2474,6417
2475,6417
2476,6417
2477,6417
2478,6417
2479,6417
2480,6417
2481,2667
2481,2800
2481,3807
2482,4984
2483,6417
2484,4984
2485,6417
2486,6417
2487,6417
2488,6417
2489,4843
2489,4865
2490,6417
2491,1922
2492,6417
2493,6417
2494,6417
2495,6417
2496,6417
2497,6417
2498,6417
2499,6417
2500,3349
2501,6417
2502,6417
2503,6417
2504,6417
2505,256
2506,6417
2507,6417
2508,6417
2509,6417
2510,6417
2511,1485
2511,2430
2512,779
2513,6417
2514,6417
2515,6637
2516,6417
2517,2810
2518,1664
2519,6439
2520,6417
2521,6417
2522,5960
2523,6417
2524,6342
2525,6417
2526,6417
2527,6417
2528,6997
2529,4421
2530,3451
2531,3437
2532,6417
2533,6417
2534,6417
2535,6417
2536,2409
2537,6417
2538,5525
2538,7037
2539,6417
2540,2601
2541,736
2542,736
2543,2363
2544,6417
2545,292
2546,4618
2547,6529
2548,561
2549,561
2550,4132
2551,5525
2551,7037
2552,6417
2553,6417
2554,2100
2555,6417
2556,732
2556,3719
2557,6417
2558,6417
2559,236
2560,1761
2561,6417
2562,1208
2563,292
2564,292
2565,292
2566,6969
2567,4618
2568,6417
2569,6417
2570,6417
2571,3393
2572,6417
2573,5790
2574,547
2575,1824
2575,2131
2576,6417
2577,6417
2578,6417
2579,6417
2580,6417
2581,6417
2582,6417
2583,6417
2584,6417
2585,6417
2586,6417
2587,6417
2588,6417
2589,6417
2590,6417
2591,6417
2592,6417
2593,6417
2594,6417
2595,6417
2596,6417
2597,6417
2598,6024
2599,6417
2600,6417
2601,6417
2602,6417
2603,6417
2604,1740
2605,6417
2606,6417
2607,6417
2608,6417
2609,6417
2610,6417
2611,6417
2612,6417
2613,6417
2614,6417
2615,6417
2616,6417
2617,6417
2618,6417
2619,6252
2620,6417
2621,1448
2622,6417
2623,4344
2624,6417
2625,6417
2626,6417
2627,6417
2628,6417
2629,6417
2630,709
2631,7049
2632,6417
2633,6417
2634,6417
2635,6417
2636,6417
2637,6417
2638,6417
2639,6417
2640,6417
2641,6417
2642,6417
2643,6417
2644,6417
2645,6886
2646,6417
2647,6417
2648,6417
2649,6417
2650,6417
2651,6417
2652,6417
2653,3120
2654,2478
2655,6417
2656,6417
2657,6417
2658,6417
2659,5624
2660,6417
2661,6428
2662,6417
2663,6417
2664,6417
2665,6417
2666,6417
2667,6417
2668,6417
2669,6417
2670,6417
2671,6417
2672,6417
2673,6417
2674,5079
2675,6417
2676,6417
2677,6417
2678,6417
2679,6417
2680,6417
2681,6417
2682,6417
2683,6417
2684,6417
2685,6417
2686,6417
2687,6417
2688,5955
2689,6417
2690,6417
2691,581
2691,1364
2692,6417
2693,2389
2694,6417
2695,6417
2696,6417
2697,6417
2698,583
2699,7218
2700,6417
2701,6417
2702,6417
2703,6417
2704,6417
2705,6417
2706,6417
2707,6417
2708,6424
2709,6417
2710,1316
2711,6417
2712,6417
2713,6417
2714,6417
2715,6417
2716,6417
2717,6417
2718,6417
2719,6417
2720,6417
2721,6417
2722,6417
2723,6417
2724,6417
2725,6417
2726,6417
2727,6417
2728,6417
2729,6417
2730,6417
2731,6417
2732,6417
2733,6417
2734,6417
2735,6417
2736,6417
2737,6417
2738,6417
2739,6417
2740,6417
2741,723
2742,6417
2743,2836
2744,3554
2745,6417
2746,920
2747,6417
2748,2345
2749,6417
2750,6417
2751,5006
2752,1687
2753,6417
2754,6417
2755,2574
2755,4361
2755,5273
2756,6417
2757,6417
2758,6417
2759,4660
2760,1469
2761,1717
2762,6417
2763,6417
2764,6417
2765,4478
2766,785
2767,6186
2768,6417
2769,6417
2770,2656
2771,6417
2772,6417
2773,6417
2774,6417
2775,6417
2776,1453
2776,2164
2777,6417
2778,6986
2779,6417
2780,6768
2781,6417
2782,6417
2783,6417
2784,3189
2785,6706
2786,3189
2787,6417
2788,6417
2789,6417
2790,4382
2791,315
2792,6417
2793,2725
2793,5297
2794,5297
2795,6417
2796,6417
2797,5459
2798,6417
2799,6417
2800,6417
2801,6417
2802,6417
2803,6417
2804,6417
2805,6417
2806,6417
2807,6417
2808,6417
2809,6417
2810,6417
2811,6417
2812,6417
2813,6417
2814,3203
2815,2645
2816,6417
2817,6417
2818,6417
2819,6417
2820,6417
2821,6417
2822,2361
2823,3189
2824,6417
2825,6417
2826,6417
2827,6417
2828,6417
2829,6417
2830,5077
2831,6417
2832,6417
2833,6417
2834,6417
2835,6471
2836,2402
2837,572
2837,4595
2838,5923
2839,6417
2840,6417
2841,4382
2842,6417
2843,6417
2844,5604
2845,6417
2846,6417
2847,6417
2848,6417
2849,6417
2850,6417
2851,6417
2852,6417
2853,6039
2854,6417
2855,6417
2856,6417
2857,6417
2858,6417
2859,6417
2860,6417
2861,1513
2862,6417
2863,6417
2864,6417
2865,6417
2866,6417
2867,6417
2868,6417
2869,6417
2870,6417
2871,749
2872,599
2873,6417
2874,6417
2875,6417
2876,6417
2877,6417
2878,6088
2879,6417
2880,2310
2881,2189
2881,3408
2882,6417
2883,6417
2884,6417
2885,6417
2886,3455
2887,7122
2888,6417
2889,6417
2890,6417
2891,6417
2892,6417
2893,6417
2894,6417
2895,6417
2896,6417
2897,6417
2898,67
2899,6417
2900,1930
2901,6417
2902,6417
2903,6417
2904,2275
2905,6417
2906,6417
2907,6417
2908,6417
2909,6417
2910,6417
2911,1740
2912,6417
2913,6417
2914,6417
2915,6417
2916,6417
2917,6417
2918,1091
2919,6417
2920,6417
2921,1828
2922,6417
2923,6417
2924,6417
2925,6417
2926,6417
2927,6417
2928,6417
2929,6417
2930,6417
2931,6417
2932,6417
2933,6417
2934,6417
2935,6417
2936,6417
2937,6417
2938,6417
2939,6417
2940,189
2941,6417
2942,6417
2943,6417
2944,6417
2945,6417
2946,6417
2947,501
2948,3991
2949,6417
2950,6417
2951,6417
2952,6417
2953,6417
2954,6417
2955,6417
2956,714
2957,1918
2957,6898
2958,6417
2959,6417
2960,6417
2961,6417
2962,6417
2963,6417
2964,6417
2965,6417
2966,6417
2967,6417
2968,6417
2969,1039
2970,6417
2971,6417
2972,6417
2973,3541
2974,6417
2975,6417
2976,4429
2977,6417
2978,6417
2979,6417
2980,6417
2981,6417
2982,6417
2983,6417
2984,6417
2985,6417
2986,6417
2987,6417
2988,6417
2989,6417
2990,6417
2991,6417
2992,6417
2993,6417
2994,6417
2995,6417
2996,6417
2997,314
2998,6417
2999,6417
3000,6417
3001,6417
3002,6417
3003,6417
3004,6417
3005,6417
3006,6417
3007,6417
3008,6417
3009,6417
3010,6417
3011,6417
3012,6417
3013,6417
3014,6417
3015,6417
3016,6417
3017,6417
3018,6417
3019,6417
3020,6417
3021,2992
3022,6417
3023,6417
3024,6417
3025,6417
3026,3649
3027,6417
3028,6417
3029,2881
3030,6417
3031,6417
3032,6417
3033,6417
3034,6417
3035,6417
3036,1469
3037,6417
3038,6417
3039,6417
3040,6417
3041,6417
3042,6417
3043,6417
3044,6417
3045,6417
3046,6417
3047,6417
3048,6417
3049,6417
3050,6417
3051,6417
3052,6417
3053,6417
3054,6417
3055,6417
3056,6417
3057,6417
3058,6417
3059,6417
3060,6417
3061,166
3061,3006
3061,3246
3062,6417
3063,6417
3064,6417
3065,6417
3066,6417
3067,6417
3068,6417
3069,6417
3070,6417
3071,6417
3072,6417
3073,6417
3074,6417
3075,6417
3076,6417
3077,6417
3078,6417
3079,6417
3080,6417
3081,6417
3082,6417
3083,6417
3084,6417
3085,6417
3086,6417
3087,6417
3088,6417
3089,6417
3090,6417
3091,6417
3092,6417
3093,6417
3094,6417
3095,6417
3096,4517
3097,6417
3098,6417
3099,1861
3099,4133
3100,1861
3100,4133
3101,3757
3102,7089
3103,3375
3104,4684
3105,1003
3106,835
3106,3849
3107,6417
3108,6018
3109,6417
3110,801
3111,4505
3112,3524
3113,5754
3114,6417
3115,6417
3116,6417
3117,6417
3118,412
3118,6867
3119,1373
3120,2036
3121,3825
3122,6993
3123,2063
3124,2821
3125,900
3126,944
3127,821
3128,6417
3129,2451
3130,5031
3131,1079
3132,5329
3133,40
3133,1454
3134,577
3135,1965
3135,6363
3136,6830
3137,2143
3137,3362
3138,3979
3139,6417
3140,316
3141,842
3142,1083
3143,5496
3144,2409
3145,7105
3146,6979
3147,6979
3148,6979
3149,2925
3150,7105
3151,5668
3152,3895
3153,2365
3153,6903
3154,4688
3155,2610
3156,6417
3157,6417
3158,6417
3159,6417
3160,6808
3161,1396
3162,2247
3163,7217
3164,5365
3165,1872
3166,6521
3167,1682
3168,2855
3169,3787
3170,2515
3171,5976
3172,5558
3173,6417
3174,6417
3175,6379
3176,1793
3176,2247
3176,2959
3176,3225
3176,4840
3176,5328
3177,5035
3178,673
3179,7021
3180,1483
3181,1483
3182,6658
3183,6417
3184,6417
3185,6417
3186,6417
3187,1223
3188,5839
3189,6537
3190,950
3191,3725
3192,3154
3192,3819
3193,4000
3194,1479
3195,6417
3196,5281
3197,813
3198,2827
3199,2157
3200,3399
3201,2506
3202,5561
3203,3906
3204,92
3204,4420
3205,1819
3206,6417
3207,6417
3208,3190
3209,6417
3210,4391
3211,6087
3212,36
3213,1867
3214,6564
3215,5008
3216,1012
3217,1661
3217,3164
3218,3016
3219,4770
3220,2556
3221,595
3222,647
3223,812
3224,1989
3225,6417
3226,6417
3227,6417
3228,6417
3229,6417
3230,6417
3231,6417
3232,6417
3233,6417
3234,6417
3235,6417
3236,2897
3237,60
3238,3867
3239,1057
3240,5305
3241,6172
3242,6417
3243,2179
3244,135
3245,6417
3246,4167
3246,4235
3247,6243
3248,6619
3249,6325
3250,1161
3251,1982
3252,813
3253,6110
3254,6417
3255,3777
3256,6417
3257,48
3258,1021
3259,5172
3260,5815
3261,6417
3262,6417
3263,3400
3264,2845
3264,4250
3265,6417
3266,4862
3267,6417
3268,914
3269,397
3269,6771
3270,6417
3271,6376
3272,4074
3273,6417
3274,6417
3275,5605
3276,6402
3277,6417
3278,5465
3279,6778
3280,1483
3281,1483
3282,6417
3283,5615
3284,6417
3285,546
3285,1747
3286,496
3287,2005
3288,1560
3289,6417
3290,6417
3291,2237
3292,6417
3293,1959
3294,1089
3295,1730
3296,780
3297,3815
3298,4619
3299,2205
3300,4512
3301,2748
3301,2792
3302,71
3303,6417
3304,5825
3305,6417
3306,6667
3307,6417
3308,5778
3309,6417
3310,2014
3311,2525
3312,6417
3313,6417
3314,6417
3315,5267
3316,3840
3317,172
3318,2886
3318,6336
3319,2746
3320,6548
3321,4816
3322,4816
3323,6417
3324,5158
3325,976
3326,1946
3327,6417
3328,2143
3328,3362
3329,2143
3329,3362
3330,2093
3331,2941
3332,6417
3333,3549
3334,2209
3335,6417
3336,2077
3337,4386
3338,6417
3339,5969
3340,6417
3341,6417
3342,2202
3343,2202
3344,4099
3345,817
3346,6030
3347,5087
3348,1263
3349,1203
3350,5714
3351,626
3352,3200
3353,6679
3354,1262
3355,3
3355,4068
3356,612
3356,5288
3357,1342
3358,1588
3358,3920
3359,4862
3360,4862
3361,4862
3362,4862
3363,4862
3364,6422
3365,4862
3366,4862
3367,3015
3368,4367
3369,3303
3370,334
3371,3734
3371,6816
3372,6417
3373,4782
3374,6417
3375,6049
3376,6049
3377,6049
3378,6417
3379,3938
3380,109
3381,6041
3382,3938
3383,6270
3384,6417
3385,4944
3386,607
3387,6417
3388,6417
3389,6050
3390,4201
3391,6417
3392,3111
3393,2873
3394,6417
3395,6417
3396,880
3396,6187
3397,4575
3398,6417
3399,6417
3400,2231
3401,1212
3402,1833
3403,3008
3404,6582
3405,6486
3406,5618
3407,6417
3408,2917
3409,6417
3410,1863
3411,7002
3412,5854
3413,145
3414,4290
3415,4619
3416,317
3417,2265
3418,6417
3419,6417
3420,6417
3421,2208
3422,6417
3423,2756
3424,6417
3425,2775
3426,5232
3427,4965
3428,5800
3429,4544
3430,6417
3431,2527
3432,2689
3433,7053
3434,6417
3435,2911
3436,6417
3437,5861
3438,4235
3439,5805
3440,6417
3441,3984
3442,3984
3443,3984
3444,3984
3445,3984
3446,3984
3447,3984
3448,3984
3449,3984
3450,851
3451,3984
3452,614
3453,2555
3454,6417
3455,4164
3456,1024
3457,6417
3458,5923
3459,3244
3460,3244
3461,5301
3462,30
3462,2062
3462,2505
3463,4922
3464,6417
3465,3467
3466,6417
3467,1504
3468,1488
3469,6541
3470,2921
3471,2672
3472,5534
3473,6417
3474,6417
3475,6417
3476,4727
3477,7189
3478,6417
3479,6417
3480,2200
3481,3450
3482,2507
3483,6417
3484,6417
3485,473
3486,6333
3487,6417
3488,6417
3489,180
3489,2315
3490,4954
3491,3424
3491,3651
3492,5092
3493,6417
3494,7060
3495,2937
3496,7189
3497,6689
3498,1681
3499,1227
3500,5641
3501,2355
3502,2823
3503,7006
3504,6417
3505,6417
3506,5818
3507,6417
3508,3723
3509,6417
3510,6417
3511,5816
3512,2964
3513,7050
3514,5000
3515,1299
3515,3866
3516,5630
3516,6112
3517,7099
3518,5983
3519,3843
3520,4964
3521,3783
3522,6523
3523,6417
3524,6417
3525,6417
3526,6417
3527,3941
3528,4089
3529,959
3530,6417
3531,2837
3532,843
3533,1272
3534,4942
3535,1329
3536,815
3536,4515
3537,4434
3538,5749
3539,6417
3540,6417
3541,2249
3542,3290
3543,1857
3544,3179
3545,126
3546,6417
3547,6417
3548,6036
3549,4067
3550,2235
3550,2274
3551,5185
3552,4860
3553,2177
3554,6457
3555,5538
3556,6735
3557,7189
3558,4205
3559,2906
3560,2422
3560,5834
3561,6417
3562,2956
3563,7058
3564,4448
3565,6417
3566,6417
3567,6417
3568,6417
3569,6417
3570,6245
3571,438
3571,3799
3572,5697
3573,6417
3574,6119
3575,6417
3576,553
3577,2382
3578,7051
3579,5226
3580,1421
3581,6801
3582,665
3583,2185
3584,4692
3585,1115
3586,1319
3587,1657
3587,3026
3588,6417
3589,6417
3590,1526
3590,5386
3591,5177
3592,4245
3593,629
3594,5906
3595,3146
3596,1264
3596,4458
3597,316
3598,2871
3599,6417
3600,700
3600,3325
3601,1025
3602,1232
3603,7210
3604,3531
3605,2187
3606,2222
3607,1273
3608,3612
3609,1181
3610,2369
3611,4883
3612,3531
3613,4883
3614,5240
3615,3728
3616,6417
3617,6417
3618,10
3619,7144
3620,6417
3621,1800
3622,6808
3623,3797
3624,3261
3625,5312
3626,4112
3627,6417
3628,1389
3628,4154
3629,1565
3630,1335
3631,4457
3632,2842
3633,444
3634,6311
3635,6034
3636,4205
3637,3150
3638,3448
3639,1684
3640,2697
3641,4368
3642,4677
3643,4067
3644,2739
3645,1141
3646,6352
3647,4904
3647,5344
3647,6164
3648,5171
3649,6417
3650,1003
3651,4832
3652,1645
3653,4371
3654,467
3654,2126
3655,3136
3656,864
3656,2977
3657,6417
3658,6417
3659,6417
3660,1862
3660,2797
3661,6417
3662,2857
3663,1436
3664,167
3665,1539
3666,5989
3667,2924
3668,924
3669,6417
3670,3726
3671,6417
3672,3800
3673,5760
3674,1842
3674,3720
3675,3345
3676,5776
3677,1167
3678,4165
3678,5173
3679,6417
3680,2782
3681,7096
3682,3435
3683,6417
3684,3117
3685,3517
3686,6417
3687,4113
3688,4237
3689,2030
3690,6417
3691,6417
3692,6417
3693,6417
3694,6417
3695,6417
3696,6417
3697,3301
3698,6566
3699,4191
3700,5154
3701,6417
3702,4209
3703,5620
3704,3928
3704,6804
3705,7180
3706,6417
3707,7180
3708,7180
3709,6947
3710,5602
3711,6417
3712,6417
3713,6417
3714,2177
3715,7063
3716,6735
3717,6314
3718,1061
3718,5747
3719,6729
3719,7112
3720,2671
3721,6417
3722,6417
3723,6417
3724,4678
3725,6417
3726,7186
3727,4611
3728,6197
3729,563
3730,2447
3731,5951
3732,2196
3732,2370
3733,5843
3734,2331
3735,6925
3736,6417
3737,6417
3738,6417
3739,6417
3740,6417
3741,3535
3742,1382
3743,6351
3744,3546
3745,5029
3746,4984
3747,4984
3748,4984
3749,3909
3750,620
3751,5517
3752,6417
3753,7206
3754,6417
3755,3461
3756,630
3757,4464
3758,558
3759,6417
3760,6417
3761,6692
3762,3638
3763,149
3763,2120
3763,6097
3764,1837
3765,171
3766,224
3767,6194
3768,635
3769,7140
3770,6696
3771,1370
3772,6970
3773,4033
3774,2399
3775,6417
3776,7147
3777,6417
3778,2237
3779,2782
3780,4693
3781,785
3781,5271
3781,6901
3782,4800
3783,2336
3783,4307
3784,4800
3785,1659
3786,4930
3787,4800
3788,4800
3789,5135
3790,5968
3791,2712
3792,2111
3793,1331
3794,931
3795,6417
3796,1151
3797,3070
3798,5102
3799,7106
3800,1309
3801,4821
3802,2428
3803,1777
3804,6797
3805,2569
3806,2393
3807,7095
3808,2831
3809,6224
3810,5298
3811,6305
3812,444
3813,2842
3814,1390
3815,4716
3816,836
3816,2744
3816,7072
3817,3645
3818,6461
3819,6417
3820,2872
3821,6417
3822,6417
3823,2364
3824,593
3824,5956
3825,6417
3826,6417
3827,6001
3828,5357
3829,6417
3830,6417
3831,5352
3832,2437
3833,6326
3834,475
3835,2262
3836,3217
3837,6417
3838,6417
3839,1932
3840,6417
3841,2753
3842,7041
3843,728
3844,6417
3845,6417
3846,6417
3847,6417
3848,4857
3849,4252
3850,6417
3851,3132
3852,5394
3853,90
3854,982
3855,5759
3856,594
3857,2511
3858,6417
3859,6448
3860,5474
3861,1639
3862,5643
3863,2580
3864,2646
3864,5327
3865,6417
3866,3597
3867,1780
3868,6417
3869,5295
3870,2038
3871,6417
3872,4149
3873,4845
3874,3109
3875,347
3875,5510
3876,969
3876,4798
3877,6357
3878,2023
3879,5806
3880,6417
3881,6418
3882,3123
3883,7205
3884,1235
3885,3434
3886,183
3887,2531
3888,4561
3889,1056
3889,2455
3890,5901
3891,6417
3892,6417
3893,6767
3894,362
3895,5788
3896,3290
3897,5412
3898,6417
3899,5470
3900,6417
3901,2034
3902,6417
3903,2966
3903,5376
3904,68
3905,4333
3906,1961
3906,4726
3907,4637
3908,2789
3908,5402
3909,6417
3910,3592
3911,1893
3912,3676
3913,4857
3914,6360
3915,1095
3916,3850
3917,5811
3918,7145
3919,2840
3920,1165
3921,49
3922,7015
3923,5640
3924,6417
3925,6417
3926,6417
3927,7015
3928,4987
3929,6417
3930,1484
3930,2312
3931,5330
3931,5673
3932,5878
3933,2887
3934,3683
3935,6417
3936,7192
3937,803
3938,1236
3939,6851
3940,444
3941,2842
3942,2383
3943,1258
3944,6034
3945,5205
3946,444
3947,444
3948,6417
3949,2706
3949,4487
3950,7196
3951,2394
3952,6417
3953,6417
3954,6001
3955,3064
3956,3285
3957,5533
3958,5120
3959,4664
3960,6417
3961,6417
3962,5711
3963,2427
3964,4716
3965,3194
3966,6417
3967,1103
3968,6417
3969,6417
3970,6417
3971,4961
3972,5631
3973,3968
3974,1785
3975,6417
3976,6417
3977,7205
3978,2927
3979,256
3979,1835
3980,6645
3981,4192
3982,5460
3983,3224
3984,6417
3985,6417
3986,2024
3987,1824
3987,2131
3988,6591
3989,6971
3990,4284
3991,7249
3992,3333
3993,5914
3994,6417
3995,6417
3996,7021
3997,4596
3998,6417
3999,3727
4000,6417
4001,6417
4002,847
4002,4724
4003,468
4004,2874
4005,4180
4005,6174
4006,2337
4007,6092
4008,3044
4009,1586
4010,1600
4011,1583
4012,6940
4013,6493
4014,6417
4015,1911
4016,1469
4017,3900
4018,4285
4019,6417
4020,6417
4021,2016
4022,6417
4023,5074
4024,6526
4025,4805
4026,6417
4027,2286
4028,6417
4029,6635
4030,4933
4031,4882
4032,5224
4033,313
4034,2294
4035,3248
4036,595
4037,6417
4038,7131
4039,2245
4039,7170
4040,5560
4041,3896
4042,4783
4043,6147
4044,6417
4045,6417
4046,2250
4047,6157
4048,6417
4049,5560
4050,6417
4051,4851
4052,6417
4053,7123
4054,6417
4055,5454
4056,6417
4057,6417
4058,6417
4059,6417
4060,3857
4061,4313
4062,6308
4063,2033
4064,6417
4065,6417
4066,6417
4067,6417
4068,6417
4069,6417
4070,6417
4071,6417
4072,6417
4073,6417
4074,6417
4075,6417
4076,6417
4077,6417
4078,6417
4079,6417
4080,6417
4081,6417
4082,3122
4083,2280
4084,6417
4085,2327
4086,1370
4087,1164
4088,4905
4089,6417
4090,2105
4091,2914
4091,3884
4092,2917
4093,6417
4094,6417
4095,6417
4096,6417
4097,2283
4098,2500
4099,6954
4100,6099
4101,5156
4102,6417
4103,118
4104,1677
4105,385
4106,6417
4107,6417
4108,261
4109,6051
4110,4586
4111,3427
4112,2872
4113,6417
4114,5700
4115,6417
4116,6417
4117,6417
4118,6417
4119,5437
4120,1295
4120,4874
4121,3171
4122,1772
4123,877
4124,6417
4125,6417
4126,4276
4127,6417
4128,6417
4129,6129
4130,6417
4131,6417
4132,5196
4133,5961
4134,1505
4135,6417
4136,6417
4137,1505
4138,671
4138,7064
4139,6417
4140,3729
4141,947
4142,6417
4143,3420
4144,3852
4145,5670
4146,6417
4147,147
4148,6071
4149,6417
4150,1026
4151,313
4152,7216
4153,961
4154,7216
4155,7216
4156,6300
4157,7033
4158,961
4159,6837
4160,6481
4160,6837
4161,7216
4162,3333
4162,7216
4163,4882
4164,2339
4165,7216
4166,7216
4167,7216
4168,313
4169,7216
4170,7216
4171,2339
4172,4246
4172,7216
4173,5570
4174,152
4175,6417
4176,6417
4177,2946
4178,6417
4179,4150
4180,2554
4180,6008
4181,3122
4182,6422
4183,6317
4184,2384
4185,2732
4186,2069
4187,4243
4188,1869
4189,1994
4190,1774
4191,5340
4192,1964
4193,6417
4194,3252
4195,1733
4196,6417
4197,6579
4198,3680
4199,6417
4200,750
4200,2862
4201,2732
4202,565
4203,4819
4204,5826
4205,3122
4206,6783
4207,2729
4208,4849
4209,5810
4210,5796
4211,1640
4212,1508
4213,1508
4214,4500
4215,3172
4216,3151
4217,6417
4218,323
4218,461
4219,2111
4220,1155
4221,878
4221,6405
4222,3914
4223,6645
4224,6001
4225,990
4226,6398
4227,284
4227,6263
4228,4649
4229,3474
4230,336
4231,5812
4232,195
4233,1926
4234,3806
4235,6405
4236,1919
4237,4989
4238,1096
4239,6417
4240,2368
4241,4277
4242,4965
4243,1171
4243,1902
4244,4877
4245,1469
4246,4276
4247,2272
4248,1469
4249,4297
4250,3773
4251,6537
4252,4276
4253,307
4253,2359
4253,2444
4254,1191
4255,6417
4256,6417
4257,450
4258,2242
4259,6417
4260,3037
4261,5955
4262,6417
4263,6417
4264,5021
4265,4138
4266,3815
4267,2092
4268,6943
4269,2092
4270,6417
4271,6417
4272,6417
4273,6417
4274,5653
4275,1891
4276,4214
4277,3503
4278,2983
4279,5408
4280,3265
4281,7197
4282,991
4283,6979
4284,339
4285,6979
4286,2469
4287,6979
4288,2950
4289,564
4290,6988
4291,5625
4292,6417
4293,6417
4294,2043
4295,6748
4296,6417
4297,5391
4298,6417
4299,5662
4300,6318
4301,6417
4302,5028
4303,6417
4304,3189
4305,1477
4305,3620
4306,4671
4306,5356
4307,4181
4308,1084
4309,476
4310,4965
4311,1172
4312,2263
4313,6417
4314,5524
4315,5462
4316,915
4317,4762
4318,6417
4319,161
4320,5936
4321,2160
4322,4632
4323,4532
4324,2948
4325,6417
4326,3864
4327,2620
4328,2837
4329,2885
4330,1552
4331,6868
4332,6058
4333,2885
4334,2885
4335,3487
4336,623
4337,6417
4338,429
4339,6417
4340,2047
4341,311
4342,6417
4343,3893
4344,868
4345,644
4346,5413
4347,3907
4348,2890
4349,5396
4350,1201
4351,6417
4352,1572
4352,3495
4352,3747
4352,5491
4353,6417
4354,6417
4355,6417
4356,6417
4357,5398
4358,4405
4359,6417
4360,3155
4361,4230
4362,4965
4363,6069
4364,6417
4365,6417
4366,1671
4367,3264
4368,3231
4369,2959
4370,4513
4371,5587
4372,228
4373,2392
4374,2868
4375,2545
4376,3841
4377,4811
4378,1321
4379,6417
4380,6417
4381,4714
4382,3163
4383,3314
4384,6793
4385,739
4386,4417
4387,4810
4388,2385
4389,6417
4390,6417
4391,6417
4392,6417
4393,1031
4394,3072
4395,6417
4396,3072
4397,4003
4398,6417
4399,4799
4400,1181
4401,6417
4402,1487
4403,4076
4404,3493
4405,4847
4406,1955
4407,6417
4408,285
4409,6078
4410,6417
4411,6417
4412,478
4413,6319
4414,4086
4415,4508
4416,7042
4417,452
4418,6718
4419,6165
4420,1063
4421,1394
4422,6417
4423,6417
4424,4087
4425,336
4425,4907
4426,4212
4427,5472
4428,5492
4429,4008
4430,5361
4431,4304
4432,4280
4433,6417
4434,7025
4435,6417
4436,6417
4437,6417
4438,4276
4439,7101
4440,896
4441,3691
4442,3307
4443,6836
4444,5178
4445,5348
4446,7226
4447,1009
4447,6983
4448,1561
4449,4890
4450,3036
4451,1561
4452,6417
4453,2943
4454,6327
4455,3107
4456,6417
4457,6417
4458,6417
4459,6417
4460,6417
4461,6417
4462,6417
4463,2866
4464,1876
4465,125
4466,343
4467,3119
4468,3831
4469,6417
4470,6417
4471,3468
4472,6417
4473,6417
4474,3669
4475,4630
4476,3707
4477,2145
4478,2966
4478,5376
4479,2502
4480,6417
4481,778
4482,6191
4483,3189
4484,3742
4485,761
4486,6417
4487,6984
4488,2119
4489,6417
4490,6417
4491,6763
4492,6385
4493,3880
4494,6001
4495,1213
4496,6001
4497,498
4497,5875
4498,2699
4499,6072
4500,2846
4501,5762
4502,6751
4503,6417
4504,326
4505,6417
4506,448
4507,6417
4508,5918
4509,2186
4510,5771
4510,7023
4511,4593
4512,6893
4513,2218
4514,897
4515,3777
4516,976
4517,1573
4517,5763
4518,1691
4519,2918
4520,5889
4521,6417
4522,1178
4523,6417
4524,2918
4525,6417
4526,4078
4527,3414
4528,5250
4529,3363
4530,6603
4531,2966
4531,5376
4532,3432
4533,3359
4534,5282
4535,6417
4536,6492
4537,6509
4538,6417
4539,4394
4540,4803
4541,4762
4542,4401
4543,4718
4544,6417
4545,4562
4546,6417
4547,1089
4548,6579
4549,6417
4550,7176
4551,3350
4552,3762
4553,6417
4554,378
4554,4773
4555,478
4556,5876
4557,3189
4558,6035
4559,3742
4560,2096
4561,6393
4562,6036
4563,6417
4564,6417
4565,5652
4566,3189
4567,5848
4568,1033
4568,2467
4569,2575
4570,273
4570,433
4570,2563
4571,2730
4572,4262
4573,5239
4574,7025
4575,78
4576,3020
4577,761
4578,5201
4579,6851
4580,761
4580,1117
4581,6417
4582,4136
4583,6372
4584,5312
4585,6417
4586,6417
4587,3904
4588,4716
4589,6417
4590,5191
4591,4357
4592,5493
4593,3530
4594,502
4595,6417
4596,6417
4597,6009
4598,421
4599,2509
4600,6417
4601,6347
4602,1251
4603,1814
4604,2974
4605,536
4605,7163
4606,432
4607,3078
4608,6417
4609,6417
4610,6417
4611,6417
4612,6974
4613,4520
4614,517
4615,6091
4616,6417
4617,6417
4618,6417
4619,6417
4620,3279
4621,6451
4622,51
4623,5052
4624,1015
4625,6417
4626,3795
4627,4678
4628,348
4629,3776
4630,5706
4631,1116
4632,4285
4633,5489
4634,5599
4635,2258
4636,4603
4636,6550
4637,2949
4638,539
4639,1540
4640,819
4641,1381
4642,6417
4643,1681
4644,6417
4645,6417
4646,6374
4647,1554
4647,2780
4648,217
4649,5575
4650,6417
4651,5369
4652,1245
4653,1789
4653,6918
4654,5575
4655,6417
4656,5262
4657,6417
4658,6141
4659,6417
4660,6626
4661,6732
4662,309
4662,1250
4662,2678
4663,6417
4664,2584
4665,6323
4666,6417
4667,956
4668,6417
4669,6417
4670,4689
4671,4990
4672,6417
4673,912
4674,3533
4675,14
4675,2324
4676,6417
4677,6417
4678,6417
4679,2535
4680,1311
4681,4276
4682,3189
4683,3189
4684,3366
4685,6032
4686,4037
4687,3972
4688,2820
4689,6417
4690,6417
4691,6741
4692,3944
4693,1301
4694,2774
4695,6417
4696,1493
4697,6086
4698,907
4699,4459
4700,6417
4701,6417
4702,6835
4703,6417
4704,6417
4705,6417
4706,4021
4707,6417
4708,4965
4709,3137
4710,3810
4711,878
4711,6405
4712,6368
4713,2095
4714,2399
4715,6417
4716,2999
4717,6574
4718,6574
4719,5326
4720,4126
4721,6417
4722,2178
4723,5642
4724,4430
4725,6288
4726,4184
4727,6417
4728,1753
4729,4493
4730,6417
4731,5717
4732,4938
4733,6963
4734,6824
4735,2837
4736,6417
4737,2082
4738,6417
4739,2362
4740,6417
4741,3042
4742,327
4743,2606
4744,6417
4745,4791
4746,4735
4747,5362
4748,2236
4748,2875
4749,6417
4750,729
4751,5998
4752,3610
4753,7067
4754,6179
4755,6761
4756,27
4757,1882
4758,5122
4759,501
4760,6870
4761,3083
4762,6417
4763,6417
4764,6417
4765,7038
4766,4151
4767,569
4768,4276
4769,4276
4770,6417
4771,5675
4772,2354
4773,4615
4774,6417
4775,6417
4776,4087
4777,3903
4778,42
4779,7034
4780,5269
4781,5675
4782,5442
4783,1717
4784,1717
4785,1717
4786,2065
4787,4905
4788,5005
4789,6417
4790,6417
4791,1458
4792,6417
4793,6417
4794,4880
4795,5592
4796,4708
4797,6417
4798,7102
4799,6417
4800,6450
4801,6417
4802,6417
4803,995
4804,3390
4805,6417
4806,3164
4807,58
4808,6968
4809,2969
4810,4112
4811,6417
4812,7135
4813,3875
4814,3809
4815,6417
4816,6417
4817,6417
4818,3599
4819,1345
4820,5467
4821,4507
4822,140
4823,3854
4824,646
4825,312
4826,6571
4827,5296
4828,1027
4829,5319
4830,540
4831,67
4832,6417
4833,6417
4834,6417
4835,6417
4836,6417
4837,6417
4838,6417
4839,6417
4840,6417
4841,548
4842,3951
4843,234
4844,1438
4845,6417
4846,6417
4847,6417
4848,6417
4849,6417
4850,3884
4851,6417
4852,3240
4853,6417
4854,2699
4855,6171
4856,953
4857,6460
4858,6417
4859,6417
4860,6417
4861,6417
4862,6417
4863,6417
4864,3794
4865,5467
4866,1138
4867,3758
4868,1683
4869,7125
4870,6315
4871,6977
4872,4554
4873,7018
4874,5110
4875,6169
4876,4117
4877,6417
4878,5753
4879,6497
4880,1362
4881,3838
4882,1987
4883,3676
4884,6417
4885,4155
4886,2910
4887,3187
4888,6417
4889,6417
4890,6178
4891,6417
4892,6417
4893,6417
4894,6417
4895,6417
4896,414
4897,4609
4898,4258
4899,2543
4900,6417
4901,192
4902,640
4903,6417
4904,6417
4905,5896
4906,6417
4907,6417
4908,933
4909,2238
4910,6417
4911,6417
4912,3634
4913,6417
4914,3634
4915,3634
4916,3634
4917,6417
4918,2986
4919,5632
4920,6417
4921,2333
4922,1991
4923,5387
4924,3148
4925,6269
4926,1408
4927,5731
4928,6417
4929,6417
4930,6417
4931,6417
4932,6195
4933,4437
4934,1488
4935,791
4935,4744
4936,6934
4937,4440
4938,5730
4939,6325
4940,3793
4941,5159
4942,7238
4943,5972
4944,3903
4945,5341
4946,3641
4947,2121
4948,6507
4949,130
4950,6417
4951,1068
4952,4512
4953,1230
4954,6417
4955,585
4956,6417
4957,6417
4958,4692
4959,6417
4960,6417
4961,4896
4962,2513
4963,1121
4963,5211
4964,2759
4964,5494
4965,2843
4966,1240
4967,6417
4968,3126
4969,3568
4970,4092
4971,3268
4972,7045
4973,4690
4974,5027
4975,6417
4976,6417
4977,3291
4978,1417
4979,652
4980,82
4981,2724
4982,4989
4983,981
4984,451
4985,4918
4985,6159
4986,6417
4987,6417
4988,6417
4989,6922
4990,5764
4991,7023
4992,1456
4993,223
4994,3473
4995,2251
4996,297
4996,2532
4997,72
4998,3069
4998,5486
4999,6553
5000,3296
5001,2758
5002,1616
5003,469
5004,5079
5005,4555
5006,3007
5007,274
5008,567
5009,3950
5010,4682
5011,3950
5012,5087
5013,3950
5014,6417
5015,5856
5016,891
5017,4489
5018,339
5019,2609
5019,5925
5020,6417
5021,6309
5022,6417
5023,6417
5024,6417
5025,6417
5026,5151
5027,1341
5028,1598
5029,1760
5029,2342
5029,3372
5029,4586
5029,6295
5029,7191
5030,72
5031,3372
5032,2192
5032,3192
5033,1303
5034,55
5035,6417
5036,1668
5036,6452
5037,4381
5038,2415
5039,7181
5040,220
5041,6417
5042,1255
5043,411
5044,6417
5045,4610
5045,6145
5046,4142
5046,7247
5047,4573
5048,5492
5049,3433
5050,3416
5051,6417
5052,6417
5053,3042
5054,2362
5055,5418
5056,2362
5057,3108
5057,4177
5058,295
5059,1584
5060,486
5061,1894
5062,5757
5063,6417
5064,7036
5065,6417
5066,6417
5067,6417
5068,6417
5069,2541
5070,229
5071,6417
5072,6417
5073,6417
5074,4051
5074,4928
5074,7080
5075,4031
5076,814
5076,6161
5077,1401
5078,6417
5079,6411
5080,2342
5081,6777
5082,3372
5083,3201
5084,1760
5085,2217
5086,5838
5087,3997
5088,2929
5089,2579
5090,3106
5090,6053
5091,5950
5092,6417
5093,1415
5094,6417
5095,6417
5096,2369
5097,6417
5098,6542
5099,5038
5100,6417
5101,6417
5102,6417
5103,5871
5104,6417
5105,6417
5106,6417
5107,52
5107,6627
5108,6417
5109,6255
5110,5609
5111,5013
5111,5209
5112,6417
5113,6417
5114,6417
5115,6403
5116,5961
5117,6652
5118,5034
5119,3
5120,3118
5121,4441
5122,1226
5123,708
5124,2887
5125,5895
5126,6417
5127,286
5127,2219
5127,2648
5127,3980
5127,4703
5127,5056
5128,4362
5129,6417
5130,6417
5131,1597
5132,2812
5133,5409
5134,1593
5135,2138
5136,72
5136,5838
5136,6295
5137,6417
5138,228
5139,2072
5140,6417
5141,1760
5142,2072
5143,1050
5143,1351
5144,1050
5144,1351
5145,6777
5146,5410
5147,3187
5148,1471
5149,6417
5150,4863
5151,1184
5152,4341
5153,5012
5154,4701
5155,1760
5156,967
5157,5124
5158,5391
5159,4057
5160,1397
5161,6642
5162,5522
5163,3208
5164,3095
5164,3185
5165,1894
5166,967
5167,6417
5168,1305
5169,5130
5170,6590
5171,2216
5172,6338
5173,695
5174,6737
5175,1793
5176,6417
5177,6417
5178,5789
5179,6417
5180,4524
5181,3857
5182,6417
5183,4937
5184,6939
5185,6566
5186,2237
5187,6417
5188,4841
5189,4591
5190,2016
5191,1169
5192,54
5193,6534
5194,3717
5195,2385
5196,6417
5197,3637
5198,6417
5199,1713
5200,6025
5201,4599
5202,1713
5203,1177
5204,1064
5205,6417
5206,136
5206,6604
5207,6417
5208,6417
5209,6417
5210,6180
5211,1809
5212,6010
5213,1751
5214,5112
5215,1368
5216,6417
5217,5792
5218,6417
5219,5621
5220,3594
5221,64
5222,2581
5223,1925
5224,7175
5225,6716
5226,2895
5227,6351
5228,4557
5229,6242
5230,1756
5231,2076
5232,4129
5233,4518
5234,6242
5235,5260
5236,6723
5237,1649
5238,3516
5239,4892
5240,6417
5241,6417
5242,3138
5243,6417
5244,4604
5245,6417
5246,6417
5247,3385
5248,260
5249,1887
5250,6417
5251,6417
5252,1013
5253,6831
5254,3060
5255,617
5256,3481
5257,6417
5258,869
5259,6417
5260,1454
5261,6417
5262,6417
5263,6417
5264,6417
5265,6417
5266,1017
5267,6417
5268,6417
5269,6847
5270,2561
5270,2864
5271,6417
5272,3022
5273,5384
5274,6417
5275,1644
5276,6417
5277,3778
5278,6417
5279,4267
5280,2169
5281,6417
5282,3160
5283,6417
5284,2173
5285,1479
5286,6417
5287,6417
5288,6417
5289,2337
5290,6417
5291,1077
5292,259
5293,2225
5294,5070
5295,2545
5296,6417
5297,3903
5298,6417
5299,7215
5300,46
5300,667
5300,2248
5301,7024
5302,6385
5303,6524
5304,1812
5305,5011
5306,834
5307,6417
5308,6417
5309,6417
5310,6417
5311,3585
5312,6417
5313,2662
5314,3552
5315,7240
5316,6417
5317,208
5318,2912
5319,6417
5320,6417
5321,6417
5322,6417
5323,6417
5324,6417
5325,4538
5326,2400
5327,965
5328,6417
5329,5715
5330,4254
5331,7211
5332,1099
5333,4534
5334,5519
5335,6417
5336,6417
5337,5090
5338,3582
5339,6567
5340,4700
5341,4316
5341,4957
5341,6944
5342,6417
5343,3238
5343,4596
5344,6417
5345,6417
5346,7018
5347,325
5348,6417
5349,2136
5350,5398
5351,5341
5352,1267
5353,5235
5354,96
5355,303
5356,5853
5357,6029
5358,3732
5359,472
5360,5853
5361,6331
5362,6259
5363,2957
5364,3984
5365,1825
5366,1286
5366,3024
5367,6417
5368,6417
5369,2638
5370,7034
5371,4045
5372,213
5372,5612
5373,6417
5374,6417
5375,5860
5376,2818
5377,3007
5378,1847
5379,567
5380,1391
5381,5274
5381,5566
5382,691
5382,712
5383,2506
5384,6427
5385,1329
5386,2059
5387,5069
5388,5581
5389,693
5390,29
5391,2017
5392,6723
5393,7035
5394,2828
5395,5581
5396,3571
5397,3378
5398,1422
5399,1165
5400,2039
5401,6964
5402,6417
5403,5392
5404,4677
5405,1917
5406,1451
5407,4677
5408,2777
5409,1810
5410,6417
5411,1863
5411,3428
5412,2565
5413,6417
5414,5335
5414,6554
5415,6417
5416,6417
5417,6417
5418,6417
5419,3082
5420,5367
5421,6417
5422,6432
5423,316
5424,6798
5425,3713
5426,2818
5427,4299
5428,4859
5428,5347
5429,6417
5430,6127
5431,6560
5432,1561
5433,2107
5434,1347
5435,5475
5436,706
5437,6796
5438,6417
5439,6417
5440,6417
5441,2804
5442,5088
5443,6664
5444,6442
5445,5522
5446,3256
5447,1040
5448,4855
5449,178
5450,3509
5451,2506
5452,145
5453,2741
5454,1502
5454,4046
5455,6364
5456,6292
5457,1084
5458,6417
5459,6767
5460,6417
5461,1376
5462,6417
5463,6417
5464,3787
5465,2715
5466,790
5467,4926
5468,5337
5469,3382
5470,4246
5471,1383
5472,7073
5473,5774
5474,2012
5475,6585
5476,3608
5477,6635
5478,854
5479,3086
5480,3412
5481,498
5481,5875
5482,5847
5483,2775
5484,6421
5485,6834
5486,1162
5486,3545
5487,5337
5488,34
5489,5337
5490,3197
5491,7243
5492,5880
5493,5337
5494,6417
5495,6056
5496,694
5497,2779
5498,6417
5499,61
5500,6417
5501,5336
5502,509
5503,6704
5504,4322
5505,6417
5506,2230
5507,6417
5508,6417
5509,6417
5510,1439
5511,6417
5512,1686
5512,3376
5513,5555
5514,3200
5515,522
5516,6417
5517,6417
5518,855
5519,6417
5520,194
5521,4540
5522,2708
5523,2998
5524,2647
5525,2545
5526,649
5527,5363
5528,4413
5529,1351
5530,6417
5531,5076
5531,5545
5532,3418
5533,4988
5534,6417
5535,2980
5536,3585
5537,2771
5538,6417
5539,6417
5540,6417
5541,6417
5542,5066
5542,6184
5543,3585
5544,3585
5545,3463
5546,2387
5546,5076
5547,1712
5547,5066
5548,1866
5548,2767
5549,57
5550,6417
5551,1595
5552,2772
5552,6297
5553,4793
5554,15
5554,379
5555,6417
5556,6417
5557,6654
5558,1636
5559,682
5560,6935
5561,6152
5562,3414
5563,4989
5564,4576
5565,264
5566,2265
5567,4576
5568,1228
5569,4838
5570,1062
5571,609
5572,5077
5573,6417
5574,6417
5575,786
5576,4906
5577,2759
5577,5494
5578,3073
5579,6417
5580,5254
5581,4530
5581,7022
5582,4512
5583,6417
5584,6511
5585,5692
5586,4777
5587,5089
5588,2685
5589,5654
5590,1736
5591,5438
5592,6417
5593,6417
5594,7214
5595,5751
5596,2983
5597,6417
5598,3454
5598,4085
5599,3811
5600,4605
5601,1318
5602,96
5603,2212
5604,4621
5605,5046
5606,269
5606,272
5606,1721
5606,6817
5607,6669
5608,7126
5609,4440
5610,1999
5611,3039
5612,4342
5613,2212
5614,1120
5615,1900
5616,2146
5617,2996
5617,6568
5618,2212
5619,789
5620,6580
5621,4802
5622,2632
5623,4576
5624,3617
5625,4373
5626,4164
5627,4943
5628,2212
5629,2029
5630,2212
5631,1823
5632,1273
5633,6784
5634,6417
5635,5130
5636,1844
5637,429
5638,2530
5639,4588
5640,3998
5641,5931
5642,6080
5643,1437
5644,1682
5645,3820
5646,1357
5647,5202
5648,6417
5649,6417
5650,3675
5650,4186
5651,6417
5652,4681
5652,5101
5653,4766
5654,5008
5654,6111
5655,4236
5656,1099
5657,7084
5658,1494
5659,4227
5660,4118
5661,425
5662,6417
5663,6417
5664,6417
5665,6417
5666,6417
5667,388
5667,1194
5668,5719
5669,2542
5670,6417
5671,1376
5672,5032
5673,1697
5673,3768
5674,5537
5675,5202
5676,6417
5677,4092
5678,6122
5679,1146
5680,1972
5681,3591
5682,4935
5683,169
5684,1693
5685,4702
5686,1246
5687,6417
5688,6417
5689,4418
5690,4418
5691,4418
5692,1309
5693,6417
5694,4725
5695,879
5696,6417
5697,523
5698,2358
5699,350
5700,1705
5701,6587
5702,4522
5703,6506
5704,2533
5705,4403
5706,1106
5706,4001
5707,6109
5708,7202
5709,2233
5710,532
5711,2237
5712,6417
5713,6417
5714,1809
5715,6417
5716,514
5717,2316
5718,7009
5719,2791
5719,2931
5720,1474
5721,6417
5722,6417
5723,3718
5724,5991
5725,6417
5726,6417
5727,986
5727,3935
5728,4102
5729,339
5730,4464
5731,5175
5732,4867
5733,4807
5734,588
5735,4557
5736,5871
5737,4122
5738,5130
5739,2572
5740,1992
5741,145
5742,1844
5743,3772
5744,373
5745,6417
5746,5595
5747,5411
5748,6417
5749,6417
5750,4898
5751,2188
5751,5777
5752,6699
5753,5644
5754,6507
5755,6756
5756,3402
5757,5680
5757,6726
5758,3015
5758,4131
5759,2621
5759,4443
5760,4559
5761,7126
5762,5176
5763,6417
5764,6738
5765,4792
5766,5022
5767,5870
5768,6417
5769,5104
5770,6417
5771,6417
5772,6417
5773,4520
5774,3767
5775,6417
5776,6417
5777,358
5778,6417
5779,6417
5780,6417
5781,3894
5782,429
5783,4290
5784,4040
5785,2128
5786,948
5787,1844
5788,4814
5788,6774
5789,3958
5790,3168
5791,6262
5791,7219
5792,1624
5793,6417
5794,4624
5795,5226
5795,6795
5796,6600
5797,2009
5798,6696
5799,5451
5800,6417
5801,6417
5802,3127
5803,6517
5804,6417
5805,2617
5806,6417
5807,6228
5808,6417
5809,637
5809,5551
5810,453
5811,557
5812,4010
5813,6417
5814,2802
5815,7137
5816,1151
5816,1420
5817,1943
5818,784
5819,3842
5820,7151
5821,5034
5822,2369
5823,2380
5824,6268
5825,4104
5826,3479
5827,1109
5828,1621
5829,4110
5830,2766
5831,6309
5832,6805
5833,6417
5834,6417
5835,6417
5836,5286
5837,2766
5838,6417
5839,6417
5840,6417
5841,2971
5842,4070
5843,2971
5844,3303
5845,6417
5846,4104
5847,4104
5848,6417
5849,6417
5850,6417
5851,6417
5852,3324
5853,6417
5854,917
5855,6417
5856,6417
5857,6417
5858,6417
5859,10
5860,2501
5861,6683
5862,4565
5863,1431
5864,6417
5865,6417
5866,7
5867,4531
5868,1029
5869,6920
5870,6565
5871,927
5872,6417
5873,6417
5874,6417
5875,402
5876,3002
5877,3354
5878,6417
5879,7
5880,1947
5881,435
5882,2516
5883,6417
5884,4263
5885,6829
5886,6417
5887,1883
5887,6432
5888,2270
5889,4107
5890,4218
5891,4901
5892,4693
5893,357
5894,1737
5895,7025
5896,6961
5897,2750
5898,4909
5899,2500
5900,4397
5901,6417
5902,844
5903,6417
5904,6501
5905,4794
5906,2936
5907,6417
5908,1700
5909,6417
5910,5574
5911,5826
5912,5219
5913,4183
5914,6680
5915,6417
5916,6417
5917,976
5918,7012
5919,1655
5920,1377
5921,6594
5922,6358
5923,4763
5924,7257
5925,7016
5926,2284
5927,6916
5928,6622
5929,6783
5930,4374
5931,6417
5932,4343
5933,1545
5934,2215
5935,624
5936,5988
5937,4755
5938,5425
5939,5927
5940,5256
5941,3028
5942,283
5943,1475
5944,6239
5945,6417
5946,6417
5947,3558
5947,6468
5948,6468
5949,7165
5950,6417
5951,6417
5952,3922
5953,6417
5954,5534
5955,875
5955,4759
5956,2410
5957,232
5958,4769
5959,2344
5960,6417
5961,6417
5962,5732
5963,6417
5964,6417
5965,6417
5966,6417
5967,5923
5968,852
5969,2065
5970,3310
5971,3210
5972,5206
5973,3170
5974,2903
5975,2863
5975,6487
5976,82
5977,124
5978,6978
5979,6417
5980,6417
5981,4215
5982,3813
5983,6417
5984,6417
5985,6417
5986,6417
5987,723
5988,6417
5989,5121
5990,170
5991,6832
5992,5616
5993,2191
5994,2337
5995,6417
5996,6417
5997,2051
5998,4680
5999,2015
6000,7248
6001,45
6002,4279
6003,7020
6004,6349
6005,2404
6006,5077
6007,6417
6008,2671
6009,2016
6010,2636
6011,1373
6012,4179
6013,5415
6014,6417
6015,4110
6016,6417
6017,6417
6018,6417
6019,4018
6019,6721
6019,7232
6020,6417
6021,6417
6022,5102
6023,3848
6024,3517
6025,446
6025,5635
6026,6377
6027,4328
6028,5275
6029,1488
6030,6994
6031,6038
6032,2494
6033,5616
6034,173
6035,170
6036,2330
6037,6832
6038,5740
6039,5107
6040,3090
6041,4468
6042,6967
6043,4559
6044,1585
6045,1145
6046,4768
6047,2405
6048,386
6049,6417
6050,2073
6051,886
6052,5308
6053,6417
6054,6417
6055,7133
6055,7227
6056,6417
6057,2503
6058,2982
6058,4861
6059,6417
6060,2191
6061,1334
6062,5517
6063,173
6064,6417
6065,6417
6066,288
6067,7141
6068,4189
6069,3741
6070,4005
6071,2013
6071,6250
6072,2085
6073,357
6074,4776
6075,968
6076,6417
6077,939
6078,816
6079,6054
6080,610
6081,4666
6082,5544
6082,5735
6083,6054
6084,5618
6085,5837
6086,251
6087,527
6087,6052
6088,6170
6089,4354
6089,5228
6089,6188
6090,6340
6091,3085
6092,6612
6093,6408
6094,1779
6095,4710
6096,6417
6097,6417
6098,6417
6099,1625
6100,6417
6101,1297
6102,1029
6103,6417
6104,6417
6105,3601
6106,960
6107,318
6107,5405
6108,5162
6109,3800
6110,5247
6111,108
6112,6328
6113,6417
6114,5506
6115,5504
6116,1334
6117,2494
6118,6646
6119,2330
6120,173
6121,6417
6122,6417
6123,6417
6124,6417
6125,6417
6126,6417
6127,6417
6128,4876
6129,357
6130,357
6131,2494
6132,2494
6133,2494
6134,2494
6135,2191
6136,69
6136,1196
6136,3499
6137,5149
6138,6417
6139,6417
6140,1567
6140,2988
6141,6417
6142,883
6143,512
6144,512
6145,5124
6145,5152
6146,6417
6147,2301
6148,3800
6149,3959
6150,2691
6151,5874
6152,5446
6153,2065
6154,3932
6155,6417
6156,6615
6157,5427
6158,2672
6159,356
6160,6417
6161,1132
6162,5489
6163,2058
6164,6163
6165,6504
6166,185
6167,5145
6168,578
6169,6417
6170,4647
6171,584
6172,1
6173,3281
6174,1713
6175,6417
6176,6417
6177,5524
6178,1082
6178,1951
6179,6417
6180,2154
6181,6417
6182,2916
6183,6417
6184,6814
6185,4255
6186,6417
6187,7018
6188,5469
6189,5343
6189,5995
6190,2944
6191,5370
6192,3654
6193,775
6194,3679
6195,6283
6196,7151
6197,2935
6198,21
6199,6417
6200,6525
6201,6461
6202,6417
6203,6417
6204,2107
6205,4747
6206,5166
6207,6470
6208,5279
6209,6417
6210,5387
6211,6885
6212,2071
6213,5649
6214,4459
6215,6417
6216,6417
6217,6014
6218,1607
6219,6585
6220,1156
6221,6417
6222,7171
6223,3966
6224,2724
6225,4411
6226,53
6227,6417
6228,1351
6228,4711
6229,2321
6230,3972
6231,4303
6232,1337
6232,1462
6232,5198
6232,5588
6232,5982
6233,3483
6234,3483
6235,2123
6236,6417
6237,2084
6238,4143
6239,2824
6240,2016
6241,6417
6242,6417
6243,1915
6243,4484
6244,6417
6245,6417
6246,692
6247,4748
6248,788
6249,6010
6250,2268
6251,4200
6252,4436
6253,1229
6253,4692
6253,5365
6254,6152
6255,3185
6256,3254
6257,264
6258,6647
6259,4982
6260,3254
6261,6084
6262,531
6263,6417
6264,5569
6265,3526
6265,5963
6265,6388
6265,6799
6266,115
6267,6846
6268,4882
6269,4673
6270,3972
6270,6011
6271,6417
6272,1289
6273,3972
6273,6011
6274,6011
6275,7216
6276,3373
6277,3972
6278,7216
6279,222
6280,6417
6281,6371
6282,5407
6283,5671
6284,6417
6285,6694
6286,3990
6287,3801
6288,1826
6289,3011
6290,2253
6291,2553
6292,1166
6293,1933
6294,4951
6295,5923
6296,5695
6297,2492
6297,5923
6298,6417
6299,2808
6300,1333
6301,6417
6302,2784
6303,1723
6303,6932
6304,4538
6305,6506
6306,6417
6307,6417
6308,1702
6309,3173
6310,768
6311,6882
6312,1025
6313,6417
6314,7136
6315,6370
6316,1642
6317,6029
6318,6828
6319,5774
6320,7059
6321,3253
6322,895
6323,1869
6324,3684
6325,5207
6326,5379
6327,1680
6328,3045
6329,1822
6330,6417
6331,2348
6332,6407
6333,4986
6334,6417
6335,6417
6336,6176
6337,1265
6337,6896
6338,6417
6339,6417
6340,5909
6340,6730
6341,6417
6342,1989
6342,3141
6342,3580
6343,753
6344,3051
6345,152
6346,6677
6347,6827
6348,4785
6349,1633
6350,2134
6351,4242
6352,5305
6353,6432
6354,1905
6355,6432
6356,5658
6357,6417
6358,4317
6359,2204
6360,6417
6361,6
6361,7070
6362,6417
6363,2658
6364,551
6365,6417
6366,1133
6367,6417
6368,6417
6369,6417
6370,6668
6371,6417
6372,6417
6373,4736
6374,5599
6375,1350
6375,7154
6376,2514
6377,2339
6377,4635
6377,7011
6377,7203
6378,7216
6379,6621
6380,6662
6381,387
6381,2373
6381,2388
6382,4211
6383,3600
6383,4729
6384,1870
6385,6417
6386,2811
6387,1360
6388,6417
6389,5859
6390,4166
6391,6417
6392,3110
6393,6417
6394,4899
6395,6341
6396,3759
6397,5213
6398,6741
6399,2435
6400,586
6401,2197
6402,5766
6403,6417
6404,6417
6405,6417
6406,6417
6407,3430
6408,1143
6408,4671
6408,5356
6409,1158
6410,6417
6411,300
6412,3511
6413,1497
6414,261
6415,5601
6416,5546
6417,1746
6418,1051
6418,1179
6418,6444
6419,4212
6420,6417
6421,2074
6422,1024
6423,6793
6424,5564
6425,723
6426,5723
6427,5531
6428,6417
6429,6155
6430,6417
6431,1579
6432,6417
6433,3084
6434,2401
6435,2449
6436,6417
6437,3782
6438,5094
6439,5531
6440,1546
6441,2900
6442,3545
6442,4806
6443,3701
6444,7108
6445,1555
6446,4310
6447,6417
6448,24
6449,2762
6449,3097
6450,6417
6451,6417
6452,1632
6453,4738
6454,6417
6455,6417
6456,6022
6457,6417
6458,6027
6459,6277
6460,1850
6461,6837
6462,7216
6463,5374
6464,3417
6465,1984
6466,148
6467,1042
6468,148
6469,6715
6470,1042
6471,6484
6471,6837
6472,4090
6473,1042
6474,3302
6474,6481
6475,7216
6476,6419
6477,2624
6478,6883
6479,6010
6479,7216
6480,4780
6481,4004
6482,5374
6483,4633
6484,3972
6485,4004
6486,4004
6487,4004
6488,3333
6489,4466
6490,5141
6491,487
6492,6417
6493,1563
6493,3144
6494,6417
6495,4976
6496,6417
6497,4092
6498,219
6499,6417
6500,4004
6501,6417
6502,6417
6503,6417
6504,1398
6505,3835
6506,3841
6507,3031
6508,6417
6509,6417
6510,6417
6511,6417
6512,6417
6513,6417
6514,2122
6515,5584
6516,6417
6517,6417
6518,6417
6519,6417
6520,6417
6521,6417
6522,6417
6523,6417
6524,6417
6525,6417
6526,6417
6527,1916
6528,3667
6529,2026
6530,6767
6531,6535
6532,3605
6533,6082
6534,1791
6535,1440
6536,2835
6536,5686
6537,1133
6538,4949
6538,5020
6539,4716
6540,3729
6541,6417
6542,6536
6543,4016
6544,4210
6545,3489
6546,6536
6547,6533
6548,6536
6549,4210
6550,3489
6551,6536
6552,1134
6553,6536
6554,6536
6555,4210
6556,3739
6557,1879
6558,6536
6559,6536
6560,6536
6561,6536
6562,4016
6563,6536
6564,6533
6565,6536
6566,5081
6567,6417
6568,4016
6569,6536
6570,6536
6571,6417
6572,6536
6573,6536
6574,4210
6575,2087
6576,2602
6577,6417
6578,1794
6579,2330
6580,6417
6581,5033
6582,6417
6583,6417
6584,1977
6585,6645
6586,2205
6587,6417
6588,6417
6589,831
6590,2684
6591,3837
6592,4591
6593,7225
6594,1897
6595,2734
6596,4182
6597,882
6598,6417
6599,7027
6600,6417
6601,6417
6602,6417
6603,6417
6604,4077
6605,6417
6606,2865
6607,4090
6608,380
6609,6042
6610,80
6610,7244
6611,2237
6612,4101
6613,6417
6614,6417
6615,6417
6616,137
6617,2526
6617,4698
6618,6933
6619,5514
6620,4036
6621,6417
6622,6417
6623,1880
6624,2619
6625,4754
6626,3718
6627,6417
6628,4788
6629,6417
6630,6417
6631,6417
6632,6417
6633,6417
6634,6984
6635,854
6636,4881
6637,6417
6638,2175
6639,6417
6640,67
6641,2522
6642,7118
6643,17
6643,783
6644,6701
6645,4221
6645,7113
6646,6195
6647,1340
6648,5821
6649,6195
6650,6417
6651,641
6652,168
6653,6417
6654,1340
6655,6340
6656,3500
6657,2896
6658,2112
6659,1428
6660,2355
6661,5737
6662,1141
6663,1395
6664,6417
6665,5785
6666,3589
6667,243
6668,144
6668,197
6668,3038
6669,4198
6670,5829
6671,2477
6671,6321
6672,3580
6673,3505
6674,1337
6674,5055
6674,5780
6675,446
6676,1509
6677,376
6678,5492
6679,6897
6680,1888
6681,271
6681,2926
6682,3196
6683,5325
6684,961
6685,6635
6686,5325
6687,961
6688,5133
6689,3972
6690,2690
6691,5358
6692,3972
6693,3262
6694,6417
6695,231
6695,3965
6696,6417
6697,6417
6698,3062
6699,4740
6700,2254
6701,2802
6702,5290
6703,6069
6704,6417
6705,6417
6706,6417
6707,6417
6708,141
6709,6418
6710,6417
6711,4955
6711,5957
6712,6659
6713,2282
6714,6417
6715,5590
6716,6417
6717,137
6718,4422
6719,6417
6720,6417
6721,188
6722,7248
6723,252
6724,6417
6725,6417
6726,4716
6727,6417
6728,1254
6729,6417
6730,6417
6731,3333
6732,6417
6733,825
6734,6417
6735,6417
6736,6417
6737,3001
6738,4587
6739,6417
6740,6417
6741,6417
6742,6432
6743,6651
6744,5507
6745,359
6746,6549
6747,6417
6748,6417
6749,6417
6750,5038
6751,6417
6752,6417
6753,4275
6754,3040
6755,5911
6756,464
6756,3202
6757,6417
6758,6417
6759,6417
6760,781
6761,6417
6762,6417
6763,6417
6764,6417
6765,6103
6766,6417
6767,526
6767,6107
6768,6841
6769,6434
6770,5374
6771,5945
6772,4925
6773,2011
6774,154
6774,3128
6775,794
6775,4830
6776,5083
6777,6096
6778,2970
6778,6217
6779,5915
6780,6417
6781,2970
6782,6417
6783,354
6783,5942
6784,6555
6785,1124
6786,1672
6786,4041
6787,6736
6788,1942
6789,4309
6790,3379
6791,5781
6792,342
6793,6417
6794,759
6795,5549
6796,6492
6797,4445
6798,6417
6799,6417
6800,1018
6801,6417
6802,6417
6803,6417
6804,6417
6805,6417
6806,6010
6807,5728
6808,3748
6809,1053
6810,3302
6811,1604
6812,6417
6813,6417
6814,3533
6815,3964
6816,689
6816,830
6816,1093
6816,1302
6816,5024
6817,6299
6818,3964
6819,427
6820,2899
6821,5150
6822,6417
6823,6417
6824,752
6825,4262
6826,6876
6827,6417
6828,4985
6829,602
6829,6663
6830,827
6831,6417
6832,2824
6833,6506
6834,1244
6835,6417
6836,6299
6837,4071
6838,6417
6839,6417
6840,6417
6841,3999
6842,6417
6843,5093
6844,1147
6845,1807
6846,810
6847,5396
6848,6643
6849,106
6850,6417
6851,550
6852,1116
6853,249
6854,1636
6855,2488
6856,5599
6857,5419
6858,5130
6859,854
6860,5597
6861,4191
6862,5772
6863,2694
6864,2151
6865,245
6866,5059
6867,245
6868,5234
6869,6394
6870,6655
6871,2256
6872,1776
6873,245
6874,1967
6875,6003
6876,3868
6877,245
6878,4643
6879,2470
6879,3765
6880,1242
6881,5681
6882,5030
6883,3256
6884,5317
6885,1388
6886,5093
6887,3746
6888,3379
6889,6068
6890,7031
6891,4091
6892,2808
6893,6003
6894,3830
6895,2476
6896,559
6897,1283
6898,4584
6899,6417
6900,5921
6901,5663
6902,6417
6903,6417
6904,164
6905,6417
6906,6417
6907,2133
6908,4638
6909,4973
6910,3302
6911,4411
6912,6201
6913,3334
6914,507
6915,6280
6916,6417
6917,6417
6918,6303
6918,7026
6919,6417
6920,2470
6920,3765
6921,6630
6922,1182
6923,2470
6924,4564
6925,6990
6926,6417
6927,5587
6928,6300
6929,2369
6930,6417
6931,262
6932,6466
6933,266
6933,676
6934,3122
6935,6417
6936,983
6937,1941
6938,6532
6939,1941
6940,1941
6941,1941
6942,5836
6943,190
6944,3238
6945,6417
6946,6417
6947,6417
6948,6417
6949,4925
6950,7143
6951,3677
6952,6417
6953,4639
6954,6417
6955,6417
6956,6417
6957,6417
6958,1700
6959,2604
6960,6417
6961,5941
6962,4114
6963,1817
6964,2826
6965,6863
6966,1937
6967,6417
6968,6417
6969,6417
6970,6417
6971,6417
6972,6417
6973,5018
6974,7097
6975,6417
6976,2627
6977,2165
6978,5186
6979,2657
6980,6514
6981,1400
6982,6417
6983,6417
6984,6417
6985,8
6986,6417
6987,5090
6988,5215
6989,6417
6990,1347
6991,6417
6992,525
6993,1312
6993,4409
6994,5736
6995,5770
6996,6417
6997,4956
6998,2952
6999,6417
7000,5342
7001,6360
7002,3249
7003,6417
7004,6417
7005,6417
7006,337
7007,25
7008,6417
7009,4423
7010,6417
7011,6417
7012,2090
7013,1183
7014,6417
7015,6417
7016,1128
7017,3439
7018,1580
7019,6764
7020,2630
7021,6417
7022,6417
7023,7182
7024,3122
7025,4573
7026,4147
7027,5704
7028,6417
7029,6417
7030,6417
7031,6417
7032,6417
7033,6417
7034,6417
7035,7033
7036,1318
7037,6500
7038,118
7039,6344
7040,692
7041,6632
7042,5581
7043,3793
7044,6630
7045,4384
7046,514
7047,992
7048,3952
7049,6029
7050,565
7051,2460
7052,349
7053,1954
7054,3854
7055,2053
7056,2830
7057,3733
7058,5235
7059,6630
7060,5287
7061,849
7062,5314
7063,1219
7064,2110
7065,3445
7066,4111
7067,797
7068,6344
7069,2805
7070,7017
7071,4704
7072,2426
7073,2776
7074,6756
7075,1859
7075,3024
7076,5039
7077,2162
7078,6756
7079,4644
7080,6796
7081,6254
7082,1266
7083,6851
7084,3545
7085,96
7086,4389
7087,5015
7088,1534
7089,4440
7090,1036
7091,846
7092,5855
7093,5187
7094,3512
7095,3653
7096,6417
7097,1401
7098,6023
7099,998
7100,2458
7101,6630
7102,6630
7103,1724
7104,6630
7105,1534
7106,5638
7107,6344
7108,1795
7109,320
7110,3860
7111,6344
7112,6417
7113,1300
7114,5855
7115,4100
7116,3797
7117,3057
7118,5039
7119,1268
7120,6340
7121,2812
7122,2184
7123,6417
7124,6417
7125,6417
7126,6417
7127,137
7128,5978
7129,5082
7130,4366
7131,5699
7132,5906
7133,2984
7134,3113
7135,1395
7136,669
7137,3761
7138,5941
7139,4679
7140,705
7141,5390
7142,1491
7142,4366
7143,949
7144,251
7145,5775
7146,5030
7147,4934
7148,3379
7149,1444
7150,1558
7151,3158
7152,221
7153,3528
7154,1195
7155,3981
7156,6378
7157,2940
7158,6539
7159,518
7160,6062
7161,4376
7162,4682
7163,3507
7163,5938
7164,3507
7164,5938
7165,155
7166,4691
7167,3963
7168,6704
7169,6417
7170,6417
7171,4854
7172,1043
7173,6417
7174,1052
7175,4870
7176,3462
7177,6417
7178,1820
7179,6417
7180,1454
7180,2682
7181,6425
7182,4260
7183,6417
7184,6432
7185,3386
7186,1838
7187,2916
7188,5543
7189,2205
7190,4537
7191,1890
7192,3553
7193,6417
7194,5737
7195,888
7195,5532
7196,6417
7197,6417
7198,6417
7199,6417
7200,3071
7200,5944
7201,3476
7201,5801
7202,2916
7203,2901
7204,5203
7205,726
7206,3405
7206,5395
7207,3233
7208,2900
7209,1980
7210,4679
7211,3970
7212,5793
7213,107
7214,6417
7215,1714
7216,6417
7217,6417
7218,6417
7219,850
7220,6417
7221,5659
7222,2352
7223,6417
7224,3105
7225,488
7226,2290
7227,3431
7228,604
7229,7195
7230,4813
7231,6417
7232,6417
7233,5366
7234,6417
7235,6506
7236,6417
7237,639
7237,1232
7237,4374
7237,6685
7238,822
7239,648
7239,3316
7240,6595
7241,6148
7242,6417
7243,3152
7244,4906
7245,6377
7246,6417
7247,1630
7248,5488
7249,5359
7249,5977
7249,7069
7250,1735
7251,6417
7252,6417
7253,3519
7254,5872
7255,512
7256,1074
7257,1578
7258,5124
7259,5506
7260,426
7260,1760
7260,5124
7260,5152
7260,5838
7261,2125
7262,6295
7263,2211
7264,6417
7265,82
7266,4921
7267,6417
7268,1304
7269,2796
7269,3606
7270,5213
7271,6249
7272,248
7273,1970
7274,3337
7274,6142
7275,1906
7276,6417
7277,1376
7278,1376
7279,2724
7280,6417
7281,7190
7282,597
7283,5617
7284,6417
7285,399
7286,4745
7286,5729
7287,5124
7288,6409
7289,2490
7290,2655
7291,4471
7292,7068
7293,6417
7294,512
7295,4781
7296,6417
7297,4650
7298,6417
7299,6417
7300,5596
7301,6054
7302,5469
7303,6417
7304,105
7305,1073
7306,3249
7307,1032
7308,6417
7309,6417
7310,6417
7311,4072
7312,214
7313,549
7313,1456
7314,179
7315,6417
7316,6417
7317,6417
7318,1343
7319,777
7320,4590
7321,579
7322,7139
7323,5257
7324,3694
7325,5492
7326,2796
7326,3606
7327,5455
7328,6266
7329,5542
7330,41
7330,4168
7331,6240
7332,6417
7333,6417
7334,6417
7335,4379
7336,439
7337,6417
7338,2247
7339,3496
7340,5557
7341,2139
7341,7216
7342,4712
7343,1809
7344,5557
7345,6378
7346,5434
7347,3972
7348,2257
7348,3972
7348,4698
7349,3972
7349,6821
7350,3972
7351,1984
7352,6837
7353,913
7354,191
7355,1745
7356,4364
7357,2007
7358,5767
7359,3839
7360,2213
7361,4691
7362,6417
7363,265
7364,6613
7365,5688
7366,2016
7367,1329
7368,6417
7369,6417
7370,6417
7371,6417
7372,6417
7373,6417
7374,5733
7375,6417
7376,3282
7377,1098
7378,6417
7379,6417
7380,6417
7381,6417
7382,6417
7383,6417
7384,6417
7385,6417
7386,6417
7387,6417
7388,6417
7389,6417
7390,6417
7391,6417
7392,6417
7393,6417
7394,6417
7395,6417
7396,6417
7397,6417
7398,6417
7399,6417
7400,6417
7401,5188
7402,6417
7403,6417
7404,6417
7405,6417
7406,6417
7407,6417
7408,6417
7409,6417
7410,6417
7411,6417
7412,5917
7413,6417
7414,6417
7415,6417
7416,6417
7417,1543
7418,6417
7419,1216
7419,2149
7420,2202
7421,6417
7422,4104
7423,6417
7424,6417
7425,6417
7426,1157
7427,6417
7428,6417
7429,6417
7430,6848
7431,2660
7432,6417
7433,6417
7434,6417
7435,6417
7436,6417
7437,429
7438,6417
7439,145
7440,6417
7441,6417
7442,6417
7443,145
7444,6417
7445,6417
7446,6417
7447,1085
7448,6417
7449,6417
7450,6417
7451,6417
7452,6417
7453,6417
7454,6569
7455,6417
7456,6417
7457,6417
7458,6417
7459,5217
7460,6417
7461,6417
7462,6417
7463,317
7464,6417
7465,6417
7466,2754
7467,6417
7468,6417
7469,6417
7470,6417
7471,6417
7472,6417
7473,735
7474,5556
7475,6417
7476,6417
7477,6417
7478,6417
7479,6417
7480,6417
7481,5851
7482,6417
7483,6417
7484,6417
7485,6417
7486,6417
7487,6417
7488,6417
7489,6417
7490,6417
7491,6417
7492,6417
7493,6417
7494,6417
7495,6417
7496,6417
7497,6417
7498,6417
7499,6417
7500,6417
7501,6417
7502,6417
7503,6417
7504,6417
7505,6417
7506,6417
7507,6417
7508,6417
7509,6417
7510,6417
7511,6417
7512,6417
7513,3791
7514,6417
7515,6417
7516,6417
7517,6417
7518,6417
7519,6417
7520,6417
7521,6417
7522,6417
7523,6417
7524,6417
7525,6417
7526,6417
7527,6417
7528,6417
7529,2378
7530,6417
7531,6417
7532,6417
7533,6417
7534,6417
7535,6417
7536,6417
7537,6417
7538,6417
7539,6417
7540,6417
7541,6417
7542,6417
7543,6417
7544,6417
7545,6417
7546,6417
7547,6417
7548,6417
7549,6417
7550,6417
7551,6417
7552,3219
7553,6417
7554,6417
7555,6417
7556,6417
7557,6417
7558,6417
7559,6417
7560,6417
7561,6417
7562,6417
7563,6417
7564,6417
7565,6417
7566,6417
7567,6417
7568,447
7568,5601
7568,6698
7569,6417
7570,6417
7571,6417
7572,6417
7573,6417
7574,6417
7575,6417
7576,3012
7577,6417
7578,6417
7579,6417
7580,6417
7581,6417
7582,6417
7583,6417
7584,6417
7585,6417
7586,6417
7587,2919
7588,6417
7589,6417
7590,6417
7591,6417
7592,6417
7593,6417
7594,5552
7595,6417
7596,6417
7597,6417
7598,6417
7599,6417
7600,6417
7601,6417
7602,6417
7603,6417
7604,6417
7605,598
7606,6417
7607,6417
7608,6417
7609,6417
7610,6417
7611,6417
7612,6417
7613,6417
7614,6417
7615,6417
7616,6417
7617,6417
7618,6417
7619,6417
7620,6417
7621,6417
7622,2404
7622,4613
7623,6417
7624,6417
7625,6417
7626,6417
7627,6417
7628,6417
7629,6417
7630,6417
7631,6417
7632,6417
7633,6417
7634,6417
7635,6417
7636,6417
7637,6417
7638,6107
7639,6417
7640,6417
7641,4492
7642,6417
7643,6417
7644,6417
7645,6417
7646,6417
7647,6417
7648,6417
7649,6417
7650,6417
7651,6417
7652,6417
7653,7236
7654,751
7654,1923
7654,3103
7654,3621
7654,4339
7654,4583
7654,5713
7654,6059
7654,6237
7654,6482
7654,6620
7655,6417
7656,6417
7657,6417
7658,6417
7659,6417
7660,6417
7661,6417
7662,6417
7663,6417
7664,6417
7665,6417
7666,6417
7667,6417
7668,6417
7669,6417
7670,6417
7671,6417
7672,6417
7673,6417
7674,6417
7675,6417
7676,5575
7677,2445
7678,6417
7679,6417
7680,6417
7681,6417
7682,1424
7683,6417
7684,6417
7685,6417
7686,6417
7687,6417
7688,6417
7689,6417
7690,6417
7691,2349
7692,4087
7693,5115
7694,6417
7695,6417
7696,6417
7697,6417
7698,6417
7699,6417
7700,6417
7701,6417
7702,6417
7703,6417
7704,6417
7705,6417
7706,6417
7707,6417
7708,6417
7709,6417
7710,6417
7711,6417
7712,6417
7713,4234
7713,5964
7713,6248
7714,1701
7715,6719
7716,6417
7717,6417
7718,6417
7719,6417
7720,6417
7721,6417
7722,6417
7723,6417
7724,6417
7725,6417
7726,6417
7727,6417
7728,6417
7729,6417
7730,6417
7731,5063
7732,6417
7733,6417
7734,6417
7735,6417
7736,6417
7737,6417
7738,6417
7739,6146
7739,6302
7740,6417
7741,6417
7742,6417
7743,6417
7744,865
7745,6417
7746,6417
7747,6417
7748,6417
7749,6417
7750,6417
7751,6417
7752,6417
7753,1024
7754,4732
7755,6417
7756,6417
7757,6417
7758,6417
7759,6417
7760,6417
7761,6417
7762,6417
7763,6417
7764,6417
7765,6417
7766,6417
7767,6417
7768,6417
7769,6417
7770,6417
7771,6417
7772,6417
7773,5991
7774,6904
7775,6417
7776,6417
7777,6417
7778,6417
7779,6417
7780,6417
7781,6417
7782,6417
7783,6417
7784,6417
7785,6417
7786,498
7787,6417
7788,6417
7789,6417
7790,6417
7791,6191
7792,6417
7793,5097
7794,6417
7795,6417
7796,6417
7797,6417
7798,6547
7799,6417
7800,6417
7801,6417
7802,6417
7803,6417
7804,6474
7805,6417
7806,676
7807,6417
7808,6417
7809,6417
7810,6417
7811,6417
7812,6417
7813,6417
7814,6417
7815,6417
7816,6417
7817,6417
7818,6417
7819,6417
7820,6417
7821,6417
7822,6417
7823,6417
7824,6417
7825,6417
7826,6417
7827,6417
7828,6417
7829,6417
7830,6887
7831,6417
7832,6417
7833,6417
7834,6417
7835,6417
7836,6417
7837,6417
7838,6417
7839,6417
7840,6417
7841,6417
7842,6417
7843,2403
7844,6417
7845,6417
7846,6417
7847,6417
7848,6417
7849,6417
7850,6417
7851,6417
7852,6417
7853,6417
7854,6417
7855,413
7856,6417
7857,6417
7858,6417
7859,4772
7860,6417
7861,6417
7862,6417
7863,6417
7864,6417
7865,6417
7866,6417
7867,6417
7868,6417
7869,6417
7870,6417
7871,6417
7872,6417
7873,6417
7874,6417
7875,6417
7876,6417
7877,6417
7878,6417
7879,6417
7880,6417
7881,6417
7882,6417
7883,6417
7884,6417
7885,6417
7886,6417
7887,6417
7888,6417
7889,6417
7890,6417
7891,6417
7892,6417
7893,6417
7894,6417
7895,6417
7896,2735
7896,6629
7897,6417
7898,6417
7899,6417
7900,6417
7901,966
7902,6417
7903,6417
7904,6417
7905,934
7905,1187
7905,6728
7906,6417
7907,6417
7908,6417
7909,6417
7910,6417
7911,6417
7912,6417
7913,6417
7914,6417
7915,6417
7916,6417
7917,6417
7918,6417
7919,6417
7920,6417
7921,6417
7922,6417
7923,6417
7924,6417
7925,6417
7926,2128
7927,4053
7928,6417
7929,6417
7930,6417
7931,6417
7932,6417
7933,6417
7934,6417
7935,5581
7936,6417
7937,6417
7938,6417
7939,6417
7940,6417
7941,6417
7942,6417
7943,6417
7944,6417
7945,6417
7946,6417
7947,6417
7948,6417
7949,6417
7950,6417
7951,3713
7952,2237
7953,6417
7954,6417
7955,6417
7956,6417
7957,6417
7958,6417
7959,6417
7960,6417
7961,6417
7962,6417
7963,6417
7964,5601
7965,6417
7966,1699
7967,3666
7968,6417
7969,6417
7970,6417
7971,3421
7971,6066
7972,6417
7973,6417
7974,6417
7975,6417
7976,6417
7977,6417
7978,6417
7979,2387
7980,6417
7981,6417
7982,6417
7983,6417
7984,6417
7985,4341
7986,6417
7987,6417
7988,6417
7989,6417
7990,6417
7991,6417
7992,2809
7992,4220
7993,6417
7994,6417
7995,6417
7996,6417
7997,6417
7998,6417
7999,6417
8000,6417
8001,6417
8002,6417
8003,6417
8004,6417
8005,1275
8006,6417
8007,6417
8008,6739
8009,6417
8010,6417
8011,6417
8012,2273
8012,5900
8013,6417
8014,6417
8015,6247
8016,6417
8017,2343
8018,491
8018,1528
8019,6417
8020,6417
8021,6417
8022,6417
8023,6417
8024,6417
8025,6417
8026,6417
8027,1574
8028,6417
8029,5441
8030,456
8031,6417
8032,6417
8033,4009
8034,1154
8035,6417
8036,6417
8037,6417
8038,6417
8039,6417
8040,2599
8041,6417
8042,6417
8043,6417
8044,5774
8045,6417
8046,6417
8047,6417
8048,6417
8049,6417
8050,2571
8051,6417
8052,2252
8053,3260
8054,6417
8055,6417
8056,6417
8057,4819
8058,4289
8059,6417
8060,941
8061,6417
8062,3716
8063,6417
8064,6417
8065,1546
8066,4853
8067,6417
8068,6417
8069,7018
8070,6417
8071,6417
8072,3544
8073,6417
8074,6417
8075,1328
8076,6417
8077,6417
8078,6417
8079,6417
8080,6417
8081,6417
8082,6417
8083,6417
8084,6417
8085,6417
8086,6417
8087,6417
8088,6417
8089,6417
8090,6417
8091,6417
8092,6417
8093,6417
8094,6417
8095,6417
8096,6417
8097,6417
8098,6417
8099,5138
8100,793
8100,823
8101,4231
8102,6417
8103,6417
8104,4962
8105,1521
8106,6417
8107,6417
8108,6417
8109,6417
8110,6417
8111,6417
8112,6417
8113,6417
8114,6417
8115,6417
8116,6417
8117,6496
8118,6417
8119,6417
8120,6417
8121,6417
8122,4566
8123,7106
8124,1656
8125,6417
8126,6417
8127,6417
8128,6417
8129,6417
8130,6417
8131,6417
8132,6417
8133,6417
8134,6417
8135,6417
8136,6417
8137,6417
8138,434
8139,6417
8140,6417
8141,6417
8142,6417
8143,6417
8144,6417
8145,1002
8145,7230
8146,6417
8147,6417
8148,6417
8149,6417
8150,6417
8151,6417
8152,3821
8153,4691
8154,3111
8155,949
8156,3756
8157,2700
8157,3263
8158,949
8159,559
8160,6661
8161,398
8162,5626
8163,6417
8164,807
8165,6417
8166,943
8167,6417
8168,6417
8169,3564
8170,2311
8171,6417
8172,6144
8173,5378
8174,374
8175,1037
8176,6417
8177,6781
8178,6417
8179,6948
8180,1374
8181,3501
8182,2987
8183,1568
8184,4967
8185,4946
8186,2650
8187,7216
8188,5671
8189,1277
8190,3972
8191,5671
8192,1277
8193,6417
8194,4374
8195,6214
8196,1830
8197,3342
8197,4932
8198,2978
8199,6417
8200,1356
8201,2978
8202,4939
8203,2559
8203,6818
8204,6417
8205,3877
8206,6417
8207,2481
8208,2322
8209,1604
8210,9
8211,5633
8212,243
8213,2301
8214,2894
8215,2418
8216,6214
8217,1894
8218,1894
8219,1075
8220,4374
8221,3891
8222,452
8223,6194
8224,4693
8225,1857
8226,6417
8227,3328
8228,6844
8229,5378
8229,7014
8230,805
8231,6150
8232,1694
8233,6150
8234,4718
8235,6150
8236,1792
8237,3305
8238,5011
8239,2243
8240,6087
8241,6150
8242,6328
8243,1637
8244,6064
8245,701
8245,1313
8246,6417
8247,5627
8248,4693
8249,2529
8249,2785
8249,5380
8250,4693
8251,2745
8252,2209
8253,6417
8254,4552
8255,6417
8256,1449
8257,4308
8258,1079
8259,4382
8260,6688
8261,4467
8262,6417
8263,6417
8264,6266
8265,4498
8266,4154
8266,7264
8267,1350
8267,7154
8268,4693
8269,621
8270,1000
8271,1129
8272,2061
8273,621
8274,621
8275,621
8276,3176
8277,2891
8278,6417
8279,664
8280,3953
8281,6417
8282,1353
8283,6417
8284,6417
8285,3151
8286,1175
8287,6417
8288,3289
8289,2075
8290,2340
8290,3413
8291,7036
8292,5016
8293,6417
8294,1857
8295,6417
8296,4349
8297,6417
8298,6417
8299,6417
8300,1507
8301,91
8302,1190
8303,2559
8303,6818
8304,7128
8305,6877
8306,3927
8307,4108
8308,6417
8309,6417
8310,4516
8311,962
8312,7038
8313,4765
8314,50
8314,658
8314,1168
8314,1653
8315,2529
8315,2785
8316,270
8317,1507
8318,1952
8319,4693
8320,6417
8321,1129
8322,6417
8323,2529
8323,2785
8324,11
8325,5535
8326,1877
8327,6132
8328,5672
8329,6467
8330,6489
8331,265
8332,6489
8333,2518
8334,2179
8335,24
8336,2887
8337,6417
8338,6417
8339,6417
8340,4140
8341,4382
8342,5550
8343,4300
8344,714
8344,5333
8345,5982
8346,2067
8347,4910
8348,628
8349,3374
8350,3357
8351,5899
8352,1582
8352,2974
8353,5974
8354,1189
8355,6417
8356,6033
8357,1880
8357,4216
8358,6927
8359,4760
8360,2527
8361,6695
8362,1950
8363,3306
8364,3702
8365,4159
8366,3403
8367,3702
8368,5966
8369,5073
8370,1889
8371,3341
8372,4581
8373,1629
8374,4197
8375,4662
8376,6417
8377,2974
8377,4539
8378,4608
8379,3178
8380,1569
8381,3161
8382,4309
8383,5164
8384,5743
8385,4287
8386,6417
8387,4103
8388,6800
8389,7150
8390,6417
8391,361
8392,6492
8393,2559
8393,6818
8394,6417
8395,6417
8396,6417
8397,6583
8398,3348
8399,3247
8400,1416
8401,1360
8402,6417
8403,6560
8404,6417
8405,5744
8406,6417
8407,6417
8408,56
8409,6417
8410,1445
8411,2711
8412,6417
8413,3687
8414,6809
8415,679
8416,6417
8417,6417
8418,4348
8419,2506
8420,1276
8420,1466
8420,5939
8421,6417
8422,1021
8422,2623
8423,6417
8424,6417
8425,6417
8426,1663
8427,6179
8428,4979
8429,6417
8430,6586
8431,5887
8432,2941
8433,5698
8434,5223
8435,1776
8435,2469
8435,3630
8435,4914
8436,5690
8437,1993
8438,6361
8439,6417
8440,6417
8441,1590
8442,3628
8443,6417
8444,1624
8445,5003
8446,11
8447,6417
8448,6417
8449,2859
8450,6417
8451,211
8452,2635
8453,6203
8454,4761
8455,7086
8456,6549
8457,6063
8458,6972
8459,6936
8460,5881
8461,1612
8462,6451
8463,6382
8464,5473
8465,2664
8465,6140
8466,3556
8467,2758
8468,2025
8469,6417
8470,6417
8471,1088
8472,5783
8473,7138
8474,5893
8475,1112
8475,4145
8476,6417
8477,3333
8478,5598
8479,330
8480,5310
8480,6103
8481,322
8482,4389
8483,2351
8484,5302
8485,6417
8486,6789
8487,2559
8487,6818
8488,2237
8489,3774
8490,1005
8491,5877
8492,2807
8493,6461
8494,5686
8495,5672
8496,1142
8497,4582
8497,4902
8498,6417
8499,6417
8500,6417
8501,521
8502,6417
8503,2849
8504,6417
8505,5137
8506,3204
8506,4671
8507,6417
8508,4584
8509,2688
8510,1329
8511,2559
8511,6818
8512,6076
8512,6995
8513,4136
8514,6417
8515,6417
8516,6505
8517,6417
8518,6277
8519,1912
8520,4542
8521,5371
8522,6417
8523,2711
8524,1677
8525,4155
8525,4713
8526,5507
8527,7184
8528,1241
8529,2590
8530,5374
8531,3293
8532,2922
8532,4651
8533,6417
8534,1549
8535,3955
8536,6417
8537,2099
8538,3459
8539,1920
8540,3336
8541,6417
8542,6417
8543,4318
8544,339
8545,7146
8546,4049
8547,6417
8548,2728
8549,546
8550,3122
8551,215
8552,2446
8553,4835
8554,4648
8555,3208
8556,6417
8557,6417
8558,686
8559,6417
8560,3332
8561,4125
8562,5388
8563,7193
8564,3587
8565,454
8566,2932
8567,6456
8568,5948
8569,2436
8570,496
8571,6417
8572,263
8573,4767
8574,1279
8575,3304
8576,3379
8577,1520
8578,3536
8579,5891
8580,5990
8581,6417
8582,4560
8583,3982
8584,3983
8585,6417
8586,6417
8587,482
8588,6417
8589,4835
8590,1116
8590,3935
8591,6417
8592,6900
8593,7231
8594,6417
8595,4006
8596,6417
8597,6417
8598,6417
8599,4994
8600,4002
8601,4719
8602,6499
8603,3615
8604,6417
8605,143
8605,6528
8606,2779
8607,6426
8608,6417
8609,6417
8610,2171
8611,6417
8612,6221
8613,1344
8613,1678
8614,6417
8615,1598
8616,3414
8617,4789
8618,6417
8619,6417
8620,4719
8621,6417
8622,672
8623,1286
8624,6417
8625,6417
8626,1265
8627,3813
8628,5107
8629,675
8630,6417
8631,6417
8632,5657
8633,6417
8634,6417
8635,4204
8636,4137
8636,7229
8637,578
8638,6417
8639,1338
8639,7223
8640,7130
8641,6417
8642,762
8643,7229
8644,6406
8644,6864
8645,6406
8645,6864
8646,88
8646,7003
8647,7003
8648,4127
8649,4127
8650,6417
8651,566
8651,3562
8652,6417
8653,6417
8654,6417
8655,1767
8656,6417
8657,235
8658,6417
8659,1051
8660,3341
8661,4941
8662,6417
8663,1890
8664,6290
8665,4310
8666,6417
8667,5952
8668,5443
8669,6417
8670,4979
8671,754
8672,2504
8673,3647
8674,6417
8675,2736
8676,4356
8677,6126
8678,6417
8679,2559
8679,6818
8680,351
8680,925
8681,765
8682,6337
8683,1996
8684,2065
8685,6417
8686,2285
8687,6731
8688,1708
8688,1910
8688,4567
8689,2221
8690,1742
8691,6408
8692,2758
8693,1453
8694,6854
8695,1815
8696,4258
8697,6417
8698,5991
8699,5991
8700,2378
8701,6811
8702,26
8703,3885
8704,174
8705,6417
8706,4213
8706,6953
8707,156
8708,4115
8709,4732
8710,5704
8711,615
8712,1458
8713,6855
8714,5294
8715,5602
8716,2758
8717,3208
8718,5060
8719,3215
8720,4295
8721,100
8722,5773
8723,4569
8724,2787
8725,4752
8726,542
8727,5501
8728,1038
8729,2309
8730,1048
8731,642
8732,1811
8733,4399
8734,1770
8735,6894
8736,6417
8737,6417
8738,6417
8739,6417
8740,5276
8741,6417
8742,6521
8743,6426
8744,2882
8745,5492
8746,6417
8747,820
8748,6417
8749,4774
8750,1605
8751,6975
8752,6417
8753,6417
8754,6417
8755,5754
8756,6417
8757,1605
8758,6417
8759,6417
8760,769
8761,2618
8762,6417
8763,6660
8764,3802
8765,6417
8766,6417
8767,6417
8768,935
8769,6417
8770,6417
8771,299
8772,2559
8772,6818
8773,2485
8774,2806
8775,4642
8776,6417
8777,129
8778,3750
8779,6417
8780,2385
8781,4866
8782,142
8783,74
8784,6417
8785,6417
8786,6417
8787,4306
8788,2565
8789,6298
8790,6417
8791,6417
8792,7239
8793,6417
8794,2497
8795,7005
8796,1458
8797,1865
8798,4354
8798,5228
8798,6188
8799,6417
8800,3752
8801,6007
8801,6205
8802,6417
8803,603
8804,5243
8805,6417
8806,2498
8807,7114
8808,6417
8809,3050
8809,7090
8810,6690
8811,6417
8812,3827
8813,2056
8814,3538
8815,4246
8816,6417
8817,6043
8818,2493
8819,4626
8820,5902
8821,4408
8822,6417
8823,2714
8824,1188
8825,5999
8826,3633
8827,2496
8828,1210
8829,6031
8830,3845
8831,6417
8832,2227
8833,6417
8834,5280
8835,371
8836,3291
8837,5785
8838,474
8839,6417
8840,6133
8841,6417
8842,2564
8843,79
8843,3623
8844,5439
8845,2559
8845,6818
8846,2559
8846,6818
8847,6417
8848,6417
8849,6131
8850,6417
8851,5098
8852,1315
8853,881
8854,6417
8855,5650
8856,5657
8857,904
8858,5823
8859,1332
8860,1101
8861,2632
8862,2456
8862,3323
8863,3949
8864,5890
8865,496
8866,2317
8867,3685
8868,6412
8869,494
8870,3237
8871,196
8872,99
8873,4997
8874,715
8875,4383
8876,4494
8877,6937
8878,6813
8879,4848
8880,6380
8881,4997
8882,5421
8883,4836
8884,4240
8884,4636
8885,3622
8886,6417
8887,3967
8888,2237
8889,1738
8890,3533
8891,4697
8892,504
8893,1077
8894,2811
8895,1470
8896,6417
8897,6417
8898,5774
8899,64
8900,3114
8901,6417
8902,1376
8903,1376
8904,2975
8905,6575
8906,3251
8907,2523
8908,449
8909,6417
8910,3743
8911,6150
8912,5892
8913,6417
8914,3450
8915,4871
8916,6417
8917,6417
8918,3971
8919,6417
8920,6417
8921,123
8922,1650
8923,3852
8924,4330
8925,6417
8926,6417
8927,340
8928,6417
8929,541
8930,3085
8931,760
8932,4288
8933,4958
8933,6791
8934,6417
8935,6417
8936,4754
8937,4455
8938,6876
8939,901
8940,747
8940,1426
8941,5175
8942,2308
8943,6417
8944,1743
8945,6417
8946,1446
8947,3273
8948,6417
8949,696
8950,1127
8951,2620
8952,6417
8953,6417
8954,3643
8955,6417
8956,6417
8957,6417
8958,6417
8959,842
8960,94
8961,7067
8962,2060
8963,6417
8964,1018
8965,6417
8966,1953
8967,6417
8968,2311
8969,4282
8970,5718
8971,2325
8972,5123
8973,5662
8974,2105
8975,6701
8976,3139
8977,4088
8978,6417
8979,6417
8980,5893
8981,5893
8982,4369
8983,6417
8984,4096
8985,3465
8985,3817
8986,3465
8986,3817
8987,4407
8988,2559
8988,6818
8989,2559
8989,6818
8990,6089
8991,6433
8992,6417
8993,4305
8994,2559
8994,6818
8995,938
8996,1627
8997,6417
8998,1175
8999,6417
9000,6417
9001,5779
9002,3235
9002,3764
9003,720
9004,6417
9005,774
9006,2559
9006,6818
9007,6417
9008,3631
9009,1350
9009,7154
9010,5986
9011,6417
9012,1622
9013,1856
9014,5331
9014,6320
9015,6993
9016,484
9017,6417
9018,4989
9019,3589
9020,1887
9021,5210
9022,3721
9023,1329
9024,6417
9025,6417
9026,1567
9026,2988
9027,3913
9028,3913
9029,6417
9030,6417
9031,6417
9032,75
9033,3913
9034,6417
9035,6165
9036,4412
9037,839
9038,2706
9038,4487
9039,2559
9039,6818
9040,1488
9041,5426
9042,2161
9043,6417
9044,663
9045,4856
9046,2886
9046,6336
9047,3339
9048,6417
9049,6417
9050,6417
9051,1219
9052,6417
9053,6417
9054,3512
9055,473
9056,4284
9057,3267
9058,6291
9059,2669
9060,3502
9061,6913
9062,2909
9063,6613
9064,1414
9065,6417
9066,5426
9067,1418
9068,3642
9069,306
9070,6362
9071,2049
9072,1472
9073,605
9073,6391
9074,6417
9075,6495
9076,5949
9077,545
9078,5307
9079,2508
9080,2972
9081,6417
9082,5458
9083,2465
9084,3972
9085,328
9086,4628
9087,6037
9088,5844
9089,4597
9090,3312
9091,5251
9092,1047
9093,3358
9094,6417
9095,1613
9096,5313
9097,5574
9098,6417
9099,6135
9100,1482
9101,5012
9102,737
9103,3541
9104,6879
9105,288
9106,6417
9107,1958
9108,6417
9109,1793
9110,6417
9111,6273
9112,6417
9113,6417
9114,5636
9115,6417
9116,6417
9117,6417
9118,6417
9119,1600
9120,6417
9121,6417
9122,6417
9123,6417
9124,1689
9125,6417
9126,6417
9127,6417
9128,472
9129,5012
9130,2193
9131,6417
9132,5012
9133,6417
9134,5212
9135,6417
9136,6417
9137,6417
9138,6417
9139,2046
9140,1192
9141,6417
9142,7222
9143,7222
9144,2707
9145,6417
9146,3030
9147,4100
9148,2856
9149,2790
9150,1125
9151,4377
9151,6888
9152,1929
9153,6417
9154,6417
9155,628
9156,2466
9157,5937
9158,6417
9159,4606
9160,7177
9161,5756
9162,7067
9163,6417
9164,6417
9165,1133
9166,6417
9167,2048
9168,1553
9169,6417
9170,5328
9171,4150
9172,6417
9173,4389
9174,3964
9175,6417
9176,2842
9177,6417
9178,6417
9179,1133
9180,4067
9181,6417
9182,6307
9183,5422
9184,5265
9185,3595
9186,5722
9187,2454
9187,5897
9188,4459
9189,5244
9190,6289
9191,2103
9192,2900
9193,1515
9194,3644
9195,1764
9196,3832
9197,733
9198,6417
9199,7022
9200,1904
9201,6208
9202,6417
9203,6773
9204,6417
9205,4920
9206,3379
9206,4402
9207,4291
9207,4592
9208,5258
9209,1615
9210,6417
9211,419
9212,3881
9213,3301
9214,6825
9215,6417
9216,6390
9217,6417
9218,6417
9219,2084
9220,4447
9221,6417
9222,650
9223,650
9224,650
9225,432
9226,6417
9227,6417
9228,6609
9229,3280
9230,2838
9231,6417
9232,5677
9233,1749
9234,6806
9235,5349
9236,158
9237,6417
9238,1662
9239,3576
9240,216
9241,306
9242,102
9242,2406
9243,841
9244,5331
9244,6320
9245,6320
9246,4691
9247,1974
9247,6965
9248,4323
9249,3265
9249,4850
9250,325
9251,5536
9252,6485
9253,6645
9254,2900
9255,1467
9256,2859
9257,2527
9258,6917
9259,79
9259,3623
9260,1976
9260,5920
9261,6417
9262,6417
9263,2314
9263,2318
9264,6417
9265,3777
9266,1180
9267,2014
9268,1838
9269,3222
9270,5668
9271,2473
9272,3603
9273,6417
9274,650
9275,650
9276,6417
9277,6417
9278,6483
9279,2582
9280,6417
9281,4095
9282,6661
9283,6417
9284,6417
9285,415
9285,4064
9286,6417
9287,670
9288,2973
9289,6417
9290,267
9291,1831
9292,2104
9292,3000
9293,203
9294,6169
9295,2788
9295,4256
9296,787
9297,4308
9298,1603
9299,728
9300,5885
9301,6407
9302,6417
9303,6417
9304,6106
9305,2704
9306,6417
9307,5508
9308,4521
9309,4550
9310,1991
9311,1790
9312,1465
9313,2237
9314,6175
9315,4931
9316,625
9317,1670
9318,2559
9318,6818
9319,321
9320,6417
9321,650
9322,650
9323,650
9324,1478
9325,6758
9326,5757
9327,6417
9328,5225
9329,2867
9330,3918
9331,7160
9332,6874
9333,254
9334,4119
9335,6417
9336,972
9337,6417
9338,6417
9339,6417
9340,5128
9341,6417
9342,6417
9343,6417
9344,6417
9345,6417
9346,5176
9347,4232
9348,1620
9349,6417
9350,7257
9351,1907
9352,2537
9352,4786
9353,6414
9354,1402
9355,4833
9356,4908
9357,1702
9358,1542
9359,1204
9359,2982
9360,6417
9361,6334
9362,6417
9363,5299
9364,2174
9365,5316
9366,6417
9367,3547
9368,5507
9369,2722
9370,6417
9371,2842
9372,2524
9373,6279
9374,6505
9375,62
9376,3956
9377,627
9378,6417
9379,3090
9380,62
9381,5804
9382,1271
9382,6753
9383,4514
9384,6417
9385,2584
9386,1725
9387,49
9388,634
9389,3795
9390,5051
9391,6417
9392,5371
9393,5339
9394,277
9395,5252
9396,5093
9397,2432
9398,4382
9399,853
9400,6780
9401,6802
9402,5353
9403,7235
9404,6417
9405,1064
9406,6417
9407,6417
9408,2387
9408,5512
9409,5143
9410,5555
9411,6417
9412,6417
9413,1201
9414,6417
9415,6417
9416,3898
9417,766
9418,6417
9419,4852
9420,3745
9421,591
9422,5341
9423,1329
9424,4966
9424,7156
9425,6895
9426,6293
9427,6417
9428,6417
9429,3763
9430,4351
9431,6417
9432,1670
9433,1076
9434,776
9434,1519
9435,4286
9436,554
9436,4486
9437,554
9437,3878
9437,4486
9438,1378
9439,6297
9440,2628
9441,328
9442,6696
9443,6449
9444,7190
9445,7015
9446,4545
9447,6601
9448,6417
9449,2397
9450,2319
9451,595
9452,6417
9453,6417
9454,6759
9455,4439
9456,6417
9457,2441
9458,6417
9459,2369
9460,3216
9461,5946
9462,5647
9463,4829
9464,2110
9465,4831
9466,2626
9467,3616
9468,6417
9469,5398
9470,6417
9471,482
9472,6417
9473,3410
9474,6417
9475,5078
9476,6417
9477,2829
9478,1860
9479,6417
9480,6274
9481,6417
9482,6417
9483,6417
9484,4648
9485,6417
9486,3449
9487,6417
9488,1537
9489,5163
9490,6417
9491,5374
9492,1455
9493,4486
9494,258
9495,3268
9496,3332
9497,6906
9498,6417
9499,325
9500,6417
9501,6417
9502,1988
9503,6313
9504,2042
9505,3970
9506,5174
9507,3143
9508,573
9509,1058
9510,3736
9511,6417
9512,3664
9513,6002
9514,2855
9515,7221
9516,137
9517,1220
9518,6417
9519,2027
9520,6417
9521,2035
9521,2864
9522,1140
9523,6417
9524,4472
9525,1604
9526,5044
9527,4989
9528,6240
9529,1552
9530,2739
9531,6417
9532,146
9533,2265
9534,2265
9535,5373
9536,2265
9537,2265
9538,6843
9539,5554
9540,1561
9541,5828
9542,4795
9543,3029
9544,6721
9544,7232
9545,7245
9546,5689
9547,6417
9548,4668
9548,6747
9549,3550
9550,6116
9551,520
9551,7224
9552,3615
9553,2198
9553,5331
9553,6320
9554,6320
9555,1856
9556,1856
9557,5385
9558,2854
9559,1217
9560,4674
9561,6417
9562,6417
9563,5844
9564,6417
9565,6417
9566,6322
9567,1333
9567,5062
9568,773
9568,3331
9569,2381
9570,1765
9571,3050
9572,2480
9572,3013
9573,1333
9573,5062
9574,1997
9575,316
9576,2923
9577,840
9578,2839
9579,512
9580,2237
9581,2567
9582,5572
9583,4014
9584,2587
9584,3472
9585,383
9586,5268
9587,7083
9588,6417
9589,6417
9590,4607
9591,6184
9592,5066
9592,6184
9593,528
9594,6211
9595,4526
9596,4721
9597,6417
9598,6631
9599,2237
9600,464
9600,3202
9601,6417
9602,4558
9602,4992
9603,6938
9604,4247
9605,416
9606,5656
9607,6417
9608,6417
9609,6417
9610,3974
9611,678
9612,6840
9613,6105
9614,6417
9615,6417
9616,3295
9617,4926
9618,4
9619,5526
9620,206
9621,343
9622,229
9623,6417
9624,6417
9625,4693
9626,432
9627,5157
9628,6982
9629,262
9630,262
9631,262
9632,262
9633,262
9634,262
9635,6202
9636,137
9637,3411
9638,1763
9639,3596
9640,2559
9640,6818
9641,6417
9642,5227
9643,396
9644,3407
9644,5364
9645,2422
9645,5834
9646,6417
9647,4262
9648,2507
9649,382
9650,118
9651,1798
9652,7136
9653,896
9654,6441
9655,3452
9655,3556
9656,3897
9657,4332
9658,3836
9659,3736
9660,4688
9661,2686
9662,6417
9663,6417
9664,6417
9665,6417
9666,6417
9667,2313
9668,6417
9669,6156
9670,6417
9671,202
9672,6417
9673,1770
9674,2558
9675,5200
9676,6417
9677,115
9678,1007
9678,2374
9679,4723
9680,638
9681,4620
9682,2768
9683,6417
9684,3953
9685,6417
9686,5900
9687,6023
9688,2306
9689,1080
9690,4460
9691,3611
9691,6596
9692,1623
9693,7154
9694,5807
9695,2486
9696,6417
9697,5081
9698,6417
9699,6417
9700,6417
9701,3350
9702,6417
9703,3351
9704,2228
9704,4450
9705,2598
9706,6417
9707,3855
9708,4160
9709,2989
9710,4294
9711,2431
9711,3872
9712,1256
9713,6636
9714,4914
9715,918
9716,6999
9717,6417
9718,6265
9719,3294
9720,4331
9721,682
9722,6417
9723,5732
9724,6417
9725,1354
9726,2212
9727,525
9728,4646
9729,2200
9730,6417
9731,6134
9732,509
9733,6417
9734,5042
9735,6665
9736,1211
9737,954
9737,6121
9738,2587
9738,3472
9739,6417
9740,4822
9741,6417
9742,5096
9743,1225
9744,6417
9745,5235
9746,478
9747,3523
9748,6417
9749,6417
9750,6417
9751,1306
9752,6417
9753,3628
9754,3917
9755,1734
9756,210
9757,4465
9758,6417
9759,6016
9760,4404
9761,6417
9762,6016
9763,6320
9764,6417
9765,6417
9766,6417
9767,6417
9768,6108
9769,6530
9770,6978
9771,2000
9772,510
9773,4091
9774,1461
9775,4846
9775,5559
9776,477
9777,4568
9778,6417
9779,6417
9780,4568
9781,6861
9782,5010
9783,6417
9784,6417
9785,5576
9786,5700
9787,6417
9788,6417
9789,2061
9790,1463
9791,270
9792,4765
9793,3630
9794,1571
9795,5172
9796,2107
9797,3712
9798,2864
9799,6716
9800,6538
9801,2377
9802,5762
9803,3014
9804,871
9805,6417
9806,6417
9807,3533
9808,5568
9809,4828
9809,6880
9810,6417
9811,5567
9812,2700
9813,3787
9814,6417
9815,3365
9816,1627
9817,7143
9818,6417
9819,6417
9820,543
9821,6417
9822,6417
9823,2673
9824,3766
9825,6417
9826,4897
9827,6266
9828,5010
9829,6417
9830,718
9831,410
9831,6028
9832,2892
9833,3573
9834,6908
9835,2816
9836,5172
9837,615
9837,2942
9838,546
9838,1775
9839,6417
9840,6417
9841,6417
9842,422
9843,6417
9844,6417
9845,2844
9846,3159
9847,7249
9848,6417
9849,2223
9850,4968
9850,5125
9851,6417
9852,4704
9853,3635
9853,6648
9854,6417
9855,4885
9855,6836
9856,973
9857,2321
9858,2212
9859,4775
9860,4930
9861,860
9862,6417
9863,6404
9864,1346
9865,3378
9865,4925
9866,3032
9867,6966
9868,2947
9869,6417
9870,6417
9871,6417
9872,1610
9873,6220
9874,4039
9875,5090
9876,345
9876,1243
9877,6016
9878,6404
9879,6320
9880,6404
9881,6320
9882,4414
9883,3065
9884,992
9885,6417
9886,5502
9887,4626
9888,363
9889,2520
9890,132
9890,4882
9891,6417
9892,6256
9893,2653
9894,5718
9895,6628
9896,903
9897,6038
9898,83
9899,5868
9900,4495
9901,949
9902,6974
9903,3593
9904,2737
9905,3125
9906,6417
9907,6417
9908,3972
9909,3970
9910,4562
9911,3355
9912,6773
9913,6417
9914,4609
9915,3438
9916,3145
9916,5306
9917,6576
9918,2220
9919,6417
9920,6098
9921,2403
9922,922
9923,3632
9923,5321
9924,6417
9925,6417
9926,5550
9927,1757
9927,5820
9928,4061
9929,961
9929,7216
9930,3163
9931,2065
9932,4282
9933,1856
9934,5933
9935,1856
9936,1011
9937,4535
9937,5169
9938,6191
9939,113
9939,2366
9939,3384
9939,5023
9939,5831
9939,5884
9939,6775
9940,6417
9941,288
9942,1538
9943,1290
9944,6417
9945,1385
9945,1522
9945,4757
9946,6417
9947,5877
9947,6772
9948,6952
9949,5232
9950,6696
9951,2960
9952,6212
9953,3268
9954,6417
9955,6829
9956,3613
9957,3749
9958,2930
9959,7056
9960,6581
9961,5232
9962,6417
9963,7071
9964,6762
9965,1441
9966,1081
9967,1935
9968,4081
9969,5041
9970,380
9971,1719
9972,7168
9973,4125
9974,6417
9975,6417
9976,2457
9977,1510
9978,1367
9979,6413
9980,3548
9981,1874
9982,1252
9983,2218
9984,5447
9985,4502
9986,6417
9987,3237
9988,5597
9989,6397
9990,1065
9991,4883
9992,1776
9992,2469
9992,3630
9992,4914
9993,3401
9994,2271
9995,5145
9996,6588
9997,5034
9998,3178
9999,4393
10000,3618
10001,6884
10002,4249
10003,4523
10004,6416
10005,1049
10006,1710
10006,2172
10007,443
10008,6067
10009,3873
10010,6518
10011,1452
10012,4090
10013,4679
10014,2499
10015,3910
10016,3275
10017,5500
10018,1884
10019,6417
10020,6417
10021,418
10022,6417
10023,573
10024,4442
10025,5607
10026,2237
10027,5710
10028,3266
10029,2398
10030,1784
10030,5791
10031,1677
10032,6417
10033,6417
10034,4734
10035,3089
10036,7212
10037,6417
10038,6417
10039,6417
10040,1728
10041,6417
10042,6417
10043,6417
10044,2773
10045,3082
10046,5457
10047,6599
10048,2887
10048,5272
10049,2068
10050,2900
10051,504
10052,500
10053,4417
10054,6290
10055,1529
10056,5382
10057,2103
10058,4105
10059,1750
10060,4276
10061,275
10062,6417
10063,6417
10064,266
10065,6149
10066,5444
10067,6463
10068,3991
10069,343
10070,2357
10071,632
10072,5165
10073,4534
10073,7025
10074,6941
10075,482
10076,6417
10077,3091
10077,4634
10078,6633
10079,2216
10080,6417
10081,6417
10082,1454
10083,3824
10084,268
10085,3709
10086,1896
10087,6417
10088,2577
10088,5932
10089,6417
10090,6987
10091,4576
10092,6417
10093,6417
10094,6417
10095,6417
10096,1743
10097,6417
10098,5312
10099,306
10100,1556
10100,2954
10101,6417
10102,6417
10103,3755
10104,6417
10105,6417
10106,6194
10107,6417
10108,6417
10109,5040
10110,5040
10111,3567
10112,2546
10113,6935
10114,6417
10115,6417
10116,6417
10117,5466
10118,2611
10119,2739
10120,6666
10121,4264
10122,3043
10123,4392
10124,6417
10125,2047
10126,2047
10127,621
10128,1190
10129,6716
10130,243
10131,5752
10132,4509
10133,5752
10134,1609
10135,3994
10136,287
10137,2629
10138,5431
10139,7043
10140,3074
10141,6356
10142,2825
10143,6417
10144,3789
10145,6417
10146,2091
10146,4233
10147,6551
10148,3255
10149,6705
10150,6417
10151,6417
10152,6417
10153,643
10154,5701
10155,3834
10156,4463
10157,6417
10158,5676
10159,4061
10160,2357
10161,5112
10162,6417
10163,3122
10164,4782
10165,6420
10166,2995
10167,1201
10168,1638
10169,1186
10170,2190
10171,3973
10172,6417
10173,1349
10174,981
10175,3151
10176,6560
10177,2435
10178,5600
10179,2807
10180,6417
10181,1482
10182,6417
10183,6417
10184,6417
10185,2091
10185,4233
10186,3514
10187,5851
10188,6417
10189,7171
10190,5599
10191,1533
10192,6417
10193,2091
10193,4233
10194,3150
10195,2952
10196,6417
10197,5587
10198,2995
10199,5934
10200,3615
10201,6562
10202,6417
10203,4391
10204,348
10204,3284
10204,3709
10205,2117
10206,460
10206,2117
10207,6417
10208,6417
10209,900
10210,6417
10211,6417
10212,6740
10213,278
10214,6417
10215,1054
10215,2778
10216,6417
10217,1429
10218,6417
10219,4607
10220,6417
10221,253
10222,726
10222,4980
10223,2921
10224,4968
10225,2206
10225,4511
10226,951
10227,6436
10228,7169
10229,1435
10229,1547
10230,4428
10231,6560
10232,2856
10233,6417
10234,6417
10235,6417
10236,6417
10237,5481
10238,1249
10239,6733
10240,6571
10241,2107
10242,6585
10243,2641
10244,7118
10245,936
10246,908
10247,6417
10248,5595
10249,6417
10250,5480
10251,7173
10252,4066
10253,3930
10254,2015
10255,4357
10256,6181
10257,5399
10258,6417
10259,5160
10260,4866
10261,6417
10262,1129
10263,6417
10264,2342
10265,6417
10266,6417
10267,6417
10268,3100
10268,3935
10269,6985
10270,3446
10271,3987
10272,6417
10273,1079
10274,6244
10275,1116
10275,3935
10276,6665
10277,6521
10278,4389
10279,6417
10280,4440
10281,6417
10282,7067
10283,6630
10284,6915
10285,2695
10286,6417
10287,6417
10288,1507
10289,1857
10290,3991
10291,1129
10292,1857
10293,4916
10294,6417
10295,4879
10296,3116
10297,3972
10298,3383
10299,5644
10300,3035
10301,4451
10301,7159
10302,7086
10303,1634
10304,5707
10304,7101
10305,6417
10306,3157
10307,6417
10308,6417
10309,1619
10310,3265
10311,6417
10312,3282
10313,6417
10314,1770
10315,1073
10316,2593
10317,6417
10318,6417
10319,6417
10320,6417
10321,1576
10321,3419
10322,120
10323,1939
10323,4952
10324,2774
10325,2379
10326,4587
10327,6417
10328,6949
10329,4730
10330,4878
10331,6915
10332,3413
10333,2963
10333,6345
10334,5667
10335,3184
10336,6417
10337,5597
10338,3704
10339,5774
10340,6811
10341,76
10342,6417
10343,525
10344,3049
10345,442
10346,1808
10347,122
10348,6538
10349,6375
10350,6911
10351,4646
10352,6417
10353,6417
10354,2856
10355,5789
10356,6417
10357,6387
10358,575
10359,4302
10359,4359
10360,3164
10361,1593
10362,5047
10363,6561
10364,7078
10365,4777
10365,6744
10366,5929
10367,6417
10368,1266
10369,7103
10370,2758
10371,1360
10372,6500
10373,7066
10374,3554
10375,310
10376,4968
10377,131
10378,2779
10379,6362
10380,631
10381,6426
10382,3139
10383,1148
10384,6254
10385,1614
10386,1419
10387,3166
10388,6417
10389,6417
10390,1329
10391,70
10392,128
10393,1592
10394,5025
10395,4546
10396,2251
10397,1245
10398,6417
10399,456
10400,5786
10401,212
10401,6860
10402,7067
10403,4131
10403,6081
10404,7238
10405,459
10405,3015
10406,4579
10407,2237
10408,1841
10408,3655
10409,6312
10410,5182
10411,6417
10412,214
10413,5708
10414,2018
10415,2914
10416,6417
10417,5916
10418,2287
10419,3020
10420,1665
10421,4112
10422,6417
10423,181
10424,7029
10425,703
10425,1559
10426,7154
10427,3972
10428,4156
10428,6614
10429,1150
10430,5852
10431,6417
10432,6417
10433,5795
10434,698
10435,85
10436,697
10437,1722
10438,5825
10439,1872
10440,4019
10441,6808
10442,2183
10443,66
10444,6417
10445,6876
10446,6787
10447,1493
10448,5980
10449,1280
10450,6417
10451,6417
10452,6417
10453,3272
10454,4094
10455,6417
10456,3778
10457,2536
10457,6722
10458,2334
10459,3748
10460,3903
10461,4698
10461,5728
10462,2620
10463,6417
10464,6469
10465,2265
10466,1698
10467,6506
10468,987
10469,6417
10470,3440
10471,3533
10472,6417
10473,2843
10474,1909
10474,2503
10475,2951
10476,6417
10477,1123
10478,6703
10479,276
10480,7119
10481,6417
10482,4396
10483,7214
10484,23
10485,305
10486,6198
10486,6513
10487,6417
10488,1703
10488,6229
10489,3769
10490,1296
10491,5682
10492,5819
10493,1819
10494,6417
10495,5354
10496,2673
10497,6417
10498,6417
10499,6113
10500,2144
10501,3367
10502,3559
10502,6182
10503,137
10504,7220
10505,5689
10506,6417
10507,6417
10508,6417
10509,6417
10510,1826
10511,2549
10512,4548
10513,6417
10514,244
10515,6417
10516,6417
10517,6417
10518,838
10519,2872
10520,6939
10521,945
10521,3133
10522,6417
10523,2790
10524,3870
10525,6417
10526,6417
10527,3744
10528,6505
10529,4352
10530,3537
10531,6417
10532,257
10533,193
10534,6417
10535,6417
10536,6417
10537,4614
10537,4956
10537,4959
10537,6907
10538,6417
10539,6417
10540,6417
10541,6417
10542,6417
10543,6417
10544,6417
10545,61
10546,6417
10547,1846
10548,1360
10549,515
10550,6417
10551,937
10552,6122
10553,6417
10554,3886
10555,6417
10556,6417
10557,6417
10558,6417
10559,2886
10559,6336
10560,1107
10561,2850
10562,444
10563,957
10564,957
10565,4281
10566,4600
10567,655
10568,3258
10569,655
10570,655
10571,655
10572,3804
10572,4733
10573,6417
10574,655
10575,1139
10575,4281
10576,2691
10577,1354
10578,2371
10578,6702
10579,6010
10580,6417
10581,3311
10582,6417
10583,73
10584,479
10585,6417
10586,3046
10587,6417
10588,5033
10589,3389
10590,6417
10591,2060
10592,7057
10593,1105
10594,1158
10595,6365
10596,6546
10597,2691
10598,5449
10599,2205
10600,2640
10601,2491
10602,380
10603,3788
10604,4191
10605,4028
10606,6973
10607,6417
10608,5298
10608,5849
10608,6714
10609,1940
10610,1609
10611,437
10612,5107
10613,4693
10614,6884
10615,6417
10616,3226
10617,3469
10618,7179
10619,3913
10620,6459
10621,6459
10622,3913
10622,4050
10623,3913
10623,4050
10624,6417
10625,6417
10626,3777
10627,613
10628,6417
10629,4123
10629,6070
10630,3633
10631,4440
10632,1852
10633,4929
10634,4081
10635,6417
10636,2955
10637,622
10638,6417
10639,6531
10640,825
10640,6996
10641,3426
10642,3780
10643,6417
10644,4751
10645,6417
10646,6417
10647,890
10648,6417
10649,721
10649,3193
10650,6417
10651,6417
10652,6417
10653,6417
10654,1483
10655,4222
10656,6417
10657,3857
10658,6417
10659,39
10660,1348
10660,2020
10661,6417
10662,4035
10663,6417
10664,2115
10665,4665
10666,5463
10667,1330
10668,3629
10668,7068
10669,7068
10670,7068
10671,6417
10672,7067
10673,160
10673,6527
10674,4813
10675,5088
10676,1018
10677,6417
10678,2814
10679,1924
10680,6949
10681,1458
10682,6417
10683,5387
10684,1503
10685,6437
10686,1587
10687,6158
10688,1181
10689,134
10690,112
10691,1853
10692,2437
10693,6453
10694,5421
10695,6875
10696,6417
10697,5903
10698,3805
10699,201
10700,865
10701,1977
10702,1977
10703,3520
10704,3947
10705,6517
10706,4844
10707,493
10708,1160
10709,1682
10710,1724
10711,207
10712,6417
10713,6417
10714,3659
10715,6859
10716,4602
10717,1827
10718,4506
10719,5610
10719,6077
10720,3269
10721,6417
10722,4817
10723,2276
10723,5655
10724,6417
10725,4962
10725,6353
10726,2237
10727,6417
10728,6417
10729,6749
10730,4191
10731,6273
10732,6242
10733,5492
10734,1133
10735,2265
10736,6710
10737,1141
10738,6183
10739,2089
10740,2079
10741,6296
10742,1606
10743,6236
10744,64
10745,1360
10746,6382
10747,5309
10748,2298
10749,6417
10750,6849
10751,2592
10752,5912
10753,4591
10754,2693
10755,4842
10756,5384
10757,5170
10758,2288
10759,5099
10760,375
10761,4042
10761,5222
10762,6417
10763,4736
10764,718
10764,5403
10765,6417
10766,6417
10767,6417
10768,6779
10769,6417
10770,5075
10771,6417
10772,3674
10772,5924
10773,466
10774,6417
10775,5402
10776,6417
10777,1793
10778,1803
10779,1859
10780,1859
10781,4550
10782,4043
10783,6671
10784,5922
10785,6417
10786,1702
10787,6481
10788,5507
10789,1952
10790,6417
10791,6417
10792,2346
10793,1133
10794,4576
10795,6417
10796,4467
10797,6417
10798,4504
10799,3471
10800,4998
10801,6210
10802,2526
10803,5602
10804,5368
10805,3505
10806,5112
10807,6417
10808,6417
10809,6226
10810,6417
10811,7182
10812,6630
10813,3092
10814,7078
10815,1618
10816,4440
10817,5835
10818,3628
10819,7152
10820,3575
10821,5683
10822,4914
10823,2114
10824,7078
10825,5302
10826,5239
10827,5239
10828,6417
10829,4246
10830,1059
10831,7067
10832,1690
10833,5172
10834,5639
10835,4004
10836,3364
10837,2472
10838,5149
10839,5350
10840,6417
10841,6417
10842,5950
10843,717
10844,6417
10845,5379
10846,963
10847,131
10848,6417
10849,6417
10850,5781
10851,4694
10852,981
10853,936
10854,6417
10855,4272
10856,5053
10857,4354
10858,6571
10859,6531
10860,3769
10861,4479
10862,6316
10863,61
10864,3464
10865,1574
10866,1402
10867,2547
10868,3021
10869,6810
10869,7082
10870,5179
10871,587
10872,1482
10873,4100
10874,6417
10875,6417
10876,1562
10877,239
10878,4971
10879,5671
10880,6417
10881,1366
10882,2199
10883,993
10884,783
10885,4058
10886,3665
10887,4268
10888,6087
10889,6814
10890,1438
10891,5384
10892,4528
10892,7209
10893,1151
10894,1890
10895,3589
10896,3549
10897,1890
10898,6417
10899,764
10900,5782
10901,2109
10902,5456
10903,3974
10904,6793
10905,2709
10906,7044
10907,6377
10908,2798
10909,1387
10909,5593
10910,6417
10911,1452
10912,6417
10913,4223
10914,6417
10915,3507
10916,3259
10917,2419
10917,3142
10918,6417
10919,6417
10920,6417
10921,592
10922,6417
10923,6417
10924,6417
10925,2028
10926,4212
10927,2783
10928,5827
10929,6417
10930,5151
10931,64
10932,6776
10933,5662
10934,4482
10935,3076
10936,6417
10937,6417
10938,1017
10939,1111
10939,4686
10940,4648
10941,6400
10942,7144
10943,6417
10944,3657
10944,5863
10945,6417
10946,6417
10947,6417
10948,2421
10949,5455
10950,3232
10951,2914
10952,5991
10953,381
10953,6570
10954,3290
10955,6417
10956,6004
10956,6734
10957,968
10958,6417
10959,4213
10959,6953
10960,5371
10961,6417
10962,3290
10963,5991
10964,6417
10965,3290
10966,6417
10967,6417
10968,3290
10969,3290
10970,3290
10971,5277
10972,6417
10973,6417
10974,6417
10975,3962
10976,2326
10977,5857
10978,6417
10979,6417
10980,6417
10981,2975
10982,5857
10983,3017
10983,6423
10984,394
10985,2041
10986,6417
10987,3883
10988,4557
10989,7214
10990,2350
10991,3541
10992,6417
10993,1713
10994,4507
10995,6417
10996,6417
10997,6417
10998,795
10999,64
11000,6957
11001,6987
11002,5513
11003,2686
11004,6169
11005,2796
11005,3606
11006,333
11007,683
11008,3318
11009,647
11010,1079
11011,1259
11011,4293
11012,3557
11013,6417
11014,651
11015,7036
11016,95
11017,1097
11018,6417
11019,2112
11020,2905
11021,3330
11021,5993
11022,7157
11023,2915
11024,1361
11025,6417
11026,915
11027,1458
11028,4573
11029,2603
11030,66
11031,2851
11032,3519
11033,2512
11034,3318
11035,7039
11036,7039
11037,7143
11038,3084
11039,6603
11040,6417
11041,6417
11042,4319
11043,6175
11044,1682
11045,1495
11046,3698
11047,1610
11048,6417
11049,203
11050,6417
11051,1931
11052,6578
11053,1410
11054,5235
11055,4858
11056,361
11057,6417
11058,6417
11059,6346
11060,6417
11061,6417
11062,6417
11063,2080
11064,6417
11065,6417
11066,3152
11067,1969
11068,1326
11069,6417
11070,6417
11071,4853
11072,2627
11073,3019
11073,4868
11074,6417
11075,2390
11076,3066
11077,5888
11078,6417
11079,291
11079,6606
11079,6850
11080,1087
11081,1329
11082,2510
11083,400
11084,6075
11085,6840
11086,2698
11087,6417
11088,6417
11089,3397
11090,3322
11091,7065
11092,4170
11093,7055
11094,1197
11095,6417
11096,1237
11097,5126
11097,6282
11098,5496
11099,2755
11100,3989
11101,3598
11102,3165
11103,3533
11104,7260
11105,5697
11106,6417
11107,5689
11108,6987
11109,1482
11110,6563
11111,6417
11112,2210
11113,3347
11114,2900
11115,6169
11116,4296
11117,3934
11118,3815
11119,4239
11120,2214
11121,6417
11122,6861
11123,6090
11124,4081
11125,6720
11126,765
11127,4229
11128,980
11129,6476
11130,3854
11131,740
11132,6417
11133,3549
11134,228
11135,5907
11136,6417
11137,3169
11138,465
11139,1832
11140,4034
11141,3951
11142,1648
11143,131
11144,6793
11145,137
11146,881
11147,6417
11148,6417
11149,1535
11150,6417
11151,6417
11152,7240
11153,6417
11154,6417
11155,6417
11156,6417
11157,5146
11158,489
11159,229
11160,1496
11161,6417
11162,2182
11163,5877
11164,7254
11165,191
11166,538
11167,1447
11168,2407
11169,2087
11170,4406
11171,6417
11172,6417
11173,325
11174,5285
11175,415
11176,2790
11177,6417
11178,6417
11179,2398
11180,2197
11181,346
11181,3864
11182,6417
11183,7084
11184,6417
11185,1928
11186,6417
11187,4158
11188,284
11188,355
11188,383
11188,1836
11188,1967
11188,4851
11188,4893
11188,6263
11188,6758
11189,6862
11190,4536
11191,2880
11192,1954
11193,2376
11194,5494
11195,6761
11196,4464
11197,6417
11198,1647
11199,6417
11200,7068
11201,3519
11202,1511
11202,4109
11203,1887
11204,1464
11205,6417
11206,3464
11207,6417
11208,2065
11209,6417
11210,6417
11211,6417
11212,1636
11213,656
11214,6417
11215,3787
11216,4970
11217,6417
11218,6417
11219,4278
11220,2117
11221,2040
11222,5976
11223,120
11224,120
11225,2447
11226,4707
11227,2095
11228,6417
11229,460
11229,2117
11230,4312
11231,3782
11232,4853
11233,2475
11234,6417
11235,4485
11236,497
11237,3979
11238,263
11238,719
11238,1901
11238,2064
11238,3299
11238,3842
11238,4658
11238,4705
11238,5049
11238,6446
11238,7068
11239,6477
11240,1375
11241,6417
11242,650
11243,5555
11244,5961
11245,4221
11245,7113
11246,589
11246,699
11246,2264
11246,3033
11246,3055
11246,3510
11246,4797
11246,5144
11246,5381
11246,6931
11247,2812
11248,804
11249,4015
11250,7033
11251,6417
11252,4027
11253,6417
11254,5239
11255,6876
11256,5432
11257,903
11258,7020
11259,1177
11260,5882
11261,862
11262,6417
11263,2477
11264,530
11265,496
11266,6773
11267,5102
11268,1702
11269,854
11270,6415
11271,6417
11272,1322
11273,12
11274,2885
11275,2135
11276,1303
11277,5754
11278,3085
11278,4562
11279,1564
11279,2176
11280,6417
11281,1563
11281,3144
11282,3579
11283,854
11284,1084
11285,955
11286,1688
11287,6417
11288,6478
11289,1317
11290,4059
11290,5867
11291,6417
11292,4685
11293,6417
11294,5774
11295,2878
11296,6967
11297,3129
11298,3533
11299,1457
11300,6417
11301,6417
11302,6417
11303,2461
11304,436
11305,2253
11306,1490
11307,1678
11308,6392
11309,4273
11310,2244
11311,3170
11312,335
11313,6417
11314,2916
11315,3709
11316,266
11317,5436
11318,1367
11319,4262
11320,5155
11321,4488
11322,2089
11323,6417
11324,1600
11325,2871
11326,29
11327,3850
11328,5774
11329,4172
11329,5417
11330,6417
11331,4743
11332,4453
11333,1071
11334,6103
11334,6785
11335,3268
11336,2526
11336,3333
11337,4038
11337,7008
11338,6417
11339,2647
11340,6417
11341,2229
11341,4217
11342,4456
11343,867
11344,6417
11345,2094
11346,5788
11347,6417
11348,4459
11349,7116
11350,5148
11351,600
11351,2749
11352,5940
11353,5015
11354,6417
11355,5869
11356,1329
11357,755
11358,6417
11359,59
11360,5622
11361,6417
11362,1582
11363,1201
11364,4461
11364,7076
11365,6417
11366,5804
11367,968
11368,5334
11368,5486
11369,1069
11370,6417
11371,4695
11372,4756
11372,6820
11373,3387
11374,3117
11375,2507
11376,1363
11377,1567
11377,6199
11378,6223
11379,6417
11380,368
11381,6387
11382,3287
11383,4648
11384,6485
11385,3709
11386,6417
11387,2758
11388,768
11389,2968
11390,3340
11390,5674
11391,2438
11392,1910
11392,4567
11393,3901
11394,4170
11395,1352
11396,6417
11397,6023
11398,994
11399,1873
11400,6190
11401,151
11402,341
11402,1411
11402,2958
11402,4696
11402,5582
11403,6417
11404,7136
11405,6417
11406,6417
11407,6417
11408,6417
11409,6417
11410,4480
11411,4577
11412,5865
11413,6417
11414,1105
11415,953
11416,4435
11417,5430
11418,6417
11419,6417
11420,1219
11421,4831
11422,4305
11423,5883
11424,5877
11425,2832
11426,6417
11427,2055
11428,4424
11429,6065
11430,2586
11431,6158
11432,6417
11433,6417
11434,3267
11435,3267
11436,6417
11437,6417
11438,3101
11439,6417
11440,5601
11441,4921
11442,6114
11443,1702
11444,6417
11445,1417
11446,6417
11447,6811
11448,6417
11449,2293
11450,6417
11451,2293
11452,1095
11453,1095
11454,6417
11455,6325
11456,2369
11457,6417
11458,6417
11459,6453
11460,3193
11461,6843
11462,2307
11463,4893
11464,6605
11465,302
11466,2435
11467,3636
11468,5689
11469,7233
11470,2793
11471,6417
11472,5507
11473,660
11473,5134
11474,3147
11475,1747
11476,4627
11477,7067
11478,4570
11479,7067
11480,2403
11481,3482
11482,4548
11483,508
11484,4152
11485,1944
11485,6241
11486,1061
11486,5125
11487,524
11488,1849
11489,3934
11490,3552
11491,3692
11492,6417
11493,6417
11494,6417
11495,5293
11496,5547
11497,5548
11498,1899
11499,6417
11500,6417
11501,6417
11502,328
11503,1887
11504,4193
11505,4413
11506,5738
11507,3344
11508,6417
11509,854
11510,4124
11511,444
11512,444
11513,2842
11514,444
11515,4154
11516,444
11517,3377
11518,6417
11519,6744
11520,3122
11521,3380
11522,6417
11523,6417
11524,2758
11525,5975
11526,3041
11527,836
11527,2744
11528,1004
11529,6417
11530,4824
11531,2414
11532,919
11533,5663
11534,1786
11535,1164
11536,5004
11537,4246
11538,5067
11539,6417
11540,2536
11540,6722
11541,5789
11542,6434
11543,6417
11544,4963
11545,4103
11546,6464
11547,5518
11548,6417
11549,6417
11550,3554
11551,6258
11552,7074
11553,6417
11554,1399
11555,2884
11556,1371
11556,3457
11557,4020
11558,6417
11559,1151
11560,2230
11561,2781
11562,2620
11563,6364
11564,4764
11565,5790
11566,6931
11567,1094
11568,7067
11569,6958
11570,2205
11571,6417
11572,3104
11573,6893
11574,5204
11574,7087
11575,4349
11576,1044
11577,6613
11578,6417
11579,4997
11580,5266
11581,6417
11582,1444
11583,6068
11584,6880
11585,4914
11586,4914
11587,6851
11588,7103
11589,5392
11590,1702
11591,653
11592,118
11593,6417
11594,6417
11595,6417
11596,6417
11597,1904
11598,998
11599,5251
11600,6417
11601,3484
11602,7054
11603,6417
11604,4013
11605,4748
11606,7134
11607,6417
11608,6325
11609,6004
11609,6734
11610,6678
11611,3245
11612,4655
11613,5761
11614,5071
11615,2267
11616,2519
11617,1329
11617,5776
11618,650
11619,6756
11620,2632
11621,5858
11622,6417
11623,6344
11624,1233
11625,856
11626,756
11627,1610
11628,3860
11629,2173
11630,5940
11631,3735
11632,3724
11633,2812
11634,2021
11634,5741
11634,7230
11635,5979
11636,155
11637,3096
11638,7033
11639,4459
11640,2597
11641,5247
11642,2237
11643,6417
11644,3005
11645,2935
11646,6417
11647,994
11648,1995
11649,730
11650,6417
11651,6417
11652,3625
11653,3944
11654,4353
11655,5734
11656,449
11657,770
11658,36
11659,6417
11660,4330
11661,3933
11661,6350
11662,6417
11663,4357
11664,1826
11665,6613
11666,2241
11667,6212
11668,2974
11669,2468
11670,903
11671,6417
11672,6366
11673,4585
11674,3047
11675,6433
11676,4810
11677,2448
11678,687
11679,6417
11680,390
11681,5455
11682,2479
11683,7154
11684,811
11685,894
11686,1379
11687,4519
11687,4687
11688,117
11689,5784
11690,516
11690,3522
11691,7127
11692,4963
11693,5841
11694,3533
11695,4346
11695,6998
11696,6417
11697,6649
11698,153
11699,6324
11700,5197
11701,6417
11702,2673
11703,3652
11704,6861
11705,6044
11705,6106
11706,2719
11706,3331
11707,5476
11708,6417
11709,6417
11710,5997
11711,7086
11712,5037
11713,7020
11714,537
11715,5487
11716,6414
11717,5106
11718,1540
11719,6417
11720,2251
11721,4480
11722,6417
11723,6812
11724,5582
11724,6891
11725,704
11726,6417
11727,7188
11728,119
11729,2084
11730,3854
11731,2148
11732,1720
11733,4083
11734,3875
11735,353
11736,1506
11737,6577
11738,5468
11739,3234
11740,6136
11741,1126
11742,2070
11743,6127
11744,4263
11745,2293
11746,5970
11747,5384
11748,1434
11749,2779
11750,6417
11751,2743
11752,1887
11753,6892
11754,962
11754,3507
11755,4223
11756,2006
11757,3777
11758,6417
11759,3808
11760,6417
11761,3808
11762,2117
11763,6417
11764,6464
11765,1782
11766,6589
11767,6417
11768,6287
11769,4948
11770,3630
11771,727
11772,5368
11773,4622
11774,6266
11775,5583
11776,225
11777,1540
11778,6417
11779,5095
11780,6417
11781,4390
11782,4223
11783,1314
11784,1314
11785,4488
11786,3492
11787,6417
11788,4203
11789,3630
11790,1014
11791,6417
11792,6417
11793,4566
11794,6671
11795,872
11796,444
11797,4379
11798,6417
11799,1743
11800,5842
11801,6417
11802,6417
11803,988
11803,2765
11803,3776
11804,6417
11805,6417
11806,1359
11807,3903
11808,6617
11809,5130
11810,6458
11811,1813
11812,3393
11813,7039
11814,6417
11815,7215
11816,3628
11817,6417
11818,7086
11819,5910
11820,451
11821,6417
11822,1181
11823,6417
11824,6417
11825,6417
11826,4563
11827,1929
11828,6417
11829,7067
11830,1133
11831,5484
11832,6138
11833,5871
11834,3534
11835,2193
11836,6417
11837,393
11838,1460
11839,4157
11840,5484
11841,138
11842,4320
11843,2207
11844,5346
11845,5168
11846,6865
11847,1479
11848,3492
11849,2858
11850,4282
11851,5200
11852,4473
11853,6417
11854,3080
11855,5360
11856,4534
11857,4170
11858,919
11859,470
11859,1796
11860,7036
11861,2891
11862,650
11863,1995
11864,4061
11865,6607
11866,2255
11867,2300
11868,6239
11869,5322
11870,6417
11871,6417
11872,3583
11873,2719
11874,4292
11875,1552
11876,5372
11877,2739
11878,2320
11879,6266
11880,4793
11881,6613
11882,799
11883,6362
11884,116
11885,1062
11885,3852
11886,253
11887,6035
11888,2913
11889,5639
11890,6417
11891,2003
11892,6417
11893,5738
11894,6284
11895,1727
11896,4746
11896,5505
11897,6417
11898,6087
11899,993
11900,5199
11901,4653
11902,5199
11903,1424
11904,1133
11905,3671
11906,906
11907,6758
11908,3497
11909,5865
11910,1700
11911,255
11912,7073
11913,6992
11914,5461
11915,2152
11916,2308
11917,2770
11917,4675
11918,2663
11918,4395
11919,255
11920,4999
11921,5866
11922,2288
11923,1104
11924,4278
11925,2265
11926,5898
11927,854
11928,1575
11929,5540
11930,4645
11930,5873
11931,1927
11932,1651
11933,428
11934,3028
11935,5758
11936,909
11936,6776
11937,6417
11938,3328
11939,6417
11940,3328
11941,4477
11942,2870
11943,3622
11944,2870
11945,919
11946,5315
11947,1155
11948,6462
11949,6417
11950,6417
11951,6417
11952,2794
11953,1361
11953,2887
11954,1361
11955,419
11956,1199
11957,4162
11957,7125
11958,1329
11959,3498
11960,490
11961,6958
11962,5726
11963,7018
11964,6417
11965,3239
11966,6104
11967,2722
11968,6020
11968,6387
11969,1442
11969,5745
11970,1181
11971,3399
11972,3271
11973,6417
11974,7245
11975,4557
11976,7067
11977,4862
11978,4862
11979,1929
11980,2821
11981,4456
11982,1698
11983,6669
11984,473
11985,6743
11986,4862
11987,5528
11988,3962
11989,5187
11990,4557
11991,2193
11992,3102
11993,1239
11994,6417
11995,19
11996,506
11997,179
11998,3586
11998,6836
11999,6343
12000,2764
12001,5774
12002,1868
12003,1022
12004,5050
12005,5520
12006,6417
12007,5065
12008,369
12009,6417
12010,978
12011,7190
12012,61
12013,1046
12014,1555
12015,3268
12016,6417
12017,2824
12018,7119
12019,7119
12020,43
12021,783
12022,4873
12023,4444
12024,2743
12025,6417
12026,6417
12027,410
12027,6028
12028,3370
12028,4169
12029,3962
12030,365
12031,320
12032,5157
12033,6348
12033,7085
12034,5470
12035,1590
12036,6417
12037,668
12038,1392
12039,2631
12040,4065
12041,2261
12042,6417
12043,1133
12044,961
12044,2789
12045,961
12045,2789
12046,6429
12047,972
12048,2790
12049,1698
12050,5484
12051,3513
12052,4057
12053,5328
12054,3533
12055,6417
12056,3182
12057,4989
12058,5511
12059,5391
12060,5098
12061,2117
12062,7106
12063,214
12064,2696
12065,3743
12066,6417
12067,5423
12068,6417
12069,2265
12070,1006
12071,2001
12072,6417
12073,3964
12074,3995
12075,5511
12076,4262
12077,6417
12078,6765
12079,6765
12080,6417
12081,5328
12082,6417
12083,1898
12084,6417
12085,3957
12086,6417
12087,7039
12088,3633
12089,7067
12090,121
12090,6485
12091,4174
12092,4574
12093,3534
12094,7078
12095,1713
12096,6417
12097,4599
12098,5706
12099,1743
12100,3004
12101,3414
12102,6417
12103,7039
12104,6417
12105,1458
12106,5774
12107,5774
12108,3466
12109,343
12110,1596
12111,2959
12112,1581
12113,6417
12114,5774
12115,6417
12116,2573
12117,6417
12118,942
12119,6417
12120,1610
12121,4574
12122,6417
12123,828
12124,6417
12125,1882
12126,6286
12127,5994
12128,6417
12129,6417
12130,1975
12131,4692
12132,3828
12133,6485
12134,6102
12135,1133
12136,5926
12137,651
12138,2154
12139,651
12140,5877
12141,27
12142,4262
12143,505
12144,6485
12145,4010
12146,6094
12147,1743
12148,4692
12149,5830
12150,6475
12151,5774
12152,4692
12153,7012
12154,209
12155,6811
12156,1128
12157,964
12158,5550
12159,854
12160,4539
12160,5907
12161,2630
12161,5470
12162,854
12163,5195
12164,6417
12165,6137
12166,2872
12167,1869
12168,2629
12169,5701
12170,338
12170,2021
12170,2195
12170,2323
12170,5741
12170,7149
12171,857
12171,892
12171,926
12171,2557
12171,2761
12171,3681
12171,4080
12171,5246
12171,6520
12171,6820
12172,3714
12173,1702
12174,2350
12175,1702
12176,3509
12177,455
12178,7044
12179,6508
12180,6417
12181,6113
12182,5774
12183,2872
12184,4945
12185,3488
12186,2453
12187,6417
12188,4777
12189,5086
12190,3630
12191,3972
12192,3328
12193,5736
12194,6417
12195,6417
12196,4081
12197,3360
12198,3533
12199,6417
12200,2900
12201,1329
12202,6179
12203,4036
12204,6369
12205,808
12206,6325
12207,6417
12208,6417
12209,2072
12210,6431
12211,1604
12212,4525
12213,993
12214,1648
12215,7020
12216,1571
12217,2060
12218,6417
12219,573
12220,2052
12221,296
12222,1890
12223,425
12224,6417
12225,6557
12226,1306
12227,6417
12228,6557
12229,5239
12230,2905
12231,6417
12232,6842
12233,6417
12234,5194
12235,2477
12236,1405
12237,6417
12238,1753
12239,6417
12240,3729
12241,6417
12242,6417
12243,3972
12244,4459
12245,1610
12246,7019
12247,6642
12248,6417
12249,3328
12250,4896
12251,3276
12252,5629
12253,2003
12254,3059
12255,2993
12255,6623
12256,2953
12256,7252
12257,6417
12258,6417
12259,1904
12260,2435
12261,1417
12262,1744
12263,1398
12264,5580
12265,2605
12266,722
12266,4185
12267,1819
12268,590
12269,6813
12270,5175
12271,650
12272,85
12273,2746
12274,352
12275,5876
12276,6602
12277,854
12278,2102
12279,3478
12280,2564
12281,574
12282,6417
12283,4106
12284,1692
12285,6868
12286,6417
12287,4915
12288,3230
12289,6417
12290,3579
12291,4269
12292,1355
12293,4833
12294,3815
12295,4968
12296,237
12297,2853
12298,1731
12299,6417
12300,6417
12301,7032
12302,4607
12303,6417
12304,2654
12305,1557
12306,4431
12307,6417
12308,364
12309,6396
12310,4162
12310,7125
12311,2890
12312,558
12313,6610
12314,1079
12315,6417
12316,4640
12317,6951
12318,4298
12319,6118
12320,1480
12321,3404
12322,6021
12323,6417
12324,6417
12325,6417
12326,2301
12327,2600
12328,3508
12329,6417
12330,6417
12331,3658
12332,6417
12333,2885
12334,5882
12335,10
12336,1957
12336,6329
12337,6417
12338,6417
12339,6417
12340,6417
12341,404
12342,1320
12343,2616
12344,5268
12345,4125
12346,2154
12347,6417
12348,2101
12349,1346
12350,984
12351,6739
12352,29
12353,6095
12354,3359
12355,6095
12356,5634
12357,1351
12357,5608
12358,4778
12359,1351
12359,5608
12360,6046
12361,5208
12362,552
12363,4347
12364,2839
12365,3822
12366,3518
12367,200
12367,3257
12368,3490
12369,2620
12370,2357
12371,3515
12372,7020
12373,6417
12374,2434
12375,6127
12376,654
12377,6417
12378,3850
12379,6207
12380,4153
12381,3736
12382,1663
12383,2091
12383,4233
12384,5479
12385,2830
12386,6417
12387,6417
12388,6630
12389,6472
12390,3208
12391,7054
12392,7054
12393,5639
12394,6113
12395,584
12396,119
12397,2500
12398,6417
12399,6417
12400,6942
12401,5323
12402,320
12403,2900
12404,2225
12405,1097
12406,4782
12407,6656
12408,1006
12409,4679
12410,1291
12411,3356
12412,214
12413,2054
12414,6169
12415,6417
12416,5374
12417,2281
12418,7007
12419,496
12420,1610
12421,4778
12422,1675
12423,5791
12424,5206
12425,3053
12426,2110
12427,281
12428,4057
12429,4057
12430,650
12431,6301
12432,971
12433,6417
12434,3607
12435,3628
12436,2055
12437,6417
12438,6417
12439,4996
12440,1105
12441,2847
12442,3970
12443,4308
12444,3815
12445,1952
12446,3308
12447,3997
12448,5774
12449,290
12450,2356
12451,4410
12452,1557
12453,654
12454,530
12455,2482
12456,6417
12457,6417
12458,101
12459,6417
12460,900
12461,4092
12462,6517
12463,4567
12463,6008
12464,186
12465,6417
12466,3208
12467,4305
12468,1945
12469,580
12470,2519
12471,1438
12472,6417
12473,343
12474,5189
12475,4459
12476,5828
12477,2578
12478,496
12479,595
12480,6417
12481,3250
12482,3494
12483,6417
12484,204
12485,4777
12486,2244
12487,4983
12488,406
12489,5445
12490,2538
12491,6417
12492,6417
12493,3661
12494,5180
12494,5406
12495,417
12496,4262
12497,6453
12498,6289
12499,5287
12500,2044
12501,6417
12502,7052
12503,3301
12504,6739
12505,6417
12506,6417
12507,6417
12508,5774
12509,3114
12510,608
12511,6417
12512,3283
12513,4459
12514,1635
12515,4163
12516,2086
12517,6952
12518,1977
12519,6635
12520,905
12521,6635
12522,6785
12523,2431
12524,6919
12525,7054
12526,6417
12527,4483
12528,4010
12529,1973
12530,6417
12531,6417
12532,1434
12533,6417
12534,6417
12535,6417
12536,2513
12537,5755
12538,6417
12539,428
12540,688
12541,6417
12542,6417
12543,6670
12544,2197
12545,6417
12546,6494
12547,3139
12548,6417
12549,6796
12550,1042
12551,139
12552,6417
12553,6417
12554,6417
12555,10
12556,1908
12557,2449
12558,6417
12559,6417
12560,6842
12561,5509
12562,2433
12563,7229
12564,4602
12565,6417
12566,1193
12567,5054
12568,2008
12569,6945
12570,2589
12571,516
12571,3522
12572,6670
12573,4612
12574,6792
12575,6686
12576,3962
12577,2452
12578,5255
12579,6830
12580,2180
12581,6417
12582,6069
12583,6108
12584,1006
12585,3566
12586,1284
12587,5959
12588,6417
12589,4338
12590,4175
12591,5124
12591,5152
12592,738
12593,2446
12594,3946
12595,6417
12596,6890
12597,5473
12598,1458
12599,580
12600,5845
12601,4717
12602,2661
12603,5661
12604,165
12605,979
12605,1218
12606,2661
12607,1432
12608,7005
12609,5486
12610,6314
12611,7124
12612,2355
12613,1648
12614,6417
12615,231
12615,3965
12616,4913
12617,462
12617,1008
12617,1288
12617,3335
12618,1485
12618,2430
12619,1380
12620,2519
12621,2592
12622,2592
12623,3947
12624,6417
12625,6653
12626,5285
12627,3181
12628,4171
12629,418
12630,406
12631,1051
12632,6417
12633,2872
12634,3460
12635,5003
12636,4419
12637,7109
12638,6481
12639,3673
12640,2519
12641,903
12642,3972
12643,3642
12644,1406
12645,929
12646,4912
12647,6420
12648,290
12649,6417
12650,6417
12651,974
12652,6417
12653,6417
12654,6417
12655,7216
12656,4960
12657,2259
12657,6386
12658,5913
12659,6417
12660,5383
12661,6417
12662,6417
12663,6417
12664,6417
12665,6417
12666,6417
12667,6417
12668,6417
12669,3305
12670,6417
12671,6417
12672,6417
12673,6417
12674,5264
12675,6417
12676,6417
12677,4253
12678,6417
12679,6417
12680,224
12681,6417
12682,5495
12683,1272
12684,1407
12685,6417
12686,1365
12686,2412
12686,3088
12687,6417
12688,6417
12689,6417
12690,6417
12691,1041
12692,6417
12693,5992
12694,6417
12695,6417
12696,6417
12697,7200
12698,6417
12699,6417
12700,6417
12701,6417
12702,6856
12703,1646
12703,4326
12704,6417
12705,6417
12706,6417
12707,6417
12708,6417
12709,430
12710,6417
12711,6417
12712,6417
12713,6417
12714,6417
12715,6417
12716,6417
12717,6417
12718,6417
12719,6417
12720,6417
12721,6417
12722,6417
12723,1274
12724,6417
12725,6417
12726,6417
12727,6417
12728,6417
12729,6417
12730,6417
12731,6417
12732,6417
12733,6417
12734,6417
12735,6417
12736,6417
12737,6417
12738,6417
12739,6417
12740,6417
12741,6417
12742,6417
12743,6417
12744,6417
12745,6417
12746,6417
12747,6417
12748,6417
12749,6417
12750,6417
12751,6417
12752,6417
12753,6417
12754,6417
12755,1702
12756,6417
12757,6417
12758,6332
12759,6417
12760,6128
12761,6417
12762,6417
12763,6417
12764,6417
12765,6417
12766,6417
12767,6417
12768,6417
12769,3796
12770,6417
12771,6417
12772,2404
12773,6417
12774,6417
12775,6417
12776,6417
12777,5261
12778,6417
12779,6417
12780,6417
12781,6417
12782,6417
12783,2045
12784,6417
12785,6417
12786,6417
12787,2821
12788,2674
12789,6417
12790,6417
12791,6417
12792,6417
12793,6417
12794,842
12795,6417
12796,842
12797,6417
12798,6417
12799,238
12800,7025
12801,6417
12802,279
12803,6417
12804,6417
12805,6417
12806,6417
12807,6417
12808,3258
12809,4722
12810,6417
12811,6417
12812,6417
12813,6417
12814,5857
12815,6417
12816,6417
12817,6417
12818,6417
12819,6417
12820,6417
12821,6417
12822,6417
12823,6417
12824,6417
12825,3859
12825,4449
12825,4670
12826,6417
12827,6417
12828,798
12829,6417
12830,2237
12831,6417
12832,6417
12833,6417
12834,6417
12835,6417
12836,6417
12837,6417
12838,6417
12839,6417
12840,6160
12841,6417
12842,3602
12843,4337
12844,6417
12845,6417
12846,5085
12847,6417
12848,6417
12849,6417
12850,6417
12851,6417
12852,2559
12852,6818
12853,6417
12854,5118
12855,4490
12856,6417
12857,6417
12858,1550
12859,6417
12860,6417
12861,6417
12862,6417
12863,6417
12864,1660
12865,6417
12866,6417
12867,6417
12868,6417
12869,6417
12870,5573
12871,6417
12872,6417
12873,6417
12874,6417
12875,6417
12876,6417
12877,6417
12878,6417
12879,6417
12880,6417
12881,6417
12882,6417
12883,6417
12884,6417
12885,6417
12886,6417
12887,2404
12887,4613
12888,7150
12889,6417
12890,6417
12891,6417
12892,401
12892,6905
12893,6417
12894,558
12895,360
12896,6417
12897,6417
12898,6417
12899,6417
12900,3441
12901,6417
12902,3267
12903,6417
12904,3903
12905,6417
12906,4818
12907,6417
12908,6417
12909,308
12910,964
12911,772
12912,6417
12913,6417
12914,5221
12914,6367
12915,6417
12916,6417
12917,6417
12918,6417
12919,6417
12920,6417
12921,6417
12922,6417
12923,6959
12924,6417
12925,6417
12926,2197
12927,3705
12928,6417
12929,6417
12930,6417
12931,3916
12932,6417
12933,6417
12934,6417
12935,6417
12936,6417
12937,6417
12938,6417
12939,662
12940,6417
12941,6417
12942,4565
12943,3812
12944,859
12945,6417
12946,6417
12947,4255
12948,6417
12949,6417
12950,6417
12951,6417
12952,6417
12953,6417
12954,6417
12955,6417
12956,2934
12957,6417
12958,6417
12959,133
12959,6928
12960,6417
12961,3428
12962,2934
12963,6417
12964,6417
12965,6417
12966,6417
12967,6417
12968,6417
12969,6417
12970,6417
12971,6417
12972,5720
12973,6417
12974,6417
12975,6417
12976,6417
12977,6417
12978,6417
12979,6417
12980,6417
12981,6417
12982,6417
12983,6417
12984,6417
12985,6417
12986,6417
12987,6417
12988,6417
12989,6417
12990,6417
12991,6417
12992,6417
12993,6417
12994,6417
12995,6417
12996,6417
12997,6417
12998,6417
12999,6417
13000,6417
13001,6417
13002,6417
13003,6417
13004,4802
13005,6417
13006,7005
13007,6417
13008,6417
13009,6417
13010,6417
13011,6417
13012,6417
13013,6417
13014,6417
13015,6417
13016,6417
13017,6417
13018,829
13019,3052
13020,3346
13021,392
13022,391
13023,2559
13023,6818
13024,4176
13025,6417
13026,6417
13027,6417
13028,6417
13029,6417
13030,6417
13031,6417
13032,6417
13033,6417
13034,6417
13035,6417
13036,6417
13037,6417
13038,5354
13038,6558
13039,175
13040,6417
13041,6417
13042,6417
13043,6417
13044,6417
13045,6417
13046,6417
13047,6417
13048,6417
13049,6417
13050,6417
13051,6417
13052,6417
13053,5498
13054,6417
13055,6417
13056,6417
13057,6417
13058,6417
13059,6417
13060,6417
13061,6417
13062,6417
13063,6417
13064,6417
13065,6417
13066,7040
13067,6417
13068,6417
13069,2559
13069,6818
13070,1307
13070,5562
13071,6417
13072,6417
13073,6852
13074,6417
13075,4357
13076,6417
13077,6417
13078,6417
13079,6417
13080,6417
13081,1829
13082,6417
13083,5589
13084,6417
13085,6417
13086,6417
13087,6417
13088,1118
13089,6417
13090,6417
13091,6417
13092,6417
13093,6417
13094,1843
13095,6417
13096,6417
13097,6417
13098,6417
13099,6417
13100,3167
13101,6465
13102,3730
13103,6417
13104,4628
13105,6417
13106,4541
13107,6417
13108,560
13108,2408
13108,3079
13108,3288
13108,3317
13108,3785
13108,5111
13108,6006
13109,6417
13110,6417
13111,198
13112,6417
13113,6417
13114,6417
13115,6417
13116,6417
13117,6417
13118,6417
13119,3887
13120,6417
13121,6417
13122,6417
13123,6417
13124,6417
13125,3566
13126,6417
13127,4676
13128,6417
13129,6417
13130,4676
13131,6417
13132,6417
13133,6417
13134,2291
13134,3061
13135,6800
13136,6417
13137,7258
13138,6417
13139,7258
13140,6417
13141,6417
13142,6417
13143,5003
13144,6417
13145,5043
13146,6417
13147,6417
13148,6417
13149,6417
13150,6417
13151,6417
13152,6417
13153,6417
13154,6417
13155,6417
13156,6417
13157,6417
13158,6417
13159,1384
13160,6417
13161,2387
13161,4363
13161,5076
13161,6910
13161,7161
13162,1712
13162,5066
13163,6417
13164,6417
13165,6417
13166,6417
13167,6417
13168,2679
13169,6417
13170,6373
13171,6417
13172,6417
13173,3380
13174,6417
13175,6417
13176,6417
13177,6417
13178,3730
13179,6417
13180,6417
13181,6417
13182,6417
13183,6417
13184,6417
13185,6417
13186,6417
13187,6417
13188,5565
13189,6417
13190,6417
13191,6417
13192,6417
13193,6417
13194,6417
13195,6417
13196,6417
13197,6417
13198,6417
13199,6417
13200,6417
13201,6417
13202,6417
13203,6417
13204,6417
13205,4975
13206,6417
13207,6417
13208,6417
13209,6417
13210,6417
13211,6417
13212,6417
13213,6417
13214,6417
13215,4444
13216,6417
13217,6238
13218,6417
13219,5702
13220,6417
13221,6417
13222,6417
13223,6417
13224,6102
13225,1581
13226,6417
13227,6417
13228,6417
13229,6417
13230,2815
13231,6417
13232,6417
13233,6417
13234,6417
13235,6417
13236,6417
13237,6417
13238,6417
13239,2232
13239,4346
13240,6417
13241,6417
13242,6417
13243,6417
13244,3977
13245,6417
13246,6417
13247,6417
13248,6417
13249,6417
13250,6417
13251,88
13251,7003
13252,5106
13253,3388
13254,1715
13255,5061
13256,4913
13257,6417
13258,5718
13259,2743
13260,940
13260,4974
13261,3814
13262,4763
13263,7027
13264,451
13265,332
13266,6875
13267,7109
13268,7109
13269,7109
13270,481
13271,4283
13272,4335
13273,4475
13274,294
13275,3947
13276,7109
13277,7109
13278,6822
13279,1424
13280,4401
13281,500
13282,1913
13283,5822
13284,6417
13285,6417
13286,1561
13287,2066
13288,3028
13289,5103
13290,4282
13291,7010
13292,3223
13293,2156
13294,7027
13295,3549
13296,5490
13297,7062
13298,2293
13299,2673
13300,5285
13301,4872
13302,6417
13303,209
13304,4125
13305,5060
13306,5060
13307,5943
13308,4717
13309,3399
13310,6420
13311,2156
13312,2220
13313,3102
13314,1133
13315,4501
13316,6613
13317,6223
13318,6417
13319,5044
13320,6023
13321,3163
13322,654
13323,214
13324,5692
13325,1399
13326,6417
13327,6417
13328,854
13329,3951
13330,4162
13330,7125
13331,6417
13332,1561
13333,3551
13334,7027
13335,6417
13336,1600
13337,1028
13337,1244
13337,2224
13337,4452
13337,5764
13337,6865
13337,6902
13337,7061
13338,6696
13339,6417
13340,418
13341,759
13342,2334
13343,5926
13344,5368
13345,798
13346,6417
13347,2084
13348,7054
13349,5868
13350,6605
13351,3815
13352,6362
13353,981
13354,6004
13354,6734
13355,2039
13356,4831
13357,1819
13358,1128
13359,3518
13360,5123
13361,1590
13362,6417
13363,5384
13364,5587
13365,4241
13366,6417
13367,544
13368,6813
13369,3869
13370,5302
13371,5774
13372,3554
13373,2877
13374,6503
13375,2600
13376,6391
13377,83
13378,4503
13379,5804
13380,6312
13381,3163
13382,6514
13383,1819
13384,941
13385,7136
13386,1485
13386,2430
13387,1458
13388,4459
13389,4459
13390,3450
13391,2803
13392,4419
13393,3130
13394,2106
13395,5374
13396,4282
13397,1489
13398,1816
13399,4527
13400,2147
13401,5080
13402,5908
13403,3140
13404,6893
13405,544
13406,5037
13407,4573
13408,3470
13409,1221
13410,3484
13411,4346
13411,6998
13412,3642
13413,5436
13414,4963
13415,858
13416,1399
13417,2153
13418,4654
13419,2834
13420,5302
13421,7054
13422,4465
13423,5555
13424,6417
13425,7042
13426,7001
13427,7245
13428,562
13429,4866
13430,4094
13431,5453
13432,4647
13433,2562
13433,6519
13434,2448
13435,1648
13436,4117
13437,7038
13438,119
13439,3990
13440,2159
13441,6417
13442,464
13442,3202
13443,2758
13444,1666
13445,3293
13446,3208
13447,4117
13448,155
13449,568
13450,4088
13451,6417
13452,6542
13453,5117
13454,5718
13455,2493
13456,6417
13457,5736
13458,5534
13459,5487
13460,4836
13461,1269
13462,3989
13463,5618
13464,5470
13465,6880
13466,389
13467,6417
13468,650
13469,6115
13470,6417
13471,6716
13472,2297
13473,4239
13474,4653
13475,6417
13476,519
13477,2894
13478,6657
13479,2872
13480,5432
13481,562
13482,809
13482,3175
13482,3443
13482,3786
13482,4667
13482,5594
13483,5078
13484,6266
13485,6267
13486,1910
13486,6008
13487,6417
13488,854
13489,6607
13490,1181
13491,3696
13492,6417
13493,3099
13494,7076
13495,6417
13496,5629
13497,4969
13498,4061
13499,4263
13500,306
13501,970
13501,1481
13502,725
13503,809
13503,3352
13503,3786
13503,6556
13504,2758
13505,681
13505,1369
13506,2596
13507,6951
13508,5520
13509,6639
13510,6707
13511,1122
13512,3771
13513,5547
13514,1610
13515,6266
13516,968
13517,685
13517,2588
13518,5180
13518,5406
13519,1417
13520,6417
13521,5065
13522,4534
13523,5789
13524,7104
13525,3888
13526,1478
13527,6999
13528,3059
13529,5392
13530,229
13531,900
13532,1890
13533,5662
13534,1971
13535,5726
13536,1890
13537,6420
13538,1819
13539,5534
13540,4846
13540,5559
13541,2596
13542,6842
13543,6417
13544,2974
13545,1602
13545,5285
13546,6573
13547,7062
13548,2643
13549,4459
13550,3267
13551,5904
13552,6062
13553,2702
13554,3052
13555,2218
13556,832
13556,7197
13557,1724
13558,1916
13559,6417
13560,1215
13561,1148
13562,6573
13563,6417
13564,1916
13565,3322
13566,5389
13567,1476
13568,192
13569,2731
13570,104
13571,2037
13571,3992
13572,3008
13573,4029
13574,5639
13575,1425
13576,6861
13577,2476
13578,2867
13579,5003
13580,1185
13581,2900
13582,2396
13583,1953
13584,4332
13585,5902
13586,6417
13587,1748
13588,2401
13589,6782
13590,582
13591,3856
13592,4298
13593,28
13594,1148
13595,2717
13596,6003
13597,3751
13598,4507
13599,4886
13600,112
13601,5259
13602,1261
13602,2570
13603,3423
13604,6417
13605,1995
13606,3972
13607,3869
13608,7015
13609,1318
13610,3781
13611,2598
13612,5804
13613,4238
13613,6253
13614,668
13615,3787
13616,328
13617,2060
13618,5639
13619,2550
13620,2212
13621,2900
13622,2333
13623,4094
13624,1981
13625,301
13626,6167
13627,5150
13628,2052
13629,5759
13630,4835
13630,5716
13631,1855
13632,808
13633,6542
13634,7055
13635,2469
13636,3327
13637,3622
13638,2459
13639,4831
13640,5527
13641,4914
13642,340
13643,674
13644,4440
13645,3624
13646,2167
13647,2411
13648,6704
13649,6650
13650,5030
13651,7039
13652,930
13653,6417
13654,1403
13655,674
13656,1019
13657,5443
13658,5010
13659,1135
13659,4728
13660,5167
13661,516
13661,3522
13662,2092
13663,6417
13664,4187
13665,5894
13666,1046
13667,4608
13668,2469
13669,1483
13670,3134
13671,6383
13672,4097
13673,674
13674,443
13675,6417
13676,4882
13676,6103
13677,6463
13678,4121
13679,5840
13679,5847
13679,6202
13680,6830
13681,1709
13682,6233
13683,6417
13684,5003
13685,6417
13686,4097
13687,4831
13688,2995
13689,6417
13690,987
13691,6767
13692,7258
13693,4543
13694,6417
13695,6410
13696,1648
13697,1425
13698,3561
13699,5300
13700,4585
13701,6192
13702,848
13703,4240
13703,4636
13704,4382
13705,1995
13706,6417
13707,5718
13708,6773
13709,6417
13710,6417
13711,6417
13712,6417
13713,559
13714,1476
13715,6503
13716,5298
13716,6714
13717,1571
13718,5547
13719,4846
13719,5559
13720,6417
13721,6766
13722,5622
13723,6417
13724,20
13725,2181
13726,3263
13727,179
13728,1438
13729,1084
13730,6417
13731,4691
13732,6417
13733,6417
13734,6417
13735,2889
13736,3256
13737,6417
13738,6700
13739,6417
13740,482
13741,3616
13742,538
13743,6501
13744,6417
13745,2508
13746,6417
13747,4607
13748,5858
13749,5287
13750,2090
13751,6417
13752,131
13753,1192
13754,6061
13755,1073
13756,3595
13757,6417
13758,961
13759,6417
13760,4950
13761,2922
13761,4651
13762,3077
13763,7143
13764,2301
13765,6417
13766,6430
13767,1997
13768,5059
13769,6845
13770,1201
13771,3341
13772,2339
13773,6029
13774,2483
13774,3058
13775,6417
13776,4276
13777,392
13778,3997
13779,2698
13780,5591
13781,2237
13782,1090
13782,5033
13783,6417
13784,961
13784,2789
13785,4923
13786,6447
13787,161
13788,4531
13789,2328
13790,5646
13791,7143
13792,6103
13793,3333
13793,6103
13794,2527
13795,4292
13796,1793
13797,596
13797,1726
13798,5611
13799,5312
13800,2647
13801,3215
13802,6417
13803,6212
13804,12
13805,2065
13805,3282
13806,4915
13807,524
13808,7151
13809,5139
13810,7259
13811,384
13812,4813
13813,389
13814,6417
13815,1809
13816,1957
13816,6329
13817,6417
13818,1349
13819,6417
13820,5239
13821,5496
13822,5236
13823,7121
13824,6417
13825,3529
13826,6691
13827,6833
13828,5980
13829,7215
13830,2137
13831,4834
13832,6185
13833,3829
13834,4036
13835,6417
13836,4427
13836,5125
13837,5172
13838,657
13839,5303
13840,2101
13841,4968
13841,5125
13842,1654
13843,3902
13844,2872
13845,6417
13846,6812
13847,6812
13848,1329
13849,458
13849,741
13850,5431
13851,4653
13852,6417
13853,6417
13854,722
13854,4185
13855,6417
13856,6443
13857,1079
13858,6417
13859,6103
13860,1669
13861,4915
13862,5646
13863,1468
13864,7121
13865,3851
13866,5669
13867,3851
13868,483
13869,4545
13870,6417
13871,1673
13872,6215
13873,6417
13874,5754
13875,432
13876,5486
13877,6417
13878,4841
13879,343
13880,6417
13881,2071
13882,6417
13883,5862
13884,6017
13885,6417
13886,911
13887,431
13888,4459
13889,4125
13890,13
13890,1540
13890,5116
13891,6417
13892,5477
13893,6417
13894,3104
13895,5054
13896,2513
13897,7001
13898,6417
13899,1795
13900,6560
13901,981
13902,4963
13903,1318
13904,1836
13905,10
13906,1513
13907,5885
13908,6417
13909,3829
13910,6417
13911,1292
13911,4426
13912,7215
13913,4624
13914,2668
13914,2738
13915,3754
13916,6177
13917,6417
13918,6417
13919,3140
13920,6417
13921,5172
13922,6417
13923,4900
13923,4940
13924,4260
13925,2704
13926,3973
13927,6417
13928,6417
13929,3215
13930,6085
13931,6417
13932,2615
13933,3139
13934,4741
13935,2499
13936,5794
13937,3085
13937,4562
13938,2457
13939,458
13939,4190
13940,316
13941,6417
13942,5946
13943,6417
13944,2197
13945,6417
13946,3545
13947,6065
13948,3545
13949,6417
13950,6417
13951,4431
13952,1826
13953,6417
13954,1329
13955,1143
13955,3204
13955,4671
13956,6417
13957,6417
13958,4469
13959,3813
13960,5199
13961,6417
13962,5862
13963,3413
13964,5554
13965,3272
13966,6382
13967,6417
13968,2890
13969,455
13970,6417
13971,4136
13972,6560
13973,6417
13974,5662
13975,6417
13976,6945
13977,6417
13978,6417
13979,6417
13980,5571
13981,3813
13982,5754
13983,3023
13984,177
13985,3208
13986,5072
13987,3272
13988,6656
13989,5555
13990,1143
13990,4671
13991,3966
13992,5017
13992,6454
13993,1596
13993,7039
13994,6103
13995,1793
13996,6979
13997,4305
13998,4584
13999,5424
13999,7237
14000,6542
14001,1593
14002,3660
14003,2872
14004,4529
14005,1801
14006,2449
14007,3921
14008,530
14009,4301
14010,4637
14011,981
14012,3119
14013,2062
14013,7030
14014,1141
14015,5393
14016,2824
14017,1960
14018,1952
14019,5303
14020,2301
14021,3177
14022,3876
14023,643
14024,7073
14025,690
14026,6790
14027,4024
14028,6417
14029,1600
14030,3164
14031,2938
14032,2594
14033,7092
14034,5936
14035,2483
14035,3058
14036,7078
14037,4057
14038,3164
14039,1114
14039,3935
14040,444
14041,1427
14042,4125
14043,1086
14044,3475
14045,1641
14046,912
14047,5233
14048,6572
14049,1425
14050,5785
14051,1287
14052,987
14053,5026
14054,7006
14055,5314
14056,6417
14057,227
14058,4413
14059,1816
14060,3389
14060,4224
14061,6875
14062,3208
14063,2962
14063,5515
14064,1940
14065,1663
14066,971
14067,6417
14068,4779
14069,6417
14070,650
14071,2967
14072,1478
14073,525
14074,3084
14075,5785
14076,6417
14077,3628
14078,3236
14079,3169
14080,6841
14081,5109
14082,1983
14083,7033
14084,5368
14085,2779
14086,405
14087,1590
14088,6417
14089,1053
14090,6417
14091,6417
14092,6696
14093,3015
14093,4131
14094,964
14095,5662
14096,4103
14097,305
14098,2040
14099,1450
14100,5690
14101,555
14102,4927
14103,6340
14104,6417
14105,6417
14106,6417
14107,833
14108,6999
14109,6665
14110,5003
14111,4390
14111,4719
14112,2084
14113,743
14113,4556
14113,6881
14114,5919
14115,6417
14116,1769
14116,6640
14117,5980
14118,1899
14119,131
14120,7110
14121,1092
14122,1561
14123,4301
14124,6417
14125,6417
14126,4808
14127,320
14128,6417
14129,1600
14130,4953
14131,7042
14132,2207
14133,2880
14134,876
14135,5737
14136,7132
14137,6503
14138,6829
14139,437
14140,4226
14141,5002
14142,6417
14143,5935
14144,4139
14145,3104
14146,6417
14147,6288
14148,6417
14149,1238
14150,6417
14151,1561
14152,5935
14153,1571
14154,6417
14155,3627
14155,6522
14156,3545
14157,6857
14158,2228
14158,4450
14159,1643
14160,1130
14161,6417
14162,241
14163,2162
14164,3912
14165,4557
14166,3261
14167,5935
14168,16
14169,6980
14170,3934
14171,1679
14171,3199
14172,2907
14173,4573
14174,408
14174,1576
14174,2726
14174,4161
14175,2634
14176,1398
14177,1784
14178,1386
14178,4889
14178,5958
14179,163
14180,464
14180,3202
14181,6235
14182,999
14183,5305
14184,3356
14185,5555
14186,1685
14187,1890
14188,464
14188,3202
14189,6417
14190,2631
14191,6117
14192,4222
14193,3550
14194,6417
14195,6731
14196,4056
14197,6417
14198,6417
14199,6417
14200,1561
14201,4028
14202,7033
14203,5037
14204,1131
14205,6107
14206,2915
14207,2841
14208,4777
14209,5303
14210,5285
14211,5445
14212,6417
14213,7207
14214,6417
14215,162
14215,3188
14216,343
14217,4382
14218,3865
14218,5579
14218,5877
14219,7207
14220,4390
14220,4719
14221,496
14222,6417
14223,1485
14223,2430
14224,441
14225,4993
14226,5077
14227,6624
14228,4548
14229,4139
14230,6819
14231,1375
14232,6417
14233,4870
14234,893
14235,280
14236,6417
14237,6417
14238,1887
14239,3642
14240,1438
14241,6417
14242,7073
14243,6235
14244,480
14245,1341
14246,1516
14246,2720
14247,862
14248,3595
14249,2894
14250,2758
14251,6665
14252,5555
14253,7215
14254,3532
14254,4022
14255,6686
14256,7262
14257,6106
14258,5436
14259,4149
14260,2764
14261,1773
14262,6417
14263,4851
14264,6417
14265,2450
14266,32
14267,5862
14268,5774
14269,36
14270,6417
14271,6312
14272,266
14273,2106
14274,1269
14275,1074
14276,1953
14277,3736
14278,4778
14279,6417
14280,6514
14281,4263
14282,3671
14283,3533
14284,2939
14285,5738
14286,5437
14287,5718
14288,4270
14289,4346
14289,6998
14290,4346
14290,6998
14291,4346
14291,6998
14292,6417
14293,2758
14294,6479
14295,2448
14296,5377
14296,5803
14297,936
14298,6999
14299,6417
14300,4549
14301,6417
14302,4948
14303,7123
14304,6417
14305,5926
14306,253
14307,4059
14307,5867
14308,6266
14309,4059
14309,5867
14310,4688
14311,5060
14312,1826
14312,4613
14313,4784
14314,3053
14315,5447
14316,1151
14317,1956
14317,4837
14318,384
14319,5123
14320,4263
14321,2643
14322,7144
14323,1541
14324,3533
14325,2758
14326,6004
14326,6734
14327,5520
14328,5618
14329,3533
14330,6364
14331,4270
14332,1590
14333,2819
14334,894
14335,2904
14336,603
14337,7054
14338,4459
14339,6417
14340,6310
14341,1399
14342,496
14343,768
14344,5904
14345,4749
14346,7178
14347,2016
14348,3055
14349,2016
14350,3569
14351,3533
14352,2613
14353,6417
14354,1782
14355,3293
14356,6880
14357,1561
14358,530
14359,1227
14360,5475
14361,3847
14362,6417
14363,4163
14364,7033
14365,223
14366,4549
14367,6169
14368,7038
14369,305
14370,6417
14371,6560
14372,3803
14373,84
14374,6417
14375,5587
14376,5926
14377,3828
14378,6417
14379,6417
14380,2758
14381,6266
14382,805
14383,5461
14384,343
14385,1615
14386,3059
14387,2592
14388,2746
14389,5583
14390,2495
14390,5001
14390,7155
14391,6417
14392,1865
14393,266
14394,2116
14394,6688
14395,1952
14396,4732
14397,2834
14398,6055
14399,266
14400,6417
14401,1561
14402,6417
14403,3962
14404,237
14405,2991
14406,2939
14407,5928
14408,6417
14409,6702
14410,6417
14411,6021
14412,3152
14413,4826
14414,83
14415,1071
14415,5066
14416,2739
14417,6744
14418,2588
14418,3933
14419,4717
14420,4464
14421,443
14422,336
14423,2540
14424,4345
14425,1470
14426,5618
14427,223
14428,2404
14428,4613
14429,6417
14430,6417
14431,5740
14432,4541
14433,1458
14434,912
14435,3464
14436,49
14436,3371
14437,6417
14438,1458
14439,419
14440,6417
14441,6417
14442,4825
14443,6417
14444,1848
14445,4390
14445,4719
14446,1737
14447,2049
14448,119
14449,4959
14450,3533
14451,7086
14452,4090
14453,3515
14454,7201
14455,6739
14456,7036
14457,661
14458,500
14459,223
14460,5689
14461,6189
14462,2758
14463,6417
14464,4778
14465,1352
14466,418
14467,1610
14467,7166
14468,6999
14469,6417
14470,1325
14471,418
14472,3595
14473,418
14474,993
14475,1909
14476,3678
14477,5732
14478,6417
14479,1590
14480,6417
14481,1590
14482,6417
14483,6758
14484,3059
14485,6031
14486,6417
14487,4903
14488,5774
14489,134
14490,1239
14491,5926
14492,4534
14492,7025
14493,4103
14494,451
14495,1097
14496,5754
14497,6417
14498,2301
14499,6842
14500,2633
14501,7136
14502,4346
14502,6915
14502,6998
14503,6417
14504,6168
14505,3970
14506,3291
14507,2835
14508,608
14509,6417
14510,6417
14511,5507
14512,6417
14513,5066
14513,6281
14514,2103
14515,3850
14516,6681
14517,3970
14518,6417
14519,6839
14520,720
14521,854
14522,745
14523,1458
14524,6417
14525,2500
14526,688
14527,5123
14528,266
14528,310
14528,1234
14528,1706
14528,2341
14528,2722
14528,3699
14528,4409
14528,4760
14528,5483
14528,5789
14528,7054
14528,7125
14529,253
14530,4148
14531,3399
14532,2079
14533,3813
14534,4983
14535,6266
14536,6239
14537,2279
14538,595
14539,6022
14540,3823
14541,1858
14542,1143
14542,4671
14542,5356
14543,4637
14544,2568
14545,407
14546,3813
14547,3813
14548,83
14549,5718
14550,2107
14551,809
14551,6826
14552,595
14552,5639
14553,688
14554,2886
14554,6336
14555,525
14556,1948
14556,2260
14556,5033
14557,625
14558,1707
14558,3228
14558,3889
14558,4753
14559,1604
14560,1006
14561,1079
14562,5774
14563,6687
14564,3464
14565,6999
14566,3609
14567,994
14568,936
14569,6611
14570,525
14571,3888
14572,4162
14572,7125
14573,214
14574,4999
14575,1658
14575,2997
14576,419
14576,2526
14577,7103
14578,451
14579,1513
14580,4282
14581,2794
14581,4884
14581,5788
14582,7020
14583,6417
14584,6417
14585,203
14586,2764
14587,32
14588,4232
14589,83
14590,1582
14590,2974
14591,4232
14592,1590
14593,1610
14594,3059
14595,5374
14596,1100
14597,3940
14598,4169
14598,6099
14599,2704
14600,3665
14601,1536
14602,1995
14603,83
14604,6417
14605,7240
14606,5019
14606,5679
14607,6417
14608,4969
14609,5572
14610,1465
14611,3053
14612,5774
14613,3274
14614,1831
14615,1831
14615,2953
14616,4533
14617,6628
14618,1023
14619,5774
14620,4688
14621,1122
14622,4479
14623,492
14623,1676
14624,6325
14625,5774
14626,2107
14627,1438
14628,5274
14629,5554
14630,2225
14631,5587
14632,316
14633,4162
14633,7125
14634,1561
14635,2972
14636,3566
14637,4232
14638,854
14639,854
14640,4162
14640,7125
14641,1610
14642,837
14643,2055
14644,4162
14644,7125
14645,5774
14646,1434
14647,3425
14647,5898
14648,1716
14649,4465
14650,6602
14651,7086
14652,5274
14652,5705
14653,1561
14654,6993
14655,3714
14656,419
14657,6417
14658,6417
14659,464
14659,3202
14660,555
14661,3059
14662,1158
14663,6417
14664,884
14665,4465
14666,2107
14667,854
14668,6325
14669,6417
14670,2293
14671,7033
14672,6414
14673,1819
14674,464
14674,3202
14675,320
14676,4199
14677,590
14678,1438
14679,3047
14680,1909
14680,2503
14681,702
14681,980
14682,5662
14683,6732
14684,88
14685,6417
14686,343
14687,6417
14688,4616
14689,6362
14690,5722
14691,4999
14692,6266
14693,4029
14694,573
14695,1465
14696,4957
14697,6739
14698,1890
14699,573
14700,97
14701,4808
14702,2890
14703,2112
14704,6453
14705,214
14706,5662
14707,6840
14708,1010
14709,3119
14709,4940
14710,4567
14710,6008
14711,2055
14712,3607
14713,4282
14714,4465
14715,2124
14716,5026
14717,3566
14718,5432
14719,3549
14720,6656
14721,1524
14722,2087
14723,5666
14724,5774
14725,1205
14726,2225
14727,2375
14727,5114
14728,6417
14729,4953
14730,6417
14731,6417
14732,1399
14733,1458
14734,2905
14735,6108
14736,3047
14737,1868
14738,2326
14739,2547
14740,6760
14741,5116
14741,7252
14742,343
14743,7038
14744,6696
14745,5694
14746,6417
14747,5206
14748,5736
14749,3878
14750,980
14750,4869
14751,5736
14752,4464
14753,6417
14754,10
14755,1413
14756,530
14757,4749
14757,5303
14757,5431
14758,5692
14759,2591
14760,2834
14761,3943
14762,1177
14763,1819
14764,6417
14765,1783
14766,1177
14767,6693
14768,2542
14768,4169
14769,32
14770,6464
14771,4889
14771,5958
14772,6836
14773,6055
14774,3813
14775,6417
14776,5547
14777,3874
14778,6417
14779,2292
14780,1177
14781,6417
14782,503
14782,2289
14783,4969
14784,6417
14785,6417
14786,688
14787,6417
14788,6417
14789,1513
14790,837
14791,6880
14792,900
14793,253
14794,6573
14795,6739
14796,1513
14797,343
14798,6919
14799,2091
14799,4233
14800,5694
14800,7241
14801,900
14802,1831
14802,2953
14802,3419
14803,1772
14804,2107
14805,3813
14806,1149
14807,5374
14808,4557
14809,6739
14810,1296
14811,419
14812,343
14813,5126
14814,1831
14814,2953
14815,5662
14816,3566
14817,5774
14818,6417
14819,5147
14820,3491
14821,4255
14822,2039
14823,88
14824,2060
14825,6185
14826,1775
14827,3833
14828,748
14828,2088
14828,4875
14828,5108
14828,5797
14829,7207
14830,6096
14831,2566
14832,1890
14833,179
14834,7018
14835,5302
14836,5238
14837,3659
14838,6840
14839,6417
14840,6665
14841,4061
14842,6417
14843,6417
14844,590
14845,1702
14846,2136
14847,6417
14848,1128
14849,7144
14850,2938
14851,6417
14852,409
14853,4020
14854,6417
14855,4512
14856,688
14857,4223
14858,5507
14859,525
14860,119
14861,4279
14862,5424
14862,7237
14863,4119
14863,6261
14864,4578
14865,6417
14866,4036
14867,496
14868,1346
14869,5904
14870,2228
14870,4450
14871,4637
14872,1306
14873,6417
14874,903
14875,6417
14876,6417
14877,6417
14878,344
14879,4777
14880,6417
14881,2721
14882,6417
14883,6958
14884,6758
14885,1593
14886,2413
14887,595
14887,5639
14888,3664
14889,2039
14890,5060
14891,6417
14892,3815
14893,4063
14894,4460
14895,1079
14896,3181
14897,1589
14898,4778
14899,6035
14900,5638
14901,4282
14902,5302
14903,6417
14904,1325
14905,1836
14906,6417
14907,161
14908,3652
14909,5203
14910,6417
14911,6417
14912,7020
14913,2834
14914,2054
14915,1281
14915,3510
14915,6304
14916,266
14917,6417
14918,7052
14919,3729
14920,5985
14921,2105
14922,6417
14923,6417
14924,3663
14924,4875
14924,5108
14924,5797
14925,4305
14926,5067
14927,3059
14928,6316
14929,6007
14929,6205
14930,5513
14931,6417
14932,692
14933,6417
14934,6417
14935,6417
14936,2339
14937,4479
14938,2620
14939,2357
14940,3696
14941,61
14942,6417
14943,2039
14944,6914
14945,6665
14946,6417
14947,2625
14948,7228
14949,6417
14950,4094
14951,6417
14952,6420
14953,6417
14954,6417
14955,3626
14956,1601
14957,6981
14958,6417
14959,4459
14960,6417
14961,2670
14961,3391
14962,6417
14963,4830
14964,4279
14965,3293
14966,6417
14967,6417
14968,1828
14969,1836
14970,3698
14971,6417
14972,5754
14973,6417
14974,1601
14975,7162
14976,6047
14977,5534
14978,6696
14979,6417
14980,6613
14981,6417
14982,6417
14983,6417
14984,6181
14984,6878
14985,5149
14986,6417
14987,6571
14988,4654
14989,5285
14990,7144
14991,6417
14992,5285
14993,6417
14994,1555
14995,6417
14996,4654
14997,6417
14998,6417
14999,1802
15000,1149
15001,190
15002,6696
15003,6417
15004,6417
15005,10
15006,179
15007,6686
15008,4459
15009,1814
15010,1023
15011,4196
15012,6417
15013,6417
15014,6417
15015,2102
15016,6829
15017,981
15018,6417
15019,2477
15020,6925
15021,653
15022,5022
15023,6239
15024,975
15025,3700
15025,6083
15026,6417
15027,5774
15028,6417
15029,1648
15030,650
15031,2201
15032,6417
15033,6634
15034,818
15035,1908
15036,6696
15037,1177
15038,2585
15039,1181
15040,6813
15041,6417
15042,83
15043,179
15044,7101
15045,2474
15046,5748
15047,6417
15048,5127
15049,1006
15050,6212
15051,2746
15052,6417
15053,1744
15054,6417
15055,6417
15056,1023
15057,6417
15058,2102
15059,6417
15060,4048
15061,4465
15062,6417
15063,6417
15064,5437
15065,4629
15066,4324
15067,6699
15068,6417
15069,3059
15070,3059
15071,6826
15072,4390
15072,4719
15073,6417
15074,233
15074,4875
15074,5108
15074,5797
15075,3879
15076,7054
15077,1576
15078,6982
15079,61
15080,6999
15081,6417
15082,191
15083,1341
15084,993
15085,1201
15086,513
15086,4601
15086,5877
15087,7075
15088,4924
15089,898
15090,6417
15091,7073
15092,7195
15093,5206
15094,4464
15095,6417
15096,5455
15097,6417
15098,6417
15099,4815
15100,5602
15101,6417
15102,6417
15103,6417
15104,3712
15105,2158
15106,6813
15107,1051
15108,3954
15109,4950
15110,2057
15110,5009
15111,2155
15112,5436
15113,4534
15113,7025
15114,3566
15115,4073
15116,2508
15117,792
15117,3826
15117,6370
15118,6773
15119,3429
15119,3447
15120,7038
15121,3052
15122,1561
15123,247
15124,4673
15125,6417
15126,1329
15127,1914
15128,898
15129,2299
15130,981
15131,455
15132,525
15132,802
15133,6417
15134,544
15135,6417
15136,7020
15137,6417
15138,6417
15139,4464
15140,6417
15141,6417
15142,3163
15143,3516
15144,1206
15144,3227
15145,3563
15146,6312
15147,19
15148,7036
15149,4460
15150,6417
15151,423
15152,6417
15153,5705
15154,6417
15155,4182
15156,3059
15157,6999
15158,6899
15159,6417
15160,6744
15161,1358
15161,7164
15162,6813
15163,4637
15164,5387
15165,6872
15166,4778
15167,6417
15168,4412
15169,6417
15170,6417
15171,6417
15172,6417
15173,6417
15174,1393
15175,6417
15176,4996
15177,5452
15178,2448
15179,4241
15180,7262
15181,5789
15182,1006
15183,6788
15184,742
15185,740
15186,6417
15187,4255
15188,2743
15189,2482
15190,7102
15191,6417
15192,3850
15193,119
15194,5826
15195,782
15196,6417
15197,4715
15198,6417
15199,6978
15200,6417
15201,6417
15202,4071
15203,5602
15204,1601
15205,3850
15206,3399
15207,3966
15208,6345
15209,6417
15210,6417
15211,3861
15212,3540
15213,6022
15214,6417
15215,2630
15216,2812
15217,3566
15218,6560
15219,5033
15220,6417
15221,1060
15221,2163
15222,6417
15223,1214
15223,1654
15224,6417
15225,4459
15226,885
15227,4255
15228,1968
15228,5569
15229,2194
15230,6417
15231,1329
15232,6235
15233,5688
15234,3059
15235,6542
15236,1478
15237,873
15237,5230
15238,6154
15239,530
15240,6573
15241,6417
15242,6417
15243,1610
15244,6417
15245,502
15246,5550
15247,2723
15248,6573
15249,5351
15250,1610
15251,2703
15252,3568
15253,6417
15254,6417
15255,6417
15256,4831
15257,854
15258,3404
15259,6417
15260,6417
15261,3059
15262,6417
15263,4931
15264,5738
15265,281
15266,1909
15266,2503
15267,3059
15268,6417
15269,5015
15270,6517
15271,4654
15272,3771
15273,6417
15274,5662
15275,5789
15276,5157
15277,4125
15278,44
15278,601
15278,767
15278,2908
15278,6559
15278,6722
15279,6417
15280,6417
15281,6417
15282,6417
15283,1610
15284,6417
15285,6417
15286,6417
15287,3272
15288,6417
15289,3795
15290,5026
15291,858
15292,404
15293,3869
15294,2764
15295,4011
15296,886
15297,6417
15298,4281
15299,916
15299,2521
15300,2758
15301,7033
15302,5563
15302,6231
15303,6212
15304,2022
15305,6604
15306,5825
15307,2534
15308,6417
15309,7033
15310,5285
15311,3846
15312,6417
15313,6982
15314,51
15315,6417
15316,3554
15317,763
15317,1057
15318,5068
15319,3668
15320,7027
15321,5084
15321,6826
15322,4991
15323,5688
15324,6813
15325,4573
15326,6417
15327,6417
15328,6417
15329,6417
15330,6314
15331,1473
15332,2440
15333,6915
15334,6417
15335,7086
15336,3268
15337,6417
15338,6417
15339,2578
15340,3268
15341,6417
15342,6417
15343,4465
15344,4162
15344,7125
15345,6417
15346,5091
15347,6417
15348,6417
15349,2420
15350,1375
15351,6417
15352,6417
15353,4884
15354,4084
15355,6417
15356,5587
15357,6417
15358,3951
15359,6417
15360,2893
15361,6417
15362,6417
15363,6417
15364,2542
15365,6153
15366,759
15366,4589
15367,6573
15368,5455
15369,6417
15370,6417
15371,5656
15372,418
15373,6417
15374,6417
15375,1610
15376,1485
15376,2430
15377,6417
15378,6417
15379,4537
15380,6417
15381,6417
15382,4549
15383,3892
15384,6417
15385,6688
15386,6417
15387,2630
15387,5470
15388,6417
15389,6417
15390,6417
15391,119
15392,6481
15393,6716
15394,1814
15395,4778
15396,1648
15397,504
15398,2060
15398,3331
15399,7084
15400,5060
15401,953
15401,5303
15402,6417
15403,2677
15403,4823
15403,5184
15404,5436
15405,6417
15406,7086
15407,6417
15408,5550
15409,6417
15410,6417
15411,4281
15412,6417
15413,7030
15414,978
15415,4827
15416,5436
15417,5303
15418,4281
15419,5285
15420,264
15421,3822
15422,5985
15423,5833
15424,5943
15425,4354
15425,6962
15426,471
15427,3389
15427,4224
15428,3163
15429,5754
15430,7038
15431,4549
15432,5436
15433,1793
15434,2477
15435,5662
15436,1601
15437,6417
15438,5285
15439,6153
15440,428
15441,229
15442,4281
15443,5953
15444,1030
15445,6417
15446,264
15447,6417
15448,3953
15449,3708
15450,1079
15451,2620
15452,6417
15453,3950
15454,1023
15455,6417
15456,405
15457,2301
15458,7144
15459,2350
15460,4308
15461,428
15462,1137
15463,302
15463,1492
15464,463
15465,2007
15466,1149
15467,6676
15468,5422
15469,6417
15470,6417
15471,6417
15472,6417
15473,6417
15474,2387
15475,6417
15476,6417
15477,6417
15478,6417
15479,6417
15480,6417
