MediaID,GenreID
1,4
1,7
1,17
1,26
1,28
2,2
3,7
3,10
4,7
5,7
5,11
5,23
6,2
6,4
7,7
8,17
9,7
10,2
11,1
11,2
11,28
12,7
12,10
12,17
12,28
12,29
13,7
14,2
14,7
15,7
15,11
16,7
16,10
16,17
17,12
17,18
17,20
17,28
18,7
18,12
18,28
18,29
19,25
20,7
20,10
21,11
22,10
23,7
24,2
24,18
24,23
25,2
25,7
26,7
26,17
27,7
27,20
28,4
28,7
29,2
30,1
30,10
30,18
30,20
31,7
31,10
31,14
32,7
33,7
33,17
34,7
35,7
36,1
36,10
36,18
36,20
37,7
38,4
38,7
39,5
39,7
39,23
40,15
41,4
41,7
42,7
42,14
43,2
44,1
44,12
44,23
44,29
45,2
46,7
46,20
47,7
48,6
48,7
49,6
49,7
49,13
50,2
50,7
50,17
51,7
51,10
51,12
51,20
52,7
52,14
52,21
53,2
53,20
53,26
54,7
55,2
55,4
56,2
56,17
57,17
58,10
58,29
59,7
60,21
61,7
62,2
62,10
62,26
62,28
63,7
64,4
64,6
64,7
64,14
65,4
65,6
65,7
65,14
66,7
67,7
67,17
68,7
68,17
68,18
69,10
69,17
69,18
69,28
70,7
70,12
71,12
71,23
72,4
72,7
73,23
74,7
74,12
74,29
75,1
75,2
75,7
76,4
76,7
76,10
77,2
77,4
77,13
78,2
78,7
79,26
80,7
80,10
80,18
81,2
81,17
81,18
82,7
83,7
83,10
83,17
83,18
83,26
84,7
84,11
85,2
85,10
85,17
86,10
87,7
87,10
87,17
87,22
88,7
88,10
88,18
88,28
89,7
90,18
91,2
91,10
91,17
92,10
92,26
93,7
94,2
94,18
95,2
95,6
95,7
95,10
95,12
96,1
96,23
97,7
97,10
97,17
97,29
98,11
98,23
99,1
99,2
99,4
99,7
99,23
99,28
100,2
100,7
101,2
101,4
101,7
102,7
102,10
102,25
103,23
104,7
104,14
104,17
105,10
106,6
106,7
106,13
107,7
107,12
107,18
107,20
107,23
108,10
108,14
108,17
108,18
109,6
109,7
109,10
109,14
109,17
110,2
110,10
110,17
110,18
111,21
112,10
112,26
112,29
113,2
113,7
113,23
114,2
114,7
115,7
116,21
117,2
118,2
118,10
118,17
119,10
119,26
119,29
120,10
120,18
121,20
122,2
122,3
123,7
124,21
125,4
125,7
126,11
126,23
127,2
127,7
128,7
128,11
129,10
129,17
129,26
130,18
131,7
132,2
132,4
132,7
132,28
133,4
133,6
133,7
133,13
134,18
135,7
136,7
137,10
137,12
137,17
137,18
137,28
137,29
138,7
139,5
139,21
140,7
141,7
141,10
142,2
142,7
142,10
142,17
142,18
143,10
143,18
144,21
145,2
145,10
145,17
145,18
145,20
146,4
146,5
146,7
147,2
147,17
148,2
148,7
149,7
149,10
149,29
150,2
150,5
150,18
151,10
151,17
151,18
152,2
152,7
152,12
153,4
153,7
154,7
155,2
155,10
155,17
156,4
156,7
157,2
157,7
158,2
159,7
160,1
160,27
161,2
161,4
162,4
162,7
163,2
163,7
163,13
164,4
164,7
165,7
165,10
165,14
165,17
165,29
166,21
167,2
167,4
167,7
168,7
168,10
168,17
168,29
169,4
169,7
170,4
170,7
171,4
171,7
171,23
171,28
172,2
172,10
172,20
173,2
173,12
173,20
173,28
174,7
174,10
174,29
175,2
175,17
176,1
176,7
176,12
177,2
177,4
178,7
178,8
178,12
178,18
179,1
179,7
180,17
181,2
181,4
181,7
181,25
182,2
182,18
182,20
183,7
184,21
185,2
185,10
185,17
185,18
186,2
186,7
187,2
187,7
188,7
189,2
190,10
190,17
190,18
191,7
191,12
191,18
191,20
191,28
192,21
193,2
193,17
193,20
194,7
195,21
196,15
197,4
197,7
197,14
197,25
198,7
199,7
199,18
199,20
199,28
199,29
200,2
201,4
201,7
201,13
202,10
202,17
202,29
203,1
203,2
203,7
204,1
204,7
204,12
205,10
205,13
205,18
206,2
206,7
206,28
207,1
207,7
208,7
209,7
210,2
210,7
211,7
212,7
213,2
214,2
214,4
215,7
216,2
216,7
216,10
216,17
216,18
217,2
218,2
218,11
219,7
219,10
219,18
219,28
220,6
220,7
221,4
221,7
222,7
222,10
222,12
222,18
222,28
223,21
223,25
224,1
224,2
224,12
224,18
224,20
224,23
224,28
225,10
225,17
225,20
225,26
225,28
226,7
227,2
228,4
229,7
229,17
230,26
231,12
231,18
231,23
231,28
232,6
232,7
232,10
232,18
233,7
233,17
234,21
235,2
235,7
236,2
236,7
237,2
237,7
238,7
238,17
238,18
239,2
239,4
240,1
241,1
241,2
241,4
241,5
241,8
241,12
241,18
242,18
242,20
242,23
243,2
244,2
244,7
244,14
245,12
245,18
245,20
245,28
246,6
246,7
247,21
248,2
248,4
249,3
250,10
250,29
251,7
252,7
252,10
252,17
252,26
253,1
253,2
253,3
253,12
253,23
253,28
254,2
254,7
254,10
254,17
254,29
255,5
255,21
256,10
257,2
257,11
258,2
258,11
259,4
259,7
260,26
260,28
261,2
262,2
262,12
262,18
262,20
263,7
263,10
263,26
263,29
264,7
264,17
265,7
266,7
267,15
268,2
269,2
269,7
270,7
271,2
271,7
271,10
272,2
272,7
273,2
273,7
273,12
274,17
275,23
276,10
276,22
276,29
277,2
277,7
278,2
278,10
278,18
278,20
278,28
279,6
279,7
280,7
280,25
281,2
281,7
281,10
282,2
282,7
283,1
283,2
283,12
283,23
283,28
284,2
284,7
285,7
286,7
286,21
287,7
288,4
288,7
289,2
290,2
291,2
292,21
293,7
293,13
294,21
294,25
295,7
296,7
296,17
297,11
297,18
298,7
299,13
299,18
299,28
300,4
300,7
300,14
300,25
301,7
301,17
302,7
302,12
302,18
302,28
303,7
303,10
303,17
303,18
304,2
304,4
304,7
305,7
305,10
305,17
305,18
306,2
306,23
307,12
307,18
307,20
307,28
308,7
308,12
308,28
309,7
309,10
309,29
310,11
311,2
311,7
312,7
312,10
312,12
313,7
313,12
313,26
314,2
315,11
315,26
315,28
316,7
316,10
317,15
318,2
318,23
319,7
319,13
320,4
320,7
320,12
320,28
321,12
321,23
321,28
322,10
322,26
322,29
323,7
324,2
324,4
324,5
325,2
325,11
325,26
326,2
326,4
327,1
327,2
327,12
327,23
327,25
327,28
328,7
329,10
329,18
329,29
330,10
330,18
331,11
331,14
331,21
332,12
332,18
332,20
332,28
333,1
333,2
333,7
334,9
335,7
335,12
336,2
336,4
336,7
336,23
337,7
337,10
337,17
338,10
339,7
340,4
340,7
340,10
340,18
341,2
342,7
343,10
343,17
344,23
345,23
346,7
346,29
347,7
348,1
348,7
348,12
348,23
348,28
349,7
350,7
350,8
350,10
351,7
351,12
351,20
352,2
353,17
353,21
354,2
354,12
354,23
355,7
355,10
355,20
355,26
356,7
356,17
356,18
357,1
357,7
357,18
358,6
358,7
359,17
360,7
360,17
361,2
361,17
362,13
362,17
362,21
363,18
363,23
363,28
363,29
364,7
364,23
364,25
365,4
365,7
366,15
367,7
367,10
367,17
367,18
368,1
368,12
368,23
368,28
369,2
370,2
370,11
371,4
371,7
372,5
372,21
373,7
373,14
373,17
374,7
375,7
375,13
375,14
376,11
376,21
377,2
377,7
378,7
379,4
380,5
380,14
380,21
381,21
382,7
383,7
383,10
383,18
383,26
384,7
385,2
385,7
385,17
386,2
387,2
387,21
388,2
389,2
389,7
390,2
390,7
391,1
392,2
392,12
393,2
393,10
393,26
394,21
395,1
395,4
395,7
395,25
396,2
396,4
396,18
396,28
397,19
398,7
398,10
398,17
399,7
400,7
400,17
400,18
400,21
401,2
401,7
402,21
403,21
403,23
404,7
404,12
404,13
404,18
404,23
405,1
405,2
405,4
405,7
406,18
406,20
406,23
407,4
407,18
407,20
407,23
407,25
408,2
408,7
408,28
409,7
409,10
409,17
410,4
411,2
411,7
411,10
411,23
411,26
411,29
412,10
413,7
414,1
414,2
414,7
415,4
415,5
415,7
416,1
416,2
416,12
416,20
416,23
416,28
416,29
417,3
417,12
417,23
418,2
418,4
419,14
420,10
420,18
420,20
420,26
421,7
421,14
422,4
422,7
423,4
423,7
424,2
425,7
425,25
426,2
427,11
428,11
429,2
429,3
429,17
429,18
429,25
430,5
430,7
430,10
430,12
430,18
431,2
431,9
431,27
432,1
433,4
433,12
433,23
434,2
435,2
435,7
436,7
436,10
436,20
436,28
437,1
437,2
437,7
437,12
437,18
437,20
437,23
437,28
438,1
438,2
438,12
438,23
438,28
439,2
439,10
439,17
440,10
440,26
440,29
441,7
441,10
441,17
442,2
442,7
443,7
443,18
444,7
444,12
444,18
444,20
445,4
445,7
446,10
446,11
446,20
446,26
447,2
447,7
447,11
447,28
448,7
448,17
448,18
449,2
449,7
449,10
450,2
450,4
450,7
450,10
450,17
451,7
451,17
451,18
452,12
452,18
452,26
452,28
452,29
453,9
454,1
454,18
454,23
454,28
455,1
455,23
455,28
456,7
457,7
457,28
457,29
458,7
458,12
459,4
459,7
459,28
460,2
460,5
460,7
461,7
462,7
462,10
462,17
462,29
463,2
464,2
465,2
465,5
466,2
467,26
468,4
468,7
469,4
469,7
470,2
470,4
471,7
471,11
471,20
471,29
472,2
472,7
473,4
473,17
473,18
474,17
474,20
474,26
474,29
475,2
475,7
476,18
477,2
478,7
478,10
478,14
478,17
478,29
479,10
479,17
479,23
479,26
479,29
480,10
480,17
480,18
481,17
481,18
482,7
482,10
482,12
482,20
483,7
483,10
483,17
484,7
485,26
486,1
486,2
486,7
487,7
487,10
487,12
487,20
487,26
487,29
488,1
488,2
489,15
490,7
491,2
492,7
492,29
493,7
494,4
494,28
494,29
495,2
496,7
497,7
498,2
499,11
499,12
499,18
499,28
500,18
500,20
500,28
501,6
501,7
502,18
502,20
502,23
503,7
503,14
503,17
504,1
504,7
505,1
505,23
506,4
506,7
506,29
507,4
507,7
508,10
509,7
509,10
509,17
509,18
510,2
511,4
511,7
512,7
513,9
514,4
514,7
514,14
515,7
515,10
515,17
516,10
517,7
517,10
517,29
518,10
518,12
518,18
518,20
518,26
519,7
519,10
519,28
519,29
520,1
520,2
520,12
520,23
521,2
521,18
521,20
521,23
522,2
522,18
522,20
522,23
523,2
523,18
524,7
525,7
525,10
525,12
525,18
525,26
526,4
526,7
527,2
528,2
528,7
529,2
529,4
530,4
530,7
530,18
531,21
532,15
533,1
533,2
533,18
533,20
533,23
534,2
534,4
535,2
535,7
535,10
535,17
536,2
536,14
536,21
536,23
537,21
538,2
539,21
540,21
541,21
542,2
542,4
543,2
544,2
544,12
544,18
544,20
544,23
545,7
545,10
545,20
545,28
546,4
546,7
547,4
547,7
548,1
548,7
549,2
549,7
550,11
550,23
551,2
551,17
552,7
553,7
554,9
554,27
555,2
555,4
555,7
556,6
556,7
556,12
556,18
557,23
558,7
559,29
560,2
560,20
560,26
560,29
561,1
561,25
561,28
562,2
562,4
562,7
562,25
563,1
563,2
563,12
563,23
563,28
564,2
564,7
565,1
565,23
566,4
566,7
567,21
567,25
568,2
568,17
568,18
569,20
570,15
571,26
572,7
573,2
574,7
574,10
574,20
574,26
574,29
575,21
576,7
576,12
577,1
577,2
577,7
578,7
579,7
580,4
580,7
580,25
581,2
582,2
582,7
583,7
583,10
583,18
584,2
585,2
586,2
586,4
586,7
586,12
587,2
587,4
588,4
588,7
588,20
588,28
589,2
590,10
590,18
590,20
591,7
592,10
593,2
593,7
594,7
594,17
594,29
595,2
596,1
596,2
596,28
597,2
597,18
598,7
598,10
598,26
599,9
599,21
600,1
600,2
600,12
601,9
602,7
602,14
603,2
604,14
604,21
605,21
606,2
606,10
606,12
606,17
606,18
607,2
607,25
608,2
609,2
610,13
610,21
611,2
612,2
612,10
612,26
612,29
613,1
613,7
613,11
614,7
615,7
616,7
616,14
617,7
618,11
618,23
619,7
619,14
619,17
620,7
620,10
620,29
621,2
621,12
622,2
622,4
622,7
623,7
623,18
623,26
624,1
625,2
626,2
626,4
627,2
627,4
627,7
628,26
629,2
629,5
630,2
630,23
631,7
632,5
632,9
632,27
633,2
634,7
634,10
634,11
635,4
635,7
635,25
636,10
637,2
637,7
638,7
638,10
638,11
638,18
638,20
639,7
639,20
640,11
641,26
642,7
642,10
642,26
642,29
643,6
643,7
643,13
644,7
645,4
645,7
646,2
646,4
647,5
647,7
647,18
648,4
648,7
648,10
648,17
649,2
649,8
649,12
649,28
650,2
651,2
651,12
652,2
652,7
653,7
654,2
655,7
656,7
656,11
657,2
658,2
658,17
659,2
660,4
660,7
661,7
661,10
662,2
662,4
663,7
663,13
664,2
664,20
664,25
664,28
665,10
665,17
665,18
666,4
666,7
666,12
667,2
668,17
669,1
669,12
669,28
670,2
670,7
671,7
671,25
672,2
672,17
673,13
673,21
674,10
674,29
675,2
675,7
676,2
676,14
676,21
677,1
677,2
678,2
678,7
679,1
679,7
679,14
679,25
680,1
680,7
680,23
680,28
681,4
681,12
681,18
681,28
682,2
682,3
682,7
683,7
684,7
684,10
684,20
684,28
685,18
686,4
686,7
687,27
688,2
688,12
689,19
689,24
690,2
690,5
690,11
691,10
691,26
691,28
692,4
693,7
694,7
695,1
695,7
695,18
696,2
696,5
696,11
697,7
697,14
697,17
698,2
698,7
698,12
699,10
699,18
700,26
701,17
701,18
702,2
703,2
704,2
704,10
704,12
704,18
704,20
704,23
704,29
705,4
705,6
705,13
705,18
706,7
706,10
706,17
706,18
707,2
707,3
707,4
708,2
708,11
709,4
709,6
709,7
709,13
710,4
711,10
711,26
711,29
712,4
712,7
712,29
713,7
713,12
713,13
714,7
714,14
714,17
715,2
716,2
716,7
716,10
716,12
716,18
716,20
716,23
716,28
717,21
718,5
718,7
718,10
718,18
719,2
719,7
720,21
721,2
721,7
721,25
722,2
722,18
722,23
723,7
724,1
724,23
725,18
726,26
727,7
728,10
728,26
729,2
729,7
730,18
731,12
731,28
732,2
733,2
733,4
734,2
734,7
734,12
735,2
735,7
735,12
736,10
736,26
737,2
737,7
738,7
739,4
739,12
739,28
740,15
741,1
741,2
741,7
741,8
741,12
741,23
741,29
742,7
743,4
743,7
744,2
744,7
745,10
745,18
745,20
746,7
746,10
746,17
746,29
747,2
747,7
747,25
748,15
749,4
749,7
750,2
750,4
750,28
751,2
751,10
751,18
751,20
752,1
752,7
752,29
753,2
753,4
753,7
753,23
754,2
755,6
755,7
756,2
756,4
757,10
757,26
757,29
758,2
758,4
758,7
759,11
760,2
760,4
760,13
761,7
761,10
761,20
761,29
762,20
763,10
763,26
764,1
764,2
764,4
765,2
765,7
766,9
767,24
768,2
769,20
770,2
770,7
771,7
771,11
771,21
771,23
772,29
773,2
773,4
774,7
775,2
775,7
776,4
776,7
777,15
778,7
779,10
780,4
780,23
781,2
781,7
781,12
782,7
782,11
783,2
783,4
783,7
784,1
784,2
784,12
784,23
784,28
785,2
785,10
785,20
785,26
785,29
786,1
786,23
787,7
787,25
788,2
788,7
788,14
789,7
789,14
789,25
790,2
791,11
791,25
792,2
792,10
792,17
793,1
793,2
793,23
794,10
794,26
794,29
795,7
795,14
796,7
797,2
797,7
797,10
797,17
798,2
798,7
799,1
799,23
800,10
801,11
801,20
802,2
802,4
803,4
803,7
804,7
804,10
804,26
804,29
805,7
806,21
807,2
808,21
809,21
810,4
810,7
811,1
811,2
811,5
811,7
812,25
812,26
812,29
813,4
813,7
814,7
814,10
814,17
814,18
815,4
815,7
816,4
816,7
816,9
816,27
817,1
817,21
818,9
819,7
819,17
819,18
820,2
821,7
822,7
822,13
823,4
823,7
824,7
825,1
825,2
825,12
825,29
826,7
826,17
827,21
828,2
828,4
829,7
830,7
831,7
831,10
831,18
831,29
832,10
832,20
833,1
833,12
833,18
833,20
833,28
834,1
834,7
834,12
834,18
834,20
835,7
836,2
836,7
837,12
837,18
837,20
837,28
838,1
838,12
838,18
838,20
839,10
839,12
839,18
839,20
839,28
840,7
840,10
840,12
840,18
840,20
840,26
840,28
841,18
841,20
841,26
842,18
842,20
843,7
843,10
843,12
843,18
843,20
844,10
844,12
844,18
844,20
845,18
845,20
845,26
846,7
846,12
846,18
846,20
847,18
847,20
847,26
847,28
848,12
848,18
848,20
848,23
848,25
848,26
849,1
849,12
849,18
849,20
849,26
850,10
850,12
850,18
850,20
851,1
851,10
851,18
851,20
852,18
852,20
852,26
853,2
853,7
854,10
854,12
854,18
854,20
854,28
855,10
855,18
855,20
855,26
856,17
856,29
857,4
857,7
858,4
858,7
858,25
859,18
859,20
859,26
860,1
860,12
860,18
860,20
861,18
862,18
863,9
864,6
864,7
865,7
865,17
866,7
867,10
867,18
867,29
868,1
868,23
868,28
869,7
869,10
869,17
869,18
870,7
870,10
870,17
871,7
871,18
872,7
873,10
873,26
873,29
874,11
875,7
876,7
877,12
878,4
878,7
879,7
880,7
881,6
881,7
882,4
882,7
882,17
883,7
883,13
884,2
885,2
885,6
885,7
886,11
886,26
887,2
887,18
888,2
888,4
888,7
889,1
890,4
890,7
891,21
892,4
892,28
893,10
893,11
893,29
894,15
895,1
895,2
895,4
895,7
896,2
896,7
896,10
897,18
897,23
897,28
898,5
898,7
899,7
900,7
901,7
902,4
902,7
903,4
903,7
904,26
905,2
906,10
907,7
908,4
908,7
909,2
910,10
910,26
911,4
911,18
912,2
912,3
912,7
913,2
913,3
914,15
915,1
915,2
915,23
916,2
916,7
917,2
917,4
918,4
918,7
919,1
919,2
919,4
919,7
919,20
919,23
920,5
920,7
920,18
921,10
921,12
921,26
921,28
921,29
922,4
922,7
922,25
923,7
924,7
925,2
926,2
927,7
927,14
928,2
928,4
929,4
929,7
929,12
929,20
929,28
930,26
931,26
932,2
933,10
933,12
933,18
934,2
935,11
935,21
936,10
937,2
937,7
937,13
937,14
937,17
938,17
939,4
939,7
940,1
940,7
940,12
941,7
941,8
941,17
942,7
942,17
943,2
943,10
943,17
943,18
944,2
944,7
944,12
944,28
945,26
946,7
946,17
946,29
947,21
948,2
948,3
949,7
949,14
950,7
950,17
951,7
951,10
951,17
951,18
952,2
952,10
952,18
952,26
953,2
954,2
954,4
954,7
955,7
956,7
956,10
956,17
956,18
957,7
957,12
957,17
958,10
958,26
959,18
959,26
959,28
959,29
960,6
960,7
960,13
961,2
962,1
963,7
963,10
963,17
964,10
964,12
964,20
964,26
965,7
965,10
965,18
966,7
966,8
966,14
966,17
967,7
967,14
967,17
968,7
968,10
968,18
969,7
969,10
969,17
970,2
971,7
971,10
971,18
972,26
973,7
973,10
973,17
973,18
974,1
974,2
974,23
974,26
974,28
975,2
975,6
975,7
975,10
975,18
976,2
976,4
976,7
977,7
977,10
977,17
977,18
978,2
978,18
979,2
979,7
980,2
980,17
981,2
982,2
982,7
982,10
982,17
982,18
983,7
984,2
984,7
984,12
984,18
985,7
985,10
985,17
985,29
986,2
986,7
987,2
987,5
987,12
988,5
988,7
988,18
989,2
990,2
991,7
991,12
991,18
991,23
991,28
991,29
992,7
992,18
992,23
992,28
992,29
993,2
993,12
993,18
993,23
993,28
994,2
994,4
995,15
996,2
996,23
997,10
997,13
997,17
997,23
997,29
998,12
998,18
998,20
998,28
999,12
999,18
999,23
999,28
1000,7
1001,2
1001,7
1001,12
1001,20
1001,23
1001,29
1002,7
1002,23
1002,28
1003,2
1003,4
1003,11
1004,2
1004,4
1004,7
1004,23
1005,2
1005,7
1005,18
1005,23
1005,28
1006,10
1007,7
1007,17
1007,29
1008,2
1008,10
1008,12
1008,20
1008,28
1009,4
1009,7
1009,25
1010,4
1010,7
1010,25
1011,26
1012,2
1012,4
1012,23
1013,10
1013,18
1013,20
1013,26
1014,10
1015,4
1015,7
1016,20
1016,28
1017,12
1017,20
1017,28
1018,1
1018,12
1018,18
1018,20
1018,28
1019,7
1019,14
1019,17
1020,7
1020,12
1020,20
1020,26
1021,5
1021,7
1022,7
1023,1
1023,12
1023,23
1023,28
1024,4
1024,7
1025,7
1026,10
1026,29
1027,10
1027,17
1027,18
1028,7
1028,18
1029,18
1029,20
1029,26
1030,7
1030,10
1030,17
1031,10
1031,17
1031,20
1032,7
1032,10
1032,29
1033,2
1034,7
1034,23
1034,26
1034,28
1034,29
1035,2
1035,17
1035,18
1036,10
1036,17
1036,20
1036,26
1037,2
1037,7
1037,29
1038,26
1039,20
1039,26
1040,2
1040,7
1040,13
1041,2
1042,7
1042,10
1042,20
1042,29
1043,12
1043,18
1043,23
1043,26
1043,28
1044,7
1044,13
1044,26
1045,7
1045,13
1045,26
1046,7
1047,20
1048,15
1049,2
1049,4
1050,2
1050,12
1050,17
1050,18
1051,7
1051,10
1051,14
1052,7
1053,2
1053,10
1054,7
1054,10
1054,13
1054,14
1054,17
1055,4
1055,7
1056,7
1056,29
1057,5
1057,23
1058,2
1058,4
1058,7
1059,7
1060,7
1060,11
1061,4
1061,7
1062,9
1063,11
1063,21
1064,21
1065,2
1065,4
1066,10
1066,18
1067,2
1067,28
1068,7
1068,10
1068,17
1068,26
1069,4
1069,7
1069,26
1069,28
1070,1
1070,23
1071,7
1071,14
1072,7
1073,7
1074,6
1074,7
1074,13
1074,14
1075,7
1076,1
1076,23
1077,10
1077,26
1077,29
1078,21
1078,25
1079,2
1079,7
1080,21
1081,7
1082,9
1082,25
1083,2
1083,4
1083,7
1084,7
1084,11
1084,23
1085,1
1085,2
1085,11
1085,12
1085,20
1085,23
1085,28
1086,2
1086,4
1086,7
1087,1
1087,2
1088,3
1088,7
1088,14
1088,25
1089,1
1089,2
1089,4
1089,7
1090,7
1090,10
1090,18
1090,20
1091,10
1091,18
1091,26
1092,1
1092,4
1092,12
1093,7
1093,11
1093,13
1094,2
1095,1
1095,2
1095,4
1095,7
1096,9
1097,7
1097,10
1097,26
1097,28
1098,5
1099,2
1100,2
1100,5
1101,4
1101,7
1101,18
1102,2
1102,8
1103,7
1104,10
1104,17
1104,18
1105,2
1105,4
1105,28
1106,5
1106,18
1106,23
1106,28
1107,1
1107,4
1108,4
1109,7
1109,10
1109,17
1110,4
1110,7
1111,2
1112,9
1113,7
1113,14
1114,4
1114,6
1114,7
1115,2
1115,4
1116,2
1117,2
1118,7
1119,1
1119,3
1119,28
1120,7
1121,10
1121,26
1121,28
1122,21
1123,2
1123,4
1124,4
1124,7
1125,7
1125,13
1125,14
1126,17
1126,21
1127,2
1128,15
1129,7
1130,2
1130,4
1130,17
1130,18
1131,2
1131,4
1132,7
1133,7
1133,12
1134,4
1134,7
1134,8
1135,2
1136,1
1136,23
1137,7
1137,11
1138,21
1139,7
1139,10
1139,29
1140,7
1140,10
1141,4
1141,7
1142,2
1142,7
1143,1
1143,2
1143,12
1143,23
1144,1
1144,2
1144,4
1145,17
1145,21
1145,29
1146,2
1146,7
1146,25
1147,26
1147,29
1148,28
1149,4
1150,4
1150,5
1150,7
1151,7
1152,4
1152,7
1153,2
1153,4
1154,2
1154,12
1155,7
1155,13
1155,14
1155,18
1156,1
1156,2
1156,12
1156,28
1157,1
1157,2
1157,3
1157,7
1157,28
1158,14
1159,2
1159,4
1160,4
1160,7
1160,10
1160,28
1160,29
1161,2
1162,4
1162,7
1163,7
1164,4
1164,7
1165,2
1165,4
1165,7
1165,28
1166,2
1167,7
1167,17
1168,1
1168,2
1168,12
1168,23
1169,12
1169,18
1169,28
1170,7
1171,11
1172,2
1172,4
1172,12
1173,4
1173,7
1174,7
1174,12
1174,18
1175,7
1175,10
1175,17
1175,29
1176,1
1176,2
1176,4
1176,7
1177,2
1178,2
1179,2
1180,21
1181,2
1181,4
1182,2
1183,9
1183,27
1184,7
1185,2
1186,6
1186,7
1186,13
1186,18
1187,4
1187,7
1188,2
1188,4
1188,7
1189,2
1189,10
1189,12
1189,18
1189,20
1189,26
1190,10
1190,17
1190,18
1191,4
1192,7
1192,10
1192,18
1193,1
1193,12
1193,28
1194,2
1194,7
1195,18
1196,4
1196,7
1196,14
1196,25
1197,7
1197,10
1198,7
1198,11
1198,28
1199,21
1200,13
1200,21
1200,25
1201,7
1201,11
1202,1
1202,5
1202,23
1203,4
1203,7
1204,7
1204,11
1205,2
1205,7
1205,10
1205,12
1205,17
1205,18
1206,2
1206,20
1207,7
1207,10
1208,4
1208,7
1208,10
1208,12
1208,18
1209,7
1209,10
1209,17
1209,29
1210,12
1210,18
1210,20
1210,28
1211,4
1211,6
1211,7
1212,1
1212,2
1212,4
1212,7
1213,1
1213,2
1213,7
1214,7
1215,4
1216,2
1216,4
1216,7
1217,2
1217,4
1218,6
1218,7
1218,10
1219,2
1219,17
1220,1
1220,2
1220,7
1221,21
1222,6
1222,10
1222,26
1223,1
1223,2
1223,4
1223,7
1224,2
1224,4
1224,7
1225,4
1225,7
1226,4
1227,12
1227,18
1227,28
1228,2
1228,4
1228,23
1229,7
1230,2
1230,4
1230,7
1231,21
1232,15
1233,26
1234,7
1234,10
1234,17
1234,18
1235,5
1235,14
1235,21
1236,18
1236,23
1236,28
1237,13
1237,21
1238,7
1238,10
1238,26
1238,29
1239,7
1239,10
1239,26
1240,9
1241,5
1241,7
1242,7
1242,13
1242,14
1243,2
1244,7
1245,4
1245,7
1246,2
1247,4
1247,7
1247,29
1248,4
1248,7
1248,29
1249,26
1250,12
1250,18
1250,20
1250,28
1251,4
1251,7
1252,4
1252,7
1253,15
1254,4
1254,7
1254,20
1255,7
1256,2
1257,4
1257,7
1257,10
1257,29
1258,4
1258,7
1259,4
1259,7
1260,21
1261,4
1261,6
1261,7
1261,12
1261,13
1262,10
1262,26
1263,1
1263,2
1263,3
1263,11
1263,12
1263,23
1264,7
1264,10
1264,29
1265,21
1266,6
1266,7
1266,17
1267,21
1268,7
1269,7
1270,2
1270,4
1271,2
1271,4
1271,6
1271,7
1272,7
1272,10
1272,26
1273,1
1273,6
1273,7
1274,10
1274,29
1275,7
1275,14
1276,1
1276,2
1276,7
1277,3
1277,6
1278,7
1279,2
1279,7
1279,18
1280,11
1280,20
1280,23
1281,23
1282,7
1282,10
1282,17
1283,7
1284,9
1285,7
1285,10
1285,13
1286,7
1286,10
1286,26
1286,29
1287,4
1287,7
1288,2
1288,7
1289,7
1289,11
1289,21
1290,7
1290,10
1291,15
1292,2
1293,2
1293,7
1293,17
1294,28
1294,29
1295,4
1295,7
1295,20
1295,23
1295,28
1296,10
1296,26
1297,7
1298,7
1298,13
1299,2
1300,2
1300,9
1301,1
1301,2
1301,12
1301,23
1302,17
1302,21
1303,4
1303,7
1303,10
1303,17
1303,18
1304,21
1304,25
1305,4
1305,28
1306,3
1306,4
1306,7
1307,4
1307,18
1308,7
1309,7
1309,10
1309,26
1309,29
1310,7
1310,9
1311,2
1311,7
1312,2
1312,4
1313,21
1313,25
1314,2
1314,7
1314,17
1315,2
1315,4
1315,7
1316,2
1317,2
1317,4
1317,25
1318,2
1318,11
1319,2
1320,2
1320,3
1320,4
1321,1
1321,2
1321,28
1322,2
1323,2
1323,17
1324,7
1324,10
1324,20
1325,2
1325,28
1325,29
1326,2
1326,17
1327,7
1328,7
1329,23
1329,28
1330,7
1330,11
1331,1
1331,2
1331,12
1331,20
1331,23
1331,28
1332,7
1333,15
1334,10
1334,26
1334,29
1335,10
1335,12
1335,18
1335,23
1335,28
1336,14
1336,17
1336,21
1337,14
1337,21
1338,7
1338,14
1338,17
1339,4
1339,7
1339,14
1340,2
1340,4
1340,7
1341,21
1341,25
1342,2
1342,4
1342,7
1343,7
1343,10
1343,26
1344,2
1344,7
1345,2
1345,26
1346,4
1346,7
1346,10
1346,17
1347,7
1347,21
1348,15
1349,26
1350,1
1350,7
1350,11
1351,2
1352,7
1353,1
1353,23
1354,20
1354,26
1355,7
1355,28
1356,2
1356,7
1357,2
1357,4
1357,18
1358,1
1358,2
1358,11
1358,20
1358,23
1359,10
1359,12
1359,18
1359,20
1360,7
1361,2
1361,11
1361,23
1361,28
1362,7
1363,2
1363,7
1364,21
1365,7
1365,10
1365,17
1366,2
1366,4
1366,7
1366,23
1367,4
1367,28
1368,2
1368,10
1368,12
1368,18
1368,20
1368,23
1368,28
1369,15
1370,12
1370,18
1370,20
1370,28
1371,7
1372,17
1372,21
1373,2
1373,17
1373,18
1373,25
1374,7
1374,12
1374,13
1374,14
1375,2
1376,7
1376,10
1376,11
1376,17
1376,18
1377,1
1377,7
1377,11
1377,28
1378,21
1379,2
1379,4
1380,2
1380,7
1380,28
1381,2
1382,2
1382,7
1382,12
1383,7
1384,7
1385,7
1385,10
1385,13
1386,29
1387,7
1387,12
1387,17
1387,18
1387,29
1388,7
1388,17
1389,2
1389,4
1390,5
1390,7
1391,2
1391,12
1391,23
1392,2
1392,7
1393,21
1394,7
1394,11
1394,14
1394,21
1395,7
1395,10
1395,29
1396,7
1397,1
1397,14
1397,21
1397,25
1398,7
1399,2
1399,11
1400,7
1401,4
1401,7
1402,7
1402,10
1402,20
1402,26
1402,29
1403,7
1403,8
1403,10
1403,17
1403,18
1404,7
1404,8
1404,10
1404,17
1404,18
1405,7
1405,18
1406,7
1406,8
1406,10
1406,17
1406,18
1407,7
1407,8
1407,10
1407,17
1407,18
1408,7
1408,8
1408,10
1408,17
1408,18
1409,10
1409,20
1409,29
1410,2
1411,2
1412,1
1412,7
1412,12
1413,25
1413,27
1414,7
1414,10
1414,17
1414,29
1415,2
1415,7
1416,12
1416,18
1416,20
1416,23
1417,7
1417,10
1417,17
1417,18
1418,7
1419,9
1420,7
1420,10
1420,12
1420,17
1420,18
1421,10
1422,7
1422,10
1422,17
1422,18
1423,2
1423,7
1423,17
1424,2
1424,4
1425,1
1425,2
1425,23
1425,25
1425,28
1426,21
1426,25
1427,7
1427,10
1427,17
1428,7
1428,10
1428,17
1428,26
1428,29
1429,7
1430,10
1431,2
1431,5
1431,7
1431,14
1432,7
1432,25
1433,7
1433,10
1434,7
1434,17
1434,18
1435,7
1435,11
1435,25
1436,9
1437,2
1437,4
1438,2
1439,1
1439,2
1439,23
1440,2
1440,7
1440,20
1440,23
1440,28
1441,2
1441,4
1441,28
1442,7
1442,10
1442,18
1442,29
1443,7
1443,17
1443,29
1444,2
1444,4
1444,7
1445,2
1445,4
1445,7
1446,2
1446,4
1446,5
1446,7
1447,7
1448,7
1448,13
1449,1
1449,3
1449,12
1449,23
1449,28
1450,7
1450,26
1450,28
1450,29
1451,2
1451,4
1451,7
1452,1
1452,2
1453,10
1453,17
1453,18
1454,4
1454,7
1454,25
1455,2
1455,7
1455,25
1456,2
1456,12
1456,23
1457,7
1457,20
1458,4
1458,7
1458,13
1458,14
1459,1
1459,2
1459,7
1460,3
1460,4
1460,7
1461,2
1461,26
1462,18
1462,23
1462,28
1463,1
1463,2
1463,3
1463,28
1464,1
1464,12
1464,20
1464,28
1465,12
1465,20
1465,23
1465,28
1466,1
1466,2
1466,28
1467,2
1468,2
1468,4
1468,6
1468,12
1468,20
1468,28
1469,20
1470,2
1470,7
1471,2
1471,12
1471,17
1471,18
1472,7
1473,2
1474,18
1474,20
1474,28
1475,7
1476,2
1477,7
1477,17
1478,1
1478,7
1479,2
1479,7
1479,10
1480,7
1481,9
1482,7
1482,21
1483,7
1484,7
1484,10
1485,7
1485,10
1485,17
1485,26
1485,29
1486,2
1486,4
1486,12
1487,7
1488,4
1488,7
1489,2
1489,4
1490,4
1490,7
1491,23
1492,10
1492,18
1492,26
1493,2
1493,7
1494,7
1494,13
1494,20
1494,23
1495,10
1495,26
1496,15
1497,7
1497,10
1497,13
1498,7
1498,10
1498,20
1498,26
1499,11
1499,23
1500,10
1500,12
1500,26
1500,29
1501,4
1501,7
1502,21
1503,21
1504,7
1505,4
1505,7
1506,1
1506,2
1506,7
1507,10
1507,12
1507,18
1508,5
1508,21
1509,10
1510,10
1510,25
1510,26
1511,7
1511,28
1512,2
1512,7
1513,7
1514,5
1514,7
1514,11
1514,21
1515,7
1516,1
1516,7
1516,12
1516,23
1516,28
1516,29
1517,7
1517,11
1518,2
1518,12
1518,23
1519,2
1519,4
1519,7
1520,7
1520,10
1520,26
1521,7
1521,29
1522,2
1522,4
1523,13
1523,14
1523,21
1524,7
1525,4
1525,7
1525,17
1526,2
1527,26
1528,7
1528,10
1528,20
1528,29
1529,7
1529,10
1530,7
1530,10
1530,17
1530,29
1531,7
1531,10
1531,17
1532,26
1533,18
1533,20
1533,28
1534,12
1534,18
1534,20
1534,28
1535,10
1535,17
1535,18
1536,7
1536,10
1536,17
1537,7
1537,20
1538,18
1538,28
1539,4
1539,7
1539,29
1540,7
1541,7
1542,23
1543,11
1544,21
1544,25
1545,10
1545,17
1545,18
1546,13
1546,21
1546,25
1547,4
1547,7
1547,28
1548,7
1549,2
1549,7
1550,2
1551,5
1551,7
1552,2
1552,7
1553,4
1553,7
1553,10
1554,7
1555,2
1555,4
1556,15
1557,2
1557,4
1557,7
1558,4
1558,7
1559,7
1560,7
1560,10
1560,17
1561,2
1561,7
1562,7
1562,29
1563,4
1563,7
1564,23
1565,2
1565,20
1565,28
1566,2
1566,4
1567,7
1567,10
1567,18
1568,23
1569,2
1570,7
1570,10
1570,17
1571,2
1571,4
1571,7
1572,1
1572,2
1572,4
1572,7
1573,7
1574,2
1575,10
1575,17
1575,18
1575,26
1576,11
1576,23
1577,2
1577,4
1577,28
1578,2
1578,7
1578,29
1579,2
1579,4
1580,7
1581,26
1582,7
1582,10
1582,26
1583,2
1584,7
1584,14
1585,2
1586,7
1587,18
1588,7
1588,10
1588,17
1588,29
1589,1
1589,2
1590,1
1590,3
1590,4
1590,7
1590,12
1590,23
1590,28
1590,29
1591,4
1591,7
1591,20
1592,12
1592,18
1592,20
1592,28
1593,2
1593,7
1594,6
1595,2
1595,7
1595,10
1596,2
1597,6
1597,7
1597,13
1597,14
1598,7
1598,13
1598,14
1599,7
1599,12
1599,18
1600,2
1601,7
1601,10
1601,17
1601,29
1602,2
1602,4
1603,7
1604,2
1604,12
1604,17
1604,18
1605,21
1606,10
1606,17
1606,18
1607,7
1608,7
1608,10
1608,17
1608,20
1609,10
1609,20
1609,26
1610,2
1610,7
1610,12
1611,21
1611,25
1612,4
1612,7
1613,2
1614,7
1614,13
1615,2
1615,7
1615,17
1616,3
1616,23
1617,2
1617,4
1617,7
1618,7
1619,2
1619,7
1620,12
1620,18
1621,21
1622,6
1622,7
1622,14
1623,10
1624,10
1624,13
1625,10
1625,17
1625,18
1626,1
1627,2
1628,1
1628,2
1628,11
1628,12
1628,23
1629,2
1629,4
1629,5
1630,1
1630,23
1631,9
1632,9
1632,27
1633,4
1633,7
1633,13
1633,14
1634,1
1634,2
1634,4
1635,2
1635,4
1636,2
1636,3
1636,4
1637,7
1637,17
1637,18
1638,17
1638,21
1639,2
1639,7
1640,2
1640,7
1640,10
1640,12
1640,17
1640,18
1640,29
1641,2
1641,5
1641,7
1641,18
1642,7
1643,2
1644,10
1644,26
1644,29
1645,7
1646,21
1647,15
1648,5
1648,21
1649,9
1650,4
1650,7
1651,7
1651,11
1652,7
1652,17
1653,2
1653,4
1654,7
1654,10
1654,18
1655,7
1655,17
1655,18
1656,2
1656,4
1657,7
1657,10
1657,17
1658,6
1658,7
1658,10
1658,14
1658,17
1659,7
1659,11
1660,1
1660,2
1660,23
1661,7
1661,10
1661,17
1661,18
1662,10
1662,18
1662,26
1662,29
1663,1
1663,2
1663,12
1663,18
1664,21
1665,17
1665,21
1666,7
1666,10
1666,20
1667,7
1667,10
1667,17
1668,4
1668,11
1668,14
1668,20
1668,21
1669,7
1669,18
1669,20
1670,2
1671,21
1672,4
1672,16
1673,10
1673,11
1673,26
1673,29
1674,7
1675,17
1676,2
1676,7
1676,14
1677,2
1677,7
1678,11
1678,28
1679,15
1680,2
1680,7
1680,13
1681,7
1681,10
1681,17
1682,7
1682,13
1683,7
1684,2
1684,18
1685,10
1685,18
1685,26
1686,7
1686,10
1686,29
1687,4
1687,7
1687,11
1688,18
1688,23
1689,13
1689,21
1690,9
1691,2
1692,27
1693,9
1693,27
1694,2
1694,7
1695,1
1695,2
1695,12
1695,23
1696,7
1697,6
1697,7
1697,14
1697,18
1698,7
1698,10
1698,17
1699,23
1700,4
1700,7
1701,2
1701,7
1701,17
1702,7
1702,10
1702,17
1703,2
1704,10
1704,17
1704,18
1704,20
1705,5
1705,7
1705,14
1705,18
1706,21
1707,23
1708,2
1709,2
1710,1
1710,2
1710,7
1711,1
1711,27
1712,7
1713,11
1714,2
1714,4
1714,23
1715,17
1715,18
1716,12
1717,7
1718,7
1718,14
1718,26
1719,7
1720,21
1721,7
1722,7
1722,10
1722,17
1723,7
1723,17
1724,1
1724,23
1725,2
1725,25
1726,1
1726,7
1726,21
1727,9
1727,25
1727,27
1728,1
1728,2
1728,12
1728,20
1728,23
1729,2
1729,7
1729,17
1730,2
1730,7
1731,2
1731,4
1731,7
1732,2
1732,4
1732,7
1733,2
1733,7
1733,28
1734,4
1734,7
1735,1
1736,21
1737,7
1738,14
1738,21
1738,25
1739,7
1740,7
1740,10
1740,26
1740,28
1741,2
1741,4
1742,7
1742,17
1742,18
1743,2
1743,7
1743,25
1744,2
1744,3
1744,28
1745,5
1745,21
1746,12
1746,18
1746,20
1746,26
1747,3
1748,10
1748,17
1749,1
1749,2
1749,12
1749,18
1750,2
1751,1
1751,2
1751,21
1751,23
1751,29
1752,2
1752,7
1752,12
1753,2
1753,4
1754,2
1754,4
1754,7
1755,6
1755,7
1755,23
1756,2
1756,5
1757,1
1757,2
1757,23
1758,7
1758,10
1758,17
1758,18
1759,21
1760,4
1760,7
1761,6
1761,7
1761,13
1761,18
1762,2
1762,7
1762,18
1763,4
1763,28
1764,10
1764,17
1764,29
1765,6
1765,7
1765,13
1765,18
1766,10
1766,12
1766,17
1766,18
1766,29
1767,7
1768,18
1768,20
1768,23
1769,7
1770,4
1770,6
1770,7
1771,2
1771,7
1771,10
1771,17
1771,29
1772,2
1772,4
1772,7
1773,2
1773,4
1773,28
1774,2
1774,7
1775,1
1775,7
1776,1
1776,2
1776,7
1777,4
1777,7
1778,2
1779,5
1779,7
1779,18
1780,2
1780,7
1781,7
1782,7
1782,10
1782,29
1783,2
1783,4
1784,7
1785,2
1786,1
1786,3
1786,7
1786,28
1787,7
1788,2
1788,26
1789,2
1789,7
1790,7
1790,17
1790,20
1790,28
1790,29
1791,2
1792,26
1793,26
1794,2
1794,3
1794,7
1795,2
1795,7
1796,7
1797,2
1797,4
1798,7
1799,2
1800,2
1800,3
1800,4
1801,10
1801,11
1802,7
1803,2
1803,4
1804,2
1805,2
1806,7
1807,2
1808,2
1808,18
1809,11
1810,6
1810,7
1811,1
1812,2
1813,21
1814,10
1814,17
1814,18
1815,7
1815,10
1815,12
1816,2
1816,7
1816,17
1817,2
1817,4
1817,7
1818,10
1818,17
1818,18
1819,11
1819,21
1820,2
1821,10
1822,2
1822,4
1823,26
1824,7
1824,18
1825,26
1825,29
1826,7
1826,10
1827,10
1827,26
1827,29
1828,2
1828,10
1828,17
1828,18
1829,1
1829,2
1829,25
1830,18
1830,20
1831,2
1832,7
1833,2
1834,1
1834,11
1834,23
1835,1
1835,2
1835,21
1835,23
1836,1
1837,7
1837,10
1837,17
1838,7
1838,10
1838,17
1838,29
1839,18
1839,20
1839,23
1840,7
1840,11
1840,17
1841,7
1841,10
1841,17
1842,7
1843,21
1844,9
1845,2
1845,4
1846,11
1846,21
1847,11
1848,2
1848,7
1849,7
1850,7
1851,7
1851,10
1851,17
1851,26
1852,2
1852,7
1853,7
1853,11
1854,12
1854,18
1854,20
1854,28
1855,4
1855,7
1856,1
1856,2
1856,4
1856,7
1857,7
1857,17
1857,18
1858,7
1858,10
1859,26
1860,2
1860,4
1861,2
1861,11
1862,2
1863,7
1863,8
1863,18
1864,7
1865,12
1865,18
1865,28
1866,4
1866,7
1867,2
1867,3
1868,10
1868,17
1869,1
1869,2
1869,12
1869,23
1870,25
1870,27
1871,2
1871,4
1872,7
1873,7
1874,2
1875,8
1875,12
1875,14
1876,23
1877,2
1877,7
1877,8
1878,21
1879,21
1879,25
1880,4
1880,7
1880,10
1880,20
1880,26
1880,28
1880,29
1881,4
1881,9
1881,21
1882,7
1882,13
1882,14
1882,18
1883,17
1883,21
1884,2
1884,4
1885,7
1886,7
1886,11
1887,21
1888,7
1888,12
1888,29
1889,2
1889,4
1889,23
1889,28
1890,1
1890,12
1890,21
1891,4
1891,7
1892,4
1892,6
1892,7
1892,10
1892,14
1893,10
1893,12
1893,18
1894,23
1895,6
1895,23
1896,26
1897,7
1897,14
1898,14
1898,25
1899,7
1900,6
1900,21
1901,7
1901,10
1901,29
1902,2
1902,26
1903,2
1903,4
1904,4
1904,7
1905,1
1906,2
1906,10
1907,7
1907,12
1907,18
1908,6
1908,7
1908,13
1908,14
1909,2
1910,7
1910,14
1911,2
1911,7
1912,4
1912,9
1913,10
1914,21
1914,25
1915,2
1916,7
1917,9
1918,2
1919,7
1919,10
1919,29
1920,9
1921,1
1921,2
1921,4
1922,2
1922,4
1922,7
1923,7
1923,14
1923,25
1924,12
1924,18
1924,20
1924,23
1925,12
1925,18
1925,20
1925,28
1926,7
1926,17
1927,21
1928,10
1928,17
1928,18
1929,7
1929,29
1930,1
1930,23
1931,4
1931,7
1931,14
1932,2
1932,4
1932,7
1933,2
1934,21
1935,17
1935,21
1936,6
1936,18
1937,7
1937,8
1937,14
1938,7
1938,13
1938,14
1939,1
1939,2
1939,12
1939,20
1939,23
1940,2
1940,4
1941,2
1942,10
1942,20
1942,26
1942,29
1943,2
1943,4
1944,2
1944,12
1944,18
1945,15
1946,10
1947,4
1947,12
1947,25
1948,18
1949,2
1949,4
1949,7
1949,20
1949,28
1950,4
1951,2
1952,7
1952,10
1952,17
1952,18
1953,4
1953,18
1954,2
1955,26
1956,7
1956,10
1957,2
1958,26
1959,2
1960,2
1960,4
1960,7
1961,4
1961,7
1961,10
1961,17
1962,4
1962,7
1963,7
1963,10
1963,26
1964,2
1964,4
1964,17
1964,18
1965,4
1965,26
1966,4
1966,7
1967,4
1967,7
1968,7
1969,18
1970,15
1971,2
1972,7
1973,7
1974,7
1974,10
1974,17
1974,26
1974,29
1975,7
1975,10
1976,1
1976,2
1976,18
1976,20
1976,23
1977,21
1978,10
1978,12
1978,18
1978,28
1979,11
1979,21
1980,4
1980,9
1981,2
1982,2
1982,23
1983,7
1984,2
1984,7
1985,4
1985,7
1986,7
1987,10
1987,26
1988,15
1989,26
1990,7
1990,12
1990,20
1990,23
1991,7
1991,18
1991,21
1992,9
1993,7
1994,7
1994,11
1995,7
1995,17
1996,7
1997,21
1998,10
1998,29
1999,2
2000,5
2000,14
2000,21
2001,2
2001,4
2001,25
2002,26
2003,2
2004,4
2004,7
2004,20
2005,7
2006,2
2007,4
2007,7
2008,2
2009,11
2009,26
2009,28
2010,2
2010,12
2011,7
2012,2
2013,2
2014,7
2015,7
2015,10
2015,17
2015,18
2016,4
2016,7
2016,14
2017,1
2017,2
2017,12
2017,28
2018,5
2019,7
2019,17
2019,18
2020,2
2020,4
2020,26
2021,7
2021,10
2021,28
2022,1
2022,2
2022,7
2022,20
2023,4
2023,7
2024,26
2024,29
2025,7
2025,17
2025,29
2026,9
2027,2
2027,4
2028,1
2028,2
2028,7
2029,14
2030,7
2031,7
2032,21
2033,2
2033,4
2034,10
2035,10
2035,17
2035,18
2036,10
2036,18
2037,2
2038,2
2039,4
2039,7
2040,1
2040,2
2040,3
2040,12
2040,17
2040,23
2041,7
2041,18
2041,28
2042,2
2042,5
2042,7
2043,21
2044,2
2045,2
2046,2
2046,4
2047,7
2047,14
2048,7
2049,9
2049,21
2050,21
2051,7
2051,18
2051,20
2051,26
2052,7
2052,10
2052,17
2052,29
2053,4
2053,7
2053,10
2053,29
2054,2
2055,4
2055,7
2055,17
2055,28
2056,2
2056,4
2056,7
2056,12
2056,23
2056,28
2057,7
2058,7
2058,10
2058,17
2058,18
2059,10
2059,26
2059,29
2060,2
2060,7
2061,15
2062,4
2062,7
2062,20
2063,2
2063,7
2063,28
2064,9
2065,2
2066,9
2067,9
2067,27
2068,7
2068,20
2069,2
2070,21
2071,7
2071,10
2071,29
2072,2
2072,4
2072,7
2073,1
2073,5
2074,17
2074,21
2074,29
2075,9
2076,7
2076,10
2076,18
2076,26
2077,13
2077,14
2077,21
2077,25
2078,10
2078,26
2079,7
2080,2
2080,26
2081,21
2082,2
2082,7
2083,2
2083,7
2083,10
2083,12
2083,18
2083,20
2083,23
2083,28
2084,7
2084,12
2084,28
2084,29
2085,2
2085,4
2085,25
2086,5
2086,7
2086,14
2087,21
2088,2
2088,4
2089,4
2089,7
2089,14
2089,17
2090,2
2090,7
2090,10
2090,17
2090,18
2090,26
2091,18
2091,20
2092,2
2092,4
2093,2
2093,4
2094,5
2094,21
2095,2
2095,25
2096,2
2096,4
2096,7
2097,7
2097,10
2098,4
2098,7
2099,2
2099,4
2099,7
2100,4
2100,7
2101,2
2101,4
2101,29
2102,7
2102,10
2102,20
2102,26
2102,28
2102,29
2103,26
2104,4
2104,7
2105,4
2105,7
2106,4
2107,7
2108,1
2108,3
2108,4
2108,7
2109,7
2109,10
2109,13
2110,21
2111,2
2111,4
2112,7
2113,7
2113,10
2113,17
2113,29
2114,21
2114,27
2115,7
2115,26
2115,29
2116,5
2116,17
2116,21
2117,2
2118,6
2118,11
2119,2
2119,10
2119,17
2119,18
2120,10
2120,20
2120,26
2120,28
2120,29
2121,7
2121,17
2122,7
2123,7
2123,10
2123,26
2123,28
2124,7
2125,2
2125,4
2126,2
2126,4
2127,10
2127,29
2128,26
2129,2
2129,4
2129,7
2130,7
2131,2
2131,7
2132,4
2133,1
2133,2
2133,12
2133,20
2133,23
2134,1
2134,2
2134,11
2134,12
2134,18
2134,23
2135,2
2135,12
2135,18
2135,28
2136,12
2136,18
2136,23
2137,7
2137,11
2138,7
2138,10
2138,17
2139,1
2139,2
2139,12
2139,23
2140,9
2140,27
2141,10
2141,17
2141,18
2142,7
2142,10
2143,1
2143,2
2143,7
2144,2
2144,4
2145,2
2145,4
2145,25
2145,28
2146,7
2147,2
2147,7
2148,2
2148,4
2149,2
2150,1
2150,2
2150,12
2150,23
2151,2
2152,4
2152,7
2153,2
2153,4
2154,2
2154,18
2154,20
2155,1
2155,2
2155,12
2155,18
2155,20
2155,23
2156,2
2157,7
2158,1
2158,12
2158,23
2158,25
2159,10
2159,26
2160,7
2160,18
2161,1
2161,2
2161,12
2161,23
2161,28
2162,3
2162,7
2162,10
2163,4
2163,6
2163,7
2163,13
2163,14
2164,15
2165,23
2166,2
2167,6
2167,7
2168,2
2168,4
2169,12
2169,26
2169,29
2170,7
2171,7
2171,10
2171,17
2171,18
2172,7
2173,7
2174,23
2175,7
2176,7
2177,1
2177,4
2177,12
2177,23
2177,28
2178,7
2179,7
2180,7
2180,10
2180,13
2180,14
2181,7
2182,18
2182,20
2182,23
2182,28
2182,29
2183,8
2184,7
2184,17
2185,7
2186,7
2186,11
2187,15
2188,15
2189,4
2189,13
2189,26
2190,15
2191,17
2191,21
2192,15
2193,11
2193,23
2194,2
2195,15
2196,2
2196,17
2197,2
2197,17
2198,11
2198,25
2199,15
2200,15
2201,15
2202,15
2203,2
2203,17
2204,25
2205,15
2206,15
2207,15
2208,15
2209,15
2210,15
2211,15
2212,15
2213,15
2214,10
2214,26
2214,29
2215,15
2216,15
2217,10
2217,29
2218,15
2219,15
2220,15
2221,15
2222,15
2223,4
2223,7
2223,25
2224,10
2224,12
2224,17
2224,18
2224,29
2225,10
2225,26
2225,28
2226,15
2227,15
2228,23
2229,15
2230,15
2231,15
2232,7
2233,15
2234,15
2235,2
2235,21
2236,1
2236,18
2236,23
2236,28
2237,2
2237,4
2238,15
2239,2
2239,18
2239,23
2240,15
2241,10
2241,18
2241,23
2241,26
2241,29
2242,15
2243,15
2244,11
2244,23
2245,9
2246,13
2246,21
2247,21
2248,15
2249,15
2250,15
2251,5
2251,14
2251,21
2252,2
2253,15
2254,15
2255,2
2255,7
2256,15
2257,15
2258,2
2258,4
2258,17
2259,15
2260,15
2261,15
2262,15
2263,7
2263,12
2263,18
2263,20
2263,28
2264,4
2264,7
2265,2
2265,4
2265,7
2266,7
2267,21
2268,23
2268,28
2269,14
2269,21
2269,25
2270,2
2270,4
2270,28
2271,21
2272,28
2273,15
2274,18
2275,15
2276,15
2277,15
2278,15
2279,15
2280,7
2281,15
2282,9
2282,12
2283,7
2283,17
2284,15
2285,7
2285,11
2286,15
2287,15
2288,4
2289,2
2289,4
2289,7
2289,11
2290,2
2290,4
2290,7
2291,21
2292,2
2293,9
2294,15
2295,15
2296,15
2297,2
2297,4
2298,7
2298,10
2298,26
2299,4
2299,7
2300,15
2301,15
2302,15
2303,15
2304,15
2305,2
2305,17
2306,15
2307,15
2308,15
2309,10
2309,11
2310,15
2311,17
2311,21
2311,29
2312,15
2313,15
2314,15
2315,4
2315,6
2315,7
2315,18
2315,21
2315,25
2316,15
2317,15
2318,15
2319,7
2319,11
2320,15
2321,15
2322,15
2323,15
2324,15
2325,15
2326,15
2327,15
2328,15
2329,15
2330,15
2331,15
2332,15
2333,15
2334,15
2335,15
2336,15
2337,15
2338,15
2339,15
2340,15
2341,15
2342,15
2343,15
2344,15
2345,15
2346,15
2347,15
2348,7
2348,13
2349,15
2350,15
2351,15
2352,15
2353,15
2354,15
2355,7
2356,15
2357,15
2358,15
2359,15
2360,15
2361,15
2362,1
2362,2
2362,12
2362,18
2363,15
2364,15
2365,15
2366,26
2367,15
2368,15
2369,2
2369,4
2370,15
2371,15
2372,15
2373,15
2374,15
2375,4
2375,7
2376,15
2377,15
2378,15
2379,15
2380,15
2381,15
2382,2
2383,15
2384,15
2385,15
2386,15
2387,23
2388,15
2389,15
2390,15
2391,2
2391,4
2392,15
2393,15
2394,2
2394,4
2394,7
2395,15
2396,15
2397,2
2397,18
2397,20
2397,23
2397,26
2397,28
2397,29
2398,2
2398,4
2398,7
2398,23
2399,15
2400,2
2401,2
2401,23
2402,15
2403,2
2403,18
2404,15
2405,5
2405,7
2405,23
2406,15
2407,2
2407,7
2408,2
2408,14
2408,21
2409,1
2409,2
2409,23
2410,15
2411,15
2412,15
2413,15
2414,15
2415,15
2416,15
2417,15
2418,15
2419,15
2420,15
2421,15
2422,2
2422,4
2422,23
2423,2
2424,15
2425,15
2426,7
2427,15
2428,15
2429,15
2430,15
2431,2
2432,15
2433,15
2434,15
2435,15
2436,15
2437,15
2438,15
2439,3
2439,4
2439,6
2439,7
2439,13
2440,15
2441,2
2441,7
2442,13
2442,17
2442,21
2443,15
2444,15
2445,15
2446,15
2447,15
2448,7
2449,15
2450,15
2451,15
2452,15
2453,15
2454,15
2455,15
2456,15
2457,15
2458,15
2459,15
2460,15
2461,15
2462,15
2463,18
2463,29
2464,15
2465,15
2466,15
2467,15
2468,15
2469,15
2470,15
2471,15
2472,2
2473,15
2474,15
2475,15
2476,15
2477,15
2478,15
2479,15
2480,15
2481,26
2482,26
2483,15
2484,10
2484,26
2485,15
2486,15
2487,15
2488,15
2489,3
2489,25
2490,15
2491,1
2491,2
2491,23
2492,15
2493,15
2494,15
2495,15
2496,15
2497,15
2498,15
2499,15
2500,18
2501,15
2502,23
2503,15
2504,15
2505,2
2506,14
2506,21
2506,25
2507,15
2508,15
2509,15
2510,15
2511,2
2511,17
2511,18
2512,6
2512,7
2512,13
2513,15
2514,15
2515,2
2516,15
2517,2
2518,2
2519,2
2519,4
2519,7
2520,15
2521,15
2522,7
2523,15
2524,2
2525,15
2526,15
2527,15
2528,2
2528,21
2529,2
2530,3
2530,4
2531,4
2532,15
2533,15
2534,15
2535,15
2536,2
2537,15
2538,12
2538,23
2539,15
2540,4
2541,2
2541,12
2542,2
2543,2
2544,15
2545,2
2546,1
2546,12
2546,28
2547,2
2548,2
2549,2
2550,2
2551,2
2551,23
2551,28
2552,15
2553,15
2554,2
2554,4
2555,15
2556,2
2556,4
2557,15
2558,15
2559,7
2559,13
2559,17
2559,18
2560,2
2560,4
2561,15
2562,2
2562,4
2563,2
2564,2
2565,2
2566,7
2567,1
2567,2
2568,15
2569,15
2570,15
2571,1
2571,29
2572,15
2573,2
2574,1
2574,12
2575,1
2576,15
2577,15
2578,15
2579,15
2580,15
2581,15
2582,15
2583,15
2584,15
2585,15
2586,15
2587,15
2588,15
2589,15
2590,15
2591,15
2592,15
2593,15
2594,15
2595,2
2595,23
2596,15
2597,15
2598,10
2599,15
2600,7
2600,10
2600,29
2601,15
2602,15
2603,15
2604,21
2605,15
2606,15
2607,10
2607,18
2607,20
2607,28
2607,29
2608,15
2609,15
2610,15
2611,15
2612,15
2613,15
2614,15
2615,15
2616,15
2617,15
2618,15
2619,1
2619,23
2620,15
2621,21
2621,25
2622,15
2623,1
2623,28
2624,15
2625,17
2625,21
2626,15
2627,15
2628,15
2629,15
2630,2
2631,7
2632,15
2633,15
2634,15
2635,15
2636,15
2637,15
2638,15
2639,15
2640,15
2641,15
2642,15
2643,15
2644,15
2645,2
2646,15
2647,15
2648,15
2649,15
2650,15
2651,15
2652,15
2653,7
2654,1
2654,7
2655,15
2656,15
2657,15
2658,15
2659,2
2660,15
2661,2
2662,2
2663,15
2664,15
2665,15
2666,15
2667,15
2668,15
2669,15
2670,15
2671,15
2672,15
2673,15
2674,1
2674,7
2674,12
2674,23
2674,28
2675,15
2676,15
2677,15
2678,4
2678,7
2679,15
2680,15
2681,15
2682,15
2683,15
2684,4
2685,15
2686,15
2687,15
2688,18
2688,26
2688,28
2689,15
2690,15
2691,2
2691,26
2692,15
2693,2
2693,4
2694,15
2695,15
2696,15
2697,15
2698,10
2698,17
2699,2
2699,7
2700,15
2701,15
2702,15
2703,15
2704,15
2705,15
2706,15
2707,15
2708,11
2709,15
2710,4
2710,6
2710,7
2711,15
2712,2
2712,23
2712,28
2713,15
2714,15
2715,12
2715,23
2715,28
2716,15
2717,4
2717,6
2717,18
2717,23
2717,28
2718,15
2719,15
2720,15
2721,15
2722,5
2722,7
2722,23
2723,15
2724,4
2724,7
2724,23
2725,15
2726,15
2727,15
2728,15
2729,15
2730,15
2731,15
2732,15
2733,15
2734,15
2735,15
2736,15
2737,15
2738,15
2739,15
2740,2
2740,4
2740,7
2741,25
2742,15
2743,1
2743,21
2744,1
2744,2
2744,12
2744,28
2745,15
2746,2
2746,4
2747,15
2748,2
2749,21
2750,15
2751,2
2752,10
2753,15
2754,15
2755,21
2756,15
2757,15
2758,15
2759,7
2760,2
2761,2
2762,15
2763,15
2764,7
2764,10
2764,17
2765,21
2766,2
2766,4
2766,7
2767,1
2767,2
2767,23
2768,15
2769,15
2770,2
2770,13
2770,18
2771,15
2772,15
2773,1
2774,15
2775,9
2775,25
2776,4
2777,15
2778,4
2778,7
2779,25
2780,2
2780,4
2781,15
2782,15
2783,15
2784,7
2785,2
2785,4
2785,28
2786,2
2787,15
2788,15
2789,15
2790,18
2790,20
2791,2
2792,15
2793,1
2793,11
2794,23
2795,15
2796,15
2797,7
2797,13
2798,15
2799,15
2800,15
2801,15
2802,15
2803,15
2804,15
2805,15
2806,15
2807,15
2808,15
2809,15
2810,15
2811,15
2812,15
2813,15
2814,7
2814,10
2814,26
2815,7
2815,17
2816,4
2816,28
2816,29
2817,15
2818,15
2819,15
2820,15
2821,15
2822,11
2822,18
2822,20
2822,23
2823,4
2823,6
2823,7
2823,13
2824,15
2825,15
2826,15
2827,15
2828,15
2829,15
2830,10
2830,20
2830,26
2830,29
2831,15
2832,15
2833,15
2834,15
2835,7
2835,20
2836,4
2836,7
2837,2
2838,1
2838,7
2838,13
2838,14
2839,15
2840,15
2841,18
2841,20
2842,15
2843,15
2844,1
2844,2
2844,12
2844,23
2844,28
2845,15
2846,15
2847,15
2848,15
2849,15
2850,15
2851,15
2852,1
2852,11
2852,23
2853,2
2854,15
2855,15
2856,15
2857,15
2858,15
2859,15
2860,15
2861,10
2861,20
2861,29
2862,15
2863,15
2864,15
2865,15
2866,15
2867,15
2868,15
2869,15
2870,15
2871,7
2871,17
2872,2
2872,5
2872,7
2873,15
2874,15
2875,7
2875,10
2875,13
2876,15
2877,15
2878,1
2878,2
2878,4
2879,15
2880,21
2881,21
2882,15
2883,15
2884,15
2885,15
2886,2
2887,11
2888,15
2889,15
2890,15
2891,15
2892,2
2893,15
2894,15
2895,15
2896,15
2897,21
2898,2
2899,15
2900,2
2901,15
2902,15
2903,15
2904,10
2904,20
2904,29
2905,15
2906,15
2907,21
2908,15
2909,15
2910,15
2911,21
2912,15
2913,15
2914,15
2915,15
2916,15
2917,15
2918,7
2919,15
2920,15
2921,2
2922,15
2923,7
2924,15
2925,15
2926,15
2927,15
2928,15
2929,15
2930,15
2931,15
2932,15
2933,15
2934,15
2935,15
2936,15
2937,15
2938,15
2939,15
2940,7
2941,15
2942,15
2943,15
2944,15
2945,15
2946,15
2947,2
2948,2
2949,15
2950,15
2951,15
2952,11
2952,21
2953,15
2954,15
2955,15
2956,2
2956,4
2957,2
2958,15
2959,15
2960,15
2961,15
2962,15
2963,15
2964,15
2965,15
2966,15
2967,15
2968,15
2969,23
2970,15
2971,15
2972,15
2973,7
2973,17
2974,15
2975,15
2976,2
2976,7
2977,15
2978,15
2979,15
2980,15
2981,15
2982,2
2983,15
2984,15
2985,15
2986,15
2987,15
2988,15
2989,15
2990,2
2990,7
2990,23
2991,15
2992,15
2993,15
2994,15
2995,15
2996,15
2997,16
2998,15
2999,15
3000,15
3001,15
3002,15
3003,15
3004,15
3005,15
3006,15
3007,15
3008,15
3009,15
3010,15
3011,15
3012,15
3013,15
3014,15
3015,15
3016,15
3017,15
3018,15
3019,15
3020,15
3021,21
3022,15
3023,15
3024,15
3025,15
3026,7
3027,15
3028,15
3029,1
3030,15
3031,15
3032,15
3033,2
3033,12
3033,23
3033,28
3034,15
3035,15
3036,2
3036,7
3036,17
3037,15
3038,15
3039,15
3040,15
3041,15
3042,15
3043,15
3044,15
3045,15
3046,15
3047,15
3048,15
3049,15
3050,15
3051,15
3052,15
3053,15
3054,15
3055,15
3056,15
3057,15
3058,15
3059,15
3060,15
3061,6
3061,7
3061,14
3062,15
3063,15
3064,15
3065,15
3066,15
3067,15
3068,15
3069,15
3070,15
3071,15
3072,15
3073,15
3074,15
3075,15
3076,15
3077,15
3078,15
3079,15
3080,15
3081,15
3082,15
3083,15
3084,15
3085,15
3086,15
3087,15
3088,15
3089,15
3090,15
3091,15
3092,15
3093,15
3094,15
3095,15
3096,7
3097,15
3098,15
3099,7
3100,7
3101,4
3101,7
3102,4
3102,7
3102,26
3102,28
3102,29
3103,1
3104,3
3104,4
3104,7
3104,11
3104,12
3105,18
3106,26
3107,11
3107,21
3108,7
3108,10
3108,29
3109,2
3109,7
3110,7
3110,10
3110,11
3111,2
3111,18
3112,1
3112,2
3112,4
3113,10
3113,18
3114,2
3114,4
3114,13
3114,18
3115,2
3116,2
3116,4
3116,7
3116,26
3117,7
3117,10
3117,18
3117,28
3118,21
3119,18
3120,7
3120,10
3120,18
3121,7
3121,14
3122,10
3122,17
3122,29
3123,7
3124,2
3125,10
3125,12
3125,18
3126,2
3126,12
3127,2
3127,7
3127,10
3127,17
3127,18
3127,29
3128,7
3129,1
3129,7
3130,1
3130,2
3130,23
3131,6
3131,7
3131,12
3131,13
3131,18
3132,10
3132,17
3132,18
3133,1
3133,7
3133,12
3134,10
3134,17
3134,18
3135,2
3136,7
3136,26
3137,4
3137,7
3138,10
3139,19
3140,6
3140,7
3140,12
3141,2
3142,10
3142,26
3142,29
3143,6
3143,7
3144,2
3144,4
3144,7
3145,5
3145,21
3146,10
3146,17
3146,18
3147,10
3147,17
3147,18
3148,10
3148,17
3148,18
3149,2
3149,7
3150,21
3151,2
3151,7
3151,12
3152,2
3153,1
3153,2
3153,11
3153,12
3153,18
3153,23
3154,1
3154,2
3154,3
3154,7
3154,28
3155,7
3155,10
3155,26
3156,2
3156,7
3156,23
3157,7
3157,17
3158,18
3158,20
3158,23
3159,7
3159,18
3159,20
3159,23
3160,10
3160,26
3160,29
3161,26
3162,4
3163,2
3163,4
3163,5
3163,7
3164,6
3164,12
3164,18
3164,23
3164,28
3165,4
3165,7
3166,4
3166,7
3167,2
3167,7
3168,2
3168,7
3169,7
3169,17
3169,29
3170,26
3171,2
3171,4
3171,7
3172,4
3172,7
3173,7
3173,18
3173,20
3173,23
3174,4
3174,7
3175,2
3175,7
3176,3
3176,7
3176,20
3177,7
3178,7
3179,7
3180,2
3181,4
3181,7
3182,4
3182,10
3182,17
3183,2
3183,26
3184,21
3185,7
3185,10
3185,26
3185,28
3185,29
3186,1
3186,7
3187,17
3187,18
3187,26
3188,7
3188,28
3189,2
3189,7
3190,4
3190,7
3191,7
3192,10
3192,17
3192,29
3193,4
3193,7
3193,10
3193,17
3193,29
3194,7
3194,10
3194,17
3195,1
3195,2
3195,23
3195,25
3195,28
3196,1
3196,7
3196,12
3197,7
3197,10
3197,17
3197,29
3198,4
3198,7
3198,11
3199,7
3200,7
3200,10
3200,17
3200,18
3200,20
3201,7
3201,26
3201,28
3202,23
3202,26
3202,28
3203,21
3204,4
3204,7
3205,2
3205,28
3206,1
3206,23
3207,2
3207,7
3207,12
3207,17
3207,23
3208,7
3208,17
3209,7
3210,2
3210,7
3211,1
3211,7
3211,12
3211,23
3211,28
3212,7
3212,20
3212,29
3213,1
3213,2
3213,18
3213,20
3213,23
3214,5
3214,14
3214,21
3215,1
3215,2
3215,12
3215,18
3215,23
3215,26
3215,28
3215,29
3216,7
3216,17
3216,18
3217,18
3217,23
3217,28
3218,7
3219,26
3219,28
3220,2
3220,7
3221,10
3221,26
3222,6
3222,7
3222,10
3222,14
3222,18
3223,6
3223,7
3223,25
3223,29
3224,10
3224,12
3224,17
3224,18
3224,29
3225,9
3226,9
3227,9
3228,9
3229,9
3229,27
3230,2
3230,4
3231,9
3232,1
3232,7
3232,9
3233,2
3233,7
3234,1
3234,2
3234,23
3235,9
3236,2
3236,7
3237,2
3237,4
3238,10
3238,26
3239,1
3239,2
3239,12
3239,23
3240,4
3240,25
3241,14
3241,21
3242,1
3243,2
3244,10
3244,26
3245,2
3246,2
3247,4
3247,7
3248,4
3248,7
3249,1
3249,2
3249,12
3249,28
3250,7
3250,11
3251,7
3252,10
3252,17
3253,7
3254,7
3255,12
3255,18
3255,20
3255,28
3256,17
3256,21
3257,1
3257,10
3257,12
3257,18
3257,23
3257,28
3258,2
3259,7
3259,18
3259,20
3260,7
3260,10
3260,26
3260,29
3261,23
3262,23
3263,2
3264,7
3265,10
3265,18
3265,26
3266,1
3266,2
3266,7
3267,2
3267,4
3267,7
3268,7
3269,4
3269,7
3269,11
3269,23
3270,13
3270,21
3271,2
3271,11
3272,7
3273,23
3274,2
3274,28
3274,29
3275,2
3275,4
3275,7
3276,2
3277,2
3277,7
3278,4
3278,7
3278,14
3279,2
3279,4
3279,7
3279,25
3280,3
3280,4
3280,7
3281,3
3281,4
3281,7
3281,28
3282,7
3282,13
3283,2
3284,7
3284,29
3285,25
3286,2
3286,17
3286,18
3287,7
3287,10
3288,2
3288,11
3289,7
3289,10
3289,20
3289,26
3289,28
3289,29
3290,4
3290,7
3291,2
3292,9
3293,10
3294,2
3295,7
3295,10
3295,12
3296,14
3296,21
3296,25
3297,2
3297,4
3297,28
3298,1
3298,2
3298,4
3298,7
3299,10
3299,20
3299,26
3300,4
3300,7
3300,17
3300,26
3300,28
3301,6
3301,21
3302,2
3302,7
3303,7
3303,10
3304,2
3304,7
3305,2
3306,2
3307,5
3307,7
3308,10
3308,26
3309,16
3310,4
3310,7
3310,10
3310,17
3310,18
3311,15
3312,1
3312,23
3313,17
3313,26
3313,29
3314,1
3314,23
3315,7
3315,8
3315,14
3316,4
3316,7
3317,7
3318,2
3318,4
3318,20
3319,2
3319,7
3320,7
3321,7
3322,7
3323,2
3323,7
3324,10
3324,26
3325,4
3325,7
3325,13
3325,14
3326,2
3326,7
3327,4
3327,9
3328,4
3328,7
3329,4
3329,7
3330,2
3330,11
3330,23
3331,2
3332,1
3332,23
3333,5
3333,7
3333,14
3334,2
3334,4
3335,17
3335,21
3336,21
3337,1
3337,3
3337,7
3337,11
3337,13
3337,23
3338,1
3338,23
3339,7
3340,4
3340,7
3341,3
3341,7
3342,4
3342,7
3343,4
3343,7
3344,2
3344,7
3345,2
3345,7
3346,10
3346,29
3347,2
3348,7
3348,10
3348,20
3349,2
3350,4
3350,6
3350,7
3350,10
3350,13
3351,2
3351,7
3351,28
3352,21
3353,7
3354,4
3354,7
3354,14
3354,17
3355,2
3356,14
3356,21
3357,2
3358,11
3358,21
3359,2
3359,4
3360,2
3360,7
3360,8
3360,12
3361,2
3361,7
3361,17
3362,4
3362,7
3362,25
3363,2
3363,4
3363,7
3364,2
3364,4
3364,17
3365,4
3365,7
3366,2
3366,7
3367,2
3367,7
3368,10
3368,17
3368,18
3369,2
3369,17
3369,29
3370,6
3370,10
3370,13
3370,17
3370,18
3371,7
3371,10
3371,18
3372,9
3372,20
3372,29
3373,2
3373,18
3374,21
3375,7
3376,7
3377,7
3378,2
3378,23
3379,5
3380,2
3381,10
3382,4
3382,7
3383,5
3384,9
3385,7
3386,11
3386,29
3387,2
3388,10
3389,7
3390,7
3390,10
3390,26
3391,2
3392,7
3392,10
3392,17
3393,2
3393,4
3393,7
3394,7
3395,7
3395,10
3395,20
3396,1
3396,11
3396,23
3397,21
3398,1
3399,10
3399,11
3400,10
3400,17
3400,18
3401,7
3402,7
3402,17
3403,10
3403,17
3404,2
3404,7
3405,7
3405,17
3405,18
3406,2
3406,4
3406,7
3407,7
3407,10
3408,7
3408,10
3408,29
3409,7
3409,10
3409,17
3409,26
3410,2
3410,4
3411,2
3411,4
3412,7
3412,11
3413,2
3413,4
3414,2
3415,7
3415,10
3415,18
3416,2
3416,7
3417,2
3417,29
3418,15
3419,7
3420,2
3420,4
3420,23
3420,28
3421,7
3421,21
3422,5
3422,21
3423,21
3424,7
3424,17
3425,2
3425,7
3425,25
3426,1
3426,2
3426,12
3426,18
3426,28
3427,7
3428,18
3429,7
3429,10
3429,13
3429,17
3429,18
3430,2
3431,4
3431,7
3432,2
3432,7
3433,2
3433,18
3434,21
3435,7
3436,18
3436,23
3436,28
3436,29
3437,2
3437,4
3437,18
3438,2
3439,10
3439,18
3440,2
3440,4
3440,7
3441,4
3441,7
3442,7
3442,17
3443,2
3443,4
3443,7
3444,7
3444,10
3444,17
3445,4
3445,7
3446,4
3446,7
3447,4
3447,6
3447,7
3448,7
3448,20
3449,2
3449,4
3449,7
3450,2
3451,2
3451,10
3451,17
3451,29
3452,7
3452,10
3453,2
3454,18
3454,20
3454,23
3455,7
3455,10
3455,17
3455,18
3455,20
3456,10
3456,17
3456,18
3457,7
3458,7
3458,13
3459,2
3460,2
3460,12
3461,2
3461,4
3461,7
3462,1
3462,2
3462,12
3462,23
3463,10
3463,12
3463,17
3463,18
3463,26
3464,12
3464,21
3464,27
3465,14
3465,21
3466,21
3467,2
3467,12
3467,17
3467,18
3468,7
3468,17
3469,7
3470,2
3470,12
3470,18
3470,23
3470,28
3471,7
3471,10
3471,13
3472,2
3472,12
3472,18
3472,26
3473,2
3473,12
3473,20
3473,23
3473,28
3474,9
3475,5
3475,13
3475,14
3475,21
3476,1
3476,4
3476,7
3477,7
3477,10
3478,4
3478,28
3478,29
3479,7
3479,10
3480,4
3480,7
3480,25
3481,4
3481,7
3481,13
3481,14
3482,10
3482,17
3483,2
3483,17
3484,4
3484,9
3484,27
3485,7
3485,10
3485,18
3486,2
3486,7
3487,2
3488,12
3488,23
3489,1
3489,2
3489,4
3489,7
3490,2
3491,11
3491,21
3491,24
3492,4
3492,7
3492,18
3493,15
3494,7
3495,1
3495,2
3495,3
3495,12
3495,23
3495,28
3496,7
3497,2
3497,7
3498,2
3498,4
3499,10
3499,18
3500,5
3500,7
3501,7
3502,2
3502,4
3503,2
3504,17
3504,21
3505,4
3505,7
3505,10
3505,17
3505,18
3505,29
3506,7
3506,11
3507,2
3508,7
3509,2
3509,7
3510,7
3511,4
3512,2
3513,12
3513,18
3513,20
3514,18
3514,29
3515,2
3515,7
3516,2
3516,7
3517,1
3517,11
3517,23
3518,5
3518,21
3519,7
3520,2
3521,10
3522,1
3523,9
3524,17
3524,21
3525,21
3526,7
3526,17
3526,23
3527,10
3527,18
3528,2
3529,2
3529,4
3529,28
3530,11
3530,24
3531,7
3532,7
3532,10
3532,17
3532,18
3532,20
3533,7
3533,10
3533,17
3533,29
3534,7
3535,1
3535,2
3535,5
3535,18
3535,28
3536,2
3536,7
3537,21
3538,2
3538,4
3539,2
3540,18
3540,23
3540,28
3541,10
3541,17
3542,2
3543,7
3543,10
3543,29
3544,7
3544,10
3544,26
3544,29
3545,10
3546,9
3547,18
3547,20
3547,23
3548,7
3548,10
3548,17
3549,2
3550,13
3550,21
3551,4
3551,7
3551,12
3552,5
3552,7
3552,11
3553,7
3554,21
3555,7
3555,10
3555,17
3556,2
3556,7
3557,7
3558,2
3558,4
3558,7
3558,10
3558,18
3559,2
3559,12
3560,1
3560,2
3560,3
3560,23
3561,18
3561,23
3561,28
3562,2
3563,7
3563,17
3564,7
3564,12
3565,4
3565,6
3565,7
3565,13
3566,7
3566,10
3566,17
3567,2
3568,2
3568,7
3569,7
3569,10
3569,18
3569,20
3570,7
3570,11
3570,26
3571,5
3571,14
3571,21
3572,21
3572,25
3573,2
3573,4
3573,7
3573,23
3574,26
3575,2
3576,7
3576,10
3577,21
3578,10
3578,18
3578,20
3578,26
3578,29
3579,2
3580,1
3581,2
3581,17
3582,21
3583,7
3584,18
3584,26
3584,29
3585,7
3586,2
3586,4
3586,11
3587,21
3588,1
3588,12
3588,18
3588,23
3589,1
3589,2
3589,12
3589,18
3589,20
3589,23
3589,28
3590,2
3591,4
3591,7
3592,2
3593,11
3593,18
3593,23
3593,28
3594,3
3594,4
3594,7
3595,2
3595,7
3596,4
3596,7
3597,2
3597,3
3597,7
3598,5
3598,7
3599,27
3600,4
3600,7
3601,1
3601,2
3601,7
3601,12
3601,13
3602,10
3603,10
3603,12
3603,20
3603,26
3603,28
3603,29
3604,2
3604,4
3604,7
3605,7
3605,18
3606,10
3606,12
3606,20
3606,26
3606,29
3607,5
3607,7
3607,18
3608,7
3609,10
3609,17
3609,18
3609,29
3610,5
3610,7
3610,21
3611,7
3611,10
3611,17
3611,18
3612,2
3612,4
3612,7
3613,2
3613,10
3613,17
3613,18
3614,7
3614,17
3614,18
3615,2
3615,7
3615,18
3616,2
3617,17
3617,21
3618,7
3618,13
3618,14
3619,2
3620,4
3620,7
3621,7
3622,3
3622,7
3622,25
3623,2
3623,18
3624,2
3624,4
3624,7
3624,25
3625,7
3625,13
3625,14
3626,7
3626,8
3627,15
3628,1
3628,7
3628,23
3628,29
3629,1
3629,4
3629,7
3629,23
3629,25
3630,4
3630,7
3631,1
3632,1
3632,2
3632,7
3632,23
3632,28
3633,1
3633,12
3633,23
3633,28
3634,1
3634,2
3634,20
3634,28
3635,1
3635,4
3635,7
3635,23
3636,2
3637,2
3637,4
3638,10
3638,26
3639,7
3639,10
3639,17
3640,23
3641,7
3641,17
3641,29
3642,23
3643,2
3644,1
3644,12
3644,18
3644,28
3645,7
3645,10
3645,12
3645,26
3646,7
3647,1
3647,2
3647,12
3647,23
3648,4
3648,7
3648,10
3649,10
3649,17
3649,18
3649,20
3650,6
3650,18
3651,10
3651,18
3652,7
3653,2
3653,4
3653,7
3654,1
3654,12
3654,23
3655,10
3655,18
3656,7
3656,10
3656,13
3656,26
3657,23
3658,2
3659,4
3659,7
3659,23
3659,28
3659,29
3660,21
3661,2
3662,21
3663,7
3663,10
3663,17
3663,29
3664,4
3664,7
3665,8
3666,2
3666,4
3666,7
3666,13
3667,7
3668,11
3668,21
3669,7
3670,2
3671,27
3672,4
3672,7
3673,5
3673,21
3674,7
3674,10
3674,12
3675,10
3675,26
3675,29
3676,2
3677,7
3677,10
3677,17
3678,7
3678,17
3678,29
3679,10
3679,13
3679,14
3679,17
3680,1
3680,2
3680,12
3680,20
3680,26
3681,1
3681,7
3682,7
3682,8
3682,10
3682,29
3683,9
3684,14
3684,21
3685,10
3685,26
3686,18
3686,23
3686,28
3687,10
3687,20
3687,26
3688,7
3689,5
3689,14
3689,21
3690,23
3691,7
3691,26
3691,28
3692,5
3692,7
3692,13
3693,7
3693,17
3694,10
3694,17
3694,29
3695,1
3695,12
3695,18
3695,28
3696,7
3697,10
3697,18
3698,10
3698,26
3699,2
3699,4
3700,7
3701,2
3701,4
3701,7
3702,2
3702,7
3703,23
3704,7
3704,10
3704,17
3704,18
3704,20
3704,23
3704,29
3705,2
3705,18
3705,23
3706,23
3707,2
3707,18
3707,23
3708,2
3708,18
3708,23
3708,29
3709,2
3709,7
3709,18
3710,1
3710,5
3710,7
3711,7
3711,10
3712,7
3712,17
3713,7
3713,10
3714,7
3715,14
3715,25
3716,7
3717,1
3717,2
3717,4
3717,7
3718,7
3718,12
3718,18
3718,20
3718,23
3719,2
3719,26
3719,28
3720,2
3721,1
3721,23
3722,10
3722,12
3722,23
3722,26
3723,4
3723,7
3723,18
3723,20
3723,23
3724,2
3724,4
3724,7
3724,17
3724,18
3725,15
3726,2
3726,26
3726,28
3727,7
3728,2
3728,7
3728,10
3729,7
3729,10
3729,29
3730,20
3731,2
3731,4
3731,7
3732,7
3732,10
3733,2
3734,1
3734,5
3735,7
3735,10
3735,29
3736,9
3737,10
3737,26
3737,29
3738,7
3738,10
3738,17
3738,29
3739,4
3739,5
3739,7
3739,23
3740,5
3741,1
3741,4
3741,7
3741,12
3741,23
3741,28
3742,1
3742,4
3742,7
3742,23
3743,7
3744,7
3745,2
3745,11
3746,26
3747,26
3748,26
3749,2
3750,21
3751,7
3752,2
3752,7
3753,4
3753,7
3754,2
3755,7
3756,7
3756,10
3756,17
3757,2
3757,7
3758,2
3758,21
3759,7
3760,9
3761,21
3762,20
3762,26
3763,1
3763,11
3763,12
3763,18
3763,23
3764,1
3764,2
3764,12
3764,23
3764,28
3765,7
3765,11
3765,23
3766,2
3766,7
3766,17
3766,18
3767,7
3767,10
3767,12
3767,17
3767,18
3767,26
3767,29
3768,4
3768,7
3768,29
3769,7
3769,10
3770,2
3770,7
3770,10
3770,17
3770,18
3770,29
3771,7
3771,10
3772,2
3773,14
3773,21
3773,25
3774,4
3775,2
3775,12
3775,18
3775,20
3775,23
3775,28
3776,7
3777,23
3778,2
3779,1
3779,2
3779,4
3779,7
3779,28
3780,2
3780,28
3781,2
3782,7
3782,10
3783,7
3783,10
3783,20
3783,29
3784,2
3784,7
3785,7
3785,11
3786,1
3786,7
3787,2
3787,7
3788,7
3789,7
3790,2
3790,4
3791,10
3791,17
3792,2
3792,4
3793,2
3793,4
3793,7
3794,7
3794,10
3794,17
3795,2
3796,1
3796,7
3796,14
3797,7
3798,7
3799,10
3799,17
3799,23
3799,29
3800,2
3800,7
3801,11
3801,21
3802,21
3803,17
3804,7
3804,10
3804,14
3805,13
3805,21
3806,21
3807,7
3807,10
3807,17
3807,18
3808,7
3808,10
3808,13
3808,18
3809,4
3809,7
3810,14
3810,21
3810,25
3811,25
3812,12
3812,20
3812,23
3812,28
3813,1
3813,2
3813,23
3814,2
3814,7
3814,25
3815,7
3816,6
3816,7
3816,10
3816,12
3816,13
3816,18
3817,10
3817,20
3817,28
3818,4
3818,7
3819,9
3820,10
3820,18
3821,7
3821,10
3821,17
3822,7
3822,10
3822,17
3822,18
3823,12
3823,18
3823,20
3823,28
3824,1
3824,2
3824,12
3824,23
3825,2
3825,7
3825,11
3825,12
3825,13
3825,20
3826,4
3826,7
3827,7
3827,17
3827,18
3828,2
3828,7
3828,18
3829,17
3829,21
3830,2
3830,20
3831,7
3831,21
3832,17
3832,18
3832,20
3832,23
3833,2
3834,10
3835,7
3835,11
3836,5
3836,7
3836,28
3837,2
3837,7
3837,28
3838,17
3838,21
3839,7
3839,26
3839,29
3840,4
3840,7
3841,7
3842,21
3843,7
3843,10
3843,17
3844,2
3845,1
3846,7
3846,10
3846,17
3847,1
3847,2
3847,10
3847,12
3847,18
3847,20
3847,23
3848,10
3848,29
3849,4
3849,7
3850,10
3850,28
3851,21
3852,7
3853,1
3854,21
3855,4
3855,7
3856,7
3856,10
3856,17
3857,7
3858,2
3859,4
3860,2
3860,4
3861,2
3861,4
3862,10
3862,17
3863,13
3863,14
3864,1
3864,2
3864,12
3864,20
3864,23
3864,28
3865,2
3865,4
3865,7
3866,2
3866,4
3866,7
3867,4
3867,7
3868,4
3868,9
3869,1
3869,12
3869,23
3870,7
3871,7
3871,10
3872,7
3873,2
3873,4
3873,7
3874,2
3874,11
3875,4
3876,21
3877,1
3877,2
3877,11
3877,12
3877,18
3877,20
3877,23
3878,7
3878,14
3879,7
3879,17
3880,7
3880,18
3881,4
3881,7
3882,7
3883,7
3883,10
3883,26
3883,29
3884,5
3884,10
3884,13
3885,18
3885,20
3885,28
3886,7
3887,7
3887,8
3887,18
3888,7
3888,18
3889,2
3890,7
3890,10
3890,29
3891,4
3891,7
3891,20
3892,13
3892,17
3892,21
3893,1
3893,2
3893,7
3893,12
3894,2
3894,7
3895,1
3895,2
3895,12
3895,18
3895,20
3895,29
3896,2
3897,7
3898,7
3898,18
3898,20
3898,23
3899,2
3899,7
3900,17
3900,21
3901,1
3901,7
3901,14
3901,21
3902,21
3903,21
3904,21
3905,7
3905,12
3905,18
3905,20
3905,28
3906,21
3907,1
3907,2
3907,12
3907,17
3908,7
3908,10
3908,17
3908,29
3909,2
3910,2
3910,17
3911,2
3912,7
3913,10
3913,18
3914,5
3914,7
3915,10
3915,18
3915,26
3916,7
3916,10
3916,18
3917,10
3917,17
3917,26
3918,2
3919,2
3919,7
3920,7
3920,17
3920,18
3921,1
3921,2
3921,3
3921,12
3921,23
3921,28
3922,7
3922,13
3923,11
3923,23
3924,10
3924,17
3925,2
3925,7
3926,7
3926,17
3927,7
3927,8
3928,2
3928,4
3929,2
3929,17
3929,23
3930,20
3931,23
3931,28
3932,10
3933,2
3934,7
3935,2
3935,4
3935,28
3936,7
3936,11
3937,21
3938,4
3939,5
3939,7
3940,2
3940,4
3940,12
3940,23
3940,28
3941,4
3941,7
3941,23
3942,4
3942,7
3943,4
3943,7
3943,23
3944,12
3944,23
3944,28
3945,2
3945,4
3946,1
3946,7
3946,12
3946,23
3946,28
3947,1
3947,7
3947,12
3947,20
3947,23
3947,28
3948,4
3948,7
3949,7
3949,10
3949,17
3950,7
3951,14
3951,21
3951,25
3952,7
3952,28
3953,7
3953,28
3953,29
3954,10
3954,17
3954,18
3954,29
3955,7
3956,2
3956,7
3957,10
3958,7
3959,2
3959,7
3960,17
3961,19
3962,7
3962,12
3962,20
3963,1
3963,2
3963,4
3964,2
3964,4
3965,7
3966,21
3967,7
3967,10
3968,21
3969,9
3970,9
3970,26
3971,7
3972,4
3972,7
3972,17
3972,18
3973,10
3973,18
3973,29
3974,5
3974,7
3975,4
3975,7
3976,7
3977,20
3977,26
3978,7
3979,2
3980,4
3981,2
3981,4
3982,7
3983,7
3983,11
3984,7
3984,10
3984,28
3984,29
3985,7
3986,2
3986,4
3987,1
3988,7
3988,14
3988,25
3989,4
3989,7
3990,2
3990,18
3990,28
3991,2
3991,4
3992,2
3992,12
3992,17
3992,18
3993,21
3994,6
3994,7
3994,13
3994,21
3995,17
3995,18
3996,7
3996,17
3997,2
3998,7
3998,12
3998,20
3998,26
3998,28
3998,29
3999,2
3999,7
4000,21
4001,7
4002,2
4002,7
4003,2
4003,4
4003,7
4004,21
4005,7
4005,10
4006,4
4006,7
4007,7
4008,21
4009,2
4010,2
4010,7
4010,10
4010,11
4010,17
4010,25
4010,28
4010,29
4011,3
4012,3
4013,10
4013,17
4013,26
4014,7
4015,2
4015,4
4016,1
4016,2
4016,7
4017,7
4018,7
4018,29
4019,1
4019,2
4019,7
4019,11
4019,12
4019,18
4019,23
4019,28
4020,9
4021,7
4021,10
4021,28
4022,7
4022,26
4023,7
4024,7
4025,7
4026,12
4026,20
4026,23
4026,28
4027,2
4027,6
4027,18
4028,16
4029,4
4029,6
4029,7
4029,13
4030,10
4030,26
4030,29
4031,18
4032,1
4032,4
4032,12
4032,18
4032,23
4032,28
4033,2
4033,4
4033,7
4033,18
4034,7
4035,7
4035,10
4035,26
4035,29
4036,7
4036,10
4036,12
4036,18
4037,17
4037,21
4038,7
4038,10
4038,12
4038,18
4038,20
4038,23
4038,29
4039,2
4040,7
4041,7
4042,7
4042,13
4042,14
4043,7
4044,4
4044,18
4044,23
4044,28
4045,7
4045,12
4045,18
4045,23
4045,28
4046,7
4046,17
4046,29
4047,10
4047,17
4047,18
4048,15
4049,7
4050,2
4050,7
4050,12
4050,18
4051,10
4051,26
4051,28
4051,29
4052,3
4052,12
4052,18
4052,20
4052,23
4052,28
4053,7
4053,14
4053,25
4054,2
4054,7
4054,23
4055,2
4055,4
4055,7
4056,1
4056,2
4056,18
4057,7
4057,12
4057,23
4057,28
4058,7
4058,10
4058,17
4058,20
4058,23
4058,29
4059,2
4059,18
4059,23
4059,26
4059,28
4059,29
4060,2
4060,7
4061,21
4062,2
4062,7
4062,25
4063,1
4064,2
4065,18
4065,23
4066,7
4066,10
4066,17
4066,29
4067,2
4067,9
4068,17
4069,2
4069,7
4069,12
4070,4
4070,7
4071,2
4071,4
4071,7
4071,10
4071,28
4072,2
4072,4
4073,7
4073,12
4073,17
4073,18
4073,23
4074,2
4074,4
4075,7
4076,7
4076,13
4076,18
4077,2
4077,4
4078,2
4078,7
4078,17
4078,18
4079,4
4079,28
4080,9
4081,12
4081,23
4081,28
4082,2
4082,18
4083,4
4083,7
4084,9
4084,21
4085,7
4086,7
4086,10
4086,29
4087,2
4087,7
4088,5
4088,7
4089,1
4089,2
4089,12
4089,23
4089,28
4090,2
4091,4
4091,7
4091,12
4092,4
4092,7
4093,1
4093,2
4093,28
4094,7
4094,12
4094,17
4094,18
4095,1
4095,23
4096,7
4096,26
4097,2
4097,4
4098,2
4098,4
4099,2
4099,4
4099,5
4100,1
4100,2
4100,12
4100,23
4100,28
4101,26
4101,29
4102,1
4102,4
4102,7
4102,25
4103,12
4103,18
4103,20
4104,2
4104,12
4104,18
4104,28
4105,2
4105,17
4106,21
4107,7
4107,12
4107,13
4107,29
4108,7
4108,18
4108,23
4108,28
4109,7
4110,2
4110,4
4110,7
4111,2
4111,11
4112,4
4112,7
4112,10
4112,17
4113,5
4113,7
4114,7
4114,10
4114,20
4115,7
4115,10
4115,29
4116,17
4117,21
4118,23
4119,7
4120,21
4120,25
4121,15
4122,7
4122,10
4122,17
4122,26
4123,1
4123,7
4123,12
4124,1
4124,23
4125,1
4125,2
4125,12
4125,23
4126,2
4126,7
4127,2
4127,4
4128,4
4128,7
4129,4
4129,7
4130,1
4130,2
4130,12
4130,23
4130,28
4131,1
4131,11
4131,23
4132,15
4133,1
4133,7
4133,20
4134,4
4134,7
4135,2
4135,4
4135,7
4136,4
4136,7
4136,28
4137,7
4138,7
4138,26
4139,10
4139,29
4140,2
4140,5
4141,7
4141,13
4141,14
4142,1
4142,2
4142,23
4143,4
4143,7
4143,13
4143,14
4144,10
4144,17
4144,18
4145,14
4145,21
4146,7
4147,10
4147,17
4147,26
4148,7
4149,1
4149,2
4149,12
4149,23
4149,28
4150,11
4151,2
4151,3
4151,4
4151,7
4152,2
4152,4
4153,7
4153,18
4154,2
4154,4
4155,2
4155,4
4156,10
4156,26
4156,29
4157,2
4157,12
4157,17
4157,18
4158,12
4158,18
4158,28
4159,2
4159,4
4160,2
4160,10
4160,18
4161,2
4161,7
4161,18
4162,13
4162,18
4162,28
4163,18
4164,2
4164,17
4164,18
4165,2
4165,17
4165,29
4166,2
4166,7
4167,2
4168,4
4168,7
4168,28
4169,2
4169,7
4169,18
4170,2
4170,18
4170,20
4171,2
4171,4
4171,18
4172,2
4172,13
4172,18
4173,7
4174,7
4174,10
4175,2
4175,12
4175,18
4175,20
4175,23
4175,28
4176,1
4176,2
4176,23
4176,28
4177,7
4177,10
4177,17
4178,2
4178,23
4179,7
4180,1
4180,2
4180,12
4180,23
4181,6
4181,7
4181,10
4181,18
4182,14
4182,21
4183,4
4184,21
4185,21
4186,29
4187,2
4187,12
4187,17
4187,18
4188,2
4189,2
4189,7
4189,12
4189,23
4190,1
4190,12
4190,23
4190,28
4190,29
4191,7
4192,2
4192,17
4192,18
4193,7
4193,10
4194,7
4195,1
4195,2
4195,7
4196,21
4197,7
4198,7
4198,10
4198,20
4199,7
4199,13
4200,2
4200,10
4200,18
4200,20
4200,23
4201,21
4201,25
4202,10
4202,12
4202,20
4202,26
4202,29
4203,1
4203,2
4204,10
4204,12
4204,18
4204,20
4204,26
4205,6
4205,7
4205,18
4206,2
4207,4
4207,26
4208,2
4208,7
4209,2
4209,5
4209,7
4209,14
4210,1
4210,2
4210,28
4211,2
4211,5
4211,7
4212,2
4212,23
4213,2
4213,23
4214,2
4214,3
4214,4
4214,7
4215,2
4215,17
4216,10
4216,26
4217,7
4217,10
4217,17
4218,2
4218,26
4219,2
4219,17
4220,7
4220,10
4220,29
4221,2
4222,1
4222,12
4222,28
4223,2
4224,7
4224,17
4224,18
4225,2
4225,7
4226,1
4227,10
4227,26
4227,29
4228,7
4228,10
4228,29
4229,10
4229,17
4230,2
4230,7
4230,13
4230,14
4231,12
4231,18
4231,28
4231,29
4232,7
4232,13
4233,7
4233,11
4234,7
4235,2
4236,2
4236,10
4236,17
4236,29
4237,4
4237,7
4237,28
4238,7
4238,20
4239,2
4239,4
4239,7
4239,23
4240,7
4240,16
4241,7
4242,2
4242,4
4243,1
4243,2
4243,12
4243,18
4243,23
4243,28
4244,11
4244,21
4245,2
4245,7
4246,1
4246,2
4246,7
4246,13
4247,1
4247,2
4247,7
4248,7
4249,2
4249,28
4250,2
4250,4
4250,25
4251,1
4251,2
4251,28
4252,2
4252,4
4252,20
4252,28
4253,1
4253,2
4253,23
4254,6
4254,13
4255,3
4255,7
4256,17
4256,21
4257,2
4257,18
4258,2
4259,1
4260,2
4261,26
4262,10
4262,17
4262,29
4263,17
4264,2
4264,4
4264,7
4265,14
4265,21
4265,25
4266,2
4266,4
4266,28
4267,7
4268,2
4269,7
4270,7
4271,7
4271,10
4272,7
4272,17
4273,2
4273,12
4273,23
4274,7
4275,2
4275,7
4276,10
4276,26
4276,29
4277,10
4277,17
4277,29
4278,4
4278,7
4279,7
4279,10
4279,17
4279,29
4280,7
4280,10
4280,17
4280,18
4280,29
4281,2
4281,4
4281,7
4282,4
4283,4
4283,6
4283,7
4283,18
4284,2
4285,2
4285,4
4285,7
4286,2
4286,4
4286,7
4287,10
4287,17
4287,18
4288,2
4288,7
4289,2
4289,4
4289,7
4290,7
4290,10
4290,29
4291,11
4291,26
4292,23
4293,4
4294,21
4295,2
4296,2
4296,4
4297,4
4297,7
4298,4
4298,7
4299,10
4299,18
4300,2
4300,4
4300,7
4300,11
4301,2
4301,4
4301,7
4301,28
4302,2
4302,8
4302,11
4302,12
4302,17
4303,13
4304,2
4304,6
4304,7
4305,2
4305,21
4306,1
4306,2
4306,23
4307,7
4307,13
4307,14
4308,2
4308,10
4308,20
4308,26
4308,29
4309,2
4309,7
4310,2
4310,4
4310,7
4311,15
4312,7
4312,17
4312,18
4312,28
4313,7
4313,10
4313,28
4314,7
4314,10
4314,26
4314,29
4315,7
4316,1
4316,2
4316,3
4316,12
4316,23
4316,28
4317,7
4317,20
4318,19
4318,27
4319,2
4319,7
4319,17
4320,7
4320,10
4320,26
4320,29
4321,2
4321,7
4322,2
4322,7
4322,17
4323,10
4323,26
4324,2
4324,7
4325,26
4326,4
4326,7
4327,2
4328,7
4329,5
4329,13
4329,21
4330,2
4331,4
4331,6
4331,7
4332,7
4332,10
4332,20
4333,21
4334,2
4334,7
4335,2
4335,4
4335,7
4336,2
4336,4
4337,7
4337,10
4337,12
4337,20
4337,23
4337,26
4337,28
4337,29
4338,2
4339,7
4339,10
4339,17
4339,18
4340,2
4341,1
4341,2
4342,2
4342,7
4342,12
4343,1
4343,2
4343,18
4344,4
4344,7
4345,26
4346,10
4346,18
4347,21
4348,7
4348,14
4349,2
4349,4
4349,7
4350,2
4350,4
4350,7
4351,7
4352,1
4352,7
4352,12
4352,23
4353,4
4353,7
4354,7
4354,12
4355,17
4355,21
4356,9
4357,1
4357,2
4357,7
4358,2
4358,4
4358,7
4358,12
4358,23
4358,28
4359,15
4360,2
4360,18
4360,28
4361,7
4361,18
4362,2
4362,7
4363,1
4363,4
4364,2
4364,4
4364,7
4365,7
4365,20
4365,26
4366,11
4367,2
4367,17
4368,7
4368,11
4369,2
4369,4
4369,7
4370,11
4370,18
4371,2
4371,12
4371,18
4371,20
4372,7
4372,13
4372,14
4372,17
4373,1
4373,2
4373,7
4373,25
4374,7
4375,2
4376,2
4377,7
4377,10
4377,17
4377,18
4378,14
4379,1
4379,2
4379,23
4380,9
4380,21
4381,7
4381,10
4381,18
4381,29
4382,4
4382,7
4382,10
4382,12
4382,20
4382,28
4383,3
4383,7
4383,14
4384,1
4384,2
4384,20
4384,28
4385,7
4385,26
4385,29
4386,1
4386,2
4386,4
4386,25
4386,28
4387,6
4387,7
4387,14
4388,10
4389,23
4390,23
4391,2
4391,12
4391,17
4391,23
4392,2
4392,17
4392,29
4393,1
4393,12
4393,23
4393,28
4394,2
4394,7
4394,10
4395,1
4395,25
4396,2
4397,7
4397,10
4397,17
4397,18
4398,1
4398,2
4398,12
4398,18
4398,20
4398,23
4398,28
4399,6
4399,7
4399,13
4399,18
4400,7
4400,10
4400,17
4400,18
4400,29
4401,7
4401,10
4401,17
4402,2
4403,14
4404,13
4404,21
4405,2
4405,7
4406,11
4406,21
4407,7
4408,1
4409,4
4409,7
4410,23
4411,1
4411,12
4411,23
4412,2
4413,2
4413,7
4414,2
4414,7
4415,1
4415,2
4415,12
4415,17
4415,18
4416,7
4416,14
4417,2
4417,4
4417,5
4417,7
4418,4
4419,1
4419,2
4419,12
4419,23
4420,4
4420,7
4420,23
4420,28
4421,4
4421,7
4421,29
4422,9
4423,21
4424,2
4425,7
4425,17
4426,7
4426,10
4426,17
4426,18
4427,18
4428,2
4428,4
4428,7
4429,7
4429,10
4429,17
4429,18
4429,29
4430,2
4430,7
4431,2
4431,10
4432,7
4432,10
4432,14
4433,2
4434,1
4434,2
4434,4
4434,7
4435,2
4436,7
4437,18
4437,20
4437,23
4438,2
4438,4
4438,7
4439,2
4440,7
4440,10
4440,17
4440,26
4441,21
4442,21
4443,1
4443,2
4443,3
4443,12
4443,18
4443,23
4443,28
4444,2
4444,7
4445,7
4445,10
4445,17
4445,18
4445,23
4446,2
4446,12
4446,17
4446,28
4446,29
4447,7
4448,11
4448,21
4449,7
4450,21
4451,7
4451,14
4451,17
4452,1
4452,23
4452,28
4453,7
4454,2
4454,4
4454,11
4455,7
4455,10
4455,17
4455,18
4456,2
4456,7
4457,4
4457,7
4458,2
4458,4
4459,7
4460,2
4460,4
4460,7
4460,28
4461,2
4461,4
4461,13
4462,7
4462,29
4463,10
4463,17
4463,18
4464,2
4464,12
4465,2
4465,17
4466,2
4466,4
4466,7
4466,14
4466,28
4467,1
4467,12
4467,18
4467,23
4467,28
4468,7
4468,11
4468,17
4469,1
4469,2
4469,20
4469,23
4469,28
4470,9
4471,17
4471,20
4471,26
4471,29
4472,17
4472,21
4473,2
4473,3
4473,7
4473,25
4474,6
4474,7
4474,10
4475,4
4475,7
4475,14
4476,7
4476,20
4476,26
4476,29
4477,10
4478,1
4478,5
4478,13
4478,14
4478,21
4479,2
4479,4
4479,7
4479,12
4479,28
4480,20
4480,26
4481,11
4481,29
4482,10
4482,18
4483,2
4484,7
4484,10
4484,17
4485,2
4485,4
4486,4
4486,7
4486,23
4487,2
4487,5
4487,7
4487,17
4488,17
4488,21
4489,17
4489,21
4490,7
4491,5
4491,11
4491,21
4492,2
4493,4
4493,6
4493,7
4493,12
4493,13
4494,7
4494,17
4494,18
4495,2
4496,7
4496,10
4496,18
4497,7
4498,7
4498,10
4499,7
4500,7
4501,2
4501,7
4502,14
4503,2
4503,7
4504,2
4505,9
4506,2
4506,12
4506,18
4506,20
4507,15
4508,2
4509,2
4509,4
4509,7
4510,1
4510,23
4511,10
4511,17
4512,5
4512,14
4512,21
4513,2
4513,7
4513,29
4514,1
4514,2
4515,12
4515,18
4515,20
4515,28
4516,4
4516,7
4516,10
4516,17
4516,29
4517,1
4517,2
4517,12
4517,23
4518,5
4518,7
4519,7
4519,10
4519,17
4520,2
4520,7
4520,14
4521,9
4522,2
4522,4
4523,2
4523,7
4523,28
4524,2
4525,15
4526,1
4527,4
4527,7
4527,29
4528,2
4529,7
4530,18
4530,20
4531,13
4531,21
4532,7
4532,18
4533,21
4534,2
4534,7
4535,7
4536,7
4536,14
4537,12
4537,21
4537,24
4538,7
4538,12
4538,29
4539,21
4540,7
4541,1
4541,12
4541,28
4541,29
4542,4
4542,7
4543,1
4543,12
4543,18
4543,20
4543,23
4543,28
4544,2
4544,5
4544,7
4544,21
4545,2
4546,4
4546,28
4547,2
4547,20
4548,7
4549,4
4549,7
4550,21
4551,2
4551,7
4552,6
4552,7
4552,10
4552,13
4553,2
4553,4
4554,16
4555,2
4555,7
4556,2
4556,7
4557,2
4557,7
4558,4
4558,7
4558,10
4559,7
4559,10
4559,17
4560,7
4560,14
4561,2
4561,4
4562,10
4562,18
4563,1
4563,2
4563,12
4563,23
4564,6
4564,13
4564,21
4565,2
4565,11
4565,20
4566,2
4566,7
4567,2
4567,4
4567,7
4568,7
4568,17
4569,2
4570,11
4570,21
4571,7
4571,13
4571,14
4572,2
4572,7
4573,6
4573,7
4573,12
4573,13
4573,18
4573,28
4574,2
4575,7
4576,2
4577,2
4577,4
4578,2
4578,7
4578,10
4578,17
4579,4
4579,7
4580,2
4581,7
4581,14
4582,1
4582,2
4583,1
4583,12
4584,7
4584,17
4584,29
4585,17
4585,21
4586,2
4587,7
4588,2
4588,4
4588,7
4589,1
4589,2
4590,2
4590,29
4591,1
4591,2
4592,1
4593,7
4594,1
4594,2
4594,23
4594,28
4595,9
4596,2
4596,9
4596,27
4597,2
4598,2
4599,2
4600,2
4600,4
4600,23
4601,7
4602,2
4602,7
4603,2
4603,7
4603,17
4604,1
4604,2
4604,12
4604,23
4604,28
4605,11
4605,21
4606,2
4606,4
4606,7
4607,7
4608,7
4608,17
4608,20
4608,29
4609,1
4609,11
4609,12
4609,23
4609,28
4610,7
4611,2
4612,4
4612,6
4612,7
4612,13
4612,14
4613,21
4614,2
4615,2
4615,7
4615,28
4616,7
4617,9
4618,7
4618,10
4618,17
4619,1
4619,2
4619,12
4619,18
4619,23
4619,28
4620,7
4621,10
4621,11
4621,20
4622,7
4622,10
4622,17
4622,29
4623,2
4623,7
4624,1
4624,2
4624,7
4624,28
4625,18
4625,20
4625,23
4626,10
4626,17
4626,25
4627,17
4627,18
4628,12
4628,18
4628,23
4629,1
4629,12
4629,18
4629,28
4630,18
4630,23
4631,18
4631,20
4632,7
4633,10
4633,29
4634,18
4635,2
4635,7
4635,29
4636,2
4636,4
4637,7
4638,7
4638,12
4638,18
4639,18
4639,26
4639,28
4640,2
4640,4
4641,1
4642,7
4642,10
4642,17
4642,18
4643,2
4643,4
4644,2
4644,4
4644,28
4645,4
4645,28
4646,7
4647,7
4648,2
4649,2
4650,13
4650,23
4650,29
4651,2
4651,7
4651,10
4651,17
4651,26
4652,2
4652,7
4653,6
4653,7
4654,2
4654,4
4654,6
4654,7
4655,9
4655,21
4656,5
4656,11
4656,14
4656,21
4657,4
4658,5
4658,7
4659,7
4660,10
4660,20
4660,26
4660,29
4661,2
4661,7
4661,14
4662,7
4662,14
4662,21
4663,2
4664,7
4664,10
4664,26
4664,29
4665,2
4665,7
4666,9
4667,7
4668,9
4669,2
4669,4
4669,7
4669,12
4669,18
4669,26
4669,28
4669,29
4670,7
4670,10
4670,17
4671,21
4671,25
4672,2
4672,7
4672,10
4672,12
4672,18
4672,20
4672,26
4672,28
4672,29
4673,12
4673,18
4673,20
4673,26
4673,28
4674,7
4674,10
4674,17
4675,4
4675,26
4676,21
4677,21
4678,1
4679,2
4679,9
4680,1
4680,2
4680,12
4680,23
4680,28
4681,1
4681,2
4681,3
4681,28
4682,1
4682,2
4682,7
4683,2
4683,7
4684,7
4685,21
4686,7
4686,11
4687,7
4687,17
4687,18
4688,7
4688,11
4689,7
4689,20
4689,28
4689,29
4690,4
4691,2
4692,7
4692,10
4692,12
4692,13
4692,18
4693,2
4694,7
4694,10
4694,26
4694,29
4695,23
4696,7
4696,10
4696,26
4696,29
4697,7
4698,7
4699,2
4699,7
4699,13
4699,17
4700,23
4701,7
4701,17
4702,7
4702,21
4702,29
4703,27
4704,2
4704,7
4704,20
4705,21
4706,2
4706,12
4706,18
4706,20
4706,28
4707,7
4707,28
4708,2
4709,4
4709,7
4710,2
4710,4
4711,2
4712,2
4712,4
4713,4
4713,7
4714,2
4714,4
4714,12
4715,4
4715,7
4716,12
4717,7
4718,28
4719,7
4720,7
4720,10
4720,17
4720,29
4721,1
4721,10
4721,20
4722,2
4723,2
4724,21
4725,7
4725,10
4725,17
4726,11
4726,21
4727,15
4728,21
4729,2
4729,7
4729,13
4730,7
4731,7
4731,11
4732,12
4732,18
4733,21
4734,7
4734,13
4734,14
4735,7
4735,17
4735,18
4736,7
4736,10
4736,12
4736,18
4736,20
4737,2
4737,7
4737,10
4737,26
4737,28
4737,29
4738,2
4738,7
4738,12
4738,23
4739,2
4740,21
4741,2
4742,11
4742,23
4743,2
4744,4
4744,7
4744,17
4744,18
4744,29
4745,1
4745,2
4745,18
4745,23
4746,2
4746,4
4747,2
4748,17
4749,7
4749,10
4749,29
4750,7
4750,12
4751,26
4752,7
4752,17
4752,18
4753,7
4753,10
4753,17
4753,26
4754,10
4754,29
4755,2
4755,17
4756,7
4757,7
4757,29
4758,7
4759,2
4760,17
4761,7
4762,5
4762,23
4763,2
4763,7
4763,12
4763,23
4763,28
4764,2
4764,7
4764,12
4764,18
4764,23
4764,28
4765,6
4765,13
4765,21
4766,2
4766,4
4767,1
4767,12
4767,23
4768,2
4768,7
4769,4
4769,6
4769,7
4769,18
4770,9
4770,25
4771,15
4772,2
4772,4
4773,7
4774,7
4774,13
4774,18
4774,23
4774,28
4775,4
4775,7
4775,10
4775,17
4775,23
4775,28
4775,29
4776,10
4776,18
4777,7
4777,28
4778,7
4779,7
4780,10
4781,21
4782,11
4783,2
4783,4
4784,2
4784,4
4785,2
4786,2
4787,7
4787,25
4788,1
4788,2
4788,23
4788,28
4789,1
4789,2
4789,11
4789,12
4789,18
4789,23
4790,1
4791,10
4791,17
4791,18
4792,23
4793,2
4793,7
4793,28
4794,10
4794,12
4794,18
4794,20
4794,28
4795,2
4795,26
4796,7
4797,4
4797,7
4797,13
4797,18
4798,10
4798,26
4798,29
4799,7
4799,20
4800,21
4801,2
4802,7
4802,12
4802,17
4802,18
4802,23
4802,28
4803,4
4803,28
4804,2
4805,21
4806,18
4806,20
4806,23
4806,28
4807,21
4808,7
4809,10
4809,26
4809,28
4809,29
4810,10
4811,15
4812,4
4812,7
4813,2
4813,7
4814,2
4815,4
4815,7
4815,17
4815,29
4816,23
4817,1
4817,7
4818,2
4818,18
4819,6
4819,7
4819,10
4819,13
4819,18
4820,4
4820,7
4820,13
4821,6
4821,7
4821,13
4821,18
4822,2
4822,12
4822,18
4823,10
4823,18
4823,29
4824,20
4825,4
4825,7
4826,10
4826,20
4826,29
4827,21
4828,26
4828,28
4829,10
4829,26
4830,2
4830,4
4831,2
4832,2
4832,4
4833,4
4833,7
4833,10
4834,4
4834,7
4834,28
4835,2
4835,4
4835,7
4836,10
4836,17
4836,28
4837,4
4837,25
4838,2
4838,7
4839,2
4840,2
4840,7
4841,1
4841,2
4841,12
4841,23
4841,28
4842,2
4842,4
4842,28
4843,4
4843,7
4844,10
4844,17
4844,18
4845,9
4846,1
4846,12
4846,18
4846,23
4847,2
4847,23
4848,2
4848,5
4848,23
4849,1
4849,2
4849,18
4849,20
4850,10
4850,17
4851,1
4851,2
4851,10
4851,12
4851,18
4851,23
4851,28
4852,4
4853,1
4853,2
4853,7
4853,18
4853,20
4854,7
4854,13
4855,2
4856,2
4857,2
4857,7
4858,7
4858,10
4858,12
4858,18
4859,10
4859,18
4859,26
4860,2
4860,12
4860,23
4860,28
4861,7
4861,17
4861,25
4862,2
4862,7
4863,2
4863,4
4863,23
4864,7
4864,14
4865,2
4865,7
4866,21
4867,2
4868,2
4869,2
4869,7
4869,14
4869,25
4870,1
4870,2
4870,7
4870,17
4870,29
4871,4
4871,7
4871,18
4872,11
4872,21
4873,4
4873,7
4874,10
4874,17
4875,2
4876,10
4876,17
4876,18
4877,2
4878,2
4878,4
4879,2
4879,4
4879,7
4880,7
4881,26
4881,29
4882,7
4883,7
4884,7
4884,10
4884,26
4884,29
4885,4
4885,7
4886,7
4887,1
4887,4
4887,7
4888,7
4888,17
4888,29
4889,21
4890,2
4891,7
4891,17
4891,29
4892,1
4892,11
4892,12
4892,23
4892,28
4893,7
4893,17
4893,29
4894,7
4894,10
4894,17
4895,5
4895,7
4896,1
4896,23
4897,4
4897,7
4898,2
4898,12
4899,4
4899,7
4900,2
4900,4
4900,7
4900,10
4901,10
4901,17
4901,18
4902,2
4902,10
4902,18
4902,26
4902,28
4903,18
4903,20
4903,23
4904,1
4904,2
4904,12
4904,23
4904,26
4905,21
4906,9
4907,1
4907,2
4907,12
4907,18
4907,20
4907,23
4907,28
4908,21
4908,25
4909,7
4910,9
4911,13
4911,21
4912,8
4912,12
4913,21
4914,8
4914,12
4915,8
4915,12
4915,18
4916,8
4916,12
4917,9
4917,21
4918,8
4918,12
4919,7
4919,11
4920,17
4920,21
4920,25
4921,7
4921,10
4921,29
4922,8
4923,7
4923,13
4923,14
4924,7
4925,2
4925,11
4926,2
4927,21
4928,7
4928,26
4929,7
4930,7
4930,17
4931,7
4931,10
4931,17
4932,18
4932,20
4933,1
4933,2
4933,4
4933,7
4934,2
4935,2
4935,7
4936,21
4937,7
4937,13
4937,18
4938,5
4938,7
4938,13
4938,14
4939,5
4939,7
4939,18
4939,20
4940,7
4940,17
4940,18
4941,2
4941,12
4941,13
4942,2
4942,29
4943,7
4943,11
4944,2
4944,4
4945,7
4945,13
4945,18
4946,2
4946,18
4947,10
4947,17
4947,18
4948,18
4949,7
4950,10
4950,26
4950,29
4951,4
4951,7
4952,4
4952,7
4952,17
4952,26
4952,28
4953,1
4953,2
4953,7
4953,28
4954,15
4955,10
4956,21
4957,7
4957,12
4957,20
4957,29
4958,7
4958,18
4958,26
4959,2
4960,23
4961,2
4962,7
4963,21
4964,1
4964,2
4964,12
4964,23
4965,7
4965,26
4966,2
4966,7
4967,7
4967,10
4967,17
4967,29
4968,2
4968,4
4968,7
4968,20
4969,2
4970,10
4970,20
4970,26
4970,28
4971,1
4971,12
4971,28
4972,2
4972,4
4972,7
4973,11
4973,21
4974,6
4974,7
4974,10
4974,13
4974,14
4975,2
4976,9
4977,2
4977,7
4977,25
4978,1
4978,7
4978,12
4979,2
4979,7
4980,17
4980,18
4981,18
4982,7
4983,12
4983,18
4983,20
4983,28
4984,2
4984,10
4984,12
4984,17
4984,18
4985,7
4986,2
4986,4
4987,4
4987,13
4987,28
4988,2
4988,4
4988,23
4988,28
4989,14
4989,21
4990,10
4990,18
4990,26
4991,23
4992,21
4993,7
4994,2
4994,5
4994,7
4995,2
4996,11
4996,25
4997,2
4997,7
4998,1
4998,2
4998,12
4998,23
4998,28
4999,7
4999,21
5000,2
5000,26
5001,7
5002,2
5002,4
5003,21
5004,1
5004,23
5005,7
5005,10
5006,2
5006,7
5007,7
5007,11
5008,1
5008,7
5008,14
5008,21
5009,29
5010,10
5011,2
5012,2
5012,26
5013,2
5014,23
5015,2
5016,2
5016,7
5017,2
5018,2
5019,2
5020,10
5020,17
5020,29
5021,10
5022,7
5022,10
5022,17
5022,29
5023,2
5023,7
5023,17
5024,9
5025,1
5025,7
5025,12
5025,28
5026,1
5026,2
5026,5
5026,7
5026,12
5027,2
5027,4
5028,14
5029,2
5029,4
5030,2
5030,7
5030,14
5031,4
5031,7
5032,21
5032,25
5033,10
5033,26
5034,18
5035,2
5036,18
5037,2
5037,18
5037,20
5038,2
5038,17
5039,7
5039,10
5039,17
5039,29
5040,21
5041,21
5042,2
5043,25
5044,2
5044,4
5044,7
5045,7
5045,17
5046,2
5047,10
5047,17
5047,26
5048,2
5048,12
5048,18
5048,20
5049,7
5049,10
5049,17
5050,2
5051,11
5051,21
5052,9
5053,2
5053,7
5054,2
5055,7
5055,10
5056,7
5057,21
5058,7
5058,10
5058,12
5058,18
5059,2
5060,2
5060,7
5061,2
5062,7
5062,13
5062,14
5063,4
5063,9
5064,2
5064,7
5065,5
5065,7
5065,10
5065,14
5065,17
5066,21
5067,7
5067,10
5067,17
5068,7
5068,10
5068,12
5068,17
5068,18
5069,2
5070,2
5071,7
5071,20
5072,7
5072,25
5073,23
5074,1
5074,2
5074,12
5074,18
5074,20
5074,23
5075,1
5075,12
5075,23
5075,28
5076,23
5077,10
5077,12
5077,18
5077,26
5077,29
5078,29
5079,23
5079,28
5080,2
5080,4
5080,7
5080,25
5081,2
5081,26
5082,2
5082,4
5083,2
5083,10
5083,12
5083,18
5083,20
5083,26
5083,28
5084,7
5084,26
5084,29
5085,21
5086,7
5086,10
5086,26
5086,29
5087,10
5087,17
5088,1
5088,2
5088,7
5089,2
5090,21
5091,1
5091,12
5092,21
5093,7
5094,2
5095,11
5095,21
5096,21
5097,1
5097,2
5097,12
5097,18
5097,20
5097,23
5097,28
5098,7
5098,18
5098,26
5098,28
5099,2
5099,18
5099,26
5100,4
5101,4
5102,7
5103,4
5103,7
5104,1
5104,2
5104,17
5105,1
5105,11
5105,12
5105,23
5106,2
5107,2
5108,7
5108,17
5108,25
5109,2
5110,10
5110,17
5110,29
5111,1
5111,2
5111,12
5111,18
5111,23
5112,7
5112,14
5113,27
5114,7
5114,17
5114,18
5114,28
5115,17
5115,21
5116,10
5117,21
5118,7
5118,10
5118,17
5118,29
5119,2
5120,21
5121,7
5121,14
5121,17
5122,21
5123,7
5124,2
5124,7
5124,12
5125,4
5125,7
5125,25
5126,5
5126,21
5127,21
5128,2
5129,2
5129,13
5129,18
5129,23
5130,23
5131,2
5132,7
5132,10
5132,17
5132,18
5133,2
5133,4
5133,7
5134,7
5134,10
5134,12
5134,14
5134,18
5135,7
5135,11
5136,4
5136,7
5137,7
5137,12
5137,13
5137,18
5137,23
5138,7
5138,12
5138,14
5138,29
5139,1
5139,12
5139,18
5139,23
5139,28
5140,2
5140,4
5140,23
5141,7
5141,14
5142,1
5142,12
5142,18
5142,23
5142,28
5143,7
5143,18
5143,23
5144,2
5144,4
5144,18
5144,23
5144,26
5144,28
5144,29
5145,2
5145,26
5145,28
5146,7
5146,8
5147,4
5147,7
5147,28
5148,2
5148,20
5148,28
5149,2
5149,23
5150,2
5151,7
5151,10
5151,11
5152,23
5153,2
5153,4
5153,18
5154,1
5155,2
5156,7
5157,2
5157,4
5158,2
5158,4
5158,7
5159,10
5159,20
5159,29
5160,4
5160,7
5161,6
5161,12
5161,18
5161,20
5161,26
5162,7
5163,10
5163,17
5163,18
5164,5
5164,6
5164,7
5164,13
5165,4
5165,7
5166,7
5167,21
5168,26
5168,29
5169,28
5170,15
5171,12
5171,18
5171,20
5172,4
5172,10
5172,29
5173,2
5173,7
5173,17
5174,4
5174,7
5174,17
5175,26
5176,4
5176,7
5176,23
5176,25
5177,4
5178,1
5178,2
5178,28
5179,21
5180,10
5180,18
5181,7
5182,18
5182,23
5183,7
5183,10
5183,13
5184,7
5184,14
5185,10
5185,26
5186,2
5187,1
5187,2
5187,12
5187,18
5187,23
5187,28
5188,7
5188,12
5188,18
5189,7
5189,12
5189,14
5189,17
5190,2
5190,4
5190,7
5191,2
5191,3
5191,26
5192,2
5192,26
5193,2
5193,11
5194,7
5195,10
5195,26
5195,29
5196,2
5196,4
5196,23
5197,7
5197,10
5197,20
5198,7
5198,10
5198,12
5198,20
5198,29
5199,4
5199,7
5200,2
5200,4
5200,18
5200,25
5200,26
5200,28
5201,4
5201,7
5202,7
5202,29
5203,6
5203,7
5203,13
5203,14
5204,2
5204,17
5205,10
5205,29
5206,13
5206,14
5206,21
5207,1
5207,2
5207,12
5207,18
5207,20
5207,23
5208,7
5209,9
5210,10
5210,26
5210,29
5211,2
5211,4
5211,7
5212,2
5212,7
5213,2
5214,18
5214,20
5214,26
5215,2
5215,17
5215,18
5216,10
5216,26
5217,12
5217,18
5217,23
5217,28
5218,2
5218,7
5218,18
5218,20
5218,23
5218,28
5219,10
5219,26
5220,4
5220,7
5221,1
5221,12
5221,18
5221,28
5222,7
5223,7
5224,2
5224,4
5224,13
5225,4
5225,7
5225,14
5226,10
5226,17
5226,29
5227,2
5227,7
5228,7
5228,10
5228,17
5229,2
5229,3
5229,7
5229,29
5230,7
5231,7
5231,13
5232,4
5232,7
5232,28
5233,7
5233,10
5233,29
5234,2
5235,2
5235,4
5236,1
5236,2
5236,12
5236,20
5236,23
5236,28
5237,7
5237,11
5238,10
5239,2
5239,12
5239,18
5240,4
5240,7
5240,13
5241,23
5241,26
5242,18
5243,7
5244,2
5245,11
5245,21
5246,2
5246,4
5246,7
5246,23
5247,4
5247,7
5248,7
5249,2
5249,10
5249,17
5249,29
5250,4
5250,12
5250,18
5250,23
5250,28
5251,18
5251,20
5252,2
5253,2
5253,5
5253,7
5254,1
5254,2
5254,12
5254,18
5254,20
5254,23
5254,28
5255,4
5255,7
5256,7
5256,10
5256,17
5256,18
5257,1
5258,10
5258,17
5259,21
5260,2
5260,7
5261,9
5262,9
5263,1
5263,2
5263,4
5263,7
5263,10
5263,17
5263,29
5264,7
5264,17
5264,29
5265,18
5265,23
5265,28
5266,7
5266,17
5266,20
5267,2
5267,5
5267,23
5268,7
5268,12
5268,18
5268,20
5268,23
5268,28
5269,1
5269,28
5270,12
5270,18
5270,23
5271,2
5272,26
5273,2
5274,2
5275,7
5275,10
5275,26
5276,7
5276,18
5276,23
5276,28
5277,10
5277,18
5277,20
5278,2
5278,7
5278,17
5278,29
5279,7
5279,25
5280,2
5280,4
5280,12
5280,18
5280,23
5280,28
5281,7
5282,26
5283,7
5283,28
5284,2
5284,25
5285,10
5285,26
5285,29
5286,4
5286,7
5286,13
5286,21
5287,7
5288,7
5289,4
5290,7
5290,10
5291,7
5292,7
5293,7
5293,10
5293,12
5293,18
5293,20
5294,7
5294,12
5294,13
5295,2
5296,6
5296,12
5296,18
5296,23
5296,28
5297,4
5298,2
5298,4
5298,7
5298,12
5298,23
5298,28
5299,10
5299,26
5300,7
5301,17
5302,2
5303,2
5303,3
5303,4
5304,10
5305,18
5305,23
5306,2
5306,17
5307,2
5307,4
5308,23
5308,26
5309,7
5310,4
5310,18
5310,23
5310,28
5311,6
5311,21
5312,4
5312,7
5313,2
5313,18
5314,4
5314,7
5315,10
5315,12
5315,18
5316,1
5316,2
5316,3
5316,12
5316,23
5316,25
5317,2
5317,4
5318,21
5319,2
5319,12
5319,23
5319,26
5320,23
5321,1
5321,2
5321,11
5321,23
5322,4
5323,2
5323,4
5323,7
5323,20
5324,23
5325,11
5325,25
5326,4
5326,7
5326,26
5327,7
5327,10
5327,18
5328,2
5328,9
5328,10
5328,20
5328,26
5329,5
5329,7
5330,7
5330,13
5330,14
5330,21
5330,29
5331,2
5331,7
5331,10
5331,17
5332,26
5333,2
5333,17
5333,18
5334,10
5334,17
5334,26
5335,4
5335,7
5335,12
5335,18
5335,20
5335,23
5335,26
5335,29
5336,10
5336,29
5337,7
5337,17
5338,1
5338,8
5338,12
5338,18
5338,20
5338,26
5338,28
5339,21
5340,7
5340,18
5340,23
5341,1
5341,12
5341,18
5341,20
5341,23
5342,7
5342,23
5342,26
5342,29
5343,2
5344,23
5345,7
5346,11
5346,25
5347,5
5347,6
5347,7
5347,14
5347,18
5348,25
5349,2
5350,2
5350,4
5351,6
5351,7
5351,13
5351,18
5352,10
5352,17
5352,18
5353,7
5353,13
5354,7
5354,17
5355,2
5355,17
5356,2
5356,13
5356,17
5356,18
5356,29
5357,7
5357,17
5357,18
5358,10
5358,26
5358,29
5359,17
5359,18
5360,2
5360,17
5360,18
5360,29
5361,3
5361,4
5361,7
5362,21
5363,2
5363,8
5364,4
5364,7
5365,7
5365,10
5365,29
5366,7
5366,18
5366,20
5366,23
5366,28
5367,7
5367,10
5367,18
5367,20
5367,23
5367,28
5368,2
5369,10
5369,12
5369,18
5369,20
5370,7
5370,17
5370,29
5371,2
5371,11
5372,26
5373,14
5373,21
5373,25
5374,2
5374,23
5374,28
5375,11
5375,21
5376,2
5376,4
5377,15
5378,2
5378,7
5378,17
5378,25
5379,13
5379,21
5380,10
5380,26
5380,29
5381,1
5381,2
5381,3
5381,12
5381,23
5381,28
5382,21
5383,26
5384,8
5384,18
5385,2
5386,2
5386,4
5386,7
5386,28
5387,21
5388,2
5388,7
5388,25
5389,7
5389,10
5389,29
5390,2
5390,4
5391,10
5391,11
5392,1
5392,2
5392,12
5392,23
5392,28
5393,7
5394,7
5395,7
5395,14
5396,7
5396,11
5397,10
5397,12
5397,26
5397,28
5397,29
5398,7
5398,25
5399,2
5399,7
5399,25
5400,2
5400,4
5401,2
5401,7
5402,15
5403,7
5404,23
5405,1
5405,23
5406,21
5407,23
5408,2
5409,4
5409,7
5410,7
5411,1
5411,4
5411,25
5412,2
5412,4
5412,17
5412,18
5412,29
5413,27
5414,11
5414,21
5415,7
5415,10
5415,17
5416,2
5416,7
5416,17
5417,7
5418,7
5418,20
5419,7
5419,13
5419,14
5420,4
5420,11
5421,7
5421,20
5421,26
5421,28
5422,7
5422,10
5422,26
5422,28
5422,29
5423,2
5423,7
5423,14
5423,17
5424,11
5424,21
5425,1
5425,2
5426,1
5426,2
5427,7
5427,18
5428,7
5428,17
5428,18
5429,12
5430,7
5430,17
5430,18
5431,2
5432,13
5432,14
5432,21
5432,25
5433,2
5433,4
5433,7
5434,2
5435,2
5435,3
5435,4
5436,1
5436,12
5436,23
5436,28
5437,21
5438,23
5439,7
5440,21
5441,7
5441,10
5441,20
5441,29
5442,2
5442,7
5443,2
5443,4
5444,2
5444,26
5445,7
5445,10
5445,17
5445,29
5446,2
5446,4
5446,7
5447,7
5447,11
5448,2
5448,4
5448,7
5449,2
5449,11
5450,10
5450,18
5451,26
5452,2
5452,4
5453,2
5454,1
5454,2
5454,23
5454,28
5455,7
5455,10
5455,25
5455,26
5456,2
5457,2
5457,10
5457,26
5457,29
5458,21
5459,2
5460,15
5461,15
5462,1
5462,23
5463,4
5463,7
5463,13
5463,18
5463,28
5464,7
5464,17
5465,7
5465,10
5465,18
5466,7
5466,10
5466,17
5466,18
5467,2
5467,7
5467,12
5468,2
5468,4
5469,7
5469,10
5469,26
5469,29
5470,7
5470,14
5470,17
5470,18
5471,21
5472,7
5472,10
5472,18
5473,7
5474,23
5475,2
5475,4
5475,7
5476,11
5476,12
5476,23
5477,7
5478,7
5478,10
5478,14
5478,17
5478,29
5479,1
5479,3
5479,23
5479,28
5480,5
5480,7
5480,10
5480,18
5481,7
5481,14
5482,21
5483,2
5483,7
5483,17
5484,4
5484,7
5484,28
5485,10
5485,11
5486,23
5487,2
5488,7
5488,10
5489,2
5489,4
5490,18
5491,7
5492,21
5493,2
5493,4
5493,18
5494,7
5495,2
5495,7
5496,2
5496,4
5497,1
5497,2
5498,17
5498,21
5499,7
5499,13
5499,14
5499,17
5500,2
5500,4
5500,7
5500,17
5501,2
5501,5
5502,10
5502,26
5502,29
5503,7
5504,10
5504,18
5505,2
5505,21
5506,10
5506,18
5506,20
5506,26
5507,7
5507,28
5507,29
5508,23
5509,2
5510,7
5510,10
5510,17
5510,18
5510,20
5511,4
5511,7
5511,10
5511,18
5511,20
5511,26
5511,29
5512,21
5513,2
5513,12
5513,18
5513,20
5514,11
5514,21
5515,7
5515,10
5515,25
5515,26
5516,7
5516,17
5516,29
5517,7
5517,10
5518,2
5519,4
5519,7
5520,7
5520,10
5520,18
5521,11
5521,21
5522,2
5522,4
5523,2
5523,18
5524,10
5524,12
5524,18
5525,2
5526,2
5526,4
5526,7
5527,7
5528,7
5528,17
5528,29
5529,23
5529,28
5530,9
5531,2
5531,21
5532,7
5532,10
5532,17
5532,18
5533,14
5533,21
5533,25
5534,2
5535,21
5535,25
5536,21
5537,7
5537,10
5537,12
5537,17
5537,18
5537,20
5538,13
5538,21
5539,23
5540,4
5540,7
5541,2
5542,15
5543,21
5544,21
5545,2
5546,2
5547,2
5548,2
5548,21
5549,7
5549,26
5550,2
5550,12
5550,23
5551,1
5551,11
5552,2
5552,21
5553,2
5553,7
5554,14
5554,21
5555,1
5555,2
5556,2
5556,4
5557,4
5557,7
5557,13
5557,25
5558,7
5559,2
5559,28
5560,2
5560,5
5561,18
5562,7
5562,23
5563,4
5563,7
5564,2
5564,4
5565,2
5565,4
5566,4
5567,4
5567,7
5568,2
5568,4
5568,28
5569,7
5570,10
5570,18
5571,15
5572,7
5572,10
5572,17
5572,18
5573,2
5573,25
5574,7
5574,9
5575,21
5576,10
5577,1
5577,2
5577,12
5577,23
5578,7
5579,1
5579,2
5579,12
5579,18
5580,14
5580,21
5581,7
5581,10
5581,18
5581,20
5582,7
5582,10
5582,17
5583,17
5584,4
5585,10
5585,12
5585,18
5586,10
5586,18
5587,11
5587,21
5588,4
5588,7
5588,10
5589,2
5589,7
5589,12
5590,2
5590,7
5591,2
5592,7
5592,10
5592,20
5592,29
5593,9
5594,12
5594,18
5594,23
5594,26
5594,28
5595,13
5595,21
5596,4
5596,7
5597,2
5597,4
5597,28
5598,7
5598,25
5599,7
5600,7
5601,17
5601,18
5602,4
5602,7
5602,18
5603,2
5603,7
5604,1
5604,6
5604,12
5604,13
5604,23
5605,10
5605,17
5606,7
5607,15
5608,21
5609,5
5609,7
5609,18
5610,11
5610,23
5611,4
5611,7
5611,13
5611,14
5612,7
5612,29
5613,2
5613,7
5614,4
5614,7
5614,28
5615,4
5615,7
5616,7
5617,14
5617,21
5618,7
5619,12
5619,20
5619,23
5620,2
5620,7
5621,2
5622,7
5622,23
5622,25
5622,28
5623,1
5623,4
5624,21
5625,2
5625,4
5625,7
5626,7
5627,18
5627,20
5627,23
5627,26
5627,28
5628,2
5628,4
5628,7
5629,10
5629,20
5629,28
5629,29
5630,7
5631,7
5632,5
5632,7
5632,18
5633,2
5633,21
5633,25
5634,9
5635,7
5635,29
5636,7
5636,17
5636,18
5637,2
5637,7
5637,18
5638,17
5639,2
5640,7
5641,2
5641,7
5642,2
5642,4
5642,10
5642,17
5642,18
5643,2
5643,7
5644,7
5645,7
5645,11
5646,26
5647,7
5647,18
5648,7
5648,10
5649,2
5649,4
5649,28
5650,11
5650,26
5651,2
5651,7
5651,28
5652,21
5653,1
5653,21
5654,23
5655,7
5656,7
5656,10
5656,26
5657,7
5657,10
5657,14
5657,17
5658,2
5658,4
5659,2
5660,1
5660,11
5660,21
5661,7
5661,10
5661,17
5661,18
5662,17
5663,7
5663,10
5663,17
5664,2
5664,7
5665,2
5665,23
5666,27
5667,2
5668,2
5668,11
5669,1
5669,2
5670,23
5671,7
5672,7
5673,7
5673,8
5673,10
5673,20
5674,7
5675,10
5675,28
5676,4
5676,7
5676,20
5677,2
5677,4
5677,28
5678,7
5678,26
5678,29
5679,7
5680,1
5680,23
5681,26
5682,21
5683,2
5683,10
5683,18
5684,14
5684,21
5684,25
5685,7
5685,14
5685,17
5686,7
5686,17
5687,1
5687,23
5688,7
5688,10
5688,23
5688,28
5689,2
5690,2
5691,2
5692,2
5693,2
5693,4
5693,18
5693,23
5693,28
5694,2
5695,21
5696,2
5696,7
5696,12
5696,18
5696,23
5696,28
5697,2
5697,3
5698,6
5698,7
5699,2
5699,17
5700,2
5700,12
5700,18
5700,20
5701,7
5701,18
5701,20
5702,2
5703,2
5703,18
5703,26
5704,10
5705,2
5705,5
5705,7
5706,7
5707,18
5707,23
5707,28
5708,23
5709,10
5710,18
5710,20
5711,2
5712,28
5713,2
5713,7
5714,2
5714,7
5715,2
5716,7
5716,29
5717,1
5718,4
5718,10
5718,18
5718,20
5719,7
5720,4
5720,7
5721,21
5722,7
5722,10
5722,26
5722,28
5722,29
5723,14
5723,21
5724,2
5725,7
5725,13
5726,2
5726,4
5726,28
5727,1
5727,12
5727,18
5727,28
5728,2
5728,7
5729,2
5730,7
5730,8
5730,10
5730,17
5730,29
5731,1
5731,2
5731,12
5731,26
5731,28
5732,10
5732,26
5733,7
5733,13
5733,14
5733,25
5734,4
5734,5
5734,7
5735,7
5736,29
5737,10
5737,17
5738,7
5739,2
5739,4
5740,1
5740,7
5741,7
5742,2
5742,4
5743,11
5743,21
5744,1
5744,23
5745,15
5746,10
5746,18
5746,20
5746,26
5747,1
5747,7
5748,2
5749,23
5750,7
5750,10
5750,26
5750,28
5750,29
5751,1
5751,2
5751,3
5751,12
5751,18
5751,20
5751,23
5751,28
5752,2
5752,10
5752,17
5752,18
5753,2
5753,7
5754,18
5754,26
5755,7
5756,2
5756,4
5756,7
5757,13
5757,21
5758,2
5758,12
5759,12
5759,18
5759,20
5759,29
5760,1
5760,23
5761,21
5762,4
5762,10
5762,17
5763,14
5764,7
5764,17
5765,7
5766,7
5767,2
5767,4
5768,1
5768,2
5768,7
5768,23
5769,7
5769,21
5770,2
5771,7
5771,10
5771,17
5772,1
5773,11
5773,21
5774,7
5775,4
5776,2
5776,7
5776,18
5776,25
5776,28
5777,2
5777,7
5778,7
5779,9
5780,2
5780,18
5780,23
5780,28
5781,26
5782,7
5783,2
5784,2
5785,2
5786,2
5786,3
5787,10
5787,17
5787,18
5788,4
5788,7
5788,10
5788,18
5788,29
5789,12
5790,4
5790,7
5791,21
5791,25
5792,2
5793,2
5793,4
5793,23
5793,28
5794,7
5794,10
5795,1
5795,2
5795,12
5795,20
5796,7
5797,7
5797,20
5798,10
5798,18
5799,2
5799,10
5799,17
5799,18
5799,28
5799,29
5800,1
5800,2
5800,12
5800,18
5800,23
5801,23
5802,7
5803,10
5803,26
5804,2
5804,23
5804,25
5804,28
5805,2
5805,4
5805,7
5806,1
5806,2
5806,12
5806,23
5806,28
5807,7
5807,14
5807,25
5808,1
5808,2
5809,15
5810,7
5811,7
5811,12
5811,29
5812,2
5812,4
5812,20
5812,23
5812,28
5813,23
5813,28
5813,29
5814,7
5814,10
5815,7
5816,1
5816,2
5816,12
5816,23
5816,28
5817,2
5817,4
5818,2
5818,7
5818,25
5819,2
5819,10
5819,17
5820,7
5821,2
5821,4
5821,25
5822,21
5823,7
5823,10
5823,17
5823,26
5823,29
5824,10
5824,12
5824,18
5824,26
5825,26
5825,29
5826,7
5826,10
5826,17
5827,7
5827,10
5827,13
5827,18
5828,2
5828,4
5829,2
5830,2
5830,4
5831,7
5832,7
5832,29
5833,2
5833,7
5834,2
5835,2
5835,23
5836,3
5837,2
5838,10
5838,18
5838,23
5838,28
5839,2
5839,4
5839,23
5840,1
5840,12
5840,23
5841,2
5841,4
5842,2
5842,7
5842,12
5842,20
5843,2
5843,7
5844,2
5844,17
5844,18
5845,7
5845,10
5845,29
5846,26
5847,26
5847,29
5848,7
5849,7
5849,10
5849,18
5849,26
5850,18
5850,23
5850,28
5851,2
5852,15
5853,9
5853,12
5854,2
5854,10
5854,18
5854,20
5854,26
5855,2
5855,4
5855,23
5856,2
5856,23
5856,28
5857,7
5857,20
5857,23
5857,25
5858,2
5858,4
5858,7
5858,23
5858,28
5859,2
5859,7
5859,29
5860,2
5861,10
5861,26
5861,29
5862,2
5862,10
5863,26
5863,29
5864,2
5865,7
5865,12
5865,26
5865,28
5865,29
5866,7
5866,18
5867,6
5867,7
5867,13
5867,18
5868,7
5868,25
5869,10
5869,28
5870,2
5870,7
5870,28
5871,4
5872,7
5872,17
5873,7
5873,17
5874,21
5875,4
5876,6
5876,18
5877,2
5877,7
5878,2
5878,12
5878,18
5878,23
5879,7
5879,18
5880,10
5880,26
5881,18
5881,20
5882,7
5882,17
5883,2
5884,6
5884,7
5884,10
5885,12
5885,18
5885,20
5886,2
5886,4
5886,7
5886,10
5886,17
5886,26
5887,2
5887,7
5887,10
5887,26
5888,10
5888,17
5889,7
5889,12
5889,13
5889,14
5890,2
5890,7
5891,2
5891,7
5892,2
5893,2
5893,4
5893,7
5894,7
5895,2
5896,2
5896,4
5896,7
5897,2
5897,4
5897,28
5898,23
5899,2
5899,12
5899,18
5900,21
5901,2
5902,7
5903,18
5903,20
5903,23
5904,18
5904,29
5905,10
5905,17
5905,18
5906,2
5907,1
5908,17
5908,18
5909,21
5910,18
5910,26
5910,28
5910,29
5911,10
5911,18
5912,2
5913,2
5913,8
5913,12
5914,2
5915,2
5915,7
5916,6
5916,7
5917,4
5917,7
5917,13
5917,14
5918,7
5918,10
5918,18
5919,2
5919,7
5920,10
5920,18
5921,4
5922,2
5922,25
5923,2
5923,17
5924,4
5924,6
5924,7
5925,26
5926,2
5927,7
5928,2
5929,2
5930,2
5931,4
5931,7
5932,2
5932,7
5933,1
5933,7
5934,2
5934,26
5935,21
5935,29
5936,7
5936,26
5936,29
5937,21
5938,10
5939,1
5939,7
5939,17
5940,2
5940,4
5940,7
5941,7
5941,10
5941,12
5941,17
5941,18
5941,29
5942,2
5942,12
5942,18
5943,7
5943,18
5944,7
5944,10
5944,13
5944,17
5945,2
5945,23
5946,2
5946,5
5946,23
5947,5
5947,7
5947,23
5948,5
5948,7
5948,23
5949,7
5949,10
5950,7
5951,2
5951,7
5952,17
5953,1
5953,2
5953,23
5954,12
5954,18
5954,20
5955,14
5955,21
5956,7
5957,7
5958,7
5959,21
5960,7
5960,10
5961,4
5961,20
5962,7
5962,10
5962,14
5962,17
5962,29
5963,10
5964,5
5964,7
5965,7
5966,15
5967,4
5967,7
5968,26
5969,2
5970,16
5971,2
5972,2
5972,7
5972,17
5972,18
5973,2
5973,18
5973,20
5974,10
5974,26
5974,29
5975,2
5975,18
5976,10
5976,18
5977,2
5977,7
5977,13
5978,4
5978,7
5978,10
5978,28
5978,29
5979,7
5979,10
5979,17
5980,7
5980,17
5981,17
5981,21
5981,25
5982,2
5982,7
5982,14
5982,25
5983,1
5984,9
5985,7
5985,17
5986,4
5986,7
5987,21
5987,25
5988,5
5988,14
5988,21
5989,2
5990,2
5991,4
5992,4
5992,7
5993,2
5993,4
5993,18
5993,28
5994,2
5994,4
5995,2
5996,4
5996,7
5997,26
5998,15
5999,2
6000,2
6001,7
6002,10
6002,26
6002,29
6003,10
6003,17
6003,18
6004,2
6004,4
6004,7
6005,2
6006,10
6006,26
6006,29
6007,2
6007,7
6007,10
6007,26
6008,2
6008,18
6009,10
6010,10
6011,7
6011,18
6012,10
6012,17
6012,18
6013,15
6014,4
6014,7
6014,20
6014,28
6015,2
6016,17
6016,21
6017,2
6017,11
6017,20
6017,23
6017,26
6017,28
6018,2
6019,1
6019,2
6019,23
6019,28
6020,1
6021,2
6022,7
6022,17
6023,7
6023,14
6024,7
6024,10
6025,23
6026,10
6027,5
6027,21
6028,10
6028,26
6029,2
6030,2
6030,7
6030,17
6031,7
6031,14
6032,2
6032,7
6033,4
6033,7
6034,4
6034,7
6035,2
6035,7
6036,4
6037,2
6037,4
6038,10
6038,12
6038,17
6038,18
6039,2
6039,7
6040,2
6041,10
6041,26
6041,29
6042,7
6043,2
6043,18
6043,20
6043,23
6044,10
6044,18
6045,12
6045,18
6045,20
6046,4
6046,7
6046,25
6047,7
6047,10
6047,29
6048,2
6048,7
6049,2
6049,7
6050,7
6050,14
6051,7
6052,4
6052,7
6053,12
6053,13
6053,28
6054,5
6054,21
6055,10
6055,26
6055,29
6056,12
6056,18
6056,23
6056,28
6057,7
6057,12
6057,18
6058,2
6058,18
6059,7
6059,26
6059,28
6060,2
6061,2
6061,4
6061,7
6062,4
6062,7
6063,7
6064,9
6064,25
6064,27
6065,7
6065,14
6065,17
6066,18
6067,15
6068,2
6068,18
6069,4
6069,7
6070,12
6070,18
6070,20
6071,5
6071,14
6071,21
6072,4
6072,7
6072,10
6073,4
6073,7
6074,2
6075,21
6076,4
6077,5
6078,1
6078,2
6079,7
6079,18
6080,7
6081,2
6081,6
6082,21
6083,7
6083,18
6084,1
6084,2
6084,4
6085,1
6085,7
6086,7
6086,10
6086,17
6086,18
6086,29
6087,21
6088,1
6088,2
6088,12
6088,23
6088,28
6089,23
6090,2
6091,2
6091,7
6092,7
6092,29
6093,7
6093,10
6093,12
6093,17
6093,18
6094,7
6094,13
6094,14
6095,10
6095,18
6096,1
6096,7
6097,9
6098,5
6099,10
6099,17
6100,2
6100,4
6100,7
6101,2
6101,4
6101,20
6101,25
6102,7
6102,25
6103,10
6103,12
6103,18
6103,23
6103,28
6104,7
6105,2
6105,7
6106,10
6106,26
6107,7
6107,17
6107,18
6108,21
6109,21
6110,2
6110,4
6110,28
6111,2
6111,26
6112,10
6112,17
6112,26
6113,4
6113,7
6114,2
6114,4
6114,28
6115,7
6115,10
6115,29
6116,2
6116,4
6117,2
6117,4
6117,7
6118,7
6118,25
6118,29
6119,4
6119,7
6119,25
6120,7
6121,2
6121,4
6121,20
6122,2
6122,4
6122,7
6123,2
6123,4
6124,2
6124,7
6125,2
6125,4
6125,13
6125,18
6125,28
6125,29
6126,7
6127,2
6127,7
6128,7
6129,2
6129,4
6130,2
6130,4
6130,7
6131,2
6131,7
6132,7
6133,2
6133,4
6133,7
6134,7
6135,2
6135,7
6135,18
6136,7
6137,7
6137,13
6137,14
6138,4
6139,4
6139,13
6139,18
6139,28
6140,1
6140,2
6140,12
6140,23
6140,28
6141,4
6141,7
6141,13
6142,21
6143,7
6143,26
6144,10
6144,26
6145,7
6145,10
6145,26
6146,4
6146,7
6146,18
6147,2
6147,4
6147,7
6148,2
6148,4
6148,7
6149,7
6150,2
6150,7
6151,7
6152,6
6152,7
6152,10
6152,13
6152,14
6153,2
6154,21
6155,2
6155,3
6155,4
6156,7
6157,7
6158,7
6158,17
6158,18
6159,10
6159,18
6159,26
6160,26
6161,7
6161,12
6162,26
6163,1
6163,4
6163,7
6163,12
6164,21
6165,7
6165,14
6165,17
6166,10
6166,17
6166,18
6167,2
6167,4
6167,7
6168,2
6168,21
6169,7
6169,10
6169,17
6170,2
6170,4
6170,7
6171,2
6172,13
6172,21
6172,25
6173,10
6173,18
6174,7
6174,17
6175,2
6175,4
6175,7
6176,7
6176,14
6176,17
6177,7
6177,10
6177,26
6177,29
6178,2
6179,2
6179,21
6180,2
6180,12
6181,2
6181,7
6181,12
6181,18
6181,20
6181,28
6182,2
6182,4
6183,2
6183,7
6183,23
6183,26
6183,28
6183,29
6184,4
6184,7
6184,10
6184,17
6184,29
6185,6
6185,7
6185,10
6185,12
6185,18
6186,23
6186,26
6187,7
6188,3
6188,4
6188,7
6189,4
6189,7
6189,10
6189,18
6190,7
6190,14
6191,2
6191,7
6192,2
6192,4
6192,7
6193,21
6194,7
6195,10
6196,7
6197,2
6197,4
6197,28
6198,10
6198,28
6198,29
6199,21
6200,10
6200,20
6200,26
6201,2
6201,7
6201,25
6202,4
6202,9
6203,7
6203,17
6204,2
6205,11
6205,21
6206,10
6207,7
6207,20
6207,29
6208,7
6209,21
6210,1
6210,4
6210,7
6211,2
6212,7
6213,21
6213,25
6214,5
6214,7
6215,7
6216,9
6216,27
6217,7
6217,26
6218,2
6218,7
6219,2
6219,21
6220,10
6220,18
6220,20
6221,4
6221,7
6222,2
6223,7
6223,10
6223,13
6223,18
6224,26
6225,4
6225,7
6225,14
6226,20
6226,26
6226,29
6227,17
6227,21
6228,4
6228,7
6228,23
6228,28
6229,2
6229,17
6229,18
6230,2
6230,4
6231,2
6231,12
6232,7
6233,2
6233,11
6233,12
6233,18
6233,20
6233,23
6233,28
6234,2
6234,12
6234,18
6234,20
6234,23
6234,28
6235,7
6235,8
6235,12
6236,23
6237,10
6237,12
6237,18
6238,6
6238,7
6238,18
6239,14
6239,21
6240,2
6240,7
6240,26
6241,7
6241,10
6241,20
6241,26
6241,29
6242,2
6242,7
6242,12
6242,29
6243,2
6243,4
6243,7
6244,1
6244,12
6244,23
6244,28
6245,7
6245,28
6246,10
6246,26
6246,29
6247,10
6247,17
6247,18
6248,17
6249,2
6249,12
6249,13
6249,18
6249,20
6249,28
6250,4
6250,7
6251,2
6251,4
6252,7
6253,2
6253,18
6253,20
6253,23
6254,7
6255,2
6256,2
6257,1
6257,2
6257,5
6258,2
6258,28
6259,7
6260,1
6260,2
6260,28
6261,4
6261,7
6261,28
6262,16
6263,11
6263,21
6264,7
6264,10
6264,17
6264,29
6265,21
6266,7
6266,10
6267,26
6268,2
6268,17
6268,18
6269,1
6270,2
6270,4
6271,7
6271,10
6271,17
6271,29
6272,26
6273,2
6273,4
6274,7
6275,2
6276,2
6277,2
6278,2
6279,7
6279,17
6279,29
6280,7
6281,7
6282,2
6282,26
6283,4
6284,2
6284,20
6285,1
6285,4
6285,7
6286,7
6287,7
6288,2
6289,7
6290,7
6291,21
6292,2
6292,17
6293,7
6294,4
6294,7
6295,4
6295,7
6295,14
6296,4
6296,7
6296,14
6297,4
6297,7
6298,4
6299,6
6299,13
6299,14
6299,18
6300,2
6300,7
6301,17
6301,21
6302,10
6303,10
6303,26
6304,7
6304,10
6304,17
6304,18
6305,6
6305,13
6305,18
6306,7
6307,7
6308,2
6308,17
6309,6
6309,7
6309,14
6310,1
6310,2
6310,12
6310,23
6310,28
6311,10
6312,7
6312,14
6312,17
6313,13
6313,14
6313,17
6313,21
6314,12
6314,18
6314,20
6315,10
6315,26
6316,4
6316,7
6317,7
6317,10
6318,17
6318,18
6319,12
6319,18
6319,20
6320,2
6321,2
6321,4
6321,7
6322,7
6322,10
6322,17
6323,2
6324,12
6325,7
6325,10
6325,12
6325,18
6325,29
6326,13
6326,18
6327,7
6328,14
6328,21
6329,7
6330,2
6330,21
6331,7
6331,12
6331,20
6332,21
6332,25
6333,7
6333,10
6333,18
6334,1
6334,12
6334,18
6334,23
6334,29
6335,9
6336,7
6337,2
6338,2
6338,4
6338,23
6339,4
6340,15
6341,2
6341,4
6341,7
6341,12
6341,18
6341,23
6341,28
6342,26
6343,2
6344,10
6344,17
6344,18
6345,7
6346,10
6346,18
6347,26
6347,28
6347,29
6348,2
6349,7
6349,10
6349,17
6349,18
6350,7
6350,17
6351,2
6351,17
6352,4
6353,10
6353,26
6354,17
6354,21
6355,10
6355,26
6356,21
6357,7
6358,7
6358,10
6358,17
6359,10
6359,26
6360,9
6361,7
6361,21
6362,7
6362,12
6362,17
6362,18
6362,20
6362,28
6363,4
6363,11
6364,2
6365,2
6365,7
6366,17
6366,18
6367,23
6367,26
6367,29
6368,2
6369,7
6369,18
6370,21
6371,2
6371,4
6371,23
6372,18
6372,20
6372,23
6373,2
6374,18
6374,20
6374,28
6375,12
6375,18
6375,20
6375,23
6376,2
6376,4
6376,7
6377,26
6378,2
6378,18
6379,2
6380,4
6380,6
6380,7
6381,13
6381,21
6381,24
6382,7
6383,21
6384,7
6384,10
6384,26
6384,28
6385,10
6386,4
6386,6
6386,18
6386,26
6387,7
6387,18
6387,28
6388,2
6389,10
6389,26
6390,7
6391,15
6392,2
6393,4
6394,14
6394,21
6395,7
6395,18
6395,20
6396,4
6396,7
6397,7
6397,20
6397,26
6398,7
6399,4
6399,7
6399,10
6399,12
6399,14
6399,18
6400,1
6400,2
6400,12
6400,26
6400,28
6400,29
6401,2
6401,7
6402,7
6402,10
6402,18
6403,2
6403,23
6404,2
6405,9
6406,2
6406,11
6406,23
6407,1
6407,28
6408,1
6408,12
6408,23
6409,7
6409,10
6409,17
6410,7
6411,2
6411,26
6412,2
6412,10
6412,11
6412,26
6413,10
6414,7
6414,18
6414,23
6414,28
6415,1
6415,12
6415,18
6415,23
6415,28
6416,7
6417,4
6417,7
6418,1
6418,21
6419,7
6419,10
6419,17
6419,18
6420,2
6421,2
6421,4
6421,25
6421,28
6422,10
6423,7
6423,10
6423,17
6423,18
6424,4
6424,7
6424,28
6425,21
6425,25
6426,21
6427,2
6427,21
6428,9
6429,10
6429,12
6429,18
6429,20
6429,26
6430,5
6431,1
6431,12
6431,18
6432,9
6433,10
6433,20
6433,26
6434,2
6434,25
6435,2
6435,21
6436,11
6436,21
6437,2
6437,21
6438,11
6438,21
6439,2
6439,21
6440,2
6440,21
6441,2
6442,18
6442,23
6442,28
6443,2
6443,26
6444,6
6444,7
6444,13
6444,14
6445,6
6445,7
6445,10
6445,13
6446,2
6447,5
6447,23
6448,1
6448,2
6449,1
6449,28
6450,7
6450,10
6451,2
6452,7
6452,10
6452,12
6452,17
6452,18
6452,26
6452,28
6453,7
6453,13
6453,14
6453,17
6454,5
6455,9
6456,7
6456,10
6456,20
6456,28
6456,29
6457,17
6457,21
6458,2
6458,18
6459,1
6459,13
6459,21
6460,1
6460,4
6460,7
6461,2
6462,2
6462,18
6463,2
6463,10
6463,17
6463,18
6464,2
6464,4
6464,7
6465,2
6465,18
6466,7
6466,17
6466,18
6467,7
6467,10
6467,17
6467,18
6468,17
6468,18
6469,2
6470,7
6470,17
6470,18
6471,2
6471,18
6472,2
6472,10
6472,17
6472,18
6473,7
6473,10
6473,12
6473,17
6473,18
6474,2
6474,4
6474,10
6474,18
6474,28
6475,2
6475,17
6475,18
6476,10
6476,17
6476,18
6477,7
6477,18
6478,4
6478,17
6478,18
6479,2
6480,2
6480,4
6481,6
6481,18
6482,7
6482,10
6482,17
6482,18
6483,4
6483,7
6484,7
6485,12
6485,13
6485,18
6486,4
6486,12
6486,13
6486,14
6486,18
6487,12
6487,13
6487,14
6487,18
6488,8
6488,12
6488,13
6488,18
6489,2
6489,4
6490,10
6490,18
6490,20
6490,26
6491,1
6491,2
6491,5
6491,12
6491,23
6491,28
6492,4
6492,7
6492,10
6492,17
6493,2
6493,10
6493,17
6493,18
6494,2
6495,21
6496,4
6496,7
6497,4
6497,7
6498,7
6498,10
6498,26
6498,28
6499,1
6499,7
6499,12
6499,18
6499,23
6499,28
6500,7
6500,12
6500,18
6500,28
6501,7
6501,18
6501,20
6501,23
6502,2
6502,4
6503,21
6504,20
6504,26
6505,2
6506,2
6506,11
6507,21
6508,2
6509,1
6509,2
6509,12
6509,18
6509,20
6509,23
6509,28
6510,1
6510,10
6510,12
6510,26
6510,28
6511,6
6511,10
6511,18
6512,21
6513,7
6513,10
6514,2
6514,26
6515,2
6515,7
6516,4
6517,4
6518,7
6519,7
6520,7
6521,2
6521,4
6521,7
6521,13
6522,2
6522,4
6523,4
6524,4
6524,7
6525,2
6525,20
6525,23
6526,4
6527,1
6527,7
6527,28
6528,10
6528,18
6528,20
6529,2
6529,3
6529,4
6529,7
6529,23
6529,25
6530,1
6530,2
6530,12
6531,10
6531,12
6531,18
6531,28
6532,7
6532,10
6532,18
6532,26
6532,28
6533,10
6534,17
6534,18
6535,7
6536,2
6537,2
6537,17
6537,18
6538,10
6538,17
6539,4
6539,7
6540,1
6540,2
6541,2
6542,1
6542,2
6542,12
6542,18
6542,20
6542,23
6542,28
6543,1
6543,2
6543,10
6543,12
6543,20
6543,23
6543,28
6544,1
6544,2
6544,12
6544,20
6544,23
6544,26
6544,28
6545,1
6545,2
6545,12
6545,18
6545,20
6545,23
6545,28
6546,1
6546,2
6546,12
6546,20
6546,23
6546,28
6547,1
6547,12
6547,20
6547,23
6547,28
6548,1
6548,2
6548,12
6548,20
6548,23
6548,28
6549,1
6549,2
6549,10
6549,12
6549,17
6549,18
6549,20
6549,23
6549,28
6549,29
6550,1
6550,2
6550,12
6550,20
6550,23
6550,28
6551,1
6551,2
6551,12
6551,20
6551,23
6551,28
6552,1
6552,2
6552,12
6552,20
6552,23
6552,28
6553,1
6553,2
6553,12
6553,20
6553,23
6553,28
6554,1
6554,2
6554,12
6554,18
6554,20
6554,23
6554,28
6555,1
6555,2
6555,7
6555,12
6555,18
6555,20
6555,23
6555,28
6556,1
6556,2
6556,12
6556,18
6556,20
6556,23
6556,28
6557,10
6558,1
6558,12
6558,20
6558,23
6558,28
6559,1
6559,12
6559,20
6559,23
6559,28
6560,1
6560,2
6560,12
6560,20
6560,23
6560,28
6561,1
6561,12
6561,20
6561,23
6561,28
6562,1
6562,2
6562,12
6562,20
6562,23
6562,28
6563,1
6563,2
6563,12
6563,20
6563,23
6563,28
6564,1
6564,2
6564,4
6564,12
6564,20
6564,23
6564,28
6565,1
6565,2
6565,12
6565,18
6565,20
6565,23
6565,28
6566,1
6566,2
6566,12
6566,20
6566,23
6566,28
6566,29
6567,1
6567,2
6567,12
6567,20
6567,23
6567,28
6568,1
6568,2
6568,10
6568,12
6568,20
6568,23
6568,28
6569,1
6569,2
6569,12
6569,18
6569,20
6569,23
6569,28
6570,1
6570,2
6570,12
6570,20
6570,23
6570,28
6571,1
6571,2
6571,12
6571,20
6571,23
6571,28
6572,1
6572,12
6572,20
6572,23
6572,28
6573,1
6573,12
6573,20
6573,23
6573,28
6574,1
6574,2
6574,12
6574,20
6574,23
6574,26
6574,28
6575,10
6575,12
6575,18
6575,28
6576,21
6576,25
6577,2
6577,4
6577,28
6578,7
6578,10
6578,17
6578,25
6578,29
6579,4
6579,7
6580,4
6580,7
6580,10
6580,17
6581,25
6582,9
6582,27
6583,2
6584,2
6584,7
6585,2
6586,7
6587,7
6587,10
6587,17
6587,29
6588,7
6589,2
6589,7
6590,1
6590,2
6591,11
6592,4
6592,7
6593,2
6594,21
6595,7
6595,10
6595,17
6595,18
6596,1
6596,12
6596,20
6597,2
6597,4
6597,7
6598,7
6598,17
6598,28
6599,7
6600,15
6601,17
6601,21
6602,5
6602,21
6603,18
6603,20
6603,28
6604,7
6604,8
6604,10
6604,12
6604,17
6605,7
6606,4
6606,7
6607,2
6607,7
6607,12
6607,18
6607,28
6608,7
6609,2
6610,11
6610,21
6611,2
6612,10
6612,17
6613,3
6614,7
6614,10
6614,17
6615,17
6615,21
6616,2
6616,4
6616,18
6616,26
6617,2
6617,12
6617,18
6617,28
6618,9
6619,2
6619,4
6619,7
6620,2
6620,7
6621,7
6621,17
6622,1
6622,2
6622,11
6622,23
6622,28
6623,21
6624,2
6625,7
6625,12
6625,28
6626,21
6627,7
6627,10
6627,29
6628,1
6628,2
6628,7
6628,12
6629,2
6630,7
6630,10
6630,17
6630,18
6631,9
6632,7
6632,10
6633,2
6634,6
6634,12
6634,18
6635,10
6635,18
6635,20
6636,11
6636,18
6636,20
6637,2
6638,7
6638,10
6638,20
6638,29
6639,1
6639,23
6640,2
6641,4
6641,7
6642,7
6642,10
6642,13
6642,14
6643,2
6643,4
6644,2
6644,7
6645,10
6645,17
6645,18
6645,29
6646,2
6647,4
6647,7
6648,4
6648,10
6648,12
6648,17
6648,18
6649,2
6649,4
6649,7
6650,17
6650,18
6650,20
6650,23
6651,2
6651,4
6651,17
6651,18
6652,2
6652,13
6653,4
6653,7
6653,10
6653,20
6654,4
6654,7
6655,10
6655,26
6655,29
6656,2
6656,7
6656,17
6656,18
6657,4
6657,7
6657,25
6658,6
6658,7
6659,7
6659,17
6660,7
6661,4
6661,7
6661,13
6661,14
6662,26
6663,18
6664,1
6664,2
6664,23
6665,5
6665,7
6666,7
6667,26
6668,7
6668,10
6668,26
6668,29
6669,11
6669,26
6670,7
6670,10
6670,17
6671,7
6672,2
6672,17
6673,2
6673,4
6674,7
6674,17
6675,5
6675,18
6675,23
6676,21
6677,18
6678,2
6679,1
6679,3
6679,4
6679,7
6679,18
6680,7
6681,4
6681,7
6681,12
6681,28
6682,2
6682,7
6682,17
6682,18
6683,6
6683,7
6683,13
6683,14
6683,18
6684,2
6684,4
6685,7
6685,13
6685,14
6686,2
6686,4
6687,4
6687,7
6688,2
6689,4
6690,21
6691,2
6692,4
6693,2
6693,4
6694,1
6694,2
6694,20
6694,23
6694,28
6695,10
6695,12
6695,18
6695,20
6695,26
6695,28
6696,23
6697,9
6698,7
6698,28
6699,1
6699,11
6699,12
6699,23
6700,2
6700,17
6701,1
6701,2
6701,7
6702,7
6702,10
6702,29
6703,4
6703,7
6704,7
6705,7
6705,10
6705,17
6706,14
6706,25
6707,9
6708,7
6708,14
6709,4
6709,7
6710,4
6710,7
6711,7
6712,7
6712,10
6713,11
6714,4
6714,7
6714,13
6714,25
6715,4
6715,18
6715,20
6715,23
6715,28
6716,1
6716,2
6716,3
6716,7
6716,12
6716,20
6716,23
6716,28
6717,6
6717,7
6717,10
6717,18
6718,1
6718,5
6718,14
6719,2
6720,2
6720,4
6721,10
6721,26
6722,2
6723,7
6723,13
6723,18
6724,4
6724,7
6725,7
6725,29
6726,4
6726,7
6727,2
6727,3
6728,6
6728,7
6728,12
6728,18
6729,7
6729,10
6729,12
6729,17
6729,18
6729,29
6730,2
6730,17
6731,2
6731,17
6731,18
6732,2
6732,4
6733,1
6733,2
6733,12
6733,28
6734,2
6734,23
6734,29
6735,2
6735,18
6735,23
6735,28
6736,7
6736,13
6737,2
6738,2
6739,18
6739,23
6739,28
6740,1
6740,2
6740,3
6740,23
6740,28
6741,9
6742,10
6742,26
6743,7
6744,1
6745,7
6746,7
6746,10
6746,17
6746,29
6747,2
6747,4
6747,7
6748,7
6749,15
6750,10
6750,18
6751,1
6751,2
6752,1
6752,2
6752,12
6752,20
6752,23
6752,28
6753,2
6753,7
6754,1
6754,2
6754,4
6754,7
6755,7
6755,10
6755,26
6755,29
6756,2
6756,3
6756,4
6756,7
6756,8
6756,29
6757,7
6757,17
6758,2
6758,7
6759,21
6760,7
6761,2
6761,7
6762,7
6762,12
6762,20
6762,23
6762,28
6762,29
6763,9
6763,21
6764,2
6764,4
6765,2
6765,10
6765,17
6765,18
6766,2
6766,7
6767,18
6767,20
6767,23
6768,7
6768,12
6769,2
6769,17
6769,18
6770,7
6770,10
6770,17
6770,18
6771,2
6771,11
6772,10
6772,26
6772,29
6773,7
6773,17
6774,5
6774,13
6774,21
6774,24
6775,2
6775,12
6775,23
6776,1
6776,2
6777,2
6777,4
6777,7
6777,14
6778,1
6778,23
6779,2
6779,18
6779,20
6779,23
6779,28
6780,2
6780,23
6780,28
6781,23
6782,10
6782,17
6782,18
6782,29
6783,1
6783,11
6783,23
6784,7
6784,29
6785,10
6786,2
6786,7
6786,17
6787,21
6788,7
6789,1
6789,7
6790,4
6791,21
6791,25
6792,18
6793,1
6793,2
6793,7
6793,12
6793,18
6793,20
6793,23
6793,28
6794,5
6794,7
6794,10
6794,12
6794,14
6795,10
6795,17
6795,18
6796,7
6796,12
6796,28
6797,15
6798,21
6799,2
6799,4
6799,29
6800,6
6800,7
6800,13
6800,14
6800,18
6801,4
6801,7
6802,7
6802,25
6803,6
6803,21
6804,2
6804,23
6804,28
6805,3
6806,4
6806,7
6806,10
6806,26
6806,29
6807,2
6808,7
6809,2
6810,2
6811,2
6811,4
6811,7
6811,12
6812,10
6812,20
6813,4
6813,7
6813,10
6813,29
6814,7
6814,10
6814,14
6815,4
6815,12
6815,18
6815,20
6815,28
6816,2
6816,12
6816,28
6817,2
6817,4
6817,7
6818,18
6819,2
6819,21
6820,7
6820,8
6821,2
6822,2
6822,4
6822,7
6822,12
6823,12
6823,18
6823,23
6824,1
6825,2
6826,10
6826,17
6826,18
6826,20
6826,29
6827,2
6828,4
6828,7
6828,28
6829,14
6829,21
6830,7
6831,1
6831,21
6832,21
6833,7
6833,10
6833,17
6833,20
6833,26
6834,7
6834,10
6834,12
6834,17
6834,28
6834,29
6835,7
6835,10
6835,17
6835,23
6835,28
6835,29
6836,2
6836,4
6836,7
6837,1
6837,7
6838,2
6838,4
6838,26
6838,28
6839,17
6840,2
6840,5
6840,18
6840,23
6841,7
6842,9
6843,10
6843,18
6844,10
6844,17
6845,2
6846,7
6846,13
6846,23
6847,4
6847,7
6848,7
6848,10
6848,29
6849,4
6849,7
6849,25
6850,4
6850,18
6850,23
6850,28
6851,2
6852,12
6852,18
6852,20
6852,28
6853,2
6853,10
6853,12
6853,18
6853,20
6853,26
6854,7
6855,4
6855,7
6855,11
6856,18
6857,7
6857,29
6858,7
6858,17
6859,20
6859,26
6860,7
6861,7
6861,12
6861,29
6862,10
6862,17
6863,2
6863,17
6863,18
6864,12
6864,18
6865,2
6865,18
6866,2
6866,7
6867,2
6867,18
6868,7
6869,2
6869,7
6870,4
6870,7
6871,5
6871,10
6871,14
6871,17
6871,18
6872,2
6872,7
6872,17
6873,2
6873,7
6873,18
6874,7
6874,10
6874,20
6874,26
6874,29
6875,7
6875,10
6875,14
6875,17
6876,10
6876,18
6877,2
6877,18
6878,20
6878,23
6879,28
6880,12
6880,18
6880,23
6881,7
6881,25
6882,2
6882,4
6882,7
6883,2
6883,7
6884,2
6884,7
6885,2
6886,2
6886,4
6886,5
6886,7
6887,7
6888,4
6888,7
6889,2
6889,4
6889,7
6890,5
6890,7
6891,2
6891,7
6891,25
6892,6
6892,13
6892,14
6892,18
6893,7
6893,10
6893,17
6893,18
6894,10
6894,18
6895,2
6896,5
6896,7
6897,2
6897,7
6897,17
6898,7
6898,10
6898,17
6898,18
6898,29
6899,17
6899,28
6899,29
6900,25
6901,10
6901,12
6901,13
6901,17
6901,18
6902,2
6902,4
6903,2
6904,16
6905,2
6905,19
6905,24
6906,2
6906,4
6906,7
6906,28
6907,7
6908,2
6909,1
6909,10
6909,12
6909,18
6909,20
6910,2
6911,7
6911,10
6911,17
6911,29
6912,7
6912,14
6913,21
6914,3
6914,4
6914,7
6915,2
6916,7
6916,10
6916,26
6916,28
6916,29
6917,21
6918,1
6918,2
6918,12
6918,23
6919,4
6919,7
6920,4
6920,7
6920,20
6920,28
6920,29
6921,7
6921,13
6922,10
6922,18
6922,20
6923,4
6923,7
6923,20
6923,28
6923,29
6924,7
6925,10
6926,23
6927,10
6927,12
6927,17
6927,18
6928,10
6928,26
6928,29
6929,21
6930,7
6930,10
6930,17
6931,7
6931,18
6932,18
6932,20
6932,23
6933,2
6933,25
6934,12
6934,18
6934,28
6935,4
6935,7
6936,7
6936,20
6936,26
6937,7
6938,10
6938,29
6939,7
6940,7
6941,7
6942,7
6942,10
6942,17
6943,1
6943,2
6943,12
6943,23
6943,28
6944,2
6944,5
6945,2
6945,12
6945,23
6946,7
6946,10
6946,17
6946,18
6947,7
6948,9
6949,10
6949,18
6950,18
6950,20
6951,2
6952,4
6952,25
6953,1
6953,2
6953,11
6953,21
6953,29
6954,1
6954,2
6955,21
6956,2
6956,4
6956,7
6956,28
6957,1
6957,2
6957,4
6957,5
6957,7
6958,17
6958,18
6959,1
6959,7
6959,10
6959,17
6960,23
6961,2
6961,4
6961,5
6962,2
6962,7
6963,2
6964,2
6965,2
6965,7
6966,7
6967,2
6967,4
6968,2
6968,4
6968,28
6969,4
6969,7
6970,2
6970,4
6970,17
6971,2
6971,4
6971,7
6971,17
6972,2
6972,4
6972,7
6973,10
6974,2
6974,7
6974,14
6975,9
6976,2
6976,4
6977,5
6977,7
6977,14
6978,7
6979,21
6980,7
6980,10
6980,26
6980,28
6980,29
6981,2
6981,26
6982,7
6982,10
6982,26
6982,29
6983,21
6984,2
6984,19
6984,26
6985,26
6985,28
6986,7
6986,12
6986,13
6986,18
6987,7
6987,17
6987,29
6988,7
6988,10
6988,17
6988,29
6989,21
6990,2
6990,3
6990,4
6990,14
6990,25
6991,2
6991,12
6991,18
6991,23
6991,28
6992,7
6993,2
6993,26
6994,7
6994,10
6994,13
6994,17
6995,7
6995,17
6995,18
6996,17
6997,1
6997,2
6997,7
6997,12
6997,23
6997,28
6998,2
6998,21
6999,12
6999,18
6999,23
6999,28
7000,12
7000,18
7000,20
7000,23
7000,26
7000,29
7001,7
7002,2
7003,18
7003,20
7003,23
7004,13
7004,21
7005,1
7005,11
7005,23
7006,2
7006,7
7007,10
7008,7
7008,10
7008,17
7009,7
7010,2
7011,9
7011,25
7012,2
7012,4
7013,7
7013,10
7013,20
7013,29
7014,7
7014,20
7014,23
7014,28
7015,7
7015,10
7015,20
7015,26
7015,28
7015,29
7016,2
7016,7
7016,18
7017,10
7017,26
7017,29
7018,7
7018,13
7019,10
7019,26
7019,29
7020,6
7020,7
7020,10
7020,13
7020,14
7021,2
7021,4
7022,4
7022,7
7022,28
7023,2
7024,12
7024,18
7025,7
7025,14
7026,23
7027,1
7027,2
7027,12
7028,2
7028,4
7028,7
7028,28
7029,2
7029,7
7029,23
7029,25
7030,7
7030,18
7030,20
7030,23
7031,2
7031,4
7031,7
7031,23
7031,28
7032,18
7032,23
7032,26
7032,28
7033,12
7033,23
7033,28
7034,2
7034,4
7034,7
7034,23
7034,28
7035,2
7035,12
7035,17
7035,18
7036,2
7036,17
7037,2
7037,10
7037,20
7038,12
7038,18
7038,20
7039,2
7039,7
7039,17
7040,7
7040,10
7040,17
7041,7
7041,26
7042,7
7042,13
7043,2
7043,4
7044,18
7045,2
7045,4
7045,7
7046,7
7047,2
7047,4
7047,7
7048,7
7049,7
7050,7
7050,20
7051,16
7052,7
7053,7
7053,10
7053,17
7053,18
7054,18
7055,2
7055,11
7056,2
7056,10
7056,17
7056,18
7057,7
7057,17
7057,18
7058,2
7058,4
7059,7
7059,18
7060,10
7060,12
7060,18
7060,20
7061,7
7061,10
7062,8
7062,12
7062,18
7062,20
7062,26
7062,28
7063,4
7063,7
7064,7
7064,18
7064,20
7065,2
7065,7
7066,6
7066,18
7066,26
7067,7
7068,2
7068,7
7069,2
7069,7
7069,12
7070,7
7070,17
7070,18
7071,2
7071,28
7072,2
7072,10
7072,17
7073,2
7073,4
7074,2
7074,4
7074,7
7075,7
7075,12
7075,18
7075,20
7075,26
7076,4
7076,7
7077,4
7077,7
7078,7
7079,2
7080,7
7080,13
7080,14
7080,17
7081,4
7081,7
7082,10
7082,17
7083,4
7083,7
7083,17
7084,10
7084,18
7084,23
7085,7
7086,7
7086,17
7086,18
7087,2
7087,12
7087,18
7087,28
7088,2
7088,18
7089,2
7089,18
7090,10
7090,17
7090,18
7091,2
7091,17
7091,18
7092,7
7092,12
7093,2
7093,7
7093,12
7094,2
7095,2
7095,4
7096,1
7096,4
7097,10
7097,26
7097,29
7098,7
7098,10
7098,18
7098,20
7098,29
7099,10
7099,29
7100,7
7101,5
7101,7
7102,7
7102,18
7103,7
7103,13
7104,7
7104,10
7104,29
7105,2
7105,7
7106,7
7106,10
7106,13
7106,14
7107,7
7108,7
7108,10
7108,20
7108,26
7108,29
7109,7
7109,10
7109,17
7109,18
7109,25
7110,10
7110,17
7110,18
7111,2
7111,7
7111,29
7112,21
7112,25
7113,2
7113,7
7113,29
7114,2
7114,4
7115,4
7115,7
7116,7
7116,17
7117,2
7117,4
7117,7
7117,17
7118,7
7118,10
7118,29
7119,7
7119,20
7119,26
7119,29
7120,10
7120,12
7120,18
7120,20
7120,26
7120,28
7121,7
7122,7
7122,10
7122,17
7122,18
7123,4
7123,7
7123,13
7124,17
7125,2
7125,4
7125,7
7126,2
7126,4
7127,5
7127,7
7128,18
7129,26
7130,18
7131,7
7131,10
7131,18
7132,2
7132,4
7132,7
7133,7
7133,10
7134,2
7134,7
7134,28
7135,2
7135,7
7136,2
7136,4
7136,7
7137,10
7137,18
7138,7
7138,10
7138,18
7139,1
7139,2
7139,12
7139,17
7140,21
7141,2
7141,7
7142,10
7142,17
7142,18
7143,7
7143,10
7143,17
7143,18
7144,7
7144,10
7144,26
7144,29
7145,10
7146,2
7146,3
7146,12
7146,18
7146,29
7147,7
7148,1
7148,2
7148,12
7148,28
7149,7
7149,10
7149,17
7149,18
7150,2
7150,7
7150,14
7151,7
7151,10
7151,17
7151,18
7152,10
7152,17
7152,18
7153,7
7154,10
7155,4
7155,12
7156,7
7157,7
7157,10
7157,18
7158,7
7159,2
7159,4
7160,5
7160,7
7161,2
7161,7
7161,17
7162,10
7162,18
7163,2
7163,3
7163,7
7163,23
7163,28
7164,1
7164,2
7164,3
7164,7
7164,20
7164,23
7164,28
7165,2
7166,4
7166,6
7166,7
7166,13
7166,18
7167,1
7167,2
7168,7
7169,2
7170,9
7170,27
7171,21
7172,2
7173,21
7174,1
7174,2
7175,7
7175,10
7175,13
7176,7
7177,11
7177,21
7178,1
7178,2
7178,4
7178,7
7179,23
7180,13
7180,21
7180,24
7181,11
7181,13
7181,21
7182,7
7182,10
7182,18
7183,9
7184,7
7184,10
7184,26
7184,28
7185,10
7185,18
7185,20
7185,28
7186,10
7186,17
7186,18
7187,4
7187,7
7188,5
7188,7
7188,13
7188,14
7188,18
7189,10
7189,20
7189,26
7190,1
7190,7
7191,10
7191,12
7191,17
7191,18
7192,2
7193,2
7193,4
7193,7
7193,28
7194,2
7194,4
7194,7
7195,14
7195,21
7196,2
7196,7
7196,20
7197,2
7197,7
7197,17
7198,9
7199,1
7199,2
7199,12
7199,23
7199,28
7200,2
7201,7
7201,14
7202,2
7202,4
7203,7
7204,1
7204,2
7204,12
7204,28
7205,2
7206,7
7206,10
7206,20
7206,26
7206,28
7206,29
7207,1
7207,2
7207,4
7208,2
7209,21
7210,1
7210,12
7211,10
7211,26
7212,4
7212,7
7213,2
7214,1
7214,7
7214,12
7215,2
7215,7
7216,2
7216,23
7216,28
7217,4
7217,18
7218,9
7218,21
7219,7
7220,21
7221,3
7221,7
7222,2
7223,9
7224,7
7225,7
7226,4
7226,7
7227,7
7228,2
7228,7
7229,2
7229,7
7230,7
7230,10
7231,9
7232,2
7232,19
7233,1
7233,7
7233,10
7233,12
7233,23
7233,28
7234,5
7234,21
7235,12
7235,18
7235,28
7236,4
7236,7
7236,13
7237,10
7237,26
7238,7
7238,18
7239,21
7240,7
7240,14
7241,14
7241,21
7242,2
7243,6
7243,7
7243,14
7244,7
7244,10
7245,4
7246,9
7247,5
7247,7
7247,14
7247,17
7247,18
7248,6
7248,7
7248,10
7248,17
7248,21
7249,1
7249,2
7249,12
7249,18
7249,20
7249,23
7250,2
7250,4
7250,7
7251,21
7252,15
7253,2
7253,4
7254,7
7254,10
7254,14
7254,29
7255,7
7255,26
7255,29
7256,7
7256,14
7256,18
7257,10
7257,17
7257,20
7258,4
7258,7
7259,2
7259,4
7259,25
7260,2
7260,10
7260,26
7260,28
7260,29
7261,10
7261,26
7262,2
7262,4
7263,2
7263,4
7264,2
7265,2
7265,18
7266,2
7266,7
7267,7
7268,2
7268,7
7269,7
7269,10
7269,14
7269,26
7269,28
7269,29
7270,2
7270,4
7270,7
7271,2
7271,10
7271,18
7272,17
7272,18
7273,6
7273,7
7273,13
7274,15
7275,10
7276,7
7277,7
7278,15
7279,26
7280,7
7281,2
7281,7
7281,14
7281,25
7282,2
7282,4
7283,21
7284,9
7284,27
7285,5
7285,21
7286,7
7286,11
7286,12
7286,20
7287,2
7287,4
7287,26
7288,4
7289,2
7289,4
7289,7
7290,5
7290,7
7291,4
7291,7
7292,7
7292,10
7293,12
7293,18
7293,23
7294,7
7294,10
7294,26
7295,1
7295,2
7295,7
7296,9
7296,27
7297,2
7298,17
7298,21
7299,2
7299,17
7299,18
7299,23
7300,10
7300,18
7301,10
7301,17
7301,18
7302,2
7302,4
7303,9
7304,4
7304,7
7305,4
7305,7
7305,14
7306,2
7306,25
7307,2
7308,4
7308,7
7308,10
7308,20
7308,26
7308,29
7309,7
7309,10
7309,18
7309,23
7309,26
7309,28
7309,29
7310,7
7311,2
7311,7
7312,12
7312,18
7312,20
7312,28
7313,13
7313,21
7314,2
7314,7
7314,11
7315,2
7316,7
7316,10
7316,17
7316,29
7317,21
7318,10
7318,17
7318,18
7318,29
7319,4
7319,7
7319,10
7319,26
7319,29
7320,2
7320,7
7321,10
7321,18
7322,2
7322,7
7323,7
7323,10
7323,17
7324,2
7324,4
7325,2
7325,12
7325,13
7325,18
7325,20
7325,28
7326,10
7326,17
7326,26
7326,29
7327,1
7327,2
7327,12
7327,28
7328,18
7328,20
7328,26
7329,7
7329,10
7329,17
7329,18
7330,1
7330,4
7330,7
7330,12
7330,23
7330,28
7331,2
7331,4
7331,7
7332,9
7333,2
7334,2
7334,12
7334,18
7334,23
7334,28
7335,2
7336,2
7336,7
7336,17
7337,17
7338,4
7339,2
7339,17
7339,18
7340,2
7340,17
7340,18
7340,28
7341,2
7341,18
7342,7
7342,18
7343,2
7343,17
7344,2
7344,18
7345,7
7345,18
7346,2
7347,7
7347,18
7348,7
7348,18
7349,2
7349,28
7350,7
7350,10
7350,17
7350,18
7351,2
7351,7
7352,2
7353,7
7354,7
7354,8
7355,2
7355,7
7356,2
7356,4
7357,2
7358,2
7359,2
7360,2
7360,7
7361,2
7361,4
7361,7
7362,7
7363,2
7364,10
7364,18
7364,29
7365,4
7365,6
7365,7
7366,2
7366,7
7366,26
7367,2
7368,2
7368,25
7369,2
7369,7
7370,21
7371,1
7372,9
7372,19
7372,21
7372,29
7373,9
7373,27
7374,5
7374,11
7374,14
7374,21
7375,2
7375,7
7375,10
7376,2
7376,10
7377,2
7377,7
7377,12
7377,20
7378,15
7379,15
7380,15
7381,15
7382,15
7383,15
7384,7
7384,10
7384,29
7385,15
7386,15
7387,2
7387,25
7388,15
7389,15
7390,15
7391,15
7392,15
7393,15
7394,15
7395,15
7396,15
7397,15
7398,15
7399,21
7400,15
7401,2
7401,17
7402,15
7403,15
7404,15
7405,15
7406,15
7407,15
7408,15
7409,15
7410,15
7411,15
7412,2
7413,15
7414,15
7415,15
7416,15
7417,11
7417,21
7418,15
7419,21
7420,4
7420,7
7421,15
7422,26
7423,15
7424,15
7425,15
7426,2
7427,15
7428,15
7429,15
7430,2
7431,2
7431,3
7431,4
7431,7
7432,15
7433,15
7434,15
7435,15
7436,15
7437,2
7437,7
7438,15
7439,2
7439,4
7439,18
7440,15
7441,15
7442,15
7443,2
7443,7
7444,15
7445,15
7446,15
7447,26
7448,15
7449,15
7450,15
7451,15
7452,15
7453,15
7454,2
7455,15
7456,15
7457,15
7458,7
7459,2
7459,10
7460,15
7461,15
7462,15
7463,2
7463,4
7463,7
7464,15
7465,15
7466,2
7467,15
7468,15
7469,15
7470,15
7471,15
7472,15
7473,2
7474,25
7475,15
7476,4
7476,7
7476,10
7476,12
7476,23
7476,26
7476,28
7476,29
7477,15
7478,15
7479,15
7480,15
7481,2
7482,15
7483,15
7484,15
7485,15
7486,15
7487,15
7488,15
7489,15
7490,15
7491,15
7492,15
7493,15
7494,15
7495,15
7496,15
7497,15
7498,15
7499,15
7500,15
7501,15
7502,15
7503,15
7504,15
7505,15
7506,15
7507,15
7508,15
7509,15
7510,15
7511,15
7512,15
7513,11
7513,20
7514,15
7515,15
7516,15
7517,15
7518,2
7518,7
7518,13
7518,29
7519,15
7520,15
7521,15
7522,15
7523,15
7524,15
7525,15
7526,15
7527,15
7528,15
7529,2
7529,7
7530,15
7531,15
7532,15
7533,15
7534,15
7535,15
7536,15
7537,15
7538,15
7539,15
7540,15
7541,15
7542,15
7543,15
7544,15
7545,15
7546,15
7547,15
7548,15
7549,15
7550,15
7551,15
7552,2
7553,15
7554,15
7555,15
7556,15
7557,15
7558,15
7559,15
7560,15
7561,15
7562,15
7563,15
7564,15
7565,15
7566,15
7567,15
7568,1
7568,18
7568,23
7568,28
7569,15
7570,15
7571,15
7572,15
7573,15
7574,15
7575,15
7576,4
7576,7
7577,15
7578,15
7579,15
7580,15
7581,4
7582,15
7583,15
7584,15
7585,15
7586,15
7587,21
7588,15
7589,15
7590,15
7591,15
7592,15
7593,15
7594,2
7595,15
7596,15
7597,15
7598,15
7599,15
7600,15
7601,15
7602,15
7603,15
7604,15
7605,2
7606,15
7607,15
7608,15
7609,15
7610,15
7611,15
7612,7
7612,18
7612,23
7612,29
7613,15
7614,15
7615,15
7616,15
7617,15
7618,15
7619,15
7620,15
7621,15
7622,2
7623,15
7624,15
7625,15
7626,15
7627,15
7628,15
7629,15
7630,15
7631,15
7632,15
7633,15
7634,15
7635,15
7636,15
7637,15
7638,18
7638,20
7638,23
7639,15
7640,15
7641,10
7642,15
7643,15
7644,15
7645,15
7646,19
7647,15
7648,15
7649,15
7650,15
7651,15
7652,15
7653,21
7654,7
7655,15
7656,15
7657,15
7658,15
7659,15
7660,15
7661,15
7662,15
7663,15
7664,15
7665,15
7666,15
7667,15
7668,15
7669,15
7670,15
7671,15
7672,15
7673,15
7674,15
7675,15
7676,1
7676,2
7676,7
7677,7
7677,10
7677,17
7678,15
7679,15
7680,15
7681,5
7682,2
7683,1
7683,12
7683,17
7684,15
7685,15
7686,15
7687,15
7688,15
7689,15
7690,15
7691,7
7691,8
7691,10
7692,2
7693,21
7694,15
7695,1
7695,2
7695,4
7696,15
7697,15
7698,15
7699,15
7700,15
7701,15
7702,15
7703,15
7704,15
7705,15
7706,15
7707,15
7708,15
7709,15
7710,15
7711,15
7712,15
7713,1
7713,2
7713,12
7713,23
7713,28
7714,7
7714,10
7714,20
7715,2
7716,15
7717,15
7718,15
7719,2
7719,4
7719,7
7720,7
7721,15
7722,15
7723,15
7724,15
7725,15
7726,15
7727,15
7728,15
7729,15
7730,15
7731,2
7732,15
7733,15
7734,15
7735,15
7736,15
7737,15
7738,15
7739,21
7739,25
7740,15
7741,15
7742,15
7743,15
7744,7
7744,10
7744,17
7744,18
7745,15
7746,15
7747,15
7748,4
7749,2
7749,4
7750,4
7750,7
7750,26
7750,28
7750,29
7751,4
7751,10
7751,28
7751,29
7752,4
7752,7
7753,10
7754,7
7754,8
7754,12
7754,14
7754,17
7755,15
7756,11
7756,21
7757,15
7758,15
7759,15
7760,15
7761,5
7761,7
7761,13
7761,14
7761,17
7762,15
7763,4
7763,7
7763,10
7763,12
7763,18
7764,15
7765,15
7766,15
7767,15
7768,15
7769,15
7770,15
7771,15
7772,15
7773,2
7773,4
7774,4
7774,7
7775,15
7776,15
7777,15
7778,15
7779,15
7780,15
7781,15
7782,15
7783,15
7784,15
7785,15
7786,11
7786,21
7787,15
7788,15
7789,15
7790,15
7791,2
7792,15
7793,2
7793,4
7794,15
7795,15
7796,15
7797,15
7798,1
7798,7
7798,11
7799,15
7800,15
7801,4
7801,7
7801,13
7801,28
7802,15
7803,7
7803,12
7803,18
7804,1
7804,2
7805,15
7806,2
7807,15
7808,15
7809,15
7810,15
7811,15
7812,15
7813,15
7814,15
7815,15
7816,15
7817,15
7818,15
7819,15
7820,15
7821,15
7822,15
7823,15
7824,15
7825,15
7826,15
7827,15
7828,15
7829,15
7830,15
7831,15
7832,15
7833,15
7834,15
7835,15
7836,15
7837,15
7838,15
7839,15
7840,15
7841,15
7842,15
7843,7
7844,15
7845,15
7846,15
7847,15
7848,15
7849,15
7850,2
7850,7
7850,29
7851,15
7852,15
7853,15
7854,15
7855,21
7856,15
7857,15
7858,15
7859,4
7859,7
7860,15
7861,15
7862,15
7863,15
7864,15
7865,15
7866,15
7867,15
7868,10
7869,15
7870,15
7871,15
7872,15
7873,15
7874,15
7875,15
7876,15
7877,15
7878,15
7879,15
7880,15
7881,15
7882,15
7883,15
7884,15
7885,15
7886,15
7887,15
7888,15
7889,15
7890,15
7891,15
7892,15
7893,15
7894,15
7895,15
7896,2
7897,15
7898,15
7899,15
7900,15
7901,21
7902,15
7903,18
7903,20
7903,23
7904,15
7905,5
7905,21
7906,15
7907,2
7908,15
7909,15
7910,15
7911,15
7912,15
7913,15
7914,15
7915,15
7916,15
7917,15
7918,15
7919,15
7920,15
7921,15
7922,15
7923,7
7924,15
7925,15
7926,2
7927,7
7927,10
7927,29
7928,15
7929,15
7930,15
7931,15
7932,15
7933,15
7934,15
7935,7
7935,14
7936,15
7937,15
7938,17
7938,21
7939,15
7940,15
7941,15
7942,15
7943,15
7944,15
7945,15
7946,15
7947,15
7948,15
7949,15
7950,15
7951,1
7951,2
7952,2
7953,15
7954,15
7955,15
7956,15
7957,15
7958,15
7959,15
7960,1
7961,15
7962,15
7963,15
7964,1
7964,12
7964,18
7964,23
7964,28
7965,15
7966,2
7967,2
7967,11
7968,15
7969,15
7970,15
7971,2
7972,15
7973,15
7974,15
7975,15
7976,15
7977,15
7978,15
7979,2
7980,15
7981,15
7982,2
7982,4
7983,15
7984,15
7985,23
7986,15
7987,15
7988,15
7989,15
7990,15
7991,15
7992,11
7992,23
7993,15
7994,15
7995,21
7996,15
7997,15
7998,11
7999,15
8000,15
8001,7
8002,15
8003,15
8004,15
8005,7
8005,11
8006,15
8007,15
8008,7
8008,17
8009,15
8010,15
8011,15
8012,3
8013,15
8014,15
8015,1
8015,2
8015,11
8015,23
8016,15
8017,2
8018,21
8019,15
8020,15
8021,2
8022,15
8023,15
8024,15
8025,15
8026,15
8027,2
8027,12
8027,28
8028,15
8029,2
8029,16
8029,28
8030,7
8030,10
8030,17
8030,26
8030,29
8031,7
8031,17
8032,15
8033,10
8033,26
8034,11
8034,25
8035,4
8036,15
8037,15
8038,4
8039,15
8040,3
8040,7
8041,15
8042,15
8043,15
8044,2
8044,4
8044,7
8045,13
8046,15
8047,2
8048,15
8049,10
8050,1
8050,26
8051,15
8052,21
8053,7
8054,15
8055,15
8056,15
8057,2
8057,4
8057,7
8058,7
8059,15
8060,7
8060,10
8061,15
8062,2
8063,4
8063,5
8064,9
8065,21
8066,2
8067,15
8068,15
8069,7
8070,15
8071,15
8072,7
8072,10
8072,26
8072,28
8073,15
8074,15
8075,4
8075,7
8076,15
8077,15
8078,15
8079,15
8080,15
8081,15
8082,15
8083,17
8083,21
8084,15
8085,15
8086,18
8087,15
8088,7
8089,4
8090,15
8091,15
8092,15
8093,5
8093,23
8094,15
8095,15
8096,15
8097,21
8098,2
8099,2
8100,2
8101,10
8101,17
8101,29
8102,18
8102,20
8102,23
8103,4
8103,7
8104,21
8105,7
8106,12
8106,23
8106,28
8107,15
8108,15
8109,15
8110,28
8111,15
8112,15
8113,15
8114,15
8115,15
8116,15
8117,2
8117,17
8117,18
8118,15
8119,15
8120,15
8121,15
8122,7
8123,7
8123,10
8123,20
8123,23
8123,28
8123,29
8124,7
8124,25
8125,15
8126,15
8127,15
8128,15
8129,15
8130,15
8131,15
8132,15
8133,15
8134,15
8135,15
8136,7
8136,18
8137,7
8137,13
8138,1
8138,2
8138,4
8138,12
8138,28
8139,15
8140,15
8141,15
8142,15
8143,15
8144,15
8145,2
8145,4
8145,5
8146,15
8147,15
8148,21
8149,15
8150,15
8151,21
8152,2
8152,4
8152,7
8153,7
8153,12
8153,13
8153,18
8154,1
8154,2
8154,20
8155,7
8155,10
8155,29
8156,4
8156,7
8156,17
8156,18
8157,1
8157,2
8157,7
8158,7
8158,10
8158,17
8158,18
8159,4
8159,7
8160,21
8161,7
8161,18
8162,4
8162,7
8162,10
8162,26
8162,29
8163,7
8163,20
8164,7
8164,10
8165,5
8165,21
8166,2
8167,12
8167,23
8167,28
8168,20
8168,23
8168,28
8169,15
8170,2
8170,7
8171,2
8171,4
8171,7
8171,12
8171,18
8171,23
8171,28
8172,2
8172,18
8172,23
8173,4
8173,18
8173,28
8174,2
8174,10
8174,17
8174,26
8175,1
8175,3
8175,4
8175,7
8176,1
8176,2
8176,3
8176,12
8176,18
8176,23
8176,28
8177,7
8178,5
8178,21
8179,7
8180,7
8181,3
8181,4
8182,7
8183,18
8183,28
8184,10
8184,18
8185,26
8186,2
8186,5
8187,7
8187,17
8188,2
8188,4
8189,2
8189,7
8189,12
8189,18
8189,28
8190,7
8190,10
8190,17
8191,2
8191,4
8191,7
8192,2
8192,4
8192,12
8192,18
8192,28
8193,7
8194,10
8194,26
8195,2
8196,2
8196,17
8197,6
8197,7
8197,10
8197,28
8198,2
8199,2
8200,2
8200,26
8201,2
8202,2
8202,4
8203,2
8204,1
8204,2
8204,18
8204,23
8205,21
8206,2
8207,21
8208,18
8209,2
8209,6
8209,13
8210,2
8211,1
8211,2
8211,3
8211,7
8211,23
8212,10
8212,26
8212,29
8213,2
8213,4
8213,20
8214,7
8214,20
8214,28
8215,10
8215,17
8215,26
8215,29
8216,2
8217,2
8217,5
8217,7
8218,2
8218,5
8219,18
8220,2
8220,26
8220,28
8221,21
8222,7
8222,13
8222,18
8223,7
8223,10
8223,12
8223,17
8223,18
8223,28
8223,29
8224,2
8225,2
8226,7
8226,13
8227,2
8227,7
8227,18
8228,7
8228,18
8229,12
8229,18
8230,21
8230,26
8231,2
8231,12
8231,23
8231,28
8232,12
8232,18
8232,23
8232,28
8233,2
8233,7
8233,18
8233,23
8233,28
8234,12
8234,18
8234,23
8234,28
8235,2
8235,12
8235,18
8235,23
8235,28
8236,12
8236,18
8236,23
8236,28
8237,2
8237,12
8237,18
8237,23
8237,28
8238,2
8238,7
8238,12
8238,18
8238,23
8239,2
8239,12
8239,18
8239,23
8239,28
8240,2
8240,12
8240,18
8240,23
8240,28
8240,29
8241,2
8241,12
8241,18
8241,23
8241,28
8242,10
8242,18
8242,20
8243,2
8243,7
8244,3
8244,13
8244,21
8245,2
8245,4
8246,29
8247,7
8248,2
8249,2
8249,17
8250,2
8251,1
8251,2
8251,12
8251,23
8252,2
8253,2
8254,7
8254,10
8255,2
8255,7
8255,12
8255,18
8255,20
8255,23
8255,28
8256,12
8256,18
8256,20
8256,26
8256,28
8257,2
8257,7
8258,12
8258,18
8258,20
8259,10
8259,12
8259,18
8259,20
8260,18
8260,20
8260,26
8261,2
8261,17
8261,18
8262,13
8262,18
8262,23
8262,26
8263,2
8263,4
8264,10
8264,12
8264,18
8264,20
8264,26
8265,2
8266,1
8266,12
8266,23
8266,28
8267,18
8267,20
8267,23
8268,2
8269,2
8270,7
8271,2
8272,2
8272,4
8273,2
8274,2
8275,2
8275,4
8276,10
8276,17
8277,2
8278,2
8278,7
8278,12
8278,23
8279,7
8280,1
8280,5
8280,7
8281,18
8282,7
8283,2
8283,4
8283,5
8283,7
8283,23
8284,2
8284,4
8284,7
8285,7
8285,10
8285,12
8285,18
8285,20
8285,29
8286,2
8287,1
8287,2
8287,11
8287,12
8287,18
8287,23
8288,10
8288,26
8289,7
8289,14
8290,1
8290,2
8290,12
8290,23
8290,28
8291,2
8292,7
8292,18
8293,1
8293,2
8294,2
8294,7
8295,2
8295,12
8295,23
8295,28
8296,10
8296,18
8297,18
8297,20
8298,4
8298,6
8298,7
8298,13
8298,18
8299,1
8299,7
8299,20
8300,2
8301,7
8301,10
8301,17
8302,2
8303,2
8304,12
8304,23
8305,2
8305,5
8305,7
8305,14
8306,4
8306,7
8306,10
8306,12
8306,18
8307,2
8307,7
8308,2
8309,7
8310,2
8310,4
8311,1
8311,2
8311,3
8311,7
8311,12
8311,23
8311,28
8312,2
8312,26
8312,28
8313,2
8314,2
8315,2
8316,2
8316,4
8317,2
8318,4
8318,7
8318,12
8318,13
8318,14
8319,2
8319,4
8320,2
8320,4
8321,2
8322,2
8322,7
8322,17
8323,2
8324,7
8325,2
8325,7
8326,7
8327,5
8327,21
8328,2
8328,4
8328,7
8329,2
8330,2
8331,2
8332,2
8333,2
8334,2
8335,1
8335,28
8336,2
8337,1
8337,2
8337,23
8338,12
8338,18
8338,23
8338,26
8338,29
8339,2
8339,4
8339,18
8339,20
8339,23
8339,28
8340,23
8341,2
8341,10
8341,18
8342,1
8342,2
8342,4
8343,4
8343,7
8344,1
8344,2
8345,7
8346,7
8347,21
8348,7
8349,7
8350,2
8350,7
8351,2
8351,4
8351,7
8351,10
8352,1
8352,2
8352,12
8352,23
8352,28
8353,2
8354,2
8354,10
8354,18
8355,1
8355,25
8356,21
8357,21
8358,7
8358,25
8359,2
8359,4
8359,7
8360,2
8360,4
8361,10
8362,6
8362,14
8362,21
8363,7
8364,11
8364,21
8365,7
8366,2
8366,4
8367,11
8367,21
8368,4
8368,7
8368,25
8368,28
8368,29
8369,4
8369,7
8370,7
8371,4
8371,7
8372,7
8372,10
8372,29
8373,7
8373,10
8373,18
8374,10
8374,17
8374,29
8375,2
8375,7
8376,1
8376,23
8377,1
8377,2
8377,12
8377,23
8377,28
8378,2
8378,4
8378,7
8379,2
8379,7
8380,10
8380,29
8381,2
8382,1
8382,2
8382,7
8383,2
8383,4
8383,7
8383,10
8383,26
8384,2
8385,7
8386,7
8386,10
8386,20
8386,29
8387,2
8387,7
8387,10
8387,17
8388,2
8389,21
8390,7
8390,10
8390,20
8390,29
8391,7
8391,14
8391,17
8392,7
8392,14
8393,2
8394,7
8394,17
8395,1
8395,2
8395,11
8395,12
8395,23
8396,13
8396,21
8397,10
8397,20
8398,7
8398,10
8399,2
8400,2
8401,7
8401,18
8401,28
8402,10
8402,29
8403,2
8404,2
8404,4
8404,25
8405,7
8405,17
8406,2
8406,4
8406,25
8407,1
8407,2
8407,23
8407,26
8407,28
8408,10
8408,17
8408,29
8409,5
8409,18
8409,23
8410,2
8410,7
8411,1
8411,2
8411,12
8411,23
8411,25
8411,28
8412,2
8412,7
8413,10
8413,29
8414,21
8415,7
8415,14
8416,27
8417,2
8417,4
8418,4
8418,7
8419,26
8420,1
8420,2
8420,12
8420,18
8420,23
8421,4
8421,7
8421,29
8422,2
8422,21
8423,2
8423,4
8424,14
8424,17
8425,2
8425,7
8426,4
8426,7
8426,10
8426,20
8427,7
8427,10
8427,17
8427,18
8428,5
8428,7
8428,23
8429,2
8429,5
8429,18
8429,23
8430,2
8430,7
8431,7
8432,2
8432,4
8433,7
8433,8
8433,10
8433,12
8433,13
8433,17
8434,2
8435,4
8435,7
8436,2
8437,7
8437,10
8437,13
8438,21
8439,2
8440,2
8441,6
8441,7
8441,10
8441,13
8441,18
8442,4
8442,7
8443,2
8444,2
8445,7
8446,2
8446,4
8446,7
8447,1
8447,7
8447,20
8447,23
8447,29
8448,7
8449,2
8449,4
8449,7
8450,7
8450,17
8450,21
8451,2
8452,7
8452,10
8452,18
8452,29
8453,2
8453,7
8453,10
8454,4
8455,5
8455,6
8455,7
8455,10
8455,18
8456,10
8456,26
8457,1
8457,2
8457,12
8457,23
8457,28
8458,2
8458,7
8459,18
8460,7
8460,11
8461,10
8461,18
8461,20
8461,26
8462,7
8462,12
8462,18
8462,20
8463,2
8463,4
8464,4
8464,7
8464,10
8464,20
8464,26
8464,28
8464,29
8465,23
8465,28
8466,2
8466,7
8466,14
8467,2
8468,1
8468,12
8468,18
8468,28
8469,21
8470,21
8471,29
8472,7
8472,8
8472,10
8473,2
8473,7
8473,10
8473,17
8474,21
8475,11
8475,28
8476,1
8476,9
8476,25
8476,27
8477,2
8477,4
8477,17
8477,18
8478,10
8478,17
8478,18
8479,2
8479,4
8480,2
8480,10
8480,17
8480,18
8481,7
8482,7
8482,13
8482,18
8483,7
8483,10
8483,12
8483,17
8483,18
8483,29
8484,7
8484,26
8484,29
8485,2
8485,19
8486,7
8486,10
8486,12
8486,29
8487,2
8488,2
8489,2
8490,7
8490,12
8490,17
8491,1
8491,7
8491,12
8491,28
8492,7
8492,10
8492,17
8492,18
8493,4
8493,7
8493,8
8494,2
8495,2
8495,7
8496,2
8496,4
8496,7
8497,18
8498,2
8498,4
8498,7
8499,2
8499,4
8499,7
8500,7
8500,12
8500,18
8500,23
8500,26
8500,28
8501,5
8501,21
8502,4
8502,7
8503,21
8504,2
8504,4
8504,7
8505,2
8505,4
8506,1
8506,2
8506,12
8506,23
8506,28
8507,2
8507,4
8507,7
8507,13
8508,7
8508,10
8508,18
8509,2
8510,2
8511,2
8512,2
8513,2
8513,4
8514,13
8515,1
8515,2
8515,11
8515,12
8516,2
8517,7
8518,1
8518,13
8518,21
8519,7
8519,14
8520,2
8520,4
8520,7
8521,2
8522,11
8522,21
8523,1
8523,2
8523,4
8523,12
8523,23
8523,28
8524,10
8524,26
8524,29
8525,21
8526,1
8526,2
8526,3
8527,2
8528,4
8528,6
8528,7
8529,10
8529,26
8530,10
8530,17
8530,18
8531,10
8531,17
8531,20
8532,11
8532,21
8533,7
8533,10
8533,20
8534,25
8535,7
8536,19
8537,2
8538,2
8539,2
8540,2
8540,7
8541,1
8541,2
8541,23
8542,2
8542,4
8542,7
8542,14
8543,7
8543,26
8543,28
8544,2
8545,1
8545,2
8545,5
8546,2
8546,7
8546,25
8547,2
8547,4
8547,12
8547,23
8547,28
8548,2
8548,18
8549,2
8550,2
8550,10
8550,12
8550,18
8550,20
8550,26
8551,4
8551,7
8552,26
8552,29
8553,7
8554,2
8555,4
8555,7
8555,25
8555,29
8556,10
8556,17
8556,18
8556,29
8557,7
8557,10
8558,7
8558,13
8558,18
8559,7
8559,23
8559,26
8559,29
8560,2
8560,7
8561,7
8561,10
8561,17
8562,10
8562,26
8563,7
8563,17
8564,29
8565,2
8566,10
8567,7
8568,10
8568,17
8569,2
8569,4
8569,7
8570,2
8570,4
8571,11
8572,7
8573,7
8574,10
8574,17
8574,18
8575,7
8575,12
8575,18
8576,4
8577,10
8577,17
8577,18
8578,11
8578,23
8579,2
8579,4
8579,7
8580,21
8581,11
8582,5
8582,21
8583,2
8583,7
8584,2
8584,4
8585,6
8585,7
8585,10
8586,7
8586,26
8586,29
8587,7
8587,10
8587,26
8587,29
8588,12
8588,23
8588,28
8589,2
8589,7
8590,18
8590,20
8591,7
8591,10
8591,17
8591,20
8591,28
8592,21
8593,2
8594,2
8594,12
8594,18
8594,28
8595,2
8596,7
8596,14
8596,21
8597,15
8598,4
8598,18
8598,23
8598,28
8599,2
8599,5
8599,12
8600,7
8600,18
8601,2
8601,10
8601,17
8601,18
8601,28
8601,29
8602,2
8603,2
8603,18
8603,28
8604,1
8604,23
8605,21
8606,2
8607,2
8607,3
8607,4
8607,7
8607,10
8607,18
8608,4
8608,7
8608,13
8608,14
8608,25
8609,2
8610,2
8610,7
8611,2
8611,3
8611,23
8612,7
8613,21
8614,1
8614,2
8614,4
8614,7
8614,10
8614,12
8614,18
8614,20
8614,23
8615,7
8616,4
8616,7
8616,29
8617,21
8618,7
8618,17
8618,29
8619,7
8619,10
8619,20
8619,23
8619,29
8620,2
8620,10
8620,26
8621,7
8621,13
8622,2
8622,7
8623,12
8623,18
8623,23
8623,28
8624,9
8624,27
8625,12
8625,18
8625,23
8626,2
8627,2
8627,18
8627,21
8628,2
8629,2
8629,7
8630,7
8630,10
8630,29
8631,2
8632,2
8632,4
8633,2
8634,1
8634,4
8634,7
8635,12
8635,18
8635,20
8636,2
8636,3
8636,21
8637,2
8637,21
8638,2
8639,21
8640,21
8641,2
8641,21
8642,21
8643,2
8644,2
8644,3
8644,21
8645,2
8646,2
8646,12
8646,28
8647,2
8648,18
8648,20
8648,26
8649,12
8649,18
8649,20
8650,2
8651,10
8651,17
8651,26
8652,2
8652,23
8652,28
8653,12
8653,18
8653,20
8653,23
8653,28
8654,4
8654,7
8655,2
8656,1
8656,7
8656,12
8656,20
8656,29
8657,7
8657,14
8658,23
8659,7
8659,17
8660,2
8660,3
8660,4
8660,7
8661,2
8661,3
8661,4
8661,7
8661,28
8662,2
8663,10
8663,12
8663,18
8663,20
8664,2
8665,2
8666,17
8667,2
8668,5
8668,7
8668,14
8669,3
8669,7
8669,12
8669,23
8670,6
8670,7
8670,18
8670,20
8670,23
8671,2
8672,10
8672,18
8672,20
8673,7
8674,5
8674,12
8674,18
8674,20
8674,23
8675,2
8675,4
8675,26
8675,28
8676,5
8676,7
8677,11
8677,21
8678,1
8678,2
8678,12
8678,23
8678,28
8679,2
8680,7
8680,10
8680,12
8680,17
8680,18
8680,29
8681,7
8681,10
8681,26
8681,29
8682,4
8682,7
8682,20
8683,7
8684,2
8685,2
8685,4
8685,7
8685,23
8685,28
8686,2
8686,7
8687,7
8688,1
8688,2
8688,12
8688,20
8688,23
8688,28
8689,21
8690,7
8690,10
8690,18
8690,20
8690,26
8691,10
8691,26
8692,2
8692,4
8692,7
8693,4
8693,7
8694,2
8694,3
8694,4
8694,12
8694,18
8695,1
8695,2
8695,4
8696,2
8696,12
8696,18
8697,2
8698,2
8698,4
8698,7
8698,13
8698,14
8699,2
8699,7
8700,2
8700,7
8700,18
8701,7
8701,25
8702,2
8703,10
8703,20
8703,29
8704,10
8704,29
8705,7
8706,21
8707,21
8708,10
8709,4
8709,7
8709,8
8709,17
8709,18
8710,1
8710,2
8710,8
8710,12
8711,1
8711,2
8711,28
8712,7
8712,10
8712,12
8712,17
8712,18
8712,29
8713,2
8713,17
8714,2
8714,10
8714,26
8715,5
8715,7
8715,28
8716,2
8716,6
8717,7
8717,8
8717,13
8718,2
8718,4
8718,7
8719,7
8719,10
8719,17
8720,10
8720,26
8721,7
8721,20
8721,28
8722,7
8722,12
8723,3
8723,7
8723,28
8724,21
8725,7
8725,29
8726,10
8726,17
8726,18
8727,1
8727,2
8727,23
8728,7
8728,10
8729,11
8729,21
8730,7
8731,7
8731,10
8731,17
8732,7
8732,29
8733,7
8734,12
8734,18
8734,23
8735,4
8735,7
8735,10
8735,17
8736,2
8736,7
8737,3
8737,4
8737,7
8737,12
8737,20
8737,23
8737,25
8737,28
8738,2
8738,17
8739,7
8739,17
8740,4
8740,7
8741,2
8741,23
8741,28
8742,7
8743,2
8743,3
8743,4
8743,7
8743,10
8743,18
8743,28
8744,21
8745,2
8745,28
8746,4
8746,10
8746,18
8746,20
8746,23
8746,26
8747,5
8747,14
8747,21
8748,23
8749,1
8749,2
8749,7
8750,2
8750,21
8751,21
8752,7
8752,17
8752,29
8753,2
8754,1
8754,23
8755,12
8755,18
8755,20
8755,28
8756,2
8757,2
8757,21
8758,23
8759,6
8759,7
8760,12
8760,18
8760,20
8761,7
8761,11
8761,28
8762,7
8763,10
8763,11
8764,4
8764,7
8765,23
8766,12
8766,23
8766,28
8767,2
8767,4
8767,7
8768,4
8768,7
8768,10
8768,20
8768,29
8769,14
8769,21
8770,2
8770,7
8770,18
8770,20
8771,2
8772,2
8773,5
8773,7
8774,7
8774,28
8774,29
8775,21
8776,2
8776,4
8776,7
8777,21
8778,1
8778,2
8778,12
8778,23
8778,26
8778,28
8779,2
8780,7
8780,10
8780,29
8781,4
8781,7
8781,10
8781,18
8781,25
8782,2
8783,25
8783,28
8784,14
8784,17
8784,21
8784,25
8785,2
8785,7
8786,7
8786,10
8786,17
8787,7
8787,14
8787,25
8788,2
8788,18
8789,7
8790,18
8790,23
8790,28
8791,7
8791,10
8791,28
8791,29
8792,7
8792,25
8793,7
8793,10
8793,17
8793,29
8794,5
8794,14
8794,21
8795,6
8795,12
8795,18
8795,20
8795,28
8796,21
8796,25
8797,10
8797,17
8797,26
8798,23
8799,2
8799,7
8799,17
8800,2
8801,17
8801,21
8802,2
8803,1
8803,7
8803,17
8804,21
8805,7
8806,1
8806,2
8807,1
8807,2
8808,7
8808,10
8809,7
8809,17
8810,1
8810,6
8810,7
8810,13
8810,23
8811,18
8811,23
8811,28
8812,7
8812,12
8813,7
8813,28
8814,2
8814,4
8814,7
8814,14
8815,12
8815,18
8815,28
8816,7
8817,2
8817,7
8818,4
8818,7
8818,13
8819,7
8819,10
8819,18
8820,10
8820,26
8820,29
8821,2
8822,2
8822,11
8822,12
8822,18
8822,20
8822,23
8823,7
8823,10
8823,12
8823,20
8823,26
8823,29
8824,10
8824,29
8825,2
8825,7
8825,10
8826,1
8826,2
8826,12
8827,2
8827,4
8827,10
8827,17
8828,7
8829,7
8829,10
8830,10
8830,11
8831,7
8831,10
8831,17
8831,29
8832,7
8832,10
8832,17
8832,18
8833,18
8833,20
8833,23
8834,21
8835,5
8835,11
8835,21
8836,4
8836,7
8836,13
8836,14
8837,1
8837,2
8837,12
8837,20
8837,28
8838,7
8838,10
8838,17
8839,26
8840,7
8840,28
8841,7
8841,10
8841,17
8842,7
8842,10
8842,17
8843,7
8844,12
8844,18
8844,26
8845,2
8846,2
8847,7
8847,10
8847,17
8847,18
8847,20
8847,23
8847,26
8848,7
8848,26
8848,28
8849,7
8849,10
8849,12
8849,18
8849,20
8849,26
8850,17
8850,21
8851,2
8851,4
8851,7
8852,2
8853,4
8853,7
8854,2
8854,4
8855,2
8855,10
8855,17
8855,25
8856,2
8856,10
8857,2
8857,4
8858,18
8858,20
8859,7
8860,4
8860,7
8860,17
8860,18
8861,1
8861,4
8861,7
8861,23
8862,1
8862,7
8862,14
8862,17
8862,23
8862,29
8863,7
8863,10
8863,17
8863,29
8864,7
8864,10
8864,11
8864,20
8865,7
8865,12
8865,18
8865,28
8866,4
8866,7
8866,12
8867,7
8867,17
8867,29
8868,7
8869,2
8869,4
8870,7
8870,10
8870,18
8871,1
8871,2
8871,7
8872,2
8872,7
8873,7
8873,14
8874,26
8875,13
8875,21
8876,4
8877,21
8878,1
8878,2
8878,7
8878,12
8878,28
8879,7
8879,10
8879,17
8880,2
8881,4
8881,7
8882,2
8883,3
8883,7
8884,13
8884,17
8884,21
8885,2
8885,18
8886,2
8887,9
8888,2
8888,21
8889,7
8890,4
8890,7
8891,10
8891,18
8891,20
8891,26
8891,29
8892,2
8892,18
8893,6
8893,7
8893,13
8893,14
8894,4
8894,7
8895,10
8895,20
8895,29
8896,7
8896,17
8897,21
8898,6
8898,7
8898,13
8898,14
8899,10
8899,29
8900,6
8900,7
8900,13
8900,14
8901,6
8901,13
8901,14
8901,21
8902,7
8903,7
8904,2
8904,18
8905,10
8905,26
8905,29
8906,1
8906,6
8906,7
8906,23
8907,7
8907,10
8908,10
8908,17
8908,18
8909,7
8909,13
8909,17
8909,28
8909,29
8910,12
8910,18
8910,20
8910,28
8911,2
8911,12
8911,23
8911,28
8912,21
8913,2
8914,21
8915,2
8916,15
8917,23
8918,7
8918,14
8918,21
8918,24
8919,5
8919,9
8919,21
8920,2
8920,7
8921,2
8921,4
8921,7
8922,1
8923,10
8923,17
8923,18
8924,12
8924,18
8924,20
8924,23
8924,28
8925,1
8925,2
8925,7
8926,2
8926,4
8926,28
8927,7
8927,10
8927,17
8927,18
8928,7
8928,18
8928,23
8929,2
8929,25
8930,2
8931,2
8931,4
8932,2
8932,28
8933,21
8934,2
8934,9
8934,21
8935,7
8935,10
8935,17
8935,29
8936,4
8936,7
8936,14
8937,7
8937,10
8938,10
8938,18
8939,10
8939,26
8939,29
8940,21
8941,2
8941,4
8941,28
8942,1
8942,2
8942,12
8942,23
8942,28
8943,7
8943,10
8943,18
8943,20
8944,2
8944,18
8945,2
8945,7
8945,17
8945,29
8946,2
8946,7
8947,2
8947,4
8948,9
8949,21
8950,7
8950,17
8951,2
8952,7
8952,10
8952,17
8952,18
8952,29
8953,7
8953,20
8954,10
8954,18
8954,20
8954,26
8955,1
8955,23
8956,21
8957,23
8958,7
8958,10
8958,18
8958,20
8959,2
8959,21
8960,4
8960,7
8960,28
8960,29
8961,7
8961,10
8961,17
8961,26
8961,29
8962,10
8962,18
8962,26
8963,17
8964,7
8964,8
8964,17
8965,7
8966,7
8966,12
8966,14
8967,4
8967,7
8967,23
8968,2
8968,10
8968,18
8968,28
8969,5
8969,7
8970,2
8970,10
8970,18
8971,21
8972,2
8972,17
8972,18
8973,12
8973,18
8973,20
8974,10
8974,12
8974,18
8974,20
8975,2
8976,4
8976,7
8977,2
8977,17
8978,18
8978,23
8978,28
8979,7
8979,10
8979,17
8980,21
8981,21
8982,2
8983,7
8983,10
8983,29
8984,2
8985,3
8986,3
8987,2
8987,7
8988,2
8989,2
8990,7
8990,11
8990,17
8991,2
8991,14
8992,1
8992,12
8992,23
8993,7
8993,10
8993,17
8993,18
8994,2
8995,2
8996,2
8997,7
8997,18
8997,20
8998,2
8999,2
8999,4
8999,7
9000,1
9000,2
9000,3
9000,11
9000,12
9000,23
9000,28
9001,2
9002,10
9002,26
9003,1
9003,7
9003,12
9004,7
9004,10
9004,29
9005,7
9005,10
9005,17
9005,18
9006,2
9007,2
9007,4
9007,12
9007,23
9007,28
9008,4
9008,7
9008,14
9008,25
9009,18
9009,20
9009,23
9010,18
9011,4
9011,7
9011,23
9012,7
9012,10
9012,26
9013,7
9013,18
9014,1
9014,4
9014,12
9014,18
9014,28
9015,7
9015,10
9015,17
9015,29
9016,1
9016,7
9017,23
9018,4
9018,7
9018,28
9019,4
9019,7
9020,2
9020,18
9020,20
9020,28
9021,2
9021,4
9021,7
9022,2
9022,7
9022,14
9023,2
9023,21
9024,19
9025,21
9026,1
9026,2
9026,12
9026,23
9026,28
9027,4
9027,7
9027,18
9027,20
9027,23
9028,4
9028,7
9028,18
9028,20
9028,23
9029,18
9029,23
9029,28
9030,2
9030,18
9030,23
9030,26
9030,28
9031,7
9031,23
9031,25
9032,7
9032,13
9032,14
9033,7
9033,18
9033,20
9033,23
9034,7
9034,20
9034,23
9034,28
9035,1
9035,2
9035,12
9035,18
9035,20
9035,23
9035,28
9036,1
9036,2
9036,18
9036,23
9037,7
9037,17
9038,7
9038,10
9038,17
9039,2
9040,7
9041,26
9042,21
9043,2
9043,23
9044,21
9045,7
9045,17
9045,29
9046,2
9047,2
9047,11
9047,17
9047,26
9048,2
9048,19
9049,18
9049,23
9049,26
9049,28
9050,2
9050,4
9050,7
9050,10
9050,12
9050,17
9051,4
9051,7
9051,10
9051,28
9052,7
9053,2
9053,4
9054,7
9054,10
9055,7
9055,10
9055,17
9055,18
9056,2
9056,7
9056,28
9057,7
9057,10
9057,17
9057,18
9058,1
9058,2
9058,4
9059,2
9059,7
9059,21
9060,2
9060,17
9061,4
9061,7
9061,28
9062,7
9062,13
9063,7
9063,10
9063,18
9063,26
9064,7
9064,10
9064,17
9065,2
9065,7
9066,26
9067,2
9068,10
9068,18
9069,2
9069,7
9070,6
9070,7
9070,10
9071,4
9071,7
9071,10
9071,28
9071,29
9072,2
9072,4
9072,12
9072,18
9072,23
9073,2
9073,12
9073,18
9073,23
9074,21
9075,10
9075,18
9076,5
9076,7
9076,14
9077,7
9077,10
9077,12
9077,18
9077,20
9077,26
9077,28
9078,6
9078,10
9078,14
9078,18
9079,10
9079,18
9080,4
9080,7
9081,21
9082,1
9082,3
9083,2
9084,7
9084,17
9085,7
9085,10
9085,17
9086,7
9086,14
9086,23
9087,7
9087,17
9087,26
9087,29
9088,7
9088,18
9088,23
9089,2
9089,10
9089,17
9090,10
9090,26
9090,29
9091,4
9091,7
9092,6
9092,7
9092,13
9093,2
9093,10
9093,12
9093,18
9093,26
9094,23
9095,2
9095,7
9096,21
9097,17
9097,29
9098,2
9098,4
9098,10
9098,18
9098,20
9098,23
9098,28
9099,1
9099,2
9099,4
9099,7
9100,4
9100,7
9101,26
9102,2
9102,7
9103,7
9104,2
9104,5
9105,10
9105,17
9105,18
9106,4
9106,7
9106,23
9106,28
9107,4
9107,7
9107,29
9108,2
9108,7
9108,18
9108,20
9108,23
9108,28
9109,26
9110,2
9110,4
9110,7
9110,23
9111,2
9111,18
9112,2
9112,7
9112,23
9112,28
9113,1
9113,7
9113,12
9113,18
9113,20
9113,23
9113,28
9114,7
9114,20
9114,23
9115,2
9115,4
9115,23
9116,2
9116,4
9116,23
9117,4
9117,23
9117,28
9118,1
9118,2
9118,12
9118,23
9119,10
9119,29
9120,6
9120,7
9120,12
9120,20
9120,23
9120,29
9121,7
9121,20
9121,23
9121,28
9121,29
9122,6
9122,17
9122,18
9122,23
9123,2
9123,4
9123,23
9124,5
9124,7
9125,2
9125,4
9125,7
9125,23
9126,2
9126,4
9126,23
9127,2
9127,4
9127,7
9127,23
9127,29
9128,7
9128,10
9128,17
9129,26
9130,18
9131,2
9131,18
9131,23
9132,4
9132,7
9133,4
9133,18
9133,23
9133,28
9134,29
9135,2
9135,23
9136,2
9136,23
9137,2
9137,7
9137,18
9137,20
9137,23
9137,28
9138,18
9139,5
9139,21
9140,2
9140,28
9141,2
9141,4
9141,23
9141,28
9142,2
9142,12
9142,23
9143,2
9143,12
9143,23
9144,4
9144,7
9145,23
9146,7
9147,7
9147,10
9148,12
9148,18
9148,20
9148,23
9149,2
9149,13
9150,7
9150,12
9150,18
9150,20
9150,23
9150,28
9151,1
9151,2
9151,12
9151,20
9151,28
9152,10
9152,26
9152,29
9153,7
9153,9
9154,2
9154,7
9154,23
9155,7
9156,21
9157,7
9157,18
9157,20
9157,28
9158,21
9159,2
9159,20
9159,23
9159,28
9160,2
9161,10
9161,12
9161,18
9161,20
9162,18
9163,2
9163,7
9163,23
9164,2
9164,7
9164,23
9165,18
9165,20
9165,26
9166,2
9166,7
9166,23
9166,26
9167,12
9167,18
9167,20
9167,28
9168,7
9169,2
9170,7
9170,10
9170,29
9171,4
9171,7
9172,4
9172,7
9172,23
9172,26
9172,28
9172,29
9173,7
9173,17
9173,18
9174,12
9174,18
9174,28
9175,2
9175,4
9175,7
9175,23
9175,28
9176,1
9176,2
9176,11
9176,23
9177,2
9177,4
9177,7
9177,23
9177,28
9178,15
9179,7
9179,18
9180,2
9181,2
9181,4
9181,26
9181,28
9182,1
9182,2
9182,18
9182,23
9183,11
9183,21
9184,10
9184,18
9184,20
9185,5
9185,7
9185,14
9185,21
9186,6
9186,7
9187,7
9187,10
9187,29
9188,2
9188,7
9188,17
9189,6
9189,7
9189,10
9190,7
9190,13
9190,18
9190,29
9191,1
9191,2
9191,3
9191,7
9191,12
9191,28
9192,2
9193,2
9193,17
9193,18
9194,2
9194,7
9195,2
9196,2
9197,6
9197,7
9197,13
9198,21
9198,28
9199,10
9200,10
9200,26
9201,21
9202,2
9202,13
9202,21
9203,10
9203,18
9203,28
9204,1
9204,12
9204,20
9204,23
9205,26
9206,1
9206,2
9206,12
9206,28
9207,14
9207,21
9208,2
9209,1
9209,2
9209,12
9209,23
9209,28
9210,2
9210,7
9210,17
9210,29
9211,2
9211,10
9211,12
9211,17
9211,18
9212,1
9212,2
9213,7
9213,10
9213,17
9214,2
9215,9
9215,27
9216,2
9216,4
9217,9
9217,27
9218,9
9218,27
9219,10
9219,18
9220,2
9220,12
9220,18
9220,23
9220,28
9221,9
9221,27
9222,7
9223,7
9224,7
9224,17
9225,2
9225,4
9225,7
9226,7
9226,14
9226,21
9227,3
9227,7
9228,7
9229,7
9229,10
9229,17
9230,1
9230,2
9231,7
9231,10
9231,23
9231,26
9231,29
9232,2
9232,4
9232,7
9233,21
9234,2
9235,2
9235,4
9235,7
9235,25
9236,2
9237,2
9237,18
9237,26
9237,28
9238,2
9239,2
9239,4
9239,7
9240,7
9241,2
9241,8
9241,17
9242,2
9242,7
9243,2
9243,4
9243,7
9244,12
9244,18
9245,7
9245,18
9246,3
9246,5
9246,7
9247,1
9247,7
9248,7
9249,2
9249,17
9249,18
9250,4
9250,7
9251,12
9251,18
9251,20
9252,4
9252,7
9252,23
9252,28
9253,2
9254,2
9255,2
9255,4
9255,7
9256,2
9256,7
9257,2
9257,4
9257,7
9258,7
9258,12
9258,26
9259,7
9260,1
9260,3
9260,28
9261,7
9261,10
9261,17
9261,20
9261,29
9262,2
9262,7
9263,21
9264,2
9264,18
9264,20
9264,23
9265,2
9265,7
9266,7
9266,17
9267,4
9267,7
9268,7
9268,10
9268,17
9268,20
9268,29
9269,7
9269,10
9270,1
9270,10
9270,12
9270,18
9270,20
9270,28
9271,1
9271,2
9271,12
9271,23
9271,28
9272,2
9272,4
9273,2
9274,2
9274,7
9274,10
9275,2
9275,4
9275,7
9276,2
9276,7
9276,25
9277,4
9277,7
9278,7
9279,4
9279,7
9279,25
9280,12
9280,13
9280,21
9281,4
9281,7
9282,21
9283,2
9283,7
9283,12
9283,17
9284,7
9284,12
9284,20
9285,25
9286,7
9286,8
9287,2
9288,21
9289,2
9290,1
9290,2
9290,12
9290,23
9291,1
9291,2
9291,12
9291,23
9291,28
9292,1
9292,2
9292,3
9292,11
9292,12
9292,23
9292,28
9293,4
9293,7
9293,25
9294,2
9294,21
9295,21
9296,17
9296,18
9297,4
9297,7
9298,21
9299,6
9299,7
9300,1
9300,2
9300,4
9301,21
9302,2
9302,11
9302,12
9302,18
9302,20
9302,23
9303,7
9303,10
9303,17
9303,18
9304,7
9304,25
9305,2
9305,10
9305,17
9305,18
9306,9
9307,7
9307,14
9308,10
9309,18
9310,8
9311,7
9311,11
9312,2
9312,4
9313,2
9314,2
9314,10
9314,17
9314,18
9315,6
9315,7
9315,14
9316,2
9316,4
9316,6
9316,7
9317,2
9317,17
9317,18
9318,2
9319,7
9319,17
9320,1
9320,2
9320,11
9320,12
9320,18
9320,23
9321,2
9321,7
9322,2
9322,7
9323,2
9323,7
9324,7
9324,10
9324,17
9324,18
9325,2
9325,4
9326,2
9326,3
9326,4
9326,7
9326,25
9327,1
9327,23
9328,7
9329,7
9329,10
9329,17
9329,29
9330,2
9330,21
9331,13
9331,21
9332,7
9332,10
9332,17
9333,2
9333,4
9334,1
9334,2
9334,12
9334,23
9334,25
9335,21
9336,7
9336,10
9336,13
9336,18
9337,9
9338,21
9339,7
9339,10
9339,14
9339,17
9340,4
9340,7
9340,18
9341,1
9341,23
9342,23
9342,28
9343,7
9343,10
9343,20
9344,1
9344,2
9344,12
9344,18
9344,20
9344,23
9344,28
9345,7
9346,4
9346,7
9346,10
9346,17
9347,7
9347,10
9347,20
9347,26
9347,28
9347,29
9348,8
9348,18
9349,7
9349,10
9349,17
9349,29
9350,4
9350,7
9350,13
9350,14
9351,7
9351,10
9352,2
9352,7
9353,1
9353,5
9353,7
9353,28
9354,7
9354,10
9355,4
9355,7
9356,2
9356,18
9357,10
9357,12
9357,18
9358,7
9358,11
9359,5
9359,7
9359,10
9359,12
9359,17
9359,18
9360,11
9360,23
9360,25
9361,2
9361,7
9362,2
9362,7
9362,23
9362,25
9363,7
9364,7
9364,10
9364,12
9364,17
9364,18
9365,1
9365,2
9365,23
9365,28
9366,9
9367,4
9367,5
9367,7
9368,1
9369,21
9370,7
9371,6
9371,7
9371,23
9372,2
9372,4
9372,7
9373,7
9374,2
9375,10
9376,10
9376,26
9376,29
9377,20
9377,26
9377,29
9378,7
9378,17
9378,18
9379,2
9380,10
9381,10
9381,18
9382,2
9383,7
9383,11
9384,14
9384,21
9385,7
9385,10
9385,17
9385,26
9385,29
9386,10
9386,17
9386,18
9387,1
9387,2
9387,12
9387,23
9387,28
9388,7
9388,10
9388,26
9388,29
9389,7
9389,14
9389,25
9390,2
9390,7
9390,10
9390,18
9390,20
9390,28
9391,23
9392,2
9393,7
9394,2
9394,4
9394,11
9395,4
9395,7
9396,10
9396,18
9397,7
9397,10
9397,18
9397,25
9398,7
9398,10
9398,12
9398,20
9398,29
9399,7
9400,4
9400,7
9400,17
9401,21
9402,10
9402,17
9403,7
9403,17
9403,21
9403,26
9403,29
9404,9
9405,2
9405,17
9406,1
9406,2
9406,23
9406,28
9407,7
9407,10
9407,12
9407,18
9407,20
9408,2
9408,21
9409,7
9409,21
9410,2
9410,26
9411,7
9411,10
9411,17
9412,1
9412,2
9412,23
9412,26
9413,2
9413,7
9414,7
9414,10
9414,17
9414,29
9415,7
9415,10
9415,17
9416,7
9417,2
9417,7
9418,7
9419,7
9419,10
9420,2
9420,4
9421,2
9421,28
9422,7
9422,10
9422,18
9423,2
9424,11
9424,25
9425,7
9425,10
9425,17
9425,18
9426,21
9427,2
9427,7
9428,2
9429,7
9430,4
9430,12
9431,2
9432,10
9432,17
9432,18
9433,1
9433,23
9433,28
9434,1
9434,12
9434,23
9435,1
9435,23
9435,28
9436,1
9436,23
9437,23
9438,4
9438,7
9439,2
9439,21
9440,2
9440,4
9440,7
9441,7
9441,17
9441,18
9442,7
9442,10
9442,13
9442,17
9442,18
9443,2
9444,4
9444,7
9445,4
9445,7
9445,14
9446,5
9446,21
9447,11
9448,7
9449,7
9450,11
9451,26
9452,12
9452,18
9452,23
9452,28
9453,2
9453,5
9453,18
9453,23
9454,14
9454,21
9455,7
9455,10
9456,2
9456,18
9456,20
9456,23
9456,28
9457,12
9457,23
9458,1
9458,12
9458,18
9458,20
9458,23
9458,28
9459,21
9460,2
9460,4
9461,7
9461,10
9462,2
9462,7
9463,2
9463,7
9464,7
9464,10
9464,17
9464,18
9465,4
9465,7
9465,10
9466,10
9466,26
9466,29
9467,7
9467,10
9467,17
9467,18
9467,29
9468,11
9468,25
9469,2
9469,17
9469,18
9470,13
9471,7
9471,10
9471,26
9472,2
9472,4
9472,23
9473,5
9473,17
9473,21
9474,1
9474,12
9474,23
9474,28
9475,4
9475,7
9476,19
9477,13
9477,14
9477,21
9478,7
9479,1
9479,12
9479,20
9479,23
9480,2
9480,21
9481,19
9482,7
9482,12
9482,18
9482,20
9483,7
9483,10
9483,26
9483,29
9484,2
9484,10
9484,26
9485,2
9485,7
9485,10
9485,17
9485,18
9486,21
9486,25
9487,2
9487,12
9487,18
9487,20
9487,23
9487,28
9488,7
9489,4
9489,7
9489,20
9489,26
9490,2
9490,4
9490,7
9491,10
9491,17
9491,18
9492,2
9493,1
9493,12
9493,23
9493,28
9494,7
9494,11
9495,1
9495,12
9495,28
9496,7
9496,10
9497,2
9497,7
9498,7
9498,17
9498,29
9499,6
9499,7
9499,13
9499,14
9500,14
9500,21
9501,2
9501,7
9501,17
9501,29
9502,21
9503,2
9503,7
9504,7
9504,10
9504,29
9505,10
9505,26
9505,29
9506,7
9507,4
9507,7
9507,26
9507,29
9508,10
9508,12
9508,18
9509,2
9509,4
9509,7
9510,4
9510,7
9510,10
9510,28
9511,2
9511,23
9511,28
9512,10
9512,12
9512,18
9512,20
9512,29
9513,10
9513,17
9513,18
9514,7
9514,28
9515,7
9515,10
9515,26
9515,29
9516,10
9516,18
9517,5
9517,7
9517,18
9518,7
9519,2
9519,4
9519,7
9520,21
9521,23
9522,2
9522,4
9523,7
9523,10
9524,7
9524,10
9525,2
9525,7
9526,10
9526,17
9526,18
9527,1
9527,4
9527,5
9527,7
9528,2
9528,7
9529,7
9529,17
9530,5
9530,6
9530,7
9530,10
9531,2
9531,7
9531,12
9531,18
9532,7
9532,11
9533,2
9533,29
9534,2
9534,29
9535,7
9535,11
9536,29
9537,2
9537,17
9537,29
9538,12
9538,18
9538,20
9539,2
9540,7
9540,13
9541,7
9541,13
9541,14
9542,5
9542,7
9542,14
9543,1
9543,2
9543,12
9543,23
9543,28
9544,1
9544,23
9545,2
9545,4
9546,4
9546,10
9546,12
9546,18
9546,26
9546,28
9547,12
9547,23
9547,28
9548,5
9548,6
9548,11
9548,21
9549,2
9549,26
9550,17
9551,2
9552,10
9552,18
9552,20
9552,23
9552,26
9553,4
9553,7
9553,18
9554,17
9554,18
9555,10
9555,18
9556,1
9556,4
9557,2
9557,3
9557,4
9558,4
9559,10
9559,17
9559,29
9560,1
9560,2
9560,3
9560,12
9560,23
9561,2
9561,7
9562,2
9562,7
9563,7
9563,18
9563,20
9563,23
9564,23
9565,23
9566,7
9566,10
9567,21
9568,1
9568,2
9568,23
9568,28
9569,2
9569,12
9570,4
9571,7
9571,10
9571,17
9572,21
9573,2
9573,7
9574,21
9575,2
9575,4
9576,14
9576,21
9577,2
9577,4
9578,2
9578,7
9579,7
9579,10
9579,26
9580,2
9580,21
9581,7
9582,2
9583,7
9583,10
9583,29
9584,10
9584,18
9585,7
9585,10
9585,17
9585,29
9586,2
9586,10
9586,17
9586,18
9587,3
9587,23
9588,2
9589,7
9589,20
9589,26
9590,7
9590,10
9590,17
9590,18
9590,26
9590,28
9591,2
9592,2
9592,21
9593,7
9594,7
9594,10
9594,26
9594,29
9595,5
9595,14
9595,21
9596,7
9597,2
9597,7
9597,23
9598,7
9598,11
9599,2
9600,2
9600,7
9600,25
9600,29
9601,2
9601,4
9601,7
9601,28
9602,10
9603,2
9603,26
9604,7
9604,12
9604,14
9605,7
9605,10
9605,17
9606,10
9606,12
9606,17
9606,18
9606,20
9606,28
9606,29
9607,12
9607,17
9607,18
9607,20
9607,28
9608,2
9609,2
9610,7
9610,17
9611,7
9611,21
9612,7
9612,10
9612,17
9612,18
9613,2
9614,4
9614,7
9614,18
9615,17
9616,2
9616,4
9617,2
9618,13
9618,21
9619,7
9620,7
9621,4
9621,6
9621,7
9621,10
9621,18
9622,2
9622,4
9622,28
9623,2
9623,7
9624,1
9624,11
9624,12
9624,23
9624,28
9625,2
9626,12
9626,17
9626,18
9627,2
9627,21
9628,2
9628,12
9628,18
9628,20
9628,23
9629,7
9629,18
9630,7
9630,18
9631,7
9631,18
9632,7
9632,18
9633,7
9633,18
9634,7
9634,18
9635,7
9635,10
9635,13
9635,14
9636,7
9636,10
9636,12
9636,13
9636,17
9636,18
9637,1
9637,2
9637,12
9637,18
9637,28
9638,10
9638,12
9638,18
9638,20
9639,7
9640,2
9641,2
9642,5
9642,21
9643,7
9643,10
9643,17
9643,18
9643,29
9644,21
9645,1
9645,2
9645,3
9645,23
9646,14
9646,21
9647,2
9648,10
9648,17
9649,1
9649,2
9650,10
9650,17
9651,2
9651,4
9651,7
9652,10
9652,26
9653,12
9653,18
9653,20
9653,28
9654,7
9654,10
9654,20
9655,10
9656,7
9656,10
9656,26
9656,28
9656,29
9657,10
9657,26
9657,29
9658,2
9659,7
9659,29
9660,4
9660,7
9660,14
9661,7
9661,11
9661,20
9662,13
9662,21
9663,13
9663,14
9663,21
9664,21
9665,17
9666,7
9667,4
9667,11
9668,17
9668,21
9669,2
9669,4
9669,7
9670,9
9670,21
9671,1
9672,21
9673,1
9673,12
9673,18
9673,20
9673,23
9674,5
9674,7
9674,18
9675,10
9675,17
9675,29
9676,7
9676,12
9676,18
9676,23
9676,28
9677,7
9677,10
9677,17
9678,1
9678,2
9678,23
9678,28
9679,2
9679,3
9680,4
9680,7
9680,10
9680,29
9681,21
9682,7
9683,21
9684,1
9684,5
9684,7
9685,7
9685,17
9686,4
9686,7
9686,12
9687,7
9687,20
9688,21
9689,2
9690,7
9690,10
9690,17
9691,7
9691,10
9691,14
9691,17
9692,10
9692,26
9693,18
9693,23
9694,18
9694,23
9695,7
9695,13
9695,21
9695,25
9696,2
9696,4
9696,18
9696,23
9696,28
9697,1
9697,12
9697,23
9697,28
9698,1
9698,28
9699,7
9699,10
9699,17
9700,1
9700,2
9700,5
9701,2
9701,5
9701,7
9702,17
9703,2
9703,4
9703,11
9703,17
9703,18
9703,20
9704,2
9705,7
9706,7
9706,10
9707,2
9707,17
9708,2
9709,2
9710,7
9711,7
9712,13
9712,21
9713,2
9713,4
9713,28
9714,7
9714,10
9714,17
9714,29
9715,4
9715,7
9716,10
9716,18
9717,2
9717,7
9718,21
9719,7
9720,1
9720,2
9720,18
9720,23
9721,2
9722,2
9722,4
9722,12
9722,23
9722,28
9723,7
9723,14
9724,7
9724,10
9724,20
9724,23
9724,28
9724,29
9725,4
9726,7
9727,7
9727,14
9728,7
9728,10
9728,17
9728,29
9729,7
9729,28
9729,29
9730,12
9730,18
9730,23
9730,26
9730,28
9731,2
9731,17
9732,10
9732,29
9733,7
9734,2
9734,4
9735,7
9735,10
9735,17
9736,2
9736,7
9737,1
9737,2
9737,12
9737,18
9737,23
9737,28
9738,2
9738,10
9738,18
9738,20
9738,26
9739,4
9739,7
9739,20
9739,23
9739,28
9740,21
9741,2
9741,4
9741,7
9741,23
9742,21
9743,2
9743,4
9744,2
9744,4
9744,12
9744,18
9744,23
9744,28
9745,7
9745,17
9745,18
9746,2
9746,4
9746,7
9747,7
9747,10
9747,26
9747,28
9747,29
9748,7
9748,18
9748,23
9748,28
9749,12
9749,23
9749,28
9750,10
9750,17
9750,18
9750,29
9751,2
9751,18
9752,7
9752,17
9752,29
9753,7
9753,10
9753,18
9754,7
9754,17
9755,2
9755,4
9756,7
9756,18
9756,20
9757,2
9757,7
9757,17
9758,17
9759,2
9759,3
9759,4
9759,7
9760,7
9761,7
9762,3
9762,28
9763,7
9763,18
9764,17
9764,18
9765,13
9765,21
9766,7
9766,10
9766,12
9766,18
9766,29
9767,7
9768,2
9768,14
9769,2
9769,4
9770,7
9770,10
9770,17
9770,29
9771,17
9771,21
9772,1
9772,2
9772,12
9772,20
9773,2
9773,4
9774,17
9774,29
9775,10
9775,17
9775,18
9776,1
9776,7
9776,12
9777,17
9777,18
9778,21
9779,2
9779,18
9779,23
9779,28
9780,17
9780,18
9781,7
9782,2
9782,4
9782,18
9783,7
9783,17
9784,7
9784,10
9784,17
9784,18
9784,29
9785,2
9785,7
9786,7
9786,10
9786,20
9787,7
9787,10
9788,2
9788,4
9788,7
9788,28
9789,2
9790,2
9790,7
9790,25
9791,4
9792,2
9793,2
9793,4
9793,5
9793,7
9794,7
9794,10
9794,17
9795,7
9795,12
9795,18
9795,20
9796,1
9796,4
9796,7
9796,12
9796,20
9796,25
9796,28
9797,2
9798,12
9798,23
9798,28
9799,7
9799,12
9800,4
9800,7
9800,14
9801,7
9801,10
9801,17
9801,18
9802,18
9803,21
9804,4
9804,7
9804,10
9804,17
9805,2
9805,5
9805,7
9806,2
9806,7
9806,12
9806,18
9806,23
9806,28
9807,7
9807,14
9808,2
9808,7
9809,1
9809,2
9809,12
9809,23
9809,28
9810,1
9810,2
9810,7
9810,12
9810,18
9810,29
9811,2
9811,7
9811,29
9812,5
9812,7
9812,14
9812,18
9813,2
9813,7
9814,1
9814,23
9815,7
9816,2
9816,21
9817,7
9817,10
9817,18
9818,2
9818,4
9819,2
9819,4
9820,7
9820,10
9820,13
9820,14
9821,17
9822,2
9822,4
9822,7
9823,2
9823,4
9823,7
9824,21
9825,7
9825,17
9826,7
9826,10
9826,17
9826,29
9827,7
9827,18
9827,20
9828,7
9828,13
9828,14
9828,18
9829,2
9829,5
9829,7
9829,23
9830,5
9830,7
9830,23
9831,21
9832,2
9833,1
9833,7
9834,7
9834,18
9835,18
9836,7
9836,10
9836,17
9836,29
9837,5
9837,7
9837,21
9838,2
9839,1
9839,23
9839,29
9840,4
9841,9
9842,7
9842,10
9842,17
9842,29
9843,2
9843,7
9844,2
9845,7
9845,10
9846,7
9846,10
9846,17
9846,29
9847,2
9847,4
9848,4
9848,28
9849,7
9850,18
9850,20
9850,23
9851,7
9851,18
9851,20
9851,23
9852,2
9852,28
9853,1
9853,12
9853,23
9854,12
9854,18
9854,23
9855,1
9855,2
9855,3
9855,12
9855,23
9855,28
9856,2
9856,7
9857,2
9857,17
9858,2
9858,4
9858,7
9859,2
9859,12
9859,17
9859,18
9860,1
9860,7
9861,7
9861,17
9862,12
9862,18
9862,23
9862,28
9862,29
9863,7
9863,12
9863,14
9864,4
9864,7
9864,20
9865,7
9865,10
9865,18
9866,1
9866,12
9866,28
9867,10
9867,20
9868,6
9868,7
9868,13
9869,7
9869,12
9869,18
9869,20
9869,23
9869,28
9870,2
9870,4
9870,23
9871,2
9871,4
9871,7
9871,23
9872,1
9872,7
9872,10
9872,12
9872,28
9873,2
9873,17
9873,18
9874,2
9874,7
9874,18
9875,7
9875,10
9875,14
9875,17
9876,6
9876,7
9876,18
9877,3
9877,4
9878,4
9878,7
9878,29
9879,7
9880,2
9881,1
9881,7
9881,25
9882,21
9883,10
9883,18
9883,29
9884,7
9885,2
9885,4
9885,7
9886,4
9886,7
9887,7
9888,7
9888,10
9888,11
9889,11
9889,21
9890,12
9890,18
9891,15
9892,7
9893,7
9893,10
9893,29
9894,10
9894,18
9895,2
9895,14
9895,17
9896,12
9896,18
9896,20
9896,28
9897,7
9897,14
9898,2
9898,6
9898,7
9898,14
9898,17
9899,2
9900,29
9901,4
9901,6
9901,7
9901,13
9901,18
9902,2
9902,6
9902,7
9903,21
9904,7
9904,17
9904,18
9905,7
9905,10
9905,12
9905,18
9905,20
9905,26
9906,1
9906,3
9906,12
9906,23
9907,28
9908,10
9908,17
9908,18
9909,10
9909,26
9909,29
9910,2
9911,7
9911,10
9911,20
9912,12
9912,18
9912,20
9912,28
9913,7
9913,10
9913,17
9913,28
9913,29
9914,7
9915,2
9915,4
9916,7
9916,17
9916,18
9917,4
9917,10
9917,18
9918,1
9918,2
9918,4
9918,7
9919,20
9919,23
9920,7
9921,7
9922,2
9922,7
9923,21
9924,17
9924,21
9925,7
9926,2
9926,7
9926,12
9926,18
9927,1
9927,2
9927,11
9927,12
9927,18
9927,23
9927,28
9928,10
9928,26
9929,2
9929,7
9930,7
9930,10
9930,26
9930,28
9930,29
9931,2
9932,7
9932,10
9932,14
9932,17
9933,2
9933,7
9933,28
9934,2
9934,3
9934,4
9934,7
9934,25
9935,4
9935,7
9935,17
9935,18
9936,11
9937,7
9937,17
9938,4
9938,7
9938,13
9938,14
9939,1
9939,2
9939,3
9939,23
9939,28
9940,2
9940,18
9940,23
9940,26
9940,28
9941,10
9941,17
9941,18
9942,1
9942,2
9942,4
9942,12
9942,23
9943,2
9943,10
9944,1
9944,2
9944,11
9944,12
9944,23
9944,28
9945,14
9945,21
9946,1
9946,7
9947,7
9947,12
9948,7
9948,10
9948,17
9948,18
9948,29
9949,2
9949,28
9950,7
9950,10
9950,13
9950,18
9951,7
9952,2
9952,7
9952,28
9953,4
9953,7
9953,12
9953,18
9953,28
9954,7
9954,10
9954,17
9954,18
9955,1
9955,7
9955,12
9955,28
9956,7
9956,10
9956,18
9957,2
9957,10
9957,17
9957,18
9958,7
9958,17
9958,18
9959,2
9959,4
9960,2
9960,21
9961,2
9961,28
9962,1
9962,8
9962,12
9962,18
9962,23
9963,2
9963,29
9964,21
9965,1
9966,1
9966,2
9966,12
9966,18
9967,1
9967,12
9967,17
9967,18
9967,20
9968,1
9968,12
9969,2
9969,4
9969,28
9970,2
9970,4
9971,2
9971,10
9971,12
9971,18
9971,20
9971,26
9972,11
9973,7
9973,10
9973,17
9973,29
9974,1
9974,12
9974,23
9975,2
9975,4
9975,7
9975,10
9975,23
9975,28
9976,6
9976,7
9976,13
9976,14
9977,2
9977,21
9978,2
9978,17
9979,2
9979,4
9979,7
9980,2
9980,17
9980,18
9981,5
9981,14
9981,21
9982,7
9983,7
9983,13
9983,14
9984,2
9984,4
9985,7
9985,10
9985,14
9985,17
9986,7
9986,28
9987,7
9987,10
9987,17
9987,18
9988,7
9988,10
9988,17
9988,29
9989,2
9990,2
9990,4
9991,4
9991,7
9992,7
9993,4
9994,2
9994,7
9994,12
9995,2
9995,4
9995,7
9996,5
9996,7
9996,14
9997,10
9997,29
9998,2
9999,2
9999,3
9999,4
9999,7
10000,2
10000,4
10000,7
10001,2
10002,2
10002,4
10003,7
10004,7
10005,4
10005,7
10006,7
10006,10
10006,29
10007,7
10007,10
10008,13
10008,21
10009,2
10010,21
10011,1
10011,2
10011,6
10011,12
10011,18
10012,1
10012,2
10012,12
10012,18
10012,28
10012,29
10013,1
10013,2
10013,3
10013,7
10014,2
10014,4
10014,7
10015,2
10015,17
10016,2
10016,4
10016,7
10017,21
10018,21
10019,7
10020,4
10020,7
10020,13
10020,17
10020,18
10021,2
10021,4
10021,7
10022,7
10023,7
10023,10
10023,26
10024,4
10024,7
10024,13
10024,14
10025,4
10025,6
10025,7
10025,13
10025,14
10025,29
10026,2
10027,7
10027,26
10028,7
10029,4
10029,7
10030,2
10030,12
10030,17
10031,7
10031,10
10031,26
10031,29
10032,9
10033,1
10033,2
10033,12
10033,18
10033,23
10033,28
10034,7
10035,6
10035,7
10035,18
10036,2
10036,4
10037,2
10037,19
10038,21
10039,2
10040,2
10040,7
10041,2
10041,4
10041,7
10041,12
10041,18
10041,23
10041,28
10042,6
10042,7
10042,20
10042,23
10043,7
10044,4
10044,10
10044,29
10045,2
10045,4
10045,18
10046,7
10046,10
10046,29
10047,21
10048,2
10048,18
10049,7
10049,10
10049,17
10050,2
10051,1
10051,7
10051,14
10052,4
10052,7
10053,1
10053,3
10053,4
10053,28
10054,2
10054,4
10055,7
10056,7
10057,28
10058,10
10058,17
10058,18
10059,2
10059,7
10059,18
10060,1
10060,2
10060,23
10060,28
10061,2
10061,7
10062,2
10062,7
10062,10
10062,19
10062,20
10062,26
10062,29
10063,2
10063,18
10063,23
10063,28
10064,2
10065,2
10065,4
10065,7
10065,20
10066,2
10066,4
10066,7
10067,1
10067,2
10067,7
10068,2
10069,7
10069,12
10069,14
10069,18
10070,7
10070,14
10070,17
10071,2
10071,28
10072,2
10072,4
10072,7
10073,2
10073,21
10074,7
10074,10
10074,17
10074,29
10075,7
10075,10
10075,26
10075,28
10076,7
10077,2
10077,7
10078,7
10078,28
10078,29
10079,1
10079,12
10079,18
10079,23
10079,28
10080,7
10081,6
10081,18
10081,23
10081,28
10082,4
10082,7
10082,14
10083,26
10084,2
10085,10
10085,17
10085,18
10085,29
10086,2
10087,1
10088,2
10089,2
10089,7
10089,23
10089,26
10090,2
10091,7
10092,2
10092,23
10093,2
10093,18
10093,23
10093,26
10093,28
10094,2
10094,7
10094,23
10095,12
10095,18
10095,23
10095,28
10096,4
10097,7
10097,10
10097,12
10097,18
10097,23
10097,26
10097,28
10098,4
10098,7
10098,20
10098,26
10099,2
10099,7
10099,17
10100,10
10100,26
10100,29
10101,7
10102,2
10102,4
10103,7
10103,11
10103,17
10103,18
10103,23
10103,26
10103,29
10104,15
10105,2
10106,7
10106,10
10106,12
10106,17
10106,18
10107,15
10108,7
10108,13
10108,14
10109,23
10110,23
10111,23
10112,6
10112,7
10112,13
10113,18
10114,15
10115,15
10116,2
10116,4
10116,7
10117,2
10117,7
10118,7
10118,26
10119,10
10119,12
10119,17
10119,18
10120,4
10120,7
10120,17
10121,10
10122,1
10122,2
10123,10
10123,17
10123,18
10124,7
10125,2
10126,2
10127,2
10128,2
10129,1
10129,7
10129,12
10130,10
10130,26
10130,29
10131,7
10131,18
10132,6
10132,11
10133,10
10133,17
10133,18
10134,10
10134,20
10135,2
10135,18
10136,1
10136,4
10136,7
10137,2
10137,4
10137,7
10138,4
10138,7
10138,12
10138,18
10139,14
10139,21
10139,25
10140,21
10141,2
10141,7
10141,28
10142,21
10143,15
10144,7
10145,4
10145,7
10146,7
10146,10
10146,12
10146,17
10146,29
10147,4
10147,7
10148,21
10149,4
10149,7
10150,6
10150,18
10150,21
10151,1
10151,2
10151,4
10151,7
10151,25
10152,7
10152,10
10152,29
10153,4
10153,7
10153,10
10153,20
10154,10
10154,17
10154,29
10155,7
10155,10
10155,12
10156,10
10156,17
10156,26
10157,9
10158,10
10158,29
10159,10
10159,26
10160,5
10160,7
10161,7
10161,10
10161,17
10162,7
10162,12
10162,18
10162,20
10163,10
10163,17
10163,18
10164,7
10164,10
10164,17
10164,18
10164,20
10165,4
10165,8
10165,10
10165,18
10166,4
10166,7
10167,2
10167,7
10168,1
10168,4
10168,5
10168,7
10168,18
10169,8
10169,12
10169,18
10170,1
10170,2
10170,7
10170,20
10171,5
10171,7
10171,14
10172,1
10172,7
10173,7
10173,10
10173,26
10173,29
10174,10
10174,26
10174,29
10175,10
10176,2
10177,7
10177,10
10177,12
10177,14
10177,18
10178,7
10178,10
10178,17
10178,18
10179,6
10179,7
10179,10
10179,13
10179,18
10180,1
10180,2
10180,18
10180,20
10180,23
10180,28
10181,4
10182,2
10182,4
10182,23
10183,2
10184,1
10184,11
10184,23
10184,28
10185,26
10185,29
10186,7
10186,13
10186,14
10187,2
10187,21
10188,7
10188,10
10188,17
10188,29
10189,7
10190,18
10191,2
10192,21
10193,7
10193,10
10193,20
10193,26
10194,7
10194,10
10194,14
10195,2
10196,7
10197,7
10197,13
10197,14
10197,25
10198,4
10198,7
10199,7
10199,10
10199,29
10200,10
10200,18
10200,26
10201,21
10202,23
10202,26
10202,28
10202,29
10203,2
10203,7
10204,1
10204,23
10205,2
10205,7
10205,25
10206,2
10206,7
10206,25
10207,2
10207,4
10207,7
10207,23
10207,29
10208,2
10208,4
10208,7
10208,23
10209,10
10209,12
10209,18
10209,20
10210,12
10210,17
10210,18
10210,20
10210,28
10211,1
10211,2
10211,3
10212,2
10212,7
10212,17
10213,7
10213,10
10213,18
10214,9
10214,21
10215,21
10216,2
10216,12
10217,2
10217,17
10217,18
10218,17
10219,10
10219,26
10219,29
10220,9
10221,2
10221,4
10221,7
10222,2
10223,2
10223,12
10223,18
10223,23
10223,28
10224,12
10224,18
10224,23
10224,28
10225,13
10225,17
10225,21
10226,21
10227,2
10227,7
10227,10
10227,17
10227,18
10228,4
10228,7
10229,7
10229,21
10230,1
10230,2
10230,7
10231,2
10232,2
10232,7
10232,18
10232,23
10232,29
10233,4
10233,5
10233,23
10234,1
10234,2
10234,7
10234,23
10235,5
10235,7
10235,23
10236,5
10236,23
10237,7
10237,11
10237,13
10237,18
10238,2
10239,2
10239,17
10239,18
10240,12
10240,18
10240,28
10241,2
10241,10
10241,12
10241,17
10241,18
10241,29
10242,2
10242,4
10242,7
10243,2
10243,7
10244,5
10244,7
10244,14
10245,2
10245,7
10245,25
10246,7
10246,18
10247,2
10247,4
10247,7
10248,7
10249,1
10249,2
10249,18
10249,23
10250,2
10250,4
10250,7
10251,2
10251,7
10251,14
10252,7
10253,2
10253,7
10253,12
10253,17
10254,2
10255,1
10255,2
10255,7
10256,7
10256,17
10256,18
10257,2
10257,11
10258,7
10258,12
10258,18
10259,2
10259,10
10259,17
10259,18
10260,4
10260,7
10260,10
10260,18
10260,25
10261,7
10262,2
10263,1
10263,23
10264,2
10264,4
10264,7
10265,7
10265,10
10265,17
10265,29
10266,2
10266,18
10266,20
10266,23
10266,28
10267,12
10267,17
10267,18
10267,20
10267,23
10267,29
10268,18
10268,20
10269,7
10269,10
10269,17
10269,18
10270,2
10270,4
10270,7
10270,10
10270,17
10271,7
10272,1
10272,2
10273,12
10273,18
10273,20
10274,2
10274,18
10275,1
10275,12
10275,18
10275,20
10275,28
10276,12
10276,18
10276,20
10277,4
10277,7
10278,4
10278,7
10278,13
10279,12
10279,18
10279,20
10280,18
10281,19
10282,2
10282,7
10282,20
10282,29
10283,2
10283,17
10283,18
10284,2
10284,4
10284,7
10285,10
10285,18
10285,20
10285,26
10286,2
10286,4
10286,7
10286,23
10286,28
10287,7
10287,12
10287,18
10287,23
10288,2
10289,2
10290,2
10291,2
10292,2
10293,7
10293,18
10293,23
10293,28
10294,7
10295,2
10296,2
10296,4
10297,2
10297,3
10297,4
10298,10
10298,26
10299,2
10299,4
10299,7
10300,4
10300,7
10301,6
10301,7
10302,4
10302,12
10302,18
10302,28
10303,2
10303,7
10303,25
10304,2
10305,21
10306,2
10306,7
10307,4
10307,7
10307,12
10307,23
10307,28
10307,29
10308,7
10308,23
10309,2
10309,12
10309,18
10309,20
10310,10
10310,18
10311,1
10311,2
10311,25
10312,2
10312,4
10313,4
10313,7
10313,17
10313,18
10314,12
10314,18
10314,23
10315,7
10315,10
10315,20
10315,29
10316,2
10316,7
10316,10
10316,17
10317,1
10317,2
10317,11
10317,12
10317,23
10317,25
10318,9
10319,9
10319,27
10320,9
10320,27
10321,2
10321,12
10321,23
10321,28
10322,2
10322,20
10323,10
10323,21
10324,10
10324,26
10324,29
10325,7
10326,2
10327,15
10328,1
10328,7
10328,14
10329,1
10329,12
10329,25
10330,10
10330,18
10330,29
10331,7
10331,10
10331,17
10331,18
10331,29
10332,1
10332,2
10332,12
10332,20
10332,23
10333,7
10333,10
10333,18
10333,20
10333,23
10333,26
10333,28
10334,2
10335,1
10335,2
10335,12
10335,18
10335,20
10335,23
10335,28
10336,2
10336,4
10336,7
10336,13
10337,7
10337,10
10337,17
10337,18
10338,2
10338,7
10339,1
10339,12
10339,28
10340,2
10340,4
10341,7
10341,10
10341,17
10341,18
10341,26
10342,1
10342,2
10342,7
10342,12
10342,18
10342,23
10343,7
10343,10
10343,12
10343,14
10344,7
10344,10
10345,4
10345,7
10346,1
10346,2
10346,4
10346,7
10346,21
10346,28
10347,7
10347,10
10347,12
10347,17
10347,18
10348,2
10348,7
10348,17
10349,2
10349,7
10350,2
10351,5
10351,7
10351,14
10351,18
10352,1
10352,4
10352,12
10352,18
10352,23
10352,28
10353,21
10354,18
10354,20
10354,23
10355,1
10355,2
10355,23
10356,2
10356,4
10356,7
10357,2
10357,25
10358,2
10359,13
10359,21
10360,7
10360,10
10360,17
10360,18
10360,23
10361,10
10361,26
10362,1
10362,12
10362,23
10363,25
10364,10
10364,17
10364,18
10365,10
10365,20
10366,7
10367,2
10367,26
10368,2
10368,4
10368,7
10369,2
10370,2
10370,29
10371,2
10371,5
10371,7
10372,10
10372,17
10372,18
10373,21
10373,25
10374,2
10374,18
10374,20
10374,28
10375,2
10375,25
10376,2
10376,10
10376,18
10376,23
10376,26
10376,29
10377,7
10377,10
10377,12
10377,18
10378,1
10378,2
10378,17
10378,18
10379,4
10379,7
10379,28
10380,4
10380,7
10381,2
10381,17
10381,18
10381,25
10382,4
10382,7
10382,20
10383,2
10383,4
10383,7
10383,18
10384,7
10384,10
10384,25
10385,2
10385,7
10385,11
10386,2
10386,12
10386,18
10387,7
10387,13
10388,2
10389,4
10389,7
10389,13
10389,28
10390,2
10391,7
10392,1
10392,7
10392,12
10392,18
10392,20
10392,23
10392,28
10393,7
10393,11
10394,2
10394,7
10395,5
10395,7
10396,2
10397,7
10397,14
10398,4
10398,7
10398,17
10398,29
10399,10
10399,17
10399,18
10399,20
10400,10
10400,20
10401,10
10401,17
10401,18
10402,7
10402,10
10402,26
10402,29
10403,1
10403,2
10403,7
10404,5
10404,7
10405,1
10405,2
10405,7
10406,7
10406,10
10407,2
10408,7
10409,10
10409,17
10409,18
10410,2
10411,7
10411,12
10411,13
10412,12
10412,18
10412,20
10413,7
10413,10
10414,2
10414,4
10414,28
10415,6
10415,7
10416,7
10416,26
10417,2
10417,6
10417,7
10418,2
10418,7
10419,2
10420,4
10420,10
10420,18
10420,20
10420,26
10421,6
10421,7
10421,18
10422,4
10422,18
10423,2
10424,10
10424,20
10424,26
10425,1
10425,2
10425,12
10425,23
10425,28
10426,18
10426,23
10427,2
10427,7
10427,10
10427,17
10428,6
10428,7
10428,13
10429,7
10429,13
10429,17
10430,10
10430,26
10431,17
10431,21
10432,1
10432,2
10432,7
10432,12
10432,29
10433,2
10434,4
10434,7
10435,7
10436,21
10437,7
10438,7
10438,13
10439,2
10439,4
10439,7
10440,7
10440,10
10440,17
10440,18
10441,7
10441,10
10441,14
10441,17
10442,2
10443,18
10444,1
10444,2
10444,23
10444,28
10445,10
10445,17
10445,18
10446,1
10446,2
10446,12
10446,18
10446,23
10446,28
10447,6
10447,7
10447,10
10447,26
10447,28
10448,10
10448,29
10449,4
10449,7
10449,10
10449,17
10450,1
10450,2
10450,7
10450,12
10450,18
10450,20
10450,23
10451,2
10452,3
10452,7
10452,25
10453,10
10453,17
10453,18
10454,4
10454,7
10455,7
10456,10
10456,26
10456,29
10457,18
10457,20
10457,23
10457,28
10458,2
10458,4
10459,4
10460,4
10460,7
10461,2
10462,2
10463,7
10463,28
10463,29
10464,7
10464,14
10465,10
10466,4
10466,7
10466,28
10467,28
10467,29
10468,4
10468,7
10469,12
10469,18
10469,20
10469,23
10470,7
10471,6
10471,7
10471,12
10471,13
10471,18
10472,23
10473,12
10473,18
10473,20
10474,7
10474,10
10474,17
10475,1
10475,7
10475,12
10475,21
10476,10
10476,23
10476,26
10476,29
10477,2
10477,11
10477,23
10478,7
10478,17
10479,1
10479,23
10480,7
10480,17
10480,18
10481,2
10481,23
10482,23
10483,18
10483,23
10483,26
10483,28
10484,7
10485,4
10485,7
10486,2
10486,18
10486,23
10487,18
10487,20
10487,23
10488,2
10488,4
10488,7
10488,28
10489,26
10489,29
10490,10
10490,12
10490,18
10490,20
10490,26
10491,7
10491,10
10491,17
10492,5
10492,7
10492,14
10493,1
10493,2
10493,7
10493,28
10494,7
10494,28
10494,29
10495,2
10495,7
10495,12
10496,1
10496,2
10497,1
10497,2
10497,7
10497,12
10497,18
10497,23
10497,28
10498,7
10498,10
10498,20
10498,29
10499,7
10499,10
10499,17
10499,18
10499,20
10500,7
10501,2
10501,12
10501,18
10501,20
10501,23
10502,2
10503,17
10503,18
10503,26
10504,7
10504,13
10505,7
10505,10
10505,17
10505,29
10506,1
10506,4
10506,12
10506,18
10506,23
10506,28
10507,7
10507,10
10507,17
10508,2
10508,7
10509,2
10510,2
10511,7
10511,10
10512,2
10512,4
10512,18
10512,26
10512,28
10513,1
10513,2
10513,11
10513,12
10513,18
10513,20
10513,23
10513,28
10514,17
10515,17
10515,26
10515,29
10516,7
10516,17
10517,7
10517,18
10517,26
10517,28
10518,21
10519,10
10519,18
10520,7
10521,12
10521,18
10521,20
10522,2
10522,4
10522,23
10523,26
10524,7
10524,14
10525,7
10525,20
10525,28
10525,29
10526,2
10526,26
10527,2
10527,4
10528,2
10528,12
10529,1
10529,4
10529,7
10529,28
10530,1
10530,4
10530,7
10531,7
10532,21
10533,7
10534,7
10534,18
10534,20
10534,23
10535,18
10535,20
10535,23
10536,2
10536,7
10536,23
10537,7
10537,10
10537,17
10537,18
10537,20
10537,23
10538,2
10538,17
10538,18
10538,20
10538,23
10539,2
10539,23
10540,4
10540,7
10540,18
10540,20
10540,23
10541,2
10541,4
10541,6
10541,7
10541,10
10541,12
10541,18
10541,20
10541,23
10541,28
10542,2
10542,4
10542,18
10542,23
10542,28
10543,4
10544,7
10544,10
10544,17
10545,21
10546,6
10546,12
10546,28
10547,2
10548,5
10548,7
10549,4
10549,11
10549,13
10549,21
10550,7
10551,2
10551,4
10551,18
10552,7
10552,10
10553,10
10553,17
10553,18
10553,20
10554,10
10554,26
10554,29
10555,4
10555,7
10555,12
10555,18
10555,20
10555,23
10556,7
10556,13
10557,7
10557,12
10557,18
10557,20
10558,6
10558,7
10558,10
10559,2
10560,11
10560,20
10560,29
10561,7
10562,1
10562,12
10562,23
10562,28
10563,2
10563,4
10563,7
10563,10
10563,17
10563,18
10563,23
10563,29
10564,12
10564,17
10564,18
10564,23
10564,28
10565,2
10565,10
10565,17
10565,18
10565,20
10565,23
10565,28
10565,29
10566,18
10566,23
10567,2
10567,12
10567,18
10567,23
10568,2
10568,12
10568,17
10568,18
10568,23
10569,2
10569,12
10569,17
10569,18
10569,23
10570,12
10570,18
10570,23
10571,2
10571,12
10571,17
10571,18
10571,20
10571,23
10571,28
10571,29
10572,23
10573,2
10573,12
10573,18
10573,20
10573,28
10573,29
10574,2
10574,12
10574,17
10574,18
10574,23
10575,2
10575,10
10575,12
10575,17
10575,18
10575,23
10575,28
10575,29
10576,2
10576,7
10576,21
10577,4
10578,1
10578,2
10578,17
10579,4
10579,7
10579,10
10579,29
10580,7
10580,10
10580,17
10581,7
10581,10
10581,17
10582,4
10582,7
10582,10
10582,13
10582,14
10582,29
10583,2
10583,4
10584,12
10584,18
10584,20
10585,1
10585,23
10585,28
10586,7
10586,20
10586,26
10587,9
10588,25
10589,18
10590,21
10591,5
10591,7
10591,17
10591,18
10592,2
10592,7
10593,1
10593,2
10593,7
10594,12
10594,18
10594,20
10595,2
10595,25
10596,21
10597,4
10597,7
10598,2
10599,7
10599,10
10599,13
10599,17
10599,29
10600,5
10600,7
10601,7
10602,2
10602,4
10603,26
10603,28
10603,29
10604,2
10605,7
10605,10
10605,17
10605,18
10606,5
10606,10
10606,12
10606,17
10606,18
10607,7
10607,10
10607,18
10608,21
10608,25
10609,10
10609,17
10609,18
10610,10
10610,17
10610,18
10611,7
10611,10
10611,14
10611,17
10612,2
10613,2
10614,2
10615,4
10615,7
10616,14
10616,21
10617,7
10617,17
10618,7
10618,10
10618,17
10619,7
10619,18
10619,20
10619,23
10620,26
10621,26
10622,7
10622,18
10622,20
10622,23
10623,7
10623,18
10623,20
10623,23
10624,7
10624,18
10624,20
10624,23
10625,18
10625,20
10625,23
10626,7
10626,10
10626,20
10627,4
10627,7
10627,25
10628,9
10629,5
10629,7
10629,18
10629,25
10630,2
10630,12
10631,2
10631,10
10631,17
10631,18
10632,7
10633,7
10634,2
10634,4
10634,7
10635,7
10635,8
10635,10
10635,18
10635,28
10635,29
10636,2
10636,7
10637,2
10637,21
10638,7
10639,21
10640,1
10640,2
10640,12
10640,18
10640,23
10641,7
10641,11
10641,25
10642,7
10642,25
10643,2
10643,4
10643,7
10644,2
10644,14
10645,18
10645,20
10645,23
10646,2
10646,7
10646,10
10646,23
10646,26
10646,29
10647,26
10648,1
10648,7
10648,23
10648,28
10649,7
10649,10
10649,18
10649,23
10649,28
10650,7
10650,18
10650,23
10650,26
10650,28
10651,2
10651,5
10651,23
10652,12
10652,18
10652,23
10652,28
10653,10
10653,17
10653,18
10653,20
10653,23
10654,3
10654,4
10654,7
10655,7
10655,10
10655,17
10656,2
10656,4
10656,7
10657,2
10657,7
10657,17
10658,2
10658,7
10659,2
10660,6
10660,26
10661,7
10661,26
10661,29
10662,7
10662,14
10663,7
10663,10
10663,18
10663,20
10664,21
10665,2
10665,4
10665,7
10666,7
10666,11
10667,7
10667,10
10667,29
10668,10
10668,26
10668,28
10669,28
10670,7
10671,1
10672,7
10672,10
10672,18
10672,20
10672,26
10672,28
10672,29
10673,5
10673,7
10673,14
10674,10
10674,18
10674,20
10675,2
10676,7
10676,8
10676,10
10676,17
10676,18
10677,7
10678,7
10678,17
10679,2
10680,7
10680,13
10680,14
10681,7
10681,12
10681,13
10681,14
10681,18
10682,4
10682,7
10682,18
10682,23
10682,28
10683,7
10684,7
10685,4
10685,7
10686,10
10686,11
10687,1
10687,2
10687,4
10687,7
10688,2
10688,10
10688,12
10688,17
10688,18
10689,7
10689,10
10690,11
10690,21
10691,18
10692,12
10692,18
10692,23
10692,26
10692,28
10692,29
10693,2
10693,10
10693,12
10693,18
10694,2
10694,10
10694,17
10695,2
10695,4
10695,7
10696,13
10696,21
10697,2
10697,26
10698,7
10699,7
10700,7
10700,10
10700,17
10700,29
10701,7
10701,10
10701,17
10701,29
10702,7
10702,10
10702,17
10702,29
10703,2
10703,4
10704,7
10705,2
10705,17
10705,18
10706,4
10706,7
10706,10
10707,7
10708,4
10708,7
10708,18
10709,2
10709,7
10710,18
10710,20
10711,7
10712,21
10713,7
10713,10
10713,17
10713,29
10714,2
10714,17
10715,12
10715,18
10715,20
10716,2
10716,4
10716,7
10716,25
10717,4
10718,7
10718,10
10718,17
10718,29
10719,7
10719,11
10720,1
10720,23
10721,7
10721,10
10721,12
10721,17
10721,18
10721,29
10722,2
10722,4
10722,7
10723,1
10723,2
10723,12
10723,18
10723,20
10723,23
10723,28
10724,7
10724,17
10725,21
10726,2
10727,7
10727,13
10727,14
10728,1
10728,2
10728,18
10728,23
10728,28
10728,29
10729,2
10730,2
10730,4
10731,4
10731,7
10732,7
10732,10
10733,2
10734,10
10734,26
10735,2
10735,4
10735,7
10736,6
10736,7
10736,13
10736,18
10737,26
10738,2
10738,10
10738,18
10739,1
10739,2
10739,5
10739,7
10739,13
10739,14
10740,2
10740,10
10740,17
10740,18
10741,2
10741,3
10741,11
10741,28
10742,7
10742,11
10743,7
10744,12
10744,18
10744,28
10745,2
10745,4
10745,7
10745,25
10746,1
10746,2
10746,4
10747,4
10748,11
10748,18
10749,7
10749,14
10749,17
10750,1
10750,12
10751,2
10751,4
10752,2
10752,4
10753,7
10753,17
10753,18
10754,2
10755,7
10755,10
10755,17
10756,2
10756,7
10757,6
10757,7
10757,10
10757,14
10757,17
10758,7
10758,10
10758,17
10758,18
10759,2
10759,4
10759,7
10760,2
10760,17
10761,13
10761,14
10761,21
10762,4
10762,28
10763,2
10763,7
10764,1
10764,4
10764,7
10764,20
10764,23
10764,29
10765,7
10765,20
10765,23
10766,7
10766,23
10766,28
10767,7
10767,12
10767,23
10767,28
10768,7
10769,4
10770,21
10770,29
10771,4
10772,13
10772,21
10773,7
10774,2
10774,4
10774,7
10775,2
10775,17
10775,18
10776,4
10777,1
10777,7
10777,10
10777,20
10777,26
10778,2
10778,4
10778,5
10778,7
10778,25
10779,10
10779,12
10779,18
10779,20
10779,26
10779,28
10780,7
10780,12
10780,18
10780,20
10780,26
10780,28
10781,18
10782,2
10782,4
10782,20
10782,28
10783,2
10783,4
10784,7
10785,2
10786,1
10786,7
10786,12
10786,28
10787,2
10787,4
10787,7
10787,28
10788,1
10788,2
10789,21
10790,1
10790,2
10790,11
10790,12
10790,18
10790,23
10790,28
10791,2
10791,7
10791,12
10791,17
10792,7
10792,10
10792,26
10792,29
10793,10
10793,12
10793,20
10793,26
10794,4
10794,7
10795,2
10795,27
10795,29
10796,2
10796,17
10796,18
10797,4
10797,7
10797,10
10797,12
10797,23
10797,26
10797,28
10797,29
10798,7
10799,7
10800,2
10801,2
10801,7
10801,14
10802,10
10802,17
10802,18
10803,7
10804,10
10804,18
10805,7
10806,5
10806,7
10806,14
10807,2
10807,7
10807,25
10808,7
10808,12
10808,18
10808,23
10808,28
10809,7
10809,14
10810,7
10811,2
10812,7
10812,10
10812,17
10812,29
10813,2
10813,18
10814,10
10814,12
10814,17
10814,18
10814,29
10815,7
10816,7
10816,17
10816,18
10817,4
10817,7
10817,14
10817,25
10818,4
10818,7
10818,10
10818,12
10818,17
10818,18
10819,7
10820,7
10820,17
10821,7
10821,12
10821,18
10822,7
10822,10
10822,17
10823,10
10823,12
10823,17
10823,18
10824,1
10824,2
10824,7
10824,10
10824,12
10824,17
10824,18
10825,7
10825,10
10826,7
10827,4
10827,7
10827,13
10828,7
10828,17
10829,2
10829,18
10830,7
10830,12
10830,18
10831,2
10832,7
10833,7
10833,10
10833,17
10833,29
10834,10
10834,26
10834,29
10835,7
10835,10
10835,17
10835,18
10836,11
10836,18
10837,7
10837,10
10837,17
10837,18
10838,18
10839,4
10839,10
10839,18
10839,26
10839,28
10840,21
10841,1
10841,2
10841,23
10842,2
10842,4
10843,10
10843,17
10843,26
10843,29
10844,7
10844,20
10845,7
10845,18
10846,7
10846,10
10846,17
10847,21
10848,1
10848,2
10848,4
10848,7
10849,21
10850,2
10851,2
10851,11
10852,10
10852,12
10852,18
10853,21
10853,25
10854,7
10855,10
10855,26
10855,29
10856,10
10856,26
10857,2
10857,17
10857,23
10858,7
10858,10
10858,18
10858,20
10859,21
10859,29
10860,10
10860,17
10861,7
10861,17
10861,28
10861,29
10862,2
10863,13
10863,17
10863,21
10863,24
10864,10
10864,12
10864,18
10865,10
10865,17
10865,18
10866,1
10866,12
10867,2
10867,4
10867,10
10867,17
10868,6
10868,7
10868,10
10868,13
10868,18
10869,2
10870,10
10871,10
10871,18
10872,2
10872,4
10872,7
10873,2
10873,4
10873,7
10874,7
10874,10
10874,20
10874,28
10874,29
10875,7
10875,10
10875,17
10875,29
10876,17
10876,18
10877,7
10877,11
10878,1
10878,2
10878,4
10879,2
10880,1
10880,2
10880,12
10880,18
10880,20
10880,23
10881,10
10881,26
10881,29
10882,4
10882,7
10882,17
10883,7
10883,14
10884,2
10885,2
10885,12
10885,18
10885,20
10886,7
10886,10
10886,17
10886,29
10887,10
10887,26
10888,7
10888,12
10888,18
10888,23
10888,28
10889,7
10889,10
10889,17
10889,18
10890,7
10890,10
10890,17
10891,2
10891,7
10891,28
10892,26
10893,7
10893,10
10893,26
10893,28
10894,12
10894,18
10894,28
10895,4
10895,7
10896,7
10896,10
10896,17
10896,18
10897,10
10898,7
10898,18
10898,20
10898,23
10899,10
10899,26
10899,29
10900,2
10900,4
10901,2
10901,4
10902,7
10902,10
10902,18
10903,7
10903,10
10904,7
10904,10
10905,4
10905,7
10905,25
10906,4
10906,6
10906,7
10907,10
10907,26
10908,10
10908,17
10908,18
10909,7
10909,10
10909,17
10910,9
10911,7
10911,10
10911,17
10911,18
10912,2
10912,7
10912,10
10912,18
10912,20
10912,23
10912,26
10912,28
10912,29
10913,2
10913,4
10913,7
10913,28
10914,7
10915,1
10915,2
10915,3
10915,23
10915,28
10916,2
10916,4
10916,7
10916,12
10916,18
10916,23
10916,28
10917,2
10917,4
10917,7
10917,23
10918,2
10918,4
10918,18
10918,23
10918,26
10918,28
10919,2
10919,7
10919,12
10919,23
10920,4
10920,7
10920,23
10920,28
10921,18
10922,7
10922,17
10922,23
10922,29
10923,2
10923,4
10923,7
10923,18
10923,20
10923,23
10923,28
10924,2
10924,20
10924,23
10924,28
10925,1
10925,11
10925,13
10925,21
10925,24
10926,7
10926,8
10926,26
10927,1
10927,2
10928,7
10929,2
10930,7
10931,1
10931,12
10931,18
10931,28
10932,1
10932,2
10933,6
10933,7
10933,13
10933,18
10934,11
10935,2
10935,7
10936,1
10936,2
10936,3
10936,7
10936,10
10936,11
10936,12
10936,18
10936,20
10936,23
10936,28
10936,29
10937,1
10937,2
10937,7
10937,18
10937,20
10937,23
10937,28
10938,2
10938,4
10939,21
10940,2
10941,2
10941,4
10941,7
10942,2
10942,4
10943,7
10943,10
10943,17
10943,18
10943,20
10944,17
10944,21
10945,2
10945,4
10945,18
10945,23
10945,28
10946,4
10946,12
10946,23
10946,28
10947,2
10948,7
10948,11
10949,1
10949,2
10949,3
10949,7
10950,26
10951,1
10951,7
10951,28
10952,4
10952,7
10952,13
10952,14
10953,2
10953,7
10953,25
10954,2
10955,2
10955,12
10955,18
10955,20
10955,23
10955,28
10956,2
10956,6
10956,7
10956,14
10957,2
10958,2
10959,21
10960,2
10961,7
10961,10
10961,17
10961,20
10961,28
10961,29
10962,2
10963,2
10964,13
10965,2
10965,4
10966,2
10966,4
10966,7
10966,12
10966,28
10966,29
10967,13
10967,14
10968,2
10969,2
10970,2
10971,7
10972,2
10972,26
10972,29
10973,7
10973,10
10973,18
10973,29
10974,2
10975,2
10975,4
10975,7
10976,2
10976,12
10976,17
10977,7
10977,17
10978,2
10979,7
10979,10
10979,17
10979,18
10979,20
10979,29
10980,2
10981,2
10981,18
10982,2
10983,7
10984,7
10984,26
10984,29
10985,7
10986,10
10986,17
10986,18
10986,20
10986,23
10986,29
10987,7
10987,14
10987,25
10988,7
10988,20
10989,10
10989,12
10989,18
10989,23
10989,26
10989,28
10990,2
10990,12
10991,5
10991,7
10992,12
10992,18
10992,20
10992,23
10992,28
10993,7
10994,7
10995,2
10995,17
10995,18
10995,23
10995,28
10995,29
10996,2
10996,12
10996,23
10996,28
10997,2
10997,4
10997,7
10997,23
10998,2
10998,7
10999,10
10999,12
10999,17
10999,18
11000,18
11001,2
11002,6
11002,11
11002,21
11003,10
11003,18
11003,20
11004,2
11005,7
11005,10
11005,18
11005,20
11006,11
11006,23
11007,21
11007,25
11008,2
11008,4
11008,18
11008,23
11008,28
11009,11
11009,21
11010,10
11010,12
11010,18
11010,20
11011,21
11012,2
11013,7
11013,12
11013,18
11013,20
11014,10
11015,1
11015,2
11016,5
11016,21
11017,7
11017,10
11017,14
11017,17
11018,7
11018,20
11018,28
11019,4
11019,6
11019,7
11019,10
11020,7
11020,8
11020,12
11020,13
11020,18
11021,10
11021,20
11021,26
11022,7
11022,10
11022,26
11022,28
11022,29
11023,7
11023,10
11023,26
11023,29
11024,2
11024,4
11025,7
11026,1
11026,2
11026,23
11027,2
11027,7
11028,2
11028,12
11028,28
11029,10
11029,12
11029,18
11030,18
11031,2
11031,11
11032,2
11032,4
11032,7
11033,7
11033,12
11033,18
11034,2
11034,4
11034,7
11034,18
11034,23
11034,28
11035,7
11035,17
11035,18
11036,7
11036,17
11037,7
11037,10
11037,17
11037,18
11038,4
11038,7
11038,10
11038,14
11039,18
11040,4
11040,7
11041,7
11042,11
11042,18
11043,7
11043,20
11044,7
11044,17
11045,7
11045,10
11046,1
11046,2
11046,12
11046,23
11046,25
11046,28
11047,3
11047,7
11047,10
11047,26
11048,1
11048,27
11049,4
11049,7
11050,13
11050,17
11051,10
11051,26
11052,10
11052,17
11052,18
11053,7
11053,10
11054,2
11054,7
11054,17
11054,18
11055,1
11055,2
11055,7
11056,2
11056,6
11056,7
11057,2
11057,7
11057,26
11058,7
11058,17
11058,29
11059,10
11060,7
11060,10
11060,17
11060,29
11061,7
11061,13
11061,21
11062,7
11062,10
11062,29
11063,7
11063,10
11063,12
11063,17
11063,18
11064,2
11064,4
11064,7
11064,18
11065,2
11065,7
11066,7
11066,13
11067,7
11067,10
11068,7
11068,10
11069,2
11070,13
11070,21
11071,2
11071,21
11072,2
11073,2
11073,21
11074,7
11075,2
11076,7
11077,10
11077,12
11077,18
11077,20
11078,7
11078,10
11078,17
11078,18
11078,29
11079,2
11080,7
11080,25
11081,2
11082,7
11082,11
11083,2
11083,7
11083,10
11083,17
11084,4
11084,7
11084,14
11085,7
11085,8
11085,18
11086,7
11086,8
11086,13
11086,14
11086,17
11087,7
11087,10
11087,17
11087,29
11088,7
11088,17
11088,21
11089,7
11089,8
11090,10
11091,2
11091,7
11091,17
11092,2
11092,4
11092,5
11093,2
11093,7
11094,21
11095,21
11096,12
11096,18
11096,28
11097,1
11097,2
11097,12
11097,18
11097,23
11097,28
11098,7
11098,13
11098,14
11099,15
11100,5
11100,7
11101,7
11102,7
11102,10
11103,7
11103,8
11104,11
11104,17
11105,21
11106,21
11107,6
11107,7
11107,10
11107,18
11108,2
11109,2
11109,4
11110,1
11110,12
11110,28
11111,1
11111,2
11111,3
11111,12
11111,23
11111,29
11112,4
11112,7
11112,10
11113,4
11113,7
11114,2
11114,21
11115,2
11115,21
11116,6
11116,7
11117,2
11118,2
11118,7
11119,7
11119,17
11120,2
11120,4
11121,2
11121,4
11121,7
11121,10
11121,18
11121,23
11121,29
11122,7
11122,10
11122,29
11123,2
11123,7
11123,11
11123,18
11124,1
11124,2
11124,12
11124,18
11125,10
11126,2
11126,4
11126,7
11126,10
11126,20
11127,4
11127,7
11128,1
11128,7
11128,12
11128,23
11128,28
11129,2
11130,7
11130,18
11131,2
11131,7
11131,14
11132,1
11132,2
11132,3
11132,11
11132,12
11132,23
11132,28
11133,10
11133,17
11133,18
11134,4
11134,7
11134,14
11135,1
11135,2
11135,23
11136,9
11137,7
11137,10
11137,20
11137,26
11138,2
11138,4
11138,12
11138,18
11139,10
11139,11
11140,2
11141,2
11141,4
11142,7
11143,7
11143,10
11143,17
11143,29
11144,12
11144,26
11145,7
11145,10
11145,18
11146,7
11147,21
11148,13
11149,4
11149,7
11149,14
11150,7
11150,17
11150,21
11151,2
11151,4
11151,7
11152,10
11152,17
11152,18
11153,2
11153,4
11154,2
11154,4
11155,4
11156,4
11157,17
11157,21
11158,1
11158,21
11159,2
11160,7
11160,10
11160,26
11161,5
11161,21
11162,2
11162,4
11162,7
11163,10
11163,12
11163,18
11163,20
11164,26
11165,7
11165,14
11165,17
11166,7
11166,14
11166,18
11167,1
11167,7
11168,5
11168,7
11168,14
11169,7
11169,10
11170,7
11170,18
11170,23
11170,28
11171,2
11171,5
11171,7
11171,23
11172,2
11173,5
11173,6
11173,7
11173,14
11173,18
11174,10
11174,17
11174,18
11175,2
11175,4
11175,7
11176,7
11177,4
11177,18
11177,20
11177,23
11178,7
11178,10
11178,20
11178,23
11178,28
11178,29
11179,1
11179,2
11179,7
11180,2
11180,10
11180,18
11181,7
11182,4
11182,7
11182,13
11183,21
11184,7
11184,10
11184,20
11184,26
11184,28
11184,29
11185,10
11186,1
11186,2
11186,7
11186,23
11186,25
11187,2
11187,12
11188,26
11188,28
11188,29
11189,21
11190,18
11191,4
11191,7
11191,13
11192,10
11192,18
11193,2
11193,5
11193,7
11193,14
11194,1
11194,2
11194,12
11194,23
11194,28
11195,2
11195,7
11196,7
11196,8
11196,10
11196,17
11196,29
11197,1
11197,23
11198,7
11198,10
11198,29
11199,7
11199,17
11200,2
11201,2
11201,4
11202,21
11202,25
11203,2
11203,17
11203,18
11204,10
11205,2
11205,7
11205,10
11205,17
11205,20
11206,4
11206,10
11206,12
11206,17
11206,18
11207,2
11207,3
11208,2
11209,7
11209,17
11209,29
11210,2
11211,17
11211,18
11212,2
11212,7
11213,7
11214,7
11214,13
11215,1
11215,7
11216,7
11216,9
11217,15
11218,7
11219,4
11220,2
11220,7
11220,25
11221,1
11221,4
11221,7
11221,10
11221,28
11222,2
11223,7
11224,7
11224,10
11225,10
11225,18
11225,20
11225,26
11226,7
11226,11
11226,28
11227,7
11227,10
11227,12
11228,12
11228,20
11228,28
11229,2
11229,7
11229,25
11230,2
11231,2
11231,21
11232,2
11232,21
11232,25
11233,10
11233,17
11233,18
11234,7
11235,2
11235,7
11235,12
11236,7
11236,18
11237,4
11237,7
11237,10
11238,4
11238,7
11238,29
11239,7
11239,14
11239,17
11240,7
11240,14
11241,2
11242,4
11242,7
11242,29
11243,5
11243,7
11244,7
11245,10
11245,12
11245,17
11245,18
11245,28
11246,7
11246,23
11247,2
11247,4
11247,7
11248,2
11248,4
11248,7
11249,7
11249,10
11249,28
11249,29
11250,7
11250,14
11250,17
11251,1
11251,12
11251,23
11252,2
11252,7
11253,19
11254,4
11254,7
11255,10
11255,18
11256,1
11256,5
11256,7
11256,14
11257,10
11257,12
11257,14
11257,17
11257,18
11257,26
11257,28
11257,29
11258,10
11258,17
11258,18
11259,1
11259,2
11259,12
11259,28
11260,7
11260,14
11260,17
11261,12
11261,18
11261,28
11262,1
11262,2
11263,7
11263,13
11263,14
11263,18
11264,2
11264,7
11264,13
11264,14
11265,2
11265,12
11265,18
11266,6
11266,7
11266,18
11267,7
11267,10
11267,17
11268,7
11268,10
11268,18
11269,2
11269,7
11269,10
11269,17
11270,7
11270,10
11271,1
11271,2
11271,7
11271,12
11271,18
11271,20
11271,23
11271,28
11272,1
11272,2
11272,12
11272,23
11273,2
11274,2
11275,12
11275,23
11275,28
11276,26
11276,29
11277,10
11277,18
11277,20
11278,2
11278,25
11279,1
11279,2
11279,7
11279,23
11280,7
11281,2
11281,12
11282,10
11282,12
11282,18
11282,20
11283,7
11283,12
11283,20
11284,2
11284,18
11284,26
11285,10
11285,17
11285,18
11286,2
11286,4
11287,7
11288,7
11288,10
11288,17
11288,29
11289,7
11289,10
11289,17
11289,18
11290,2
11291,2
11291,18
11291,20
11291,23
11292,7
11292,10
11292,17
11292,18
11292,26
11293,1
11293,12
11293,18
11293,20
11293,23
11294,7
11295,13
11295,14
11295,21
11296,1
11296,2
11296,7
11296,12
11296,28
11297,7
11298,4
11298,7
11298,14
11299,6
11299,7
11299,13
11299,14
11300,2
11300,7
11300,28
11301,2
11302,21
11303,7
11304,10
11304,26
11305,7
11305,10
11305,17
11306,2
11306,4
11307,14
11307,17
11307,21
11307,29
11308,10
11308,26
11308,29
11309,7
11309,10
11309,17
11310,10
11310,12
11310,18
11311,2
11311,10
11311,12
11311,18
11312,1
11312,21
11313,7
11313,10
11313,14
11313,17
11314,2
11314,4
11315,12
11315,23
11316,2
11316,12
11316,18
11316,29
11317,4
11317,7
11317,25
11318,1
11318,2
11318,5
11318,28
11319,7
11320,7
11321,7
11322,2
11322,3
11322,4
11322,7
11323,2
11324,26
11324,28
11325,10
11325,17
11325,18
11326,2
11326,3
11326,4
11326,7
11326,14
11327,10
11327,12
11327,18
11327,20
11328,7
11328,10
11328,13
11329,2
11329,4
11329,23
11330,7
11330,10
11330,17
11330,26
11330,29
11331,10
11331,17
11332,2
11332,21
11333,2
11334,7
11334,17
11334,18
11335,7
11335,12
11335,28
11335,29
11336,2
11336,4
11336,18
11337,21
11338,21
11339,10
11339,12
11339,18
11340,6
11340,7
11340,13
11340,28
11341,10
11341,17
11342,7
11343,7
11344,7
11344,17
11345,1
11345,3
11345,12
11345,23
11346,1
11346,2
11346,12
11346,26
11346,28
11347,21
11348,2
11348,4
11348,7
11348,10
11348,17
11349,2
11349,17
11349,18
11350,1
11350,12
11350,23
11350,28
11351,1
11351,2
11351,12
11351,23
11351,28
11352,2
11352,18
11353,2
11353,4
11354,4
11354,7
11354,10
11354,17
11354,29
11355,7
11356,2
11357,4
11357,7
11358,7
11359,4
11359,7
11360,2
11360,4
11360,18
11361,1
11361,2
11361,11
11361,12
11361,20
11361,23
11362,1
11362,10
11362,12
11362,23
11362,28
11362,29
11363,2
11363,7
11364,12
11364,18
11364,20
11365,7
11365,10
11365,17
11366,7
11366,12
11366,13
11366,14
11366,18
11367,2
11367,4
11367,20
11368,1
11368,2
11368,12
11368,23
11368,28
11369,1
11369,2
11369,12
11369,18
11369,20
11369,28
11370,2
11370,3
11370,18
11370,23
11370,25
11370,28
11371,2
11371,7
11371,10
11371,17
11371,18
11372,20
11372,26
11373,1
11373,5
11373,7
11373,14
11374,11
11374,21
11375,4
11375,7
11376,7
11376,10
11377,1
11377,2
11377,12
11377,23
11378,7
11378,10
11378,17
11378,18
11379,1
11379,2
11379,12
11379,17
11379,18
11379,20
11379,23
11379,28
11380,5
11380,13
11380,14
11380,17
11380,21
11381,2
11382,26
11383,5
11383,14
11383,21
11384,7
11384,12
11384,23
11384,28
11385,12
11385,23
11386,2
11386,23
11387,2
11387,4
11387,7
11388,1
11388,2
11388,23
11388,28
11389,2
11389,4
11389,7
11390,10
11390,26
11390,29
11391,10
11391,26
11391,29
11392,1
11392,2
11392,12
11392,20
11392,23
11393,23
11394,10
11394,17
11394,18
11395,2
11395,4
11395,7
11396,2
11396,21
11397,7
11397,10
11397,17
11397,18
11397,29
11398,7
11398,10
11398,17
11398,29
11399,2
11399,7
11399,25
11400,2
11400,4
11401,7
11401,10
11401,26
11401,28
11402,2
11402,7
11402,18
11402,20
11402,23
11402,28
11403,18
11403,23
11403,26
11403,28
11404,10
11404,12
11404,18
11405,7
11405,10
11405,28
11405,29
11406,4
11406,7
11407,4
11408,2
11408,18
11408,23
11408,28
11409,1
11409,2
11409,12
11409,18
11409,20
11409,23
11410,2
11410,17
11410,18
11411,7
11412,7
11413,2
11413,7
11413,23
11414,1
11414,2
11414,7
11414,12
11415,2
11415,4
11416,2
11417,7
11417,10
11417,11
11417,17
11417,29
11418,6
11418,7
11418,13
11419,4
11419,6
11419,7
11419,13
11419,14
11420,2
11420,4
11420,7
11421,6
11421,7
11421,10
11421,18
11422,10
11422,17
11422,18
11423,4
11423,7
11424,10
11424,12
11424,18
11424,20
11425,7
11425,10
11425,17
11425,26
11425,29
11426,2
11426,12
11426,20
11426,23
11427,10
11427,12
11427,18
11427,28
11428,2
11429,10
11429,12
11429,18
11430,2
11430,4
11430,7
11430,12
11430,29
11431,1
11431,2
11431,4
11431,7
11432,1
11433,2
11433,7
11433,8
11434,7
11434,10
11434,14
11434,17
11434,18
11435,7
11435,10
11435,14
11435,17
11435,18
11436,1
11437,2
11437,18
11437,23
11437,28
11438,2
11438,17
11439,1
11439,29
11440,2
11440,12
11440,23
11440,26
11440,28
11441,2
11441,4
11442,2
11442,17
11443,7
11443,10
11443,12
11443,18
11444,4
11444,7
11444,28
11445,1
11445,7
11446,13
11446,21
11447,2
11447,7
11447,25
11448,18
11449,10
11449,12
11449,18
11449,20
11450,13
11450,14
11450,21
11451,10
11451,18
11452,7
11452,14
11452,21
11452,25
11453,2
11454,7
11454,17
11455,2
11455,4
11455,10
11455,17
11456,14
11456,21
11457,2
11457,7
11457,17
11458,7
11459,2
11459,7
11460,18
11460,20
11460,23
11460,28
11461,6
11461,7
11461,13
11462,7
11462,10
11462,17
11462,29
11463,6
11463,7
11463,18
11463,26
11463,28
11464,10
11464,12
11464,18
11464,20
11465,10
11465,18
11465,20
11465,29
11466,7
11466,10
11466,17
11466,18
11467,7
11467,13
11467,18
11468,10
11468,18
11469,1
11469,2
11469,11
11469,12
11469,18
11469,23
11470,10
11470,26
11471,2
11472,1
11472,2
11472,28
11473,14
11473,21
11474,1
11474,2
11475,2
11476,2
11476,7
11476,10
11476,26
11476,28
11477,4
11477,7
11477,26
11478,7
11479,7
11479,10
11479,17
11479,26
11480,7
11481,2
11481,7
11482,4
11482,7
11482,28
11483,7
11483,14
11483,25
11484,10
11484,26
11485,1
11485,2
11485,12
11485,23
11485,28
11486,18
11486,20
11486,23
11487,2
11487,4
11487,12
11488,7
11488,11
11489,2
11490,4
11490,7
11490,13
11490,18
11491,2
11491,10
11491,17
11492,2
11492,7
11493,2
11494,2
11494,7
11494,18
11494,23
11494,28
11495,7
11495,10
11495,17
11496,2
11496,4
11496,25
11497,2
11498,4
11498,7
11498,10
11498,17
11499,2
11500,12
11500,18
11500,20
11500,23
11500,28
11501,23
11502,7
11502,10
11502,18
11502,29
11503,2
11503,18
11504,2
11504,4
11504,7
11504,13
11504,14
11505,7
11505,10
11505,17
11505,29
11506,2
11506,12
11506,18
11506,20
11507,2
11507,7
11508,13
11508,17
11509,10
11509,18
11509,20
11510,2
11511,12
11511,18
11511,23
11511,28
11512,1
11512,23
11512,28
11513,1
11513,7
11513,12
11513,23
11513,28
11514,4
11514,6
11514,7
11514,13
11514,14
11514,23
11515,1
11515,12
11515,23
11515,28
11516,1
11516,12
11516,23
11516,28
11516,29
11517,2
11518,7
11518,10
11518,18
11518,20
11518,23
11518,26
11518,28
11518,29
11519,6
11519,7
11519,14
11520,6
11520,10
11520,18
11521,2
11522,2
11522,17
11523,18
11523,20
11523,23
11523,29
11524,2
11525,2
11526,2
11526,4
11526,7
11527,7
11528,7
11528,10
11528,26
11528,28
11529,4
11529,7
11529,23
11529,25
11530,12
11530,18
11530,20
11530,26
11531,2
11531,25
11532,3
11532,4
11532,7
11532,18
11533,7
11533,10
11533,12
11533,17
11533,18
11534,10
11534,12
11534,18
11534,20
11534,26
11535,2
11535,4
11536,11
11536,21
11537,7
11537,12
11537,18
11537,28
11538,2
11538,21
11539,1
11539,2
11540,1
11540,12
11540,18
11540,20
11540,23
11540,28
11541,2
11542,7
11542,10
11542,17
11542,18
11543,7
11543,10
11543,18
11543,20
11543,23
11544,10
11544,26
11544,29
11545,2
11545,6
11545,7
11545,13
11546,2
11546,4
11547,7
11547,14
11548,21
11549,2
11549,4
11549,7
11550,2
11550,7
11551,4
11551,7
11551,10
11551,17
11551,29
11552,21
11553,21
11554,2
11554,7
11554,12
11554,14
11555,2
11555,7
11555,12
11555,17
11556,2
11557,1
11557,7
11557,14
11558,7
11559,10
11559,12
11559,18
11559,20
11560,2
11560,7
11561,2
11561,4
11562,2
11563,4
11563,7
11564,2
11564,12
11565,2
11565,4
11566,1
11566,7
11566,12
11566,23
11566,28
11567,7
11567,26
11568,3
11568,18
11569,2
11569,12
11569,18
11570,10
11570,18
11571,1
11571,2
11571,12
11571,18
11571,23
11571,28
11572,7
11572,10
11572,17
11572,29
11573,14
11573,21
11573,25
11574,7
11575,7
11575,10
11575,14
11575,17
11575,29
11576,2
11576,17
11577,10
11577,17
11577,18
11578,18
11578,20
11578,21
11579,7
11579,10
11579,18
11580,10
11580,12
11580,18
11580,20
11580,26
11581,21
11582,7
11582,10
11582,17
11583,2
11583,3
11583,4
11583,7
11584,2
11585,2
11585,7
11585,10
11585,17
11585,18
11586,2
11586,7
11586,10
11586,17
11586,18
11587,4
11587,7
11588,2
11588,8
11589,12
11589,18
11589,20
11590,6
11590,7
11590,10
11590,12
11591,5
11591,7
11591,18
11592,7
11592,10
11592,20
11592,26
11592,28
11593,4
11594,7
11594,10
11594,12
11594,18
11594,20
11594,23
11594,26
11594,28
11594,29
11595,18
11595,23
11596,4
11596,7
11596,18
11597,2
11597,29
11598,4
11598,7
11598,13
11599,2
11599,4
11600,4
11600,7
11601,10
11602,2
11602,17
11602,18
11603,7
11603,10
11604,17
11604,18
11605,10
11605,26
11605,29
11606,7
11607,4
11607,7
11607,18
11607,28
11608,1
11608,2
11608,12
11609,2
11609,4
11609,7
11609,17
11610,2
11611,7
11611,10
11611,17
11611,18
11612,2
11612,4
11612,7
11613,4
11613,7
11614,7
11614,10
11614,26
11615,10
11615,17
11616,2
11616,7
11617,2
11618,4
11618,7
11618,10
11619,7
11619,10
11619,13
11619,17
11620,1
11620,2
11620,12
11620,23
11620,25
11621,4
11621,7
11622,4
11622,10
11622,18
11622,29
11623,2
11623,18
11624,2
11624,18
11625,7
11625,18
11626,10
11627,4
11627,7
11627,14
11627,17
11628,2
11628,10
11628,18
11629,4
11629,7
11629,25
11630,2
11631,4
11631,7
11632,2
11633,4
11633,10
11633,26
11633,28
11633,29
11634,4
11634,6
11634,7
11634,13
11635,2
11636,10
11637,1
11637,2
11637,11
11637,12
11637,23
11637,28
11638,2
11639,7
11639,10
11640,7
11640,14
11640,17
11640,18
11641,2
11641,12
11642,2
11642,7
11643,2
11643,7
11643,10
11643,18
11643,23
11643,28
11644,2
11645,2
11645,7
11646,2
11646,7
11646,10
11646,12
11646,18
11646,23
11646,28
11647,7
11647,10
11647,17
11647,18
11648,4
11648,7
11648,29
11649,7
11649,12
11650,7
11650,12
11651,1
11651,2
11651,7
11651,12
11651,20
11651,23
11651,28
11652,7
11652,10
11652,17
11653,4
11653,7
11654,7
11654,13
11654,14
11654,17
11654,29
11655,6
11655,7
11655,13
11655,18
11656,10
11656,18
11657,2
11657,4
11658,2
11658,4
11658,28
11659,1
11659,12
11659,23
11660,4
11660,7
11660,12
11660,18
11660,23
11660,28
11661,21
11662,1
11662,2
11662,7
11662,12
11662,20
11662,23
11662,28
11663,7
11663,25
11664,2
11665,10
11665,26
11666,17
11666,18
11666,28
11667,2
11667,4
11667,28
11668,1
11668,2
11668,12
11668,23
11668,28
11669,2
11669,3
11669,23
11670,7
11670,10
11670,20
11671,1
11671,2
11671,7
11672,16
11673,7
11673,13
11674,2
11675,2
11676,21
11676,24
11677,2
11677,4
11677,7
11678,12
11678,13
11678,14
11678,21
11679,1
11679,2
11679,12
11679,23
11679,28
11680,1
11680,2
11680,12
11680,23
11681,2
11681,4
11682,2
11682,4
11683,1
11683,10
11683,12
11683,17
11683,18
11683,23
11683,29
11684,2
11685,2
11686,4
11686,7
11686,8
11686,10
11686,12
11686,18
11687,1
11687,2
11687,23
11688,2
11688,7
11689,4
11689,7
11690,7
11690,18
11691,10
11691,17
11691,18
11692,10
11692,18
11693,1
11693,7
11693,25
11694,6
11694,7
11694,14
11694,18
11695,12
11695,18
11695,20
11696,7
11696,13
11696,18
11697,4
11697,7
11698,7
11698,13
11698,18
11699,12
11699,18
11700,2
11700,4
11700,7
11700,17
11701,1
11701,2
11701,11
11701,12
11701,23
11702,1
11702,2
11703,2
11704,7
11705,7
11705,10
11705,12
11705,17
11705,29
11706,2
11706,23
11707,7
11708,2
11708,7
11708,23
11709,17
11709,21
11710,1
11710,11
11710,12
11710,23
11711,4
11711,6
11711,7
11711,10
11711,13
11712,12
11712,18
11712,20
11713,5
11713,7
11713,18
11714,4
11714,7
11714,25
11715,1
11715,4
11715,7
11715,25
11716,2
11716,7
11716,10
11716,17
11716,29
11717,1
11717,2
11717,12
11718,1
11718,7
11718,12
11718,13
11718,23
11719,7
11719,8
11719,18
11720,2
11720,7
11721,2
11721,4
11721,7
11721,18
11722,2
11722,4
11722,23
11722,28
11723,2
11723,17
11723,18
11723,23
11724,2
11724,10
11724,12
11724,18
11724,20
11724,23
11724,28
11724,29
11725,2
11725,12
11725,17
11725,18
11725,23
11725,29
11726,2
11726,12
11726,17
11726,18
11726,23
11726,29
11727,2
11727,17
11727,18
11727,23
11727,29
11728,2
11728,8
11728,12
11728,18
11729,2
11729,4
11729,8
11729,10
11729,12
11729,18
11730,7
11730,17
11730,18
11731,10
11731,18
11731,26
11731,29
11732,14
11732,17
11732,21
11733,7
11733,10
11733,28
11734,2
11735,1
11735,2
11735,12
11735,23
11735,26
11735,28
11736,2
11737,1
11737,2
11737,4
11738,7
11738,13
11738,14
11739,2
11740,10
11741,2
11742,2
11743,10
11743,18
11743,20
11744,2
11744,3
11744,25
11745,2
11745,12
11745,18
11745,28
11746,4
11746,7
11747,4
11747,7
11747,20
11748,4
11748,7
11749,1
11749,2
11750,2
11751,2
11751,28
11752,2
11752,4
11753,2
11753,4
11753,7
11754,1
11754,3
11754,23
11754,28
11755,10
11755,26
11755,29
11756,4
11756,10
11756,18
11757,12
11757,18
11757,20
11757,28
11758,2
11759,7
11759,17
11759,29
11760,4
11760,7
11761,29
11762,2
11763,7
11763,12
11763,23
11763,28
11764,2
11764,20
11765,6
11765,7
11765,13
11766,2
11767,2
11768,2
11768,7
11769,12
11769,18
11769,20
11769,29
11770,2
11770,3
11770,4
11770,7
11771,7
11772,12
11772,18
11772,28
11773,7
11773,10
11773,13
11774,4
11774,7
11774,12
11774,13
11774,18
11774,28
11775,7
11775,10
11775,26
11775,29
11776,1
11776,4
11776,7
11776,12
11776,28
11777,12
11777,18
11777,20
11778,7
11779,10
11779,17
11779,18
11780,1
11780,2
11780,28
11781,10
11781,26
11782,2
11782,12
11782,17
11782,18
11782,29
11783,2
11784,7
11785,7
11786,2
11786,4
11787,7
11787,10
11787,17
11787,18
11787,20
11788,2
11788,7
11789,4
11789,7
11790,2
11790,4
11790,7
11791,7
11791,10
11791,12
11791,20
11791,29
11792,7
11792,10
11792,17
11792,18
11793,4
11793,7
11793,14
11794,2
11794,4
11795,2
11795,10
11795,17
11795,26
11796,1
11796,12
11796,20
11796,23
11797,2
11798,2
11799,2
11799,13
11799,18
11800,4
11801,11
11801,21
11802,7
11802,17
11803,2
11803,18
11803,23
11804,23
11805,2
11805,7
11806,7
11806,10
11807,4
11807,7
11808,2
11808,4
11809,10
11810,7
11811,13
11811,21
11811,24
11812,1
11812,29
11813,7
11813,10
11813,12
11813,20
11813,26
11814,1
11814,2
11814,23
11815,4
11815,7
11815,10
11815,20
11816,7
11816,10
11816,29
11817,1
11817,2
11817,3
11817,7
11818,7
11818,12
11818,28
11819,2
11819,7
11820,2
11820,10
11820,12
11820,18
11821,2
11821,12
11821,23
11821,28
11822,10
11822,17
11822,18
11823,2
11823,7
11824,4
11824,7
11825,1
11825,2
11826,6
11826,7
11826,13
11827,10
11827,20
11827,26
11827,29
11828,29
11829,7
11829,17
11830,3
11830,4
11831,4
11831,7
11831,10
11831,17
11831,18
11832,1
11832,20
11832,28
11833,7
11834,2
11835,7
11835,28
11836,7
11836,23
11836,26
11836,29
11837,4
11837,7
11838,10
11838,26
11839,2
11839,7
11839,18
11840,7
11840,17
11841,10
11842,26
11843,4
11843,7
11844,25
11845,7
11846,18
11846,20
11847,10
11848,2
11848,17
11848,18
11849,6
11849,10
11849,17
11849,18
11850,6
11850,7
11850,13
11850,14
11850,18
11851,7
11851,26
11852,7
11853,23
11854,5
11854,14
11854,21
11855,2
11855,7
11855,10
11856,2
11856,17
11856,18
11857,2
11857,7
11858,1
11858,3
11858,4
11858,7
11859,1
11859,2
11859,12
11859,23
11860,2
11860,17
11861,2
11862,2
11863,10
11863,17
11863,29
11864,10
11864,26
11865,2
11865,7
11865,13
11865,14
11866,2
11867,2
11867,3
11868,10
11868,17
11868,18
11869,2
11870,7
11870,10
11870,12
11870,18
11870,20
11870,23
11871,2
11871,4
11871,7
11871,12
11871,18
11871,23
11871,28
11872,1
11872,2
11872,12
11872,28
11873,23
11874,2
11874,3
11874,4
11874,17
11875,7
11876,7
11876,17
11876,26
11876,29
11877,4
11877,7
11877,26
11877,28
11878,1
11878,2
11878,6
11878,12
11878,23
11879,7
11879,18
11879,20
11880,2
11880,4
11881,10
11881,18
11881,29
11882,7
11882,10
11882,20
11882,29
11883,2
11883,12
11883,18
11883,20
11884,7
11885,10
11885,17
11885,18
11886,2
11886,7
11887,7
11887,10
11888,18
11888,26
11889,7
11889,10
11890,2
11890,12
11890,18
11890,20
11890,23
11891,26
11892,2
11892,12
11892,17
11892,18
11892,23
11892,29
11893,2
11893,4
11893,7
11894,1
11894,2
11894,12
11894,18
11894,20
11894,23
11894,28
11895,21
11896,1
11896,2
11896,12
11896,28
11897,7
11897,10
11898,1
11898,2
11898,4
11898,7
11898,12
11898,20
11898,23
11898,29
11899,7
11899,17
11900,7
11900,12
11900,18
11900,23
11900,26
11900,28
11901,2
11901,10
11901,12
11901,17
11901,18
11902,12
11902,18
11902,23
11902,28
11903,10
11903,17
11903,29
11904,2
11904,7
11904,10
11904,17
11904,18
11904,26
11905,7
11905,13
11905,14
11906,12
11906,23
11906,28
11907,2
11907,10
11907,17
11907,18
11908,1
11908,2
11908,12
11908,18
11908,20
11908,23
11909,4
11909,7
11910,17
11910,18
11911,1
11912,10
11912,17
11912,18
11913,10
11913,26
11913,29
11914,6
11914,7
11915,2
11916,1
11916,2
11916,23
11916,28
11917,7
11917,10
11917,20
11917,26
11917,29
11918,2
11918,4
11918,11
11919,2
11919,4
11919,5
11920,2
11920,4
11920,7
11921,2
11922,2
11923,20
11923,26
11924,4
11924,7
11924,25
11925,2
11925,4
11925,7
11926,2
11926,4
11927,2
11927,4
11927,7
11928,7
11928,10
11929,2
11929,4
11929,7
11930,7
11930,12
11930,21
11930,24
11931,6
11931,7
11931,10
11931,12
11931,14
11932,10
11932,11
11933,7
11933,10
11933,14
11933,17
11934,7
11934,10
11934,17
11935,7
11935,10
11935,20
11935,29
11936,1
11936,2
11937,2
11938,2
11938,18
11939,1
11939,2
11939,11
11939,12
11939,20
11939,23
11940,7
11940,12
11940,18
11941,21
11942,7
11942,18
11942,29
11943,2
11943,3
11943,4
11943,7
11944,7
11944,18
11945,2
11945,3
11945,4
11945,7
11946,7
11946,10
11946,17
11946,18
11947,7
11947,10
11947,18
11948,2
11948,4
11949,1
11949,2
11949,12
11949,23
11949,28
11950,2
11950,7
11950,17
11950,26
11951,7
11951,12
11951,18
11951,20
11952,2
11952,4
11953,1
11953,12
11954,1
11954,12
11955,10
11955,17
11955,29
11956,7
11956,8
11957,2
11958,2
11958,21
11959,12
11959,18
11959,20
11960,6
11960,7
11960,10
11960,18
11961,7
11961,10
11961,17
11962,10
11962,26
11963,7
11964,9
11965,7
11965,17
11966,10
11966,26
11966,29
11967,2
11967,4
11967,7
11967,28
11968,2
11968,4
11968,28
11969,11
11970,10
11970,12
11970,18
11970,20
11971,10
11971,18
11972,10
11972,18
11972,20
11972,28
11973,7
11973,10
11973,17
11973,26
11973,29
11974,2
11974,14
11975,26
11975,29
11976,2
11976,7
11976,20
11976,29
11977,1
11977,2
11977,4
11977,7
11978,4
11978,7
11978,25
11979,10
11979,17
11979,26
11979,29
11980,2
11980,4
11981,7
11981,17
11981,29
11982,4
11982,7
11983,4
11983,7
11983,18
11984,10
11984,13
11984,18
11985,4
11985,7
11986,2
11986,6
11986,7
11987,7
11987,17
11988,2
11988,4
11989,7
11989,13
11990,20
11990,26
11990,29
11991,29
11992,2
11993,2
11993,7
11994,2
11995,1
11995,2
11995,7
11995,12
11995,28
11996,7
11997,2
11997,17
11998,1
11998,2
11998,12
11998,18
11998,23
11998,28
11999,10
11999,18
11999,20
12000,10
12000,18
12000,20
12000,26
12001,10
12001,12
12002,2
12002,17
12003,10
12003,12
12003,26
12004,10
12004,18
12005,7
12005,14
12005,17
12006,7
12006,10
12006,12
12006,20
12006,29
12007,7
12007,10
12007,17
12008,4
12008,10
12008,29
12009,7
12009,10
12009,20
12009,29
12010,7
12010,10
12010,26
12010,29
12011,2
12011,7
12011,14
12012,7
12012,13
12012,14
12013,10
12013,17
12013,18
12014,4
12014,12
12014,18
12014,26
12014,28
12014,29
12015,1
12015,12
12015,28
12015,29
12016,7
12016,10
12016,17
12016,29
12017,21
12017,25
12018,2
12018,4
12018,7
12018,10
12019,2
12019,4
12019,7
12019,10
12020,2
12021,2
12022,2
12023,2
12023,26
12024,7
12024,17
12025,14
12025,21
12025,25
12026,2
12027,21
12028,1
12028,2
12028,12
12028,23
12028,28
12029,2
12029,4
12030,21
12031,2
12031,4
12031,18
12031,28
12032,2
12032,7
12032,17
12033,2
12033,4
12033,7
12034,10
12034,12
12034,18
12034,28
12035,7
12035,12
12035,20
12036,2
12036,7
12036,10
12036,17
12036,23
12037,2
12037,5
12037,7
12038,4
12038,7
12039,4
12039,7
12039,28
12040,4
12040,7
12041,17
12041,18
12042,7
12043,7
12043,17
12043,18
12044,7
12044,10
12044,17
12044,18
12045,7
12045,10
12045,17
12045,18
12046,13
12046,14
12046,21
12046,25
12047,12
12047,18
12048,7
12048,17
12048,29
12049,4
12049,5
12049,7
12050,6
12050,7
12050,13
12051,20
12051,26
12051,29
12052,7
12053,4
12053,7
12053,17
12054,7
12054,8
12055,29
12056,1
12056,7
12056,11
12057,7
12058,7
12058,13
12059,7
12059,10
12059,26
12060,7
12061,2
12061,20
12061,28
12062,7
12062,10
12062,20
12062,23
12062,28
12062,29
12063,12
12063,18
12063,28
12064,2
12064,4
12064,7
12064,18
12065,2
12065,5
12065,7
12066,2
12066,5
12066,7
12066,23
12067,2
12068,15
12069,7
12070,10
12070,17
12070,18
12071,4
12071,7
12071,12
12071,20
12071,23
12071,28
12072,2
12072,4
12072,12
12072,18
12072,20
12072,23
12072,28
12073,18
12073,20
12074,10
12074,17
12074,29
12075,7
12075,26
12076,4
12076,7
12077,4
12077,7
12077,25
12078,2
12079,2
12079,4
12079,7
12080,7
12080,9
12081,2
12081,7
12082,7
12083,7
12084,2
12084,7
12084,12
12084,18
12085,5
12085,7
12086,4
12086,7
12086,12
12086,18
12086,20
12086,23
12086,28
12087,2
12087,4
12088,2
12089,2
12089,4
12089,7
12089,18
12090,4
12090,7
12090,20
12090,23
12091,10
12091,26
12092,7
12093,2
12094,7
12094,10
12094,17
12094,18
12095,4
12095,7
12096,2
12097,7
12098,12
12098,23
12098,29
12099,2
12100,7
12101,7
12101,17
12102,2
12102,4
12102,7
12102,20
12102,28
12103,7
12103,18
12104,2
12105,7
12105,14
12106,12
12106,18
12107,12
12107,18
12108,7
12108,13
12109,4
12109,7
12109,12
12110,7
12111,2
12111,4
12112,5
12112,18
12112,23
12113,7
12113,12
12113,18
12113,23
12113,28
12114,12
12114,18
12115,2
12115,7
12116,1
12116,7
12117,12
12117,18
12117,20
12117,23
12118,17
12119,2
12119,4
12119,7
12119,18
12119,23
12119,28
12120,2
12120,26
12120,28
12121,2
12122,2
12122,4
12122,7
12123,2
12123,10
12123,11
12124,4
12124,7
12124,12
12124,23
12124,28
12124,29
12125,26
12125,28
12126,23
12127,26
12127,28
12128,10
12128,18
12128,23
12128,26
12128,28
12128,29
12129,7
12129,9
12130,10
12130,17
12130,18
12131,7
12132,23
12133,1
12133,4
12133,7
12133,23
12134,7
12135,2
12135,12
12135,18
12136,12
12136,20
12137,7
12138,7
12138,10
12138,12
12138,17
12138,18
12139,7
12140,10
12140,12
12140,18
12140,20
12141,7
12142,2
12142,7
12143,4
12143,7
12143,28
12144,4
12144,7
12144,23
12145,7
12145,10
12145,18
12145,20
12145,23
12146,10
12146,26
12146,29
12147,2
12147,4
12147,7
12148,2
12148,17
12148,18
12148,29
12149,2
12150,4
12151,12
12151,18
12152,2
12152,17
12152,18
12153,7
12153,13
12153,18
12154,7
12154,10
12154,18
12155,7
12155,10
12156,7
12156,12
12156,14
12157,2
12157,3
12157,4
12158,2
12158,4
12158,10
12158,12
12158,18
12159,7
12159,10
12159,18
12160,1
12160,2
12160,12
12160,23
12160,28
12161,2
12161,4
12161,7
12162,7
12162,12
12162,18
12162,28
12163,10
12163,20
12163,26
12163,29
12164,1
12164,23
12165,7
12165,10
12165,17
12166,5
12166,7
12166,18
12167,2
12168,2
12168,7
12168,10
12168,17
12169,7
12169,14
12169,25
12170,1
12170,3
12170,12
12170,28
12171,12
12171,20
12171,23
12171,28
12172,1
12172,2
12172,12
12172,20
12172,28
12173,7
12173,10
12173,17
12173,18
12174,2
12174,4
12174,28
12175,6
12175,7
12175,10
12175,12
12176,4
12176,7
12177,1
12177,2
12177,28
12178,6
12178,7
12178,12
12178,13
12178,14
12179,7
12180,1
12180,2
12180,11
12180,23
12180,28
12181,10
12181,18
12181,20
12182,7
12182,20
12183,10
12183,17
12183,18
12184,2
12184,4
12185,1
12185,7
12185,23
12186,4
12186,7
12186,14
12187,7
12187,10
12187,14
12187,17
12188,10
12188,17
12188,18
12189,4
12189,7
12189,10
12190,3
12190,4
12190,7
12191,2
12191,7
12191,18
12192,2
12192,18
12193,7
12193,10
12193,12
12193,14
12193,17
12194,21
12195,2
12196,2
12196,4
12197,6
12197,7
12197,13
12197,18
12198,4
12198,7
12198,28
12199,1
12199,7
12199,12
12199,23
12200,2
12201,2
12201,21
12202,7
12202,10
12202,17
12202,26
12203,2
12203,4
12204,10
12204,26
12204,29
12205,2
12205,4
12206,2
12206,7
12207,1
12208,2
12208,7
12209,1
12209,12
12209,18
12209,23
12209,28
12210,1
12210,2
12210,12
12210,23
12211,7
12211,17
12212,2
12212,10
12212,17
12212,18
12213,2
12213,4
12214,2
12214,4
12214,5
12215,10
12215,18
12216,10
12216,12
12216,18
12216,20
12217,4
12217,5
12217,7
12218,1
12218,2
12218,12
12218,17
12218,18
12218,20
12218,29
12219,10
12219,17
12219,29
12220,2
12220,17
12220,29
12221,7
12221,10
12221,14
12221,17
12221,18
12222,7
12222,10
12222,12
12222,18
12223,7
12223,10
12223,17
12223,18
12224,23
12225,21
12226,2
12226,12
12226,20
12227,18
12227,23
12227,28
12228,21
12229,4
12229,7
12229,13
12229,18
12230,2
12230,7
12231,4
12231,7
12231,10
12231,18
12231,20
12231,23
12232,2
12232,4
12233,7
12233,10
12233,17
12233,18
12233,20
12233,29
12234,2
12234,4
12235,7
12235,18
12235,28
12236,4
12236,6
12236,7
12236,13
12236,18
12237,2
12237,4
12237,7
12237,23
12238,21
12239,7
12239,10
12239,23
12239,26
12239,28
12239,29
12240,1
12240,2
12241,2
12241,17
12241,29
12242,2
12243,7
12243,10
12243,17
12244,4
12244,7
12244,14
12244,25
12245,1
12245,2
12245,12
12246,1
12246,2
12246,12
12246,17
12246,18
12247,7
12247,10
12247,17
12247,18
12248,28
12249,7
12249,18
12250,7
12251,1
12251,12
12251,18
12251,28
12252,7
12252,10
12252,17
12252,18
12253,20
12253,26
12254,2
12255,21
12256,1
12256,2
12256,12
12256,20
12256,23
12257,4
12257,7
12257,17
12258,3
12258,28
12259,10
12259,26
12260,10
12260,17
12260,18
12261,1
12261,7
12262,2
12262,21
12263,4
12263,7
12263,13
12264,6
12264,7
12264,10
12264,18
12264,20
12264,26
12265,2
12265,18
12266,2
12267,2
12267,8
12267,18
12267,20
12268,7
12268,10
12268,17
12269,2
12269,7
12270,2
12270,4
12271,2
12271,4
12271,7
12271,17
12272,7
12272,10
12273,2
12273,4
12273,7
12273,28
12274,21
12275,4
12275,6
12275,7
12276,2
12276,20
12277,12
12277,20
12277,29
12278,2
12278,4
12278,7
12279,2
12279,3
12279,4
12279,12
12280,7
12280,10
12280,17
12280,18
12280,29
12281,1
12281,2
12281,3
12281,4
12281,12
12281,23
12281,28
12282,1
12282,2
12282,12
12282,25
12282,28
12283,7
12284,7
12284,10
12284,17
12284,18
12284,29
12285,2
12285,7
12285,25
12286,7
12287,4
12287,7
12287,25
12288,7
12288,25
12289,6
12289,10
12289,17
12289,18
12289,26
12290,10
12290,18
12290,20
12290,29
12291,7
12291,10
12291,17
12292,2
12292,5
12293,4
12293,7
12294,2
12294,4
12294,7
12295,18
12295,23
12295,28
12296,10
12296,17
12296,18
12297,5
12297,7
12297,14
12297,18
12298,2
12298,7
12299,7
12299,10
12299,17
12299,18
12299,29
12300,2
12300,12
12300,18
12300,23
12301,2
12301,21
12302,10
12302,18
12302,29
12303,1
12303,2
12303,12
12303,18
12303,23
12303,28
12304,2
12304,4
12305,4
12305,7
12305,25
12306,2
12307,1
12308,7
12308,25
12309,4
12309,7
12310,1
12310,2
12310,12
12310,17
12310,18
12310,20
12310,23
12310,28
12311,7
12312,2
12312,4
12312,7
12313,1
12313,7
12313,20
12314,7
12314,10
12314,18
12315,11
12315,21
12316,7
12316,14
12316,25
12317,5
12317,7
12317,13
12317,14
12318,2
12318,4
12318,7
12319,7
12319,10
12319,12
12319,18
12320,2
12320,4
12320,7
12321,7
12321,14
12322,6
12322,7
12323,2
12323,4
12323,7
12323,23
12323,25
12324,2
12324,4
12324,7
12324,12
12324,18
12324,23
12324,28
12325,2
12325,23
12325,28
12326,2
12326,12
12326,18
12327,7
12327,10
12327,12
12327,18
12328,10
12328,17
12328,18
12329,2
12329,12
12329,20
12330,1
12330,2
12330,20
12330,23
12331,7
12331,14
12332,1
12332,23
12333,7
12334,2
12334,7
12334,28
12335,2
12335,7
12336,2
12337,1
12337,2
12338,1
12338,12
12339,20
12339,23
12340,7
12340,10
12340,13
12340,14
12340,17
12341,1
12341,2
12341,12
12341,28
12342,4
12342,7
12342,14
12343,1
12343,5
12343,12
12343,23
12344,10
12344,12
12344,18
12345,2
12345,26
12346,7
12346,10
12346,12
12346,17
12346,18
12347,7
12347,10
12347,20
12347,29
12348,4
12348,7
12349,2
12349,7
12349,12
12350,4
12350,10
12350,12
12350,20
12350,26
12350,28
12351,6
12351,7
12351,29
12352,2
12352,4
12353,10
12353,26
12353,28
12354,21
12355,26
12355,28
12356,2
12356,4
12357,7
12357,10
12357,23
12357,28
12357,29
12358,7
12358,10
12358,29
12359,10
12359,23
12359,28
12359,29
12360,12
12360,18
12360,20
12360,23
12361,4
12361,10
12361,20
12362,7
12362,10
12362,17
12362,18
12362,29
12363,4
12363,7
12364,2
12364,7
12365,4
12365,7
12366,1
12366,12
12366,18
12366,20
12366,28
12367,21
12368,7
12368,10
12368,29
12369,2
12370,10
12370,18
12370,20
12370,29
12371,1
12371,2
12371,12
12371,23
12371,28
12372,2
12372,10
12372,17
12372,18
12373,15
12374,7
12374,10
12374,26
12375,10
12375,18
12376,2
12376,12
12376,18
12376,20
12377,7
12377,10
12377,20
12377,29
12378,10
12378,12
12378,18
12378,20
12379,2
12379,26
12380,7
12381,4
12381,6
12381,7
12381,29
12382,6
12382,7
12382,10
12382,14
12383,7
12383,10
12383,21
12383,29
12384,1
12384,12
12384,23
12384,28
12385,17
12385,18
12386,2
12386,4
12386,7
12387,4
12387,7
12388,18
12389,2
12389,12
12389,23
12390,10
12390,17
12390,18
12391,2
12391,10
12391,17
12391,18
12392,2
12392,10
12392,17
12392,18
12393,10
12393,12
12393,18
12393,20
12393,26
12393,28
12394,7
12394,18
12394,20
12395,2
12395,4
12396,2
12396,4
12397,2
12397,4
12397,26
12398,2
12399,1
12399,7
12399,18
12399,23
12399,28
12399,29
12400,2
12400,4
12400,7
12401,7
12401,8
12402,2
12402,20
12403,2
12404,7
12404,12
12404,18
12404,20
12405,5
12405,7
12405,14
12406,7
12406,25
12407,2
12407,3
12407,12
12407,17
12407,18
12407,25
12408,10
12408,17
12408,18
12409,1
12409,2
12409,7
12409,12
12409,28
12410,2
12410,8
12411,2
12411,4
12411,7
12411,20
12411,28
12412,1
12412,6
12412,10
12412,12
12412,18
12412,23
12412,28
12412,29
12413,10
12413,17
12413,18
12414,2
12415,1
12416,7
12416,10
12416,17
12416,18
12417,2
12418,10
12418,18
12418,20
12418,28
12419,12
12419,18
12419,29
12420,2
12420,20
12421,7
12421,10
12421,17
12421,29
12422,21
12423,2
12423,12
12424,12
12424,18
12424,20
12425,4
12425,7
12426,7
12426,18
12426,20
12427,7
12427,8
12427,10
12427,18
12427,28
12428,7
12428,12
12428,18
12428,28
12429,7
12429,12
12429,18
12429,28
12430,7
12431,18
12431,20
12432,10
12432,12
12432,18
12432,20
12432,23
12432,28
12433,2
12433,18
12434,6
12434,7
12434,13
12434,14
12435,10
12435,17
12435,18
12436,12
12436,18
12436,28
12437,11
12437,21
12438,7
12439,7
12439,10
12439,17
12439,29
12440,1
12440,2
12441,7
12441,10
12441,17
12441,18
12442,7
12442,10
12442,20
12442,29
12443,2
12443,4
12443,7
12444,2
12444,4
12445,14
12445,21
12446,2
12447,10
12447,18
12447,28
12448,1
12448,20
12449,2
12449,4
12449,7
12450,10
12450,17
12450,18
12451,7
12451,10
12451,17
12451,20
12451,26
12451,29
12452,7
12453,10
12453,26
12454,2
12454,5
12455,7
12455,10
12455,26
12455,29
12456,1
12456,2
12457,20
12457,23
12458,7
12458,25
12459,1
12459,2
12459,23
12460,10
12460,12
12460,18
12461,4
12461,7
12461,25
12462,2
12462,10
12462,17
12462,18
12463,1
12463,2
12463,12
12463,17
12463,20
12463,23
12463,28
12464,1
12465,1
12465,23
12466,5
12466,7
12466,17
12466,18
12467,5
12467,7
12467,17
12467,18
12468,2
12468,7
12469,7
12470,1
12470,28
12471,10
12471,12
12471,20
12472,1
12472,2
12472,23
12473,7
12473,10
12473,26
12473,28
12473,29
12474,4
12474,7
12474,11
12475,7
12475,10
12475,17
12476,2
12476,7
12477,2
12477,7
12477,14
12478,10
12478,17
12478,18
12479,7
12479,26
12480,1
12480,2
12480,23
12481,21
12481,25
12482,10
12482,20
12482,26
12483,1
12483,2
12483,20
12483,23
12484,10
12484,17
12484,18
12485,10
12485,18
12486,2
12486,7
12486,10
12486,17
12486,18
12487,6
12487,18
12488,2
12488,4
12489,18
12489,20
12489,23
12490,18
12490,20
12490,23
12491,2
12492,7
12492,17
12492,29
12493,2
12493,8
12493,12
12494,10
12494,26
12494,29
12495,7
12495,10
12495,29
12496,4
12496,7
12496,13
12497,2
12498,12
12498,18
12498,20
12499,10
12499,26
12500,10
12500,29
12501,1
12501,2
12501,23
12502,10
12502,17
12503,7
12503,10
12503,18
12504,7
12504,10
12504,17
12505,2
12505,27
12506,2
12506,7
12507,1
12507,4
12507,7
12508,7
12508,10
12508,13
12508,18
12509,4
12509,6
12509,7
12509,14
12510,1
12510,2
12510,4
12511,2
12511,27
12512,2
12512,8
12513,7
12514,26
12515,4
12515,7
12515,12
12516,21
12517,7
12517,10
12517,17
12517,18
12518,2
12519,6
12519,7
12519,13
12520,1
12520,2
12520,12
12521,2
12521,7
12521,13
12521,14
12522,2
12522,10
12522,17
12522,18
12523,7
12523,13
12523,14
12524,2
12524,28
12525,12
12525,18
12525,28
12526,7
12526,10
12526,18
12526,23
12526,26
12526,28
12527,2
12527,21
12528,7
12528,10
12528,17
12528,18
12528,20
12528,23
12528,29
12529,10
12529,26
12529,28
12530,6
12530,18
12531,1
12531,23
12532,7
12532,10
12532,17
12532,18
12533,2
12533,7
12534,4
12534,6
12534,7
12534,18
12535,2
12535,12
12535,20
12535,23
12536,7
12536,10
12536,17
12536,29
12537,11
12537,21
12538,2
12539,3
12539,7
12539,25
12540,5
12540,7
12541,15
12542,2
12543,6
12543,12
12543,13
12543,18
12544,7
12544,10
12544,26
12544,28
12545,13
12545,21
12545,23
12546,2
12546,20
12546,26
12547,4
12547,7
12548,2
12549,2
12549,4
12549,7
12550,10
12550,18
12551,1
12551,2
12551,17
12551,20
12552,7
12552,10
12552,17
12553,2
12554,2
12555,2
12555,7
12556,2
12556,4
12557,2
12557,4
12557,25
12558,12
12558,21
12559,14
12559,21
12560,2
12560,4
12560,7
12561,1
12561,2
12561,7
12561,12
12562,6
12562,10
12562,18
12563,2
12564,2
12564,4
12564,7
12564,25
12565,2
12566,7
12566,10
12566,17
12566,18
12567,7
12567,10
12567,17
12567,18
12568,4
12568,7
12569,7
12569,20
12569,29
12570,17
12571,10
12571,18
12571,26
12572,6
12572,7
12572,12
12572,13
12572,18
12573,10
12573,26
12573,29
12574,10
12574,12
12574,26
12575,26
12576,2
12576,7
12577,7
12577,10
12578,7
12579,7
12580,4
12580,7
12580,13
12581,2
12582,1
12582,2
12582,5
12582,28
12583,2
12584,7
12584,12
12584,18
12584,20
12585,1
12585,2
12585,12
12585,18
12585,20
12585,28
12586,7
12587,10
12587,17
12587,18
12588,1
12588,23
12589,1
12589,7
12589,12
12590,11
12590,21
12591,10
12591,26
12591,29
12592,7
12592,14
12593,4
12593,7
12593,28
12593,29
12594,2
12594,4
12594,7
12595,1
12595,2
12595,11
12595,23
12596,7
12597,7
12598,5
12598,7
12598,14
12598,18
12599,2
12600,2
12600,7
12601,10
12601,17
12602,1
12603,7
12604,2
12604,7
12605,10
12605,26
12605,29
12606,2
12606,7
12607,7
12607,10
12608,7
12608,10
12608,14
12608,17
12609,7
12609,18
12609,26
12610,1
12610,2
12610,4
12610,17
12611,1
12611,12
12611,23
12612,4
12612,7
12613,2
12613,4
12613,7
12614,21
12615,10
12615,18
12615,20
12616,2
12616,7
12617,1
12617,23
12618,1
12618,2
12618,12
12618,18
12618,23
12618,28
12619,2
12619,7
12620,7
12621,1
12621,2
12621,7
12622,1
12623,4
12623,7
12624,1
12624,23
12625,2
12626,10
12626,17
12626,18
12627,7
12627,14
12627,17
12628,4
12628,7
12628,28
12629,2
12629,4
12629,7
12630,2
12630,12
12630,18
12631,6
12631,7
12631,10
12631,12
12631,17
12632,9
12632,27
12633,10
12633,17
12633,18
12634,10
12634,12
12634,18
12634,20
12635,2
12635,4
12635,7
12635,28
12636,7
12637,1
12637,7
12638,2
12638,18
12638,28
12639,2
12640,7
12640,10
12640,17
12641,7
12641,10
12641,26
12642,10
12642,17
12642,18
12643,10
12643,18
12643,28
12644,2
12644,4
12644,7
12645,1
12645,2
12645,12
12646,7
12647,10
12647,12
12647,18
12647,26
12648,7
12648,18
12649,15
12650,15
12651,25
12652,15
12653,15
12654,4
12654,7
12654,17
12655,2
12655,17
12656,7
12657,21
12658,6
12658,7
12658,18
12659,15
12660,15
12661,15
12662,15
12663,15
12664,15
12665,15
12666,15
12667,15
12668,15
12669,2
12669,18
12669,20
12669,23
12669,28
12670,2
12670,4
12670,23
12671,21
12672,15
12673,15
12674,21
12675,4
12675,7
12676,15
12677,11
12677,20
12678,15
12679,15
12680,2
12680,7
12680,17
12680,18
12681,2
12682,2
12683,7
12683,10
12683,17
12683,29
12684,7
12684,26
12685,15
12686,21
12687,15
12688,15
12689,15
12690,15
12691,21
12692,11
12692,23
12692,29
12693,21
12694,15
12695,15
12696,15
12697,7
12698,21
12699,15
12700,15
12701,15
12702,16
12703,21
12704,15
12705,15
12706,15
12707,15
12708,15
12709,16
12710,15
12711,7
12712,15
12713,15
12714,15
12715,15
12716,15
12717,9
12718,15
12719,15
12720,15
12721,2
12721,4
12722,7
12722,10
12723,21
12724,15
12725,2
12725,23
12726,20
12726,23
12726,28
12727,15
12728,15
12729,15
12730,15
12731,15
12732,15
12733,15
12734,15
12735,15
12736,15
12737,15
12738,15
12739,15
12740,15
12741,15
12742,15
12743,15
12744,15
12745,15
12746,15
12747,15
12748,15
12749,15
12750,15
12751,15
12752,15
12753,15
12754,15
12755,7
12755,13
12756,9
12756,21
12757,15
12758,5
12758,21
12759,15
12760,21
12761,12
12761,23
12762,15
12763,7
12763,17
12764,1
12764,2
12764,23
12765,15
12766,15
12767,15
12768,15
12769,21
12770,15
12771,7
12771,17
12771,18
12772,2
12773,9
12773,19
12773,21
12774,15
12775,15
12776,15
12777,2
12778,15
12779,15
12780,15
12781,15
12782,15
12783,13
12783,21
12784,15
12785,4
12785,7
12786,15
12787,2
12787,28
12788,21
12789,15
12790,15
12791,15
12792,21
12793,4
12793,7
12793,29
12794,2
12795,15
12796,2
12797,21
12798,17
12798,18
12798,23
12799,11
12799,21
12800,2
12801,2
12802,21
12803,15
12804,15
12805,15
12806,15
12807,15
12808,12
12808,18
12808,23
12809,7
12809,10
12810,15
12811,15
12812,15
12813,15
12814,2
12815,15
12816,15
12817,15
12818,15
12819,10
12819,29
12820,15
12821,15
12822,15
12823,1
12823,2
12823,7
12823,25
12824,21
12825,5
12825,21
12826,15
12827,15
12828,10
12828,18
12829,15
12830,2
12831,15
12832,15
12833,15
12834,15
12835,15
12836,15
12837,9
12838,2
12838,12
12838,18
12839,15
12840,1
12840,12
12841,7
12842,7
12843,11
12843,25
12844,7
12845,15
12846,2
12847,19
12847,21
12848,15
12849,23
12850,21
12851,7
12852,2
12853,15
12854,1
12854,2
12854,11
12855,2
12856,17
12856,18
12857,2
12857,21
12858,11
12858,21
12859,4
12859,7
12860,15
12861,23
12862,21
12863,15
12864,7
12865,2
12865,21
12866,15
12867,15
12868,15
12869,15
12870,7
12871,2
12871,4
12871,7
12871,17
12871,20
12871,28
12872,15
12873,23
12874,23
12875,23
12876,23
12877,1
12877,2
12877,18
12877,23
12878,23
12879,23
12880,15
12881,23
12882,23
12883,23
12884,15
12885,23
12886,23
12887,2
12888,11
12888,21
12889,15
12890,17
12890,21
12891,15
12892,2
12893,15
12894,2
12895,2
12896,15
12897,15
12898,15
12899,15
12900,7
12901,15
12902,7
12903,15
12904,2
12904,7
12905,17
12906,7
12907,15
12908,23
12909,25
12910,7
12910,14
12911,21
12912,15
12913,15
12914,2
12915,2
12915,4
12915,23
12916,9
12916,12
12916,13
12916,21
12917,15
12918,15
12919,15
12920,15
12921,15
12922,15
12923,1
12923,11
12924,15
12925,7
12926,2
12926,10
12926,18
12927,2
12927,4
12928,15
12929,15
12930,12
12931,15
12932,15
12933,23
12933,29
12934,2
12934,7
12934,12
12935,11
12936,2
12937,7
12937,10
12937,23
12937,29
12938,15
12939,21
12940,15
12941,2
12941,4
12941,29
12942,2
12942,10
12943,21
12944,11
12944,17
12944,18
12945,18
12946,2
12946,4
12947,11
12947,25
12948,7
12949,1
12949,23
12949,25
12950,1
12950,23
12950,25
12951,15
12952,15
12953,15
12954,15
12955,15
12956,13
12956,21
12957,15
12958,7
12959,2
12959,11
12959,20
12960,15
12961,2
12961,4
12962,21
12963,15
12964,15
12965,15
12966,1
12967,15
12968,15
12969,15
12970,15
12971,15
12972,13
12972,14
12972,21
12973,15
12974,15
12975,15
12976,19
12976,27
12977,15
12978,15
12979,15
12980,15
12981,15
12982,7
12982,12
12982,18
12982,20
12982,23
12983,15
12984,15
12985,15
12986,15
12987,15
12988,15
12989,15
12990,15
12991,15
12992,15
12993,15
12994,15
12995,15
12996,15
12997,15
12998,15
12999,15
13000,15
13001,15
13002,15
13003,15
13004,2
13005,2
13006,6
13006,12
13006,18
13006,20
13006,28
13007,15
13008,15
13009,15
13010,15
13011,15
13012,15
13013,15
13014,15
13015,7
13016,15
13017,15
13018,2
13019,6
13019,7
13019,10
13019,18
13020,1
13020,2
13020,28
13021,7
13021,10
13021,17
13022,7
13022,11
13023,2
13024,7
13024,11
13025,15
13026,2
13027,23
13028,9
13028,12
13029,15
13030,15
13031,23
13032,15
13033,15
13034,15
13035,15
13036,16
13037,15
13038,2
13038,26
13039,15
13040,15
13041,15
13042,15
13043,15
13044,9
13045,15
13046,15
13047,15
13048,15
13049,15
13050,7
13051,15
13052,15
13053,29
13054,15
13055,15
13056,15
13057,15
13058,15
13059,15
13060,7
13061,15
13062,15
13063,15
13064,15
13065,15
13066,4
13066,7
13066,10
13067,15
13068,7
13069,2
13070,2
13070,4
13070,5
13070,23
13071,15
13072,21
13073,2
13074,1
13074,23
13074,25
13075,1
13075,2
13076,15
13077,15
13078,15
13079,15
13080,15
13081,2
13082,7
13083,7
13083,11
13084,7
13085,12
13085,18
13085,23
13086,7
13086,9
13087,15
13088,7
13088,11
13088,17
13088,23
13089,15
13090,15
13091,15
13092,15
13093,7
13094,2
13094,11
13095,15
13096,15
13097,17
13097,21
13098,15
13099,1
13099,3
13099,23
13100,2
13100,17
13101,2
13101,4
13101,11
13102,2
13102,7
13103,7
13104,4
13104,7
13105,7
13106,2
13106,4
13107,15
13108,2
13108,11
13109,4
13110,15
13111,21
13112,15
13113,15
13114,15
13115,15
13116,15
13117,15
13118,15
13119,7
13119,11
13120,15
13121,15
13122,2
13123,15
13124,1
13124,2
13124,23
13124,28
13125,2
13125,7
13125,12
13126,18
13126,23
13126,28
13127,11
13127,17
13128,15
13129,15
13130,11
13130,17
13131,15
13132,15
13133,5
13133,7
13134,4
13134,7
13135,2
13136,15
13137,7
13137,12
13137,13
13137,14
13138,10
13138,17
13138,29
13139,7
13139,12
13139,13
13139,14
13140,15
13141,7
13142,7
13143,12
13143,18
13143,20
13143,26
13144,15
13145,7
13146,15
13147,2
13147,23
13147,28
13148,15
13149,15
13150,15
13151,15
13152,15
13153,15
13154,15
13155,15
13156,7
13157,13
13158,21
13159,21
13160,23
13161,2
13161,21
13162,2
13162,21
13163,15
13164,15
13165,15
13166,15
13167,18
13167,20
13167,23
13168,18
13168,20
13168,23
13169,15
13170,2
13171,15
13172,15
13173,2
13173,21
13174,15
13175,15
13176,2
13176,4
13177,15
13178,2
13178,7
13179,15
13180,15
13181,15
13182,15
13183,15
13184,15
13185,9
13186,17
13187,15
13188,1
13188,23
13189,15
13190,15
13191,15
13192,15
13193,15
13194,15
13195,15
13196,15
13197,10
13197,12
13197,18
13197,23
13198,15
13199,15
13200,15
13201,15
13202,15
13203,15
13204,15
13205,2
13205,28
13206,15
13207,15
13208,2
13208,4
13208,23
13209,20
13210,15
13211,1
13211,2
13211,12
13211,23
13212,15
13213,15
13214,15
13215,2
13216,15
13217,10
13217,26
13217,29
13218,15
13219,11
13219,14
13219,21
13220,15
13221,15
13222,15
13223,4
13224,7
13225,5
13225,7
13225,23
13226,7
13226,29
13227,7
13228,15
13229,15
13230,7
13231,15
13232,15
13233,15
13234,15
13235,21
13236,1
13236,23
13237,2
13238,1
13238,2
13238,11
13238,12
13238,18
13238,23
13239,20
13239,21
13240,15
13241,15
13242,15
13243,15
13244,20
13244,26
13245,15
13246,15
13247,15
13248,15
13249,15
13250,1
13250,2
13250,4
13250,7
13250,12
13250,23
13250,28
13251,2
13251,12
13251,28
13252,1
13252,2
13253,2
13253,4
13254,10
13254,18
13254,20
13255,7
13256,2
13256,4
13257,10
13257,17
13257,18
13258,10
13258,26
13259,1
13259,2
13259,28
13260,2
13260,4
13261,10
13261,12
13261,18
13261,20
13261,26
13262,2
13262,5
13262,7
13263,7
13263,10
13263,12
13263,20
13264,7
13264,10
13264,17
13264,18
13265,10
13265,17
13265,18
13266,7
13267,1
13267,2
13268,1
13269,1
13270,7
13270,17
13271,2
13271,7
13272,10
13273,2
13274,2
13274,18
13275,7
13276,1
13277,1
13277,2
13278,7
13279,7
13279,12
13279,28
13280,7
13281,7
13281,10
13281,17
13282,2
13283,1
13283,7
13283,28
13284,1
13284,11
13284,12
13284,23
13285,1
13285,2
13285,12
13285,18
13285,23
13286,4
13286,7
13287,2
13287,4
13287,7
13288,7
13288,17
13288,18
13289,2
13289,4
13290,6
13290,7
13290,13
13290,14
13290,18
13291,7
13292,1
13292,12
13293,21
13294,1
13294,7
13294,28
13295,5
13295,7
13295,14
13296,1
13296,2
13296,12
13296,23
13297,2
13298,10
13298,12
13298,18
13299,7
13300,1
13300,2
13300,12
13300,18
13300,20
13300,28
13301,7
13301,10
13302,4
13302,6
13302,7
13302,18
13303,10
13303,12
13303,18
13303,26
13304,7
13304,10
13304,17
13304,29
13305,1
13305,5
13305,7
13305,18
13306,1
13306,5
13306,18
13307,10
13307,12
13307,18
13307,26
13308,7
13308,17
13308,18
13309,10
13309,18
13310,12
13310,18
13310,20
13311,26
13312,7
13312,10
13312,17
13312,18
13313,26
13313,29
13314,26
13314,29
13315,14
13315,21
13316,10
13316,18
13316,29
13317,10
13317,18
13318,2
13318,7
13319,10
13319,17
13319,18
13320,7
13320,10
13320,17
13320,29
13321,12
13321,18
13321,20
13322,12
13322,18
13322,28
13323,12
13323,18
13323,20
13324,2
13324,17
13325,2
13325,4
13326,7
13326,17
13326,29
13327,2
13328,7
13328,10
13328,17
13329,2
13329,3
13329,4
13329,7
13330,2
13330,4
13331,1
13331,2
13331,13
13332,7
13332,17
13333,10
13333,26
13333,29
13334,7
13334,10
13334,20
13335,2
13336,7
13336,10
13336,26
13336,29
13337,10
13337,12
13337,18
13337,20
13337,28
13338,5
13338,7
13338,18
13339,2
13340,2
13340,4
13340,7
13341,10
13341,18
13342,7
13343,7
13343,10
13343,29
13344,7
13344,10
13344,18
13345,10
13345,18
13346,2
13346,7
13347,7
13347,10
13347,17
13347,18
13347,29
13348,7
13348,10
13348,17
13349,2
13349,3
13349,12
13349,25
13350,12
13350,18
13350,28
13351,2
13351,4
13351,7
13352,1
13352,2
13352,28
13353,10
13353,26
13353,29
13354,2
13354,4
13354,7
13355,2
13355,4
13355,17
13355,18
13356,4
13356,7
13356,26
13356,28
13357,2
13357,12
13357,18
13357,20
13358,7
13358,14
13359,1
13359,2
13359,12
13359,23
13360,2
13360,17
13361,12
13361,18
13362,2
13363,1
13363,7
13363,12
13363,28
13364,7
13364,10
13364,17
13364,18
13365,1
13365,23
13366,1
13367,2
13367,4
13367,7
13368,1
13368,4
13368,7
13369,2
13369,4
13369,12
13370,7
13371,1
13371,12
13371,18
13371,23
13371,29
13372,1
13372,12
13372,28
13373,2
13374,10
13374,29
13375,10
13375,18
13375,26
13375,28
13376,12
13376,18
13376,23
13377,2
13377,17
13378,7
13378,18
13379,10
13379,17
13379,18
13379,20
13380,10
13380,26
13381,12
13381,18
13381,20
13381,26
13381,28
13382,10
13382,17
13382,18
13383,2
13383,12
13383,18
13383,20
13383,29
13384,10
13384,26
13385,1
13385,12
13385,18
13385,20
13385,28
13386,2
13386,17
13386,18
13387,7
13387,12
13387,13
13388,10
13388,17
13389,10
13389,17
13390,14
13390,21
13391,2
13391,4
13391,7
13392,7
13392,10
13393,7
13393,13
13394,4
13394,7
13395,10
13395,12
13395,18
13396,7
13396,17
13397,10
13397,17
13397,18
13398,7
13398,13
13399,1
13400,7
13400,10
13400,17
13401,7
13402,7
13402,10
13402,20
13402,26
13403,10
13403,17
13403,18
13404,5
13404,14
13404,21
13405,2
13405,4
13405,7
13406,10
13406,12
13406,18
13406,20
13407,2
13408,10
13408,17
13408,18
13409,2
13409,4
13410,10
13411,1
13411,2
13411,5
13411,7
13411,12
13411,18
13411,20
13412,10
13412,12
13412,18
13412,20
13413,5
13413,7
13413,18
13414,10
13414,12
13414,18
13414,26
13414,28
13415,1
13415,2
13415,28
13416,2
13416,4
13416,7
13417,4
13417,7
13417,10
13418,2
13418,4
13419,10
13419,18
13419,20
13420,7
13420,12
13420,18
13421,2
13421,10
13421,17
13421,18
13422,1
13422,2
13422,28
13423,2
13423,4
13423,18
13424,2
13424,12
13424,17
13424,20
13424,23
13424,26
13424,28
13424,29
13425,7
13426,2
13426,7
13427,1
13427,2
13428,7
13428,10
13428,17
13429,2
13429,4
13429,7
13429,28
13430,4
13430,7
13430,17
13430,29
13431,7
13431,10
13431,17
13431,18
13432,2
13433,10
13433,18
13433,20
13434,2
13434,4
13434,7
13434,12
13434,28
13435,4
13435,7
13436,12
13436,18
13436,26
13436,28
13437,4
13437,7
13437,12
13437,18
13438,1
13438,2
13438,4
13438,28
13439,2
13440,2
13440,7
13441,4
13441,12
13441,17
13441,18
13441,20
13441,23
13442,2
13442,4
13442,17
13443,2
13443,4
13443,7
13444,17
13444,21
13445,10
13445,18
13445,20
13446,2
13446,10
13446,17
13446,18
13447,26
13447,28
13448,1
13448,4
13449,21
13450,2
13450,7
13451,7
13451,10
13451,17
13451,26
13451,29
13452,7
13452,10
13452,17
13452,18
13453,2
13454,7
13454,10
13454,17
13454,29
13455,4
13455,7
13455,13
13455,14
13456,2
13456,7
13456,10
13456,20
13456,23
13457,6
13457,7
13457,10
13457,18
13458,7
13458,10
13458,17
13458,18
13459,7
13459,10
13459,13
13459,17
13460,18
13461,1
13461,3
13461,4
13461,7
13462,4
13462,7
13462,14
13462,17
13463,1
13463,28
13464,2
13464,4
13465,2
13465,4
13465,7
13466,4
13466,7
13467,1
13467,2
13467,7
13468,2
13469,7
13469,23
13470,2
13471,6
13471,7
13471,13
13472,4
13472,7
13472,14
13473,4
13473,7
13474,2
13474,17
13475,2
13475,4
13475,18
13475,23
13475,28
13476,7
13476,10
13476,17
13476,18
13477,2
13477,7
13478,10
13478,12
13478,26
13478,28
13479,7
13479,10
13479,14
13479,17
13479,18
13480,4
13480,7
13480,25
13481,2
13482,1
13482,2
13482,23
13482,26
13483,4
13483,7
13484,10
13484,18
13484,20
13485,1
13485,12
13485,28
13486,1
13486,2
13486,3
13486,7
13486,12
13486,23
13486,28
13487,1
13487,2
13487,7
13487,12
13487,17
13487,23
13487,26
13487,28
13487,29
13488,7
13488,10
13488,17
13489,4
13489,7
13490,10
13490,12
13490,18
13490,26
13490,28
13490,29
13491,2
13491,20
13492,4
13492,7
13493,1
13493,2
13493,12
13493,28
13494,7
13494,10
13494,20
13495,2
13496,7
13496,10
13496,26
13496,28
13497,1
13497,2
13498,2
13498,12
13498,18
13498,28
13499,7
13499,14
13499,17
13500,2
13500,4
13501,1
13501,2
13501,12
13501,23
13502,2
13502,18
13503,1
13503,2
13503,20
13503,23
13503,25
13504,7
13505,2
13505,7
13506,10
13506,17
13506,18
13507,5
13507,7
13507,14
13508,4
13508,7
13508,28
13509,3
13509,4
13509,7
13509,25
13510,7
13510,13
13510,14
13510,28
13511,2
13511,12
13511,17
13512,2
13512,17
13512,18
13513,2
13513,5
13514,17
13514,18
13514,28
13515,12
13515,18
13515,20
13515,26
13516,1
13516,2
13516,28
13517,1
13517,2
13517,12
13517,23
13517,28
13518,18
13518,26
13518,28
13519,1
13519,2
13519,5
13519,7
13520,1
13520,23
13521,7
13521,10
13521,18
13521,20
13522,2
13522,4
13523,1
13523,2
13523,28
13524,2
13524,11
13525,2
13525,3
13525,23
13525,28
13526,7
13526,10
13526,14
13527,2
13527,4
13527,7
13528,2
13529,12
13529,18
13529,20
13530,2
13530,26
13530,28
13531,10
13531,18
13532,10
13532,17
13532,18
13533,12
13533,18
13533,20
13534,2
13534,17
13534,29
13535,2
13535,10
13535,26
13535,28
13536,6
13536,12
13536,18
13536,26
13536,28
13537,12
13537,18
13537,20
13538,2
13538,12
13538,18
13538,20
13539,2
13539,17
13539,18
13540,10
13540,17
13540,18
13541,10
13541,17
13541,18
13542,2
13542,4
13543,6
13543,13
13543,21
13544,1
13544,2
13544,3
13544,12
13544,23
13544,28
13545,10
13545,17
13545,18
13546,10
13546,17
13546,18
13547,2
13548,7
13548,10
13548,12
13548,18
13548,20
13549,10
13549,17
13549,18
13550,7
13550,10
13550,17
13550,18
13551,7
13551,13
13551,14
13552,2
13553,7
13553,10
13553,17
13553,29
13554,7
13554,17
13555,7
13555,25
13556,7
13556,10
13556,17
13556,28
13556,29
13557,7
13557,10
13557,18
13558,2
13558,10
13558,20
13558,26
13559,26
13560,2
13560,10
13560,12
13560,18
13560,20
13560,26
13561,7
13561,17
13561,18
13562,10
13562,17
13562,18
13563,1
13563,12
13563,18
13563,20
13563,23
13564,7
13564,10
13564,17
13564,18
13565,2
13565,4
13565,7
13565,14
13565,25
13566,7
13567,7
13568,7
13568,14
13569,7
13569,10
13569,12
13569,17
13569,18
13569,20
13569,26
13569,28
13570,2
13570,18
13571,13
13571,21
13571,24
13572,12
13572,18
13573,10
13573,17
13574,7
13574,10
13574,26
13574,29
13575,7
13576,4
13576,7
13577,2
13578,7
13578,10
13579,7
13580,2
13581,2
13582,7
13582,17
13583,4
13583,7
13584,7
13584,10
13584,20
13584,26
13584,28
13585,10
13585,18
13585,26
13585,29
13586,15
13587,2
13587,18
13588,2
13589,5
13589,7
13589,14
13590,4
13590,7
13591,7
13592,2
13592,4
13592,7
13593,7
13593,14
13594,2
13594,17
13595,10
13595,18
13596,2
13596,10
13596,17
13597,10
13597,12
13597,18
13597,20
13597,29
13598,2
13598,25
13598,28
13599,7
13599,10
13599,17
13600,4
13600,21
13601,7
13602,2
13602,20
13602,25
13603,2
13603,4
13603,7
13604,7
13605,7
13605,10
13605,29
13606,10
13606,18
13606,28
13607,2
13607,7
13608,7
13608,14
13609,2
13609,10
13609,17
13609,18
13610,4
13610,7
13611,7
13611,10
13612,8
13612,18
13612,26
13612,28
13613,10
13613,12
13613,26
13613,29
13614,2
13614,4
13614,7
13614,25
13615,7
13616,2
13616,4
13616,7
13616,29
13617,7
13617,10
13617,12
13617,18
13617,26
13618,26
13619,4
13619,7
13619,25
13620,7
13621,2
13621,21
13622,7
13623,4
13623,7
13624,7
13624,17
13625,7
13625,10
13625,17
13625,29
13626,7
13626,18
13627,2
13628,2
13628,12
13628,18
13628,28
13628,29
13629,7
13630,2
13630,4
13630,7
13631,1
13631,2
13632,2
13632,4
13632,5
13633,7
13633,18
13634,2
13634,4
13634,7
13635,7
13636,4
13636,7
13636,10
13637,2
13637,7
13638,7
13639,7
13639,10
13639,17
13640,2
13640,4
13640,7
13640,18
13641,7
13641,13
13641,17
13641,18
13642,10
13642,17
13642,18
13643,4
13643,7
13643,17
13644,10
13644,18
13645,2
13646,7
13646,10
13646,26
13646,29
13647,2
13647,4
13647,7
13647,17
13647,29
13648,2
13648,7
13648,17
13649,2
13649,4
13649,7
13650,2
13650,4
13650,7
13651,7
13651,10
13651,12
13651,18
13651,20
13652,10
13652,26
13653,4
13653,7
13654,2
13654,7
13655,4
13655,7
13655,17
13656,2
13656,4
13656,7
13656,25
13657,6
13657,21
13658,2
13658,4
13658,18
13659,2
13659,4
13660,21
13661,7
13661,26
13662,4
13662,7
13663,1
13663,2
13663,7
13663,10
13663,12
13663,18
13663,20
13663,23
13664,7
13664,17
13665,12
13665,23
13666,2
13666,10
13666,17
13666,18
13666,29
13667,2
13667,4
13667,20
13668,2
13668,7
13669,2
13669,3
13669,4
13669,7
13670,4
13670,7
13671,6
13671,7
13671,14
13672,2
13672,12
13672,28
13673,4
13673,6
13673,7
13673,14
13673,18
13674,7
13674,14
13675,2
13675,4
13675,18
13675,29
13676,2
13676,12
13676,18
13677,1
13677,2
13677,7
13678,2
13678,3
13678,4
13679,21
13680,7
13680,10
13681,12
13681,18
13681,20
13681,23
13682,2
13682,25
13683,1
13683,28
13684,12
13684,18
13684,20
13684,26
13685,7
13685,17
13686,7
13687,7
13687,10
13687,17
13688,4
13688,7
13689,2
13690,7
13690,25
13691,7
13692,7
13692,10
13692,17
13693,4
13693,6
13693,7
13694,1
13694,2
13694,12
13694,18
13694,23
13695,1
13695,7
13695,11
13696,2
13696,4
13696,7
13697,7
13698,10
13698,17
13698,18
13699,4
13699,6
13699,7
13700,2
13700,4
13700,7
13700,25
13701,10
13701,18
13701,20
13701,26
13701,29
13702,7
13702,14
13703,5
13703,21
13704,4
13704,7
13705,2
13705,4
13705,7
13706,12
13706,18
13706,20
13707,10
13707,17
13707,18
13708,7
13708,10
13708,17
13708,18
13709,6
13709,7
13709,13
13710,1
13710,23
13711,2
13711,7
13711,17
13712,12
13712,18
13712,20
13713,7
13713,25
13714,7
13714,10
13714,17
13715,7
13715,26
13716,14
13716,21
13716,25
13717,10
13717,18
13717,20
13718,2
13719,7
13719,10
13719,17
13719,18
13720,2
13720,7
13721,5
13721,7
13721,14
13722,10
13722,17
13722,18
13723,7
13723,28
13724,7
13725,4
13725,7
13725,13
13725,14
13726,2
13726,7
13726,12
13727,2
13727,17
13728,7
13728,10
13728,12
13728,29
13729,26
13729,29
13730,2
13731,7
13732,10
13732,17
13732,18
13732,20
13732,23
13732,29
13733,2
13734,2
13734,4
13734,7
13735,7
13735,25
13736,2
13736,7
13736,28
13737,7
13737,10
13737,20
13737,26
13737,28
13737,29
13738,7
13738,10
13738,12
13738,26
13739,23
13740,26
13740,29
13741,4
13741,7
13741,28
13742,10
13742,17
13742,18
13743,7
13743,10
13743,17
13743,18
13744,1
13744,23
13745,7
13746,2
13746,12
13746,18
13746,23
13746,28
13747,10
13747,17
13747,18
13747,26
13747,29
13748,7
13749,25
13750,2
13750,4
13750,7
13751,7
13751,17
13751,29
13752,14
13752,21
13752,25
13753,4
13753,7
13753,20
13753,28
13754,1
13754,2
13755,7
13756,10
13756,18
13757,4
13758,7
13758,13
13758,18
13759,2
13759,4
13759,7
13760,4
13760,7
13761,7
13761,14
13762,1
13762,3
13762,12
13762,28
13763,10
13763,18
13764,2
13764,5
13764,17
13765,7
13765,8
13765,17
13765,18
13766,2
13766,26
13766,28
13767,6
13767,13
13767,14
13767,21
13768,2
13769,2
13769,4
13769,17
13770,2
13770,4
13770,7
13771,2
13771,4
13771,7
13772,2
13772,7
13772,18
13773,7
13773,18
13774,7
13774,12
13774,13
13774,14
13775,4
13775,7
13775,18
13775,23
13775,26
13775,28
13775,29
13776,2
13776,7
13776,25
13777,4
13777,7
13778,7
13778,10
13778,18
13779,7
13779,10
13779,17
13780,1
13780,12
13780,23
13781,2
13782,2
13782,21
13783,2
13784,7
13784,10
13784,17
13784,18
13784,29
13785,2
13785,12
13785,18
13786,7
13786,14
13787,7
13787,10
13787,17
13788,10
13788,17
13789,7
13789,18
13790,2
13791,2
13791,8
13791,12
13791,18
13792,1
13792,2
13792,12
13792,17
13792,18
13793,2
13793,18
13794,2
13794,4
13794,7
13795,4
13795,7
13796,26
13797,1
13797,3
13797,7
13797,12
13797,13
13797,14
13797,23
13798,7
13798,14
13799,7
13799,10
13799,18
13800,10
13800,18
13801,4
13801,7
13801,10
13801,17
13802,1
13802,2
13802,7
13802,12
13802,18
13802,20
13802,23
13803,2
13803,4
13803,7
13804,2
13804,4
13805,2
13806,4
13806,7
13807,2
13807,4
13807,7
13808,4
13808,7
13808,10
13809,7
13810,5
13810,14
13810,21
13811,7
13812,7
13812,10
13812,14
13812,17
13813,2
13813,4
13813,7
13814,1
13814,2
13814,12
13814,18
13814,23
13814,28
13815,7
13815,14
13815,18
13816,2
13816,12
13816,18
13817,9
13818,13
13818,18
13818,26
13819,7
13819,10
13819,17
13819,29
13820,4
13820,7
13820,12
13820,18
13821,7
13821,8
13821,10
13822,7
13822,18
13823,7
13824,7
13824,17
13824,29
13825,1
13825,2
13825,12
13825,23
13826,1
13826,11
13826,21
13826,25
13827,10
13827,17
13827,18
13828,2
13828,7
13828,10
13828,17
13828,28
13828,29
13829,10
13829,18
13830,7
13831,7
13831,10
13832,1
13832,2
13833,2
13833,21
13834,2
13834,7
13835,7
13836,10
13836,18
13836,20
13836,23
13837,7
13837,18
13837,20
13837,26
13838,2
13838,11
13839,2
13839,17
13840,2
13840,17
13841,18
13841,20
13841,23
13842,2
13842,10
13842,17
13843,7
13843,25
13844,7
13844,18
13845,2
13845,4
13845,5
13845,7
13846,18
13846,23
13846,28
13847,1
13847,12
13847,18
13847,23
13847,28
13848,2
13848,21
13849,1
13849,23
13850,4
13850,7
13850,10
13850,28
13851,2
13851,12
13851,20
13852,12
13852,18
13852,20
13852,29
13853,1
13853,12
13853,18
13853,23
13853,28
13854,2
13854,20
13855,1
13855,2
13855,12
13855,18
13855,20
13855,23
13856,7
13857,10
13857,18
13857,20
13858,2
13858,7
13859,2
13859,10
13859,12
13859,17
13859,18
13860,2
13860,7
13861,7
13861,10
13862,2
13863,10
13863,12
13863,17
13863,18
13864,7
13865,11
13865,23
13866,12
13866,18
13866,20
13866,23
13866,28
13867,11
13867,23
13868,7
13868,17
13868,18
13869,5
13869,18
13869,21
13870,7
13870,17
13870,29
13871,11
13871,28
13872,10
13872,17
13872,18
13873,6
13873,13
13873,21
13874,2
13874,10
13874,17
13875,10
13875,12
13875,17
13875,18
13876,1
13876,2
13876,12
13876,18
13876,20
13876,23
13876,28
13877,23
13878,18
13878,20
13878,28
13879,7
13879,10
13880,4
13880,7
13881,4
13881,7
13882,4
13882,7
13882,28
13883,1
13883,4
13883,23
13883,28
13884,7
13885,7
13886,2
13886,4
13886,7
13887,7
13887,10
13887,26
13887,28
13887,29
13888,7
13888,10
13888,17
13888,29
13889,3
13889,4
13889,7
13889,10
13890,1
13890,3
13890,7
13890,12
13890,23
13890,28
13891,2
13891,12
13891,18
13891,23
13891,26
13891,28
13892,2
13892,21
13893,7
13893,12
13893,18
13893,20
13894,7
13894,10
13894,14
13894,17
13895,7
13895,10
13895,17
13895,18
13896,7
13897,7
13897,17
13898,2
13898,4
13898,7
13899,7
13899,10
13899,17
13899,18
13900,2
13901,10
13901,26
13901,29
13902,10
13902,26
13902,29
13903,2
13903,12
13903,13
13903,18
13903,28
13904,10
13904,20
13904,26
13905,4
13905,7
13905,10
13906,12
13906,18
13906,20
13907,1
13907,2
13908,1
13908,3
13908,23
13908,28
13909,2
13909,21
13910,2
13910,21
13911,1
13911,3
13911,4
13911,7
13911,12
13911,23
13911,28
13912,7
13912,10
13912,17
13912,18
13913,7
13913,10
13913,26
13914,1
13914,23
13915,12
13915,18
13915,20
13915,29
13916,2
13916,12
13916,18
13917,2
13917,4
13917,23
13918,7
13918,10
13919,10
13919,26
13920,1
13920,23
13921,7
13921,18
13921,20
13922,2
13922,19
13923,1
13923,2
13923,12
13923,23
13923,28
13924,7
13924,10
13924,17
13925,2
13925,10
13925,17
13925,18
13926,2
13926,7
13926,17
13926,18
13927,1
13927,2
13927,12
13927,23
13927,28
13928,2
13928,4
13928,23
13928,28
13929,7
13929,10
13930,7
13931,2
13932,2
13932,4
13932,7
13933,4
13933,7
13934,5
13934,7
13934,14
13934,18
13935,2
13935,4
13935,7
13936,1
13936,2
13936,7
13936,12
13936,17
13937,2
13937,25
13938,6
13938,7
13938,13
13938,14
13939,1
13939,2
13939,23
13939,28
13940,7
13940,10
13940,18
13940,29
13941,1
13941,12
13941,18
13941,23
13941,28
13942,10
13942,17
13942,18
13943,1
13943,2
13943,12
13943,23
13944,2
13944,4
13944,7
13945,7
13945,17
13946,12
13946,18
13946,23
13946,28
13947,10
13947,17
13947,18
13948,7
13948,18
13948,23
13948,28
13949,7
13949,10
13949,20
13950,9
13950,17
13951,2
13951,4
13952,2
13953,1
13953,2
13953,12
13953,18
13953,20
13953,23
13953,28
13954,2
13955,1
13955,2
13955,12
13955,23
13955,28
13956,2
13956,18
13956,23
13956,28
13957,7
13958,4
13958,7
13959,2
13960,12
13960,18
13960,23
13960,28
13961,2
13961,7
13961,12
13961,18
13961,20
13961,23
13961,28
13962,1
13962,2
13962,12
13962,18
13962,23
13963,1
13963,2
13963,12
13963,23
13964,2
13964,4
13965,7
13965,10
13965,18
13966,1
13966,2
13966,4
13967,12
13967,21
13968,10
13968,17
13968,18
13969,1
13969,2
13969,4
13969,12
13969,28
13970,1
13970,2
13970,3
13970,12
13970,20
13970,23
13970,28
13971,1
13971,5
13971,7
13972,2
13972,21
13973,21
13974,2
13974,7
13974,17
13974,18
13975,2
13976,2
13977,7
13977,12
13977,18
13977,23
13977,26
13977,28
13978,2
13979,7
13979,12
13979,18
13979,20
13980,7
13980,12
13980,18
13981,2
13982,12
13982,18
13982,20
13983,11
13983,20
13983,23
13984,26
13984,29
13985,2
13985,7
13985,10
13985,17
13985,18
13985,29
13986,1
13986,2
13986,12
13987,10
13987,12
13987,18
13987,28
13988,2
13988,10
13988,17
13988,18
13989,7
13989,10
13989,18
13990,1
13990,12
13990,23
13991,7
13991,10
13991,17
13991,18
13992,26
13993,7
13993,10
13993,18
13994,2
13994,17
13994,18
13995,7
13995,10
13995,26
13995,28
13995,29
13996,10
13996,17
13996,18
13997,10
13997,18
13998,7
13998,10
13998,17
13999,4
13999,7
13999,25
14000,18
14001,10
14001,18
14001,26
14002,2
14002,12
14002,18
14003,2
14003,10
14003,17
14003,18
14004,2
14004,3
14004,4
14004,7
14005,26
14005,29
14006,2
14006,12
14006,26
14007,7
14007,10
14007,12
14007,26
14008,2
14009,2
14009,12
14009,18
14010,1
14010,2
14010,12
14010,23
14010,28
14011,10
14011,26
14011,29
14012,1
14012,12
14012,18
14012,23
14012,28
14013,1
14013,2
14013,12
14013,20
14013,23
14013,28
14014,10
14014,18
14014,20
14014,26
14014,29
14015,26
14016,13
14016,14
14016,21
14016,25
14017,2
14017,4
14017,7
14018,11
14018,21
14019,2
14019,17
14020,2
14020,17
14021,15
14022,4
14022,7
14022,10
14022,17
14022,29
14023,2
14023,4
14023,7
14023,10
14023,20
14024,10
14024,17
14024,18
14024,20
14025,10
14025,13
14025,18
14026,26
14027,10
14027,26
14028,7
14028,20
14028,29
14029,7
14029,10
14029,29
14030,12
14030,18
14030,20
14030,23
14030,28
14031,7
14031,10
14031,29
14032,7
14032,17
14032,18
14033,1
14033,2
14033,4
14033,12
14033,23
14033,28
14034,7
14034,10
14034,17
14034,26
14034,29
14035,6
14035,7
14035,13
14035,14
14035,18
14036,7
14036,18
14037,7
14037,12
14037,13
14037,18
14038,7
14038,12
14038,18
14038,20
14038,23
14039,18
14039,20
14040,1
14040,2
14040,12
14040,23
14040,28
14041,2
14041,4
14041,7
14042,2
14042,7
14042,17
14043,6
14043,7
14044,6
14044,7
14044,10
14044,12
14044,13
14045,2
14045,4
14046,10
14046,18
14046,20
14047,2
14047,17
14048,7
14048,17
14049,7
14049,10
14049,29
14050,1
14050,2
14050,25
14051,7
14051,17
14052,7
14052,14
14052,25
14053,7
14053,8
14053,18
14054,2
14054,7
14055,4
14055,7
14055,13
14055,14
14056,15
14057,2
14057,12
14058,6
14058,7
14059,4
14059,7
14060,18
14061,2
14061,4
14061,7
14062,10
14062,17
14062,18
14063,4
14063,7
14063,10
14063,29
14064,7
14064,17
14065,10
14065,17
14065,18
14066,10
14066,18
14066,20
14066,23
14067,2
14067,7
14067,12
14067,18
14067,20
14067,23
14067,28
14068,3
14068,4
14068,7
14069,7
14069,13
14070,2
14070,7
14071,2
14071,7
14072,7
14072,10
14072,17
14073,10
14073,20
14074,2
14074,4
14074,7
14075,1
14075,5
14075,7
14075,14
14076,2
14077,7
14077,14
14077,25
14078,2
14078,7
14079,10
14079,18
14079,20
14080,4
14080,10
14081,7
14082,2
14083,2
14083,4
14084,2
14084,17
14084,18
14084,28
14085,2
14085,4
14085,5
14086,21
14087,10
14087,29
14088,7
14089,2
14090,2
14091,1
14091,2
14091,7
14091,23
14091,25
14092,7
14092,10
14092,18
14093,2
14094,7
14094,14
14095,10
14095,18
14095,20
14096,7
14096,10
14097,4
14097,7
14098,12
14098,18
14098,26
14098,28
14098,29
14099,7
14100,2
14100,7
14101,2
14101,4
14101,7
14102,7
14102,13
14102,14
14103,10
14103,17
14103,18
14104,18
14104,23
14104,26
14104,28
14105,1
14105,7
14106,2
14106,7
14106,18
14106,20
14106,23
14107,7
14108,6
14108,7
14108,13
14108,14
14109,1
14109,2
14109,12
14109,28
14110,7
14110,14
14110,17
14110,18
14111,10
14111,18
14111,28
14112,12
14112,18
14112,20
14113,1
14113,23
14114,2
14114,3
14114,4
14114,7
14115,2
14115,4
14115,18
14115,20
14115,23
14116,1
14116,12
14116,18
14116,23
14117,10
14117,12
14117,18
14117,26
14118,2
14118,7
14119,6
14119,7
14119,12
14119,13
14119,18
14120,10
14120,17
14120,18
14121,1
14121,12
14121,18
14121,28
14122,7
14122,17
14123,7
14123,10
14123,28
14123,29
14124,15
14125,7
14125,10
14125,18
14125,23
14125,26
14126,7
14126,10
14126,29
14127,2
14127,26
14128,1
14128,23
14129,12
14129,18
14129,20
14130,1
14130,2
14130,12
14131,7
14131,14
14132,7
14133,7
14134,4
14134,7
14135,2
14135,7
14136,2
14136,4
14137,6
14137,7
14137,14
14137,25
14138,7
14138,10
14138,26
14138,28
14138,29
14139,7
14139,10
14139,17
14139,29
14140,2
14141,4
14141,7
14141,25
14142,2
14142,17
14143,4
14143,7
14143,29
14144,12
14144,18
14145,4
14145,7
14145,10
14145,29
14146,2
14146,7
14146,10
14146,12
14146,18
14146,23
14147,7
14147,17
14148,1
14148,2
14148,12
14148,23
14148,28
14149,17
14150,2
14151,7
14151,17
14152,2
14152,4
14152,7
14153,7
14153,10
14153,29
14154,1
14154,2
14154,3
14154,12
14154,23
14155,26
14155,29
14156,12
14156,18
14156,23
14156,28
14157,1
14157,2
14157,7
14158,2
14158,5
14159,25
14160,2
14161,2
14161,7
14161,18
14161,23
14161,26
14161,28
14162,4
14162,7
14162,28
14163,7
14163,10
14164,2
14164,7
14164,8
14164,18
14165,26
14166,2
14166,7
14167,4
14167,7
14167,25
14167,29
14168,2
14168,5
14169,2
14170,2
14170,4
14171,2
14171,7
14171,14
14172,2
14172,7
14172,25
14173,2
14173,7
14174,1
14174,2
14174,12
14174,23
14174,28
14175,2
14175,7
14176,2
14176,4
14176,7
14177,2
14177,7
14178,1
14178,2
14178,3
14178,7
14178,23
14178,28
14179,1
14179,2
14179,5
14180,2
14180,7
14180,10
14180,17
14181,6
14181,7
14181,12
14181,13
14181,18
14182,2
14182,4
14182,7
14182,26
14182,28
14183,1
14183,2
14183,4
14183,7
14184,2
14184,4
14184,7
14185,2
14185,12
14185,17
14185,18
14186,2
14186,6
14187,10
14187,17
14187,18
14187,29
14188,2
14188,12
14188,17
14188,25
14189,2
14189,12
14189,23
14190,2
14190,4
14190,7
14191,2
14191,4
14191,28
14192,1
14192,2
14192,6
14192,28
14193,2
14193,26
14194,1
14194,2
14194,18
14194,23
14195,2
14195,4
14195,7
14196,2
14196,17
14197,1
14197,2
14197,23
14198,2
14198,7
14198,17
14199,2
14199,9
14199,21
14200,7
14200,14
14201,2
14202,2
14202,12
14203,12
14203,18
14203,20
14204,4
14204,7
14204,14
14205,18
14205,20
14205,23
14206,10
14206,26
14206,29
14207,18
14207,20
14207,23
14207,28
14208,7
14208,10
14208,18
14208,20
14209,2
14209,26
14210,1
14210,2
14210,12
14210,18
14210,20
14211,18
14211,23
14211,28
14212,1
14212,2
14212,12
14212,23
14212,28
14213,10
14213,17
14213,26
14213,29
14214,13
14214,21
14215,1
14215,2
14215,3
14215,12
14215,23
14215,28
14216,12
14216,18
14216,23
14216,28
14217,18
14217,20
14218,1
14218,2
14218,3
14218,12
14218,23
14219,26
14219,29
14220,10
14220,17
14220,18
14221,2
14221,17
14221,18
14222,6
14222,13
14222,21
14223,2
14223,17
14223,18
14224,18
14224,20
14224,26
14225,7
14225,10
14226,10
14226,20
14226,26
14226,29
14227,18
14227,20
14227,23
14228,2
14228,4
14228,5
14228,7
14228,28
14229,7
14229,12
14229,18
14230,7
14230,12
14230,14
14231,7
14231,10
14231,17
14232,1
14232,8
14232,12
14232,23
14233,4
14233,7
14234,2
14234,7
14235,10
14235,26
14236,7
14236,10
14236,17
14236,29
14237,2
14237,7
14237,17
14238,1
14238,2
14238,4
14238,12
14239,10
14239,18
14239,28
14240,7
14240,10
14240,17
14241,1
14241,23
14242,10
14242,18
14243,2
14243,7
14244,7
14244,10
14244,12
14244,18
14245,2
14245,4
14246,11
14246,12
14246,23
14247,2
14247,12
14247,18
14248,10
14248,18
14248,20
14248,26
14249,2
14249,4
14249,7
14250,2
14250,17
14250,28
14250,29
14251,10
14251,17
14251,29
14252,18
14252,20
14253,10
14253,18
14254,1
14254,2
14254,3
14254,7
14254,12
14254,23
14255,26
14256,1
14256,2
14256,5
14256,7
14256,12
14257,4
14257,7
14258,10
14258,18
14259,2
14259,4
14260,10
14260,12
14260,18
14260,20
14261,7
14261,10
14261,12
14261,26
14262,1
14262,23
14263,10
14263,26
14263,29
14264,7
14264,10
14264,17
14264,29
14265,2
14265,5
14266,7
14266,10
14266,17
14267,1
14267,2
14267,3
14267,4
14267,23
14267,28
14268,6
14268,7
14269,2
14269,4
14269,28
14270,1
14270,2
14270,12
14270,23
14271,10
14271,12
14271,17
14271,18
14272,2
14272,12
14272,29
14273,2
14273,25
14274,2
14274,4
14275,12
14275,18
14275,20
14276,7
14276,10
14276,17
14276,18
14277,2
14277,4
14277,7
14278,7
14278,14
14279,2
14279,7
14280,10
14280,18
14281,4
14281,7
14281,13
14281,14
14282,7
14282,14
14283,7
14283,10
14283,17
14283,29
14284,1
14284,2
14284,3
14284,12
14284,17
14284,29
14285,2
14285,4
14286,7
14286,14
14287,10
14287,17
14287,18
14288,1
14288,2
14288,7
14288,12
14288,28
14289,18
14289,20
14290,18
14290,20
14291,18
14291,20
14292,7
14292,10
14292,17
14292,29
14293,2
14293,4
14293,25
14294,1
14294,3
14294,12
14294,28
14295,2
14296,1
14296,23
14297,7
14297,10
14297,17
14298,7
14298,18
14299,7
14299,10
14299,17
14299,29
14300,1
14300,2
14300,12
14300,28
14301,23
14302,10
14302,20
14303,2
14303,4
14303,7
14304,2
14304,7
14305,7
14305,26
14306,2
14306,4
14307,2
14307,18
14308,10
14308,12
14308,18
14308,20
14308,28
14309,2
14309,18
14310,7
14310,13
14310,14
14311,1
14311,5
14311,7
14311,18
14312,2
14313,17
14314,4
14314,7
14315,2
14315,7
14316,1
14316,2
14316,12
14316,28
14317,1
14317,2
14317,4
14317,12
14317,23
14318,3
14318,7
14318,17
14319,2
14319,7
14319,12
14319,17
14320,2
14320,7
14321,10
14321,12
14321,18
14321,20
14322,2
14322,4
14323,21
14324,10
14324,17
14324,18
14325,2
14325,4
14325,28
14326,2
14326,4
14326,7
14326,14
14326,17
14327,2
14327,4
14327,7
14328,2
14328,4
14329,5
14329,7
14329,13
14329,14
14330,7
14330,10
14330,17
14330,26
14330,29
14331,4
14331,7
14331,18
14331,28
14332,10
14332,12
14332,18
14332,20
14333,1
14333,12
14333,28
14334,2
14335,2
14335,4
14336,4
14336,7
14337,2
14337,10
14337,17
14337,18
14338,7
14338,10
14338,18
14339,1
14339,2
14339,23
14339,25
14339,28
14340,2
14340,21
14341,2
14341,4
14341,7
14342,12
14342,18
14342,29
14343,1
14343,2
14343,23
14343,28
14344,7
14344,14
14345,2
14345,18
14346,7
14346,10
14346,13
14347,2
14347,7
14348,7
14348,14
14348,25
14349,2
14349,4
14349,7
14350,7
14350,10
14350,17
14350,29
14351,7
14352,2
14352,7
14352,11
14352,17
14353,6
14353,7
14353,13
14353,18
14354,7
14354,13
14354,14
14355,7
14355,10
14355,20
14356,2
14356,12
14356,25
14357,7
14357,14
14357,17
14358,2
14358,17
14358,18
14359,7
14359,17
14359,18
14360,4
14360,7
14361,2
14361,4
14361,14
14362,2
14363,3
14363,4
14364,2
14364,4
14365,4
14365,7
14365,17
14366,12
14366,18
14366,28
14367,1
14367,2
14367,7
14367,28
14368,7
14368,12
14368,18
14368,28
14369,7
14370,11
14370,20
14370,21
14371,2
14372,2
14372,4
14373,1
14373,2
14373,4
14373,7
14373,18
14374,17
14374,21
14375,2
14375,7
14376,6
14376,7
14377,2
14377,7
14377,12
14377,18
14377,23
14377,28
14378,7
14378,10
14378,17
14379,2
14379,12
14379,18
14379,23
14379,28
14380,2
14380,4
14381,18
14381,20
14381,26
14382,26
14383,4
14383,7
14384,1
14384,2
14384,3
14384,12
14384,23
14384,28
14385,1
14385,2
14385,12
14385,20
14385,23
14386,2
14386,4
14386,17
14387,1
14388,4
14388,7
14388,20
14389,10
14389,18
14389,20
14390,2
14391,7
14392,10
14392,12
14392,18
14392,26
14392,28
14393,2
14393,17
14393,18
14394,2
14394,17
14395,6
14395,7
14395,10
14395,14
14395,18
14396,7
14396,10
14396,20
14396,26
14397,7
14397,10
14397,14
14398,2
14398,7
14398,13
14398,14
14399,2
14399,4
14400,1
14400,23
14401,7
14401,10
14401,17
14402,7
14402,17
14403,2
14403,4
14404,18
14404,20
14404,26
14405,11
14405,21
14406,1
14406,2
14406,3
14406,12
14407,7
14407,10
14407,17
14407,18
14408,7
14408,17
14409,1
14410,7
14410,26
14410,28
14411,7
14411,18
14412,1
14412,7
14412,28
14413,1
14413,2
14413,17
14413,23
14414,2
14414,7
14414,12
14415,2
14416,7
14416,10
14417,6
14417,7
14417,13
14417,14
14418,1
14418,12
14418,23
14419,7
14419,17
14420,7
14420,8
14421,7
14421,29
14422,4
14422,7
14422,10
14422,29
14423,2
14423,4
14423,7
14424,10
14424,17
14424,18
14425,7
14425,10
14425,18
14425,20
14425,29
14426,2
14426,4
14427,4
14427,7
14428,2
14429,1
14429,23
14430,10
14430,17
14430,29
14431,7
14431,10
14432,7
14432,14
14432,17
14433,10
14433,29
14434,6
14434,7
14434,13
14434,18
14435,12
14435,18
14435,28
14436,1
14436,7
14436,8
14436,12
14436,23
14437,1
14437,23
14438,1
14438,2
14438,28
14439,12
14439,18
14439,28
14440,1
14440,2
14440,23
14441,1
14441,2
14441,23
14442,2
14442,7
14442,17
14443,7
14443,13
14444,1
14444,7
14444,10
14444,23
14444,28
14445,10
14445,17
14445,18
14446,7
14446,12
14446,29
14447,7
14448,2
14448,5
14448,18
14449,2
14449,12
14449,18
14449,23
14450,5
14450,7
14451,4
14451,7
14452,2
14452,10
14452,17
14452,18
14453,1
14453,2
14453,12
14453,18
14453,20
14453,23
14454,10
14454,17
14454,18
14455,21
14456,2
14457,7
14457,10
14457,26
14457,28
14458,4
14458,7
14459,7
14459,17
14460,6
14460,7
14460,10
14460,18
14461,1
14461,2
14461,4
14461,7
14461,25
14462,2
14462,4
14462,7
14463,1
14463,23
14463,28
14464,4
14464,7
14464,28
14465,2
14465,4
14466,7
14466,12
14467,1
14467,3
14467,4
14467,7
14467,23
14467,28
14468,7
14468,10
14468,12
14469,2
14469,7
14469,10
14469,17
14469,18
14469,23
14469,26
14469,28
14469,29
14470,2
14470,4
14470,7
14471,2
14471,7
14472,7
14472,10
14472,17
14473,2
14473,7
14473,12
14474,2
14474,4
14474,7
14475,7
14475,10
14475,17
14475,18
14476,2
14477,5
14477,7
14477,14
14478,10
14478,17
14478,29
14479,7
14479,10
14479,17
14479,18
14480,7
14480,17
14480,29
14481,12
14481,18
14482,2
14482,4
14483,2
14483,4
14484,2
14484,4
14485,4
14485,7
14486,12
14486,18
14486,28
14487,2
14487,4
14487,7
14488,7
14488,20
14489,1
14489,2
14489,4
14489,28
14490,7
14490,10
14491,7
14491,17
14491,20
14492,2
14492,21
14493,7
14493,13
14493,14
14494,2
14494,17
14494,18
14495,4
14495,12
14495,18
14496,1
14496,2
14496,12
14496,23
14496,28
14497,1
14498,2
14499,2
14499,4
14499,25
14500,7
14500,17
14500,29
14501,1
14501,2
14501,10
14501,12
14501,18
14501,28
14502,7
14502,18
14502,20
14502,29
14503,4
14503,7
14504,2
14504,19
14504,23
14505,1
14505,12
14505,18
14505,28
14506,2
14506,4
14506,7
14507,2
14508,1
14508,2
14508,4
14509,1
14509,2
14509,8
14509,23
14510,1
14510,23
14511,1
14511,2
14511,12
14512,1
14512,2
14512,12
14512,17
14512,18
14512,23
14512,29
14513,2
14514,28
14515,7
14515,10
14515,12
14515,18
14515,20
14516,2
14516,4
14516,7
14517,12
14517,18
14517,20
14518,1
14518,12
14518,23
14518,28
14519,2
14519,5
14519,7
14520,1
14520,7
14521,7
14521,10
14521,14
14521,17
14522,1
14522,2
14522,3
14522,7
14523,10
14523,18
14523,29
14524,2
14524,17
14525,2
14525,4
14525,7
14526,2
14526,18
14526,20
14526,28
14527,2
14527,4
14527,7
14528,2
14529,2
14529,4
14530,2
14531,10
14531,17
14531,18
14532,12
14532,18
14532,20
14533,2
14533,18
14533,21
14534,18
14534,20
14535,4
14535,10
14535,12
14535,13
14535,18
14535,28
14536,6
14536,7
14536,10
14536,13
14537,1
14537,2
14537,18
14538,10
14538,12
14538,18
14538,26
14538,28
14539,10
14539,18
14539,26
14540,6
14540,12
14540,18
14541,2
14541,7
14541,12
14541,18
14541,23
14541,28
14542,1
14542,12
14542,23
14543,1
14543,2
14543,12
14543,20
14543,26
14543,28
14543,29
14544,2
14545,2
14546,2
14546,18
14546,21
14547,2
14547,18
14547,21
14548,2
14549,10
14549,12
14549,18
14550,4
14550,7
14550,25
14551,2
14551,26
14551,28
14552,10
14552,12
14552,18
14552,20
14552,26
14552,28
14552,29
14553,2
14553,18
14553,20
14553,28
14554,2
14555,7
14555,10
14555,20
14555,26
14556,2
14556,21
14557,4
14557,7
14558,1
14558,2
14558,12
14558,23
14558,28
14559,2
14559,7
14560,7
14560,10
14560,17
14560,18
14561,7
14561,12
14561,13
14561,18
14561,28
14562,2
14562,4
14562,7
14563,2
14563,18
14563,20
14564,10
14564,26
14564,28
14564,29
14565,10
14565,18
14566,10
14566,12
14566,18
14566,20
14567,4
14567,7
14568,7
14568,10
14568,20
14568,29
14569,7
14569,10
14569,18
14570,4
14570,7
14570,10
14570,12
14571,2
14571,18
14572,2
14572,4
14573,7
14573,18
14573,20
14573,29
14574,4
14574,10
14574,20
14574,28
14574,29
14575,7
14575,10
14575,26
14575,28
14575,29
14576,10
14576,17
14576,18
14577,2
14578,1
14578,4
14578,12
14578,28
14579,12
14579,18
14579,20
14580,10
14580,17
14581,1
14581,2
14581,12
14581,23
14581,28
14582,7
14582,10
14582,18
14583,7
14583,10
14584,2
14584,7
14585,6
14585,7
14586,10
14586,12
14586,18
14586,20
14587,4
14587,7
14588,26
14588,29
14589,2
14590,1
14590,2
14590,12
14590,20
14590,23
14591,1
14591,2
14591,8
14591,12
14591,23
14592,7
14592,10
14592,20
14592,29
14593,10
14593,12
14593,18
14593,20
14594,1
14594,2
14595,10
14595,18
14595,20
14595,29
14596,2
14596,4
14596,7
14597,10
14597,26
14597,29
14598,1
14598,2
14598,12
14598,23
14598,28
14598,29
14599,7
14600,10
14600,26
14600,29
14601,2
14602,4
14602,7
14602,14
14603,2
14604,2
14605,10
14605,12
14605,18
14605,20
14606,10
14606,17
14606,18
14607,7
14607,10
14607,12
14607,20
14607,26
14607,29
14608,2
14608,4
14609,2
14609,4
14609,25
14610,1
14610,2
14610,28
14611,3
14611,4
14611,7
14612,10
14612,17
14612,18
14612,20
14612,29
14613,2
14613,7
14613,17
14614,1
14614,2
14614,18
14614,20
14614,23
14615,1
14615,2
14615,12
14615,23
14616,2
14616,4
14617,1
14617,2
14617,5
14618,4
14618,7
14618,14
14618,25
14619,7
14619,13
14619,14
14620,3
14620,4
14620,6
14620,7
14620,13
14621,2
14621,4
14621,7
14622,7
14623,21
14623,25
14624,2
14624,4
14625,10
14625,12
14625,18
14625,20
14626,21
14626,25
14627,10
14627,12
14627,18
14628,1
14628,2
14628,7
14628,28
14629,2
14629,4
14630,7
14630,10
14630,26
14630,28
14630,29
14631,10
14631,17
14631,18
14632,7
14632,10
14632,17
14632,29
14633,2
14634,10
14634,29
14635,7
14635,12
14635,14
14636,12
14636,18
14636,20
14637,2
14638,6
14638,7
14638,12
14638,13
14638,18
14639,7
14639,12
14639,13
14639,18
14640,2
14640,4
14641,26
14641,28
14641,29
14642,2
14642,4
14642,7
14643,12
14643,18
14643,28
14644,2
14644,4
14644,7
14644,28
14645,6
14645,7
14645,12
14645,13
14645,18
14646,7
14646,14
14647,2
14648,7
14648,10
14648,26
14648,29
14649,2
14649,4
14649,7
14649,28
14650,2
14650,5
14651,18
14651,20
14652,1
14652,2
14652,12
14652,23
14652,28
14653,1
14653,7
14653,28
14653,29
14654,7
14655,1
14655,2
14655,12
14655,23
14655,28
14656,12
14656,18
14656,20
14657,7
14657,10
14657,20
14657,28
14658,7
14658,10
14658,17
14658,29
14659,7
14659,8
14660,2
14660,4
14660,7
14661,2
14661,5
14662,2
14662,4
14662,7
14663,15
14664,10
14664,12
14664,18
14664,29
14665,2
14666,10
14666,12
14666,18
14666,20
14667,7
14667,12
14667,18
14668,5
14668,7
14668,18
14668,20
14669,2
14669,3
14669,7
14669,25
14670,10
14670,12
14670,18
14671,2
14672,6
14672,7
14672,10
14672,18
14673,2
14673,28
14674,7
14674,10
14674,17
14675,2
14675,10
14675,18
14675,29
14676,5
14676,7
14676,14
14677,7
14677,10
14677,17
14677,29
14678,7
14678,17
14679,2
14680,10
14680,26
14680,29
14681,1
14681,2
14681,12
14681,18
14681,23
14682,12
14682,18
14682,20
14683,2
14683,4
14683,7
14683,25
14684,2
14684,7
14684,12
14685,2
14685,4
14685,7
14686,4
14686,7
14687,2
14687,23
14688,12
14688,18
14688,20
14688,28
14689,1
14689,2
14689,12
14689,28
14690,7
14690,10
14691,2
14691,4
14691,7
14692,10
14692,20
14692,26
14693,7
14693,10
14693,17
14694,10
14694,18
14694,29
14695,2
14695,4
14695,7
14696,1
14696,2
14696,12
14696,18
14696,20
14696,23
14696,28
14697,7
14697,17
14698,4
14698,7
14698,14
14698,18
14699,7
14699,10
14699,17
14699,29
14700,1
14700,2
14700,20
14701,7
14701,14
14701,17
14701,25
14702,4
14702,7
14702,10
14702,18
14702,20
14703,4
14703,7
14703,13
14703,14
14704,2
14704,4
14705,18
14705,26
14706,12
14706,18
14706,20
14707,5
14707,7
14707,13
14707,14
14708,2
14708,4
14708,7
14709,1
14709,12
14709,18
14709,23
14709,28
14710,1
14710,2
14710,17
14710,23
14710,28
14711,10
14711,12
14711,18
14711,20
14712,7
14712,10
14713,7
14713,10
14713,13
14714,1
14714,7
14714,10
14714,12
14714,18
14714,28
14715,7
14715,14
14715,25
14716,8
14717,8
14717,10
14717,18
14717,20
14718,5
14718,7
14718,14
14719,7
14719,10
14719,17
14720,2
14720,4
14721,4
14721,7
14721,28
14722,10
14722,12
14722,18
14722,28
14723,1
14723,2
14723,12
14723,20
14723,23
14723,28
14724,7
14724,14
14724,17
14725,26
14726,10
14726,18
14726,20
14726,26
14727,2
14727,18
14727,21
14728,2
14728,7
14728,17
14728,29
14729,2
14729,4
14729,7
14729,12
14729,28
14730,2
14730,4
14731,7
14731,10
14731,17
14731,29
14732,1
14732,4
14732,7
14732,14
14733,7
14733,10
14733,17
14733,18
14733,29
14734,7
14735,2
14736,2
14736,7
14737,2
14738,1
14738,2
14738,7
14738,12
14738,23
14739,10
14739,12
14739,18
14740,1
14740,2
14740,12
14741,1
14741,2
14741,12
14741,23
14742,2
14742,12
14742,20
14743,7
14743,10
14743,28
14744,10
14744,12
14744,18
14744,20
14745,1
14745,2
14745,12
14745,18
14745,23
14745,28
14745,29
14746,7
14746,10
14746,17
14746,18
14746,29
14747,10
14747,18
14747,29
14748,10
14748,18
14748,29
14749,1
14749,23
14749,28
14750,1
14750,2
14750,12
14750,18
14750,23
14750,28
14751,10
14751,18
14751,29
14752,6
14752,7
14752,12
14753,7
14753,10
14753,26
14753,29
14754,2
14754,4
14754,7
14755,1
14755,12
14755,28
14756,2
14757,2
14758,2
14758,5
14759,2
14759,4
14759,7
14760,7
14760,10
14761,2
14761,4
14761,7
14762,4
14762,6
14762,7
14762,29
14763,2
14763,28
14764,7
14764,10
14764,17
14764,29
14765,1
14765,14
14765,21
14766,4
14766,7
14767,1
14767,2
14767,20
14767,23
14767,25
14767,26
14768,1
14768,2
14768,4
14768,12
14768,23
14768,28
14769,7
14770,2
14771,1
14771,3
14771,4
14771,7
14771,12
14771,23
14771,28
14771,29
14772,1
14772,2
14772,4
14772,12
14772,23
14772,28
14773,2
14773,4
14773,7
14774,2
14774,18
14774,21
14775,7
14775,10
14775,12
14775,18
14775,20
14776,2
14776,5
14777,2
14777,4
14778,1
14778,2
14778,7
14779,7
14779,12
14779,18
14779,28
14780,4
14780,7
14781,7
14781,10
14781,17
14782,1
14782,2
14782,3
14782,4
14782,12
14782,23
14782,28
14783,2
14783,7
14784,4
14784,12
14784,28
14785,4
14785,7
14786,2
14786,4
14787,2
14788,7
14788,10
14788,26
14789,10
14789,20
14789,29
14790,7
14790,25
14791,2
14791,4
14792,10
14792,12
14792,17
14792,18
14793,2
14793,4
14794,7
14794,10
14794,17
14794,18
14794,29
14795,7
14795,17
14796,10
14796,12
14796,18
14797,2
14797,8
14797,12
14797,20
14798,2
14799,26
14799,29
14800,1
14800,2
14800,12
14800,23
14800,28
14801,10
14801,17
14801,18
14802,1
14802,2
14802,12
14802,23
14803,10
14803,26
14803,29
14804,4
14804,7
14804,25
14805,2
14805,18
14805,21
14806,1
14806,2
14806,12
14806,28
14807,10
14807,12
14807,18
14808,26
14808,29
14809,7
14809,17
14810,26
14810,29
14811,10
14811,17
14811,18
14812,2
14812,12
14812,20
14813,1
14813,2
14813,12
14813,18
14813,23
14813,28
14814,1
14814,2
14814,12
14814,23
14815,12
14815,18
14815,20
14816,12
14816,18
14816,20
14817,10
14817,12
14817,20
14818,7
14818,10
14818,17
14818,18
14819,1
14819,2
14819,3
14819,12
14819,23
14819,28
14820,10
14820,26
14821,10
14821,26
14821,29
14822,2
14822,4
14823,10
14823,20
14823,29
14824,10
14824,26
14824,29
14825,10
14825,20
14825,28
14825,29
14826,1
14826,2
14826,3
14826,28
14827,2
14828,2
14829,26
14830,2
14830,4
14830,7
14831,1
14831,2
14831,28
14832,10
14832,12
14832,18
14833,2
14834,7
14835,5
14835,7
14836,2
14837,2
14837,17
14837,18
14838,5
14838,7
14838,18
14839,1
14839,12
14839,23
14839,28
14840,6
14840,7
14840,10
14840,13
14841,10
14841,18
14841,26
14842,1
14842,2
14842,4
14842,7
14842,25
14843,4
14843,6
14843,7
14843,12
14843,13
14843,18
14844,10
14844,17
14844,29
14845,7
14845,13
14846,17
14846,18
14847,1
14847,3
14847,28
14848,4
14848,7
14848,13
14848,14
14849,2
14849,4
14850,4
14850,10
14850,18
14851,4
14851,7
14851,10
14851,18
14851,28
14852,7
14852,10
14852,18
14852,20
14853,6
14853,7
14853,13
14853,18
14854,1
14854,2
14854,12
14854,23
14854,28
14855,7
14855,10
14855,29
14856,2
14856,6
14857,7
14857,10
14857,29
14858,1
14858,12
14859,7
14860,2
14860,4
14860,25
14861,4
14861,7
14861,25
14862,4
14862,7
14862,25
14863,1
14863,2
14863,5
14863,23
14864,21
14865,2
14865,12
14865,18
14865,23
14865,29
14866,4
14866,7
14866,17
14866,25
14867,2
14867,17
14868,2
14868,4
14869,7
14870,2
14870,4
14870,7
14871,1
14871,2
14871,12
14871,23
14871,28
14872,2
14873,7
14873,10
14873,17
14873,29
14874,10
14874,26
14874,29
14875,7
14875,10
14875,26
14875,28
14875,29
14876,7
14877,4
14877,7
14877,12
14877,13
14877,14
14877,18
14878,2
14879,10
14879,17
14879,29
14880,7
14880,17
14880,29
14881,10
14881,26
14882,1
14882,20
14882,23
14883,1
14883,2
14883,7
14884,10
14884,17
14884,18
14884,26
14885,7
14885,10
14885,12
14885,18
14885,26
14886,10
14886,17
14886,18
14887,10
14887,26
14887,29
14888,2
14888,10
14888,17
14888,18
14889,1
14889,2
14890,5
14890,7
14891,1
14891,2
14891,11
14891,12
14891,18
14891,20
14891,23
14891,28
14892,2
14892,4
14892,28
14893,7
14893,10
14893,26
14893,29
14894,7
14894,10
14894,17
14894,18
14895,6
14895,7
14895,13
14895,18
14896,7
14896,10
14896,17
14896,18
14897,7
14897,10
14897,28
14897,29
14898,7
14898,10
14898,17
14899,10
14899,17
14899,29
14900,4
14900,7
14901,6
14901,7
14902,7
14902,10
14902,20
14902,26
14902,29
14903,1
14903,3
14904,1
14904,4
14904,12
14904,28
14905,10
14905,18
14905,26
14906,1
14906,2
14906,11
14906,23
14907,10
14907,26
14907,29
14908,2
14908,4
14909,1
14909,2
14909,12
14909,28
14910,1
14910,2
14910,5
14910,12
14910,18
14910,23
14911,1
14911,2
14911,23
14912,6
14912,7
14912,10
14912,18
14913,10
14913,12
14913,17
14913,18
14913,20
14914,12
14914,18
14914,28
14915,1
14915,2
14915,12
14915,23
14915,28
14916,2
14917,7
14917,26
14917,28
14917,29
14918,26
14918,29
14919,1
14919,2
14919,17
14920,1
14920,2
14921,2
14922,21
14923,2
14923,21
14924,2
14925,10
14925,18
14926,2
14927,2
14927,10
14927,17
14927,18
14928,2
14929,5
14929,21
14930,6
14930,21
14931,2
14932,7
14932,10
14932,17
14933,2
14933,4
14933,7
14933,18
14933,20
14933,26
14934,2
14934,12
14934,18
14934,23
14934,28
14935,2
14935,7
14935,12
14935,18
14935,23
14935,28
14936,2
14936,18
14936,28
14937,10
14937,20
14937,26
14938,2
14939,7
14940,1
14940,2
14940,12
14940,18
14940,20
14941,7
14942,7
14942,12
14943,2
14943,4
14943,7
14944,1
14944,2
14944,7
14944,21
14945,18
14945,20
14946,7
14946,10
14946,23
14946,28
14946,29
14947,1
14947,2
14948,1
14948,14
14948,21
14948,24
14949,23
14950,2
14950,4
14950,6
14950,7
14951,1
14951,2
14951,12
14951,18
14951,20
14951,23
14951,28
14952,12
14952,18
14952,20
14953,1
14953,12
14953,18
14953,20
14953,28
14954,2
14954,12
14954,18
14954,20
14954,23
14955,4
14955,7
14956,2
14957,1
14957,2
14957,28
14958,1
14959,2
14959,7
14960,7
14960,12
14960,28
14961,7
14961,13
14961,14
14961,21
14962,2
14962,12
14962,18
14962,23
14962,28
14963,1
14963,12
14963,23
14963,28
14964,10
14964,12
14964,17
14964,18
14964,29
14965,7
14965,17
14965,18
14966,1
14966,23
14967,7
14967,10
14967,17
14967,29
14968,1
14968,2
14969,18
14969,26
14969,28
14970,2
14970,4
14971,1
14971,2
14971,23
14972,7
14972,10
14972,17
14972,18
14973,1
14973,2
14973,3
14973,12
14973,23
14973,28
14974,2
14974,17
14975,2
14975,4
14976,7
14976,10
14976,18
14976,20
14977,2
14977,12
14977,20
14977,26
14977,28
14978,6
14978,7
14978,14
14978,18
14979,4
14979,7
14979,10
14979,29
14980,10
14980,26
14980,29
14981,7
14981,17
14981,20
14981,29
14982,2
14982,4
14982,23
14983,1
14983,2
14983,23
14984,5
14984,10
14984,18
14985,4
14985,7
14985,10
14985,29
14986,1
14986,2
14986,12
14986,23
14987,7
14987,10
14987,18
14987,20
14988,1
14988,7
14989,10
14989,17
14989,18
14990,2
14990,4
14990,10
14990,18
14991,2
14991,7
14991,18
14991,20
14991,23
14992,1
14992,2
14992,12
14992,18
14992,20
14993,1
14993,2
14993,7
14993,12
14993,18
14993,20
14993,23
14993,28
14994,1
14994,5
14994,7
14994,18
14995,2
14996,7
14996,10
14996,17
14997,23
14998,1
14998,12
14998,23
14999,1
14999,2
14999,5
14999,12
14999,20
14999,23
15000,2
15000,4
15000,7
15000,12
15001,1
15001,2
15001,12
15001,17
15001,23
15002,2
15002,10
15002,12
15002,18
15003,7
15003,18
15003,20
15003,29
15004,7
15005,2
15005,7
15006,2
15006,7
15006,17
15007,2
15008,2
15008,7
15008,14
15008,17
15009,2
15009,7
15009,10
15009,17
15010,10
15010,29
15011,7
15011,21
15011,25
15012,2
15012,4
15013,7
15013,10
15013,23
15013,29
15014,2
15014,4
15014,7
15015,2
15015,4
15016,7
15016,10
15016,13
15017,10
15017,26
15017,29
15018,1
15018,2
15018,4
15019,7
15019,13
15019,14
15019,18
15020,14
15020,21
15020,25
15021,10
15021,18
15022,4
15022,7
15023,6
15023,7
15023,10
15024,6
15024,7
15024,13
15024,14
15025,11
15025,14
15025,21
15026,1
15026,2
15026,11
15026,12
15026,23
15026,25
15027,1
15027,2
15027,12
15027,28
15028,1
15028,12
15028,23
15029,7
15029,14
15030,7
15030,10
15030,26
15031,12
15031,20
15031,23
15032,2
15032,7
15032,17
15033,2
15033,18
15033,20
15034,2
15034,4
15035,2
15036,7
15036,18
15036,28
15037,7
15037,10
15037,12
15037,18
15038,1
15038,2
15038,23
15038,28
15038,29
15039,12
15039,18
15039,28
15040,4
15040,7
15040,10
15041,1
15041,2
15041,11
15041,12
15041,18
15041,20
15041,23
15041,28
15042,2
15043,2
15044,2
15044,4
15044,21
15045,2
15045,21
15046,5
15046,21
15047,2
15047,4
15047,7
15047,28
15048,2
15048,21
15049,1
15049,2
15049,12
15050,2
15050,4
15050,7
15051,2
15051,17
15051,18
15052,2
15052,7
15052,12
15052,18
15052,20
15052,23
15053,5
15053,7
15053,14
15053,17
15054,2
15054,18
15054,20
15054,23
15055,7
15055,10
15055,26
15055,29
15056,7
15056,14
15057,18
15057,23
15058,2
15058,5
15058,7
15059,18
15059,23
15060,1
15060,2
15060,7
15060,12
15060,18
15060,20
15060,23
15061,2
15061,4
15061,28
15062,2
15062,9
15062,12
15062,19
15063,3
15063,7
15063,25
15064,4
15064,7
15065,7
15065,13
15065,14
15066,5
15066,6
15066,7
15066,17
15067,10
15067,12
15067,18
15067,20
15068,18
15068,23
15069,2
15070,2
15070,4
15071,2
15071,26
15071,28
15072,10
15072,18
15072,20
15073,2
15074,2
15075,2
15075,21
15076,2
15076,4
15076,7
15076,28
15077,1
15077,12
15077,23
15078,1
15078,2
15078,12
15078,23
15078,28
15079,7
15080,4
15080,6
15080,7
15080,8
15081,2
15081,4
15081,7
15081,20
15081,28
15082,7
15082,10
15082,17
15082,18
15083,2
15083,4
15084,5
15084,7
15084,14
15085,2
15085,4
15085,7
15086,1
15086,2
15086,3
15086,4
15086,12
15086,23
15086,25
15087,2
15087,4
15087,7
15088,7
15089,1
15089,7
15089,12
15090,2
15090,4
15091,10
15091,17
15091,18
15092,2
15092,4
15092,7
15093,7
15093,10
15093,14
15094,7
15094,17
15095,1
15095,2
15095,12
15095,23
15095,28
15096,2
15096,5
15097,1
15097,2
15097,7
15097,12
15097,18
15097,20
15097,23
15098,1
15098,2
15098,3
15098,7
15098,12
15098,20
15098,23
15098,28
15099,6
15099,7
15099,18
15100,4
15100,7
15100,28
15101,7
15101,10
15101,17
15102,7
15102,10
15102,18
15102,23
15102,28
15103,2
15103,4
15104,2
15105,10
15105,18
15106,7
15107,4
15107,7
15107,14
15108,7
15108,13
15109,2
15109,17
15110,21
15111,7
15112,10
15112,12
15112,18
15113,2
15113,21
15114,1
15114,2
15114,4
15114,12
15114,28
15115,7
15115,10
15115,18
15115,20
15115,29
15116,7
15116,10
15116,17
15117,10
15117,26
15117,29
15118,7
15118,10
15118,17
15118,18
15119,1
15119,2
15119,3
15119,11
15119,23
15120,7
15120,12
15120,18
15120,28
15121,12
15121,18
15121,20
15121,28
15122,7
15122,14
15122,17
15123,11
15123,25
15124,2
15125,7
15125,10
15125,17
15125,29
15126,2
15126,21
15127,7
15127,10
15127,13
15127,14
15127,17
15127,18
15128,4
15128,7
15128,8
15128,12
15128,18
15129,7
15130,7
15130,10
15130,17
15130,18
15131,1
15131,2
15131,18
15132,4
15132,7
15133,4
15133,7
15133,18
15134,2
15134,4
15134,7
15135,4
15135,7
15136,7
15136,10
15136,17
15137,2
15137,7
15137,10
15137,17
15137,29
15138,1
15138,2
15138,5
15138,7
15138,12
15138,20
15138,23
15138,28
15139,7
15139,10
15139,17
15140,13
15140,21
15140,23
15141,2
15141,7
15142,6
15142,7
15142,28
15143,2
15144,1
15144,2
15144,12
15144,18
15144,20
15144,23
15144,28
15145,2
15145,17
15145,18
15146,10
15146,18
15146,20
15146,26
15146,28
15147,1
15147,2
15147,7
15147,12
15147,28
15148,2
15148,4
15149,17
15149,18
15149,20
15150,1
15150,2
15150,7
15150,18
15150,23
15151,1
15151,2
15151,12
15151,23
15151,28
15152,9
15152,27
15153,1
15153,2
15153,11
15153,18
15153,23
15154,1
15154,23
15155,1
15156,2
15157,6
15157,7
15157,10
15157,13
15157,18
15158,7
15158,18
15159,1
15159,2
15159,5
15159,18
15159,20
15159,23
15160,4
15160,7
15160,14
15161,1
15161,2
15161,11
15161,12
15161,23
15161,28
15162,4
15162,6
15162,7
15163,1
15163,2
15163,12
15163,28
15163,29
15164,7
15165,2
15165,4
15165,7
15166,7
15166,10
15166,17
15166,29
15167,7
15167,10
15167,17
15167,18
15168,1
15168,2
15168,5
15168,12
15168,20
15168,23
15169,7
15169,10
15169,26
15170,1
15170,8
15170,12
15170,18
15170,23
15171,1
15171,2
15171,3
15171,12
15171,23
15171,28
15172,4
15172,7
15172,10
15172,26
15172,28
15172,29
15173,7
15173,10
15173,17
15173,23
15173,28
15173,29
15174,2
15174,7
15175,7
15175,10
15175,17
15175,18
15175,20
15175,28
15176,7
15176,10
15176,17
15177,4
15177,7
15178,2
15178,7
15178,10
15179,1
15180,1
15180,2
15180,3
15180,7
15180,12
15180,23
15180,28
15181,1
15181,2
15182,10
15182,18
15182,29
15183,2
15183,8
15184,10
15184,18
15185,4
15185,7
15185,25
15186,2
15186,4
15186,7
15187,17
15187,26
15188,2
15188,4
15189,7
15189,10
15189,14
15189,17
15189,26
15190,7
15190,10
15190,20
15190,29
15191,2
15191,4
15192,18
15192,26
15192,28
15192,29
15193,2
15193,4
15193,7
15193,28
15194,7
15194,10
15194,17
15194,18
15195,2
15195,4
15196,12
15196,18
15196,23
15196,28
15197,10
15197,26
15197,29
15198,1
15198,23
15199,10
15199,29
15200,1
15200,2
15200,10
15200,12
15200,18
15200,23
15200,28
15201,5
15201,7
15201,12
15201,23
15202,6
15202,7
15202,14
15203,7
15203,28
15204,2
15204,17
15205,10
15205,12
15205,18
15205,20
15205,29
15206,7
15206,10
15206,18
15207,10
15207,17
15207,18
15207,20
15208,18
15208,23
15208,28
15209,4
15209,7
15209,10
15209,17
15209,18
15210,12
15210,18
15210,23
15210,28
15211,7
15211,26
15212,2
15212,4
15213,4
15213,7
15213,10
15213,12
15213,18
15213,28
15214,7
15214,10
15214,17
15214,18
15215,4
15215,7
15215,12
15215,28
15216,4
15216,7
15216,28
15217,2
15217,7
15217,12
15218,2
15219,2
15220,7
15220,14
15220,18
15221,21
15222,1
15222,2
15222,12
15222,20
15222,23
15222,28
15223,7
15223,21
15224,2
15224,4
15224,18
15224,28
15225,7
15225,14
15226,7
15226,10
15226,17
15227,12
15227,18
15227,28
15228,10
15228,17
15228,18
15229,2
15229,7
15229,17
15230,2
15230,17
15231,2
15232,7
15232,12
15232,13
15233,7
15233,14
15233,17
15234,2
15234,18
15235,10
15235,17
15235,18
15236,7
15236,10
15236,17
15236,29
15237,7
15237,10
15237,20
15238,1
15238,2
15238,26
15238,28
15239,2
15240,4
15240,7
15240,10
15240,17
15241,1
15241,23
15242,2
15242,7
15242,23
15243,2
15243,28
15244,2
15244,7
15244,23
15245,2
15246,2
15246,4
15246,18
15247,2
15247,10
15247,17
15247,18
15248,7
15248,17
15249,2
15249,4
15249,7
15250,4
15250,7
15250,12
15250,28
15251,4
15251,7
15252,2
15252,4
15253,7
15253,18
15253,20
15254,1
15254,5
15255,7
15255,26
15255,28
15255,29
15256,7
15256,10
15256,18
15256,29
15257,6
15257,7
15257,13
15258,7
15259,2
15259,4
15259,7
15260,1
15260,10
15260,26
15260,28
15260,29
15261,2
15261,5
15262,23
15263,14
15263,21
15263,24
15264,2
15264,4
15264,5
15265,1
15265,2
15265,12
15265,20
15265,23
15266,7
15266,10
15266,12
15266,18
15267,2
15267,7
15268,1
15268,2
15268,11
15268,12
15268,18
15268,20
15268,23
15269,2
15269,4
15270,5
15270,7
15270,18
15271,4
15271,7
15272,2
15272,4
15272,7
15273,2
15273,7
15273,17
15274,2
15274,10
15274,17
15274,18
15275,1
15275,2
15275,17
15275,18
15276,7
15276,14
15276,17
15277,12
15277,18
15278,4
15278,7
15278,10
15278,17
15278,18
15278,23
15278,29
15279,12
15279,18
15279,23
15279,28
15280,4
15280,7
15280,13
15280,17
15281,1
15281,2
15281,11
15281,23
15282,2
15282,4
15282,7
15283,12
15283,18
15284,7
15284,10
15285,1
15285,2
15285,23
15285,28
15286,7
15286,17
15287,6
15287,10
15287,12
15287,18
15287,28
15288,2
15289,10
15289,17
15289,18
15290,8
15291,1
15291,2
15291,18
15291,28
15292,1
15292,2
15292,12
15292,18
15292,20
15292,28
15293,2
15293,4
15294,10
15294,20
15294,29
15295,1
15295,2
15295,3
15295,12
15295,28
15296,10
15296,12
15296,17
15296,18
15297,2
15297,4
15297,7
15297,25
15298,12
15298,18
15298,23
15298,28
15299,2
15300,2
15300,4
15300,7
15301,2
15301,12
15301,17
15301,18
15302,1
15302,12
15302,23
15303,4
15303,7
15303,14
15304,1
15304,3
15304,28
15305,7
15305,13
15305,21
15305,24
15306,4
15306,7
15307,2
15307,4
15307,7
15308,4
15308,7
15308,18
15308,23
15308,28
15309,2
15309,12
15309,17
15309,18
15310,1
15310,2
15310,4
15310,12
15310,20
15310,26
15310,28
15311,2
15311,12
15311,26
15311,28
15312,2
15313,1
15313,2
15313,12
15313,23
15313,28
15314,7
15314,10
15314,29
15315,1
15316,1
15316,12
15316,28
15316,29
15317,1
15317,2
15317,4
15317,12
15317,23
15318,2
15318,4
15319,2
15319,7
15319,17
15320,1
15320,12
15320,28
15320,29
15321,1
15321,2
15321,12
15321,23
15322,4
15322,7
15322,10
15322,17
15322,29
15323,1
15323,12
15323,28
15323,29
15324,1
15324,7
15324,14
15325,2
15325,17
15325,18
15326,3
15327,1
15327,7
15327,18
15327,23
15327,26
15327,28
15328,17
15328,18
15328,26
15329,1
15329,12
15329,18
15329,20
15329,23
15329,28
15330,1
15330,2
15330,4
15330,7
15331,7
15332,1
15332,2
15332,3
15332,12
15332,23
15333,7
15333,17
15333,28
15334,6
15334,13
15334,21
15335,4
15335,7
15336,1
15336,12
15336,18
15336,28
15336,29
15337,1
15337,23
15338,1
15338,2
15338,7
15338,12
15338,23
15338,28
15339,7
15339,14
15340,1
15340,12
15340,18
15340,28
15340,29
15341,1
15341,2
15341,12
15341,18
15341,20
15341,23
15341,28
15342,1
15342,2
15342,18
15342,23
15342,28
15343,2
15343,7
15343,10
15343,18
15343,26
15343,28
15343,29
15344,2
15345,2
15345,18
15345,26
15345,28
15346,7
15346,10
15346,26
15347,1
15347,4
15347,7
15347,25
15348,1
15348,12
15348,23
15348,28
15349,10
15349,17
15349,18
15350,7
15350,10
15350,17
15351,2
15351,4
15351,7
15351,10
15351,12
15351,18
15351,20
15351,23
15351,28
15352,1
15352,23
15353,1
15353,2
15353,4
15353,12
15353,20
15353,23
15353,25
15353,28
15354,2
15355,23
15356,7
15356,10
15356,17
15356,18
15357,1
15357,23
15358,4
15358,7
15359,18
15360,1
15360,2
15360,3
15360,12
15360,28
15361,1
15361,12
15361,23
15361,28
15362,1
15362,2
15362,7
15362,18
15362,20
15362,23
15362,28
15363,1
15363,2
15363,4
15363,7
15363,12
15363,28
15364,1
15364,2
15364,18
15364,20
15364,23
15365,2
15365,4
15365,7
15366,6
15366,10
15366,12
15366,18
15367,10
15367,18
15367,29
15368,2
15368,4
15368,7
15369,1
15369,2
15369,4
15369,7
15369,12
15369,23
15369,25
15369,28
15370,2
15371,18
15371,26
15371,28
15372,2
15372,4
15372,7
15373,1
15373,2
15373,12
15373,23
15373,28
15374,1
15374,7
15374,28
15375,1
15375,2
15375,3
15375,12
15375,28
15376,1
15376,2
15376,12
15376,20
15376,23
15376,28
15377,1
15377,2
15377,8
15377,12
15377,18
15377,23
15377,28
15378,1
15378,2
15378,12
15378,23
15379,4
15379,7
15380,1
15380,2
15380,7
15381,4
15381,7
15382,1
15382,2
15382,12
15382,20
15382,23
15383,2
15383,7
15384,2
15384,18
15384,23
15385,2
15385,4
15386,1
15386,2
15386,11
15386,12
15386,18
15386,20
15386,23
15386,28
15387,2
15388,9
15388,27
15389,7
15389,12
15389,17
15389,18
15389,20
15389,29
15390,1
15390,12
15390,18
15390,23
15390,28
15390,29
15391,1
15391,2
15391,8
15391,12
15391,18
15392,1
15392,2
15392,7
15392,10
15392,20
15392,26
15392,29
15393,6
15393,7
15393,12
15393,13
15393,14
15394,2
15394,17
15395,7
15395,10
15395,17
15395,29
15396,7
15397,10
15397,18
15397,20
15397,29
15398,7
15398,10
15398,17
15398,18
15399,14
15399,21
15399,24
15400,5
15400,7
15401,2
15401,26
15402,1
15402,2
15402,25
15403,1
15403,2
15403,12
15403,20
15403,23
15404,5
15404,7
15405,7
15405,10
15405,17
15405,29
15406,4
15406,12
15406,18
15406,28
15407,7
15407,10
15407,17
15408,2
15408,4
15409,7
15409,12
15409,13
15410,7
15411,2
15411,12
15411,18
15411,23
15412,7
15412,10
15412,20
15412,29
15413,1
15413,2
15413,12
15413,23
15414,12
15414,18
15414,20
15414,26
15414,28
15415,10
15415,26
15416,5
15416,7
15417,2
15417,26
15418,10
15418,12
15418,18
15418,23
15418,28
15419,1
15419,2
15419,12
15419,18
15419,20
15420,26
15421,4
15421,7
15421,10
15421,17
15421,18
15422,1
15422,2
15423,21
15424,1
15424,7
15424,12
15425,1
15425,2
15425,12
15425,23
15426,2
15426,17
15426,18
15427,18
15428,10
15428,18
15428,20
15428,26
15428,28
15429,1
15429,12
15429,23
15429,28
15430,7
15430,12
15430,18
15430,28
15431,1
15431,2
15431,12
15431,23
15431,28
15432,5
15432,7
15433,10
15433,26
15434,7
15434,13
15434,14
15434,18
15435,2
15435,10
15435,17
15435,18
15436,2
15436,26
15437,1
15437,2
15437,12
15437,18
15437,20
15437,23
15437,28
15438,1
15438,2
15438,12
15438,18
15438,20
15439,2
15439,4
15439,7
15440,4
15440,7
15440,12
15440,28
15441,2
15441,28
15442,2
15442,4
15442,18
15442,23
15443,1
15443,2
15443,12
15443,18
15443,20
15444,5
15444,7
15444,18
15445,2
15445,12
15445,18
15445,23
15445,28
15446,26
15447,2
15447,4
15448,1
15448,5
15448,7
15449,14
15449,21
15449,25
15450,12
15450,18
15450,20
15451,2
15452,7
15452,12
15452,18
15452,20
15453,10
15454,7
15454,8
15454,17
15454,18
15455,5
15455,10
15455,12
15455,18
15455,23
15455,28
15456,21
15456,25
15457,2
15457,4
15457,7
15458,7
15458,10
15458,13
15458,17
15459,2
15460,2
15460,7
15460,14
15460,25
15461,4
15461,7
15461,10
15461,12
15461,28
15462,2
15462,10
15462,17
15462,18
15463,10
15463,17
15464,7
15464,10
15464,17
15465,10
15465,17
15465,18
15466,2
15466,4
15466,28
15467,21
15468,21
15468,25
15469,15
15470,15
15471,15
15472,15
15473,15
15474,2
15475,15
15476,15
15477,15
15478,1
15478,2
15478,23
15479,1
15479,2
15479,23
15480,1
15480,2
15480,18
15480,23
