MediaID,LanguageID
1,36
1,152
2,117
3,117
4,87
5,117
6,119
7,31
8,31
9,152
10,107
10,117
10,141
10,152
11,152
12,117
13,1
13,152
14,117
14,152
15,36
16,117
17,7
17,117
18,117
19,152
20,152
21,113
22,152
23,152
24,178
25,38
26,117
27,117
28,117
28,124
28,139
29,126
30,117
30,178
31,178
32,178
33,178
34,178
35,178
36,117
36,178
37,117
37,178
38,178
39,178
40,178
41,178
42,117
43,117
44,126
45,117
46,117
47,117
47,133
48,126
49,126
49,147
50,117
50,126
51,117
52,117
53,117
54,117
55,117
55,139
56,124
57,117
58,117
59,74
60,74
61,117
62,74
63,68
64,31
64,36
64,117
64,126
65,117
66,140
67,117
68,117
69,117
70,117
71,179
72,74
73,117
74,36
74,117
75,74
76,126
77,74
78,74
79,74
80,178
81,74
81,124
82,74
82,117
83,117
84,117
85,117
86,117
87,117
88,117
89,74
90,74
91,74
92,117
93,74
94,117
94,139
94,178
95,117
95,144
96,113
97,36
97,117
98,117
99,178
100,117
100,141
101,36
101,82
101,117
101,141
102,36
103,117
104,31
104,117
105,53
106,117
107,178
108,117
109,117
110,117
110,140
111,117
112,133
113,178
114,113
115,178
116,36
117,117
118,117
119,117
120,117
120,140
120,189
121,117
122,141
123,117
124,117
124,172
125,117
125,126
126,113
127,38
128,117
129,117
130,179
131,178
132,117
132,126
133,31
133,117
133,126
133,133
133,140
133,141
134,179
135,117
135,126
136,31
137,117
138,31
139,36
139,82
139,117
139,133
140,82
141,117
141,119
142,38
143,117
144,117
145,36
145,117
146,117
147,36
147,117
148,117
149,117
150,133
151,117
151,139
152,113
153,126
154,126
155,120
155,125
155,126
155,133
155,165
156,117
156,126
156,141
156,165
157,148
158,113
159,117
160,117
161,82
162,117
163,178
164,105
164,117
165,117
166,117
167,183
168,59
169,117
170,36
170,117
170,126
170,141
171,178
172,74
173,124
174,117
175,127
176,117
177,141
178,117
178,141
179,75
180,31
181,82
181,117
182,152
183,107
184,117
185,36
185,117
186,124
186,139
187,139
188,124
189,117
189,119
189,124
189,139
190,38
191,74
191,117
192,117
193,117
194,28
194,124
195,117
196,178
197,75
197,117
198,95
199,179
200,124
201,75
202,36
202,117
203,152
204,152
205,57
205,126
206,36
206,117
207,152
208,113
209,113
210,152
211,152
212,113
213,152
214,99
214,152
215,117
216,117
217,117
217,152
217,162
218,117
219,117
220,113
221,117
222,36
222,117
223,31
224,113
225,117
226,117
227,117
228,117
229,117
230,178
231,178
232,178
233,178
234,117
235,87
235,117
236,57
237,57
238,117
238,124
238,139
239,31
240,36
240,117
240,141
241,117
242,117
243,117
244,141
245,7
245,117
246,117
247,113
248,40
249,117
250,178
251,36
251,117
252,117
252,133
252,141
253,117
254,178
255,117
256,117
257,117
258,126
259,87
260,117
261,140
262,117
262,126
263,117
264,178
265,178
266,178
267,113
268,117
269,53
270,117
271,87
272,74
272,117
273,186
274,31
275,113
276,117
277,140
278,117
279,31
279,117
280,141
281,117
282,141
282,172
283,53
284,172
285,117
285,141
286,67
286,117
286,172
287,172
288,172
289,172
290,172
291,172
292,172
293,172
294,172
295,31
295,82
295,117
296,124
296,178
297,117
298,113
299,124
300,117
301,38
301,117
302,117
303,124
304,117
305,117
306,178
307,7
307,117
308,117
309,117
310,117
311,36
312,117
313,117
314,133
315,99
315,126
316,36
316,117
316,126
317,113
318,178
319,117
320,124
321,178
322,117
322,119
323,117
323,126
324,140
325,141
326,117
326,140
327,13
327,36
327,117
328,36
328,69
329,117
330,117
331,117
331,133
332,117
333,75
334,117
335,178
336,178
337,117
338,117
339,158
340,117
341,117
342,117
343,133
344,31
345,74
346,10
346,105
346,117
347,117
348,28
348,117
348,124
349,28
349,109
349,124
350,127
351,117
352,117
353,36
353,117
354,178
355,140
355,165
356,117
357,124
358,31
359,36
360,113
361,133
362,117
363,178
364,178
365,117
366,75
367,36
367,117
368,117
368,126
368,178
369,140
370,99
370,117
371,178
372,117
373,117
374,117
375,140
376,140
377,127
378,117
379,40
379,122
380,126
381,117
382,127
383,74
384,117
385,135
386,124
387,117
388,117
389,117
390,117
391,164
392,57
393,117
394,117
395,117
396,38
397,117
398,117
399,117
400,36
401,74
402,117
403,117
404,178
405,117
406,178
407,178
408,74
409,117
410,178
411,117
411,178
412,117
413,178
414,178
415,117
416,117
417,117
418,141
419,117
420,117
421,117
421,126
422,126
423,117
423,126
424,158
425,31
425,117
426,133
427,99
427,133
428,133
429,117
429,140
430,127
431,74
432,117
433,36
433,110
433,117
434,117
435,117
436,117
437,38
437,178
438,117
439,117
440,11
440,117
440,162
441,117
442,117
443,117
444,117
444,126
444,140
444,141
445,117
446,117
447,117
448,38
449,38
449,188
450,38
451,38
452,117
453,117
454,178
455,178
456,178
457,133
457,141
458,178
459,179
460,57
460,117
461,117
462,117
463,117
464,36
464,117
465,117
466,119
467,28
467,124
468,126
469,117
470,179
471,117
472,117
472,126
472,133
473,139
474,117
475,178
476,117
477,178
478,117
479,178
480,117
480,124
480,139
481,124
481,139
482,178
483,117
483,124
483,139
484,36
484,78
484,165
485,178
486,74
487,117
488,117
489,113
490,17
490,152
491,178
492,51
493,74
494,74
495,117
496,139
496,179
497,74
498,36
498,117
498,126
498,140
499,178
500,178
501,117
502,117
502,165
503,117
504,127
505,117
506,36
506,141
507,124
508,141
509,117
510,158
511,117
512,117
513,117
514,117
515,117
515,158
515,172
516,117
517,117
518,117
519,117
520,117
521,178
522,178
523,107
523,117
523,141
523,152
524,117
525,117
526,117
527,117
528,117
529,36
529,117
530,117
530,178
531,178
532,117
533,117
534,35
534,40
534,122
535,38
536,34
536,140
537,117
538,36
539,117
540,117
541,117
541,178
542,127
543,117
544,178
545,117
546,28
546,117
546,124
547,40
547,122
547,179
548,127
549,127
550,113
551,36
551,117
551,140
551,178
551,179
552,74
553,74
554,117
555,74
556,117
556,141
556,148
556,165
557,74
558,124
559,178
560,117
561,117
562,117
563,53
563,141
564,74
565,117
566,74
567,117
568,40
568,74
568,117
569,117
570,178
571,36
571,117
572,49
573,113
574,117
575,117
575,135
576,117
577,51
577,117
577,124
578,35
578,49
578,51
578,117
578,139
579,117
580,117
581,117
582,36
583,141
584,158
585,117
586,40
586,122
587,40
587,122
588,127
589,113
590,117
591,117
592,117
593,20
593,52
593,117
593,132
594,126
595,117
596,140
597,75
597,117
597,133
598,117
599,117
600,117
601,117
602,117
602,134
603,74
604,117
605,36
605,117
606,117
607,117
608,87
609,87
610,117
611,31
612,117
613,117
614,178
615,40
615,117
615,122
616,82
617,82
618,158
619,117
620,117
621,126
622,117
623,117
624,158
625,158
626,158
627,74
628,127
629,117
630,87
631,36
631,69
632,87
633,87
634,87
635,117
636,38
637,133
638,117
639,117
640,117
641,117
642,117
643,87
643,117
644,87
645,87
646,117
647,117
648,117
649,87
649,117
650,87
651,87
651,117
652,117
653,87
654,87
655,87
656,117
657,87
658,87
659,87
660,87
661,117
662,57
662,87
663,87
664,87
665,117
666,87
667,87
668,152
669,107
670,152
671,38
672,82
672,117
672,133
673,117
674,117
675,152
676,117
677,117
677,141
678,152
679,117
680,17
680,117
681,124
682,117
683,179
684,36
684,117
684,178
685,49
686,117
687,117
688,117
689,117
690,117
691,117
691,120
692,87
693,179
694,124
694,168
695,124
696,99
696,117
697,117
697,126
698,117
699,74
699,117
700,117
701,51
702,51
703,31
704,51
704,117
705,31
706,36
706,117
706,133
707,51
708,113
709,31
710,117
711,117
712,31
713,31
713,68
713,89
713,117
713,140
714,97
714,117
714,140
714,172
714,189
715,117
716,178
717,141
718,38
719,148
720,117
721,133
722,178
723,117
724,117
725,178
726,11
726,117
727,115
728,36
729,126
730,36
731,117
732,40
732,122
733,117
734,126
734,133
734,141
735,53
736,117
737,117
738,40
738,122
739,117
740,86
741,117
742,18
742,36
742,57
742,93
742,117
742,126
742,140
742,178
743,127
744,117
744,152
745,36
745,117
746,126
747,117
748,113
749,57
750,57
751,117
751,133
752,135
753,178
754,17
754,117
754,141
755,31
755,117
755,126
755,141
756,75
757,75
758,75
759,75
760,74
761,36
762,117
763,117
764,117
765,186
766,117
767,117
768,20
768,117
769,20
770,117
771,152
772,117
773,50
773,117
774,124
775,117
776,117
777,113
778,74
779,117
780,124
780,178
781,38
781,117
781,126
781,158
781,178
782,117
783,117
784,117
784,124
785,117
786,117
787,178
788,117
788,141
788,165
789,117
790,113
791,36
792,117
792,141
793,117
794,117
795,178
796,178
797,36
797,117
797,172
798,75
799,117
800,117
800,140
801,117
802,40
802,122
803,40
803,122
803,178
804,117
805,117
805,126
806,117
807,141
808,117
809,117
810,141
811,36
812,117
813,117
813,179
814,117
815,38
816,117
817,117
818,117
819,148
820,117
821,117
822,140
822,141
823,107
823,117
824,117
825,36
825,69
825,117
826,117
827,124
828,74
829,178
830,178
831,117
831,126
832,178
833,178
834,178
835,178
836,178
837,178
838,178
839,117
839,178
840,178
841,117
841,178
842,117
842,178
843,117
843,178
844,117
844,178
845,178
846,117
846,140
846,178
847,178
848,178
849,178
850,117
850,178
851,178
852,178
853,178
854,178
855,178
856,178
857,117
857,158
858,178
859,117
860,178
861,178
862,178
863,117
864,105
865,36
865,117
865,126
866,51
866,109
866,117
866,124
866,186
867,117
868,117
869,117
869,126
869,141
869,179
870,117
871,117
872,40
872,117
873,117
874,99
874,133
875,133
875,170
876,40
877,117
878,133
879,57
879,126
880,57
880,133
881,133
881,141
882,133
883,108
883,117
883,126
883,133
883,140
883,141
884,117
885,36
885,43
885,97
885,117
885,126
886,36
887,124
888,119
889,158
890,74
891,117
892,119
893,117
894,117
895,179
896,140
897,178
898,117
899,140
900,99
900,117
901,124
902,119
903,40
903,122
904,119
905,51
905,117
906,117
907,117
908,127
909,74
910,117
911,51
911,127
912,178
913,51
913,117
913,179
914,117
915,127
916,51
916,117
916,124
917,127
918,74
919,178
920,127
921,127
922,178
923,178
924,178
925,119
926,117
927,127
928,49
929,178
930,119
931,127
932,51
932,109
932,117
932,124
933,74
933,117
933,179
934,75
935,75
936,75
937,117
938,117
939,117
940,117
941,117
942,117
943,117
943,126
944,36
944,117
945,117
946,152
947,133
948,36
949,117
950,108
950,133
950,137
951,31
951,36
951,117
952,117
952,158
953,117
953,158
954,117
955,178
956,117
957,117
958,158
959,74
960,141
961,117
962,113
963,117
963,126
963,140
963,141
963,152
963,158
964,117
965,117
966,117
966,165
967,117
967,126
968,126
968,133
969,31
969,36
969,117
970,117
971,126
972,117
973,126
974,126
975,126
975,141
976,117
976,126
977,126
978,126
979,148
980,117
980,126
981,126
982,126
983,117
984,126
985,126
986,117
987,126
987,141
988,117
989,36
989,117
989,126
989,133
989,141
989,148
990,178
991,178
992,178
993,178
994,74
995,178
996,178
997,178
998,7
998,117
999,178
1000,178
1001,178
1002,178
1003,117
1004,178
1005,117
1005,178
1006,178
1007,117
1007,126
1008,117
1008,127
1008,178
1009,178
1010,117
1010,178
1011,117
1012,117
1012,178
1013,117
1014,178
1015,117
1016,178
1017,178
1018,178
1019,117
1020,122
1020,124
1020,178
1021,178
1022,178
1023,178
1024,178
1025,178
1026,178
1027,74
1027,179
1028,74
1028,117
1029,178
1030,178
1031,178
1032,178
1033,178
1034,117
1034,178
1035,178
1036,178
1037,178
1038,178
1039,178
1040,178
1041,178
1042,178
1043,178
1044,31
1045,31
1046,178
1047,178
1048,178
1049,74
1050,117
1050,179
1051,117
1052,178
1053,117
1054,117
1054,158
1055,178
1056,178
1057,40
1057,117
1058,40
1058,122
1059,40
1059,122
1060,113
1061,117
1062,38
1063,135
1064,57
1064,117
1065,40
1065,122
1066,117
1067,40
1067,122
1068,117
1069,117
1069,126
1069,133
1070,117
1071,117
1072,17
1072,117
1072,141
1073,36
1074,141
1075,117
1076,117
1077,49
1078,117
1079,140
1080,117
1081,117
1082,117
1083,38
1084,113
1085,117
1086,38
1087,36
1087,117
1087,126
1088,117
1089,117
1090,117
1090,126
1091,117
1092,75
1093,117
1094,40
1094,117
1094,122
1095,40
1095,122
1096,117
1097,140
1098,140
1099,117
1100,82
1101,141
1102,133
1103,117
1103,144
1103,178
1104,90
1104,117
1104,124
1105,74
1106,117
1107,117
1108,117
1109,117
1110,40
1110,122
1111,75
1112,117
1113,117
1113,126
1113,141
1114,117
1114,141
1115,117
1116,53
1117,53
1118,11
1118,36
1118,133
1118,172
1119,117
1120,36
1121,95
1122,117
1123,126
1123,133
1124,117
1125,36
1125,117
1125,126
1126,117
1127,117
1128,113
1129,141
1130,178
1131,40
1131,117
1131,122
1132,36
1132,117
1132,126
1132,141
1133,140
1134,117
1135,117
1136,113
1137,117
1138,117
1139,117
1140,2
1140,39
1140,117
1140,126
1141,126
1142,117
1143,36
1143,117
1144,117
1145,36
1146,31
1146,141
1147,117
1148,179
1149,117
1150,74
1151,117
1152,117
1153,117
1154,117
1155,117
1156,117
1156,126
1157,117
1158,53
1159,53
1160,53
1161,36
1161,117
1162,117
1162,126
1163,40
1163,117
1163,122
1164,40
1164,122
1165,124
1166,117
1167,87
1168,117
1169,117
1170,49
1170,136
1171,117
1172,57
1173,126
1174,126
1175,74
1176,117
1177,117
1178,117
1179,117
1180,117
1181,117
1182,117
1183,117
1184,17
1184,152
1185,117
1186,117
1187,36
1187,117
1188,36
1188,117
1189,117
1190,186
1191,117
1192,117
1193,117
1194,117
1195,117
1196,117
1197,11
1197,36
1197,117
1197,133
1197,140
1198,113
1199,117
1199,126
1200,20
1200,117
1201,113
1202,117
1203,74
1204,117
1205,117
1206,117
1206,162
1207,117
1208,117
1209,117
1210,7
1210,117
1211,53
1211,141
1211,165
1212,117
1213,117
1214,53
1214,117
1215,117
1216,117
1217,117
1218,117
1218,126
1218,141
1219,117
1219,152
1220,117
1221,158
1222,117
1223,117
1224,117
1225,117
1226,117
1227,117
1228,40
1228,117
1229,113
1230,117
1230,126
1230,152
1231,31
1232,75
1233,40
1233,122
1234,126
1235,36
1235,117
1236,117
1237,57
1237,117
1238,38
1239,19
1239,117
1240,117
1241,67
1241,141
1242,117
1242,126
1242,141
1243,141
1244,97
1245,117
1246,117
1246,133
1247,74
1248,74
1249,119
1250,7
1250,117
1251,117
1252,57
1253,57
1254,124
1255,117
1256,117
1257,117
1257,126
1258,40
1258,117
1258,122
1259,40
1259,122
1260,117
1261,117
1261,165
1262,140
1263,117
1264,117
1265,126
1266,57
1266,117
1266,126
1267,57
1268,57
1268,117
1269,57
1270,57
1271,57
1271,126
1272,117
1273,57
1273,152
1274,117
1275,57
1275,126
1276,57
1277,57
1278,57
1279,74
1280,113
1281,74
1281,117
1282,36
1283,117
1284,117
1285,117
1286,117
1287,74
1288,117
1289,95
1289,117
1290,117
1291,117
1292,117
1293,117
1294,117
1295,40
1295,117
1296,117
1297,120
1298,120
1298,140
1298,141
1299,75
1299,126
1300,117
1301,117
1302,36
1303,38
1304,74
1304,117
1304,119
1305,124
1306,38
1306,117
1307,136
1308,36
1309,117
1310,117
1311,117
1312,38
1313,117
1313,126
1314,141
1315,117
1315,126
1315,141
1316,117
1317,74
1318,117
1319,117
1320,53
1321,53
1322,53
1323,126
1324,140
1325,117
1326,36
1326,117
1327,117
1327,126
1328,126
1329,117
1329,178
1330,117
1331,178
1332,36
1332,117
1333,113
1334,117
1335,178
1336,117
1337,117
1338,117
1339,117
1340,141
1341,117
1342,117
1342,126
1343,117
1344,38
1344,117
1345,36
1345,117
1346,117
1347,117
1348,117
1349,117
1350,117
1351,117
1352,36
1353,117
1354,117
1354,126
1355,172
1356,148
1357,51
1358,117
1359,117
1360,117
1361,141
1362,117
1363,117
1364,117
1365,117
1366,117
1367,74
1368,117
1368,126
1369,113
1370,7
1370,117
1371,117
1372,117
1373,38
1374,107
1374,117
1375,117
1376,117
1377,117
1377,123
1378,117
1379,38
1380,74
1381,117
1382,99
1382,117
1383,126
1384,117
1384,126
1384,133
1385,26
1385,87
1385,117
1385,135
1386,178
1387,117
1388,117
1389,31
1390,117
1391,117
1392,148
1393,117
1394,117
1395,36
1396,120
1397,117
1398,113
1399,117
1400,124
1401,117
1402,117
1403,117
1404,117
1405,178
1406,117
1407,117
1408,117
1409,117
1410,117
1411,31
1412,117
1413,117
1414,117
1415,117
1416,117
1417,124
1418,117
1419,117
1420,36
1421,95
1422,38
1423,38
1423,117
1424,117
1424,133
1425,117
1426,126
1427,117
1428,57
1429,38
1429,117
1430,49
1430,136
1431,117
1432,117
1433,126
1434,31
1434,141
1435,117
1436,117
1437,117
1438,3
1438,117
1439,188
1440,117
1441,74
1442,74
1443,74
1444,57
1444,117
1444,126
1444,165
1445,74
1446,74
1447,74
1448,74
1449,74
1450,117
1451,106
1451,117
1451,124
1451,126
1452,117
1453,38
1454,117
1455,117
1456,117
1457,36
1458,117
1459,36
1460,186
1461,117
1462,36
1463,117
1464,53
1465,53
1466,53
1467,53
1468,53
1469,53
1470,72
1471,117
1471,141
1472,57
1473,102
1474,127
1475,186
1476,36
1477,102
1478,38
1478,114
1479,186
1480,2
1480,36
1480,57
1480,117
1480,126
1481,117
1482,117
1483,102
1484,102
1485,120
1486,117
1486,120
1487,120
1487,141
1488,120
1489,120
1490,120
1491,113
1492,117
1493,120
1493,126
1494,120
1495,36
1496,120
1497,120
1498,117
1498,144
1499,113
1500,117
1501,74
1502,117
1503,113
1504,117
1504,122
1504,140
1505,117
1506,117
1507,36
1507,117
1507,125
1507,126
1507,133
1507,141
1508,36
1508,117
1508,182
1509,117
1510,117
1511,117
1512,117
1513,136
1514,38
1515,56
1515,124
1516,178
1517,117
1518,117
1518,127
1519,36
1520,117
1521,117
1522,117
1523,117
1524,49
1524,109
1524,117
1525,109
1525,117
1525,139
1526,109
1526,117
1526,124
1526,139
1527,51
1528,117
1528,126
1529,117
1529,140
1529,152
1530,82
1530,152
1531,152
1532,127
1533,178
1534,178
1535,152
1536,82
1536,117
1536,152
1537,117
1538,124
1538,179
1539,178
1540,178
1541,178
1542,178
1543,178
1544,117
1544,178
1545,117
1546,124
1547,117
1548,178
1549,127
1550,178
1551,117
1552,178
1553,178
1554,117
1555,117
1556,113
1557,117
1557,124
1557,139
1558,117
1558,126
1559,178
1560,178
1561,117
1561,124
1562,178
1563,178
1564,178
1565,165
1565,178
1566,51
1566,109
1566,117
1566,124
1567,74
1567,117
1567,126
1568,178
1569,75
1570,49
1571,51
1571,74
1571,117
1571,119
1571,124
1571,139
1571,178
1572,117
1572,119
1573,119
1574,36
1575,117
1576,113
1577,119
1578,117
1578,126
1578,133
1579,127
1580,87
1581,127
1582,117
1583,133
1584,117
1585,124
1586,127
1587,117
1588,36
1588,117
1588,126
1588,140
1588,141
1589,117
1590,117
1590,126
1590,140
1591,117
1592,7
1592,117
1593,117
1594,31
1594,117
1594,140
1594,141
1595,74
1595,117
1596,75
1597,141
1598,36
1598,117
1599,117
1600,117
1601,117
1602,117
1603,117
1604,117
1604,141
1605,36
1606,38
1607,36
1607,141
1608,126
1609,36
1609,133
1610,36
1610,117
1611,105
1612,127
1613,141
1614,117
1614,120
1614,141
1615,117
1615,140
1616,117
1617,117
1618,117
1619,117
1620,117
1621,31
1622,31
1623,117
1624,117
1625,117
1626,117
1627,36
1627,117
1628,117
1629,117
1630,117
1631,117
1632,117
1633,29
1633,117
1633,134
1634,117
1635,186
1636,75
1637,75
1637,117
1638,117
1639,38
1640,36
1641,117
1642,117
1643,87
1644,179
1645,178
1646,117
1647,178
1648,117
1649,117
1650,38
1650,114
1650,117
1651,117
1652,126
1653,117
1654,117
1655,117
1655,140
1656,40
1656,122
1657,38
1657,117
1658,117
1658,124
1659,117
1660,117
1661,117
1662,36
1663,117
1664,117
1665,117
1666,141
1667,36
1668,117
1669,117
1669,135
1670,117
1671,31
1672,117
1673,74
1674,117
1675,53
1675,105
1676,57
1676,117
1677,53
1677,72
1678,117
1679,113
1680,74
1680,178
1681,74
1682,74
1682,124
1683,74
1684,74
1685,74
1685,165
1686,74
1686,117
1686,120
1686,126
1687,75
1688,38
1689,117
1690,117
1691,124
1692,141
1693,117
1694,117
1694,126
1694,133
1695,117
1696,57
1696,126
1697,38
1698,91
1698,117
1699,117
1700,117
1701,117
1702,36
1703,87
1703,117
1704,117
1705,117
1705,124
1705,178
1706,117
1707,117
1708,117
1709,113
1710,117
1711,117
1712,57
1713,113
1714,178
1715,178
1716,178
1717,178
1718,117
1719,178
1720,178
1721,178
1722,117
1723,117
1724,117
1725,117
1726,117
1727,141
1728,117
1729,127
1730,127
1731,127
1732,127
1733,127
1734,127
1735,75
1736,117
1737,38
1737,95
1737,117
1738,36
1738,140
1739,40
1739,122
1740,117
1741,117
1742,117
1743,53
1744,53
1745,126
1746,11
1746,36
1746,57
1746,117
1747,113
1748,117
1749,117
1750,117
1751,75
1752,117
1753,117
1754,117
1755,178
1756,126
1757,117
1758,3
1758,53
1758,117
1758,140
1758,148
1759,117
1760,126
1761,124
1762,178
1763,179
1764,36
1764,117
1765,74
1765,178
1766,117
1766,124
1766,139
1767,178
1768,178
1769,178
1770,117
1771,36
1771,38
1771,117
1772,124
1773,117
1773,133
1774,109
1774,117
1774,124
1775,124
1776,109
1776,117
1776,124
1777,109
1777,117
1777,124
1777,139
1778,179
1779,51
1780,109
1780,117
1780,124
1781,113
1782,117
1783,124
1784,109
1784,117
1784,124
1784,139
1785,124
1786,51
1786,127
1787,117
1788,109
1788,124
1789,49
1789,51
1789,117
1789,124
1790,117
1791,124
1792,179
1793,124
1794,109
1794,117
1794,124
1794,139
1795,51
1795,109
1795,117
1795,122
1795,124
1795,139
1796,117
1796,124
1797,124
1798,109
1798,124
1799,117
1799,179
1800,28
1800,124
1801,117
1802,179
1803,109
1803,124
1804,124
1805,133
1806,117
1807,126
1807,152
1808,117
1808,126
1808,140
1809,152
1810,141
1811,117
1812,117
1813,117
1814,38
1815,117
1815,144
1815,187
1816,126
1817,36
1817,117
1817,141
1818,117
1819,36
1820,117
1821,57
1822,36
1823,36
1824,51
1825,51
1826,117
1827,117
1827,178
1828,36
1828,117
1829,117
1830,117
1830,126
1830,141
1831,117
1832,36
1832,69
1833,36
1834,117
1835,117
1836,117
1837,117
1838,38
1839,117
1840,117
1841,117
1842,136
1843,117
1844,117
1845,117
1846,117
1847,178
1848,117
1848,178
1849,178
1850,117
1850,178
1851,117
1852,38
1853,117
1854,57
1854,117
1854,178
1854,179
1855,117
1856,117
1857,31
1857,117
1857,133
1857,139
1858,75
1858,117
1858,120
1858,179
1859,11
1859,117
1860,11
1860,36
1860,117
1860,119
1860,126
1861,117
1862,117
1862,141
1863,117
1864,38
1865,124
1866,178
1867,117
1868,36
1869,117
1870,36
1871,117
1872,117
1873,117
1874,117
1875,117
1876,117
1877,117
1878,75
1879,117
1880,117
1881,117
1882,117
1882,124
1882,139
1883,117
1884,113
1885,75
1886,20
1887,113
1888,113
1889,178
1890,117
1891,117
1891,178
1892,140
1892,141
1893,106
1893,117
1893,141
1893,178
1894,117
1895,126
1896,117
1897,117
1898,31
1899,31
1900,117
1901,75
1902,117
1903,74
1904,117
1905,117
1906,117
1907,130
1907,140
1908,141
1909,117
1910,117
1911,152
1912,38
1913,117
1914,117
1915,36
1915,117
1916,117
1917,117
1918,126
1919,36
1920,117
1921,117
1922,74
1923,36
1923,117
1924,178
1925,7
1925,117
1926,178
1927,126
1928,117
1929,31
1930,113
1931,117
1932,117
1933,117
1934,126
1935,117
1936,117
1937,117
1938,53
1939,36
1939,117
1940,133
1941,133
1942,117
1943,119
1944,119
1945,119
1946,117
1947,57
1948,119
1949,117
1950,119
1951,119
1952,117
1952,178
1953,119
1954,119
1955,119
1956,117
1956,119
1957,119
1958,119
1959,119
1960,117
1961,117
1962,117
1962,126
1963,117
1964,178
1965,119
1966,124
1967,119
1968,117
1968,119
1969,119
1970,113
1971,119
1972,141
1973,126
1973,148
1974,117
1975,31
1975,117
1976,117
1977,117
1978,57
1978,117
1978,126
1978,133
1979,113
1980,75
1981,53
1982,57
1982,117
1982,135
1983,119
1984,36
1985,117
1985,126
1986,127
1987,117
1988,113
1989,113
1990,178
1991,117
1992,117
1993,31
1994,117
1995,133
1996,117
1997,36
1997,117
1998,152
1999,117
2000,117
2001,120
2002,117
2002,165
2003,53
2004,117
2005,82
2005,117
2005,119
2006,133
2007,133
2008,133
2009,99
2009,126
2010,133
2011,117
2011,133
2012,133
2013,133
2014,119
2015,31
2015,36
2015,117
2016,117
2017,117
2018,38
2019,178
2020,119
2021,119
2022,117
2023,117
2024,178
2025,117
2025,124
2026,117
2027,117
2028,117
2029,126
2030,126
2031,74
2031,117
2032,117
2033,117
2034,117
2034,126
2035,36
2035,117
2035,141
2036,117
2037,125
2037,141
2038,75
2039,74
2040,75
2040,117
2041,117
2042,117
2043,117
2044,117
2045,117
2046,117
2046,126
2046,144
2047,117
2047,127
2048,113
2049,117
2050,36
2050,110
2050,117
2050,182
2051,117
2052,36
2052,117
2052,133
2053,117
2053,133
2054,126
2055,178
2056,178
2057,31
2058,31
2059,117
2060,31
2060,67
2060,117
2060,165
2061,31
2062,31
2063,75
2063,117
2064,117
2065,117
2066,117
2067,117
2068,117
2069,117
2070,117
2071,74
2072,133
2073,117
2074,117
2075,117
2076,74
2077,36
2077,117
2078,117
2078,126
2078,165
2079,36
2079,117
2079,133
2080,87
2081,133
2082,117
2083,178
2084,117
2085,117
2086,117
2087,75
2087,117
2088,113
2089,117
2090,117
2090,133
2091,178
2092,117
2092,126
2093,117
2094,117
2095,8
2095,75
2095,117
2096,117
2097,75
2098,152
2099,178
2100,11
2100,117
2100,126
2101,178
2102,117
2103,178
2104,117
2104,178
2105,119
2106,117
2107,117
2108,38
2109,117
2110,126
2111,136
2112,36
2113,117
2114,117
2115,38
2116,117
2117,117
2118,113
2119,117
2119,140
2120,117
2121,117
2121,133
2122,117
2123,117
2124,82
2125,117
2126,186
2127,53
2128,11
2128,117
2129,117
2130,117
2130,158
2130,166
2131,36
2131,117
2132,178
2133,117
2134,117
2135,117
2136,117
2137,151
2138,36
2138,117
2138,140
2139,113
2140,117
2141,126
2142,117
2143,117
2144,87
2145,75
2145,117
2145,178
2146,117
2147,38
2148,117
2149,87
2150,117
2151,51
2152,119
2153,51
2154,51
2155,51
2155,105
2155,117
2156,117
2157,51
2158,31
2158,117
2159,117
2160,82
2160,87
2160,117
2160,179
2161,126
2161,165
2162,186
2163,117
2163,126
2163,165
2164,53
2164,62
2164,117
2165,126
2165,133
2166,117
2167,17
2168,117
2169,117
2170,117
2170,126
2170,141
2170,189
2171,117
2172,40
2172,122
2173,117
2174,57
2174,117
2175,53
2176,57
2177,178
2178,117
2179,57
2180,74
2180,117
2181,87
2182,178
2183,117
2184,57
2185,57
2185,117
2186,124
2187,113
2188,113
2189,36
2190,113
2191,117
2192,113
2193,113
2194,152
2195,113
2196,141
2196,152
2197,152
2198,117
2199,113
2200,126
2201,113
2202,152
2203,152
2204,117
2205,113
2206,113
2207,113
2208,113
2209,113
2210,113
2211,113
2212,113
2213,113
2214,141
2215,113
2216,113
2217,117
2218,113
2219,113
2220,113
2221,113
2222,113
2223,74
2224,117
2224,124
2224,139
2225,117
2225,120
2226,113
2227,113
2228,124
2229,113
2230,113
2231,113
2232,74
2233,113
2234,113
2235,158
2236,117
2236,178
2237,36
2238,113
2239,178
2240,113
2241,178
2242,113
2243,113
2244,117
2245,117
2246,113
2247,152
2248,113
2249,113
2250,82
2250,99
2251,75
2251,117
2252,117
2253,113
2254,113
2255,53
2256,113
2257,113
2258,74
2259,113
2260,113
2261,113
2262,113
2263,117
2263,141
2264,136
2265,117
2266,75
2267,141
2268,178
2269,87
2270,74
2271,117
2272,124
2273,113
2274,179
2275,113
2276,113
2277,113
2278,113
2279,113
2280,107
2281,113
2282,117
2283,141
2284,113
2285,117
2286,113
2287,113
2288,117
2289,75
2290,117
2291,117
2292,36
2293,117
2294,113
2295,113
2296,113
2297,31
2298,117
2298,152
2299,127
2300,113
2301,113
2302,113
2303,113
2304,113
2305,127
2306,113
2307,113
2308,113
2309,126
2310,113
2311,36
2311,117
2312,113
2313,113
2314,113
2315,32
2315,117
2315,126
2316,113
2317,113
2318,113
2319,117
2320,113
2321,113
2322,113
2323,113
2324,113
2325,113
2326,113
2327,113
2328,113
2329,113
2330,113
2331,113
2332,113
2333,113
2334,113
2335,113
2336,113
2337,113
2338,113
2339,113
2340,113
2341,113
2342,113
2343,113
2344,113
2345,113
2346,113
2347,113
2348,36
2349,113
2350,113
2351,113
2352,113
2353,113
2354,113
2355,178
2356,113
2357,113
2358,113
2359,113
2360,113
2361,113
2362,36
2362,112
2362,117
2363,113
2364,113
2365,113
2366,87
2367,113
2368,113
2369,119
2370,113
2371,113
2372,113
2373,113
2374,113
2375,117
2376,113
2377,113
2378,113
2379,113
2380,113
2381,113
2382,36
2383,113
2384,113
2385,113
2386,113
2387,117
2388,113
2389,113
2390,113
2391,113
2392,113
2393,113
2394,127
2395,113
2396,113
2397,178
2398,178
2399,113
2400,117
2401,178
2402,113
2403,119
2404,113
2405,178
2406,113
2407,87
2408,117
2409,113
2410,113
2411,113
2412,113
2413,113
2414,113
2415,113
2416,113
2417,113
2418,113
2419,113
2420,113
2421,113
2422,178
2423,178
2424,113
2425,113
2426,126
2427,113
2428,113
2429,113
2430,113
2431,158
2432,113
2433,113
2434,113
2435,113
2436,113
2437,113
2438,113
2439,117
2440,113
2441,127
2442,133
2443,113
2444,113
2445,113
2446,113
2447,113
2448,36
2449,113
2450,113
2451,113
2452,113
2453,113
2454,113
2455,113
2456,113
2457,113
2458,113
2459,113
2460,113
2461,113
2462,113
2463,126
2464,113
2465,113
2466,113
2467,113
2468,113
2469,113
2470,113
2471,113
2472,53
2473,113
2474,113
2475,113
2476,113
2477,113
2478,113
2479,113
2480,113
2481,87
2482,87
2483,113
2484,87
2485,113
2486,113
2487,113
2488,113
2489,117
2490,113
2491,117
2492,113
2493,113
2494,113
2495,113
2496,113
2497,113
2498,113
2499,113
2500,51
2501,113
2502,113
2503,113
2504,113
2505,117
2506,36
2507,113
2508,113
2509,113
2510,113
2511,117
2512,140
2513,113
2514,113
2515,36
2516,113
2517,87
2518,87
2519,87
2520,113
2521,113
2522,82
2523,113
2524,126
2525,113
2526,113
2527,113
2528,87
2529,87
2530,87
2531,87
2532,113
2533,113
2534,113
2535,113
2536,87
2537,113
2538,87
2539,113
2540,87
2541,87
2542,87
2543,87
2544,113
2545,87
2546,87
2547,87
2548,87
2549,87
2550,87
2551,87
2552,113
2553,113
2554,87
2555,113
2556,87
2557,113
2558,113
2559,87
2559,117
2559,141
2560,87
2561,113
2562,87
2563,87
2564,87
2565,87
2566,87
2567,87
2568,113
2569,113
2570,113
2571,107
2572,113
2573,152
2574,152
2575,152
2576,113
2577,113
2578,113
2579,113
2580,113
2581,113
2582,113
2583,113
2584,113
2585,113
2586,113
2587,113
2588,113
2589,113
2590,113
2591,113
2592,113
2593,113
2594,113
2595,31
2596,113
2597,113
2598,31
2599,113
2600,36
2601,113
2602,113
2603,113
2604,53
2605,113
2606,113
2607,117
2608,113
2609,113
2610,113
2611,113
2612,113
2613,113
2614,113
2615,113
2616,113
2617,113
2618,113
2619,117
2620,113
2621,75
2622,113
2623,158
2624,113
2625,126
2626,113
2627,113
2628,113
2629,113
2630,75
2631,2
2631,36
2631,126
2631,163
2632,113
2633,113
2634,113
2635,113
2636,113
2637,113
2638,113
2639,113
2640,113
2641,113
2642,113
2643,113
2644,113
2645,87
2646,113
2647,113
2648,113
2649,113
2650,113
2651,113
2652,113
2653,53
2654,53
2654,72
2655,113
2656,113
2657,113
2658,113
2659,117
2660,113
2661,117
2662,127
2663,113
2664,113
2665,113
2666,113
2667,113
2668,113
2669,113
2670,113
2671,113
2672,113
2673,113
2674,117
2675,113
2676,113
2677,113
2678,119
2679,113
2680,113
2681,113
2682,113
2683,113
2684,119
2685,113
2686,113
2687,113
2688,119
2689,113
2690,113
2691,127
2692,113
2693,119
2694,113
2695,113
2696,113
2697,113
2698,49
2699,51
2700,113
2701,113
2702,113
2703,113
2704,113
2705,113
2706,113
2707,113
2708,53
2709,113
2710,117
2710,126
2710,141
2711,113
2712,178
2713,113
2714,113
2715,178
2716,113
2717,178
2718,113
2719,113
2720,113
2721,113
2722,178
2723,113
2724,178
2725,113
2726,113
2727,113
2728,113
2729,113
2730,113
2731,113
2732,113
2733,113
2734,113
2735,113
2736,113
2737,113
2738,113
2739,113
2740,141
2741,117
2742,113
2743,117
2744,117
2745,113
2746,75
2747,113
2748,87
2749,75
2750,113
2751,117
2752,50
2753,113
2754,113
2755,141
2756,113
2757,113
2758,113
2759,140
2759,141
2760,53
2760,126
2761,113
2762,113
2763,113
2764,36
2765,113
2766,133
2767,38
2768,113
2769,113
2770,140
2771,113
2772,113
2773,154
2774,113
2775,117
2776,87
2777,113
2778,117
2779,178
2780,117
2781,113
2782,113
2783,113
2784,53
2785,53
2786,53
2787,113
2788,113
2789,113
2790,36
2790,117
2791,141
2792,113
2793,117
2794,117
2795,113
2796,113
2797,11
2797,141
2797,162
2798,113
2799,113
2800,113
2801,113
2802,113
2803,113
2804,113
2805,113
2806,113
2807,113
2808,113
2809,113
2810,113
2811,113
2812,113
2813,36
2814,36
2815,117
2816,124
2817,113
2818,113
2819,113
2820,113
2821,113
2822,113
2823,31
2823,53
2824,113
2825,113
2826,113
2827,113
2828,113
2829,113
2830,117
2831,113
2832,113
2833,113
2834,113
2835,75
2836,127
2837,36
2838,117
2838,127
2838,158
2839,113
2840,113
2841,36
2841,117
2842,113
2843,113
2844,36
2844,117
2845,113
2846,113
2847,113
2848,113
2849,113
2850,113
2851,113
2852,117
2853,87
2854,113
2855,113
2856,113
2857,113
2858,113
2859,113
2860,113
2861,117
2862,113
2863,113
2864,113
2865,113
2866,113
2867,113
2868,113
2869,113
2870,113
2871,117
2872,87
2873,113
2874,113
2875,141
2876,113
2877,113
2878,87
2879,113
2880,117
2881,117
2882,113
2883,113
2884,113
2885,113
2886,31
2886,117
2886,152
2887,113
2888,113
2889,113
2890,113
2891,113
2892,38
2893,113
2894,113
2895,113
2896,113
2897,75
2898,117
2899,113
2900,31
2901,113
2902,113
2903,113
2904,31
2905,113
2906,113
2907,117
2908,113
2909,113
2910,113
2911,53
2912,113
2913,113
2914,113
2915,113
2916,113
2917,113
2918,120
2919,113
2920,113
2921,36
2922,113
2923,179
2924,113
2925,113
2926,113
2927,113
2928,113
2929,113
2930,113
2931,113
2932,113
2933,113
2934,113
2935,113
2936,113
2937,113
2938,113
2939,113
2940,117
2941,113
2942,113
2943,113
2944,113
2945,113
2946,113
2947,87
2948,133
2949,113
2950,113
2951,113
2952,117
2953,113
2954,113
2955,113
2956,133
2956,141
2957,117
2957,141
2958,113
2959,113
2960,113
2961,113
2962,113
2963,113
2964,113
2965,113
2966,113
2967,113
2968,113
2969,75
2970,113
2971,113
2972,113
2973,74
2974,113
2975,113
2976,127
2977,113
2978,113
2979,113
2980,113
2981,113
2982,141
2983,113
2984,113
2985,113
2986,113
2987,113
2988,113
2989,113
2990,113
2991,113
2992,113
2993,113
2994,113
2995,113
2996,113
2997,141
2998,113
2999,113
3000,113
3001,113
3002,113
3003,113
3004,113
3005,113
3006,113
3007,113
3008,113
3009,113
3010,113
3011,113
3012,113
3013,113
3014,113
3015,113
3016,113
3017,113
3018,113
3019,113
3020,113
3021,117
3021,178
3022,113
3023,113
3024,113
3025,113
3026,75
3027,113
3028,113
3029,117
3030,113
3031,113
3032,113
3033,178
3034,113
3035,113
3036,53
3037,113
3038,113
3039,113
3040,113
3041,113
3042,113
3043,113
3044,113
3045,113
3046,113
3047,113
3048,113
3049,113
3050,113
3051,113
3052,113
3053,113
3054,113
3055,113
3056,113
3057,113
3058,113
3059,113
3060,113
3061,53
3062,113
3063,113
3064,113
3065,113
3066,113
3067,113
3068,113
3069,113
3070,113
3071,113
3072,113
3073,113
3074,113
3075,113
3076,113
3077,113
3078,113
3079,113
3080,113
3081,113
3082,113
3083,113
3084,113
3085,113
3086,113
3087,113
3088,113
3089,113
3090,113
3091,113
3092,113
3093,113
3094,113
3095,113
3096,31
3097,113
3098,113
3099,57
3100,57
3101,53
3102,53
3103,117
3104,117
3105,117
3106,117
3107,117
3107,141
3108,117
3108,126
3109,117
3110,117
3111,126
3112,126
3113,117
3113,126
3113,140
3114,74
3115,74
3116,74
3117,117
3118,117
3119,51
3120,117
3121,36
3121,117
3121,126
3121,140
3122,117
3123,117
3124,74
3125,36
3125,117
3125,139
3125,140
3125,158
3125,178
3126,117
3127,117
3127,126
3127,141
3128,158
3129,158
3130,117
3131,117
3131,124
3131,178
3132,117
3133,117
3134,49
3135,126
3136,117
3137,127
3138,117
3139,141
3140,17
3140,105
3140,117
3140,126
3141,117
3142,117
3143,31
3143,53
3143,117
3143,120
3143,126
3143,141
3144,113
3145,126
3146,38
3147,38
3148,38
3149,38
3150,117
3150,126
3151,57
3151,117
3152,57
3153,117
3154,117
3155,117
3156,178
3157,124
3158,178
3159,178
3160,117
3160,126
3161,178
3162,178
3163,178
3164,178
3165,178
3166,178
3167,74
3168,178
3169,178
3170,178
3171,178
3172,178
3173,178
3174,178
3175,117
3176,178
3177,178
3178,126
3179,124
3180,126
3180,133
3181,126
3182,99
3182,117
3183,75
3184,117
3185,133
3186,74
3187,117
3188,117
3189,53
3190,53
3191,38
3191,117
3192,186
3193,117
3194,158
3195,117
3196,36
3196,117
3197,36
3198,117
3199,57
3200,117
3201,36
3201,98
3201,117
3202,53
3203,117
3204,87
3205,117
3205,126
3205,133
3206,117
3207,178
3208,117
3209,178
3210,36
3210,46
3210,117
3210,126
3210,158
3211,117
3211,178
3212,117
3213,117
3214,117
3214,126
3215,117
3216,11
3216,117
3217,117
3217,141
3218,38
3219,117
3220,117
3221,117
3222,117
3223,117
3224,117
3224,124
3224,139
3225,117
3226,117
3227,117
3228,117
3229,117
3230,74
3231,117
3232,117
3233,113
3234,117
3235,117
3236,57
3237,117
3238,57
3239,117
3240,117
3241,117
3242,133
3243,133
3244,133
3245,117
3246,117
3247,87
3248,117
3248,126
3248,141
3248,165
3249,11
3249,117
3249,133
3250,99
3250,117
3251,53
3252,36
3253,36
3253,117
3254,20
3254,117
3254,132
3255,7
3255,117
3256,117
3257,117
3257,124
3258,117
3259,53
3259,74
3259,117
3259,126
3259,141
3259,178
3260,117
3261,117
3262,117
3263,117
3264,53
3265,38
3266,99
3266,117
3267,141
3268,75
3268,117
3269,36
3270,117
3271,117
3272,91
3272,117
3273,117
3273,126
3274,74
3275,31
3276,36
3277,57
3278,127
3279,117
3279,126
3280,126
3281,126
3282,36
3283,36
3284,117
3285,117
3286,36
3286,117
3286,140
3286,179
3287,117
3288,117
3289,117
3290,117
3291,117
3292,117
3293,117
3294,53
3294,72
3295,36
3295,117
3296,117
3296,126
3296,133
3297,117
3298,57
3299,105
3299,117
3299,178
3300,36
3300,152
3301,57
3301,117
3302,117
3303,113
3304,126
3305,36
3306,36
3307,117
3308,117
3309,117
3310,38
3311,117
3312,117
3313,74
3314,117
3315,117
3316,74
3317,178
3318,117
3319,117
3319,126
3320,57
3321,40
3321,122
3322,40
3322,122
3323,117
3324,117
3324,165
3325,117
3326,57
3326,59
3326,117
3326,126
3327,117
3328,127
3329,127
3330,117
3331,117
3332,117
3333,50
3333,117
3333,126
3334,117
3335,117
3336,117
3337,117
3338,113
3339,133
3340,36
3341,117
3341,126
3342,127
3343,127
3344,57
3345,117
3345,126
3346,57
3347,57
3348,57
3348,117
3349,75
3350,107
3350,117
3350,165
3351,117
3351,126
3352,117
3353,75
3354,117
3355,117
3356,133
3357,133
3358,113
3359,99
3359,117
3360,99
3360,117
3361,117
3362,117
3363,99
3363,117
3364,67
3364,97
3364,184
3365,99
3365,117
3366,117
3367,117
3368,38
3369,87
3370,57
3370,117
3371,117
3372,113
3373,117
3374,117
3375,17
3376,17
3377,17
3378,178
3379,117
3380,126
3380,133
3381,117
3382,117
3383,117
3384,117
3385,38
3386,117
3387,117
3388,117
3389,117
3390,126
3391,36
3392,38
3392,117
3393,36
3393,38
3393,117
3393,124
3393,126
3394,117
3395,31
3395,46
3395,57
3395,87
3395,117
3395,124
3395,126
3395,133
3395,140
3395,184
3396,117
3397,117
3398,117
3399,117
3400,36
3400,117
3400,133
3401,57
3402,117
3403,49
3404,117
3405,3
3405,117
3406,158
3407,28
3407,124
3408,117
3409,178
3410,75
3410,117
3411,53
3412,57
3412,117
3413,57
3414,57
3415,11
3415,57
3416,57
3417,178
3418,178
3419,178
3420,178
3421,117
3422,36
3422,75
3422,117
3422,126
3422,133
3422,182
3423,117
3424,74
3425,113
3426,141
3427,117
3428,117
3429,117
3430,117
3431,38
3432,38
3432,102
3432,117
3433,172
3434,117
3435,82
3436,178
3437,136
3438,117
3439,38
3439,95
3439,117
3440,87
3441,117
3441,126
3442,117
3442,126
3443,117
3443,126
3444,126
3445,117
3445,126
3446,75
3446,117
3446,126
3447,126
3447,133
3447,141
3448,117
3449,126
3450,82
3451,116
3451,126
3452,49
3453,36
3454,117
3454,178
3455,74
3456,117
3457,51
3458,127
3458,158
3459,51
3459,117
3459,127
3460,51
3460,105
3460,117
3460,127
3461,126
3462,117
3463,36
3464,117
3465,117
3466,117
3467,116
3467,117
3467,141
3467,158
3468,117
3469,117
3470,178
3471,74
3471,117
3471,126
3471,178
3472,36
3472,38
3472,117
3472,133
3472,134
3473,117
3474,117
3475,117
3476,186
3477,172
3478,74
3479,158
3480,74
3480,117
3481,36
3481,75
3481,117
3481,126
3482,36
3482,110
3482,117
3483,38
3484,117
3485,126
3486,117
3486,141
3487,113
3488,178
3489,117
3490,133
3491,117
3492,57
3493,117
3494,126
3494,172
3495,36
3495,117
3496,172
3497,36
3498,36
3499,36
3499,117
3500,117
3501,36
3501,141
3502,36
3503,126
3504,117
3505,117
3506,117
3507,141
3508,141
3509,178
3510,113
3511,136
3512,57
3513,117
3514,57
3515,57
3516,57
3517,113
3518,117
3519,40
3519,122
3520,117
3521,74
3522,117
3523,117
3524,113
3525,113
3526,178
3527,36
3527,117
3528,126
3529,117
3530,117
3531,120
3531,172
3532,117
3533,117
3534,28
3534,117
3534,124
3535,117
3536,57
3536,126
3537,117
3538,117
3539,117
3540,117
3540,178
3541,3
3541,117
3542,87
3543,133
3544,117
3544,137
3545,117
3546,113
3547,178
3548,126
3549,117
3550,172
3551,36
3552,141
3553,172
3554,17
3554,57
3554,117
3554,172
3554,180
3555,57
3555,87
3555,117
3555,126
3555,158
3556,172
3557,133
3557,172
3558,141
3559,117
3559,141
3560,117
3560,178
3560,189
3561,178
3562,40
3562,122
3563,117
3564,117
3565,57
3565,117
3566,57
3566,117
3566,140
3567,117
3568,117
3569,117
3569,141
3570,117
3571,117
3572,117
3573,178
3574,178
3575,117
3576,117
3577,117
3578,117
3579,158
3580,117
3581,36
3581,117
3581,126
3581,172
3582,178
3583,178
3584,178
3585,178
3586,117
3587,36
3588,117
3589,113
3590,152
3591,178
3592,87
3593,178
3594,38
3594,117
3594,126
3595,38
3596,31
3596,117
3596,133
3597,117
3598,117
3599,117
3600,119
3601,117
3602,119
3603,21
3603,36
3603,117
3603,141
3603,148
3604,38
3604,117
3605,38
3606,38
3607,38
3607,117
3608,11
3609,124
3609,139
3610,117
3611,38
3612,38
3612,117
3613,38
3614,38
3615,38
3616,113
3617,117
3618,117
3619,117
3620,74
3621,120
3622,36
3622,117
3622,126
3622,140
3623,74
3623,117
3624,117
3625,117
3626,117
3627,113
3628,178
3629,178
3630,117
3631,49
3632,178
3633,178
3634,117
3635,178
3636,141
3637,141
3638,141
3638,165
3639,57
3640,7
3641,38
3642,113
3643,117
3644,117
3644,141
3645,36
3645,117
3646,172
3647,117
3648,49
3649,74
3650,117
3651,117
3652,117
3653,38
3653,54
3653,117
3654,117
3655,126
3656,141
3657,117
3658,117
3659,178
3660,117
3661,113
3662,117
3663,133
3664,120
3664,172
3665,117
3666,172
3667,172
3668,117
3669,31
3669,57
3669,117
3669,140
3669,141
3669,162
3670,36
3671,124
3672,119
3673,117
3674,36
3675,117
3676,117
3677,117
3678,117
3679,141
3680,36
3680,117
3680,182
3681,178
3682,117
3682,158
3683,124
3684,117
3685,31
3686,178
3687,36
3687,133
3688,133
3689,36
3689,117
3689,133
3689,141
3690,117
3691,126
3692,117
3693,38
3694,117
3695,117
3696,117
3697,117
3698,117
3699,178
3700,36
3701,117
3702,117
3703,57
3704,178
3705,178
3706,178
3707,178
3708,178
3709,74
3710,117
3711,57
3711,87
3711,117
3711,152
3712,158
3713,31
3714,36
3714,120
3714,172
3715,31
3716,172
3717,117
3718,178
3719,117
3720,117
3721,117
3722,117
3722,178
3723,178
3724,74
3725,113
3726,117
3727,117
3728,117
3729,38
3730,117
3730,126
3731,38
3732,117
3733,117
3734,117
3735,117
3736,117
3737,107
3738,8
3739,117
3739,178
3740,117
3740,178
3741,117
3741,178
3742,178
3743,178
3744,117
3745,117
3746,87
3747,87
3748,87
3749,117
3750,117
3750,140
3750,145
3751,40
3751,122
3752,74
3753,36
3753,117
3753,126
3753,141
3754,126
3755,172
3756,117
3757,36
3757,117
3757,133
3757,141
3758,117
3759,113
3760,75
3761,117
3762,55
3762,117
3762,152
3763,117
3764,117
3765,117
3766,178
3767,36
3768,126
3769,38
3770,117
3771,117
3772,178
3773,117
3774,117
3775,117
3776,133
3776,172
3777,38
3778,117
3779,117
3780,133
3781,133
3782,172
3783,117
3784,172
3785,117
3786,3
3786,125
3786,141
3787,172
3788,172
3789,117
3790,117
3791,133
3792,3
3792,20
3792,76
3792,117
3793,117
3794,117
3795,113
3796,117
3797,117
3797,172
3798,31
3798,53
3798,133
3799,178
3800,31
3801,36
3802,74
3802,124
3802,178
3803,133
3804,117
3805,117
3806,126
3807,117
3808,38
3808,117
3808,140
3809,117
3810,117
3811,117
3812,178
3813,178
3814,38
3815,178
3816,36
3817,117
3818,117
3819,117
3820,117
3821,36
3822,3
3822,20
3822,50
3822,76
3822,117
3822,126
3822,132
3822,140
3823,36
3823,117
3823,178
3823,179
3824,117
3825,57
3826,178
3827,31
3827,36
3827,117
3828,136
3829,117
3830,117
3831,113
3832,178
3833,117
3834,117
3835,57
3836,113
3837,74
3838,117
3839,117
3840,74
3841,38
3842,89
3842,117
3842,178
3843,36
3843,117
3843,126
3844,113
3845,117
3846,36
3847,117
3848,38
3848,117
3849,74
3849,178
3850,75
3850,178
3851,117
3852,141
3853,172
3854,117
3854,172
3855,140
3855,172
3856,74
3856,117
3857,117
3858,117
3859,117
3860,133
3861,31
3862,138
3863,31
3864,117
3865,38
3866,117
3866,126
3866,179
3867,40
3867,122
3868,117
3869,178
3870,117
3871,119
3872,38
3872,117
3873,117
3874,31
3875,3
3875,117
3875,126
3876,36
3876,100
3877,117
3878,117
3879,117
3880,36
3881,127
3882,36
3882,117
3883,117
3884,117
3884,140
3885,178
3886,186
3887,117
3888,20
3889,36
3890,117
3891,113
3892,117
3893,126
3893,141
3893,179
3894,117
3895,117
3895,178
3896,87
3897,60
3898,113
3899,117
3900,117
3901,49
3902,117
3903,117
3904,117
3905,117
3906,117
3907,117
3908,124
3909,117
3910,3
3910,117
3911,117
3912,117
3912,172
3913,38
3913,49
3913,136
3914,51
3915,117
3916,117
3916,140
3917,117
3918,117
3918,126
3918,133
3918,141
3919,43
3919,57
3919,106
3919,141
3920,117
3920,141
3921,117
3922,117
3922,152
3923,106
3924,117
3924,152
3925,107
3926,107
3926,117
3927,117
3927,152
3928,31
3929,117
3929,126
3930,117
3931,126
3932,117
3933,158
3934,152
3935,74
3936,87
3937,74
3938,124
3939,74
3940,178
3941,178
3941,184
3942,35
3942,179
3943,178
3944,117
3944,178
3945,117
3946,117
3946,178
3947,178
3948,74
3949,11
3949,117
3950,119
3950,178
3951,117
3952,133
3953,107
3954,31
3955,124
3955,135
3955,178
3956,5
3956,117
3957,113
3958,117
3958,172
3959,172
3960,117
3961,113
3962,117
3963,38
3963,117
3964,178
3965,117
3966,117
3967,57
3967,126
3968,117
3969,117
3970,113
3971,31
3971,117
3972,31
3973,117
3974,49
3975,179
3976,117
3976,133
3977,105
3977,117
3978,3
3978,117
3979,117
3980,152
3981,38
3982,117
3983,117
3984,152
3985,107
3986,82
3987,152
3988,152
3988,158
3989,49
3990,74
3990,117
3991,124
3992,117
3992,124
3992,139
3993,117
3994,57
3994,87
3994,117
3994,133
3994,148
3994,165
3995,36
3996,124
3997,36
3998,117
3999,31
4000,117
4001,113
4002,36
4002,75
4002,133
4003,75
4004,117
4005,117
4006,40
4006,122
4007,49
4008,36
4008,117
4009,117
4010,117
4011,3
4011,117
4012,3
4013,3
4014,5
4014,117
4015,113
4016,53
4016,72
4017,126
4018,178
4019,117
4020,141
4021,117
4022,158
4023,31
4024,117
4025,117
4026,178
4027,31
4028,117
4029,31
4030,36
4030,117
4031,139
4032,117
4032,178
4033,117
4033,139
4033,178
4034,117
4035,117
4036,36
4037,117
4038,178
4039,113
4040,86
4041,31
4041,117
4042,117
4042,120
4043,120
4043,140
4044,178
4045,178
4046,117
4047,117
4048,117
4049,38
4049,86
4050,178
4051,117
4052,117
4053,57
4053,117
4053,126
4053,133
4054,178
4055,74
4056,113
4057,178
4058,178
4059,178
4060,124
4060,126
4061,117
4062,120
4063,120
4064,117
4065,124
4066,117
4066,178
4067,126
4068,38
4069,117
4070,74
4071,74
4072,74
4073,178
4074,74
4075,113
4076,74
4077,74
4078,74
4079,74
4080,11
4081,178
4082,117
4083,117
4084,117
4085,172
4086,117
4087,36
4087,182
4088,53
4089,117
4090,117
4091,31
4091,53
4091,72
4091,126
4091,141
4092,117
4093,36
4094,36
4095,113
4096,117
4097,119
4098,11
4098,105
4098,117
4098,126
4098,140
4098,152
4099,36
4100,36
4100,68
4100,117
4101,117
4101,133
4102,117
4102,122
4103,53
4103,117
4103,133
4104,36
4104,117
4105,13
4105,82
4105,117
4105,126
4105,141
4105,158
4106,117
4107,158
4108,113
4109,119
4110,117
4110,119
4110,178
4111,113
4112,117
4112,133
4113,117
4114,117
4115,11
4115,57
4115,117
4115,135
4116,117
4116,158
4117,75
4118,141
4119,117
4119,133
4119,141
4120,75
4121,113
4122,141
4123,117
4123,126
4124,117
4125,117
4126,53
4127,179
4128,133
4129,31
4129,126
4130,117
4130,126
4131,126
4132,178
4133,178
4134,127
4135,74
4136,74
4137,127
4138,117
4139,74
4140,117
4141,117
4142,117
4143,117
4144,57
4144,117
4144,124
4144,127
4144,133
4144,140
4144,165
4144,178
4145,117
4146,124
4147,117
4148,178
4149,117
4150,117
4151,124
4151,139
4151,178
4152,139
4153,117
4153,124
4153,139
4153,158
4154,117
4154,139
4155,139
4156,117
4157,117
4157,141
4158,139
4159,139
4160,117
4160,124
4160,139
4161,117
4161,139
4162,139
4163,139
4164,117
4164,139
4165,117
4165,139
4166,117
4166,124
4166,126
4166,139
4167,139
4168,124
4168,139
4169,117
4169,139
4169,178
4170,117
4170,139
4171,117
4171,139
4172,117
4172,124
4172,139
4173,38
4174,136
4175,117
4176,113
4177,36
4177,117
4178,178
4179,178
4180,117
4181,117
4182,36
4183,40
4183,122
4184,117
4184,126
4185,117
4186,99
4186,126
4187,126
4188,57
4188,117
4188,126
4188,133
4188,140
4189,178
4190,117
4190,178
4191,117
4192,3
4192,20
4192,117
4193,113
4194,172
4195,172
4196,117
4197,172
4198,117
4198,133
4199,126
4200,36
4200,117
4200,126
4201,117
4202,117
4203,117
4204,117
4204,126
4205,117
4206,119
4207,119
4208,117
4209,117
4210,53
4211,113
4212,178
4213,178
4214,36
4215,31
4216,117
4217,31
4218,117
4219,117
4220,117
4221,31
4222,31
4223,117
4223,152
4224,31
4224,36
4224,117
4225,117
4226,117
4227,117
4228,117
4229,117
4230,36
4230,75
4230,117
4230,126
4230,133
4230,141
4230,165
4231,117
4232,31
4233,152
4234,36
4234,82
4234,117
4234,152
4235,31
4236,136
4237,178
4238,178
4239,178
4240,126
4241,117
4242,117
4243,117
4244,117
4245,53
4246,53
4247,53
4248,53
4249,53
4250,117
4251,53
4252,53
4252,72
4252,117
4253,53
4254,53
4254,72
4254,75
4255,117
4256,117
4257,117
4257,140
4257,141
4258,141
4259,141
4260,117
4261,119
4262,126
4263,133
4264,119
4265,75
4266,117
4267,172
4268,172
4269,172
4270,107
4270,117
4271,82
4271,141
4272,82
4272,117
4272,152
4273,117
4273,141
4274,158
4275,158
4276,133
4277,74
4278,74
4279,141
4280,38
4280,117
4281,38
4281,95
4281,117
4281,157
4281,188
4282,117
4283,38
4284,113
4285,38
4286,38
4287,38
4288,38
4289,38
4290,38
4290,188
4291,117
4292,117
4293,117
4294,117
4295,117
4296,74
4297,178
4298,119
4299,36
4299,44
4299,117
4299,126
4299,133
4299,139
4299,189
4300,117
4301,74
4302,126
4303,119
4304,53
4304,141
4305,117
4306,117
4307,85
4307,117
4307,126
4307,165
4308,117
4308,126
4309,113
4310,117
4311,117
4312,179
4313,117
4314,117
4314,152
4315,113
4316,117
4317,120
4318,74
4319,82
4319,117
4320,117
4320,126
4321,34
4321,117
4321,140
4321,172
4322,117
4323,119
4324,117
4325,119
4326,38
4327,117
4328,172
4329,172
4330,172
4331,117
4331,162
4332,117
4333,172
4334,172
4335,71
4336,172
4337,178
4338,57
4339,36
4340,133
4341,117
4342,75
4343,82
4343,107
4344,178
4345,117
4346,136
4347,117
4348,117
4349,117
4350,36
4350,117
4351,36
4352,117
4353,117
4354,113
4355,117
4356,117
4357,74
4358,178
4359,117
4360,117
4360,126
4361,117
4362,117
4363,117
4364,107
4365,117
4366,31
4367,53
4368,117
4369,178
4370,178
4371,117
4371,126
4371,179
4372,117
4373,126
4374,57
4374,126
4375,117
4376,75
4377,31
4377,117
4378,117
4379,126
4379,133
4380,117
4381,11
4381,26
4381,117
4381,126
4381,135
4381,141
4382,13
4382,117
4382,126
4382,140
4383,117
4384,117
4385,117
4386,117
4387,117
4388,40
4388,122
4389,117
4389,141
4390,113
4391,178
4392,75
4393,117
4393,120
4393,126
4394,36
4394,117
4394,120
4395,117
4396,120
4397,117
4398,117
4398,126
4398,139
4398,158
4398,178
4399,36
4399,88
4399,117
4399,140
4399,164
4400,117
4401,74
4402,160
4403,119
4404,113
4405,160
4406,117
4407,160
4408,160
4409,160
4410,117
4410,158
4411,36
4411,75
4411,117
4411,126
4411,141
4412,53
4413,53
4414,53
4415,126
4415,133
4416,133
4417,38
4418,46
4418,117
4418,126
4419,74
4419,117
4420,126
4421,2
4421,57
4421,117
4421,126
4422,117
4423,117
4424,31
4425,75
4426,36
4426,117
4427,117
4428,117
4428,178
4428,179
4429,117
4430,36
4430,117
4430,124
4430,126
4430,141
4430,178
4431,117
4432,117
4433,75
4434,117
4435,117
4436,126
4437,113
4438,53
4439,117
4440,117
4441,158
4442,117
4443,117
4444,53
4445,117
4445,120
4445,133
4446,53
4446,72
4447,117
4448,117
4449,113
4450,36
4450,117
4451,36
4451,117
4451,133
4451,141
4451,165
4452,113
4453,136
4454,117
4455,38
4456,74
4457,74
4458,74
4459,74
4460,74
4461,74
4462,74
4463,117
4464,126
4465,36
4465,117
4465,126
4466,117
4466,126
4466,140
4466,141
4467,117
4468,117
4469,117
4470,117
4471,117
4472,117
4473,117
4474,31
4475,31
4475,117
4475,126
4475,141
4476,117
4477,178
4478,117
4479,117
4480,126
4481,117
4482,53
4483,53
4484,20
4484,53
4484,117
4485,53
4486,178
4487,117
4488,117
4489,126
4490,141
4491,22
4491,36
4492,31
4493,25
4493,31
4493,87
4493,189
4494,31
4494,117
4495,31
4496,31
4497,31
4497,62
4497,117
4498,31
4498,117
4499,31
4500,31
4501,178
4502,136
4503,119
4504,117
4505,36
4506,117
4506,141
4507,179
4508,53
4509,74
4509,117
4510,117
4511,117
4512,36
4512,75
4512,117
4512,126
4512,133
4512,182
4513,36
4514,117
4515,7
4515,117
4516,117
4516,178
4517,55
4517,117
4518,53
4519,31
4519,53
4519,141
4520,53
4521,117
4522,53
4523,107
4524,53
4525,113
4526,36
4527,178
4528,178
4529,178
4530,178
4531,117
4532,136
4533,36
4533,117
4534,178
4535,124
4536,75
4537,117
4538,119
4539,117
4540,120
4541,120
4542,152
4543,178
4544,36
4545,117
4546,119
4547,53
4548,172
4549,179
4550,117
4551,117
4552,31
4552,140
4552,141
4552,158
4553,124
4554,117
4555,53
4556,53
4557,53
4558,117
4559,53
4560,117
4561,117
4562,117
4562,119
4562,126
4563,117
4564,117
4565,117
4566,53
4566,117
4566,140
4566,141
4567,117
4567,141
4568,36
4568,117
4568,192
4569,178
4570,117
4571,117
4572,178
4573,124
4574,117
4575,117
4576,117
4577,53
4577,72
4578,117
4579,74
4580,53
4581,117
4582,117
4583,117
4584,57
4584,117
4584,126
4584,141
4585,11
4585,117
4585,141
4585,189
4586,117
4587,49
4588,178
4589,117
4590,117
4591,117
4592,117
4593,31
4594,117
4595,117
4596,117
4597,36
4598,117
4599,117
4600,178
4601,35
4601,117
4602,117
4603,117
4604,36
4604,117
4604,141
4605,117
4606,117
4607,117
4608,126
4609,117
4610,6
4610,36
4611,117
4612,117
4612,126
4612,165
4613,36
4614,3
4614,36
4615,117
4615,126
4615,133
4616,141
4617,117
4617,178
4618,36
4619,36
4619,117
4620,133
4621,117
4622,117
4623,53
4624,141
4625,51
4626,117
4627,74
4627,179
4628,74
4628,117
4629,178
4630,178
4631,178
4632,178
4633,178
4634,178
4635,137
4635,178
4636,113
4637,141
4638,178
4639,117
4640,117
4641,117
4642,179
4643,36
4644,74
4645,74
4646,49
4647,184
4648,117
4649,53
4649,72
4650,53
4650,117
4651,11
4651,53
4652,53
4653,72
4653,141
4653,162
4653,165
4654,53
4654,141
4655,117
4656,117
4656,178
4657,179
4658,117
4659,179
4660,117
4661,117
4662,117
4663,117
4664,117
4665,11
4665,141
4665,162
4666,126
4667,117
4668,36
4669,179
4670,87
4671,117
4672,117
4673,36
4673,117
4673,140
4673,141
4674,36
4674,117
4675,51
4676,117
4677,117
4678,117
4679,117
4680,53
4681,53
4682,53
4683,53
4683,140
4684,74
4685,74
4686,117
4687,117
4687,124
4687,139
4688,74
4689,119
4690,119
4691,172
4692,117
4692,140
4693,117
4693,126
4693,179
4694,117
4695,117
4696,117
4697,38
4698,36
4699,36
4699,117
4699,124
4699,140
4700,38
4701,87
4702,117
4703,113
4704,117
4705,117
4706,57
4706,126
4706,133
4706,140
4707,113
4708,117
4709,31
4710,31
4711,31
4712,178
4713,3
4713,117
4714,117
4715,119
4716,117
4717,117
4718,117
4719,117
4720,117
4721,113
4722,113
4723,117
4724,11
4724,117
4724,141
4724,162
4724,172
4725,133
4726,117
4727,113
4728,117
4729,74
4729,124
4730,74
4731,117
4732,117
4733,117
4734,53
4734,72
4734,117
4734,126
4735,172
4736,117
4737,74
4737,117
4737,141
4737,172
4738,178
4739,172
4740,117
4741,172
4742,72
4743,119
4744,87
4744,133
4745,178
4746,117
4746,119
4747,126
4748,117
4748,126
4749,74
4750,82
4750,117
4751,36
4752,117
4753,178
4754,117
4755,178
4756,178
4757,178
4758,39
4758,91
4758,117
4759,87
4760,117
4761,140
4761,178
4762,178
4763,178
4764,178
4765,117
4766,53
4766,72
4767,117
4768,53
4768,141
4769,53
4769,72
4769,117
4769,141
4770,117
4771,113
4772,53
4773,117
4774,178
4775,178
4776,31
4777,178
4778,117
4779,178
4780,117
4781,53
4782,117
4783,53
4784,53
4785,53
4786,117
4787,53
4787,72
4788,53
4789,117
4790,178
4791,117
4792,117
4793,74
4794,117
4795,178
4796,38
4796,117
4797,74
4798,117
4799,117
4800,31
4801,158
4802,117
4803,119
4804,36
4805,36
4805,117
4806,117
4807,117
4808,117
4808,133
4808,151
4809,117
4810,117
4811,75
4812,75
4813,141
4814,117
4814,133
4814,141
4815,74
4816,117
4817,74
4818,38
4819,31
4819,117
4820,31
4821,74
4822,31
4823,74
4824,36
4824,117
4825,117
4825,126
4826,117
4827,117
4828,36
4829,117
4830,158
4831,117
4832,74
4833,74
4834,74
4835,38
4836,74
4837,74
4838,38
4839,113
4840,38
4841,117
4842,117
4842,124
4843,117
4844,36
4844,57
4844,117
4844,126
4844,158
4845,117
4846,117
4847,178
4848,178
4849,117
4850,31
4851,36
4851,117
4852,31
4853,117
4854,31
4855,31
4856,36
4856,57
4856,117
4856,126
4857,178
4858,38
4859,113
4860,113
4861,113
4862,117
4863,178
4864,31
4865,31
4866,117
4867,87
4868,117
4869,117
4869,133
4869,140
4869,141
4870,117
4871,38
4872,36
4872,117
4873,117
4873,126
4874,31
4875,117
4876,117
4876,126
4876,141
4876,165
4877,117
4878,117
4879,136
4880,38
4881,74
4882,74
4883,172
4884,117
4885,57
4885,117
4885,126
4886,5
4886,39
4886,91
4886,117
4887,117
4887,119
4888,141
4889,117
4890,117
4891,126
4892,117
4893,36
4894,117
4895,182
4896,152
4897,36
4897,117
4898,87
4899,38
4900,74
4901,117
4901,141
4901,179
4902,117
4903,117
4904,117
4905,117
4906,117
4907,74
4907,117
4908,36
4909,31
4910,117
4911,117
4912,141
4913,117
4914,141
4915,141
4916,141
4917,117
4918,141
4919,117
4920,117
4921,117
4922,117
4923,117
4923,133
4924,31
4925,117
4926,133
4927,117
4928,126
4929,36
4930,117
4931,117
4932,117
4932,124
4933,117
4934,117
4935,74
4936,117
4937,74
4937,178
4938,126
4939,117
4939,189
4940,74
4940,140
4941,74
4942,74
4943,117
4944,178
4945,74
4945,117
4945,141
4945,178
4946,39
4946,117
4947,74
4948,74
4949,74
4950,74
4951,74
4952,36
4952,152
4953,74
4954,117
4955,117
4956,117
4957,117
4958,178
4959,36
4959,117
4960,117
4961,117
4962,117
4963,117
4964,117
4965,117
4966,133
4967,117
4968,117
4969,36
4969,117
4969,141
4970,117
4971,117
4971,126
4972,36
4972,117
4973,117
4973,178
4974,107
4974,117
4974,141
4974,152
4975,126
4976,178
4977,117
4978,117
4979,136
4980,117
4981,178
4982,178
4983,70
4983,117
4983,133
4983,140
4984,117
4984,133
4984,152
4985,117
4986,74
4987,74
4988,178
4989,117
4990,117
4991,36
4991,75
4991,117
4992,117
4993,57
4993,117
4993,126
4993,133
4993,141
4994,107
4994,117
4994,126
4994,169
4995,36
4996,117
4997,119
4997,190
4998,46
4998,117
4999,117
5000,119
5001,117
5002,31
5003,117
5004,117
5005,188
5006,57
5007,117
5008,75
5008,117
5009,39
5009,50
5009,57
5009,117
5009,126
5009,179
5010,49
5011,117
5012,57
5013,39
5013,117
5014,113
5015,141
5016,141
5017,141
5018,36
5019,126
5020,46
5020,87
5021,36
5022,117
5023,36
5024,113
5025,117
5026,36
5027,117
5028,75
5029,119
5030,117
5030,119
5031,119
5032,117
5033,117
5034,51
5035,75
5036,51
5037,133
5038,124
5038,139
5039,38
5040,117
5041,117
5042,160
5043,124
5044,74
5045,117
5046,160
5047,117
5048,178
5049,102
5050,117
5051,117
5052,117
5053,172
5054,172
5055,117
5055,172
5056,172
5057,117
5057,124
5058,57
5058,117
5059,172
5060,36
5060,117
5061,119
5062,117
5063,117
5064,36
5064,117
5065,36
5065,133
5066,113
5067,36
5068,36
5069,36
5069,110
5069,141
5070,117
5071,117
5071,124
5071,140
5072,36
5073,117
5074,74
5074,117
5075,117
5076,124
5077,117
5078,117
5079,117
5080,119
5081,119
5082,119
5083,117
5084,119
5085,119
5086,119
5087,117
5088,117
5089,117
5090,38
5090,117
5091,126
5091,133
5092,113
5093,186
5094,117
5095,117
5096,117
5097,117
5098,119
5099,117
5100,178
5101,178
5102,178
5103,178
5104,117
5105,117
5106,113
5107,117
5108,75
5109,49
5110,117
5111,117
5112,178
5113,117
5114,117
5114,139
5115,117
5116,178
5117,117
5118,38
5119,117
5120,117
5121,117
5122,178
5123,36
5124,158
5125,117
5126,113
5127,117
5128,117
5129,178
5130,117
5131,117
5132,36
5132,117
5133,117
5134,36
5134,117
5134,141
5135,117
5136,119
5137,178
5138,36
5138,117
5139,178
5140,178
5141,119
5142,178
5143,178
5144,178
5145,119
5146,36
5146,117
5146,159
5147,119
5148,117
5149,178
5150,126
5151,126
5152,38
5153,178
5154,36
5154,117
5155,119
5156,178
5157,74
5157,119
5158,178
5159,178
5160,31
5160,36
5161,117
5161,126
5161,141
5162,117
5162,135
5163,117
5164,117
5164,124
5164,178
5165,119
5166,178
5167,117
5168,117
5169,178
5170,178
5171,117
5172,136
5173,178
5174,28
5174,63
5174,117
5174,124
5175,178
5176,117
5176,178
5177,188
5178,117
5179,38
5180,49
5181,126
5182,117
5183,115
5183,117
5184,117
5185,117
5186,113
5187,113
5188,117
5189,36
5189,117
5190,117
5191,117
5192,126
5193,117
5194,75
5195,40
5195,122
5196,178
5197,117
5198,117
5199,178
5200,178
5201,178
5202,178
5203,117
5203,126
5203,141
5204,141
5205,113
5206,117
5207,117
5208,117
5209,117
5210,13
5210,117
5210,127
5211,139
5212,124
5212,139
5213,139
5214,117
5215,3
5215,40
5215,117
5215,139
5216,38
5217,178
5218,178
5219,117
5220,117
5221,117
5221,124
5222,74
5222,117
5222,122
5223,74
5224,74
5225,117
5225,126
5226,74
5227,17
5227,178
5228,117
5228,119
5228,126
5228,133
5228,178
5229,117
5229,178
5230,178
5231,74
5232,74
5233,74
5234,117
5234,126
5234,178
5235,74
5236,117
5236,140
5237,117
5238,117
5239,117
5239,126
5239,140
5239,141
5240,74
5241,178
5242,102
5243,179
5244,117
5245,117
5246,117
5246,178
5247,74
5248,102
5249,117
5250,178
5251,178
5252,133
5253,117
5254,178
5255,117
5256,117
5257,113
5258,141
5259,113
5260,3
5260,36
5260,126
5261,117
5262,113
5263,40
5263,122
5264,117
5265,179
5266,117
5266,124
5266,126
5267,178
5268,117
5268,178
5269,117
5270,38
5270,117
5271,117
5272,119
5273,117
5274,141
5275,75
5276,113
5277,117
5277,158
5278,117
5279,117
5279,151
5279,179
5280,178
5281,178
5282,178
5283,179
5284,117
5284,176
5285,117
5286,117
5287,119
5288,119
5289,40
5289,122
5290,74
5291,117
5292,13
5292,117
5293,13
5293,117
5294,36
5295,117
5296,178
5297,178
5298,117
5298,178
5299,117
5300,31
5300,61
5300,140
5300,189
5301,133
5302,31
5302,141
5303,117
5304,74
5305,113
5306,74
5307,74
5308,74
5309,74
5310,178
5311,36
5311,43
5311,50
5311,117
5311,126
5312,74
5313,74
5314,74
5315,57
5315,117
5316,133
5317,117
5318,117
5318,141
5319,74
5320,117
5321,117
5321,126
5321,148
5322,74
5323,74
5324,36
5324,74
5324,117
5324,141
5324,178
5324,179
5325,117
5326,119
5327,38
5328,117
5329,35
5329,117
5329,140
5330,117
5331,49
5332,113
5333,117
5334,113
5335,113
5336,75
5337,117
5338,36
5339,36
5340,178
5341,36
5341,117
5342,117
5342,178
5343,36
5344,38
5345,113
5346,117
5347,117
5347,133
5347,178
5348,178
5349,117
5350,74
5351,74
5351,117
5352,74
5353,74
5354,74
5355,74
5356,74
5357,74
5357,178
5358,74
5359,74
5360,74
5361,38
5361,114
5361,117
5361,160
5362,75
5363,117
5364,117
5364,126
5364,141
5365,36
5366,178
5367,117
5367,178
5368,117
5369,126
5370,178
5371,117
5372,38
5373,117
5374,117
5374,178
5375,129
5376,57
5377,113
5378,117
5379,75
5379,117
5380,117
5380,126
5380,165
5380,172
5381,117
5381,124
5382,89
5382,117
5382,141
5382,152
5383,11
5383,117
5384,117
5385,117
5386,139
5387,117
5388,74
5389,36
5390,117
5390,133
5390,141
5391,117
5392,117
5392,140
5393,74
5394,74
5395,74
5395,117
5395,178
5396,117
5397,127
5398,178
5399,141
5400,117
5400,133
5400,165
5401,102
5402,36
5403,117
5404,113
5405,117
5406,38
5406,117
5406,188
5407,38
5408,57
5409,117
5409,124
5410,74
5411,75
5412,36
5412,117
5412,126
5412,165
5413,117
5414,117
5414,152
5414,189
5415,126
5416,117
5417,36
5418,38
5419,117
5420,38
5421,57
5421,117
5422,127
5423,117
5424,99
5424,117
5425,57
5426,57
5427,117
5428,117
5429,126
5430,117
5431,117
5432,117
5433,51
5433,109
5433,117
5433,124
5433,126
5433,139
5434,75
5435,117
5435,126
5435,148
5436,117
5436,126
5437,117
5438,117
5439,117
5440,117
5441,117
5442,36
5443,38
5444,38
5445,36
5445,117
5445,182
5446,38
5447,140
5448,178
5449,117
5450,117
5451,11
5451,117
5452,57
5453,117
5454,117
5455,117
5455,126
5456,117
5457,117
5458,75
5459,141
5460,117
5461,178
5462,178
5463,74
5464,178
5465,107
5466,36
5466,117
5467,113
5468,117
5469,117
5470,117
5470,124
5470,139
5471,117
5472,36
5472,117
5473,117
5474,74
5474,117
5475,117
5475,188
5476,113
5477,31
5478,57
5478,117
5478,133
5479,140
5479,141
5480,117
5481,31
5481,67
5482,36
5482,117
5483,117
5484,74
5485,113
5486,178
5487,172
5488,102
5489,172
5490,139
5491,9
5491,38
5491,86
5491,95
5491,117
5492,117
5493,117
5493,172
5494,28
5494,117
5494,124
5495,38
5496,117
5497,36
5497,117
5497,126
5498,75
5499,117
5500,141
5501,124
5502,74
5502,117
5503,117
5504,117
5504,140
5505,117
5505,126
5505,158
5506,117
5506,119
5506,124
5506,178
5507,117
5508,117
5509,117
5510,117
5510,126
5511,40
5512,117
5513,117
5513,179
5514,36
5515,117
5515,124
5516,36
5517,117
5518,36
5518,117
5518,124
5519,74
5520,105
5521,36
5521,117
5522,126
5523,38
5523,102
5523,117
5523,186
5524,117
5524,126
5525,113
5526,126
5527,117
5528,117
5529,178
5530,117
5531,158
5532,40
5532,117
5532,122
5533,117
5534,133
5535,113
5536,36
5536,57
5536,117
5537,117
5538,36
5539,117
5540,124
5541,117
5542,158
5543,57
5544,57
5544,117
5545,117
5546,158
5547,158
5548,158
5549,141
5550,117
5551,113
5552,158
5553,117
5554,117
5554,126
5554,133
5554,141
5555,36
5556,117
5557,31
5557,97
5557,126
5557,133
5557,140
5557,141
5557,151
5558,178
5559,178
5560,178
5561,178
5562,178
5563,178
5564,178
5565,178
5566,178
5567,178
5568,188
5569,38
5569,188
5570,117
5570,140
5570,141
5570,152
5571,113
5572,117
5573,117
5574,178
5575,117
5576,117
5577,117
5578,117
5578,152
5579,117
5580,113
5581,117
5582,117
5582,140
5583,179
5584,141
5585,117
5585,124
5585,139
5586,117
5587,117
5588,126
5589,117
5590,36
5591,36
5592,117
5593,113
5594,178
5595,117
5596,74
5597,74
5598,74
5598,178
5599,74
5600,126
5601,74
5602,74
5603,74
5604,117
5604,126
5604,141
5605,124
5606,74
5607,74
5608,113
5609,74
5610,117
5611,140
5612,113
5613,74
5614,74
5615,117
5616,74
5617,117
5618,74
5618,117
5618,126
5619,74
5620,113
5621,126
5622,117
5622,178
5623,178
5624,74
5625,126
5626,74
5627,178
5628,74
5629,124
5630,74
5631,74
5632,38
5632,117
5633,117
5634,117
5635,178
5636,57
5637,57
5638,28
5638,36
5638,117
5638,124
5639,57
5640,57
5641,117
5642,117
5643,141
5644,74
5644,117
5644,124
5644,178
5645,113
5646,117
5647,51
5648,117
5649,74
5650,117
5651,117
5652,117
5653,126
5654,117
5655,117
5656,117
5657,117
5658,117
5659,36
5659,117
5659,126
5660,113
5661,74
5662,36
5663,158
5664,117
5665,117
5666,117
5667,126
5668,117
5669,36
5669,117
5670,126
5671,178
5672,178
5673,117
5674,160
5675,51
5675,117
5676,117
5677,117
5678,117
5679,117
5680,117
5681,51
5682,117
5683,117
5684,117
5685,141
5686,117
5687,117
5688,178
5689,31
5690,31
5691,31
5692,31
5693,178
5694,31
5695,31
5696,117
5696,178
5697,31
5698,31
5698,57
5698,117
5698,140
5699,126
5700,117
5700,126
5701,140
5702,126
5703,178
5704,117
5705,102
5706,141
5707,178
5708,124
5709,117
5710,38
5710,74
5710,117
5710,124
5710,126
5710,127
5710,140
5710,178
5711,117
5712,113
5713,139
5714,139
5715,124
5716,74
5716,117
5717,117
5718,152
5719,38
5719,102
5719,114
5719,117
5720,38
5720,117
5720,126
5721,113
5722,117
5723,117
5724,87
5725,141
5726,74
5727,117
5727,178
5728,186
5729,36
5730,36
5730,117
5730,126
5731,117
5732,40
5732,122
5733,120
5733,141
5734,125
5734,141
5735,178
5736,178
5737,117
5738,178
5739,57
5740,57
5741,57
5742,57
5743,36
5743,117
5743,126
5744,126
5745,126
5746,36
5746,117
5746,126
5747,38
5747,117
5748,117
5749,126
5750,117
5751,117
5752,38
5752,117
5752,124
5752,126
5752,141
5753,74
5754,74
5754,124
5754,158
5755,74
5756,74
5757,117
5758,141
5759,117
5760,51
5760,117
5761,113
5762,117
5762,140
5763,36
5764,133
5765,38
5766,82
5766,141
5767,117
5768,113
5769,113
5770,117
5771,141
5772,141
5773,36
5774,57
5775,124
5776,28
5776,124
5777,117
5777,126
5778,74
5779,74
5780,178
5781,57
5782,57
5783,57
5784,57
5785,57
5786,57
5787,57
5788,57
5789,113
5790,36
5790,117
5791,117
5792,36
5793,178
5794,117
5795,158
5796,95
5796,117
5797,117
5798,40
5798,117
5798,127
5798,140
5799,117
5800,75
5801,117
5802,117
5803,36
5803,117
5804,113
5805,117
5806,117
5807,117
5808,117
5809,117
5809,141
5809,178
5810,75
5811,38
5812,178
5813,178
5814,38
5815,95
5816,117
5817,38
5817,117
5818,117
5819,38
5820,38
5820,117
5821,38
5821,117
5822,113
5823,117
5824,117
5825,87
5826,36
5827,117
5827,127
5828,117
5829,133
5830,117
5830,126
5830,178
5831,36
5831,117
5832,95
5832,117
5832,124
5833,117
5834,117
5835,113
5836,36
5837,126
5838,178
5839,178
5840,126
5841,34
5841,87
5842,117
5843,87
5844,87
5845,47
5845,117
5845,133
5845,165
5846,87
5847,87
5848,74
5848,117
5849,117
5850,178
5851,75
5852,113
5853,117
5854,178
5855,178
5856,178
5857,178
5858,117
5858,178
5859,117
5860,117
5861,117
5862,117
5863,117
5864,117
5865,117
5866,38
5866,49
5867,74
5867,124
5868,49
5869,117
5870,117
5871,87
5872,152
5873,36
5874,117
5875,87
5876,87
5877,87
5878,51
5878,117
5879,38
5879,49
5880,38
5881,117
5882,117
5883,36
5884,117
5884,126
5885,117
5885,140
5886,74
5887,127
5888,31
5889,117
5890,31
5891,119
5892,117
5892,133
5892,141
5893,40
5893,122
5894,117
5895,117
5896,38
5897,119
5898,117
5899,36
5899,117
5900,117
5901,75
5902,13
5902,117
5902,165
5903,113
5904,74
5904,117
5905,74
5905,117
5906,36
5907,113
5908,117
5908,124
5908,139
5909,141
5910,74
5911,117
5912,141
5913,126
5914,87
5914,141
5915,158
5916,117
5916,126
5916,141
5916,158
5917,117
5918,117
5919,31
5920,117
5920,126
5921,119
5922,31
5922,117
5923,117
5924,117
5925,119
5926,126
5927,117
5928,36
5928,126
5929,119
5930,119
5931,179
5932,113
5933,117
5933,157
5933,160
5933,188
5934,119
5935,117
5936,148
5937,117
5938,38
5939,49
5940,119
5941,13
5941,36
5941,57
5941,79
5941,117
5942,117
5942,126
5942,129
5942,140
5942,141
5943,117
5943,187
5944,117
5945,117
5946,178
5947,178
5948,178
5949,60
5949,117
5950,141
5951,141
5952,141
5953,117
5954,51
5954,117
5954,124
5955,117
5955,126
5956,117
5957,113
5958,17
5958,36
5958,117
5959,117
5960,36
5960,78
5961,126
5962,36
5962,117
5963,117
5964,117
5965,74
5966,117
5967,57
5967,127
5968,127
5969,117
5970,178
5971,133
5972,36
5972,117
5973,36
5974,117
5975,119
5976,117
5976,119
5976,124
5977,117
5978,36
5979,36
5980,133
5981,117
5982,117
5983,113
5984,113
5985,38
5985,117
5986,75
5987,36
5987,75
5987,117
5988,113
5989,75
5990,40
5990,122
5991,40
5991,122
5992,40
5992,117
5993,40
5993,117
5993,122
5993,126
5994,40
5994,122
5995,75
5996,178
5997,107
5998,117
5999,117
6000,117
6001,126
6002,117
6003,11
6003,36
6003,57
6003,87
6003,117
6003,126
6004,117
6005,117
6006,117
6007,28
6007,124
6008,36
6008,117
6009,117
6010,117
6011,51
6011,117
6012,126
6013,36
6014,182
6015,133
6016,36
6016,75
6016,117
6017,117
6018,117
6019,141
6020,113
6021,141
6022,31
6023,31
6024,31
6025,178
6026,117
6027,117
6027,124
6028,117
6029,39
6029,117
6030,38
6030,117
6031,11
6031,117
6032,40
6032,122
6033,40
6033,122
6034,36
6034,40
6034,122
6035,40
6035,122
6036,40
6036,122
6037,40
6037,122
6038,36
6038,75
6038,117
6039,133
6040,113
6041,117
6042,117
6043,51
6044,36
6044,117
6044,124
6045,117
6046,117
6047,117
6047,126
6048,117
6049,117
6050,117
6051,36
6051,117
6052,126
6053,113
6054,117
6055,117
6056,178
6057,117
6058,57
6058,117
6059,117
6060,40
6060,122
6061,40
6061,122
6062,40
6062,122
6063,40
6063,122
6064,117
6065,117
6066,117
6067,113
6068,119
6068,126
6069,126
6069,133
6070,117
6070,124
6070,140
6071,117
6072,40
6072,122
6073,40
6073,117
6073,122
6074,158
6075,117
6076,57
6077,117
6078,158
6079,49
6080,38
6080,117
6080,160
6081,38
6081,188
6082,117
6083,49
6084,158
6085,38
6086,38
6086,102
6086,117
6086,188
6087,117
6088,140
6089,82
6089,117
6090,117
6090,120
6090,126
6091,117
6092,117
6093,36
6094,57
6094,117
6094,177
6095,117
6096,117
6097,117
6098,113
6099,74
6100,119
6101,117
6102,49
6103,36
6103,117
6103,133
6104,46
6104,158
6105,36
6105,117
6106,126
6107,36
6108,119
6109,119
6109,178
6110,117
6111,75
6112,117
6113,113
6114,119
6115,117
6116,40
6116,122
6117,40
6117,122
6118,36
6119,40
6119,117
6120,40
6120,117
6120,122
6121,74
6122,74
6123,74
6124,113
6125,74
6126,74
6127,74
6128,38
6129,40
6129,122
6130,40
6130,122
6131,40
6131,122
6132,40
6132,122
6133,40
6133,122
6134,40
6134,122
6135,40
6135,74
6135,122
6135,178
6136,113
6137,124
6138,74
6139,74
6140,117
6141,74
6142,126
6143,119
6144,119
6145,74
6145,119
6146,74
6147,117
6147,124
6148,119
6149,102
6150,117
6151,126
6152,36
6152,141
6153,117
6154,75
6155,36
6156,95
6157,117
6158,74
6158,178
6159,117
6159,126
6160,119
6161,75
6161,141
6162,178
6163,117
6163,119
6163,141
6164,117
6165,36
6166,36
6166,117
6166,139
6167,38
6168,117
6169,36
6170,117
6171,117
6172,117
6173,38
6174,178
6175,74
6176,117
6177,36
6177,117
6178,117
6179,113
6180,31
6180,36
6181,117
6182,75
6183,178
6184,117
6185,8
6185,117
6186,36
6187,117
6187,126
6187,141
6188,38
6189,136
6190,117
6190,126
6191,38
6192,38
6192,95
6192,117
6193,117
6194,183
6195,136
6196,38
6197,38
6198,117
6199,113
6200,117
6201,117
6202,113
6203,117
6204,117
6205,38
6205,117
6206,117
6207,117
6208,117
6209,124
6210,117
6211,117
6212,36
6213,117
6214,117
6215,36
6216,36
6217,119
6218,75
6219,117
6220,117
6220,124
6221,57
6222,117
6223,11
6223,57
6223,117
6223,126
6223,141
6224,178
6225,117
6226,117
6227,113
6228,178
6229,133
6229,140
6229,165
6230,139
6231,124
6231,139
6232,139
6233,117
6234,117
6235,24
6235,117
6235,159
6236,117
6237,97
6237,117
6237,126
6237,133
6237,141
6238,31
6238,117
6238,126
6238,141
6239,117
6240,117
6241,117
6242,117
6243,124
6244,113
6245,36
6246,117
6246,133
6246,179
6247,74
6248,124
6249,139
6250,36
6250,64
6251,139
6252,49
6253,178
6254,178
6255,139
6256,139
6257,178
6258,139
6259,102
6260,124
6260,139
6261,74
6262,117
6263,126
6264,119
6264,124
6264,139
6265,117
6266,113
6267,133
6268,139
6269,117
6270,117
6270,139
6270,178
6271,74
6272,36
6273,117
6273,124
6273,139
6274,38
6274,117
6274,139
6275,117
6275,124
6275,139
6276,139
6277,139
6278,139
6279,117
6280,117
6281,38
6282,51
6283,124
6283,139
6284,57
6285,160
6286,160
6287,74
6288,113
6289,38
6290,36
6291,117
6292,117
6293,183
6294,127
6295,117
6295,127
6295,141
6295,158
6296,127
6296,141
6297,127
6298,74
6299,36
6299,40
6299,117
6299,122
6300,36
6301,36
6302,117
6303,36
6304,117
6304,140
6305,178
6306,57
6307,113
6308,141
6309,117
6310,36
6310,117
6310,140
6310,141
6311,117
6312,117
6313,117
6314,13
6314,117
6315,117
6316,74
6317,74
6317,124
6317,178
6318,74
6319,117
6320,126
6321,36
6321,117
6321,120
6321,126
6322,141
6323,117
6323,126
6324,158
6325,124
6325,139
6326,124
6327,117
6328,75
6329,38
6330,113
6331,117
6332,117
6333,57
6333,117
6333,126
6334,117
6335,117
6336,141
6337,133
6338,178
6339,113
6340,113
6341,178
6342,124
6342,139
6343,117
6344,74
6344,117
6345,136
6346,49
6347,38
6348,172
6349,65
6349,140
6349,188
6350,49
6351,188
6352,117
6353,127
6354,117
6355,127
6356,117
6356,126
6357,28
6357,124
6357,178
6358,38
6359,117
6360,113
6361,36
6361,117
6362,117
6363,117
6364,117
6365,117
6366,178
6367,178
6368,117
6369,11
6369,36
6370,75
6371,113
6372,178
6373,178
6374,74
6374,178
6375,178
6376,136
6377,124
6377,139
6378,139
6379,36
6380,117
6380,141
6380,152
6381,36
6381,117
6381,133
6382,95
6383,117
6384,117
6385,113
6386,119
6387,74
6388,117
6389,117
6390,8
6390,117
6391,113
6392,5
6392,91
6392,117
6393,124
6394,36
6394,117
6394,133
6394,141
6395,117
6396,126
6396,133
6397,13
6397,117
6398,141
6398,172
6399,117
6399,126
6400,117
6401,117
6402,117
6403,117
6404,117
6405,117
6405,178
6406,178
6407,141
6408,117
6409,117
6410,178
6411,117
6411,126
6411,152
6412,117
6413,49
6414,178
6415,117
6415,178
6416,49
6417,49
6418,117
6418,179
6419,117
6420,117
6421,119
6422,117
6423,36
6423,117
6424,117
6425,113
6426,36
6427,117
6428,117
6429,117
6430,113
6431,117
6432,117
6433,117
6434,117
6435,117
6436,117
6437,117
6438,117
6439,117
6440,117
6441,117
6442,178
6443,179
6444,11
6444,117
6444,126
6444,133
6444,141
6444,178
6445,55
6445,107
6445,117
6445,141
6446,133
6447,178
6448,158
6449,158
6450,119
6451,11
6452,36
6453,36
6454,113
6455,117
6456,117
6457,117
6458,38
6459,75
6460,160
6461,139
6462,139
6463,117
6463,126
6463,139
6463,168
6464,124
6464,139
6465,139
6466,139
6467,117
6467,139
6468,117
6468,139
6469,139
6470,139
6471,139
6472,51
6472,117
6472,119
6472,124
6472,139
6473,117
6473,124
6473,139
6474,117
6474,139
6475,139
6476,117
6476,124
6476,139
6476,178
6477,124
6477,139
6478,117
6478,119
6478,139
6479,117
6479,124
6479,139
6480,139
6481,105
6481,117
6481,139
6482,117
6482,124
6482,139
6483,117
6483,139
6483,178
6484,117
6484,139
6485,117
6485,126
6485,139
6486,117
6486,139
6487,139
6487,140
6488,124
6488,139
6489,36
6489,107
6489,117
6489,126
6490,117
6491,117
6492,117
6493,117
6494,117
6495,117
6496,28
6496,124
6497,117
6498,117
6499,117
6500,124
6501,178
6502,74
6503,70
6503,117
6504,117
6505,126
6506,75
6507,117
6508,117
6509,117
6510,36
6511,87
6511,117
6511,141
6512,117
6513,141
6514,113
6515,36
6516,124
6517,28
6517,124
6518,113
6519,124
6520,124
6521,74
6522,28
6522,124
6523,124
6524,124
6525,178
6526,124
6527,117
6528,117
6529,113
6530,141
6531,117
6531,131
6532,178
6533,117
6533,124
6534,124
6535,27
6535,117
6535,169
6535,179
6536,117
6537,178
6538,158
6539,178
6540,113
6541,117
6542,38
6542,178
6543,178
6544,38
6544,178
6545,38
6545,178
6546,38
6546,178
6547,178
6548,38
6548,57
6548,178
6549,36
6549,38
6549,74
6549,110
6549,178
6549,182
6550,38
6550,51
6550,178
6551,38
6551,178
6552,38
6552,178
6553,38
6553,178
6554,38
6554,178
6555,38
6555,178
6556,38
6556,74
6556,133
6556,178
6557,186
6558,38
6558,178
6559,38
6559,178
6560,38
6560,178
6561,38
6561,178
6562,38
6562,178
6563,178
6564,178
6565,38
6565,178
6566,38
6566,117
6566,178
6567,178
6568,178
6569,38
6569,178
6570,38
6570,178
6571,38
6571,178
6572,38
6572,178
6573,38
6573,178
6574,38
6574,178
6575,38
6575,117
6575,139
6576,117
6577,124
6578,38
6578,117
6579,40
6579,122
6580,152
6581,117
6582,117
6583,119
6584,82
6584,117
6585,117
6585,119
6585,152
6586,152
6587,152
6588,11
6588,162
6589,117
6589,152
6590,82
6591,117
6592,82
6592,152
6593,82
6594,36
6594,117
6594,126
6594,133
6595,49
6596,113
6597,40
6597,117
6597,122
6597,178
6598,117
6599,36
6599,100
6599,107
6599,117
6599,126
6599,141
6599,178
6600,113
6601,113
6602,117
6603,87
6604,124
6605,178
6606,124
6607,74
6607,117
6607,124
6607,139
6608,124
6609,124
6609,139
6610,117
6611,117
6612,117
6612,124
6613,75
6614,117
6614,141
6615,117
6616,139
6617,139
6618,117
6619,117
6620,117
6621,117
6622,113
6623,117
6624,133
6625,38
6625,117
6626,113
6627,117
6628,113
6629,126
6630,141
6631,117
6632,36
6632,117
6633,117
6634,36
6634,117
6634,126
6634,141
6634,165
6635,57
6635,117
6635,120
6635,139
6635,141
6635,178
6636,178
6637,117
6638,117
6638,126
6639,36
6639,117
6640,117
6641,11
6641,117
6641,141
6642,117
6643,36
6643,75
6644,141
6645,117
6645,139
6646,179
6647,117
6647,124
6648,124
6649,124
6650,113
6651,188
6652,117
6653,36
6653,74
6653,117
6654,124
6655,117
6656,36
6656,39
6656,117
6656,126
6657,107
6657,117
6658,117
6658,126
6658,141
6659,51
6659,122
6659,127
6660,117
6661,117
6662,117
6663,160
6664,75
6665,117
6666,158
6667,117
6667,133
6667,140
6667,141
6667,165
6668,117
6669,117
6670,117
6671,139
6672,124
6672,139
6673,139
6674,119
6674,124
6674,139
6675,178
6676,57
6676,117
6677,179
6678,178
6679,49
6680,126
6681,117
6682,124
6683,124
6684,117
6684,124
6684,139
6685,31
6686,124
6687,117
6687,124
6687,139
6687,179
6688,38
6689,124
6689,139
6690,36
6691,139
6692,124
6692,139
6693,139
6694,117
6695,117
6696,178
6697,117
6698,117
6698,133
6699,117
6700,36
6700,57
6700,117
6700,126
6701,38
6702,36
6702,117
6703,117
6704,133
6705,31
6705,105
6705,117
6705,140
6705,179
6706,36
6706,117
6707,117
6708,38
6708,188
6709,127
6710,178
6711,36
6712,117
6713,117
6714,74
6715,178
6716,117
6717,57
6717,117
6717,124
6718,117
6719,117
6720,74
6721,117
6722,117
6723,117
6723,140
6724,74
6725,74
6726,178
6727,36
6727,117
6728,117
6728,178
6728,179
6729,36
6730,117
6731,139
6731,178
6732,74
6733,36
6733,117
6733,126
6733,172
6734,178
6735,178
6736,74
6737,36
6738,76
6738,117
6739,113
6740,117
6741,117
6742,127
6743,117
6744,117
6745,65
6745,75
6745,140
6746,117
6747,74
6748,36
6749,113
6750,117
6751,113
6752,126
6753,126
6754,117
6755,117
6756,117
6756,126
6757,36
6757,117
6758,117
6759,36
6759,57
6759,117
6759,133
6759,141
6759,178
6760,124
6761,74
6762,178
6763,36
6763,75
6763,117
6764,74
6765,139
6766,74
6767,178
6768,117
6769,117
6770,117
6770,124
6770,139
6771,117
6772,127
6773,36
6773,126
6774,117
6774,141
6775,117
6775,126
6776,117
6777,117
6777,126
6777,133
6778,117
6779,113
6780,178
6781,117
6782,74
6783,117
6784,126
6784,140
6785,102
6786,49
6787,38
6788,186
6789,38
6790,117
6791,117
6792,38
6793,117
6794,117
6795,40
6795,122
6796,75
6797,117
6798,117
6799,74
6800,85
6800,117
6800,126
6800,165
6801,179
6802,36
6803,117
6804,75
6805,117
6806,124
6807,139
6808,124
6809,31
6809,117
6809,141
6809,152
6810,139
6811,117
6812,126
6813,74
6814,57
6814,117
6814,126
6814,141
6814,158
6815,178
6816,117
6817,178
6818,178
6819,117
6820,113
6821,117
6822,74
6823,178
6824,102
6825,178
6826,57
6826,117
6826,179
6827,117
6828,117
6829,117
6830,117
6830,141
6831,113
6832,117
6833,140
6833,178
6834,178
6835,178
6836,178
6837,117
6838,74
6839,158
6840,178
6841,178
6842,117
6843,38
6844,117
6845,117
6846,117
6846,126
6846,141
6847,11
6847,117
6848,36
6849,117
6850,178
6851,87
6851,126
6851,133
6852,178
6853,117
6854,178
6855,117
6856,178
6857,178
6858,178
6859,117
6860,38
6861,178
6862,38
6863,49
6863,136
6864,38
6864,117
6865,113
6866,38
6867,178
6868,20
6869,38
6870,178
6871,38
6872,38
6873,178
6874,117
6875,38
6875,117
6876,49
6877,178
6878,34
6878,38
6878,117
6878,178
6879,141
6880,38
6881,38
6882,38
6883,38
6884,38
6885,186
6886,38
6887,160
6888,117
6889,38
6890,38
6890,117
6891,38
6891,188
6892,36
6892,40
6892,117
6892,122
6893,38
6894,186
6895,49
6896,38
6897,38
6898,38
6899,119
6900,38
6901,36
6902,74
6903,113
6904,117
6905,117
6906,74
6907,117
6908,124
6909,117
6910,124
6910,139
6911,117
6912,17
6912,36
6912,140
6913,117
6914,113
6915,36
6916,117
6917,113
6918,36
6918,117
6919,74
6920,126
6920,141
6920,165
6921,74
6922,117
6923,126
6923,141
6924,74
6925,136
6926,117
6927,36
6927,117
6927,140
6928,117
6929,117
6930,117
6931,38
6931,49
6931,136
6932,117
6932,178
6933,117
6934,117
6935,124
6936,117
6937,36
6937,117
6938,117
6939,117
6940,36
6940,117
6941,117
6942,117
6943,117
6944,36
6945,113
6946,36
6947,117
6948,117
6949,117
6949,124
6949,126
6949,127
6950,74
6951,75
6952,124
6953,82
6954,117
6955,117
6956,74
6957,119
6958,117
6958,124
6958,139
6959,136
6960,113
6961,49
6962,112
6962,117
6963,117
6964,36
6964,126
6965,49
6966,107
6966,188
6967,74
6968,74
6969,74
6970,74
6971,74
6972,74
6973,95
6974,38
6975,113
6976,158
6977,38
6978,117
6979,117
6980,117
6980,179
6981,127
6982,117
6983,113
6984,113
6985,110
6986,11
6986,57
6986,117
6986,165
6987,87
6987,117
6987,126
6987,133
6987,141
6987,152
6988,117
6988,126
6989,113
6990,75
6991,178
6992,92
6992,117
6992,184
6993,117
6994,107
6994,117
6995,117
6996,75
6997,178
6998,117
6999,178
7000,117
7000,178
7001,51
7001,117
7002,117
7003,178
7004,117
7005,113
7006,117
7007,117
7008,36
7009,117
7010,113
7011,113
7012,117
7013,117
7014,117
7014,178
7015,117
7016,117
7017,117
7018,117
7018,160
7019,36
7020,36
7020,117
7020,126
7020,141
7021,74
7022,74
7023,117
7024,113
7025,117
7026,158
7027,158
7028,74
7029,117
7029,178
7030,178
7031,178
7032,117
7032,178
7033,178
7034,178
7035,117
7035,141
7036,74
7037,74
7038,36
7038,117
7039,74
7039,126
7040,36
7040,117
7040,145
7041,74
7042,74
7043,74
7044,74
7045,74
7046,74
7047,74
7048,74
7048,117
7049,74
7050,117
7051,178
7052,74
7053,117
7053,140
7054,74
7054,117
7054,119
7054,124
7054,140
7055,117
7056,74
7057,74
7058,74
7059,74
7060,36
7060,117
7060,140
7061,74
7062,117
7063,74
7064,40
7064,74
7064,117
7065,74
7066,74
7066,105
7066,117
7066,126
7067,74
7068,74
7069,74
7070,74
7071,126
7072,36
7072,117
7073,74
7074,74
7074,178
7075,18
7075,117
7075,141
7075,178
7076,74
7077,74
7078,74
7079,74
7080,117
7081,11
7081,117
7081,126
7081,133
7081,141
7082,178
7083,74
7084,178
7085,74
7085,89
7085,124
7086,74
7087,117
7088,74
7089,74
7090,74
7091,74
7092,74
7093,74
7094,74
7095,74
7096,74
7097,117
7098,17
7098,36
7098,79
7098,117
7098,120
7098,140
7098,178
7099,74
7100,117
7101,74
7102,74
7103,74
7104,74
7104,178
7105,74
7106,117
7107,74
7107,117
7107,178
7108,117
7109,13
7109,117
7110,74
7110,126
7111,74
7112,117
7112,152
7113,117
7114,74
7115,74
7116,74
7117,74
7118,74
7119,117
7120,117
7121,36
7121,75
7121,117
7122,57
7122,82
7123,113
7124,178
7125,178
7126,74
7127,74
7127,117
7127,124
7127,133
7127,139
7128,38
7128,160
7129,38
7130,49
7131,160
7132,38
7133,38
7134,95
7135,160
7136,38
7136,117
7137,49
7138,49
7139,141
7140,113
7141,160
7142,49
7143,38
7143,75
7143,95
7143,102
7143,117
7144,38
7145,57
7145,117
7145,141
7146,38
7147,160
7148,117
7149,38
7149,117
7149,188
7150,102
7151,38
7152,186
7153,160
7154,160
7155,188
7156,38
7157,38
7158,160
7159,38
7160,160
7161,38
7161,102
7161,117
7162,49
7163,117
7164,117
7165,160
7166,38
7166,188
7167,160
7168,38
7168,117
7169,117
7170,117
7171,113
7172,117
7173,117
7174,158
7175,11
7175,36
7175,141
7176,36
7176,75
7177,117
7178,117
7179,178
7180,36
7180,117
7180,182
7181,117
7182,117
7183,36
7183,117
7184,127
7185,38
7185,57
7185,117
7185,124
7185,126
7185,133
7186,117
7187,75
7188,139
7189,105
7189,117
7189,178
7190,117
7191,13
7191,117
7192,75
7193,74
7194,117
7195,117
7196,117
7197,117
7198,113
7199,117
7200,75
7201,75
7202,75
7203,139
7204,117
7205,117
7206,117
7207,117
7208,117
7209,75
7209,117
7210,141
7211,117
7212,117
7212,126
7213,158
7214,152
7215,117
7215,125
7215,133
7215,141
7216,117
7217,57
7218,117
7219,95
7220,117
7221,117
7222,126
7223,117
7224,95
7225,86
7226,186
7227,49
7228,38
7228,117
7228,160
7229,117
7230,11
7230,57
7230,117
7230,133
7231,113
7232,113
7233,117
7234,36
7235,178
7236,124
7237,119
7238,119
7239,117
7240,133
7241,117
7242,113
7243,158
7244,117
7245,117
7246,117
7247,117
7247,119
7248,50
7248,117
7248,126
7249,117
7249,124
7250,117
7251,113
7252,75
7253,178
7254,126
7255,119
7256,117
7257,120
7258,119
7259,119
7260,119
7261,117
7262,119
7263,119
7264,117
7265,117
7266,178
7267,113
7268,117
7269,117
7270,117
7271,36
7271,117
7271,141
7272,117
7273,36
7273,117
7274,117
7275,117
7275,126
7276,178
7277,178
7278,178
7279,178
7280,74
7281,117
7281,133
7281,140
7281,141
7282,178
7283,117
7284,36
7284,74
7284,75
7284,117
7284,141
7284,178
7285,36
7285,117
7285,182
7286,38
7287,119
7288,38
7289,38
7290,126
7291,38
7292,38
7292,117
7293,113
7294,119
7295,38
7296,36
7296,74
7296,75
7296,117
7296,141
7296,178
7297,36
7297,117
7298,117
7299,117
7300,38
7301,49
7301,136
7302,38
7303,117
7304,124
7305,117
7306,113
7307,117
7308,117
7309,178
7310,124
7311,178
7312,8
7312,117
7312,140
7312,187
7313,117
7314,117
7315,117
7316,17
7316,117
7316,141
7317,117
7318,117
7319,117
7320,38
7321,49
7322,38
7323,38
7324,38
7325,178
7326,117
7327,117
7328,117
7329,36
7329,117
7329,181
7330,124
7331,117
7332,117
7333,117
7334,117
7335,113
7336,36
7336,117
7337,31
7338,178
7339,126
7340,139
7341,139
7342,124
7342,139
7343,124
7343,139
7344,124
7344,139
7345,38
7346,139
7347,117
7347,139
7348,139
7349,139
7350,139
7351,124
7351,139
7352,139
7353,117
7353,139
7354,73
7354,117
7354,126
7355,117
7356,126
7357,126
7358,126
7359,117
7360,117
7361,38
7362,74
7363,133
7364,36
7364,117
7365,117
7365,126
7365,141
7366,117
7367,117
7368,117
7369,36
7370,113
7371,117
7372,117
7373,117
7374,117
7375,117
7376,117
7377,36
7378,113
7379,113
7380,113
7381,113
7382,113
7383,113
7384,74
7385,113
7386,113
7387,141
7388,113
7389,113
7390,113
7391,113
7392,113
7393,113
7394,113
7395,113
7396,113
7397,113
7398,113
7399,117
7399,126
7400,113
7401,126
7402,113
7403,113
7404,113
7405,113
7406,113
7407,113
7408,113
7409,113
7410,113
7411,113
7412,87
7413,113
7414,113
7415,113
7416,113
7417,36
7418,113
7419,75
7419,178
7420,127
7421,113
7422,87
7423,113
7424,113
7425,113
7426,57
7427,113
7428,113
7429,113
7430,57
7431,113
7432,113
7433,113
7434,113
7435,113
7436,113
7437,57
7438,113
7439,57
7440,113
7441,113
7442,113
7443,57
7444,113
7445,113
7446,113
7447,87
7448,113
7449,113
7450,113
7451,113
7452,113
7453,113
7454,36
7454,117
7455,113
7456,113
7457,113
7458,75
7458,154
7459,75
7460,113
7461,113
7462,113
7463,57
7464,113
7465,113
7466,57
7467,113
7468,113
7469,113
7470,113
7471,113
7472,113
7473,178
7474,119
7475,113
7476,178
7477,113
7478,113
7479,113
7480,113
7481,75
7482,113
7483,113
7484,113
7485,113
7486,113
7487,113
7488,113
7489,113
7490,113
7491,113
7492,113
7493,113
7494,113
7495,113
7496,113
7497,113
7498,113
7499,113
7500,113
7501,113
7502,113
7503,113
7504,113
7505,113
7506,113
7507,113
7508,113
7509,113
7510,113
7511,113
7512,113
7513,117
7514,113
7515,113
7516,113
7517,113
7518,38
7519,113
7520,113
7521,113
7522,113
7523,113
7524,113
7525,113
7526,113
7527,113
7528,113
7529,87
7530,113
7531,113
7532,113
7533,113
7534,113
7535,113
7536,113
7537,113
7538,113
7539,113
7540,113
7541,113
7542,113
7543,113
7544,113
7545,113
7546,113
7547,113
7548,113
7549,113
7550,113
7551,113
7552,113
7553,113
7554,113
7555,113
7556,113
7557,113
7558,113
7559,113
7560,113
7561,113
7562,113
7563,113
7564,113
7565,113
7566,113
7567,113
7568,117
7568,178
7569,113
7570,113
7571,113
7572,113
7573,113
7574,113
7575,113
7576,3
7577,113
7578,113
7579,113
7580,113
7581,119
7582,113
7583,113
7584,113
7585,113
7586,113
7587,74
7588,113
7589,113
7590,113
7591,113
7592,113
7593,113
7594,36
7595,113
7596,113
7597,113
7598,113
7599,113
7600,113
7601,113
7602,113
7603,113
7604,113
7605,53
7606,113
7607,113
7608,113
7609,113
7610,113
7611,113
7612,178
7613,113
7614,113
7615,113
7616,113
7617,113
7618,113
7619,113
7620,113
7621,113
7622,117
7623,113
7624,113
7625,113
7626,113
7627,113
7628,113
7629,113
7630,113
7631,113
7632,113
7633,113
7634,113
7635,113
7636,113
7637,113
7638,178
7639,113
7640,113
7641,117
7642,113
7643,113
7644,113
7645,113
7646,178
7647,113
7648,113
7649,113
7650,113
7651,113
7652,113
7653,75
7654,95
7655,113
7656,113
7657,113
7658,113
7659,113
7660,113
7661,113
7662,113
7663,113
7664,113
7665,113
7666,113
7667,113
7668,113
7669,113
7670,113
7671,113
7672,113
7673,113
7674,113
7675,113
7676,53
7677,36
7677,117
7677,133
7677,178
7678,113
7679,113
7680,113
7681,179
7682,82
7683,141
7684,113
7685,113
7686,113
7687,113
7688,113
7689,113
7690,113
7691,36
7691,117
7691,124
7691,139
7692,31
7693,75
7694,113
7695,119
7696,113
7697,113
7698,113
7699,113
7700,113
7701,113
7702,113
7703,113
7704,113
7705,113
7706,113
7707,113
7708,113
7709,113
7710,113
7711,113
7712,113
7713,17
7713,117
7714,117
7715,126
7716,113
7717,113
7718,113
7719,117
7719,124
7720,124
7721,113
7722,113
7723,113
7724,113
7725,113
7726,113
7727,113
7728,113
7729,113
7730,113
7731,31
7731,117
7732,113
7733,113
7734,113
7735,113
7736,113
7737,113
7738,113
7739,36
7739,117
7740,113
7741,113
7742,113
7743,113
7744,103
7744,105
7744,117
7745,113
7746,113
7747,113
7748,74
7749,74
7750,74
7751,74
7752,74
7753,117
7754,36
7754,117
7755,113
7756,117
7757,113
7758,113
7759,113
7760,113
7761,36
7762,113
7763,36
7764,113
7765,113
7766,113
7767,113
7768,113
7769,113
7770,113
7771,113
7772,113
7773,87
7774,127
7775,113
7776,113
7777,113
7778,113
7779,113
7780,113
7781,113
7782,113
7783,113
7784,113
7785,113
7786,31
7787,113
7788,113
7789,113
7790,113
7791,53
7792,113
7793,53
7794,113
7795,113
7796,113
7797,113
7798,117
7799,113
7800,113
7801,119
7802,113
7803,36
7803,117
7803,178
7804,87
7805,113
7806,117
7807,113
7808,113
7809,113
7810,113
7811,113
7812,113
7813,113
7814,113
7815,113
7816,113
7817,113
7818,113
7819,113
7820,113
7821,113
7822,113
7823,113
7824,113
7825,113
7826,113
7827,113
7828,113
7829,113
7830,126
7831,113
7832,113
7833,113
7834,113
7835,113
7836,113
7837,113
7838,113
7839,113
7840,113
7841,113
7842,113
7843,178
7844,113
7845,113
7846,113
7847,113
7848,113
7849,113
7850,178
7851,113
7852,113
7853,113
7854,113
7855,36
7856,113
7857,113
7858,113
7859,124
7860,113
7861,113
7862,113
7863,113
7864,113
7865,113
7866,113
7867,113
7868,178
7869,113
7870,113
7871,113
7872,113
7873,113
7874,113
7875,113
7876,113
7877,113
7878,113
7879,113
7880,113
7881,113
7882,113
7883,113
7884,113
7885,113
7886,113
7887,113
7888,113
7889,113
7890,113
7891,113
7892,113
7893,113
7894,113
7895,113
7896,36
7897,113
7898,113
7899,113
7900,113
7901,36
7902,113
7903,178
7904,113
7905,36
7906,113
7907,31
7908,113
7909,113
7910,113
7911,113
7912,113
7913,113
7914,113
7915,113
7916,113
7917,113
7918,113
7919,113
7920,113
7921,113
7922,113
7923,113
7924,113
7925,113
7926,57
7927,57
7928,113
7929,113
7930,113
7931,113
7932,113
7933,113
7934,113
7935,74
7935,178
7936,113
7937,113
7938,36
7939,113
7940,113
7941,113
7942,113
7943,113
7944,113
7945,113
7946,113
7947,113
7948,113
7949,113
7950,113
7951,57
7952,117
7953,113
7954,113
7955,113
7956,113
7957,113
7958,113
7959,113
7960,152
7961,113
7962,113
7963,113
7964,117
7964,178
7965,113
7966,158
7967,126
7968,113
7969,113
7970,113
7971,158
7972,113
7973,113
7974,113
7975,113
7976,113
7977,113
7978,113
7979,158
7980,113
7981,113
7982,113
7983,113
7984,113
7985,38
7986,113
7987,113
7988,113
7989,113
7990,113
7991,113
7992,117
7993,113
7994,113
7995,117
7996,113
7997,113
7998,51
7999,113
8000,113
8001,57
8002,113
8003,113
8004,113
8005,11
8005,57
8006,113
8007,113
8008,117
8009,113
8010,113
8011,113
8012,117
8013,113
8014,113
8015,158
8016,113
8017,57
8018,117
8019,113
8020,113
8021,117
8022,113
8023,113
8024,113
8025,113
8026,113
8027,117
8028,113
8029,117
8030,117
8031,74
8032,113
8033,75
8034,117
8035,119
8036,113
8037,113
8038,119
8039,113
8040,11
8040,120
8040,133
8041,113
8042,113
8043,113
8044,36
8044,117
8044,124
8044,126
8044,140
8044,141
8044,184
8045,57
8046,113
8047,57
8048,113
8049,57
8050,178
8051,113
8052,117
8053,87
8054,113
8055,113
8056,113
8057,117
8057,133
8058,113
8059,113
8060,117
8061,113
8062,141
8063,113
8064,117
8065,117
8066,117
8067,113
8068,113
8069,40
8069,117
8070,113
8071,113
8072,31
8072,117
8072,140
8072,162
8073,113
8074,113
8075,38
8076,113
8077,113
8078,113
8079,113
8080,113
8081,113
8082,113
8083,113
8084,113
8085,113
8086,38
8087,113
8088,113
8089,119
8090,113
8091,113
8092,113
8093,117
8093,178
8094,113
8095,113
8096,113
8097,75
8098,74
8099,36
8100,36
8101,117
8102,117
8102,178
8103,74
8104,117
8105,75
8106,178
8107,113
8108,113
8109,113
8110,74
8111,113
8112,113
8113,113
8114,113
8115,113
8116,113
8117,74
8118,113
8119,141
8120,113
8121,113
8122,139
8123,117
8123,178
8124,75
8125,113
8126,113
8127,113
8128,113
8129,113
8130,113
8131,113
8132,113
8133,113
8134,113
8135,113
8136,36
8137,36
8138,117
8139,113
8140,113
8141,113
8142,113
8143,113
8144,113
8145,36
8145,117
8146,113
8147,113
8148,36
8149,113
8150,113
8151,117
8152,38
8153,38
8154,38
8155,38
8155,117
8155,140
8155,188
8156,38
8156,188
8157,38
8157,102
8157,117
8158,38
8159,38
8159,188
8160,36
8160,75
8161,117
8161,124
8161,139
8162,140
8163,178
8164,117
8165,117
8166,117
8167,178
8168,117
8168,178
8169,178
8170,178
8171,178
8172,178
8173,124
8173,139
8174,186
8175,186
8176,117
8176,133
8177,186
8178,117
8179,186
8180,186
8181,188
8182,36
8183,124
8184,117
8184,179
8185,186
8186,186
8187,139
8188,124
8188,139
8189,139
8190,124
8190,139
8191,139
8192,139
8193,178
8194,119
8195,119
8196,117
8197,117
8198,117
8199,117
8200,36
8200,117
8200,126
8201,117
8202,133
8203,36
8204,75
8204,117
8205,140
8205,172
8206,182
8207,117
8208,117
8209,126
8209,133
8210,133
8210,141
8211,117
8211,133
8212,117
8212,133
8213,117
8214,36
8214,74
8214,105
8214,107
8214,117
8214,126
8214,148
8215,119
8216,119
8217,117
8217,119
8218,117
8218,119
8219,119
8220,119
8221,38
8221,75
8221,117
8221,124
8221,141
8222,38
8223,36
8224,133
8225,117
8225,133
8226,139
8227,124
8227,139
8228,124
8229,124
8230,117
8230,133
8231,178
8232,178
8233,178
8234,178
8235,178
8236,178
8237,133
8237,178
8238,178
8239,133
8239,178
8240,178
8241,133
8241,178
8242,36
8242,38
8242,117
8242,139
8242,140
8243,133
8244,117
8245,117
8246,113
8247,117
8247,133
8247,141
8248,133
8249,133
8250,133
8251,117
8251,124
8252,117
8253,178
8254,117
8255,117
8256,55
8256,117
8257,117
8257,126
8258,117
8259,117
8260,117
8261,126
8261,141
8261,178
8262,178
8263,74
8264,117
8264,133
8265,36
8266,178
8267,178
8268,133
8269,133
8270,133
8271,57
8271,133
8272,133
8273,133
8274,133
8275,133
8276,36
8277,133
8278,178
8279,36
8280,117
8281,117
8282,36
8283,178
8284,124
8285,117
8286,117
8287,117
8288,36
8289,117
8290,36
8290,117
8291,36
8291,117
8292,133
8293,117
8294,133
8295,178
8296,31
8296,36
8296,57
8296,87
8296,117
8296,133
8296,135
8296,140
8297,178
8298,74
8298,117
8298,178
8299,124
8300,133
8301,133
8302,133
8303,36
8304,117
8304,126
8305,117
8306,36
8307,117
8308,75
8309,113
8310,133
8311,117
8312,117
8313,133
8314,133
8315,133
8316,133
8317,133
8318,57
8318,87
8318,117
8318,126
8319,133
8320,74
8321,107
8321,117
8321,133
8322,117
8323,133
8324,117
8325,124
8326,117
8327,117
8328,36
8328,117
8328,182
8329,133
8330,133
8331,133
8332,133
8333,133
8334,133
8335,141
8335,158
8336,158
8337,113
8338,126
8339,178
8340,178
8341,57
8341,117
8341,126
8341,141
8342,117
8343,141
8344,141
8345,124
8345,139
8346,186
8347,179
8348,124
8349,186
8350,117
8350,124
8350,139
8351,38
8352,117
8353,179
8354,186
8355,117
8356,124
8356,139
8357,117
8358,124
8359,117
8360,38
8361,38
8362,117
8363,186
8364,117
8365,63
8365,124
8366,117
8367,117
8368,117
8368,124
8369,186
8370,186
8371,38
8372,139
8373,117
8374,186
8375,186
8376,117
8377,117
8378,38
8378,133
8378,141
8379,38
8379,49
8379,114
8379,117
8380,38
8381,186
8382,38
8383,117
8384,186
8385,186
8386,117
8387,117
8388,36
8389,117
8390,117
8391,36
8391,117
8392,75
8393,36
8394,126
8395,117
8396,117
8397,117
8398,117
8399,36
8400,117
8401,74
8402,117
8402,124
8403,117
8404,74
8405,117
8406,74
8407,117
8408,11
8408,117
8408,162
8408,179
8408,187
8409,178
8410,126
8411,178
8412,117
8413,106
8413,117
8413,140
8414,117
8415,117
8416,117
8417,74
8418,124
8419,11
8419,117
8420,117
8421,74
8422,117
8423,74
8424,117
8425,36
8426,36
8426,117
8426,126
8426,178
8427,57
8427,117
8427,126
8428,178
8429,178
8430,11
8431,36
8431,126
8432,117
8433,117
8433,144
8434,117
8434,141
8435,38
8435,117
8436,117
8436,140
8436,141
8437,36
8438,36
8439,117
8440,75
8441,117
8441,126
8441,141
8442,40
8442,117
8443,117
8444,36
8445,117
8446,57
8446,117
8446,135
8447,117
8448,36
8449,117
8450,117
8451,126
8452,117
8453,178
8454,117
8455,117
8456,117
8457,117
8458,36
8458,117
8459,119
8460,117
8461,117
8462,117
8463,117
8463,120
8464,107
8464,152
8465,117
8466,117
8467,117
8467,141
8468,117
8469,36
8470,126
8471,113
8472,3
8472,76
8472,117
8472,132
8473,117
8473,119
8474,117
8474,141
8475,117
8476,117
8477,117
8477,139
8478,28
8478,117
8478,124
8478,139
8479,74
8480,139
8481,74
8482,74
8483,36
8484,117
8485,117
8486,36
8486,50
8486,117
8486,126
8486,133
8487,36
8488,117
8489,158
8490,117
8491,117
8492,117
8493,117
8494,117
8495,36
8495,117
8496,117
8497,20
8497,117
8498,74
8499,74
8500,178
8501,117
8502,74
8503,36
8503,117
8503,133
8504,74
8505,188
8506,117
8507,74
8508,38
8509,186
8510,117
8511,36
8512,117
8513,117
8514,117
8515,113
8516,117
8516,119
8516,141
8517,117
8518,75
8519,117
8520,117
8521,117
8522,117
8523,178
8524,36
8524,117
8525,126
8526,117
8527,126
8528,117
8529,117
8530,117
8530,124
8530,178
8531,117
8532,117
8532,135
8533,82
8534,117
8535,133
8536,117
8537,126
8538,36
8538,105
8538,117
8539,36
8540,36
8541,117
8542,117
8542,148
8543,43
8543,97
8543,117
8543,141
8544,36
8545,117
8546,117
8547,178
8548,10
8548,117
8548,126
8549,117
8550,117
8551,117
8552,117
8553,49
8554,36
8555,117
8556,117
8556,126
8556,133
8556,152
8557,117
8558,117
8558,126
8558,165
8558,187
8559,178
8560,117
8561,36
8561,74
8561,117
8562,117
8563,74
8564,178
8565,36
8566,113
8567,183
8568,38
8569,114
8570,117
8570,133
8570,148
8571,113
8572,38
8572,117
8573,38
8574,117
8574,178
8575,186
8576,117
8577,49
8577,183
8578,36
8578,117
8579,117
8580,117
8581,113
8582,117
8583,126
8584,38
8585,57
8585,117
8585,126
8586,113
8587,117
8587,189
8588,178
8589,33
8589,38
8590,117
8590,178
8591,74
8592,117
8593,117
8594,117
8595,117
8596,113
8597,113
8598,178
8599,36
8600,117
8601,117
8602,141
8603,74
8604,75
8604,117
8605,117
8606,117
8607,38
8608,36
8609,117
8610,117
8611,178
8612,117
8613,117
8614,117
8615,75
8616,178
8617,117
8618,117
8619,178
8620,117
8620,179
8621,141
8622,75
8623,178
8624,36
8624,74
8624,75
8624,117
8624,141
8624,178
8625,178
8626,133
8627,117
8628,133
8629,117
8629,153
8630,126
8631,117
8632,158
8633,36
8634,46
8635,117
8635,127
8636,117
8637,117
8638,117
8639,117
8640,117
8641,117
8642,133
8643,117
8644,36
8644,117
8645,117
8646,117
8646,126
8646,165
8647,117
8647,165
8648,117
8649,117
8650,36
8650,57
8650,117
8650,124
8650,126
8650,133
8650,141
8651,117
8652,178
8653,178
8654,74
8655,126
8656,117
8657,117
8658,178
8659,36
8660,38
8661,38
8662,117
8663,36
8663,74
8663,117
8663,140
8664,117
8665,133
8666,40
8666,122
8667,38
8667,117
8668,36
8668,117
8668,126
8668,141
8668,152
8669,178
8670,113
8671,117
8672,117
8672,179
8673,36
8673,75
8673,117
8674,117
8674,178
8675,74
8676,117
8677,117
8678,36
8678,117
8678,124
8678,126
8678,139
8679,36
8680,36
8681,117
8681,126
8682,36
8682,117
8683,117
8684,117
8685,38
8685,57
8685,74
8685,75
8685,117
8685,124
8685,126
8685,127
8685,133
8685,135
8685,140
8685,158
8685,165
8685,178
8686,117
8687,87
8688,117
8689,117
8690,117
8691,117
8692,11
8692,117
8693,87
8693,126
8694,87
8695,87
8696,87
8697,117
8698,87
8699,87
8700,36
8700,41
8700,57
8700,87
8700,117
8700,126
8700,140
8700,178
8701,117
8702,126
8703,117
8704,38
8705,36
8706,117
8706,124
8706,126
8706,140
8706,141
8707,75
8708,36
8709,117
8710,158
8711,158
8712,87
8712,117
8712,126
8712,133
8713,117
8714,117
8715,117
8716,117
8717,45
8717,117
8718,117
8718,126
8719,117
8720,117
8721,36
8722,117
8723,117
8724,158
8725,117
8725,158
8726,49
8727,126
8728,117
8729,117
8730,95
8731,36
8732,38
8733,117
8734,178
8735,38
8735,117
8736,117
8737,178
8738,152
8739,151
8740,117
8741,178
8742,178
8743,38
8743,188
8744,113
8745,178
8746,178
8747,117
8748,117
8749,117
8750,117
8751,117
8752,36
8752,57
8752,117
8753,117
8754,117
8755,117
8755,126
8756,117
8757,117
8758,117
8759,124
8760,77
8760,117
8761,117
8762,28
8762,124
8763,117
8764,117
8764,172
8764,184
8765,117
8766,117
8766,178
8767,36
8768,117
8769,117
8770,117
8771,117
8772,36
8773,117
8774,113
8775,117
8776,74
8777,117
8778,75
8779,117
8780,40
8781,117
8782,117
8783,117
8784,117
8785,117
8786,75
8787,117
8788,117
8789,57
8789,117
8789,158
8790,178
8791,30
8791,117
8791,173
8792,38
8793,179
8794,117
8795,36
8795,98
8795,117
8795,126
8795,141
8795,148
8795,158
8795,174
8795,179
8796,117
8797,117
8798,82
8798,117
8799,74
8800,113
8801,117
8802,117
8803,117
8804,117
8805,36
8806,113
8807,113
8808,158
8809,36
8810,178
8811,178
8812,117
8813,95
8814,31
8814,141
8815,124
8816,57
8817,117
8818,117
8819,74
8819,117
8819,124
8820,74
8821,117
8822,117
8823,117
8824,113
8825,117
8826,178
8827,117
8828,36
8829,117
8830,117
8831,117
8832,117
8832,178
8833,178
8834,117
8835,38
8835,117
8836,38
8836,57
8836,117
8836,160
8837,117
8838,117
8839,38
8840,117
8841,107
8842,57
8842,117
8843,34
8844,117
8844,124
8845,36
8846,36
8847,178
8848,117
8849,126
8850,117
8851,178
8852,117
8852,178
8853,178
8854,74
8855,117
8856,158
8857,178
8858,117
8859,74
8859,117
8860,117
8861,18
8861,178
8862,117
8863,117
8864,49
8865,117
8866,38
8866,188
8867,186
8868,38
8868,102
8869,158
8869,166
8870,49
8870,186
8871,114
8872,38
8873,38
8874,102
8875,178
8876,102
8877,117
8878,117
8879,38
8879,117
8879,183
8880,36
8881,38
8882,141
8883,117
8884,74
8884,117
8885,38
8886,117
8887,117
8888,117
8889,117
8890,117
8891,117
8892,117
8893,11
8893,117
8893,141
8894,119
8895,117
8895,141
8896,117
8897,117
8898,117
8899,139
8900,117
8901,117
8902,178
8903,178
8904,107
8905,74
8906,117
8907,117
8908,74
8909,117
8910,117
8910,178
8911,178
8912,117
8913,117
8914,117
8914,126
8914,148
8915,36
8916,113
8917,141
8918,11
8918,117
8918,133
8919,133
8920,117
8921,117
8922,117
8923,117
8923,133
8923,140
8924,178
8925,74
8926,74
8927,74
8928,178
8929,126
8930,117
8931,38
8932,178
8933,117
8934,117
8935,179
8936,36
8936,117
8936,141
8937,117
8937,126
8938,117
8939,117
8939,152
8940,117
8941,117
8941,124
8942,36
8942,117
8943,117
8944,178
8945,117
8946,117
8947,11
8947,36
8947,117
8947,126
8947,133
8947,141
8948,117
8949,117
8950,117
8951,36
8951,117
8952,117
8953,126
8954,117
8954,124
8954,141
8955,117
8955,126
8956,117
8957,117
8958,36
8958,57
8958,117
8958,141
8959,117
8960,120
8961,178
8962,117
8963,36
8964,117
8965,178
8966,36
8966,37
8966,75
8966,117
8966,141
8967,178
8968,178
8969,117
8970,117
8971,117
8972,36
8972,117
8973,117
8974,117
8975,141
8976,36
8976,117
8976,182
8977,117
8978,178
8979,141
8980,117
8980,141
8981,117
8981,141
8982,117
8983,117
8984,36
8985,36
8986,36
8987,126
8988,36
8989,36
8990,117
8991,117
8992,113
8993,36
8993,117
8994,36
8995,141
8996,117
8997,117
8998,117
8999,74
9000,117
9001,117
9002,117
9003,113
9004,178
9005,117
9006,36
9007,178
9008,117
9008,133
9009,178
9010,119
9011,117
9011,178
9012,117
9013,38
9014,38
9014,140
9015,36
9015,117
9016,117
9017,75
9017,117
9018,178
9019,158
9020,117
9021,117
9022,117
9023,117
9024,117
9025,117
9026,117
9027,178
9028,178
9029,178
9030,178
9031,178
9032,53
9032,117
9032,141
9033,178
9034,117
9034,178
9035,117
9036,117
9037,178
9038,117
9039,36
9040,117
9041,38
9041,49
9041,136
9042,117
9043,117
9043,126
9043,178
9044,117
9045,178
9046,117
9046,178
9047,117
9048,117
9049,117
9049,178
9050,117
9051,74
9052,74
9053,74
9053,117
9054,74
9054,117
9055,126
9056,74
9057,36
9057,117
9058,117
9059,117
9060,141
9061,36
9061,117
9062,117
9063,36
9063,117
9064,8
9064,74
9064,117
9064,140
9065,117
9066,38
9066,49
9066,136
9067,117
9068,117
9068,126
9068,133
9069,117
9070,117
9071,117
9071,126
9072,178
9073,178
9074,117
9075,117
9076,117
9077,117
9078,53
9078,117
9078,126
9078,141
9078,165
9079,57
9079,117
9079,141
9080,117
9081,87
9081,117
9081,126
9081,133
9081,141
9082,182
9083,117
9084,139
9085,117
9085,119
9085,139
9086,178
9087,178
9088,117
9088,178
9089,74
9090,117
9091,74
9092,36
9092,75
9092,117
9092,133
9092,141
9093,74
9093,117
9094,117
9094,178
9095,74
9096,178
9097,74
9098,178
9099,178
9100,178
9101,178
9102,117
9103,74
9104,117
9105,117
9106,178
9107,74
9108,178
9109,178
9110,117
9110,178
9111,178
9112,178
9113,178
9114,178
9115,178
9116,178
9117,178
9118,117
9118,178
9119,117
9120,117
9120,178
9121,178
9122,117
9122,178
9123,178
9124,133
9125,178
9126,178
9127,117
9127,178
9128,74
9129,178
9130,178
9131,178
9132,178
9133,178
9134,178
9135,117
9135,178
9136,178
9137,178
9138,178
9139,107
9140,126
9140,141
9141,117
9141,178
9142,178
9143,178
9144,178
9145,178
9146,74
9147,74
9148,178
9149,178
9150,178
9151,117
9152,178
9153,178
9154,178
9155,124
9156,178
9157,178
9158,117
9159,178
9160,178
9161,117
9162,117
9162,178
9163,178
9164,178
9165,117
9165,178
9166,178
9167,105
9167,117
9168,178
9169,127
9169,178
9170,117
9170,178
9171,178
9172,117
9172,178
9173,74
9174,178
9175,117
9175,178
9176,117
9176,178
9177,178
9178,113
9179,178
9180,113
9181,74
9182,117
9183,11
9184,117
9185,117
9185,141
9186,117
9187,36
9188,117
9189,57
9189,117
9190,117
9191,141
9192,117
9193,36
9193,117
9194,141
9195,117
9196,158
9197,117
9198,117
9199,117
9200,117
9201,117
9202,117
9203,36
9203,117
9204,126
9205,117
9206,113
9207,117
9208,117
9209,117
9210,117
9211,117
9211,189
9212,152
9213,117
9214,107
9215,36
9215,74
9215,75
9215,117
9215,141
9215,178
9216,36
9216,75
9216,117
9216,133
9217,36
9217,74
9217,75
9217,117
9217,141
9217,178
9218,36
9218,74
9218,75
9218,117
9218,141
9218,178
9219,117
9219,124
9220,178
9221,36
9221,74
9221,75
9221,117
9221,141
9221,178
9222,36
9222,133
9222,184
9223,36
9223,126
9224,36
9224,165
9225,117
9226,117
9227,36
9227,117
9228,36
9228,117
9228,162
9229,117
9230,102
9231,117
9231,178
9232,126
9233,117
9234,117
9235,74
9235,117
9235,141
9236,117
9237,117
9238,152
9239,152
9240,152
9241,117
9242,38
9242,117
9243,38
9244,38
9244,140
9245,38
9246,38
9246,117
9247,38
9248,38
9248,117
9249,38
9249,117
9250,117
9250,126
9250,189
9251,117
9251,124
9252,178
9253,152
9254,117
9255,117
9256,117
9257,38
9258,117
9258,178
9259,34
9260,117
9261,141
9262,74
9263,117
9264,117
9265,117
9266,117
9267,38
9268,117
9268,141
9269,117
9270,57
9270,117
9271,117
9272,158
9273,117
9274,36
9275,36
9276,117
9277,74
9278,117
9279,117
9280,117
9281,36
9281,126
9281,141
9282,36
9283,117
9284,117
9285,117
9286,117
9287,38
9288,36
9288,117
9289,117
9290,117
9291,36
9291,117
9292,117
9293,117
9294,117
9295,117
9296,74
9297,117
9298,117
9299,117
9300,117
9301,94
9301,117
9302,117
9303,117
9304,117
9305,117
9306,178
9307,117
9308,74
9309,117
9310,117
9311,117
9312,117
9312,148
9313,117
9314,117
9315,57
9315,117
9316,31
9316,117
9316,120
9316,126
9317,117
9317,126
9318,36
9319,117
9320,117
9321,36
9322,36
9323,36
9323,117
9323,126
9323,141
9324,36
9324,117
9325,117
9326,117
9326,139
9327,117
9328,117
9329,117
9330,117
9331,117
9332,117
9333,38
9334,117
9335,117
9336,57
9336,117
9336,135
9337,117
9338,117
9339,117
9340,38
9341,53
9341,126
9342,178
9343,117
9344,117
9344,126
9345,117
9346,36
9346,117
9346,126
9347,117
9347,141
9348,117
9349,55
9349,117
9349,126
9349,152
9350,52
9350,117
9351,117
9352,117
9353,117
9354,117
9355,117
9356,117
9357,36
9357,117
9358,117
9358,126
9359,57
9360,178
9361,117
9362,178
9363,107
9364,36
9365,141
9366,117
9367,117
9368,117
9369,117
9370,74
9371,178
9372,117
9373,117
9374,141
9375,117
9376,117
9377,117
9378,117
9379,117
9380,117
9381,117
9382,117
9383,117
9384,36
9384,117
9385,117
9386,117
9387,117
9388,117
9389,117
9390,74
9390,117
9391,117
9392,117
9393,117
9393,126
9394,117
9395,82
9395,117
9395,122
9396,38
9397,38
9398,117
9399,75
9400,38
9401,117
9402,38
9403,117
9404,117
9405,141
9406,117
9407,117
9408,158
9409,117
9410,117
9411,117
9412,113
9413,117
9414,126
9415,126
9416,87
9417,57
9418,117
9419,11
9419,117
9420,57
9421,74
9422,74
9422,105
9423,117
9424,133
9425,117
9426,117
9427,152
9428,36
9429,74
9430,36
9431,141
9432,117
9433,117
9434,117
9435,117
9436,113
9437,117
9438,117
9439,158
9440,141
9440,172
9440,178
9441,28
9441,109
9441,117
9441,124
9441,139
9441,178
9442,57
9442,117
9442,179
9443,36
9444,117
9445,152
9446,36
9446,117
9446,133
9447,117
9448,124
9449,107
9449,126
9449,152
9450,113
9451,36
9452,117
9452,178
9453,117
9453,140
9453,178
9454,117
9454,126
9454,133
9455,74
9456,117
9457,117
9458,36
9458,117
9458,126
9459,117
9460,117
9461,117
9461,119
9462,74
9463,74
9464,74
9465,74
9465,178
9466,74
9467,74
9468,117
9469,74
9470,117
9471,117
9472,117
9473,117
9474,117
9475,117
9476,117
9477,117
9478,57
9478,126
9479,74
9479,117
9479,179
9480,117
9481,117
9482,83
9482,117
9483,117
9484,36
9485,36
9485,57
9485,72
9485,74
9485,117
9485,171
9485,179
9486,117
9487,117
9488,36
9489,117
9490,117
9491,117
9491,124
9491,178
9492,117
9493,117
9494,117
9495,10
9495,117
9496,117
9497,117
9498,117
9499,10
9499,117
9499,126
9500,117
9501,117
9502,117
9503,39
9503,117
9504,117
9504,133
9505,117
9506,124
9506,179
9507,117
9508,36
9508,75
9508,117
9508,122
9508,124
9508,140
9509,117
9509,126
9510,117
9511,117
9512,117
9513,117
9513,139
9514,178
9515,117
9516,139
9517,117
9518,117
9519,117
9520,117
9521,38
9522,74
9523,36
9524,126
9525,117
9525,133
9526,117
9526,141
9527,178
9528,117
9529,172
9530,141
9531,178
9532,117
9533,178
9534,178
9535,117
9536,178
9537,178
9538,36
9538,57
9538,117
9539,10
9539,117
9540,117
9540,165
9540,178
9541,117
9542,117
9542,126
9543,117
9543,141
9544,141
9545,117
9545,126
9546,117
9546,133
9547,117
9548,117
9549,117
9550,117
9551,126
9552,74
9553,38
9553,160
9554,38
9555,38
9556,38
9557,38
9558,160
9559,38
9560,152
9561,141
9562,28
9562,124
9563,178
9564,117
9564,133
9565,117
9565,133
9566,117
9567,36
9568,179
9569,141
9570,117
9571,36
9572,117
9572,120
9572,126
9572,133
9573,36
9574,117
9575,117
9576,117
9577,133
9578,117
9578,126
9578,133
9579,119
9580,117
9581,36
9581,117
9582,117
9583,117
9583,126
9583,141
9583,152
9584,117
9585,36
9585,117
9586,36
9586,117
9586,126
9586,133
9586,140
9586,158
9586,178
9587,117
9587,158
9588,117
9588,124
9589,117
9590,36
9590,117
9590,178
9591,158
9592,158
9593,51
9594,117
9594,140
9594,141
9595,117
9596,117
9597,178
9598,117
9599,117
9600,117
9601,117
9602,51
9603,51
9604,74
9604,117
9604,124
9605,178
9606,117
9607,117
9608,107
9608,117
9609,117
9610,117
9610,127
9611,31
9612,117
9612,126
9612,127
9613,133
9613,141
9614,87
9615,117
9616,36
9617,117
9618,117
9619,36
9620,117
9621,57
9621,117
9621,126
9621,141
9622,117
9623,117
9624,117
9625,133
9626,117
9627,117
9628,117
9629,38
9629,49
9629,136
9630,38
9630,49
9630,136
9631,38
9631,49
9631,136
9632,49
9632,136
9633,49
9633,136
9634,49
9634,136
9635,75
9636,117
9636,119
9636,124
9636,139
9636,185
9637,10
9637,117
9637,179
9638,117
9639,117
9640,36
9641,117
9642,117
9642,140
9643,117
9643,145
9644,117
9644,127
9645,117
9645,178
9645,189
9646,117
9647,178
9648,36
9648,110
9648,117
9649,117
9650,117
9651,117
9652,117
9653,117
9654,117
9655,117
9656,117
9657,117
9658,117
9659,117
9660,117
9660,126
9660,141
9661,117
9662,117
9663,117
9664,117
9665,124
9666,124
9667,117
9668,117
9669,117
9669,126
9670,117
9671,117
9672,117
9673,117
9673,178
9674,113
9675,178
9676,178
9677,140
9678,140
9679,117
9680,117
9681,117
9682,36
9683,117
9684,117
9685,140
9686,117
9687,117
9687,124
9687,140
9688,117
9689,117
9690,117
9691,53
9691,72
9692,117
9693,178
9694,178
9695,117
9696,117
9696,178
9697,178
9698,117
9699,117
9700,117
9701,117
9701,165
9702,36
9703,11
9703,117
9704,117
9704,140
9705,117
9706,117
9707,38
9708,117
9709,38
9709,117
9710,36
9710,182
9711,117
9712,117
9712,126
9713,117
9714,38
9714,102
9714,117
9714,183
9715,36
9716,117
9716,189
9717,117
9718,117
9719,117
9720,113
9721,178
9722,117
9722,178
9723,117
9723,162
9724,178
9725,158
9726,74
9726,117
9726,141
9727,117
9728,117
9729,117
9730,117
9731,117
9732,74
9732,133
9733,124
9734,158
9735,117
9735,141
9736,117
9737,74
9737,117
9737,178
9738,117
9739,178
9740,75
9740,117
9740,126
9740,133
9741,178
9742,117
9743,178
9744,117
9744,178
9745,74
9746,53
9747,31
9747,117
9748,178
9749,178
9750,36
9750,97
9750,117
9750,140
9751,11
9751,117
9751,124
9752,57
9752,117
9753,36
9753,117
9753,126
9753,133
9753,140
9754,36
9755,36
9755,117
9755,143
9756,133
9757,117
9758,141
9759,38
9760,38
9761,36
9762,38
9763,38
9764,36
9765,117
9766,179
9767,179
9768,117
9769,38
9770,36
9771,117
9772,36
9773,38
9774,74
9774,117
9774,124
9775,38
9775,117
9776,38
9777,178
9778,117
9778,140
9779,117
9779,178
9780,178
9781,117
9781,126
9782,38
9783,117
9784,87
9785,126
9786,117
9787,117
9788,74
9789,133
9790,36
9791,133
9792,133
9793,38
9794,126
9795,36
9795,74
9795,117
9796,117
9797,117
9798,38
9799,89
9799,124
9800,117
9801,38
9802,178
9803,117
9804,117
9805,10
9805,36
9805,117
9805,140
9806,117
9807,117
9808,117
9809,117
9810,117
9811,117
9812,38
9812,117
9813,178
9814,117
9815,75
9816,117
9817,74
9817,117
9817,124
9817,178
9818,74
9819,74
9820,117
9821,74
9822,74
9823,135
9823,152
9824,117
9825,36
9826,38
9827,117
9828,38
9829,117
9829,178
9830,178
9831,117
9832,113
9833,49
9834,117
9834,179
9835,124
9836,74
9837,126
9838,117
9839,117
9840,113
9841,117
9842,36
9843,74
9844,178
9845,117
9846,117
9847,28
9847,124
9848,74
9849,74
9850,178
9851,178
9852,126
9853,126
9854,113
9855,117
9856,117
9857,133
9857,140
9857,165
9858,74
9859,152
9860,3
9860,125
9860,141
9861,11
9861,117
9862,178
9863,38
9864,117
9865,117
9865,127
9866,117
9867,74
9868,36
9869,178
9870,178
9871,117
9872,117
9873,36
9873,117
9874,117
9875,117
9876,117
9877,38
9878,38
9879,38
9880,38
9881,38
9882,117
9883,74
9884,74
9885,74
9886,74
9887,74
9888,117
9889,117
9890,124
9890,139
9891,113
9892,82
9893,38
9893,49
9893,117
9893,186
9894,117
9895,36
9895,117
9896,117
9897,38
9897,95
9897,117
9898,57
9898,116
9898,117
9898,172
9899,117
9900,178
9901,38
9902,90
9902,117
9903,117
9903,139
9904,38
9905,117
9906,117
9907,178
9908,117
9908,124
9908,139
9909,117
9910,117
9911,126
9912,36
9912,117
9912,178
9913,117
9913,126
9914,117
9915,117
9915,126
9916,57
9916,126
9917,57
9917,117
9917,126
9918,126
9919,178
9920,178
9921,178
9922,117
9922,133
9923,75
9924,117
9925,87
9926,36
9926,117
9926,141
9927,117
9928,117
9929,124
9929,139
9930,117
9931,117
9932,13
9932,117
9932,140
9933,38
9934,38
9935,38
9936,113
9937,117
9938,53
9938,117
9938,141
9939,117
9940,178
9941,117
9942,117
9942,126
9943,117
9944,117
9945,117
9946,117
9947,117
9948,126
9949,141
9950,117
9951,31
9951,141
9952,75
9952,117
9953,48
9953,117
9953,126
9954,117
9955,117
9956,38
9957,38
9957,117
9958,38
9959,38
9960,117
9961,141
9962,117
9963,117
9964,113
9965,141
9966,139
9966,141
9967,141
9968,141
9969,141
9970,28
9970,117
9970,124
9971,117
9972,117
9973,117
9974,74
9974,117
9975,178
9976,117
9976,178
9977,117
9978,117
9979,38
9980,117
9981,117
9982,117
9983,36
9983,117
9984,158
9985,158
9986,117
9987,38
9987,117
9988,38
9988,117
9989,38
9990,38
9991,38
9992,38
9992,117
9993,38
9994,38
9995,38
9995,160
9996,38
9997,38
9998,38
9999,113
10000,38
10000,117
10001,133
10002,133
10003,49
10003,117
10003,124
10004,34
10004,140
10005,38
10005,117
10006,36
10006,126
10006,182
10007,126
10008,9
10008,38
10008,76
10008,117
10009,2
10009,107
10009,126
10009,172
10010,117
10011,117
10011,124
10011,178
10012,117
10012,124
10013,75
10013,117
10013,133
10013,141
10014,117
10014,133
10015,117
10016,117
10017,113
10018,117
10019,36
10020,74
10020,178
10021,36
10021,117
10021,126
10022,74
10023,117
10024,117
10025,11
10025,57
10025,117
10025,140
10026,117
10027,119
10028,3
10028,117
10029,38
10030,117
10030,140
10030,141
10030,152
10031,117
10032,117
10033,117
10034,117
10035,57
10035,117
10036,31
10036,117
10037,117
10038,117
10039,117
10040,117
10041,117
10041,178
10042,178
10043,178
10044,74
10045,117
10046,117
10047,117
10048,158
10049,158
10050,117
10051,117
10052,117
10053,117
10054,117
10055,126
10056,117
10057,117
10057,141
10058,3
10058,76
10058,117
10059,141
10060,53
10061,117
10062,117
10063,178
10064,117
10065,126
10066,36
10067,38
10068,133
10069,53
10069,117
10069,126
10070,117
10071,36
10072,117
10073,117
10074,117
10075,117
10076,74
10077,117
10078,178
10079,117
10080,178
10081,178
10082,36
10083,38
10084,117
10085,75
10085,117
10085,124
10085,139
10086,126
10087,113
10088,141
10089,178
10090,117
10091,178
10092,117
10092,178
10093,178
10094,117
10094,178
10095,178
10096,178
10097,178
10098,117
10099,117
10100,141
10101,117
10102,74
10103,178
10104,113
10105,117
10106,36
10107,178
10108,74
10109,178
10110,178
10111,178
10112,82
10112,141
10113,178
10114,113
10115,113
10116,74
10117,11
10117,36
10117,162
10118,117
10119,75
10119,117
10119,119
10119,184
10120,36
10121,117
10122,140
10123,117
10124,36
10125,133
10126,133
10127,133
10128,133
10129,117
10129,119
10129,126
10130,117
10131,38
10132,117
10133,38
10134,113
10135,117
10136,117
10136,126
10136,141
10137,36
10137,117
10138,117
10139,117
10140,117
10141,36
10142,117
10143,117
10144,117
10145,117
10146,117
10147,117
10148,117
10149,117
10150,117
10151,133
10152,117
10153,117
10154,36
10154,80
10154,117
10155,36
10155,117
10156,117
10157,38
10158,117
10159,117
10160,117
10161,36
10161,117
10161,133
10162,117
10163,117
10164,117
10165,36
10165,117
10166,117
10166,126
10166,141
10167,117
10168,117
10169,36
10169,117
10170,117
10171,38
10171,188
10172,117
10173,117
10174,117
10175,117
10176,117
10177,117
10177,140
10178,38
10178,117
10179,117
10179,178
10180,117
10181,178
10182,178
10183,178
10184,113
10185,117
10185,189
10186,117
10187,36
10187,75
10187,117
10188,36
10189,117
10190,178
10191,36
10192,152
10193,117
10194,36
10194,117
10194,126
10194,141
10194,162
10195,117
10196,36
10197,117
10198,117
10198,141
10199,117
10200,74
10200,112
10201,117
10202,178
10203,158
10204,74
10204,178
10205,178
10206,178
10207,178
10208,178
10209,117
10210,74
10210,117
10210,124
10210,140
10210,178
10211,117
10212,117
10213,74
10214,117
10215,117
10216,178
10217,117
10218,117
10219,117
10220,117
10221,117
10221,124
10222,117
10223,178
10224,178
10225,117
10226,36
10227,38
10228,117
10229,117
10230,75
10231,117
10232,117
10232,178
10233,178
10234,178
10235,178
10236,178
10237,117
10238,75
10239,117
10240,117
10241,117
10241,124
10241,139
10242,117
10243,126
10244,117
10245,117
10246,179
10247,36
10248,117
10249,117
10250,126
10251,36
10252,183
10253,117
10254,117
10255,117
10256,74
10256,117
10257,117
10258,117
10259,117
10259,126
10260,117
10261,117
10262,133
10263,117
10264,119
10265,113
10266,117
10266,178
10267,178
10268,178
10269,74
10270,117
10271,107
10271,117
10272,117
10273,117
10273,124
10274,74
10275,178
10276,31
10276,57
10276,117
10276,131
10276,141
10277,178
10278,74
10279,178
10280,74
10281,178
10282,117
10282,178
10283,74
10284,57
10284,117
10285,117
10286,178
10287,178
10288,133
10289,133
10290,133
10291,133
10292,133
10293,178
10294,74
10295,117
10296,117
10296,126
10297,117
10297,124
10297,139
10298,124
10298,139
10299,74
10300,49
10301,117
10301,141
10302,124
10303,117
10304,117
10305,117
10306,36
10306,117
10307,117
10307,178
10308,178
10309,117
10310,38
10311,117
10312,117
10312,178
10312,179
10313,36
10314,178
10315,117
10316,117
10317,117
10318,117
10319,36
10319,74
10319,75
10319,117
10319,141
10319,178
10320,36
10320,74
10320,75
10320,117
10320,141
10320,178
10321,117
10322,178
10323,74
10323,117
10323,178
10324,117
10325,36
10326,117
10327,117
10328,117
10329,36
10330,36
10331,82
10331,117
10331,126
10331,133
10332,36
10332,117
10332,182
10333,178
10334,36
10335,178
10336,74
10337,38
10338,141
10339,38
10339,117
10340,117
10341,34
10341,117
10341,140
10342,117
10343,117
10343,133
10344,113
10345,36
10346,117
10346,126
10347,36
10348,117
10349,117
10350,117
10351,75
10352,36
10352,38
10352,74
10352,117
10352,126
10352,188
10353,117
10354,178
10355,10
10355,117
10356,117
10357,117
10358,133
10359,141
10360,117
10361,117
10362,117
10363,117
10364,117
10364,119
10364,139
10365,117
10365,140
10366,117
10367,117
10368,178
10369,117
10370,117
10371,74
10371,124
10372,74
10373,117
10374,38
10374,117
10374,178
10375,117
10375,141
10376,178
10377,117
10377,140
10378,117
10379,117
10380,38
10381,38
10382,117
10383,38
10384,117
10384,133
10385,117
10386,36
10387,160
10388,74
10389,74
10390,117
10391,36
10391,117
10392,117
10392,178
10392,179
10393,117
10394,117
10394,126
10394,128
10395,117
10396,36
10397,117
10398,117
10399,117
10400,178
10401,74
10402,178
10403,141
10404,74
10404,178
10405,133
10405,141
10406,36
10406,75
10407,117
10408,139
10409,117
10410,117
10411,75
10411,117
10411,191
10412,117
10413,38
10414,120
10414,178
10415,31
10415,140
10415,141
10415,162
10415,189
10416,74
10416,117
10417,11
10417,141
10417,162
10418,117
10418,126
10418,178
10419,117
10420,117
10421,117
10422,74
10423,141
10424,117
10425,117
10425,126
10426,113
10427,75
10427,117
10427,124
10427,139
10428,106
10428,141
10429,105
10429,141
10430,117
10431,117
10432,117
10433,117
10433,189
10434,117
10434,124
10435,75
10436,117
10437,178
10438,31
10438,126
10438,140
10439,178
10440,57
10440,117
10440,126
10441,87
10441,117
10441,126
10441,146
10442,117
10443,178
10444,178
10445,117
10446,124
10447,135
10448,117
10449,117
10450,113
10451,117
10452,117
10453,117
10454,117
10455,178
10456,117
10457,117
10458,117
10459,124
10460,178
10461,139
10462,117
10463,117
10464,117
10465,178
10466,178
10467,126
10467,178
10468,117
10469,178
10470,113
10471,117
10472,74
10472,117
10473,117
10473,126
10473,133
10473,140
10474,117
10475,36
10475,117
10476,178
10477,117
10478,38
10479,117
10480,38
10480,157
10480,160
10481,178
10482,117
10483,178
10484,117
10485,117
10486,178
10487,178
10488,117
10489,117
10490,117
10491,82
10492,36
10492,117
10493,117
10494,117
10495,117
10496,152
10497,117
10498,117
10499,117
10500,178
10501,38
10501,178
10502,117
10503,139
10504,36
10505,117
10506,36
10506,38
10506,74
10506,117
10506,126
10506,188
10507,126
10508,126
10509,117
10510,117
10511,126
10512,117
10512,178
10512,179
10513,36
10513,117
10513,126
10514,107
10515,178
10516,82
10517,117
10518,117
10519,117
10520,117
10521,38
10521,76
10521,117
10521,140
10521,141
10521,172
10522,178
10523,178
10524,50
10524,117
10525,117
10526,117
10527,74
10528,117
10528,141
10529,117
10530,117
10530,126
10530,133
10531,117
10532,117
10533,57
10534,178
10535,178
10536,178
10537,117
10537,178
10538,178
10539,178
10540,178
10541,117
10542,178
10543,188
10544,117
10544,152
10545,117
10546,124
10547,141
10548,74
10549,117
10550,74
10551,74
10552,117
10553,117
10554,117
10555,117
10556,117
10556,178
10557,117
10558,88
10558,107
10558,117
10559,117
10560,36
10560,117
10560,126
10561,38
10562,117
10562,126
10562,178
10563,178
10564,178
10565,117
10565,178
10566,117
10566,126
10566,133
10566,141
10566,178
10567,178
10568,178
10569,178
10570,178
10571,178
10572,82
10573,117
10574,178
10575,36
10575,117
10575,133
10575,178
10576,117
10577,158
10578,158
10579,124
10580,117
10581,36
10582,117
10583,38
10583,117
10583,126
10583,141
10583,158
10584,117
10584,118
10584,140
10584,172
10585,117
10586,117
10587,117
10588,117
10589,117
10589,119
10590,36
10590,117
10590,126
10590,140
10590,141
10591,117
10591,119
10592,117
10593,158
10594,117
10595,117
10596,117
10596,160
10597,117
10598,82
10599,117
10599,140
10600,126
10601,178
10602,124
10603,109
10603,117
10603,124
10604,178
10605,117
10606,36
10606,117
10606,126
10607,11
10607,57
10608,117
10609,36
10609,117
10609,140
10610,117
10611,36
10611,117
10612,133
10613,133
10614,133
10615,124
10616,117
10617,117
10618,49
10619,178
10620,178
10621,178
10622,178
10623,178
10624,178
10625,178
10626,117
10627,117
10628,117
10629,117
10630,178
10631,74
10631,117
10631,140
10632,102
10633,38
10633,102
10633,114
10633,117
10634,117
10635,117
10636,117
10637,117
10638,113
10639,117
10640,117
10641,117
10642,38
10643,36
10643,182
10644,36
10645,178
10646,117
10646,178
10647,178
10648,178
10649,178
10650,178
10651,178
10652,178
10653,178
10654,117
10654,126
10655,117
10655,126
10655,140
10656,117
10657,126
10658,117
10659,117
10660,117
10661,117
10662,117
10662,126
10662,133
10663,75
10664,36
10665,82
10665,117
10666,113
10667,117
10668,95
10669,95
10670,95
10671,141
10672,178
10673,75
10673,117
10673,152
10674,117
10674,126
10674,140
10675,36
10676,117
10677,36
10678,126
10679,117
10680,36
10680,117
10681,117
10682,178
10683,117
10684,74
10685,74
10686,117
10687,117
10688,89
10688,117
10688,124
10689,117
10690,117
10691,95
10692,178
10693,117
10693,120
10693,140
10694,141
10695,117
10695,133
10696,117
10697,117
10698,36
10698,117
10699,38
10700,82
10700,107
10701,57
10701,82
10701,152
10702,82
10702,117
10702,126
10703,117
10703,126
10703,133
10704,82
10705,117
10706,74
10707,74
10708,74
10709,74
10710,74
10711,141
10712,117
10713,8
10714,36
10714,117
10714,126
10715,117
10716,117
10716,126
10716,165
10717,178
10718,117
10719,117
10720,107
10721,36
10722,117
10723,117
10724,107
10725,117
10726,117
10727,117
10728,117
10729,178
10730,178
10731,178
10732,178
10733,178
10734,178
10735,178
10736,107
10737,7
10737,38
10737,117
10738,117
10739,107
10739,117
10739,141
10740,117
10740,141
10741,113
10742,117
10743,38
10743,117
10744,117
10744,124
10745,74
10746,117
10747,107
10747,152
10748,117
10749,117
10750,82
10751,82
10752,141
10753,82
10754,152
10755,58
10755,117
10755,152
10756,117
10756,165
10757,117
10758,36
10758,117
10758,126
10759,152
10760,82
10761,117
10762,74
10763,178
10764,178
10765,178
10766,178
10767,178
10768,178
10769,28
10769,124
10770,117
10771,109
10771,179
10772,117
10773,75
10774,124
10775,139
10776,113
10777,117
10777,178
10778,124
10778,139
10779,178
10780,178
10781,117
10782,36
10782,75
10783,36
10783,110
10783,182
10784,124
10784,139
10785,117
10786,117
10787,124
10788,117
10789,117
10790,36
10790,74
10790,117
10790,124
10790,126
10790,141
10791,117
10792,117
10793,178
10794,117
10794,178
10795,117
10796,126
10797,178
10798,36
10799,126
10800,126
10801,48
10801,126
10802,117
10802,124
10802,139
10803,117
10804,117
10805,139
10806,117
10806,141
10807,36
10808,117
10808,178
10809,49
10809,117
10810,117
10811,117
10812,74
10813,178
10814,117
10814,124
10814,139
10815,117
10816,74
10817,117
10818,117
10819,38
10819,188
10820,126
10821,74
10821,178
10822,38
10823,117
10824,139
10825,117
10825,126
10825,133
10826,124
10826,178
10827,124
10828,117
10829,124
10829,139
10830,124
10830,178
10831,178
10832,178
10833,74
10833,117
10834,117
10835,75
10835,109
10835,117
10835,124
10835,139
10836,117
10837,74
10838,139
10839,117
10840,113
10841,113
10842,117
10842,126
10843,183
10844,117
10844,133
10845,68
10845,124
10846,117
10847,117
10847,124
10848,117
10849,117
10850,117
10851,113
10852,36
10852,57
10852,117
10852,119
10853,117
10854,11
10855,117
10856,82
10857,82
10858,117
10859,117
10860,117
10861,117
10861,126
10862,117
10863,117
10864,117
10865,117
10866,117
10867,36
10867,117
10867,140
10867,141
10868,117
10868,126
10868,187
10869,117
10870,74
10871,74
10872,178
10873,74
10874,117
10875,36
10876,74
10877,117
10878,117
10879,139
10880,117
10881,117
10882,117
10883,36
10883,117
10883,126
10884,75
10885,117
10886,117
10887,117
10887,119
10888,178
10889,117
10890,36
10890,117
10891,117
10892,117
10893,67
10893,117
10893,172
10893,189
10894,117
10895,158
10896,36
10896,117
10897,117
10898,178
10899,117
10900,158
10901,117
10901,158
10902,117
10903,57
10903,117
10903,124
10903,126
10903,135
10903,188
10904,36
10904,117
10905,117
10906,117
10906,126
10906,140
10907,117
10908,117
10909,117
10909,141
10910,117
10911,124
10911,140
10912,117
10912,178
10913,117
10914,178
10915,117
10916,178
10917,178
10918,178
10919,178
10920,178
10921,179
10922,178
10923,178
10924,117
10924,178
10925,117
10926,117
10927,160
10928,117
10929,141
10930,36
10931,124
10932,75
10933,57
10933,117
10934,124
10935,38
10936,36
10936,74
10936,117
10937,36
10937,117
10937,178
10938,49
10938,51
10938,117
10938,124
10938,139
10939,117
10940,36
10941,87
10942,117
10943,31
10943,36
10943,117
10944,117
10944,133
10945,117
10945,178
10946,117
10946,178
10947,117
10948,117
10949,117
10950,36
10950,117
10951,117
10952,87
10953,87
10954,87
10955,178
10956,88
10956,90
10956,117
10956,126
10957,117
10958,117
10959,117
10960,117
10961,87
10962,87
10963,87
10964,87
10965,87
10966,87
10967,87
10968,87
10969,87
10970,87
10971,178
10972,117
10973,117
10974,117
10975,36
10975,117
10976,117
10977,178
10978,117
10979,117
10980,127
10980,178
10981,107
10982,178
10983,117
10984,117
10985,74
10986,178
10987,74
10988,178
10989,178
10990,117
10991,74
10992,178
10993,74
10993,178
10994,74
10994,104
10995,178
10996,178
10997,178
10998,74
10999,74
10999,117
10999,119
10999,124
10999,139
11000,117
11001,117
11002,57
11002,117
11003,117
11004,117
11005,117
11006,113
11007,117
11008,178
11009,117
11010,57
11010,117
11010,126
11010,178
11011,75
11012,117
11012,126
11013,117
11014,178
11015,117
11016,75
11016,117
11017,117
11018,117
11018,144
11019,117
11019,126
11019,141
11019,165
11020,24
11020,117
11020,126
11021,117
11022,178
11023,117
11024,158
11025,141
11026,117
11027,117
11028,117
11029,117
11029,134
11030,178
11031,117
11032,178
11033,178
11034,178
11035,178
11036,178
11037,74
11037,140
11038,117
11039,178
11040,139
11041,178
11042,178
11043,117
11044,74
11045,75
11046,36
11046,117
11047,117
11047,133
11048,117
11049,36
11049,97
11049,117
11049,141
11050,117
11051,117
11052,74
11053,74
11054,74
11055,74
11056,36
11056,43
11056,97
11056,117
11056,126
11057,117
11058,117
11059,117
11060,8
11060,82
11060,117
11061,117
11062,117
11063,36
11064,74
11065,117
11066,117
11066,158
11066,162
11067,74
11068,90
11068,188
11069,117
11070,117
11071,117
11072,158
11073,117
11074,28
11074,124
11075,36
11076,34
11077,117
11077,140
11078,117
11079,126
11080,117
11081,117
11082,117
11083,74
11084,36
11085,117
11086,82
11086,117
11087,117
11088,117
11089,36
11089,117
11090,117
11091,126
11092,117
11092,133
11093,117
11093,126
11094,117
11095,75
11096,117
11097,117
11098,36
11098,117
11098,126
11098,165
11099,113
11100,36
11100,117
11101,178
11102,31
11102,117
11103,117
11104,117
11105,117
11106,117
11107,36
11107,53
11107,106
11107,117
11108,117
11109,178
11110,158
11111,117
11112,117
11113,11
11113,126
11113,140
11114,117
11115,117
11116,11
11116,31
11116,72
11116,120
11116,126
11116,140
11116,141
11116,148
11116,162
11117,126
11118,117
11119,49
11119,117
11119,126
11120,178
11121,117
11121,178
11122,126
11123,117
11124,141
11125,178
11126,117
11126,126
11126,148
11127,117
11127,165
11127,187
11128,117
11129,117
11130,74
11131,117
11131,126
11132,117
11133,36
11133,117
11133,124
11134,117
11134,126
11135,117
11136,113
11137,117
11138,57
11138,117
11139,117
11140,36
11141,117
11141,133
11142,117
11143,117
11143,139
11144,36
11144,117
11145,139
11146,178
11147,117
11148,36
11149,117
11150,117
11151,124
11152,117
11153,124
11154,124
11155,28
11155,124
11156,124
11157,113
11158,94
11158,117
11159,117
11160,117
11161,117
11162,117
11163,117
11164,36
11164,117
11164,133
11165,117
11166,117
11166,124
11166,139
11166,179
11167,117
11168,117
11169,107
11169,117
11170,178
11171,178
11172,117
11173,117
11173,133
11173,178
11174,36
11174,117
11175,117
11176,178
11177,178
11178,178
11179,38
11180,117
11180,124
11180,126
11181,38
11181,117
11182,117
11182,142
11183,117
11184,117
11184,140
11185,117
11185,126
11186,117
11187,36
11188,117
11189,36
11190,117
11191,126
11192,117
11192,126
11192,133
11192,178
11193,82
11194,117
11195,178
11196,36
11196,117
11196,126
11197,117
11198,117
11199,141
11200,117
11201,178
11202,117
11202,126
11203,36
11203,117
11203,184
11204,117
11205,117
11206,13
11206,75
11206,117
11207,117
11208,117
11209,117
11210,117
11211,126
11212,178
11213,178
11214,178
11215,178
11216,178
11217,117
11218,117
11219,178
11220,178
11221,117
11221,126
11222,178
11223,178
11224,178
11225,117
11226,117
11227,117
11228,117
11229,178
11230,36
11230,75
11230,117
11230,126
11230,133
11231,117
11232,117
11233,11
11234,117
11234,125
11235,75
11236,151
11237,117
11238,38
11238,49
11238,95
11238,117
11239,117
11240,117
11241,126
11242,36
11243,117
11244,178
11245,74
11245,124
11245,139
11246,117
11247,117
11248,117
11249,117
11250,117
11251,117
11251,126
11252,117
11253,117
11254,124
11255,117
11256,117
11257,36
11257,117
11257,133
11257,165
11258,36
11258,117
11258,140
11259,117
11260,117
11261,117
11262,117
11263,117
11263,139
11264,117
11265,117
11265,133
11265,140
11265,141
11266,117
11266,141
11267,31
11268,74
11268,117
11268,126
11269,117
11270,117
11271,117
11271,133
11272,117
11273,117
11274,172
11275,140
11276,117
11276,141
11276,189
11277,36
11277,74
11277,117
11277,124
11277,126
11277,133
11277,141
11278,117
11279,117
11279,126
11280,178
11281,117
11282,117
11283,117
11283,124
11284,117
11285,117
11286,117
11287,38
11287,95
11288,38
11289,117
11290,158
11291,178
11292,117
11293,113
11294,117
11295,36
11296,117
11297,117
11297,119
11298,117
11299,36
11299,117
11299,152
11300,117
11301,117
11302,117
11303,75
11304,117
11305,36
11306,74
11306,117
11307,117
11308,117
11309,38
11310,36
11310,50
11310,117
11310,126
11310,141
11311,36
11312,117
11313,117
11314,75
11315,74
11315,178
11316,117
11317,117
11318,117
11319,178
11320,178
11321,178
11322,117
11323,117
11324,117
11325,117
11326,117
11327,117
11328,117
11328,140
11328,141
11329,126
11330,117
11331,140
11331,141
11332,158
11333,158
11334,109
11334,124
11334,139
11335,117
11336,139
11337,117
11338,117
11339,117
11339,140
11339,141
11339,152
11340,53
11340,82
11340,117
11340,141
11341,152
11342,117
11342,178
11343,117
11344,117
11344,126
11345,117
11346,117
11347,117
11348,117
11349,117
11350,117
11350,124
11350,139
11350,140
11351,99
11351,117
11352,117
11352,124
11353,117
11353,189
11354,117
11355,13
11355,36
11355,117
11356,117
11357,178
11358,126
11359,117
11360,117
11361,117
11362,117
11363,117
11364,36
11364,117
11365,108
11365,133
11366,117
11366,126
11366,158
11367,117
11368,117
11369,117
11370,74
11370,117
11370,126
11371,117
11372,117
11373,117
11374,117
11375,36
11375,42
11375,150
11376,36
11376,117
11377,117
11378,117
11379,117
11380,117
11381,36
11381,117
11382,178
11383,36
11384,178
11385,74
11385,178
11386,178
11387,117
11388,117
11389,117
11389,148
11390,117
11391,117
11391,178
11392,36
11392,117
11393,178
11394,117
11395,117
11396,117
11397,36
11397,117
11398,117
11399,117
11400,117
11401,11
11401,117
11402,178
11403,178
11404,117
11405,117
11406,188
11407,57
11407,117
11407,188
11408,117
11409,36
11409,117
11409,124
11409,126
11409,141
11410,82
11410,97
11410,117
11410,141
11411,46
11411,158
11412,126
11413,178
11414,158
11415,117
11416,75
11417,117
11418,117
11418,187
11419,36
11419,117
11419,165
11420,74
11420,117
11421,74
11421,117
11421,141
11422,36
11422,117
11423,53
11423,74
11423,117
11423,178
11424,117
11424,140
11425,117
11426,117
11427,57
11427,117
11428,36
11428,75
11428,117
11428,140
11428,179
11429,117
11429,126
11429,140
11430,117
11431,117
11432,117
11433,117
11434,117
11434,126
11435,36
11435,57
11435,117
11435,126
11436,141
11437,117
11437,178
11438,141
11439,107
11439,126
11439,141
11440,117
11441,178
11442,126
11443,117
11444,85
11444,117
11445,117
11446,117
11447,117
11448,117
11449,36
11449,117
11449,140
11450,117
11451,117
11451,133
11451,141
11451,178
11452,117
11453,117
11454,117
11455,11
11455,117
11456,117
11457,117
11458,117
11459,117
11460,178
11461,117
11462,117
11463,87
11463,117
11464,117
11465,117
11465,140
11466,36
11466,117
11467,124
11468,38
11468,117
11468,140
11468,160
11469,117
11470,178
11471,117
11472,117
11473,117
11474,36
11474,117
11475,117
11476,117
11477,178
11478,178
11479,178
11480,178
11481,117
11482,117
11483,36
11483,117
11484,117
11485,141
11486,117
11486,178
11487,117
11487,126
11488,117
11489,117
11489,126
11489,189
11490,57
11490,74
11491,117
11491,126
11492,117
11493,117
11494,178
11495,57
11496,117
11497,113
11498,36
11498,87
11498,117
11498,141
11499,117
11500,117
11501,117
11502,124
11502,139
11503,117
11503,120
11503,126
11503,133
11503,141
11504,30
11504,117
11505,117
11506,117
11507,117
11508,117
11509,57
11509,117
11509,120
11509,139
11509,141
11509,178
11510,117
11511,178
11512,178
11513,178
11514,117
11514,126
11514,133
11514,141
11514,178
11515,178
11516,178
11517,178
11518,117
11518,178
11519,141
11520,117
11521,141
11522,141
11523,117
11523,178
11524,117
11524,133
11525,141
11526,117
11527,110
11528,117
11529,178
11530,117
11531,117
11531,139
11532,38
11532,49
11532,117
11532,126
11533,36
11534,117
11534,140
11535,36
11536,140
11537,117
11538,117
11539,117
11540,117
11541,36
11541,117
11542,117
11542,139
11543,178
11544,117
11544,126
11544,165
11545,46
11545,117
11545,126
11545,140
11545,141
11545,158
11546,117
11547,75
11548,117
11549,117
11550,117
11551,36
11552,117
11553,117
11554,117
11555,36
11555,117
11556,117
11557,117
11558,141
11559,36
11559,117
11560,117
11561,117
11562,117
11563,117
11563,126
11564,36
11564,117
11565,107
11565,117
11565,119
11565,152
11566,117
11566,187
11567,117
11568,117
11568,178
11569,117
11569,126
11569,178
11570,3
11570,117
11571,178
11572,117
11573,117
11574,75
11575,117
11576,117
11577,117
11578,117
11579,38
11579,95
11580,117
11581,117
11582,38
11583,38
11583,117
11584,117
11585,38
11586,38
11587,74
11588,84
11588,117
11588,124
11589,117
11590,141
11591,117
11592,117
11593,74
11594,178
11595,117
11595,178
11596,74
11597,117
11597,126
11598,74
11599,74
11600,117
11601,82
11602,36
11602,117
11602,179
11603,107
11603,117
11603,140
11604,75
11605,74
11605,178
11606,74
11607,117
11608,117
11609,36
11609,117
11610,117
11611,74
11612,74
11613,74
11614,117
11615,74
11616,82
11617,117
11618,36
11618,117
11619,74
11620,178
11621,36
11621,117
11622,74
11622,117
11622,120
11622,124
11622,178
11623,74
11624,74
11625,74
11626,74
11627,117
11627,126
11627,133
11628,74
11629,117
11630,117
11631,38
11632,160
11633,117
11634,117
11635,160
11636,160
11637,117
11638,117
11639,117
11639,124
11639,139
11640,117
11641,36
11641,117
11642,117
11643,117
11643,178
11644,160
11645,38
11646,178
11647,117
11648,117
11649,36
11649,117
11649,148
11649,174
11650,117
11651,178
11652,36
11652,117
11653,117
11654,91
11654,117
11655,117
11656,74
11657,117
11657,189
11658,117
11659,117
11659,126
11659,141
11660,178
11661,117
11662,178
11663,117
11664,117
11665,117
11666,36
11666,117
11667,36
11667,117
11668,117
11669,117
11670,117
11670,124
11671,141
11672,117
11673,117
11674,117
11675,117
11676,36
11676,117
11677,117
11678,117
11679,117
11680,117
11681,117
11682,126
11683,117
11683,178
11684,117
11685,117
11685,141
11686,117
11686,126
11687,17
11688,117
11689,117
11690,117
11691,117
11692,10
11692,117
11692,119
11692,124
11692,126
11693,158
11694,57
11694,117
11695,117
11695,140
11696,117
11696,165
11697,117
11698,117
11699,17
11699,117
11700,117
11701,117
11702,152
11703,36
11704,117
11704,126
11705,75
11705,117
11706,117
11706,126
11707,107
11707,152
11708,117
11709,117
11710,117
11711,38
11711,63
11711,117
11711,124
11711,139
11711,178
11712,74
11712,117
11713,117
11714,117
11715,117
11716,117
11716,140
11716,179
11717,105
11717,117
11718,117
11719,12
11719,117
11719,187
11720,36
11721,31
11721,82
11721,140
11722,117
11722,178
11723,178
11724,117
11724,178
11725,117
11725,178
11726,36
11726,75
11726,126
11726,133
11726,141
11726,178
11727,178
11728,117
11729,117
11730,74
11731,117
11732,117
11732,126
11732,141
11733,117
11734,141
11735,141
11736,141
11737,141
11738,50
11738,117
11738,141
11739,82
11740,82
11741,82
11742,107
11743,117
11744,117
11745,117
11746,178
11747,117
11748,117
11749,117
11750,117
11751,117
11751,189
11752,36
11752,117
11752,119
11752,126
11753,117
11754,117
11755,36
11755,74
11755,117
11756,113
11757,7
11757,117
11758,117
11759,178
11760,74
11761,178
11762,178
11763,178
11764,117
11764,140
11765,31
11765,117
11765,141
11765,158
11765,165
11766,117
11767,117
11768,117
11769,36
11769,117
11770,38
11771,117
11772,117
11773,141
11774,117
11775,30
11775,117
11775,120
11775,133
11775,140
11775,165
11776,53
11776,141
11777,117
11778,113
11779,74
11780,117
11781,14
11781,117
11782,117
11783,178
11784,178
11785,117
11785,178
11786,117
11787,117
11788,126
11789,38
11789,117
11790,36
11790,117
11791,53
11791,117
11791,126
11791,141
11791,171
11791,178
11792,117
11793,124
11794,36
11794,110
11795,117
11796,178
11797,117
11798,117
11799,178
11800,178
11801,117
11802,46
11802,82
11802,117
11802,126
11802,141
11802,152
11803,75
11803,117
11803,178
11804,117
11805,117
11806,178
11807,178
11808,178
11809,178
11810,117
11811,117
11812,107
11813,36
11813,117
11813,126
11813,140
11813,141
11813,178
11814,113
11815,117
11816,36
11816,117
11816,124
11816,133
11816,141
11817,36
11818,38
11818,49
11818,117
11818,126
11819,117
11820,57
11820,117
11820,152
11821,178
11822,117
11823,117
11824,36
11825,117
11826,87
11826,117
11826,140
11826,148
11827,178
11828,178
11829,178
11830,178
11831,178
11832,178
11833,178
11834,178
11835,178
11836,178
11837,178
11838,178
11839,178
11840,117
11840,178
11841,178
11842,178
11843,117
11843,126
11844,117
11845,178
11846,178
11847,158
11848,117
11849,117
11849,124
11850,117
11851,178
11852,178
11853,117
11854,117
11854,141
11855,117
11856,117
11856,189
11857,117
11858,38
11859,126
11860,117
11861,133
11862,36
11863,75
11863,117
11863,126
11863,144
11864,117
11865,11
11865,57
11865,88
11865,117
11865,140
11865,188
11866,133
11867,133
11868,117
11869,133
11870,117
11870,178
11871,117
11871,178
11872,75
11873,117
11873,126
11874,117
11874,126
11875,172
11876,117
11877,141
11878,117
11879,117
11880,117
11880,178
11881,117
11881,141
11882,117
11883,117
11884,117
11885,117
11885,120
11885,140
11886,117
11887,117
11888,117
11889,36
11890,117
11891,117
11892,36
11892,117
11892,140
11892,178
11893,117
11894,178
11895,117
11896,75
11896,126
11897,36
11898,178
11899,57
11899,117
11900,117
11900,178
11901,74
11901,117
11901,126
11901,135
11901,140
11902,117
11902,178
11903,82
11903,152
11904,117
11904,139
11904,178
11905,11
11905,117
11905,141
11906,36
11906,117
11907,36
11907,117
11908,117
11909,126
11909,179
11910,117
11910,124
11910,139
11911,107
11912,36
11912,117
11913,117
11914,60
11914,117
11915,117
11916,117
11917,117
11918,113
11919,107
11920,112
11920,117
11920,140
11921,126
11922,46
11922,126
11923,178
11924,178
11925,117
11925,178
11926,126
11926,141
11927,117
11927,126
11927,140
11928,117
11929,38
11929,117
11930,117
11931,117
11932,117
11933,8
11933,50
11933,57
11933,117
11934,67
11934,117
11934,133
11935,117
11936,75
11937,117
11938,124
11938,139
11939,117
11940,124
11941,117
11941,140
11941,189
11942,124
11943,38
11944,124
11945,38
11946,117
11947,57
11947,117
11947,172
11948,117
11949,74
11950,117
11951,117
11952,117
11953,158
11954,158
11955,117
11955,126
11956,36
11956,82
11956,117
11957,117
11957,139
11958,36
11958,117
11959,117
11960,117
11960,126
11961,117
11962,117
11963,117
11964,117
11965,117
11965,133
11966,117
11967,117
11968,117
11969,113
11970,36
11970,117
11971,117
11971,140
11972,117
11973,117
11974,126
11975,178
11976,117
11976,178
11977,117
11978,117
11979,36
11979,178
11980,74
11981,178
11982,178
11983,74
11984,57
11984,126
11985,74
11986,117
11986,153
11987,117
11987,178
11988,117
11989,74
11990,178
11991,178
11992,178
11993,117
11994,117
11995,141
11996,38
11996,117
11996,188
11997,117
11998,117
11999,36
11999,117
12000,57
12000,117
12001,117
12002,87
12002,117
12003,117
12004,117
12005,36
12005,117
12006,117
12007,117
12008,117
12009,117
12010,11
12010,117
12011,117
12012,117
12013,124
12013,139
12014,117
12015,117
12016,36
12016,117
12017,117
12018,38
12019,38
12019,188
12020,75
12021,75
12022,75
12023,178
12024,117
12025,117
12026,117
12027,117
12028,117
12029,117
12030,141
12031,117
12032,117
12033,117
12034,36
12034,117
12034,126
12035,117
12036,178
12037,178
12038,178
12039,75
12039,117
12039,133
12040,117
12041,74
12042,117
12043,74
12043,178
12044,124
12044,139
12045,117
12045,119
12045,124
12045,139
12046,117
12047,70
12048,178
12049,178
12050,178
12051,82
12051,107
12051,117
12052,178
12053,178
12054,117
12055,178
12056,117
12057,178
12058,178
12059,178
12060,178
12061,165
12061,178
12062,117
12062,178
12063,117
12063,141
12064,74
12064,178
12065,139
12065,178
12066,178
12067,178
12068,113
12069,178
12070,117
12071,153
12071,178
12072,178
12073,178
12074,178
12075,178
12076,178
12077,74
12078,178
12079,178
12080,178
12081,178
12082,178
12083,178
12084,178
12085,178
12086,178
12087,178
12088,178
12089,178
12090,178
12091,117
12091,126
12092,178
12093,178
12094,117
12094,124
12094,139
12095,117
12095,178
12096,178
12097,178
12098,178
12099,178
12100,178
12101,117
12101,124
12101,178
12102,74
12103,178
12104,178
12105,117
12106,117
12106,140
12106,141
12107,38
12107,117
12107,169
12108,178
12109,117
12109,140
12110,178
12111,178
12112,178
12113,117
12113,126
12114,57
12114,117
12114,141
12114,148
12115,178
12116,178
12117,117
12117,178
12118,178
12119,178
12120,117
12121,178
12122,74
12123,36
12124,117
12124,178
12125,178
12126,178
12127,178
12128,178
12129,178
12130,126
12131,178
12132,178
12133,178
12134,178
12135,178
12136,117
12136,140
12137,178
12138,36
12138,110
12138,117
12139,178
12140,117
12141,178
12142,178
12143,178
12144,117
12144,178
12145,117
12145,139
12145,178
12146,117
12147,178
12148,178
12149,178
12150,117
12150,133
12150,139
12150,178
12151,11
12151,36
12151,57
12151,117
12151,141
12151,161
12152,178
12153,92
12153,117
12154,117
12155,36
12155,117
12156,117
12157,117
12157,148
12158,117
12159,57
12159,117
12160,117
12161,117
12162,117
12163,117
12164,117
12165,117
12166,117
12166,126
12167,126
12168,117
12169,36
12169,117
12170,117
12171,117
12172,117
12173,117
12174,117
12174,126
12174,133
12175,141
12176,117
12177,117
12178,57
12178,87
12178,117
12179,117
12180,117
12181,3
12181,20
12181,76
12181,117
12181,132
12181,177
12182,36
12182,38
12182,117
12182,126
12183,117
12183,189
12184,117
12185,107
12186,117
12187,36
12187,117
12188,90
12188,117
12188,124
12189,117
12190,38
12190,117
12191,124
12191,139
12192,124
12192,139
12193,79
12193,117
12194,117
12195,117
12196,117
12197,38
12197,74
12197,117
12197,178
12198,117
12198,126
12198,141
12199,117
12199,126
12199,133
12199,141
12200,117
12201,117
12202,117
12203,117
12204,117
12205,13
12205,36
12205,117
12205,126
12206,11
12206,117
12207,117
12208,36
12209,178
12210,117
12211,117
12211,133
12212,117
12213,75
12213,117
12214,117
12215,74
12215,117
12216,117
12217,117
12218,117
12219,117
12219,126
12220,117
12221,117
12222,117
12223,74
12223,117
12224,126
12225,117
12226,83
12226,117
12227,117
12227,178
12228,117
12229,124
12230,117
12231,117
12231,178
12232,117
12232,126
12233,117
12233,126
12233,133
12233,140
12234,126
12235,139
12236,126
12237,117
12237,178
12238,117
12239,178
12240,117
12241,117
12242,117
12243,117
12243,124
12243,139
12244,117
12245,117
12245,126
12246,117
12247,106
12247,117
12248,117
12249,124
12250,117
12251,117
12252,117
12253,117
12254,36
12254,117
12255,117
12256,36
12256,117
12256,124
12256,133
12256,145
12257,36
12257,117
12258,36
12259,117
12260,36
12260,117
12261,117
12262,117
12263,117
12264,117
12265,117
12266,117
12267,117
12268,117
12269,38
12269,117
12269,126
12270,36
12270,117
12271,36
12272,75
12272,117
12272,124
12272,135
12273,117
12273,126
12274,117
12275,53
12275,140
12275,141
12276,117
12277,85
12277,117
12278,117
12279,117
12280,31
12280,36
12280,117
12281,36
12281,117
12282,117
12283,117
12284,36
12284,117
12285,126
12285,140
12286,36
12287,117
12288,117
12289,36
12289,75
12289,117
12290,117
12291,117
12291,140
12292,13
12292,117
12293,117
12294,117
12294,126
12295,178
12296,117
12296,179
12297,38
12298,87
12298,141
12299,117
12300,117
12301,117
12302,117
12303,117
12304,36
12304,38
12304,117
12304,179
12305,117
12306,117
12306,126
12306,133
12307,82
12308,117
12309,117
12310,117
12311,117
12312,117
12313,117
12313,126
12314,117
12315,117
12316,117
12317,117
12317,126
12318,38
12318,49
12318,114
12318,117
12319,117
12320,117
12321,117
12322,74
12322,105
12322,117
12322,141
12323,117
12323,178
12324,117
12324,178
12325,178
12326,57
12326,117
12326,140
12326,160
12327,117
12328,152
12329,117
12329,153
12330,117
12331,38
12332,117
12333,172
12334,117
12334,162
12335,117
12336,36
12336,117
12337,117
12338,158
12339,117
12340,36
12341,117
12342,117
12342,126
12342,133
12343,36
12343,117
12344,36
12344,117
12344,172
12345,117
12346,36
12346,57
12346,117
12347,117
12348,117
12349,117
12349,126
12349,141
12350,117
12351,105
12351,117
12351,126
12352,117
12352,133
12352,141
12353,117
12354,36
12355,117
12356,117
12357,178
12358,117
12359,178
12360,178
12361,117
12362,36
12362,117
12362,140
12362,188
12363,75
12363,126
12364,117
12365,117
12365,133
12366,8
12366,117
12366,133
12367,117
12368,117
12369,117
12370,117
12371,117
12372,117
12373,113
12374,117
12375,117
12376,117
12376,178
12377,117
12378,117
12379,117
12380,126
12381,117
12382,117
12382,141
12383,117
12384,117
12385,38
12385,74
12386,117
12387,117
12388,74
12389,117
12389,133
12390,117
12391,117
12391,124
12391,126
12391,165
12391,178
12392,117
12392,124
12392,139
12393,36
12394,3
12394,36
12394,117
12394,126
12394,189
12395,117
12396,117
12397,117
12398,117
12399,178
12400,117
12400,126
12400,141
12401,82
12401,117
12402,117
12403,117
12404,13
12404,117
12405,117
12406,117
12406,133
12407,117
12408,36
12408,117
12408,158
12409,141
12410,126
12411,117
12412,117
12413,117
12413,141
12414,117
12415,117
12416,124
12416,139
12416,178
12417,117
12418,117
12419,67
12419,117
12419,126
12419,133
12419,141
12420,117
12420,126
12421,117
12422,36
12422,117
12423,36
12423,117
12423,126
12423,140
12423,141
12423,152
12424,117
12425,117
12426,40
12426,74
12426,117
12427,117
12428,178
12429,178
12430,36
12430,182
12431,105
12431,117
12432,117
12432,178
12433,117
12434,141
12434,158
12435,117
12436,11
12436,57
12436,117
12436,120
12436,131
12436,179
12437,117
12438,117
12439,36
12439,117
12439,140
12440,158
12441,117
12441,140
12442,117
12442,126
12443,117
12444,117
12445,117
12446,117
12447,117
12448,117
12449,117
12450,36
12450,75
12450,117
12450,141
12451,53
12451,117
12451,140
12452,117
12453,117
12454,117
12454,126
12455,117
12456,117
12457,178
12458,117
12459,117
12460,36
12460,117
12460,139
12460,140
12460,158
12460,178
12461,117
12462,117
12463,117
12463,189
12464,46
12464,158
12465,117
12466,117
12466,141
12467,117
12467,140
12468,82
12469,82
12470,82
12471,117
12472,117
12472,126
12473,117
12474,117
12475,36
12475,117
12476,36
12476,117
12477,117
12478,117
12478,140
12479,117
12480,126
12481,117
12482,31
12482,36
12482,117
12482,126
12482,133
12483,117
12483,126
12484,117
12484,140
12485,117
12486,117
12487,117
12487,141
12488,117
12489,178
12490,178
12491,36
12492,117
12492,126
12493,36
12494,117
12495,117
12496,178
12497,117
12498,117
12499,117
12500,117
12501,117
12502,117
12502,141
12503,36
12503,117
12504,117
12505,117
12506,117
12507,117
12508,11
12508,57
12508,117
12508,126
12508,133
12508,140
12508,141
12508,148
12508,158
12509,117
12509,178
12510,117
12511,117
12512,117
12513,117
12514,117
12515,117
12516,117
12517,117
12517,124
12517,126
12518,82
12519,31
12519,140
12519,141
12519,189
12520,117
12521,31
12521,133
12522,117
12523,117
12523,187
12524,117
12525,117
12526,117
12526,178
12527,117
12527,126
12528,178
12529,117
12530,117
12531,30
12531,117
12532,117
12533,117
12534,117
12535,117
12535,178
12536,117
12537,117
12538,117
12539,117
12540,117
12541,113
12542,117
12543,38
12543,117
12543,126
12544,117
12544,126
12545,113
12546,117
12547,117
12548,117
12549,117
12549,126
12550,117
12551,117
12552,117
12553,117
12554,117
12555,117
12556,117
12557,117
12558,113
12559,117
12560,36
12560,117
12560,126
12560,133
12560,189
12561,117
12562,117
12563,117
12564,117
12565,117
12565,126
12565,141
12566,117
12567,36
12567,117
12568,126
12569,117
12570,117
12571,117
12572,117
12573,117
12574,117
12575,117
12576,117
12577,117
12578,75
12578,117
12578,126
12578,141
12579,31
12579,117
12579,126
12580,117
12580,126
12580,140
12581,117
12582,117
12583,11
12583,57
12583,117
12584,117
12585,117
12586,57
12587,117
12587,124
12587,139
12587,178
12588,117
12589,107
12590,82
12591,119
12592,20
12592,117
12593,117
12594,82
12595,117
12596,75
12596,82
12596,117
12597,107
12598,36
12598,117
12598,126
12598,133
12598,141
12599,82
12600,152
12601,82
12601,97
12601,152
12602,107
12603,82
12604,82
12604,152
12605,107
12605,152
12606,107
12607,82
12608,117
12609,117
12610,117
12611,17
12612,117
12613,117
12613,126
12613,133
12614,117
12615,117
12616,82
12617,152
12618,87
12618,117
12619,107
12620,82
12621,82
12622,82
12623,82
12624,82
12624,141
12625,107
12626,36
12626,117
12627,117
12628,117
12629,36
12629,117
12630,117
12630,133
12631,117
12631,140
12631,141
12632,117
12633,57
12633,117
12633,126
12633,139
12633,141
12634,117
12634,178
12635,117
12636,117
12636,126
12636,141
12637,107
12638,124
12638,139
12639,82
12640,82
12641,11
12641,14
12641,117
12641,141
12641,148
12641,165
12641,175
12642,117
12642,139
12643,117
12643,120
12643,126
12644,82
12644,152
12645,126
12646,152
12647,36
12647,53
12647,117
12647,120
12648,117
12649,113
12650,113
12651,117
12652,113
12653,113
12654,124
12655,124
12655,139
12656,186
12657,117
12657,126
12658,186
12659,113
12660,117
12661,113
12662,113
12663,113
12664,113
12665,113
12666,113
12667,113
12668,113
12669,178
12670,178
12671,117
12672,113
12673,113
12674,36
12675,117
12676,113
12677,36
12678,113
12679,113
12680,178
12681,117
12682,117
12683,117
12684,186
12685,113
12686,117
12687,113
12688,113
12689,113
12690,113
12691,82
12691,117
12692,117
12693,36
12693,75
12693,117
12694,113
12695,113
12696,113
12697,38
12698,117
12699,113
12700,113
12701,113
12702,117
12703,36
12703,117
12703,133
12704,113
12705,113
12706,113
12707,113
12708,113
12709,117
12710,113
12711,117
12712,113
12713,113
12714,113
12715,113
12716,113
12717,117
12717,178
12718,113
12719,113
12720,113
12721,179
12722,117
12723,117
12724,113
12725,126
12726,178
12727,113
12728,113
12729,113
12730,113
12731,113
12732,113
12733,113
12734,113
12735,113
12736,113
12737,113
12738,113
12739,113
12740,113
12741,113
12742,113
12743,113
12744,113
12745,113
12746,113
12747,113
12748,113
12749,113
12750,113
12751,113
12752,113
12753,113
12754,113
12755,117
12756,117
12757,113
12758,36
12758,117
12758,126
12758,141
12759,113
12760,36
12761,178
12762,113
12763,178
12764,38
12765,113
12766,113
12767,113
12768,113
12769,117
12770,113
12771,74
12772,117
12773,117
12774,113
12775,113
12776,113
12777,57
12778,113
12779,113
12780,113
12781,113
12782,113
12783,126
12784,113
12785,113
12786,113
12787,74
12788,2
12788,82
12788,117
12788,126
12788,133
12788,141
12789,113
12790,113
12791,113
12792,117
12793,74
12794,117
12795,113
12796,117
12797,117
12798,178
12799,36
12800,117
12801,117
12802,74
12802,117
12803,113
12804,113
12805,113
12806,113
12807,113
12808,178
12809,117
12809,152
12810,113
12811,113
12812,113
12813,113
12814,178
12815,113
12816,113
12817,113
12818,113
12819,178
12820,113
12821,113
12822,113
12823,74
12824,117
12825,117
12826,113
12827,113
12828,117
12829,113
12830,117
12831,113
12832,113
12833,113
12834,113
12835,113
12836,113
12837,117
12838,178
12839,113
12840,141
12841,179
12842,36
12842,75
12842,124
12842,126
12842,141
12843,117
12844,124
12845,113
12846,117
12847,117
12848,113
12849,38
12850,133
12851,179
12852,36
12853,113
12854,117
12855,36
12855,110
12856,133
12857,117
12858,135
12859,179
12860,113
12861,117
12862,117
12863,113
12864,117
12864,127
12864,141
12865,117
12866,113
12867,113
12868,113
12869,113
12870,117
12871,74
12872,113
12873,117
12874,117
12875,117
12876,117
12877,117
12878,117
12879,117
12880,117
12881,117
12882,117
12883,117
12884,113
12885,117
12886,117
12887,117
12888,117
12889,113
12890,117
12891,113
12892,36
12893,113
12894,117
12895,117
12896,113
12897,113
12898,113
12899,113
12900,178
12901,113
12902,126
12903,113
12904,178
12905,117
12906,127
12907,113
12908,113
12909,113
12910,117
12911,117
12912,113
12913,113
12914,126
12915,117
12915,178
12916,117
12917,113
12918,113
12919,113
12920,113
12921,113
12922,113
12923,117
12924,113
12925,179
12926,117
12926,124
12926,126
12927,117
12928,113
12929,113
12930,117
12931,178
12932,113
12933,178
12934,178
12935,178
12936,117
12937,178
12938,113
12939,172
12940,113
12941,179
12942,117
12943,117
12944,117
12945,179
12946,179
12947,117
12948,179
12949,117
12950,117
12951,113
12952,113
12953,113
12954,113
12955,113
12956,117
12957,113
12958,74
12959,117
12960,113
12961,75
12962,117
12963,113
12964,113
12965,113
12966,179
12967,113
12968,113
12969,113
12970,113
12971,113
12972,117
12973,113
12974,113
12975,113
12976,74
12977,113
12978,113
12979,113
12980,113
12981,113
12982,178
12983,113
12984,113
12985,113
12986,113
12987,113
12988,178
12989,113
12990,113
12991,113
12992,113
12993,113
12994,113
12995,113
12996,113
12997,113
12998,113
12999,113
13000,113
13001,113
13002,113
13003,113
13004,126
13005,117
13006,36
13006,98
13006,117
13006,126
13006,141
13006,148
13006,158
13006,174
13006,179
13007,113
13008,113
13009,113
13010,113
13011,113
13012,113
13013,113
13014,113
13015,74
13016,113
13017,113
13018,133
13019,79
13019,117
13020,117
13021,152
13022,117
13023,36
13024,31
13025,113
13026,141
13027,117
13028,117
13029,113
13030,113
13031,141
13032,113
13033,113
13034,113
13035,113
13036,178
13037,113
13038,36
13038,117
13038,141
13038,165
13039,178
13040,113
13041,113
13042,113
13043,113
13044,117
13045,113
13046,113
13047,113
13048,113
13049,113
13050,74
13051,113
13052,113
13053,178
13054,113
13055,113
13056,113
13057,113
13058,113
13059,113
13060,28
13060,124
13061,113
13062,113
13063,113
13064,113
13065,113
13066,178
13067,113
13068,28
13069,36
13070,178
13071,113
13072,113
13073,141
13074,117
13075,117
13076,113
13077,113
13078,113
13079,113
13080,113
13081,117
13082,124
13083,117
13084,124
13085,36
13085,75
13085,117
13085,126
13085,133
13086,117
13086,178
13087,113
13088,117
13089,113
13090,113
13091,113
13092,113
13093,178
13094,113
13095,113
13096,113
13097,117
13098,113
13099,117
13100,74
13101,117
13102,140
13103,124
13104,109
13104,117
13104,124
13104,139
13105,124
13106,117
13107,113
13108,117
13109,124
13110,113
13111,117
13112,113
13113,113
13114,113
13115,113
13116,113
13117,113
13118,113
13119,117
13120,113
13121,113
13122,117
13122,158
13123,113
13124,117
13125,36
13125,117
13126,117
13127,178
13128,113
13129,113
13130,178
13131,113
13132,113
13133,124
13134,117
13135,36
13135,141
13136,113
13137,117
13138,74
13139,117
13140,113
13141,124
13142,124
13143,11
13143,36
13143,57
13143,117
13144,113
13145,117
13146,113
13147,117
13147,178
13148,113
13149,113
13150,113
13151,113
13152,113
13153,113
13154,113
13155,113
13156,38
13157,38
13158,36
13158,117
13158,126
13158,133
13158,141
13159,36
13159,126
13160,178
13161,158
13162,158
13163,113
13164,113
13165,113
13166,113
13167,178
13168,178
13169,113
13170,141
13171,113
13172,113
13173,141
13174,113
13175,113
13176,178
13177,113
13178,140
13179,113
13180,113
13181,113
13182,113
13183,113
13184,113
13185,117
13186,117
13187,113
13188,36
13188,117
13188,133
13189,113
13190,113
13191,113
13192,113
13193,113
13194,113
13195,113
13196,113
13197,178
13198,113
13199,113
13200,113
13201,113
13202,113
13203,113
13204,113
13205,36
13205,117
13205,126
13205,141
13206,113
13207,113
13208,117
13208,178
13209,178
13210,113
13211,117
13212,113
13213,113
13214,38
13215,178
13216,113
13217,178
13218,113
13219,152
13220,113
13221,113
13222,113
13223,74
13224,178
13225,178
13226,117
13227,178
13228,113
13229,113
13230,117
13231,113
13232,113
13233,113
13234,113
13235,117
13236,126
13237,117
13238,117
13238,126
13239,117
13240,113
13241,113
13242,113
13243,113
13244,117
13245,113
13246,113
13247,113
13248,113
13249,113
13250,117
13250,141
13251,117
13251,126
13251,165
13252,117
13252,126
13253,117
13254,117
13255,82
13256,82
13257,82
13258,117
13259,117
13260,117
13261,117
13261,172
13262,117
13263,34
13263,36
13263,57
13263,97
13263,117
13263,133
13263,140
13263,141
13263,172
13264,117
13264,172
13265,117
13266,152
13267,107
13268,107
13269,107
13270,107
13270,116
13271,117
13271,126
13272,82
13272,107
13272,152
13273,117
13273,158
13274,17
13274,36
13274,82
13274,107
13274,117
13274,140
13274,152
13275,4
13275,82
13276,107
13277,107
13278,82
13278,107
13278,117
13279,82
13280,17
13280,152
13281,36
13281,117
13282,36
13282,117
13282,152
13283,117
13284,152
13285,140
13286,117
13286,133
13287,36
13287,117
13288,133
13289,152
13290,117
13291,82
13292,107
13293,82
13293,117
13294,117
13294,126
13295,50
13295,117
13295,126
13296,117
13297,117
13298,117
13298,141
13298,172
13299,152
13300,117
13301,152
13302,152
13303,117
13304,117
13305,117
13306,117
13307,117
13307,127
13308,82
13308,97
13309,57
13309,87
13309,117
13310,117
13310,140
13310,179
13311,82
13312,126
13313,124
13313,178
13314,117
13314,178
13315,117
13316,57
13316,87
13316,117
13316,141
13317,117
13317,126
13318,117
13319,117
13320,117
13321,117
13321,124
13321,139
13321,178
13322,117
13323,117
13324,36
13324,117
13325,117
13326,117
13327,117
13328,117
13328,133
13328,178
13329,117
13330,117
13331,117
13332,117
13332,165
13332,179
13332,187
13333,117
13334,117
13334,128
13335,117
13336,117
13337,117
13337,139
13337,178
13338,117
13339,36
13339,117
13340,117
13341,117
13342,117
13342,126
13342,141
13343,117
13344,117
13345,117
13346,117
13346,141
13347,117
13347,126
13347,165
13348,117
13348,126
13349,117
13350,117
13351,117
13351,126
13352,117
13353,117
13353,165
13354,117
13355,36
13355,112
13355,117
13355,126
13355,140
13356,74
13356,117
13356,126
13357,36
13357,117
13358,117
13358,178
13359,117
13360,117
13361,57
13361,117
13362,117
13363,117
13364,117
13365,117
13366,117
13367,117
13368,117
13369,50
13369,82
13369,117
13369,126
13369,140
13370,117
13371,117
13372,117
13373,117
13374,36
13374,75
13374,117
13374,126
13374,165
13375,117
13375,139
13376,178
13377,36
13377,117
13378,117
13379,117
13380,117
13381,85
13381,117
13381,141
13382,35
13382,117
13382,127
13382,178
13383,117
13384,117
13385,117
13386,117
13387,117
13388,117
13388,124
13388,126
13388,133
13388,158
13389,117
13389,133
13389,139
13390,36
13390,75
13390,117
13390,126
13391,38
13392,117
13392,188
13393,36
13393,46
13393,117
13394,117
13394,126
13394,148
13395,117
13396,117
13397,117
13398,3
13398,117
13398,126
13398,158
13399,160
13400,48
13400,75
13400,126
13401,36
13401,117
13401,126
13401,133
13401,141
13402,117
13403,117
13403,140
13404,75
13404,117
13404,126
13404,178
13405,36
13405,117
13406,117
13406,124
13407,117
13408,117
13408,124
13408,140
13409,160
13410,117
13411,117
13412,117
13412,189
13413,36
13413,117
13414,117
13415,117
13416,36
13416,117
13416,148
13417,117
13418,117
13419,97
13419,117
13419,126
13419,141
13420,117
13421,117
13421,126
13422,117
13423,97
13423,117
13423,141
13423,178
13424,117
13425,36
13425,133
13425,178
13425,179
13426,126
13427,126
13428,117
13429,117
13430,117
13431,117
13432,117
13432,126
13433,117
13434,8
13434,36
13434,117
13435,133
13436,57
13436,117
13437,117
13438,117
13439,160
13440,117
13441,117
13442,117
13442,126
13443,117
13443,126
13444,117
13445,117
13446,36
13446,117
13446,140
13447,117
13448,160
13449,117
13450,117
13451,117
13452,105
13452,117
13452,119
13452,124
13453,160
13454,117
13455,117
13456,117
13456,178
13457,57
13457,117
13458,117
13459,117
13460,117
13460,124
13461,11
13461,117
13461,140
13462,36
13462,117
13463,158
13464,117
13464,189
13465,112
13465,117
13465,141
13465,178
13466,117
13467,117
13468,36
13469,117
13470,117
13471,117
13471,140
13471,141
13472,75
13472,117
13472,133
13473,117
13473,126
13474,36
13474,117
13475,117
13475,178
13476,117
13477,117
13478,117
13479,117
13480,117
13481,117
13482,117
13483,38
13484,117
13485,117
13486,117
13487,117
13488,36
13488,117
13488,158
13489,117
13490,117
13491,117
13492,117
13493,117
13494,117
13495,117
13496,117
13497,117
13498,117
13498,139
13499,117
13500,117
13501,117
13502,117
13503,117
13504,117
13505,117
13506,36
13506,117
13506,140
13506,165
13506,176
13507,117
13508,117
13509,117
13510,117
13511,117
13511,126
13511,141
13512,36
13512,117
13513,117
13514,117
13515,36
13515,117
13515,178
13516,117
13517,117
13518,117
13518,140
13519,117
13520,117
13521,35
13521,117
13522,117
13523,117
13524,117
13525,117
13526,57
13526,117
13526,135
13526,141
13527,117
13528,117
13529,117
13530,36
13530,117
13531,36
13531,117
13532,36
13532,117
13533,117
13533,179
13534,126
13535,117
13535,178
13536,7
13536,117
13536,124
13537,117
13537,126
13538,117
13538,189
13539,36
13539,117
13539,141
13540,38
13541,36
13541,117
13541,133
13542,117
13543,117
13544,75
13544,117
13545,117
13546,36
13546,117
13547,117
13547,126
13547,133
13548,117
13549,36
13549,117
13549,124
13549,126
13550,97
13550,117
13551,117
13552,160
13553,36
13553,117
13553,133
13554,3
13554,20
13554,76
13554,117
13555,36
13555,117
13556,38
13556,49
13556,102
13556,117
13557,74
13557,126
13558,117
13559,117
13560,117
13561,38
13561,102
13561,114
13561,117
13561,193
13562,36
13562,117
13562,141
13563,117
13564,117
13564,126
13565,117
13565,144
13566,109
13566,117
13566,124
13566,179
13567,38
13568,117
13569,117
13570,38
13571,117
13572,49
13573,36
13573,117
13573,126
13573,141
13573,162
13574,36
13575,126
13575,141
13576,117
13576,126
13576,165
13577,49
13577,136
13578,117
13578,126
13579,88
13579,90
13579,117
13579,140
13579,188
13580,38
13581,113
13582,117
13583,31
13583,117
13583,165
13584,107
13584,117
13585,74
13586,117
13587,38
13588,117
13589,117
13590,75
13591,53
13592,38
13593,117
13594,38
13595,117
13596,38
13597,83
13597,117
13598,74
13599,117
13600,117
13600,158
13601,132
13602,36
13602,117
13603,117
13604,124
13605,117
13606,117
13606,139
13607,117
13608,152
13609,74
13609,117
13609,124
13609,139
13609,178
13610,117
13610,126
13611,117
13611,140
13611,141
13612,117
13613,117
13614,178
13615,178
13616,124
13617,117
13618,117
13619,117
13620,74
13620,117
13620,126
13621,117
13622,117
13623,133
13624,75
13625,126
13626,74
13627,117
13628,117
13629,172
13630,38
13631,36
13631,117
13632,117
13632,141
13633,117
13633,119
13633,178
13634,36
13634,117
13634,126
13634,162
13634,179
13635,38
13635,117
13636,126
13637,38
13638,117
13639,74
13639,104
13640,38
13640,117
13641,38
13642,74
13643,63
13643,117
13643,122
13643,124
13643,139
13644,74
13644,117
13644,141
13645,117
13646,117
13647,117
13647,126
13648,38
13649,38
13649,117
13650,38
13651,178
13652,117
13652,126
13653,109
13653,124
13654,117
13655,139
13656,117
13656,133
13656,152
13657,82
13658,38
13659,126
13660,117
13661,117
13661,120
13661,141
13662,172
13663,36
13663,178
13664,117
13665,117
13665,119
13666,74
13666,87
13666,117
13666,124
13666,126
13666,139
13667,38
13668,36
13668,38
13668,117
13669,117
13669,126
13670,117
13671,117
13672,117
13673,124
13673,139
13673,178
13674,57
13674,117
13674,126
13674,140
13674,178
13675,74
13676,117
13676,139
13677,38
13678,117
13679,75
13679,117
13680,31
13680,117
13681,117
13682,117
13682,139
13683,117
13684,11
13684,36
13684,57
13684,117
13685,117
13686,117
13687,74
13687,117
13687,178
13688,117
13688,133
13689,11
13689,117
13689,165
13690,117
13690,126
13691,141
13692,117
13693,43
13693,117
13693,133
13694,117
13695,117
13696,133
13697,15
13697,117
13697,126
13697,149
13697,172
13698,74
13699,57
13699,117
13699,126
13700,117
13701,117
13702,117
13703,117
13704,117
13704,126
13704,133
13704,152
13705,117
13705,126
13706,117
13707,117
13707,152
13708,36
13708,117
13709,117
13710,117
13711,117
13712,117
13713,38
13714,38
13714,117
13715,117
13716,117
13717,117
13718,117
13719,38
13720,31
13720,87
13720,117
13720,127
13721,36
13721,117
13722,117
13723,117
13724,117
13725,126
13725,133
13726,38
13726,117
13726,126
13726,158
13726,178
13727,117
13728,117
13728,141
13729,36
13729,117
13730,117
13731,38
13731,117
13732,178
13733,117
13734,117
13735,178
13736,38
13736,117
13737,117
13738,117
13739,117
13740,117
13741,74
13742,117
13742,139
13743,74
13743,124
13744,117
13745,117
13746,117
13746,178
13747,117
13748,13
13748,117
13749,117
13750,117
13751,117
13752,117
13752,126
13752,141
13753,81
13753,117
13754,36
13754,117
13754,126
13754,140
13755,117
13756,117
13756,140
13757,109
13757,179
13758,117
13758,124
13758,126
13758,139
13758,141
13758,178
13759,117
13760,117
13761,117
13762,117
13763,117
13764,117
13765,117
13765,126
13766,117
13767,117
13768,38
13769,178
13770,117
13771,38
13772,139
13773,74
13774,36
13774,107
13774,117
13774,126
13774,152
13775,178
13776,53
13776,72
13776,140
13777,152
13778,97
13778,117
13779,117
13780,117
13781,117
13782,117
13783,117
13784,117
13784,119
13784,139
13785,117
13786,117
13787,82
13788,74
13789,124
13789,139
13790,117
13791,74
13791,124
13791,178
13792,36
13792,117
13792,124
13792,126
13792,140
13793,117
13793,139
13794,38
13795,126
13795,141
13796,178
13797,117
13798,117
13799,117
13799,140
13800,117
13801,117
13802,117
13803,117
13804,117
13805,117
13806,117
13807,36
13807,117
13807,126
13808,38
13809,109
13809,117
13809,122
13809,124
13810,117
13811,117
13812,117
13813,117
13814,178
13815,139
13816,74
13816,117
13817,117
13818,117
13819,152
13820,124
13821,36
13821,117
13822,74
13822,117
13823,38
13824,30
13824,117
13825,117
13826,117
13827,117
13828,117
13829,117
13830,38
13830,117
13831,74
13832,117
13833,117
13834,117
13835,117
13836,178
13837,74
13837,117
13838,117
13839,117
13840,117
13840,178
13841,178
13842,61
13842,117
13843,117
13844,117
13845,117
13846,178
13847,178
13848,117
13849,117
13850,117
13851,117
13852,83
13852,117
13852,126
13853,117
13854,117
13855,117
13856,117
13857,36
13857,117
13857,126
13857,140
13857,178
13858,117
13859,139
13860,141
13861,117
13862,117
13863,124
13863,139
13864,38
13865,117
13866,178
13867,117
13868,117
13869,117
13869,133
13870,117
13871,117
13872,117
13873,117
13874,117
13874,126
13874,133
13875,117
13876,117
13877,117
13878,117
13879,117
13880,117
13881,36
13881,57
13881,110
13881,117
13881,133
13881,140
13882,74
13883,117
13884,172
13885,74
13886,38
13887,36
13888,117
13888,126
13889,117
13889,133
13890,11
13890,117
13891,117
13891,178
13892,117
13893,83
13893,117
13894,117
13895,117
13895,126
13895,133
13895,141
13896,11
13896,117
13897,36
13897,117
13898,117
13899,36
13899,116
13899,117
13899,120
13899,126
13900,117
13901,117
13902,36
13902,117
13903,74
13904,117
13905,117
13906,83
13906,117
13907,117
13908,117
13909,117
13910,117
13911,117
13911,126
13912,117
13913,117
13914,117
13915,13
13915,117
13916,117
13917,117
13917,178
13918,117
13919,117
13920,117
13921,53
13921,74
13921,117
13921,126
13921,141
13921,178
13922,113
13923,117
13924,117
13925,117
13926,38
13927,117
13928,117
13928,178
13929,117
13930,141
13931,117
13932,117
13932,119
13932,141
13933,117
13934,117
13935,117
13936,117
13937,117
13938,85
13938,117
13938,126
13938,133
13938,165
13939,117
13940,117
13941,117
13942,117
13943,117
13944,117
13945,117
13945,133
13945,162
13945,172
13945,187
13946,178
13947,117
13947,179
13948,178
13949,117
13950,117
13951,11
13951,117
13952,117
13953,117
13954,117
13955,117
13955,126
13955,141
13956,178
13957,117
13958,117
13959,117
13960,117
13960,178
13961,178
13962,117
13963,36
13963,117
13964,36
13964,117
13965,117
13966,117
13967,117
13968,117
13968,140
13968,158
13969,117
13970,117
13971,117
13972,117
13973,117
13974,117
13975,117
13976,117
13976,126
13977,178
13978,117
13979,83
13979,117
13980,117
13980,178
13981,117
13982,57
13982,117
13982,131
13982,141
13982,152
13983,117
13984,117
13985,117
13985,139
13986,117
13987,117
13988,117
13989,97
13989,117
13989,126
13989,141
13990,82
13990,117
13990,133
13991,75
13992,117
13993,178
13994,139
13995,178
13996,38
13996,117
13996,141
13997,117
13997,178
13998,38
13999,117
14000,117
14000,119
14001,117
14001,141
14002,36
14002,117
14002,178
14003,117
14004,117
14005,117
14006,117
14007,117
14007,126
14008,117
14009,117
14009,124
14009,125
14009,139
14009,140
14010,117
14010,126
14011,117
14012,117
14013,117
14013,179
14014,117
14015,124
14016,36
14016,117
14017,117
14018,117
14019,36
14019,117
14020,117
14021,113
14022,126
14023,117
14024,36
14024,126
14025,124
14026,117
14027,117
14028,117
14029,36
14029,117
14029,126
14030,117
14031,141
14032,97
14032,117
14033,117
14033,178
14034,117
14035,17
14035,107
14035,117
14035,140
14035,141
14036,124
14036,139
14037,178
14038,117
14039,178
14040,178
14041,117
14041,148
14042,117
14043,117
14043,126
14043,141
14044,36
14044,117
14044,126
14044,140
14044,141
14045,117
14046,117
14047,13
14047,117
14048,75
14049,126
14050,36
14050,117
14051,117
14052,117
14053,36
14053,133
14054,46
14054,126
14055,82
14055,117
14055,126
14055,141
14056,117
14057,38
14057,117
14058,117
14058,126
14058,133
14058,141
14058,162
14059,117
14059,126
14060,119
14061,152
14062,117
14063,117
14063,126
14064,117
14065,82
14065,107
14065,117
14065,140
14066,178
14067,178
14068,117
14068,126
14068,133
14069,141
14070,36
14071,117
14072,117
14073,117
14074,117
14075,117
14076,141
14077,117
14078,31
14078,117
14078,126
14078,133
14079,117
14079,139
14080,117
14081,152
14082,141
14083,11
14083,36
14083,117
14083,119
14083,126
14084,117
14084,152
14085,117
14086,117
14087,117
14088,117
14089,141
14090,141
14091,178
14092,57
14092,117
14093,141
14094,117
14095,117
14096,117
14097,117
14098,117
14099,141
14100,141
14101,36
14101,117
14102,141
14103,106
14103,117
14103,140
14104,178
14105,117
14106,36
14106,117
14106,122
14106,126
14106,133
14106,141
14106,178
14107,117
14108,117
14109,117
14110,57
14110,117
14110,180
14111,117
14111,172
14112,117
14113,152
14114,117
14115,117
14115,178
14116,117
14117,117
14118,36
14118,141
14119,85
14119,117
14120,36
14120,57
14120,117
14120,126
14121,117
14122,36
14122,117
14123,117
14124,113
14125,117
14125,178
14126,117
14127,117
14128,74
14128,126
14129,117
14130,117
14131,117
14131,133
14132,133
14133,126
14134,117
14134,141
14135,57
14136,7
14136,36
14136,117
14137,117
14137,140
14137,141
14138,36
14139,117
14140,141
14141,117
14142,117
14142,141
14143,126
14144,124
14145,117
14146,178
14147,108
14147,124
14147,126
14147,133
14148,117
14149,152
14150,117
14151,117
14152,31
14152,117
14152,126
14153,117
14154,117
14155,117
14156,178
14157,117
14158,117
14158,178
14159,117
14160,36
14160,117
14161,178
14162,117
14163,74
14163,117
14163,122
14164,124
14165,178
14166,117
14167,31
14167,126
14167,172
14168,124
14168,139
14169,141
14170,126
14171,117
14171,126
14172,141
14173,117
14173,141
14174,117
14175,117
14175,126
14175,140
14176,82
14176,117
14176,133
14177,152
14178,117
14179,117
14180,117
14181,75
14181,117
14181,126
14182,57
14182,87
14182,117
14182,126
14183,117
14184,75
14184,117
14184,126
14185,36
14185,117
14185,124
14186,57
14186,117
14187,117
14187,141
14188,117
14189,117
14190,117
14191,117
14192,117
14193,117
14194,117
14194,126
14195,133
14196,36
14196,117
14197,117
14197,126
14198,141
14199,141
14200,117
14201,117
14201,189
14202,117
14203,38
14203,117
14203,140
14204,117
14205,178
14206,117
14207,117
14207,178
14208,117
14209,117
14209,178
14210,117
14211,178
14212,117
14213,117
14214,141
14215,89
14215,117
14216,111
14216,117
14217,36
14217,117
14218,117
14219,117
14220,117
14221,117
14222,126
14223,117
14224,117
14225,117
14226,117
14227,178
14228,117
14229,117
14229,124
14230,36
14230,69
14230,96
14231,117
14231,133
14232,126
14233,36
14234,117
14235,117
14236,117
14237,36
14237,117
14238,36
14238,117
14239,117
14240,117
14241,126
14242,57
14242,116
14242,117
14242,126
14243,117
14244,117
14245,117
14246,113
14247,57
14247,117
14247,126
14248,117
14249,117
14249,126
14249,145
14250,117
14251,36
14251,117
14251,120
14251,126
14252,117
14252,133
14253,74
14253,117
14253,140
14254,117
14255,36
14255,117
14256,117
14257,117
14257,141
14257,148
14257,165
14258,117
14258,119
14258,185
14259,117
14260,117
14261,117
14262,117
14263,117
14264,3
14264,8
14264,107
14264,117
14265,117
14266,117
14267,117
14268,53
14268,117
14268,126
14268,141
14269,117
14270,30
14270,117
14271,117
14272,117
14273,117
14274,117
14274,133
14275,117
14276,36
14276,117
14276,140
14277,117
14278,117
14278,126
14279,82
14280,127
14281,117
14281,126
14281,165
14282,117
14282,126
14283,117
14284,117
14284,141
14285,58
14285,74
14285,117
14286,117
14287,117
14288,117
14289,117
14289,126
14290,117
14290,126
14291,117
14292,117
14293,117
14293,133
14294,117
14295,117
14296,141
14297,117
14297,165
14298,117
14298,178
14299,117
14299,119
14299,141
14300,117
14300,158
14301,117
14301,126
14302,117
14302,124
14302,126
14302,133
14302,140
14303,117
14303,126
14303,189
14304,117
14305,117
14306,117
14307,158
14308,117
14309,158
14310,117
14311,117
14311,178
14312,117
14313,117
14314,117
14315,117
14315,158
14316,117
14316,126
14317,117
14317,126
14318,53
14318,117
14318,141
14319,36
14319,117
14320,117
14320,126
14320,141
14320,178
14321,117
14322,117
14323,117
14324,117
14325,36
14325,117
14325,126
14325,141
14326,117
14327,117
14328,158
14329,3
14329,20
14329,70
14329,76
14329,117
14329,132
14330,36
14330,117
14330,126
14330,133
14331,117
14331,148
14332,117
14332,126
14332,178
14333,117
14334,117
14335,117
14336,117
14337,117
14337,124
14337,139
14338,36
14338,117
14339,117
14340,158
14341,117
14342,117
14342,126
14343,117
14344,117
14344,187
14345,117
14346,36
14346,48
14346,117
14346,140
14346,141
14347,117
14348,117
14348,126
14348,140
14349,117
14350,36
14350,117
14350,148
14351,117
14351,121
14352,117
14353,141
14354,117
14355,117
14355,153
14356,117
14357,117
14357,133
14358,117
14358,189
14359,36
14359,117
14360,117
14361,117
14362,117
14363,117
14364,11
14364,36
14364,117
14365,117
14365,126
14365,133
14366,117
14366,124
14367,117
14368,16
14368,117
14369,117
14370,117
14371,117
14372,117
14373,36
14373,117
14374,117
14375,117
14376,105
14376,117
14377,178
14378,11
14378,13
14378,36
14378,74
14378,117
14378,126
14378,140
14378,141
14379,178
14380,117
14381,117
14382,26
14382,57
14382,117
14382,126
14382,141
14382,148
14382,165
14383,117
14383,126
14384,117
14385,117
14386,117
14386,119
14387,82
14388,117
14389,57
14389,117
14389,141
14389,188
14390,117
14390,126
14390,133
14390,141
14390,178
14391,158
14392,30
14392,117
14393,117
14394,126
14395,105
14395,117
14395,190
14396,117
14397,117
14398,117
14399,117
14400,117
14401,117
14401,139
14402,82
14403,36
14403,117
14403,133
14403,140
14404,117
14404,178
14405,117
14406,117
14407,36
14407,117
14407,140
14408,117
14409,158
14410,117
14411,74
14411,117
14412,158
14413,117
14413,141
14414,36
14414,117
14415,158
14416,141
14417,117
14417,126
14417,140
14417,141
14418,117
14419,36
14419,117
14420,117
14420,126
14420,133
14420,141
14421,126
14422,50
14422,117
14422,133
14422,141
14423,117
14424,74
14425,117
14426,158
14427,117
14427,126
14427,133
14427,141
14428,117
14429,117
14430,117
14431,117
14432,117
14433,36
14433,117
14433,126
14433,165
14434,85
14434,117
14435,117
14435,124
14436,117
14437,117
14438,117
14439,117
14440,113
14441,141
14442,158
14443,117
14444,117
14444,140
14445,36
14445,74
14445,117
14446,117
14447,126
14448,117
14448,158
14449,178
14450,117
14450,187
14451,36
14451,117
14452,117
14452,139
14453,36
14453,117
14454,117
14454,140
14454,172
14455,117
14456,117
14457,117
14458,117
14459,117
14459,126
14460,36
14460,53
14460,106
14460,117
14461,117
14462,36
14462,117
14463,141
14464,117
14464,126
14464,140
14465,117
14466,117
14467,117
14468,3
14468,117
14468,167
14469,117
14469,178
14470,117
14470,126
14470,133
14471,117
14472,117
14472,165
14473,117
14474,117
14475,36
14475,117
14476,117
14477,117
14478,82
14478,152
14479,117
14479,124
14480,117
14481,117
14481,124
14482,38
14482,83
14482,117
14482,124
14482,133
14482,140
14483,117
14484,117
14485,36
14485,117
14486,117
14487,117
14488,117
14489,117
14490,117
14491,117
14492,117
14493,117
14494,117
14495,117
14495,126
14495,165
14496,117
14497,117
14498,117
14499,117
14500,117
14500,140
14500,152
14501,117
14502,36
14502,74
14502,117
14502,189
14503,117
14504,113
14505,117
14506,117
14507,117
14508,53
14508,117
14508,141
14509,126
14510,158
14511,117
14512,117
14512,126
14513,158
14514,117
14514,141
14515,117
14516,117
14517,117
14518,117
14519,126
14519,158
14520,158
14521,36
14521,117
14521,119
14522,117
14523,31
14523,36
14523,117
14523,125
14523,126
14523,133
14523,141
14523,165
14523,179
14524,117
14525,117
14526,117
14527,117
14528,117
14529,36
14529,117
14529,178
14530,113
14531,117
14531,120
14531,126
14531,140
14531,189
14532,117
14533,117
14534,117
14535,117
14536,57
14536,90
14536,117
14536,126
14536,188
14537,117
14538,36
14538,126
14538,182
14539,117
14540,119
14541,178
14542,117
14543,117
14544,117
14545,117
14546,117
14546,140
14547,117
14548,117
14548,119
14549,117
14550,117
14550,140
14551,117
14552,36
14553,117
14554,36
14554,117
14555,36
14555,117
14556,117
14557,117
14558,117
14558,126
14559,133
14560,36
14560,117
14561,117
14562,36
14562,117
14562,124
14562,126
14562,140
14562,141
14562,184
14563,117
14563,139
14564,117
14565,36
14565,57
14565,117
14566,117
14567,31
14567,117
14567,126
14567,140
14567,141
14568,117
14569,117
14570,97
14570,117
14570,119
14570,126
14570,152
14571,57
14571,74
14571,83
14571,117
14571,126
14572,117
14573,117
14574,36
14574,117
14575,117
14576,117
14576,124
14576,126
14577,117
14577,178
14578,117
14579,117
14580,36
14580,117
14581,117
14582,117
14583,117
14584,117
14585,117
14585,148
14585,156
14585,178
14586,117
14587,117
14588,117
14589,117
14590,117
14590,133
14591,117
14592,117
14593,117
14594,117
14595,117
14596,117
14597,117
14598,117
14599,117
14600,117
14601,117
14602,50
14602,117
14603,117
14604,117
14605,117
14606,117
14606,126
14606,141
14606,152
14607,117
14608,117
14609,117
14610,117
14611,36
14611,117
14611,126
14612,117
14612,152
14613,117
14614,117
14615,13
14615,36
14615,75
14615,117
14615,126
14615,141
14615,148
14616,117
14616,189
14617,36
14617,117
14618,117
14618,140
14619,11
14619,31
14619,117
14619,141
14619,165
14620,117
14621,117
14622,117
14623,75
14623,117
14624,117
14624,126
14624,133
14624,141
14625,36
14625,117
14626,117
14627,53
14627,117
14627,126
14628,117
14629,117
14630,117
14631,117
14631,133
14631,140
14632,36
14632,116
14632,117
14633,117
14633,141
14634,117
14634,141
14635,82
14635,117
14636,26
14636,38
14636,57
14636,117
14636,120
14636,135
14636,188
14637,117
14638,57
14638,117
14638,133
14638,165
14639,117
14639,126
14639,189
14640,36
14640,117
14641,117
14641,165
14642,117
14643,117
14643,165
14644,117
14645,117
14645,141
14646,117
14647,117
14647,126
14648,117
14649,36
14649,117
14649,124
14650,117
14651,36
14651,117
14652,117
14653,117
14654,117
14655,36
14655,117
14655,126
14655,179
14655,189
14656,36
14656,75
14656,117
14657,36
14657,117
14657,178
14658,117
14659,117
14660,117
14660,189
14661,117
14662,117
14663,113
14664,117
14665,50
14665,105
14665,117
14665,141
14666,117
14667,117
14668,117
14668,189
14669,117
14670,117
14670,140
14671,117
14672,57
14672,117
14672,140
14672,141
14672,189
14673,117
14673,126
14673,133
14674,36
14674,117
14675,117
14676,117
14677,36
14677,117
14678,36
14678,117
14679,117
14679,141
14680,117
14681,117
14682,36
14682,117
14683,117
14684,117
14685,36
14685,117
14685,179
14686,117
14687,75
14687,117
14688,117
14688,133
14688,141
14689,117
14690,117
14691,117
14692,117
14692,165
14693,36
14693,74
14693,117
14693,126
14694,117
14695,117
14696,117
14696,126
14697,117
14697,133
14697,165
14698,117
14698,139
14699,36
14699,117
14700,117
14701,36
14701,117
14702,117
14702,140
14703,117
14704,117
14704,178
14705,117
14706,117
14707,117
14708,117
14709,117
14710,117
14711,85
14711,117
14711,126
14712,117
14713,117
14714,117
14715,57
14715,117
14715,126
14715,133
14716,36
14716,117
14716,133
14717,45
14717,117
14718,117
14719,36
14719,74
14719,117
14719,126
14720,117
14721,117
14722,38
14722,117
14722,139
14723,117
14724,117
14724,126
14725,117
14725,178
14726,117
14726,140
14727,117
14728,117
14728,126
14729,117
14730,117
14730,135
14730,179
14731,117
14732,117
14733,117
14734,18
14734,36
14734,57
14734,93
14734,117
14734,126
14734,140
14734,178
14735,11
14735,31
14735,117
14735,145
14735,172
14736,117
14737,36
14737,117
14737,126
14738,117
14739,40
14739,117
14739,140
14739,189
14740,117
14741,117
14742,117
14743,117
14744,117
14744,178
14745,36
14745,117
14746,36
14746,57
14746,117
14747,39
14747,117
14747,126
14747,133
14747,141
14747,158
14748,36
14748,57
14748,117
14748,126
14748,140
14749,117
14750,36
14750,117
14751,117
14751,133
14751,140
14751,141
14752,117
14752,126
14752,133
14752,141
14753,117
14754,117
14755,117
14756,36
14756,117
14756,126
14757,117
14758,117
14758,141
14759,75
14759,117
14759,126
14759,178
14760,117
14760,140
14761,117
14762,117
14762,126
14763,117
14764,117
14765,38
14766,117
14767,117
14768,117
14769,117
14770,117
14771,117
14771,126
14771,140
14772,117
14773,13
14773,117
14774,117
14775,117
14776,117
14777,36
14777,117
14778,117
14779,117
14780,117
14781,117
14782,117
14782,126
14783,117
14784,117
14785,117
14786,117
14786,189
14787,117
14788,117
14789,117
14790,117
14791,36
14791,117
14792,36
14792,75
14792,117
14792,126
14792,133
14793,117
14794,117
14795,117
14795,133
14795,141
14795,165
14796,53
14796,117
14796,124
14796,133
14796,139
14796,141
14797,117
14798,117
14799,117
14800,117
14801,75
14801,117
14801,178
14802,36
14802,117
14803,117
14804,117
14805,117
14806,117
14807,117
14808,117
14809,36
14809,117
14809,133
14809,165
14809,170
14810,36
14810,117
14811,117
14811,126
14811,133
14812,117
14813,117
14814,117
14814,133
14815,36
14815,117
14816,117
14816,126
14816,140
14817,117
14818,36
14818,57
14818,74
14818,97
14818,117
14818,124
14818,140
14818,141
14819,117
14820,117
14821,117
14821,189
14822,117
14823,117
14823,126
14824,75
14824,117
14825,117
14826,117
14827,117
14828,117
14829,117
14830,117
14830,126
14831,117
14832,36
14832,53
14832,117
14832,140
14832,141
14833,117
14834,13
14834,117
14835,117
14836,117
14837,117
14838,36
14838,117
14839,126
14840,117
14840,141
14841,117
14841,165
14842,117
14843,57
14843,101
14843,111
14843,117
14843,126
14843,140
14843,148
14843,155
14843,165
14843,174
14844,117
14845,117
14846,117
14847,30
14847,117
14848,117
14848,141
14849,117
14850,36
14850,117
14850,126
14850,133
14850,140
14851,117
14852,117
14853,105
14853,117
14853,126
14854,117
14855,87
14855,117
14855,120
14855,126
14855,140
14856,31
14856,117
14856,140
14857,117
14858,117
14859,117
14860,117
14861,117
14862,117
14863,117
14864,117
14865,74
14865,117
14865,126
14866,117
14867,117
14867,140
14868,117
14868,126
14869,117
14870,117
14871,117
14872,117
14873,117
14874,117
14875,117
14876,117
14877,117
14877,141
14878,117
14879,117
14880,117
14881,117
14882,117
14883,117
14884,117
14885,117
14886,117
14886,126
14886,140
14887,36
14887,178
14888,117
14888,140
14889,117
14889,165
14890,117
14891,117
14892,117
14893,117
14894,36
14894,117
14895,117
14895,126
14896,117
14897,117
14898,117
14899,117
14900,117
14900,124
14900,126
14901,105
14901,117
14902,11
14902,117
14903,117
14904,98
14904,117
14905,117
14906,99
14906,117
14907,31
14907,117
14907,162
14908,36
14908,117
14909,117
14910,117
14911,36
14912,117
14913,117
14914,117
14914,165
14915,117
14916,11
14916,117
14917,117
14918,117
14918,133
14919,117
14920,117
14921,117
14922,117
14923,117
14924,117
14925,36
14925,117
14925,140
14925,178
14926,117
14927,117
14928,36
14928,117
14929,117
14930,50
14930,117
14930,126
14931,117
14932,117
14933,117
14934,117
14934,178
14935,117
14935,178
14936,117
14937,117
14938,117
14939,117
14939,133
14940,117
14940,126
14941,117
14942,117
14943,117
14944,117
14945,117
14945,126
14945,141
14946,178
14947,36
14947,117
14947,126
14948,117
14949,117
14950,117
14950,133
14950,148
14950,165
14950,174
14951,117
14952,117
14953,117
14954,117
14955,117
14955,179
14956,117
14957,117
14958,117
14959,117
14960,117
14961,117
14962,178
14963,117
14964,7
14964,36
14964,117
14965,36
14965,57
14965,87
14965,117
14965,126
14965,140
14965,141
14965,189
14966,117
14967,117
14968,36
14969,117
14970,117
14971,117
14972,117
14972,126
14972,133
14973,117
14974,58
14974,117
14975,117
14976,117
14976,126
14977,36
14977,117
14977,126
14978,57
14978,90
14978,117
14979,117
14980,13
14980,58
14980,117
14981,117
14982,178
14983,117
14984,117
14985,117
14986,117
14987,117
14988,117
14989,36
14989,117
14990,117
14991,178
14992,36
14992,117
14993,117
14994,117
14994,124
14995,117
14996,36
14996,117
14997,117
14998,117
14998,126
14999,117
15000,36
15000,117
15000,133
15001,117
15001,158
15002,75
15002,117
15003,117
15004,117
15005,36
15005,117
15006,117
15007,117
15008,117
15008,141
15009,117
15010,117
15011,117
15012,74
15013,117
15013,141
15013,178
15014,74
15015,117
15016,117
15016,119
15016,152
15017,117
15018,117
15019,124
15019,139
15019,178
15020,117
15020,126
15021,75
15021,117
15022,36
15022,117
15023,57
15023,117
15024,62
15024,117
15024,126
15025,137
15026,113
15027,117
15028,117
15029,117
15029,139
15030,36
15031,178
15032,57
15032,75
15032,107
15032,117
15032,129
15032,161
15033,117
15034,117
15035,117
15036,105
15036,117
15036,178
15037,36
15037,57
15037,117
15037,126
15037,133
15037,141
15038,117
15039,117
15040,75
15040,117
15041,117
15042,117
15043,117
15044,117
15045,117
15046,117
15046,126
15047,74
15048,117
15049,36
15049,117
15049,133
15049,139
15050,117
15051,117
15051,124
15052,178
15053,117
15054,178
15055,117
15056,117
15057,141
15058,117
15058,126
15059,141
15060,117
15061,36
15061,117
15061,178
15061,179
15062,117
15063,117
15064,117
15065,11
15065,117
15066,117
15066,133
15066,141
15067,117
15068,141
15069,36
15069,117
15070,117
15071,36
15071,117
15072,117
15073,117
15074,117
15075,117
15076,117
15076,133
15077,117
15078,117
15079,117
15080,117
15080,142
15081,117
15082,117
15083,117
15084,117
15085,117
15085,126
15086,117
15087,117
15088,117
15089,117
15090,74
15091,117
15091,124
15091,126
15091,141
15092,36
15092,117
15093,57
15093,117
15093,126
15094,36
15094,117
15094,126
15095,117
15096,117
15097,117
15098,117
15099,117
15099,126
15100,117
15101,117
15102,117
15102,178
15103,117
15103,126
15103,133
15103,158
15104,117
15105,117
15105,133
15106,117
15107,117
15108,36
15108,69
15108,117
15109,117
15110,57
15110,117
15110,126
15110,140
15110,141
15111,117
15112,36
15112,117
15113,117
15114,117
15115,117
15115,140
15115,179
15116,117
15117,117
15118,36
15118,117
15119,75
15120,16
15120,23
15120,111
15120,117
15121,117
15122,117
15122,126
15123,117
15124,117
15125,117
15126,117
15127,57
15127,117
15127,126
15127,141
15127,152
15128,117
15128,144
15129,117
15130,117
15131,117
15131,140
15131,179
15132,38
15132,117
15132,126
15132,141
15133,74
15134,117
15135,74
15136,36
15136,74
15136,117
15136,140
15136,148
15137,36
15137,117
15137,126
15138,38
15138,74
15138,139
15138,179
15139,117
15140,117
15141,117
15142,36
15143,117
15144,36
15145,117
15146,117
15147,141
15148,117
15149,117
15150,36
15150,117
15150,126
15150,172
15151,117
15152,117
15153,117
15154,117
15155,117
15156,11
15156,117
15157,117
15157,140
15157,141
15158,74
15158,117
15159,117
15160,117
15161,117
15162,117
15163,117
15164,117
15165,117
15166,117
15166,152
15167,36
15167,57
15167,117
15167,140
15168,117
15169,117
15170,117
15170,178
15171,36
15171,117
15172,117
15173,178
15174,36
15175,117
15176,117
15176,124
15177,117
15178,117
15178,126
15179,117
15180,117
15181,83
15181,117
15181,141
15182,117
15183,36
15183,117
15184,11
15184,36
15184,117
15185,117
15186,74
15187,117
15188,117
15189,117
15190,117
15190,126
15190,141
15191,74
15192,40
15192,117
15192,122
15193,75
15193,117
15193,178
15194,117
15195,117
15196,178
15197,117
15197,140
15197,189
15198,117
15198,126
15199,36
15200,117
15200,133
15201,178
15202,11
15202,31
15202,117
15202,137
15202,140
15202,141
15203,117
15204,117
15205,117
15206,36
15206,117
15207,117
15207,135
15207,189
15208,178
15209,36
15210,178
15211,117
15212,113
15213,117
15214,36
15215,117
15215,133
15216,117
15217,36
15217,117
15218,117
15219,117
15220,117
15220,124
15221,117
15222,117
15223,117
15224,74
15225,117
15226,117
15227,117
15228,117
15228,119
15229,117
15230,117
15231,117
15232,31
15232,68
15232,89
15232,117
15232,140
15233,117
15233,133
15233,178
15234,117
15235,117
15235,119
15236,117
15237,117
15238,117
15239,36
15239,117
15240,117
15241,117
15242,117
15243,117
15244,117
15245,117
15246,117
15246,189
15247,36
15247,117
15248,117
15249,117
15249,141
15250,117
15250,139
15251,117
15252,117
15253,117
15254,117
15255,117
15256,74
15257,57
15257,79
15257,117
15258,117
15258,133
15259,74
15260,117
15261,36
15261,117
15262,117
15263,36
15263,117
15264,117
15265,117
15266,117
15267,117
15267,133
15268,117
15269,117
15270,117
15271,117
15272,117
15273,117
15274,117
15275,117
15276,117
15277,117
15278,117
15279,178
15280,117
15281,117
15282,36
15283,36
15283,117
15283,126
15284,117
15285,36
15285,74
15285,117
15285,187
15286,36
15286,105
15286,117
15287,117
15288,117
15288,126
15289,117
15290,133
15291,117
15292,117
15293,36
15293,57
15293,117
15293,124
15293,126
15293,178
15294,36
15294,117
15295,117
15296,36
15296,117
15296,126
15297,74
15298,178
15299,117
15300,117
15300,133
15301,117
15301,141
15302,126
15303,117
15303,126
15304,117
15304,126
15304,133
15304,141
15305,57
15305,117
15306,117
15307,7
15307,117
15308,178
15309,117
15309,126
15309,141
15309,178
15310,117
15311,117
15312,117
15313,117
15314,117
15315,117
15316,117
15317,117
15318,117
15319,36
15319,117
15319,139
15320,117
15321,117
15322,117
15323,117
15323,126
15324,117
15324,178
15325,74
15325,117
15325,139
15326,178
15327,178
15328,117
15329,117
15330,117
15331,117
15332,117
15333,117
15334,117
15335,117
15335,126
15336,117
15337,117
15338,36
15338,117
15338,126
15338,178
15338,179
15339,117
15340,117
15341,117
15342,117
15342,126
15343,117
15344,117
15344,141
15344,152
15345,117
15346,117
15347,117
15348,117
15349,36
15349,117
15350,57
15350,87
15350,117
15351,178
15352,117
15353,117
15353,126
15354,117
15355,117
15356,36
15356,117
15357,117
15358,117
15359,117
15360,36
15361,117
15362,36
15362,117
15362,178
15363,117
15364,117
15365,117
15366,36
15366,117
15366,140
15367,117
15368,117
15369,117
15370,117
15371,117
15372,117
15373,117
15374,117
15375,117
15376,36
15376,117
15376,126
15377,117
15378,117
15379,117
15380,117
15381,117
15382,117
15383,36
15383,117
15384,117
15385,117
15385,126
15385,140
15386,36
15386,74
15386,117
15387,117
15388,117
15389,36
15389,57
15389,117
15389,140
15389,148
15389,178
15389,179
15390,117
15391,38
15391,87
15391,117
15391,126
15391,139
15391,141
15392,124
15392,139
15393,38
15393,68
15393,117
15393,124
15393,141
15394,105
15394,117
15395,117
15396,36
15396,117
15397,117
15398,57
15398,90
15398,117
15399,117
15400,117
15400,133
15401,36
15401,117
15401,165
15402,117
15403,36
15403,117
15404,117
15404,140
15405,117
15406,124
15407,36
15407,117
15408,117
15409,57
15409,66
15409,89
15409,117
15409,124
15409,133
15409,135
15409,139
15410,117
15411,178
15412,117
15413,117
15414,117
15414,153
15415,117
15415,120
15416,117
15417,117
15418,178
15419,117
15420,178
15421,117
15422,117
15423,117
15424,17
15424,51
15424,59
15424,82
15424,117
15424,127
15424,149
15424,158
15425,17
15426,117
15427,119
15428,53
15428,117
15428,172
15429,117
15430,16
15430,111
15430,117
15431,117
15432,117
15432,133
15433,117
15433,178
15434,117
15434,139
15434,179
15435,36
15435,117
15435,140
15436,117
15437,117
15438,117
15439,57
15439,117
15440,117
15441,117
15442,117
15442,178
15443,117
15444,117
15445,117
15445,178
15446,178
15447,117
15448,117
15449,117
15450,36
15450,38
15450,68
15450,75
15450,117
15450,124
15450,126
15450,133
15450,140
15450,165
15451,117
15452,117
15453,5
15453,39
15453,91
15453,117
15454,117
15454,179
15455,36
15455,178
15456,75
15456,117
15457,112
15457,117
15457,124
15458,117
15459,117
15460,117
15460,133
15461,75
15461,117
15462,117
15463,117
15464,117
15465,117
15465,126
15466,75
15466,117
15467,117
15468,117
15469,113
15470,113
15471,113
15472,113
15473,113
15474,158
15475,113
15476,113
15477,113
15478,117
15479,117
15480,117
