MediaID,TagID
1,220
1,303
1,327
1,680
2,149
2,609
2,613
2,814
3,77
4,70
4,337
4,562
5,531
5,613
5,693
5,710
5,814
6,352
6,354
6,444
6,613
6,855
7,337
7,341
7,782
8,337
8,341
8,567
9,306
9,531
9,693
9,814
9,817
10,306
10,532
10,613
10,784
11,2
11,55
11,306
11,418
11,531
11,613
12,262
12,306
12,527
12,531
13,306
13,531
13,619
13,693
13,814
13,817
14,306
14,352
14,379
14,613
14,814
14,828
15,306
15,814
16,25
16,306
16,502
16,613
16,757
16,814
17,306
17,814
18,306
18,814
19,306
19,476
19,579
19,876
19,928
20,82
20,306
20,527
20,814
21,306
21,531
21,814
22,144
22,306
22,387
22,527
22,619
22,862
23,306
23,814
24,30
24,319
24,342
24,577
24,670
24,737
24,863
25,30
25,109
25,197
25,354
25,554
25,613
25,968
26,101
26,289
26,567
26,837
26,919
27,186
27,337
27,685
27,951
28,131
28,166
28,379
28,814
28,828
28,881
29,243
29,387
29,435
30,619
30,670
30,805
30,858
31,379
31,670
31,814
31,828
32,531
32,619
32,670
32,814
33,387
33,539
33,670
33,814
34,619
34,670
34,693
34,814
35,379
35,619
35,670
35,814
35,828
36,670
36,858
37,531
37,619
37,670
37,814
38,379
38,531
38,619
38,670
38,693
38,814
38,828
39,297
39,343
39,531
39,591
39,670
39,710
39,814
40,379
40,531
40,619
40,670
40,814
40,828
41,379
41,670
41,756
41,814
41,828
42,290
42,693
42,814
43,68
43,693
43,756
43,814
44,182
44,273
44,418
45,429
45,814
45,876
46,149
46,337
46,960
47,153
47,337
48,402
48,814
48,817
48,903
49,402
49,814
49,817
50,402
50,531
50,613
50,814
51,48
51,814
51,888
52,245
52,814
52,876
53,25
53,243
53,400
53,613
53,655
53,858
54,186
54,337
54,741
55,36
55,49
55,146
55,337
55,372
55,951
56,25
56,30
56,227
56,613
56,853
56,881
56,906
57,68
57,435
57,814
58,144
58,387
58,435
58,527
59,435
59,814
60,435
60,876
61,144
61,435
61,527
62,243
62,400
62,435
62,613
63,814
63,853
63,881
64,88
64,379
64,402
64,531
64,814
64,828
65,88
65,525
65,531
65,814
66,435
66,814
67,30
67,613
67,853
67,881
67,906
68,144
68,435
68,527
69,243
69,246
69,542
70,435
70,814
71,2
71,55
71,418
71,613
71,853
71,881
72,435
72,814
73,2
73,418
73,613
73,853
73,881
73,906
73,983
74,30
74,55
74,387
74,418
74,525
74,531
74,554
74,814
75,435
75,613
76,435
76,613
77,435
77,613
77,693
77,817
78,25
78,68
78,435
78,613
79,243
79,246
79,435
80,30
80,435
80,531
80,912
81,25
81,30
81,227
81,435
81,613
81,906
82,435
82,693
82,814
83,82
83,144
83,525
83,527
84,68
84,435
84,814
85,379
85,670
85,814
85,828
86,68
86,149
86,527
87,30
87,227
87,853
87,881
88,379
88,435
88,814
88,828
89,68
89,387
89,435
89,814
90,30
90,435
90,817
91,387
91,435
91,613
92,243
92,525
93,88
93,435
93,693
93,814
94,30
94,166
94,613
94,881
94,906
95,220
95,289
95,573
96,2
96,55
96,418
96,613
97,82
97,144
97,200
97,217
97,387
97,527
97,531
97,862
97,904
98,7
98,362
98,613
99,23
99,37
99,379
99,670
99,737
99,858
100,447
100,613
100,887
101,68
101,352
101,379
101,447
101,613
101,887
102,68
102,259
102,814
102,928
103,83
103,379
103,531
103,710
103,814
103,828
104,462
104,757
104,814
104,945
105,25
105,527
105,613
105,711
106,337
106,782
106,817
106,960
107,260
107,503
107,863
108,5
108,77
108,144
108,290
108,304
108,609
108,659
108,757
108,814
109,290
109,615
109,814
110,200
110,757
110,779
110,814
110,862
111,234
111,438
111,762
111,862
111,876
112,135
112,243
112,527
113,23
113,69
113,319
113,453
113,503
113,577
113,780
113,899
114,25
114,68
114,112
114,314
114,445
114,613
114,814
114,881
115,337
115,687
115,741
116,60
116,548
117,30
117,48
117,88
117,227
117,757
117,814
117,862
117,888
117,981
118,25
118,144
118,175
118,502
118,527
118,613
118,756
119,243
119,246
119,870
120,30
120,149
120,430
120,806
120,912
121,68
121,287
121,372
121,392
121,527
121,750
121,858
122,447
122,502
122,613
122,746
122,887
123,88
123,814
123,903
124,60
124,546
124,649
125,12
125,77
125,82
125,197
125,814
126,6
126,36
126,146
126,337
126,951
127,25
127,68
127,200
127,217
127,613
127,693
127,814
128,49
128,146
128,186
128,337
128,685
129,243
129,246
129,525
130,30
130,653
130,853
130,881
131,385
131,670
131,858
132,352
132,379
132,402
132,613
132,807
132,858
133,30
133,749
133,853
133,881
134,30
134,653
134,853
134,881
135,402
135,814
136,48
136,68
136,814
137,30
137,227
137,554
138,337
138,341
139,154
139,326
139,784
139,876
140,68
140,154
140,814
141,154
141,814
142,30
142,109
142,197
142,613
142,814
142,906
142,968
143,77
144,60
144,245
144,299
144,546
145,68
145,613
145,619
146,131
146,297
146,379
146,531
146,784
146,814
146,828
147,186
147,741
148,144
148,447
148,502
148,527
148,613
148,746
148,887
149,527
150,135
150,613
150,906
151,30
151,227
151,462
151,912
151,945
152,354
152,613
153,402
153,814
153,817
153,903
154,402
154,814
155,402
155,527
155,613
156,379
156,402
156,531
156,814
156,817
156,828
157,402
157,814
158,402
158,531
158,814
159,186
159,337
159,685
159,782
160,186
160,453
160,596
160,877
161,87
161,415
161,846
161,877
162,68
162,379
162,525
162,814
162,828
163,613
163,670
163,814
163,817
164,149
164,160
164,430
164,814
164,923
165,149
165,289
165,567
165,837
166,243
166,392
167,197
167,354
167,410
167,814
167,828
168,337
168,567
169,190
170,525
170,613
170,710
171,23
171,131
171,379
171,577
171,670
171,710
171,737
172,25
172,435
172,613
172,805
172,858
173,30
173,231
173,554
173,613
173,858
174,2
174,55
174,315
174,613
174,736
175,502
175,613
175,878
175,909
175,921
176,55
176,114
176,182
176,418
176,554
176,811
176,814
176,887
177,25
177,613
177,711
178,375
178,531
178,814
179,88
179,294
179,531
179,814
179,963
180,337
180,341
180,567
181,154
181,352
181,379
181,613
181,814
181,828
182,30
182,137
182,306
182,457
182,554
182,613
182,805
182,858
182,906
183,335
183,814
184,60
184,790
184,875
185,30
185,231
185,352
185,354
185,457
185,613
185,853
185,858
185,906
185,921
186,25
186,530
186,613
187,25
187,530
187,613
188,814
188,853
189,25
189,530
189,613
190,877
191,30
191,137
191,372
191,385
191,435
191,457
191,554
191,814
191,858
192,876
193,68
193,814
194,445
194,814
194,881
195,337
195,487
195,567
195,645
196,30
196,227
196,488
196,531
196,670
196,757
196,814
197,88
197,294
197,531
197,814
197,963
198,197
198,430
198,814
198,879
199,30
199,387
199,457
199,531
199,807
199,858
199,881
200,613
200,736
201,294
201,387
201,814
201,963
202,25
202,306
202,613
202,619
202,921
203,306
203,613
203,814
204,306
204,814
205,306
205,314
205,693
205,814
206,306
206,613
207,55
207,306
207,418
207,619
207,814
208,306
208,814
208,817
209,297
209,306
209,619
209,784
209,814
210,306
210,314
210,693
210,814
211,306
211,531
211,814
212,306
212,619
212,693
212,814
213,306
213,613
213,619
214,306
214,352
214,379
214,613
214,619
215,306
215,379
215,814
215,828
216,306
216,814
216,928
217,306
217,613
218,306
218,613
219,306
219,814
219,928
220,306
220,531
220,619
220,814
221,186
221,337
221,562
221,685
222,30
222,302
222,912
223,48
223,245
223,476
223,701
223,876
223,928
224,474
224,529
224,741
225,69
225,380
226,69
226,131
226,337
226,562
226,685
227,69
227,741
228,69
229,6
229,49
229,146
229,685
229,687
230,243
230,527
230,531
230,670
231,140
231,165
231,418
231,670
231,737
232,30
232,670
232,749
232,912
233,387
233,531
233,670
233,814
234,531
234,670
234,814
235,212
235,513
235,613
235,693
235,814
236,212
236,513
236,613
236,693
236,814
237,112
237,212
237,314
237,513
237,613
237,693
237,814
238,212
238,513
238,613
239,48
239,155
239,613
240,236
240,529
241,2
241,30
241,55
241,418
241,554
241,613
241,619
241,906
242,30
242,111
242,151
242,457
242,858
243,392
243,613
244,88
244,447
244,531
244,613
244,887
245,222
245,525
245,609
246,141
246,814
247,402
247,814
248,224
248,327
248,453
248,741
249,24
249,613
249,626
249,814
249,852
249,928
250,146
250,289
250,291
251,290
251,814
252,68
252,144
252,154
252,527
252,862
253,2
253,55
253,360
253,418
253,525
253,613
253,626
253,928
254,260
254,503
254,803
255,163
255,272
255,326
255,755
256,88
256,149
256,531
256,814
256,817
257,30
257,302
257,912
258,68
258,82
258,297
258,527
258,711
258,784
258,814
259,77
259,82
260,55
260,83
260,418
260,814
261,542
261,613
262,2
262,55
262,418
262,613
262,906
263,82
263,243
263,246
263,262
263,387
263,525
263,527
263,531
264,144
264,387
264,527
264,670
265,144
265,387
265,527
265,670
266,144
266,387
266,527
266,670
267,144
267,387
267,527
267,670
268,289
268,616
269,711
269,814
270,55
270,88
270,114
270,418
270,531
270,814
271,146
271,337
271,395
272,435
272,613
272,693
273,12
273,197
273,352
273,354
273,613
273,814
273,828
274,337
274,341
274,567
275,474
275,529
275,685
275,983
276,234
276,326
276,784
276,876
277,542
277,613
278,457
278,653
278,656
278,858
279,48
279,88
279,210
279,466
279,615
279,814
279,817
279,888
280,6
280,337
281,68
281,814
282,112
282,314
282,613
282,814
282,887
283,30
283,531
283,554
283,613
283,711
284,68
284,314
284,531
284,693
284,814
285,68
285,814
286,876
287,814
288,297
288,379
288,784
288,814
288,828
289,613
289,814
290,68
290,531
290,613
291,25
291,613
291,814
292,326
292,784
292,876
293,814
294,476
294,876
294,928
295,30
295,243
295,525
296,144
296,527
296,670
297,379
297,814
297,828
298,101
298,146
298,289
298,567
298,583
299,6
299,645
299,685
299,817
299,824
300,88
300,379
300,531
300,814
300,828
301,531
301,693
301,757
301,814
301,862
302,69
302,153
302,337
302,645
303,542
303,807
303,814
303,858
304,324
304,613
305,693
305,757
305,814
306,140
306,319
306,328
306,503
307,101
307,258
307,289
307,291
308,55
308,114
308,149
308,182
308,418
308,554
308,807
308,814
308,817
308,858
308,949
309,222
309,909
310,163
310,186
310,546
310,569
310,709
310,960
311,337
311,575
311,741
312,30
312,912
313,55
313,114
313,297
313,315
313,609
313,627
313,814
313,851
314,135
314,531
314,613
315,135
315,379
315,626
315,928
316,82
316,527
317,6
317,146
317,337
317,341
317,567
318,140
318,328
318,503
319,68
319,693
319,814
319,817
320,6
320,337
320,817
320,824
321,37
321,177
321,503
322,222
322,893
323,418
323,542
323,983
324,352
324,379
324,532
324,542
324,613
324,784
325,542
325,613
326,37
326,177
326,503
326,863
327,236
327,360
327,529
328,430
328,693
328,767
328,814
328,945
329,77
329,82
329,387
330,30
330,912
331,235
331,245
331,876
332,30
332,287
332,372
332,457
332,858
333,2
333,55
333,294
333,418
333,613
333,710
333,814
334,186
334,877
335,613
335,670
335,814
336,319
336,388
336,503
336,577
337,146
337,149
337,289
337,567
337,782
338,146
338,149
339,70
339,146
339,337
339,645
340,30
340,227
340,462
340,912
340,915
341,220
341,471
341,925
342,757
342,814
342,945
343,135
343,144
343,527
343,862
344,341
344,474
344,529
345,360
345,418
345,435
345,983
346,379
346,435
346,756
346,814
346,828
347,82
347,527
347,814
348,55
348,418
348,445
348,881
349,445
349,619
349,814
349,881
350,77
350,375
350,814
350,909
351,68
351,372
351,385
351,613
351,711
351,814
351,858
352,352
352,379
352,613
352,693
352,711
352,756
352,814
352,828
353,163
353,186
353,438
353,762
354,140
354,319
354,388
354,453
354,503
355,222
355,307
355,347
355,385
355,655
355,805
355,858
356,77
356,144
356,462
356,744
356,757
356,814
357,30
357,313
357,853
358,337
358,341
358,960
359,77
359,161
360,135
360,757
360,814
360,862
361,135
361,502
361,531
361,613
362,755
362,876
363,37
363,140
363,260
363,503
363,863
364,503
364,577
365,68
365,392
365,693
365,814
366,294
366,531
366,814
366,817
366,963
366,989
367,77
367,144
367,757
367,814
367,945
368,6
368,49
368,337
368,402
368,567
368,685
368,741
369,542
369,613
370,542
370,613
371,379
371,531
371,670
371,814
371,828
371,924
372,60
372,272
372,326
372,627
373,77
373,144
373,757
373,814
374,814
375,88
375,314
375,542
375,814
376,542
376,613
377,609
377,613
377,909
378,354
378,609
378,814
378,828
378,909
379,220
379,224
379,289
379,327
379,562
379,768
380,245
380,326
380,784
380,876
381,163
381,186
381,685
381,877
382,83
382,814
383,30
383,670
383,749
383,817
384,149
384,160
384,354
384,814
384,828
384,923
385,379
385,542
385,814
385,828
386,243
386,400
386,600
386,613
387,163
387,186
387,755
388,236
388,360
388,474
388,529
388,983
389,149
389,220
389,289
390,212
390,513
390,693
390,814
391,212
391,513
391,613
391,814
392,30
392,212
392,513
392,554
392,613
393,243
393,400
393,502
393,613
394,60
394,149
394,245
394,299
394,546
395,352
395,354
395,613
395,909
396,30
396,109
396,197
396,354
396,613
396,906
396,968
397,7
397,186
397,362
397,741
398,531
398,539
398,693
398,757
398,814
399,379
399,392
399,814
399,828
400,60
400,299
400,973
401,435
401,613
402,755
402,876
403,163
403,186
403,415
403,473
403,569
403,709
404,140
404,370
404,503
404,577
404,863
405,36
405,327
405,741
406,37
406,503
406,517
406,863
407,23
407,37
407,503
407,517
407,863
408,36
408,337
408,685
408,741
409,527
409,531
409,670
409,814
410,613
410,670
410,814
411,243
411,387
411,670
411,761
412,531
412,670
412,693
412,814
413,527
413,531
413,619
413,670
413,693
413,814
414,2
414,55
414,88
414,418
414,613
414,670
414,814
415,68
415,525
415,814
416,2
416,55
416,387
416,418
416,613
417,55
417,234
417,418
417,531
417,784
417,928
418,352
418,354
418,371
418,447
418,609
418,613
419,149
419,245
419,755
419,756
419,876
420,185
420,287
420,372
420,527
420,750
420,805
420,858
421,68
421,88
421,531
421,814
421,817
421,903
422,379
422,402
422,531
422,814
422,828
423,352
423,379
423,402
423,613
423,814
423,828
423,903
424,184
424,613
425,149
425,626
425,710
425,814
425,928
426,135
426,613
427,135
427,757
427,814
427,862
427,903
428,135
428,613
428,814
429,30
429,613
429,906
429,928
430,30
430,83
430,653
430,814
430,897
431,36
431,474
431,529
431,741
431,983
432,55
432,88
432,297
432,418
432,784
432,814
433,302
433,418
433,466
434,25
434,184
434,613
435,525
435,814
436,186
436,337
436,645
436,951
437,55
437,140
437,165
437,418
437,670
437,737
438,315
438,609
438,638
439,25
439,77
439,89
439,216
439,222
439,502
439,613
440,222
440,893
441,462
441,757
441,814
442,613
442,814
443,401
443,462
443,757
443,814
443,945
444,402
444,814
445,149
445,814
446,55
446,315
446,814
447,756
447,814
448,109
448,197
448,693
448,757
448,814
448,968
449,77
449,109
449,144
449,197
449,354
449,613
449,757
449,814
449,828
449,968
450,109
450,197
450,354
450,613
450,968
451,109
451,197
451,314
451,757
451,814
451,945
451,968
452,49
452,146
452,766
452,988
453,186
453,453
453,596
453,751
453,877
454,529
454,685
454,780
455,503
455,529
455,780
456,531
456,670
456,814
457,144
457,527
457,531
457,670
457,757
457,814
458,343
458,591
458,670
458,693
458,710
458,814
459,353
459,645
459,685
460,297
460,392
460,532
460,613
460,784
460,814
461,392
461,710
461,756
461,814
462,387
462,757
462,814
462,862
463,392
463,613
464,68
464,297
464,392
464,784
464,814
465,392
465,532
465,613
465,784
466,352
466,354
466,444
466,613
466,855
467,243
467,246
467,445
467,870
467,881
468,542
468,613
469,379
469,542
469,807
469,814
469,828
469,858
470,36
470,69
470,327
470,685
470,741
471,25
471,48
471,155
471,613
471,710
471,814
471,888
472,693
472,814
473,30
473,131
473,166
473,227
473,379
473,619
473,881
474,131
474,379
474,435
474,814
474,828
475,613
475,670
476,30
476,525
476,653
477,613
477,670
478,68
478,88
478,525
478,757
478,814
478,817
479,144
479,262
479,387
479,527
479,531
479,670
480,30
480,166
480,227
480,881
480,912
481,30
481,166
481,227
481,881
482,385
482,531
482,670
482,858
483,144
483,166
483,527
483,881
484,435
484,876
485,68
485,435
485,814
486,68
486,435
486,693
486,814
487,385
487,527
487,750
487,858
487,887
488,68
488,435
488,814
489,235
489,245
489,435
489,546
489,876
490,49
490,146
490,685
490,687
491,687
491,741
492,289
492,562
493,36
493,337
494,36
494,337
494,562
495,112
495,613
496,190
497,343
497,373
497,379
497,591
497,670
497,710
497,732
497,814
497,828
498,525
498,613
499,311
499,418
499,670
500,111
500,311
500,418
500,670
501,88
501,615
501,814
502,30
502,111
502,137
502,151
502,457
502,554
502,858
503,88
503,531
503,693
503,757
503,814
503,862
504,55
504,315
504,814
504,909
505,303
505,474
505,529
505,983
506,289
506,303
506,562
506,837
507,354
507,814
507,828
507,851
508,24
508,439
508,814
509,656
510,184
510,613
511,354
511,814
511,828
511,928
512,149
512,430
512,814
513,77
513,82
514,25
514,502
514,613
514,638
514,693
514,814
514,817
515,101
515,146
515,149
515,289
515,567
516,77
516,82
516,387
517,77
517,144
517,387
517,757
517,814
518,402
518,814
519,48
519,155
519,613
520,182
520,234
520,236
520,273
520,360
520,418
520,474
520,529
520,531
520,685
520,926
521,30
521,37
521,137
521,140
521,328
521,436
521,457
521,613
521,670
521,737
521,858
521,863
521,906
522,30
522,37
522,140
522,328
522,457
522,613
522,670
522,737
522,805
522,858
522,863
522,906
523,30
523,335
523,613
523,906
524,149
524,289
524,934
525,24
525,30
525,852
526,186
526,337
526,562
526,685
526,817
527,2
527,55
527,418
527,613
527,906
528,613
528,621
528,756
529,9
529,163
529,245
530,30
530,314
530,670
530,814
530,817
531,245
531,476
531,670
531,876
531,928
532,289
532,303
532,562
532,837
533,258
533,291
533,503
533,529
534,41
534,379
535,25
535,200
535,217
535,502
535,527
535,613
535,814
536,151
536,235
536,245
536,542
536,876
537,149
537,251
537,415
537,751
537,755
537,876
537,877
538,613
538,973
539,149
539,163
539,251
539,299
539,415
539,751
539,877
540,149
540,163
540,251
540,299
540,415
540,751
540,877
541,149
541,163
541,251
541,299
541,751
542,336
542,352
542,354
542,613
542,909
543,25
543,184
543,613
544,106
544,656
544,670
544,710
544,737
544,863
545,372
545,385
545,531
545,814
545,858
546,379
546,445
546,756
546,814
546,828
546,881
547,41
547,379
547,693
547,814
547,828
548,55
548,83
548,418
548,531
548,814
549,83
549,613
549,814
550,151
550,542
550,814
551,25
551,613
552,435
552,814
553,435
553,814
554,30
554,166
554,653
554,693
554,881
555,36
555,337
555,562
556,30
556,525
556,531
556,749
557,474
557,529
557,583
557,758
558,289
558,303
558,562
559,101
559,289
559,291
559,567
560,243
560,372
560,387
560,527
560,750
560,858
561,55
561,149
561,231
561,315
561,609
561,626
561,858
561,928
562,25
562,613
562,638
562,814
563,2
563,55
563,418
563,613
563,711
564,36
564,337
564,741
565,330
565,360
565,474
565,529
565,983
566,36
566,327
566,337
566,562
566,741
567,476
567,525
567,579
567,876
567,928
568,25
568,30
568,227
568,435
568,613
568,906
569,69
569,337
569,453
569,685
570,337
570,687
571,146
571,289
571,583
571,680
571,727
571,777
572,289
572,782
572,857
573,324
573,613
574,243
574,525
574,531
574,858
575,352
575,379
575,443
575,613
575,814
575,817
575,828
576,337
576,567
576,616
576,782
577,2
577,55
577,358
577,418
577,613
577,814
578,358
578,379
578,710
578,814
578,828
579,352
579,354
579,613
579,909
580,430
580,814
581,184
581,220
582,336
582,613
582,814
582,871
583,6
583,146
583,738
584,316
584,613
585,36
585,337
585,562
586,41
586,352
586,379
586,613
586,710
587,41
587,379
588,83
588,379
588,385
588,814
588,828
588,858
589,613
590,77
590,144
590,444
590,462
590,551
590,757
590,814
591,25
591,525
591,613
592,149
592,163
592,438
593,220
593,289
593,616
594,30
594,542
594,912
595,542
595,613
596,25
596,542
596,613
596,807
596,858
597,542
597,613
598,149
598,453
598,596
598,751
598,877
599,877
600,596
600,877
601,877
602,68
602,88
602,234
602,297
602,693
602,784
602,814
603,178
603,301
603,471
603,741
604,709
604,755
604,875
604,876
605,572
605,876
606,392
606,613
607,392
607,613
607,928
608,58
608,128
608,613
609,58
609,128
609,613
610,6
610,146
610,738
610,817
611,341
611,741
612,48
612,693
612,814
612,888
613,327
613,337
613,562
613,687
613,741
614,531
614,670
614,693
614,814
615,41
615,756
615,814
616,154
616,297
616,784
616,814
617,154
617,710
617,814
618,154
618,814
619,68
619,314
619,814
620,49
620,69
620,146
620,186
620,685
621,402
621,613
622,352
622,379
622,613
623,222
623,655
624,55
624,316
624,418
625,316
625,613
626,316
626,352
626,379
626,613
627,36
627,327
627,337
627,562
627,732
627,741
627,808
628,222
628,609
628,893
628,909
629,392
629,532
629,613
629,784
630,6
630,453
630,474
630,529
630,645
630,741
631,474
631,529
632,596
632,877
633,58
633,128
633,613
634,128
634,271
634,531
634,615
634,814
635,88
635,128
635,271
635,297
635,379
635,398
635,784
635,814
635,828
636,58
636,128
636,352
636,379
636,398
636,613
637,58
637,128
637,271
637,613
637,814
638,128
638,271
638,814
639,128
639,271
639,379
639,398
639,814
639,828
640,2
640,55
640,58
640,128
640,418
640,613
640,983
641,243
641,246
642,82
642,128
642,527
643,128
643,271
643,615
643,814
644,88
644,128
644,271
644,314
644,693
644,814
645,128
645,271
645,379
645,398
645,814
645,828
646,128
646,271
646,379
646,398
646,814
646,828
647,58
647,128
647,352
647,379
647,398
647,613
648,128
648,271
648,379
648,398
648,814
648,828
649,30
649,58
649,128
649,375
649,613
649,906
650,58
650,128
650,613
650,981
651,30
651,58
651,128
651,227
651,613
651,749
651,906
652,25
652,68
652,613
653,58
653,128
653,271
653,613
653,814
654,58
654,128
654,613
655,58
655,128
655,271
655,613
655,814
656,58
656,128
656,271
656,352
656,379
656,398
656,613
656,814
656,828
657,58
657,128
657,613
657,981
658,58
658,128
658,613
659,25
659,58
659,128
659,613
659,981
660,58
660,128
660,613
661,128
661,271
661,527
661,814
662,58
662,128
662,352
662,379
662,398
662,613
663,30
663,88
663,128
663,271
663,531
663,615
663,749
663,814
663,817
664,58
664,128
664,613
664,858
665,30
665,653
665,912
665,981
666,128
666,271
666,814
667,58
667,128
667,352
667,379
667,398
667,613
667,710
668,335
668,387
668,757
668,814
668,862
669,30
669,55
669,335
669,418
669,554
669,807
669,858
669,949
670,88
670,306
670,531
670,613
670,814
671,814
671,930
672,154
672,502
672,613
673,2
673,55
673,306
673,418
673,613
674,335
674,418
675,306
675,613
675,756
675,814
676,2
676,55
676,335
676,418
676,531
676,613
677,30
677,227
677,387
677,531
677,757
677,814
677,862
678,306
678,613
678,814
679,141
679,290
679,814
679,928
680,330
680,474
680,529
680,685
680,988
681,289
681,339
681,492
681,562
681,817
681,837
682,289
682,339
682,782
682,817
682,837
683,289
683,339
683,782
684,149
684,326
684,784
684,876
685,289
685,339
685,567
686,289
686,339
686,562
687,220
687,289
687,339
687,567
688,289
688,339
688,777
688,837
689,289
689,339
690,289
690,339
691,289
691,339
691,567
691,771
692,289
692,339
692,771
692,777
693,289
693,339
694,289
694,339
694,934
695,289
695,339
695,562
696,289
696,339
696,562
697,354
697,609
697,814
697,828
697,909
698,77
698,82
698,354
698,736
699,30
699,115
699,912
700,81
700,222
700,736
700,893
701,30
701,227
701,462
701,736
701,757
701,814
701,912
702,613
702,736
703,337
703,341
703,782
704,315
704,736
705,337
705,341
705,817
706,77
706,222
706,600
706,870
707,352
707,354
707,613
707,626
707,736
707,928
708,2
708,30
708,48
708,55
708,155
708,418
708,554
708,613
709,48
709,210
709,466
709,615
709,814
709,817
709,888
710,379
710,392
710,814
710,828
711,243
711,246
711,392
711,821
712,48
712,693
712,814
712,858
712,888
713,297
713,784
713,814
714,30
714,387
714,881
714,912
715,25
715,392
715,613
716,37
716,287
716,457
716,656
716,670
716,737
716,858
716,863
717,613
717,626
717,710
717,756
717,928
718,82
718,200
718,217
718,527
718,814
718,904
719,68
719,135
719,814
720,710
720,755
720,876
721,135
721,613
722,656
722,670
722,737
722,863
723,55
723,114
723,418
723,814
724,418
725,30
725,670
726,25
726,527
726,531
726,613
726,670
727,24
727,297
727,627
727,693
727,814
728,243
728,246
728,262
728,527
728,621
729,160
729,401
729,609
729,693
729,814
729,923
730,572
730,756
730,814
731,41
731,379
731,814
731,828
732,41
732,613
732,756
732,921
733,41
733,379
733,531
733,710
734,88
734,135
734,613
734,693
734,814
735,710
735,711
735,814
736,163
736,186
736,569
736,709
737,542
737,613
738,41
738,68
738,693
738,814
739,289
739,562
739,782
739,892
739,969
740,146
740,289
740,562
740,969
741,55
741,315
741,375
741,983
742,301
742,337
743,354
743,609
743,814
743,828
743,909
744,245
744,600
744,751
744,755
744,876
745,289
745,499
745,805
745,817
745,837
745,951
746,387
746,462
746,609
746,757
746,814
746,891
747,59
747,160
747,613
747,814
747,923
748,212
748,354
748,513
748,814
748,828
749,212
749,513
749,693
749,814
750,212
750,231
750,352
750,354
750,513
750,613
750,858
751,30
751,912
751,915
752,212
752,513
752,613
752,814
753,23
753,177
753,319
753,503
753,780
754,447
754,613
754,887
755,337
755,658
756,294
756,352
756,379
756,613
756,691
757,243
757,294
757,527
758,294
758,613
758,691
758,814
758,963
759,294
759,527
759,814
759,963
760,36
760,337
760,562
761,82
761,527
761,944
762,287
762,372
762,527
762,750
762,858
763,243
764,2
764,55
764,131
764,352
764,379
764,418
764,613
765,616
765,877
766,596
766,616
766,751
766,877
767,289
767,616
768,220
768,453
768,471
768,616
769,289
769,616
770,220
770,289
770,567
770,616
771,24
771,77
771,287
771,372
771,750
771,852
771,858
772,24
772,352
772,354
772,613
772,852
773,24
773,613
774,337
774,824
775,301
775,337
775,562
776,225
776,292
776,759
776,840
776,877
777,474
777,529
777,741
777,827
778,301
778,337
779,301
779,337
779,562
780,4
780,55
780,418
780,435
780,531
780,737
781,525
781,693
781,757
781,814
782,360
782,418
782,435
782,626
782,928
783,131
783,352
783,379
783,525
783,531
783,613
784,418
784,525
785,84
785,289
785,537
785,680
785,837
786,418
787,531
787,670
787,814
787,928
788,88
788,693
788,814
789,198
789,289
789,337
789,453
789,520
789,928
790,87
790,327
790,741
790,857
790,872
790,958
791,55
791,315
791,418
791,693
791,814
792,25
792,77
792,371
792,527
792,613
792,887
793,2
793,55
793,418
793,531
793,613
794,243
794,246
794,821
795,88
795,531
795,670
795,814
795,817
796,531
796,670
796,814
797,25
797,77
797,144
797,371
797,462
797,502
797,613
797,628
797,945
798,294
798,506
798,613
799,236
799,418
799,531
800,352
800,379
800,396
800,613
800,814
800,828
801,30
801,37
801,330
801,396
801,457
801,737
801,805
801,858
801,863
802,41
802,352
802,379
802,613
802,710
802,814
802,828
803,41
803,379
803,814
803,828
804,222
804,430
804,638
804,893
805,609
805,814
805,891
806,48
806,613
806,626
806,698
806,710
806,814
806,928
807,184
807,613
808,163
808,499
808,790
808,805
808,875
808,951
809,542
809,613
810,542
810,613
811,297
811,542
811,784
811,814
812,101
812,203
812,289
813,354
813,525
813,609
813,814
813,828
814,30
814,227
814,912
815,36
815,337
816,596
816,846
816,877
817,163
817,453
818,596
818,846
818,877
819,41
819,243
819,246
820,613
820,814
821,55
821,315
822,371
822,609
822,814
823,68
823,335
823,531
823,613
823,814
824,68
824,613
824,814
825,2
825,55
825,418
825,613
825,906
826,340
826,757
826,814
826,862
827,36
827,337
827,562
828,36
828,337
828,562
829,188
829,337
829,685
829,687
829,808
830,670
830,814
831,30
831,340
831,531
831,912
832,30
832,457
832,670
832,858
833,30
833,457
833,495
833,619
833,670
833,858
834,30
834,457
834,495
834,619
834,670
834,805
834,858
835,531
835,670
835,807
835,814
835,858
836,343
836,591
836,613
836,670
836,814
837,670
837,858
838,30
838,457
838,495
838,619
838,670
838,858
839,30
839,457
839,670
839,858
840,30
840,457
840,670
840,858
841,30
841,457
841,670
841,858
842,30
842,457
842,670
842,858
843,30
843,436
843,457
843,670
843,858
844,670
844,858
845,30
845,457
845,495
845,619
845,670
845,858
846,30
846,457
846,670
846,858
847,30
847,457
847,495
847,619
847,670
847,805
847,858
848,495
848,619
848,670
848,858
849,30
849,457
849,495
849,619
849,670
849,805
849,858
850,30
850,457
850,495
850,619
850,670
850,858
851,30
851,287
851,457
851,670
851,858
852,30
852,457
852,670
852,858
853,613
853,670
853,814
854,30
854,457
854,495
854,619
854,670
854,805
854,858
855,30
855,457
855,495
855,619
855,670
855,805
855,858
856,144
856,387
856,527
856,531
856,670
857,343
857,591
857,626
857,670
857,710
857,814
857,928
858,343
858,531
858,591
858,670
858,710
858,814
859,670
859,814
860,30
860,457
860,495
860,619
860,670
860,858
861,30
861,227
861,670
861,912
862,30
862,227
862,670
862,912
863,225
863,292
863,573
863,596
863,759
863,846
863,877
864,592
864,615
864,814
865,77
865,82
865,430
865,909
866,600
866,814
867,36
867,49
867,146
867,380
867,685
868,182
868,418
868,949
869,30
869,656
869,912
870,144
870,527
871,30
872,814
872,987
873,68
873,243
873,340
874,68
874,88
874,135
874,531
874,814
875,135
875,613
875,814
876,289
876,291
876,474
876,529
876,837
877,55
877,315
877,570
877,609
877,878
877,894
878,135
878,527
879,212
879,430
879,513
879,814
880,212
880,513
880,693
880,814
881,135
881,506
881,531
881,619
881,814
882,68
882,135
882,144
882,300
882,527
882,862
882,981
883,135
883,210
883,814
883,817
883,864
884,135
884,359
884,502
884,613
884,862
884,981
885,135
885,300
885,527
885,531
885,814
885,864
886,289
887,30
887,313
887,814
887,817
887,909
888,352
888,354
888,444
888,551
888,613
888,814
888,828
888,855
888,928
889,2
889,55
889,182
889,316
889,418
889,613
889,949
890,289
890,303
890,562
890,837
891,289
891,303
891,562
891,837
892,289
892,303
892,562
892,777
892,837
893,289
893,303
893,562
894,542
894,613
895,84
895,289
895,562
895,824
896,527
896,542
896,613
896,814
897,37
897,62
897,291
897,503
898,297
898,532
898,542
898,613
898,710
898,784
898,814
899,68
899,531
899,542
899,814
900,289
900,303
900,562
900,837
901,55
901,114
901,315
901,600
901,814
902,354
902,444
902,551
902,814
902,828
903,600
903,613
903,814
903,921
904,89
904,160
904,222
904,444
904,467
904,613
904,855
905,462
905,502
905,600
905,613
905,921
906,222
906,600
906,893
907,336
907,354
907,609
907,814
907,828
907,909
908,336
908,354
908,609
908,814
908,828
908,909
909,115
909,613
910,222
910,870
910,893
910,909
911,30
911,227
911,313
911,354
911,462
911,806
911,909
912,814
912,851
913,336
913,352
913,354
913,492
913,600
913,613
913,626
913,928
914,613
914,814
914,909
915,55
915,182
915,315
915,909
916,600
916,613
916,693
916,814
917,352
917,354
917,613
917,909
918,115
918,354
918,492
918,814
918,828
919,23
919,37
919,336
919,354
919,570
919,851
919,858
920,297
920,609
920,627
920,814
920,909
921,30
921,222
921,554
921,893
921,909
922,160
922,814
922,851
922,928
923,814
923,851
924,160
924,814
924,987
925,444
925,613
925,855
926,600
926,613
927,290
927,814
927,909
928,25
928,30
928,227
928,313
928,462
928,502
928,600
928,613
928,868
928,906
929,231
929,609
929,814
929,851
929,858
930,222
930,444
930,467
931,222
931,609
931,909
932,216
932,600
932,613
932,921
933,30
933,115
933,313
933,814
934,294
934,613
934,691
935,294
935,324
935,352
935,379
935,613
935,691
936,294
936,527
937,337
937,658
937,685
937,741
938,49
938,337
938,567
938,671
939,48
939,693
939,814
939,817
940,30
940,55
940,68
940,392
940,418
940,554
940,814
941,375
941,396
941,531
941,757
941,814
942,68
942,392
942,693
942,757
942,814
943,30
943,227
943,613
943,906
944,30
944,68
944,554
944,613
944,814
944,944
945,49
945,146
945,218
945,337
945,567
945,988
946,49
946,146
946,218
946,337
946,567
946,685
946,988
947,146
947,337
947,567
947,766
947,988
948,755
948,876
949,68
949,88
949,814
949,817
950,135
950,144
950,527
950,757
950,814
950,862
951,144
951,527
951,531
951,757
951,814
951,862
952,243
952,400
952,429
952,613
953,104
953,316
953,613
954,182
954,418
954,983
955,88
955,531
955,670
955,814
956,30
956,227
956,862
956,912
957,4
957,30
957,37
957,243
957,280
957,457
957,511
957,531
957,737
957,803
957,858
957,863
958,243
958,316
958,527
959,289
959,583
959,727
959,771
960,203
960,289
961,184
961,613
962,315
962,401
962,983
963,33
963,77
963,144
963,387
963,609
963,757
963,814
964,30
964,655
964,912
965,77
965,144
966,375
966,609
966,757
966,814
967,174
967,210
967,396
967,814
967,817
968,173
968,396
968,527
968,693
969,77
969,144
969,757
969,814
970,16
970,30
970,396
970,554
970,613
970,906
971,30
971,396
971,656
971,912
972,222
972,307
972,336
972,430
972,655
972,870
972,893
973,30
973,396
973,531
973,656
973,912
974,2
974,55
974,222
974,315
974,613
974,900
975,16
975,30
975,396
975,531
975,613
975,906
976,174
976,321
976,379
976,396
976,814
976,828
977,30
977,396
978,16
978,30
978,396
978,613
978,906
979,16
979,396
979,531
979,613
980,16
980,396
980,531
980,613
981,16
981,396
981,613
982,16
982,30
982,396
982,531
982,613
982,906
983,314
983,609
983,693
983,814
984,16
984,30
984,321
984,352
984,379
984,396
984,613
984,906
985,174
985,387
985,396
985,531
985,693
985,757
985,814
985,862
986,25
986,430
986,613
987,16
987,30
987,396
987,613
987,906
988,30
988,627
988,915
989,13
989,269
989,290
989,401
989,430
989,534
989,613
990,140
990,328
990,503
990,577
991,37
991,503
991,863
992,37
992,140
992,503
992,577
992,863
993,37
993,140
993,503
993,863
994,36
994,337
994,562
995,146
995,337
995,567
995,685
995,687
996,741
997,140
997,146
997,260
997,370
997,503
997,577
998,37
998,140
998,503
998,863
999,140
999,165
999,503
999,529
999,802
999,803
999,863
1000,337
1000,562
1000,685
1000,687
1000,985
1001,165
1001,503
1001,529
1001,802
1002,37
1002,503
1003,687
1004,23
1004,140
1004,261
1004,319
1004,503
1004,577
1004,732
1005,37
1005,140
1005,319
1005,328
1005,503
1005,863
1006,30
1006,227
1006,488
1006,531
1006,670
1006,912
1007,387
1007,525
1007,531
1007,693
1007,757
1007,814
1008,30
1008,457
1008,670
1008,858
1009,670
1009,814
1010,670
1010,814
1011,243
1011,246
1011,280
1011,525
1011,870
1012,343
1012,352
1012,373
1012,379
1012,591
1012,613
1012,670
1012,710
1012,732
1013,527
1013,670
1013,814
1014,82
1014,527
1014,670
1015,144
1015,387
1015,527
1015,531
1015,670
1016,30
1016,55
1016,137
1016,418
1016,457
1016,554
1016,670
1016,858
1017,30
1017,55
1017,137
1017,418
1017,457
1017,554
1017,670
1017,858
1018,30
1018,55
1018,418
1018,457
1018,670
1018,858
1019,88
1019,525
1019,531
1019,814
1020,243
1020,670
1020,844
1020,858
1021,297
1021,343
1021,591
1021,670
1021,710
1021,814
1022,379
1022,670
1022,814
1022,828
1023,165
1023,236
1023,418
1023,670
1023,737
1024,379
1024,531
1024,670
1024,814
1024,828
1024,924
1025,144
1025,262
1025,387
1025,527
1025,670
1025,750
1025,858
1026,144
1026,387
1026,527
1026,531
1026,670
1027,144
1027,435
1027,527
1028,495
1028,527
1028,531
1028,619
1028,670
1028,814
1029,30
1029,457
1029,670
1029,858
1030,144
1030,387
1030,527
1030,531
1030,670
1031,144
1031,262
1031,495
1031,527
1031,619
1031,670
1031,750
1031,858
1032,144
1032,387
1032,527
1032,531
1032,670
1033,25
1033,30
1033,40
1033,227
1033,613
1033,670
1033,906
1034,243
1034,246
1034,262
1034,527
1034,670
1034,807
1034,858
1034,870
1035,25
1035,30
1035,227
1035,488
1035,613
1035,670
1035,906
1036,495
1036,619
1036,670
1036,858
1037,387
1037,531
1037,670
1037,757
1037,814
1038,243
1038,495
1038,619
1038,670
1039,30
1039,457
1039,670
1039,858
1040,30
1040,531
1040,670
1040,814
1040,817
1041,613
1041,670
1042,385
1042,670
1042,814
1042,858
1043,30
1043,243
1043,246
1043,457
1043,670
1043,844
1043,858
1044,144
1044,387
1044,527
1044,531
1044,670
1045,144
1045,387
1045,495
1045,527
1045,531
1045,619
1045,670
1046,88
1046,670
1046,814
1047,30
1047,457
1047,670
1047,858
1048,531
1048,670
1048,814
1049,343
1049,373
1049,379
1049,435
1049,814
1049,828
1050,25
1050,30
1050,111
1050,227
1050,488
1050,525
1050,613
1050,906
1051,88
1051,525
1051,757
1051,814
1052,88
1052,379
1052,670
1052,814
1052,828
1052,924
1053,25
1053,68
1053,525
1053,527
1053,613
1054,88
1054,144
1054,340
1054,527
1054,757
1054,814
1055,88
1055,379
1055,531
1055,670
1055,814
1055,828
1055,924
1056,144
1056,387
1056,527
1056,531
1056,670
1056,757
1056,814
1057,503
1057,577
1057,663
1058,41
1058,379
1058,814
1058,828
1059,41
1059,693
1059,814
1060,297
1060,501
1060,710
1060,784
1060,786
1060,814
1061,69
1061,337
1061,970
1062,87
1062,415
1062,877
1063,327
1063,337
1063,562
1063,741
1064,30
1064,88
1064,587
1064,615
1064,749
1064,814
1064,912
1065,41
1065,352
1065,379
1065,613
1066,30
1067,41
1067,59
1067,613
1067,756
1067,921
1068,82
1068,144
1068,435
1068,527
1069,30
1069,135
1069,227
1069,912
1070,418
1071,187
1071,741
1072,337
1072,685
1072,738
1072,782
1072,960
1073,88
1073,572
1073,814
1074,88
1074,811
1074,814
1074,887
1075,88
1075,531
1075,693
1075,814
1076,2
1076,182
1076,418
1076,531
1076,613
1076,949
1077,17
1077,200
1077,243
1077,246
1077,262
1077,527
1078,198
1078,476
1078,525
1078,579
1078,876
1078,928
1079,30
1079,212
1079,587
1079,613
1079,906
1080,755
1080,876
1081,76
1081,757
1081,786
1081,814
1082,10
1082,141
1082,163
1082,186
1082,198
1082,225
1082,252
1082,292
1082,580
1082,596
1082,617
1082,755
1082,759
1082,877
1082,928
1083,69
1083,87
1083,327
1083,337
1083,562
1083,685
1083,732
1083,741
1083,808
1083,958
1084,151
1084,330
1084,506
1084,525
1084,693
1084,814
1085,55
1085,240
1085,330
1085,418
1085,525
1085,531
1085,858
1085,949
1086,289
1087,2
1087,55
1087,418
1087,613
1088,88
1088,626
1088,698
1088,756
1088,814
1088,928
1089,55
1089,114
1089,315
1089,354
1089,525
1089,814
1089,828
1090,30
1090,806
1090,912
1091,243
1092,487
1092,529
1092,685
1092,717
1093,418
1093,621
1094,41
1094,379
1095,41
1095,352
1095,379
1095,613
1095,814
1095,828
1096,10
1096,225
1096,252
1096,292
1096,415
1096,453
1096,565
1096,603
1096,759
1096,877
1096,925
1097,243
1097,246
1097,542
1098,30
1098,297
1098,542
1098,653
1098,784
1098,814
1099,25
1099,184
1099,613
1100,10
1100,163
1100,186
1100,225
1100,252
1100,292
1100,596
1100,755
1100,759
1100,877
1101,6
1101,738
1102,135
1102,375
1102,613
1102,906
1103,814
1103,851
1104,596
1104,877
1105,301
1105,337
1105,562
1106,503
1106,529
1106,863
1106,899
1107,198
1107,379
1107,531
1107,928
1108,379
1108,531
1109,77
1109,144
1109,462
1109,609
1109,757
1109,814
1109,945
1110,41
1110,352
1110,379
1110,613
1111,294
1111,613
1111,691
1112,415
1112,499
1112,603
1112,877
1113,88
1113,811
1113,814
1113,887
1114,337
1114,379
1114,562
1114,738
1114,811
1114,814
1114,828
1114,887
1115,212
1115,354
1115,513
1116,613
1116,711
1117,352
1117,379
1117,613
1117,711
1118,135
1118,531
1118,814
1119,55
1119,360
1119,418
1119,525
1119,626
1119,928
1119,949
1120,88
1120,256
1120,531
1120,572
1120,710
1120,756
1120,814
1120,923
1121,25
1121,200
1121,217
1121,502
1121,613
1121,757
1121,814
1121,862
1121,904
1122,337
1122,395
1122,782
1123,68
1123,102
1123,131
1123,135
1123,352
1123,379
1123,613
1123,619
1124,289
1124,562
1125,6
1125,151
1125,186
1125,330
1125,337
1125,685
1126,163
1126,186
1126,438
1126,755
1126,762
1127,186
1127,741
1128,10
1128,225
1128,252
1128,255
1128,292
1128,415
1128,487
1128,603
1128,759
1128,877
1129,531
1129,814
1129,884
1130,41
1130,379
1130,506
1130,814
1130,828
1131,41
1131,379
1132,68
1132,531
1132,756
1132,811
1132,814
1132,887
1133,30
1133,88
1133,531
1133,542
1133,554
1133,814
1134,379
1134,542
1134,615
1134,814
1134,817
1134,828
1135,352
1135,379
1135,542
1135,613
1136,330
1136,474
1136,529
1137,69
1137,186
1137,327
1137,337
1137,562
1137,685
1137,732
1137,741
1137,808
1138,525
1138,876
1139,445
1139,710
1139,814
1139,881
1140,76
1140,343
1140,693
1140,786
1140,814
1141,354
1141,609
1141,814
1141,828
1141,891
1142,198
1142,337
1142,741
1142,782
1142,928
1142,970
1143,2
1143,55
1143,418
1143,525
1143,613
1144,2
1144,55
1144,352
1144,379
1144,418
1144,525
1144,613
1145,163
1145,438
1145,708
1145,762
1146,447
1146,531
1146,613
1146,887
1147,49
1147,187
1147,289
1147,380
1147,645
1147,685
1147,892
1148,337
1148,562
1148,824
1149,352
1149,379
1149,613
1149,814
1149,828
1150,297
1150,379
1150,435
1150,756
1150,814
1150,828
1151,30
1151,243
1151,435
1152,354
1152,609
1152,814
1152,828
1153,25
1153,525
1153,531
1153,613
1153,849
1154,525
1154,613
1155,88
1155,525
1155,693
1155,814
1155,817
1156,2
1156,55
1156,418
1156,525
1156,531
1156,613
1157,55
1157,418
1157,525
1157,626
1157,814
1157,928
1158,88
1158,314
1158,693
1158,711
1158,814
1159,352
1159,379
1159,613
1159,711
1160,379
1160,531
1160,711
1160,807
1160,814
1160,817
1160,828
1160,858
1161,256
1161,613
1161,871
1161,928
1162,218
1162,327
1162,337
1162,562
1162,733
1162,741
1162,988
1163,41
1163,379
1163,814
1163,828
1164,41
1164,379
1164,814
1164,828
1165,25
1165,531
1165,542
1165,613
1165,814
1166,542
1166,613
1167,326
1167,542
1167,784
1167,876
1168,2
1168,55
1168,418
1168,542
1168,613
1168,983
1169,30
1169,227
1169,457
1169,475
1169,542
1169,554
1169,807
1169,858
1169,862
1169,912
1170,200
1170,693
1170,779
1170,814
1171,212
1171,513
1171,814
1172,212
1172,513
1172,613
1173,212
1173,354
1173,513
1173,814
1173,828
1174,212
1174,231
1174,513
1174,613
1174,858
1175,670
1175,757
1175,814
1175,862
1176,337
1176,453
1176,471
1176,741
1177,453
1177,471
1177,741
1178,69
1178,453
1178,471
1178,741
1179,471
1179,741
1180,163
1181,471
1181,741
1182,471
1182,741
1182,925
1183,596
1183,877
1184,337
1185,741
1186,30
1186,88
1186,531
1186,615
1186,749
1186,814
1187,68
1187,379
1187,700
1187,814
1187,828
1188,352
1188,379
1188,613
1188,814
1188,828
1189,30
1189,243
1189,554
1189,646
1189,655
1189,912
1190,340
1190,757
1190,814
1190,981
1191,379
1191,814
1191,828
1192,30
1192,912
1193,55
1193,418
1194,25
1194,68
1194,324
1194,613
1194,814
1195,30
1195,340
1196,88
1196,198
1196,392
1196,693
1196,698
1196,814
1196,928
1197,68
1197,234
1197,814
1198,88
1198,198
1198,340
1198,613
1198,814
1198,928
1199,531
1199,546
1199,755
1199,876
1200,198
1200,235
1200,476
1200,501
1200,546
1200,755
1200,786
1200,876
1200,928
1201,474
1201,529
1201,658
1202,474
1202,529
1202,616
1202,827
1203,36
1203,327
1203,741
1204,738
1204,741
1205,6
1205,146
1205,186
1205,741
1206,527
1207,814
1208,379
1208,531
1208,554
1208,814
1208,828
1209,684
1209,755
1209,876
1209,887
1210,2
1210,55
1210,114
1210,418
1210,613
1211,531
1211,811
1211,814
1211,887
1212,352
1212,379
1212,613
1213,2
1213,55
1213,418
1213,613
1214,314
1214,531
1214,711
1214,814
1215,379
1216,352
1216,379
1216,613
1217,379
1217,814
1217,828
1218,340
1218,615
1218,814
1218,817
1219,220
1219,925
1220,352
1220,354
1220,613
1221,324
1221,532
1221,613
1221,627
1222,222
1222,893
1223,354
1223,814
1223,828
1224,379
1224,525
1225,379
1225,525
1226,352
1226,379
1226,525
1226,613
1227,30
1227,542
1227,554
1227,807
1227,858
1228,41
1228,352
1228,379
1228,613
1229,217
1229,418
1230,352
1230,379
1230,396
1230,613
1231,48
1231,245
1231,326
1231,784
1231,876
1232,294
1232,693
1232,814
1232,963
1233,41
1233,243
1233,246
1233,870
1234,5
1234,144
1234,304
1234,396
1234,527
1234,659
1234,757
1234,814
1234,862
1235,245
1235,256
1235,272
1235,326
1235,572
1235,755
1235,784
1235,876
1236,37
1236,186
1236,325
1236,503
1236,863
1237,525
1237,709
1237,755
1237,876
1238,200
1238,217
1238,243
1238,246
1238,693
1238,821
1239,190
1240,131
1240,352
1240,363
1240,379
1240,525
1240,613
1241,811
1241,814
1241,887
1242,186
1242,337
1242,685
1242,782
1243,22
1243,163
1243,394
1243,493
1243,524
1243,755
1244,6
1244,337
1244,738
1244,989
1245,337
1245,562
1245,658
1245,685
1246,55
1246,182
1246,360
1246,418
1246,525
1246,626
1246,928
1246,949
1247,36
1247,337
1248,36
1248,337
1248,685
1249,22
1249,222
1249,278
1249,348
1249,693
1249,961
1250,542
1250,613
1251,212
1251,462
1251,513
1251,757
1251,814
1252,212
1252,354
1252,513
1252,814
1252,828
1253,25
1253,212
1253,513
1253,613
1254,18
1254,49
1254,131
1254,337
1254,562
1254,645
1255,615
1255,814
1256,613
1256,711
1257,77
1257,82
1257,131
1257,210
1257,354
1257,387
1257,466
1257,492
1257,525
1257,527
1257,531
1257,609
1257,814
1257,828
1258,41
1258,379
1258,814
1258,828
1259,41
1259,379
1259,814
1259,828
1260,525
1260,755
1260,876
1261,30
1261,531
1261,542
1261,615
1261,749
1261,814
1261,817
1262,243
1262,246
1262,542
1262,821
1263,182
1263,234
1263,236
1263,330
1263,418
1263,474
1263,529
1263,531
1263,685
1263,926
1264,77
1264,82
1264,144
1264,387
1264,401
1264,462
1264,757
1264,814
1265,60
1265,513
1265,755
1265,776
1266,68
1266,396
1266,615
1266,619
1266,757
1266,814
1266,862
1266,903
1267,587
1267,755
1267,876
1268,587
1268,814
1269,314
1269,379
1269,587
1269,693
1269,814
1269,828
1270,352
1270,379
1270,587
1270,613
1271,587
1271,814
1271,903
1272,587
1272,755
1272,876
1273,306
1273,615
1273,814
1274,68
1274,379
1274,587
1274,700
1274,814
1274,828
1275,587
1275,755
1275,876
1276,587
1276,613
1276,693
1276,814
1277,587
1277,626
1277,814
1277,928
1278,314
1278,587
1278,693
1278,814
1278,878
1279,289
1279,301
1279,562
1279,583
1280,123
1280,430
1280,609
1280,693
1280,814
1281,36
1281,474
1281,529
1282,19
1282,146
1282,150
1282,337
1282,567
1283,19
1283,186
1283,289
1283,768
1283,808
1284,10
1284,186
1284,225
1284,252
1284,292
1284,415
1284,453
1284,565
1284,603
1284,759
1284,877
1285,88
1285,210
1285,314
1285,446
1285,466
1285,525
1285,539
1285,693
1285,705
1285,814
1286,243
1286,246
1286,821
1287,36
1287,337
1287,562
1288,186
1288,337
1288,741
1289,200
1289,876
1289,927
1290,352
1290,379
1290,613
1290,786
1291,55
1291,182
1291,363
1291,418
1291,525
1291,531
1291,949
1292,220
1292,499
1293,33
1293,414
1293,424
1293,430
1293,693
1293,814
1293,878
1293,928
1294,49
1294,453
1294,529
1294,645
1294,970
1295,41
1295,284
1295,352
1295,379
1295,531
1295,613
1295,710
1295,807
1295,814
1295,828
1295,858
1296,24
1296,309
1296,352
1296,354
1296,613
1296,814
1296,828
1297,443
1297,531
1297,814
1298,314
1298,443
1298,615
1298,814
1298,817
1299,59
1299,160
1299,256
1299,294
1299,336
1299,613
1299,691
1300,10
1300,186
1300,220
1300,225
1300,252
1300,292
1300,415
1300,759
1300,877
1301,182
1301,236
1301,340
1301,360
1301,418
1301,531
1301,983
1302,256
1302,438
1302,621
1302,762
1302,862
1302,876
1303,144
1303,200
1303,217
1303,379
1303,527
1303,862
1303,904
1304,198
1304,245
1304,394
1304,476
1304,525
1304,580
1304,755
1304,876
1304,928
1305,30
1305,313
1305,379
1305,445
1305,457
1305,531
1305,656
1305,807
1305,858
1305,881
1306,200
1306,217
1306,626
1306,814
1306,904
1306,928
1307,200
1307,217
1307,352
1307,379
1307,613
1307,626
1307,814
1307,828
1307,904
1307,928
1308,256
1308,572
1308,757
1308,814
1308,862
1309,19
1309,101
1309,186
1309,289
1309,680
1309,837
1310,163
1310,186
1310,299
1311,22
1311,29
1311,68
1311,198
1311,446
1311,525
1311,613
1311,698
1311,701
1311,705
1311,814
1311,866
1311,928
1312,200
1312,217
1312,352
1312,379
1312,613
1312,904
1313,198
1313,245
1313,348
1313,476
1313,524
1313,580
1313,701
1313,876
1313,928
1314,738
1314,741
1315,146
1315,289
1315,301
1315,567
1315,583
1316,220
1316,499
1317,220
1317,289
1317,301
1317,327
1317,562
1317,583
1317,928
1318,220
1318,453
1318,471
1318,499
1319,379
1319,711
1319,757
1319,814
1319,828
1319,862
1320,352
1320,379
1320,613
1320,626
1320,711
1320,928
1321,2
1321,55
1321,418
1321,613
1321,711
1321,807
1321,858
1321,949
1322,25
1322,531
1322,613
1322,619
1322,711
1323,112
1323,352
1323,379
1323,613
1323,626
1323,711
1323,928
1324,49
1324,146
1324,337
1324,685
1324,794
1324,951
1325,243
1325,387
1325,400
1325,525
1325,613
1325,654
1325,921
1326,30
1326,542
1326,554
1326,912
1327,401
1327,814
1328,184
1328,447
1328,613
1329,503
1329,529
1329,780
1329,863
1329,899
1330,292
1330,415
1330,569
1330,759
1330,840
1330,877
1331,55
1331,418
1331,670
1331,737
1332,68
1332,525
1332,814
1333,243
1333,246
1333,525
1333,807
1333,858
1334,243
1334,525
1334,870
1335,37
1335,140
1335,503
1335,863
1336,163
1336,658
1336,755
1337,245
1337,525
1337,709
1337,875
1337,876
1338,529
1338,741
1339,68
1339,88
1339,340
1339,814
1339,903
1340,352
1340,379
1340,447
1340,531
1340,613
1340,887
1341,163
1341,186
1341,198
1341,382
1341,476
1341,580
1341,928
1342,186
1342,220
1342,289
1342,327
1342,562
1343,135
1343,243
1343,527
1344,25
1344,197
1344,609
1344,613
1344,693
1344,814
1344,968
1345,243
1345,400
1345,525
1345,588
1345,613
1345,710
1346,256
1346,352
1346,379
1346,613
1346,621
1346,650
1346,660
1347,245
1347,525
1347,705
1347,876
1348,33
1348,231
1348,414
1348,430
1348,814
1348,858
1349,243
1349,280
1350,613
1350,944
1351,613
1352,337
1352,562
1352,685
1352,708
1353,474
1353,529
1353,658
1354,234
1354,240
1354,243
1354,858
1355,649
1355,814
1356,210
1356,396
1356,466
1356,757
1356,814
1356,817
1356,862
1357,30
1357,175
1357,313
1357,352
1357,358
1357,379
1357,613
1357,906
1358,220
1358,289
1358,327
1358,499
1358,562
1359,146
1359,220
1359,499
1359,805
1359,951
1360,33
1360,414
1360,430
1360,693
1360,814
1361,33
1361,336
1361,414
1361,506
1361,814
1362,33
1362,160
1362,414
1362,430
1362,814
1362,923
1363,33
1363,289
1363,414
1363,499
1363,609
1363,814
1363,837
1364,33
1364,60
1364,299
1364,546
1365,401
1365,613
1365,814
1366,82
1366,387
1366,527
1366,711
1367,36
1367,301
1367,337
1367,562
1367,645
1368,330
1368,474
1368,529
1369,212
1369,352
1369,379
1369,587
1369,613
1370,621
1370,755
1370,876
1371,160
1371,446
1371,525
1371,705
1371,814
1371,923
1372,438
1372,525
1372,762
1372,862
1372,876
1373,352
1373,379
1373,613
1374,88
1374,335
1374,814
1375,184
1375,225
1375,613
1376,144
1376,527
1376,655
1376,693
1376,757
1376,786
1376,814
1376,862
1377,786
1377,814
1378,163
1378,186
1378,546
1378,755
1378,960
1379,200
1379,217
1379,352
1379,379
1379,613
1379,626
1379,904
1379,928
1379,981
1380,49
1380,289
1380,301
1380,583
1380,777
1380,837
1381,186
1381,741
1382,163
1382,438
1382,546
1382,684
1382,738
1382,755
1382,762
1382,960
1383,68
1383,200
1383,217
1383,710
1383,756
1383,814
1383,923
1384,128
1384,814
1385,68
1385,128
1385,693
1385,814
1385,903
1386,37
1386,503
1386,743
1386,780
1386,899
1387,30
1387,55
1387,114
1387,182
1387,210
1387,227
1387,387
1387,418
1387,466
1387,525
1387,531
1387,554
1387,757
1387,814
1387,817
1387,862
1388,24
1388,290
1388,309
1388,462
1388,757
1388,814
1389,48
1389,155
1389,352
1389,379
1389,531
1389,613
1390,163
1390,186
1390,272
1390,299
1390,326
1391,474
1391,529
1392,16
1392,321
1392,352
1392,379
1392,396
1392,613
1393,525
1393,709
1393,875
1393,876
1394,245
1394,525
1394,755
1394,876
1395,5
1395,77
1395,144
1395,161
1395,256
1395,304
1395,659
1395,757
1395,814
1396,443
1396,693
1396,814
1397,443
1397,527
1397,814
1398,25
1398,443
1398,613
1399,82
1399,443
1399,527
1399,814
1400,385
1400,443
1400,531
1400,814
1400,858
1401,68
1401,443
1401,814
1402,430
1402,693
1402,814
1403,30
1403,313
1403,670
1404,30
1404,313
1404,670
1405,30
1405,313
1405,670
1406,30
1406,313
1406,670
1407,30
1407,313
1407,670
1408,30
1408,313
1408,670
1409,146
1409,289
1409,567
1409,771
1409,925
1410,25
1410,184
1410,613
1411,341
1411,741
1412,30
1412,55
1412,418
1412,554
1412,814
1413,10
1413,186
1413,198
1413,225
1413,252
1413,292
1413,453
1413,596
1413,759
1413,877
1413,928
1414,19
1414,49
1414,146
1414,186
1414,337
1414,380
1414,685
1415,337
1415,738
1415,741
1416,6
1416,453
1416,474
1416,529
1416,685
1417,37
1417,325
1417,503
1417,780
1417,803
1417,863
1418,163
1418,186
1418,235
1418,569
1418,709
1419,10
1419,186
1419,225
1419,252
1419,292
1419,596
1419,751
1419,759
1419,877
1420,82
1420,144
1420,193
1420,348
1420,483
1420,527
1420,757
1420,814
1420,862
1420,944
1421,82
1421,200
1421,527
1421,814
1421,927
1422,144
1422,185
1422,200
1422,217
1422,314
1422,379
1422,527
1422,757
1422,814
1422,828
1422,862
1422,904
1423,200
1423,217
1423,304
1423,613
1423,904
1424,83
1424,352
1424,379
1424,613
1425,2
1425,182
1425,340
1425,418
1425,531
1425,613
1425,949
1426,198
1426,245
1426,348
1426,476
1426,524
1426,580
1426,701
1426,755
1426,876
1426,928
1427,144
1427,525
1427,527
1427,531
1427,757
1427,814
1427,862
1428,82
1428,212
1428,243
1428,246
1428,262
1428,387
1428,527
1428,535
1428,587
1428,821
1429,30
1429,63
1429,130
1429,200
1429,227
1429,304
1429,656
1429,862
1429,912
1429,927
1430,144
1430,200
1430,387
1430,527
1430,779
1430,862
1431,88
1431,613
1431,756
1432,68
1432,701
1432,814
1432,928
1433,68
1433,144
1433,173
1433,396
1433,527
1433,862
1434,30
1434,48
1434,227
1434,757
1434,814
1434,862
1434,888
1434,981
1435,236
1435,453
1435,529
1435,983
1436,877
1437,352
1437,354
1437,613
1438,24
1438,613
1438,852
1439,2
1439,110
1439,315
1439,613
1439,983
1440,151
1440,186
1440,741
1441,301
1441,327
1441,741
1441,899
1441,951
1442,36
1442,146
1442,301
1442,337
1442,567
1443,36
1443,301
1443,337
1443,567
1444,379
1444,435
1444,814
1444,828
1445,284
1445,352
1445,379
1445,435
1445,613
1446,68
1446,435
1446,710
1446,814
1447,435
1447,710
1447,814
1448,435
1448,531
1448,693
1448,814
1448,817
1449,418
1449,435
1449,858
1450,68
1450,82
1450,525
1450,527
1450,817
1451,131
1451,340
1451,352
1451,379
1451,613
1451,928
1452,435
1452,814
1453,144
1453,525
1453,527
1454,76
1454,606
1454,698
1454,786
1454,814
1454,928
1455,340
1455,814
1455,928
1456,2
1456,55
1456,137
1456,182
1456,240
1456,418
1456,613
1456,858
1456,906
1456,949
1456,983
1457,49
1457,146
1457,150
1457,337
1457,372
1457,951
1458,337
1458,658
1458,741
1459,2
1459,114
1459,256
1459,293
1459,363
1459,418
1459,606
1459,613
1459,621
1459,650
1459,814
1459,823
1460,693
1460,711
1460,814
1461,25
1461,162
1461,243
1461,400
1461,525
1461,613
1461,710
1461,826
1461,870
1462,4
1462,37
1462,150
1462,325
1462,503
1462,685
1462,863
1463,360
1463,453
1463,529
1463,741
1463,928
1464,30
1464,137
1464,554
1464,711
1464,858
1465,30
1465,531
1465,554
1465,619
1465,711
1465,760
1465,814
1465,817
1465,931
1466,418
1466,711
1466,949
1467,25
1467,613
1467,711
1467,814
1468,30
1468,531
1468,554
1468,619
1468,711
1468,760
1468,807
1468,858
1469,372
1469,385
1469,531
1469,619
1469,711
1469,814
1469,858
1469,931
1470,25
1470,613
1470,693
1470,711
1470,814
1471,418
1471,711
1471,814
1472,200
1472,211
1472,293
1472,352
1472,379
1472,606
1472,613
1472,814
1472,828
1473,200
1473,211
1473,293
1473,606
1473,613
1473,693
1473,814
1474,83
1474,240
1474,313
1474,418
1474,858
1474,949
1475,21
1475,144
1475,212
1475,475
1475,527
1475,587
1475,606
1475,757
1475,814
1475,862
1476,198
1476,256
1476,293
1476,572
1476,613
1476,928
1477,200
1477,211
1477,314
1477,379
1477,606
1477,757
1477,814
1477,828
1477,862
1478,55
1478,114
1478,200
1478,418
1478,606
1478,814
1478,903
1479,200
1479,211
1479,293
1479,426
1479,606
1479,613
1479,807
1479,814
1479,858
1480,396
1480,606
1480,814
1480,903
1481,10
1481,186
1481,225
1481,252
1481,292
1481,415
1481,565
1481,603
1481,759
1481,877
1482,60
1482,525
1482,790
1483,22
1483,88
1483,200
1483,211
1483,531
1483,606
1483,814
1484,5
1484,21
1484,200
1484,211
1484,304
1484,387
1484,527
1484,566
1484,606
1484,659
1484,814
1485,49
1485,146
1485,337
1485,567
1486,443
1486,613
1487,68
1487,443
1487,693
1487,814
1488,68
1488,443
1488,814
1489,352
1489,379
1489,443
1489,613
1490,379
1490,443
1490,814
1490,828
1491,25
1491,30
1491,151
1491,227
1491,443
1491,502
1491,613
1491,862
1491,906
1492,30
1492,68
1492,243
1493,25
1493,68
1493,443
1493,613
1493,814
1494,151
1494,443
1494,814
1495,30
1495,227
1495,396
1495,475
1495,862
1495,912
1496,68
1496,443
1496,814
1497,254
1497,443
1497,527
1497,814
1498,25
1498,68
1498,200
1498,217
1498,240
1498,293
1498,372
1498,385
1498,426
1498,606
1498,613
1498,807
1498,814
1498,858
1499,48
1499,68
1499,118
1499,527
1499,814
1499,888
1500,337
1500,567
1500,738
1501,36
1501,301
1501,337
1501,562
1502,501
1502,709
1502,786
1502,875
1502,876
1503,60
1503,299
1503,401
1503,790
1504,41
1504,606
1504,756
1504,814
1504,923
1505,379
1505,531
1505,814
1505,828
1506,69
1506,453
1506,471
1506,741
1506,925
1507,30
1507,340
1507,554
1507,806
1507,912
1508,272
1508,326
1508,531
1508,704
1508,784
1508,876
1508,944
1509,234
1509,387
1509,527
1509,531
1509,814
1510,243
1510,527
1510,826
1511,141
1511,814
1511,962
1512,59
1512,68
1512,531
1512,613
1512,693
1512,710
1512,756
1512,814
1512,923
1513,289
1513,339
1513,782
1514,289
1514,339
1515,289
1515,339
1515,453
1515,782
1516,72
1516,325
1516,577
1516,670
1516,858
1517,289
1517,339
1517,837
1517,934
1518,474
1518,529
1518,827
1518,983
1519,289
1519,339
1520,68
1520,243
1520,527
1521,68
1521,693
1521,814
1522,352
1522,354
1522,600
1522,613
1523,354
1523,609
1523,909
1524,430
1524,600
1524,814
1524,868
1525,108
1525,288
1525,354
1525,430
1525,600
1525,609
1525,814
1525,828
1525,985
1526,600
1526,613
1526,693
1526,814
1527,81
1527,222
1527,736
1527,893
1528,240
1528,287
1528,385
1528,396
1528,858
1529,218
1529,337
1529,685
1529,988
1530,49
1530,146
1530,218
1530,988
1531,49
1531,146
1531,218
1531,685
1531,988
1532,81
1532,222
1532,609
1532,909
1533,311
1533,418
1533,670
1534,311
1534,418
1534,670
1535,6
1535,146
1535,218
1535,988
1536,146
1536,218
1536,988
1537,613
1537,814
1537,909
1538,30
1538,457
1538,531
1538,807
1538,853
1538,858
1538,897
1539,379
1539,387
1539,670
1539,814
1539,828
1540,495
1540,619
1540,670
1540,814
1541,531
1541,670
1541,814
1542,343
1542,591
1542,670
1542,710
1542,814
1543,379
1543,531
1543,670
1543,814
1543,828
1544,476
1544,670
1544,876
1544,928
1545,814
1545,987
1546,60
1546,235
1546,299
1546,600
1546,928
1547,354
1547,600
1548,495
1548,531
1548,619
1548,670
1548,693
1548,814
1548,817
1549,352
1549,354
1549,613
1549,909
1550,613
1550,670
1550,807
1550,814
1550,858
1551,670
1551,814
1552,25
1552,613
1552,670
1552,814
1553,670
1553,814
1554,288
1554,354
1554,430
1554,492
1554,693
1554,814
1554,828
1554,853
1555,336
1555,352
1555,354
1555,492
1555,600
1555,609
1555,613
1556,600
1556,613
1556,814
1557,354
1557,600
1557,814
1557,828
1558,387
1558,600
1558,814
1559,495
1559,619
1559,670
1559,814
1560,527
1560,670
1560,814
1561,600
1561,609
1561,613
1561,693
1561,814
1562,387
1562,531
1562,670
1562,814
1563,73
1563,337
1563,562
1563,687
1564,73
1564,188
1564,337
1564,687
1564,808
1565,140
1565,328
1565,503
1566,352
1566,354
1566,600
1566,613
1567,146
1567,337
1567,782
1567,926
1568,165
1568,319
1568,503
1568,529
1568,802
1569,613
1569,814
1569,909
1570,77
1570,144
1570,462
1570,600
1570,868
1571,25
1571,108
1571,352
1571,354
1571,600
1571,613
1571,814
1571,828
1571,985
1572,124
1572,337
1572,562
1572,685
1573,124
1573,146
1573,337
1574,352
1574,354
1574,444
1574,613
1575,124
1575,146
1575,380
1576,124
1576,337
1576,685
1576,741
1577,69
1577,124
1577,327
1577,645
1577,741
1578,135
1578,359
1578,613
1579,352
1579,354
1579,613
1579,909
1580,68
1580,128
1580,606
1580,814
1581,81
1581,222
1581,609
1581,893
1581,909
1582,385
1582,736
1582,814
1582,858
1583,135
1583,359
1583,613
1584,290
1584,525
1584,814
1585,30
1585,227
1585,462
1585,502
1585,600
1585,613
1585,906
1585,921
1586,336
1586,352
1586,354
1586,609
1586,613
1586,909
1587,68
1587,385
1587,814
1587,858
1588,82
1588,144
1588,527
1588,531
1588,862
1589,2
1589,55
1589,418
1589,613
1590,55
1590,418
1590,949
1591,186
1591,337
1591,372
1591,562
1591,685
1591,951
1592,29
1592,68
1592,446
1592,525
1592,531
1592,705
1592,814
1593,220
1593,471
1593,499
1593,842
1594,190
1595,21
1595,25
1595,77
1595,115
1595,293
1595,430
1595,613
1596,25
1596,184
1596,225
1596,293
1596,613
1596,691
1597,293
1597,606
1597,609
1597,613
1597,693
1597,814
1597,891
1598,210
1598,466
1598,814
1598,817
1599,68
1599,76
1599,293
1599,446
1599,606
1599,613
1599,705
1599,786
1599,814
1599,866
1600,293
1600,352
1600,379
1600,501
1600,606
1600,613
1600,786
1600,814
1600,828
1601,96
1601,101
1601,132
1601,146
1601,289
1601,567
1601,733
1601,837
1602,288
1602,352
1602,354
1602,363
1602,430
1602,525
1602,613
1603,68
1603,711
1603,756
1603,814
1604,814
1605,314
1605,379
1605,693
1605,814
1605,828
1605,944
1606,814
1606,944
1607,531
1607,814
1607,944
1608,379
1608,814
1608,828
1608,944
1609,49
1609,187
1609,337
1609,782
1610,10
1610,44
1610,163
1610,186
1610,225
1610,252
1610,292
1610,415
1610,751
1610,755
1610,759
1610,877
1611,198
1611,476
1611,579
1611,580
1611,592
1611,876
1611,928
1612,68
1612,83
1612,88
1612,379
1612,606
1612,700
1612,814
1612,828
1612,962
1613,447
1613,613
1613,887
1614,88
1614,531
1614,811
1614,814
1614,887
1615,25
1615,502
1615,613
1615,757
1615,814
1615,862
1616,182
1616,360
1616,418
1616,626
1616,928
1617,68
1617,613
1617,814
1618,613
1618,710
1618,814
1619,396
1619,531
1619,613
1619,814
1620,30
1620,430
1620,507
1620,912
1621,48
1621,235
1621,245
1621,466
1621,876
1622,48
1622,88
1622,210
1622,466
1622,615
1622,814
1622,888
1623,340
1623,539
1623,693
1623,757
1623,814
1623,862
1624,48
1624,68
1624,88
1624,118
1624,144
1624,210
1624,466
1624,527
1624,757
1624,814
1624,862
1624,888
1625,30
1625,227
1625,531
1625,619
1625,757
1625,760
1625,814
1625,862
1625,931
1625,981
1626,453
1626,529
1626,685
1627,25
1627,184
1627,186
1627,220
1627,225
1627,613
1627,972
1628,2
1628,330
1628,418
1628,525
1628,531
1628,613
1629,135
1629,297
1629,348
1629,405
1629,483
1629,606
1629,704
1629,784
1629,814
1629,864
1630,234
1630,330
1630,418
1631,220
1631,499
1631,596
1631,751
1631,877
1632,220
1632,499
1632,596
1632,751
1632,877
1633,88
1633,131
1633,379
1633,814
1633,817
1633,828
1634,2
1634,182
1634,363
1634,418
1634,525
1634,613
1634,984
1635,12
1635,197
1635,284
1635,293
1635,352
1635,354
1635,613
1636,243
1636,294
1636,399
1636,400
1636,613
1636,626
1636,691
1636,928
1637,30
1637,63
1637,227
1637,501
1637,656
1637,786
1637,791
1637,862
1638,163
1638,438
1638,658
1638,762
1639,87
1639,337
1639,741
1639,958
1640,5
1640,21
1640,144
1640,193
1640,304
1640,348
1640,387
1640,527
1640,531
1640,566
1640,862
1640,944
1641,6
1641,186
1641,337
1642,343
1642,506
1642,525
1642,531
1642,693
1642,710
1642,814
1643,128
1643,613
1644,21
1644,243
1644,246
1644,262
1644,387
1644,445
1644,527
1644,821
1644,881
1645,23
1645,140
1645,319
1645,503
1645,663
1645,732
1646,525
1646,646
1646,807
1646,858
1646,876
1647,337
1647,508
1647,661
1647,717
1647,960
1648,272
1648,326
1648,340
1648,784
1648,876
1649,10
1649,186
1649,225
1649,252
1649,292
1649,415
1649,565
1649,759
1649,877
1650,109
1650,197
1650,288
1650,354
1650,430
1650,606
1650,814
1650,828
1650,968
1651,236
1651,453
1651,529
1652,606
1652,693
1652,814
1652,891
1653,24
1653,352
1653,354
1653,613
1653,852
1654,24
1654,814
1654,852
1655,24
1655,309
1655,693
1655,814
1656,41
1656,352
1656,379
1656,613
1657,48
1657,112
1657,155
1657,175
1657,314
1657,613
1657,814
1657,888
1658,88
1658,340
1658,527
1659,151
1659,186
1659,330
1659,471
1659,741
1660,330
1660,474
1660,529
1660,741
1660,926
1661,5
1661,21
1661,144
1661,200
1661,217
1661,304
1661,527
1661,531
1661,606
1661,659
1661,757
1661,814
1661,862
1661,904
1661,913
1661,981
1662,206
1662,222
1662,256
1662,337
1662,380
1662,430
1662,535
1662,575
1662,661
1662,893
1662,973
1663,2
1663,30
1663,40
1663,227
1663,387
1663,418
1663,475
1663,502
1663,525
1663,613
1663,862
1663,906
1664,33
1664,60
1664,438
1664,462
1664,762
1664,833
1665,33
1665,60
1665,438
1665,462
1665,762
1665,833
1666,146
1666,337
1666,738
1666,951
1667,256
1667,374
1667,572
1667,606
1667,693
1667,757
1667,814
1667,862
1668,245
1668,525
1668,755
1668,756
1668,772
1668,876
1669,30
1669,457
1669,525
1669,629
1669,858
1670,48
1670,155
1670,531
1670,613
1670,693
1670,814
1670,888
1671,48
1671,245
1671,876
1672,48
1672,118
1672,144
1672,527
1672,757
1672,814
1672,862
1672,888
1672,981
1673,36
1673,49
1673,243
1673,246
1673,301
1673,380
1673,435
1673,821
1674,212
1674,293
1674,475
1674,502
1674,587
1674,613
1674,862
1675,144
1675,387
1675,527
1675,693
1675,711
1675,757
1675,814
1675,862
1676,25
1676,88
1676,112
1676,314
1676,613
1676,693
1676,814
1677,613
1677,711
1677,814
1678,243
1678,246
1678,531
1678,807
1678,858
1678,870
1679,68
1679,88
1679,435
1679,693
1679,814
1679,817
1680,435
1680,693
1680,814
1681,144
1681,435
1681,527
1682,88
1682,435
1682,693
1682,814
1682,817
1683,435
1683,531
1683,693
1683,814
1684,30
1684,435
1684,613
1684,701
1684,906
1684,928
1685,30
1685,243
1685,435
1686,82
1686,525
1686,527
1687,340
1687,352
1687,379
1687,613
1687,756
1687,814
1687,828
1688,2
1688,182
1688,200
1688,217
1688,330
1688,418
1688,613
1688,906
1689,163
1689,186
1689,569
1689,709
1690,10
1690,186
1690,225
1690,252
1690,292
1690,759
1690,877
1691,76
1691,293
1691,352
1691,379
1691,606
1691,613
1691,786
1691,814
1691,828
1692,596
1692,738
1692,877
1693,499
1693,596
1693,877
1694,293
1694,446
1694,606
1694,613
1694,693
1694,705
1694,814
1694,866
1694,891
1695,182
1695,236
1695,330
1695,340
1695,418
1695,531
1695,983
1696,174
1696,396
1696,814
1697,30
1697,109
1697,197
1697,606
1697,615
1697,693
1697,749
1697,791
1697,814
1697,968
1698,29
1698,430
1698,446
1698,525
1698,705
1698,814
1699,220
1699,330
1699,474
1699,529
1699,583
1700,220
1700,289
1700,499
1700,768
1700,782
1701,220
1701,255
1701,289
1701,567
1701,768
1701,808
1701,925
1702,78
1702,146
1703,128
1703,613
1704,30
1704,63
1704,227
1704,240
1704,457
1704,525
1704,656
1704,750
1704,858
1704,862
1704,912
1705,2
1705,137
1705,182
1705,240
1705,330
1705,418
1705,525
1705,613
1705,858
1705,906
1705,949
1706,10
1706,186
1706,225
1706,252
1706,292
1706,415
1706,759
1706,877
1707,36
1707,330
1707,474
1707,529
1708,184
1708,201
1708,225
1708,613
1709,324
1709,613
1710,69
1710,453
1710,471
1710,741
1710,925
1711,596
1711,877
1712,289
1712,782
1712,969
1713,146
1713,687
1714,23
1714,328
1714,388
1714,407
1714,503
1715,30
1715,488
1715,670
1715,814
1715,912
1716,73
1716,146
1716,337
1716,687
1716,782
1717,670
1717,814
1717,928
1718,144
1718,527
1718,531
1718,670
1718,757
1718,814
1719,495
1719,531
1719,619
1719,670
1719,814
1720,476
1720,670
1720,876
1720,928
1721,495
1721,619
1721,670
1721,814
1722,82
1722,144
1722,351
1722,525
1722,527
1722,678
1722,693
1722,757
1722,814
1722,862
1723,337
1723,782
1723,960
1724,236
1724,330
1724,360
1724,474
1724,529
1725,42
1725,363
1725,525
1725,613
1725,710
1726,6
1726,163
1726,186
1726,251
1726,453
1726,569
1726,709
1726,875
1727,10
1727,198
1727,225
1727,252
1727,292
1727,453
1727,596
1727,738
1727,759
1727,877
1727,928
1728,182
1728,234
1728,236
1728,330
1728,418
1728,531
1729,613
1729,814
1729,909
1730,613
1730,814
1730,909
1731,354
1731,814
1731,828
1731,909
1732,354
1732,609
1732,814
1732,828
1732,909
1733,613
1733,814
1733,909
1734,354
1734,814
1734,828
1734,909
1735,2
1735,294
1735,399
1735,418
1735,613
1735,691
1735,921
1735,928
1736,525
1736,709
1736,875
1736,876
1737,76
1737,606
1737,693
1737,786
1737,814
1738,60
1738,168
1738,198
1738,245
1738,256
1738,476
1738,520
1738,928
1739,41
1739,379
1739,814
1739,828
1740,243
1740,246
1740,262
1740,527
1740,531
1741,48
1741,155
1741,613
1742,48
1742,118
1742,144
1742,527
1742,757
1742,814
1742,862
1742,888
1743,604
1743,613
1743,619
1743,711
1743,814
1743,931
1744,604
1744,613
1744,619
1744,626
1744,711
1744,928
1745,60
1745,245
1745,272
1745,326
1745,348
1745,405
1745,524
1745,704
1745,784
1746,163
1746,223
1746,438
1746,524
1746,762
1747,24
1747,309
1747,354
1747,626
1747,814
1747,828
1747,928
1748,21
1748,82
1748,286
1748,387
1748,527
1748,786
1749,2
1749,315
1749,363
1749,525
1749,613
1749,906
1750,25
1750,184
1750,201
1750,225
1750,613
1751,78
1751,163
1751,207
1751,299
1751,377
1751,569
1751,790
1752,30
1752,430
1752,507
1752,532
1752,554
1752,613
1752,627
1752,814
1753,288
1753,352
1753,354
1753,430
1753,609
1753,613
1754,59
1754,68
1754,352
1754,379
1754,613
1754,639
1754,700
1754,756
1754,814
1754,828
1754,923
1755,243
1755,396
1756,16
1756,396
1756,613
1757,418
1757,983
1758,30
1758,227
1758,862
1758,912
1759,163
1759,186
1759,755
1760,69
1760,337
1760,493
1761,6
1761,337
1761,685
1761,817
1761,824
1761,960
1762,25
1762,435
1762,613
1763,337
1763,562
1763,685
1763,817
1763,824
1764,144
1764,435
1764,527
1764,531
1765,30
1765,435
1765,749
1765,752
1765,817
1766,163
1766,186
1766,569
1766,709
1767,418
1767,531
1767,670
1767,814
1768,30
1768,37
1768,72
1768,140
1768,287
1768,457
1768,517
1768,670
1768,858
1768,863
1769,670
1769,814
1770,379
1770,531
1770,670
1770,814
1770,817
1770,828
1771,25
1771,387
1771,502
1771,525
1771,613
1771,757
1771,814
1771,862
1772,42
1772,373
1772,379
1772,591
1772,670
1772,710
1772,732
1773,25
1773,352
1773,354
1773,600
1773,613
1774,600
1774,613
1774,814
1775,315
1775,600
1775,693
1775,814
1776,600
1776,613
1776,814
1777,288
1777,354
1777,430
1777,600
1777,814
1777,828
1778,600
1778,613
1779,297
1779,430
1779,532
1779,600
1779,613
1779,627
1779,814
1780,600
1780,613
1780,814
1781,297
1781,600
1781,627
1781,814
1782,289
1782,303
1783,25
1783,288
1783,352
1783,354
1783,430
1783,600
1783,613
1784,430
1784,600
1784,693
1784,814
1785,600
1785,613
1785,921
1786,231
1786,430
1786,600
1786,814
1786,858
1786,928
1787,60
1787,299
1787,600
1787,751
1787,814
1788,25
1788,81
1788,89
1788,222
1788,600
1788,613
1789,430
1789,600
1789,613
1789,814
1790,288
1790,352
1790,354
1790,430
1790,600
1790,613
1791,2
1791,315
1791,600
1791,613
1792,222
1792,600
1793,222
1793,600
1793,609
1794,600
1794,613
1794,626
1794,814
1794,921
1794,928
1795,430
1795,600
1795,814
1796,336
1796,600
1796,814
1797,288
1797,352
1797,354
1797,430
1797,600
1797,613
1798,600
1798,626
1798,814
1798,928
1799,600
1799,613
1800,352
1800,354
1800,445
1800,613
1800,626
1800,928
1801,352
1801,354
1801,600
1801,613
1802,600
1802,814
1803,352
1803,379
1803,600
1803,613
1804,352
1804,379
1804,600
1804,613
1804,814
1804,828
1804,921
1805,135
1805,352
1805,359
1805,379
1805,613
1805,715
1806,525
1806,531
1806,693
1806,814
1807,27
1807,306
1807,390
1807,613
1807,843
1807,961
1808,30
1808,227
1808,502
1808,613
1808,862
1808,906
1808,981
1809,27
1809,306
1809,317
1809,352
1809,379
1809,390
1809,613
1809,822
1809,843
1809,961
1810,531
1810,693
1810,814
1810,887
1811,2
1811,363
1811,418
1811,613
1811,983
1812,613
1813,415
1813,453
1813,499
1813,751
1813,877
1814,499
1814,846
1814,877
1815,77
1815,430
1815,506
1815,638
1815,814
1815,817
1816,16
1816,396
1816,613
1817,315
1817,609
1818,30
1818,227
1818,757
1818,814
1818,862
1819,131
1819,352
1819,379
1819,604
1819,613
1819,619
1819,626
1819,711
1819,814
1819,828
1819,928
1819,931
1820,613
1820,711
1821,387
1821,513
1821,814
1822,613
1823,77
1823,222
1823,256
1823,973
1824,430
1824,736
1824,814
1824,928
1825,81
1825,222
1825,736
1825,893
1826,124
1826,146
1827,243
1827,246
1827,525
1828,30
1828,227
1828,502
1828,525
1828,613
1828,752
1828,849
1828,862
1828,906
1828,912
1829,124
1829,337
1829,562
1829,685
1830,30
1830,457
1830,858
1831,48
1831,68
1831,814
1831,888
1832,256
1832,606
1832,767
1832,814
1833,256
1833,613
1833,650
1833,973
1834,315
1834,330
1834,525
1834,949
1835,236
1835,529
1835,658
1835,741
1836,529
1836,926
1837,49
1837,69
1837,337
1837,453
1837,567
1837,658
1837,808
1838,5
1838,21
1838,144
1838,200
1838,217
1838,304
1838,387
1838,527
1838,566
1838,606
1838,659
1838,693
1838,757
1838,814
1838,862
1838,904
1839,37
1839,186
1839,199
1839,330
1839,453
1839,503
1839,517
1839,863
1840,128
1840,814
1841,144
1841,340
1841,527
1841,757
1841,814
1841,862
1842,25
1842,197
1842,293
1842,329
1842,363
1842,430
1842,606
1842,613
1842,814
1843,60
1843,438
1844,10
1844,225
1844,252
1844,292
1844,315
1844,363
1844,525
1844,596
1844,751
1844,759
1844,877
1845,24
1845,284
1845,293
1845,352
1845,354
1845,613
1845,852
1846,245
1846,525
1846,876
1847,42
1847,591
1847,670
1847,814
1848,25
1848,613
1848,670
1848,814
1849,88
1849,531
1849,670
1849,814
1850,527
1850,531
1850,670
1850,814
1851,24
1851,231
1851,309
1851,613
1851,858
1852,48
1852,814
1852,888
1853,48
1853,82
1853,118
1853,527
1853,531
1853,814
1853,888
1854,48
1854,155
1854,502
1854,613
1854,862
1854,981
1855,48
1855,88
1855,210
1855,297
1855,466
1855,784
1855,814
1855,888
1856,2
1856,392
1856,418
1856,531
1856,613
1856,814
1857,21
1857,144
1857,527
1857,606
1857,757
1857,786
1857,814
1857,862
1858,68
1858,256
1858,606
1858,814
1858,963
1858,980
1859,76
1859,293
1859,352
1859,379
1859,613
1859,786
1860,33
1860,318
1860,324
1860,613
1860,877
1861,289
1861,616
1862,336
1862,430
1862,613
1862,814
1863,24
1863,814
1863,852
1864,68
1864,200
1864,217
1864,606
1864,814
1865,30
1865,313
1865,426
1865,457
1865,554
1865,656
1865,749
1865,791
1865,807
1865,853
1865,858
1865,881
1865,989
1866,108
1866,354
1866,416
1866,606
1866,609
1866,814
1866,828
1866,851
1866,985
1867,2
1867,55
1867,182
1867,315
1867,330
1867,525
1867,613
1868,5
1868,21
1868,82
1868,144
1868,193
1868,304
1868,348
1868,387
1868,527
1868,531
1868,566
1868,862
1868,944
1869,2
1869,182
1869,330
1869,418
1869,525
1869,531
1869,613
1869,949
1870,10
1870,150
1870,198
1870,225
1870,252
1870,292
1870,453
1870,596
1870,759
1870,877
1870,928
1871,42
1871,131
1871,352
1871,363
1871,373
1871,379
1871,525
1871,531
1871,613
1871,710
1871,732
1872,24
1872,814
1872,852
1873,76
1873,606
1873,693
1873,757
1873,786
1873,814
1873,862
1874,25
1874,128
1874,475
1874,502
1874,613
1874,862
1874,981
1875,30
1875,227
1875,375
1875,430
1875,507
1876,2
1876,330
1876,418
1876,435
1876,613
1876,921
1876,984
1877,25
1877,375
1877,525
1877,613
1878,168
1878,207
1878,245
1878,294
1878,399
1878,476
1878,876
1878,928
1879,60
1879,198
1879,382
1879,415
1879,928
1880,68
1880,711
1880,756
1880,814
1881,10
1881,163
1881,225
1881,252
1881,292
1881,759
1881,846
1881,877
1881,970
1882,30
1882,166
1882,606
1882,653
1882,693
1882,791
1882,814
1882,881
1882,897
1883,163
1883,186
1883,438
1883,762
1884,294
1884,352
1884,379
1884,613
1884,691
1885,68
1885,294
1885,531
1885,814
1885,963
1886,501
1886,606
1886,786
1886,814
1887,44
1887,163
1887,415
1887,661
1887,751
1887,755
1888,6
1888,49
1888,337
1888,567
1888,658
1888,685
1888,817
1889,37
1889,177
1889,503
1890,140
1890,503
1890,577
1890,928
1891,379
1891,531
1891,670
1891,814
1891,828
1892,210
1892,314
1892,693
1892,814
1892,887
1893,30
1893,554
1893,784
1893,912
1894,474
1894,529
1894,685
1895,88
1895,151
1895,396
1895,606
1895,693
1895,814
1896,30
1896,227
1896,853
1896,897
1896,912
1897,290
1897,814
1898,48
1898,814
1898,888
1898,928
1899,48
1899,379
1899,814
1899,828
1899,888
1900,525
1900,776
1900,876
1901,78
1901,101
1901,146
1901,255
1901,289
1901,377
1901,768
1901,808
1902,289
1902,768
1902,771
1902,777
1902,808
1902,837
1902,925
1903,379
1903,435
1903,710
1903,756
1903,814
1903,828
1904,340
1904,693
1904,814
1905,24
1905,315
1905,814
1906,76
1906,293
1906,475
1906,502
1906,613
1906,786
1906,862
1907,68
1907,88
1907,475
1907,757
1907,814
1907,862
1908,88
1908,811
1908,814
1908,887
1909,67
1909,232
1909,293
1909,348
1909,352
1909,354
1909,613
1909,672
1909,834
1909,850
1909,891
1909,985
1910,88
1910,693
1910,814
1911,2
1911,418
1911,531
1911,613
1911,814
1912,10
1912,186
1912,225
1912,252
1912,292
1912,759
1912,846
1912,877
1913,82
1913,525
1913,527
1914,476
1914,579
1914,876
1914,928
1915,68
1915,613
1916,499
1916,596
1916,877
1917,415
1917,499
1917,603
1917,877
1918,135
1918,293
1918,348
1918,359
1918,613
1918,834
1919,49
1919,146
1919,575
1919,661
1920,10
1920,186
1920,225
1920,252
1920,292
1920,415
1920,603
1920,759
1920,877
1921,352
1921,354
1921,613
1922,36
1922,301
1922,327
1922,337
1922,562
1922,741
1923,68
1923,88
1923,531
1923,814
1923,944
1924,37
1924,503
1924,863
1925,23
1925,140
1925,328
1925,407
1925,503
1926,144
1926,527
1926,531
1926,670
1926,757
1926,814
1927,524
1927,755
1927,876
1928,48
1928,118
1928,527
1928,814
1928,888
1929,48
1929,709
1929,876
1930,330
1930,474
1930,529
1930,658
1930,741
1931,21
1931,76
1931,82
1931,262
1931,527
1931,606
1931,786
1931,814
1932,76
1932,379
1932,606
1932,786
1932,814
1932,828
1933,67
1933,184
1933,201
1933,225
1933,613
1934,198
1934,348
1934,476
1934,524
1934,580
1934,728
1934,755
1934,876
1934,928
1935,190
1936,30
1936,749
1937,2
1937,418
1937,613
1937,711
1938,88
1938,314
1938,711
1938,814
1939,2
1939,137
1939,418
1939,613
1939,858
1939,887
1940,135
1940,359
1940,531
1940,613
1941,135
1941,359
1941,613
1942,222
1942,430
1942,609
1942,805
1942,858
1943,352
1943,354
1943,444
1943,613
1943,855
1944,30
1944,231
1944,313
1944,444
1944,457
1944,554
1944,613
1944,778
1944,855
1944,858
1944,906
1945,289
1945,303
1945,771
1945,837
1946,289
1946,303
1946,562
1946,837
1947,289
1947,303
1947,562
1947,837
1948,289
1948,303
1948,562
1948,771
1948,837
1949,301
1949,583
1949,928
1950,354
1950,444
1950,551
1950,814
1950,828
1951,444
1951,462
1951,502
1951,551
1951,613
1951,757
1951,814
1951,855
1951,921
1952,77
1952,144
1952,231
1952,387
1952,444
1952,462
1952,551
1952,757
1952,814
1952,817
1952,858
1953,30
1953,290
1953,313
1953,314
1953,444
1953,551
1953,615
1953,749
1953,778
1953,814
1953,817
1954,25
1954,89
1954,222
1954,444
1954,467
1954,613
1954,855
1954,921
1955,222
1955,444
1955,467
1955,893
1956,77
1956,144
1956,444
1956,462
1956,551
1956,757
1956,814
1957,444
1957,551
1957,814
1958,222
1958,336
1958,444
1958,467
1958,870
1959,25
1959,444
1959,613
1959,855
1959,921
1960,222
1960,354
1960,444
1960,467
1961,336
1961,354
1961,444
1961,551
1961,814
1961,828
1962,352
1962,354
1962,444
1962,613
1962,855
1963,77
1963,82
1963,444
1964,336
1964,352
1964,354
1964,444
1964,613
1964,855
1965,222
1965,354
1965,444
1965,467
1966,336
1966,352
1966,354
1966,444
1966,613
1966,855
1967,160
1967,336
1967,354
1967,444
1967,551
1967,814
1967,828
1968,60
1968,444
1968,551
1968,814
1969,30
1969,313
1969,336
1969,444
1969,551
1969,778
1969,814
1970,89
1970,222
1970,444
1970,467
1970,613
1970,855
1971,444
1971,551
1971,613
1971,814
1971,855
1972,77
1972,444
1972,613
1972,855
1973,68
1973,174
1973,396
1973,531
1973,814
1974,243
1974,387
1974,527
1974,870
1975,21
1975,48
1975,185
1975,193
1975,314
1975,348
1975,446
1975,483
1975,527
1975,606
1975,705
1975,814
1976,6
1976,330
1976,453
1976,474
1976,529
1976,685
1976,741
1977,10
1977,44
1977,163
1977,186
1977,225
1977,251
1977,252
1977,415
1977,453
1977,569
1977,709
1977,751
1977,875
1977,877
1978,30
1978,147
1978,525
1978,531
1978,554
1978,656
1978,705
1978,912
1979,60
1979,299
1979,525
1980,10
1980,19
1980,78
1980,225
1980,252
1980,292
1980,377
1980,415
1980,759
1980,846
1980,877
1981,613
1981,711
1982,220
1982,474
1982,529
1982,969
1983,354
1983,444
1983,551
1983,814
1983,828
1984,77
1984,81
1984,222
1984,276
1984,444
1984,467
1985,55
1985,114
1985,315
1985,525
1985,609
1985,693
1985,814
1985,817
1986,430
1986,693
1986,814
1986,909
1987,212
1987,293
1987,502
1987,587
1987,613
1987,631
1987,862
1988,76
1988,112
1988,293
1988,613
1988,786
1989,501
1989,506
1989,606
1989,786
1989,814
1990,4
1990,503
1990,577
1990,685
1990,780
1991,272
1991,326
1991,784
1991,876
1992,33
1992,315
1993,48
1993,68
1993,814
1993,888
1994,36
1994,301
1994,327
1994,337
1994,562
1994,741
1995,82
1995,144
1995,254
1995,527
1995,711
1995,757
1995,814
1995,862
1996,337
1996,782
1996,960
1996,970
1997,245
1997,525
1997,705
1997,755
1997,756
1997,772
1997,876
1998,502
1998,613
1998,711
1998,862
1999,25
1999,184
1999,201
1999,225
1999,613
2000,272
2000,326
2000,563
2000,784
2000,876
2001,352
2001,379
2001,443
2001,613
2001,626
2001,928
2002,243
2002,246
2003,613
2003,711
2003,814
2004,68
2004,379
2004,385
2004,700
2004,814
2004,828
2004,858
2005,387
2005,649
2005,814
2006,25
2006,135
2006,359
2006,613
2007,135
2007,379
2007,715
2007,814
2007,828
2007,864
2008,135
2008,359
2008,613
2009,135
2009,359
2009,613
2010,135
2010,359
2010,613
2011,135
2011,144
2011,300
2011,527
2011,757
2011,814
2011,862
2011,864
2011,981
2012,135
2012,359
2012,613
2012,984
2013,135
2013,359
2013,613
2014,69
2014,124
2014,337
2014,808
2015,77
2015,144
2015,609
2015,757
2015,814
2015,945
2016,48
2016,379
2016,757
2016,814
2016,828
2016,862
2016,888
2017,124
2017,327
2017,337
2017,562
2017,741
2018,68
2018,200
2018,217
2018,297
2018,405
2018,606
2018,693
2018,704
2018,784
2018,814
2018,904
2019,30
2019,227
2019,670
2019,757
2019,814
2020,352
2020,354
2020,444
2020,613
2020,855
2021,77
2021,231
2021,262
2021,336
2021,444
2021,551
2021,609
2021,814
2021,858
2022,2
2022,55
2022,114
2022,315
2022,525
2022,613
2022,814
2022,983
2023,76
2023,293
2023,462
2023,502
2023,613
2023,786
2024,49
2024,380
2024,687
2024,780
2025,21
2025,144
2025,527
2025,531
2025,606
2025,710
2025,757
2025,814
2026,10
2026,186
2026,225
2026,252
2026,292
2026,759
2026,877
2027,284
2027,352
2027,379
2027,525
2027,613
2027,631
2027,850
2028,337
2028,453
2028,529
2028,685
2029,88
2029,174
2029,210
2029,396
2029,814
2030,174
2030,321
2030,379
2030,396
2030,531
2030,814
2030,828
2031,128
2031,814
2032,128
2032,613
2033,293
2033,352
2033,379
2033,606
2033,613
2033,786
2033,814
2033,828
2033,850
2034,88
2034,340
2034,527
2034,531
2035,30
2035,206
2035,227
2035,531
2035,619
2035,760
2035,932
2035,981
2036,144
2036,527
2036,711
2036,862
2037,613
2037,711
2038,25
2038,67
2038,184
2038,201
2038,225
2038,293
2038,613
2038,691
2039,36
2039,301
2039,337
2039,562
2040,2
2040,360
2040,418
2040,525
2040,613
2040,983
2041,6
2041,49
2041,69
2041,186
2041,645
2041,827
2042,173
2042,387
2042,396
2042,527
2043,163
2043,453
2043,569
2043,709
2043,875
2043,970
2044,471
2044,741
2044,970
2045,741
2045,970
2046,352
2046,379
2046,392
2046,613
2047,83
2047,88
2047,363
2047,531
2047,606
2047,814
2048,573
2048,846
2048,877
2049,499
2049,877
2050,60
2050,242
2050,299
2051,222
2051,858
2051,900
2052,234
2052,527
2053,340
2053,387
2053,527
2053,531
2053,817
2054,16
2054,396
2054,613
2054,710
2055,379
2055,670
2055,807
2055,814
2055,828
2055,858
2056,140
2056,503
2056,577
2057,48
2057,68
2057,155
2057,613
2057,814
2057,888
2058,48
2058,118
2058,254
2058,527
2058,814
2058,888
2059,48
2059,757
2059,814
2059,862
2059,888
2060,25
2060,48
2060,155
2060,613
2060,814
2060,888
2061,48
2061,68
2061,814
2061,888
2062,48
2062,118
2062,379
2062,527
2062,750
2062,858
2063,613
2064,415
2064,499
2064,877
2065,220
2065,471
2065,499
2066,499
2066,596
2066,751
2066,877
2067,499
2067,596
2067,751
2067,877
2068,289
2068,499
2068,951
2069,42
2069,336
2069,525
2069,613
2070,60
2070,198
2070,401
2070,476
2070,928
2071,220
2071,223
2071,471
2072,293
2072,348
2072,352
2072,354
2072,359
2072,363
2072,536
2072,613
2072,672
2072,715
2072,834
2072,850
2073,114
2073,297
2073,315
2073,627
2073,814
2074,163
2074,438
2074,762
2074,925
2075,10
2075,19
2075,225
2075,252
2075,292
2075,415
2075,603
2075,759
2075,846
2075,877
2075,925
2076,289
2076,925
2077,60
2077,160
2077,245
2077,256
2077,320
2077,476
2077,580
2077,618
2077,928
2077,973
2078,222
2078,430
2078,826
2079,289
2079,430
2079,606
2079,814
2080,242
2080,348
2080,483
2080,606
2080,693
2080,814
2081,60
2081,299
2081,415
2081,536
2082,15
2082,30
2082,536
2082,912
2083,37
2083,62
2083,106
2083,258
2083,291
2083,503
2083,827
2084,30
2084,76
2084,426
2084,554
2084,606
2084,786
2084,791
2084,807
2084,814
2084,858
2085,77
2085,222
2085,276
2086,55
2086,68
2086,88
2086,392
2086,418
2086,693
2086,814
2087,24
2087,60
2087,299
2087,790
2087,852
2088,24
2088,309
2088,352
2088,354
2088,613
2089,76
2089,755
2089,786
2089,876
2090,68
2090,287
2090,525
2090,527
2090,693
2090,814
2091,311
2091,529
2091,802
2092,59
2092,160
2092,284
2092,288
2092,352
2092,354
2092,430
2092,492
2092,613
2092,639
2093,78
2093,198
2093,289
2093,320
2093,508
2093,520
2093,562
2093,564
2093,717
2093,928
2094,163
2094,186
2094,272
2094,326
2094,755
2095,131
2095,352
2095,379
2095,525
2095,613
2095,626
2095,731
2095,921
2095,928
2095,984
2096,10
2096,36
2096,225
2096,252
2096,292
2096,415
2096,751
2096,759
2096,840
2096,877
2097,88
2097,711
2097,814
2098,379
2098,670
2098,814
2098,828
2099,42
2099,373
2099,379
2099,591
2099,670
2099,710
2099,732
2100,49
2100,146
2100,337
2100,567
2100,687
2101,146
2101,685
2101,687
2101,741
2102,337
2102,687
2102,741
2103,243
2103,246
2103,531
2103,670
2104,379
2104,531
2104,670
2104,710
2104,814
2104,828
2105,3
2105,379
2105,551
2105,693
2105,756
2105,814
2105,828
2106,76
2106,131
2106,293
2106,352
2106,363
2106,379
2106,613
2106,786
2107,29
2107,41
2107,68
2107,446
2107,606
2107,693
2107,705
2107,814
2108,131
2108,200
2108,217
2108,379
2108,446
2108,506
2108,606
2108,705
2108,814
2108,828
2108,904
2108,924
2109,337
2109,658
2110,524
2110,755
2110,876
2111,200
2111,363
2111,379
2111,779
2112,68
2112,256
2112,606
2112,621
2112,814
2112,823
2113,30
2113,227
2113,430
2113,462
2113,507
2113,912
2114,10
2114,225
2114,252
2114,292
2114,453
2114,596
2114,658
2114,751
2114,759
2114,877
2115,194
2115,197
2115,222
2115,466
2115,693
2115,747
2115,817
2115,893
2115,968
2116,60
2116,272
2116,299
2116,326
2116,438
2116,462
2116,525
2116,627
2116,762
2117,25
2117,67
2117,184
2117,225
2117,613
2117,631
2118,24
2118,77
2118,81
2118,222
2118,852
2119,379
2119,531
2119,670
2119,814
2119,828
2120,243
2120,246
2120,280
2121,430
2121,609
2121,693
2121,814
2122,693
2122,814
2123,68
2123,82
2123,527
2123,814
2123,954
2124,337
2124,733
2124,766
2124,782
2124,960
2124,988
2125,76
2125,293
2125,352
2125,379
2125,613
2125,786
2126,200
2126,379
2126,606
2126,630
2126,693
2126,814
2126,828
2127,82
2127,527
2127,711
2127,814
2128,36
2128,301
2128,327
2128,337
2128,562
2128,741
2129,288
2129,352
2129,354
2129,430
2129,492
2129,613
2130,88
2130,316
2130,584
2130,814
2131,25
2131,68
2131,613
2131,814
2131,944
2132,379
2132,670
2132,814
2132,828
2133,330
2133,474
2133,529
2134,529
2134,741
2135,2
2135,30
2135,55
2135,182
2135,418
2135,457
2135,525
2135,531
2135,554
2135,613
2135,752
2135,807
2135,849
2135,858
2135,906
2135,949
2136,330
2136,474
2136,529
2136,926
2137,25
2137,613
2137,711
2138,21
2138,77
2138,185
2138,254
2138,290
2138,314
2138,606
2138,609
2138,773
2138,814
2138,891
2139,330
2139,360
2139,474
2139,529
2139,983
2140,10
2140,225
2140,252
2140,292
2140,453
2140,596
2140,759
2140,877
2140,925
2141,15
2141,30
2141,63
2141,227
2141,348
2141,483
2141,606
2141,757
2141,791
2141,814
2141,862
2141,891
2141,912
2142,525
2142,755
2142,756
2142,772
2142,876
2143,2
2143,42
2143,114
2143,418
2143,525
2143,613
2143,698
2143,710
2143,814
2144,128
2144,379
2144,606
2144,814
2144,828
2145,284
2145,340
2145,352
2145,379
2145,613
2145,928
2146,76
2146,606
2146,786
2146,814
2147,200
2147,217
2147,293
2147,606
2147,613
2147,814
2147,904
2148,220
2148,471
2148,837
2148,892
2148,969
2149,474
2149,529
2149,820
2149,908
2150,315
2150,358
2151,613
2151,736
2151,814
2152,354
2152,444
2152,814
2152,828
2153,2
2153,315
2153,352
2153,354
2153,613
2153,736
2154,30
2154,372
2154,457
2154,613
2154,629
2154,736
2154,858
2154,906
2155,315
2155,736
2155,858
2155,949
2156,600
2156,613
2157,354
2157,736
2157,814
2157,828
2158,236
2158,341
2158,474
2158,529
2159,162
2159,243
2159,246
2159,262
2159,527
2160,48
2160,653
2160,814
2160,888
2161,418
2162,30
2162,227
2162,502
2162,525
2162,613
2162,806
2162,862
2162,906
2163,245
2163,476
2163,525
2163,546
2163,755
2163,876
2163,928
2164,711
2164,876
2165,474
2165,529
2166,135
2166,359
2166,613
2167,337
2167,448
2167,685
2167,733
2168,131
2168,352
2168,379
2168,613
2169,243
2169,246
2169,531
2169,870
2170,531
2170,814
2171,30
2171,33
2171,50
2171,227
2171,462
2171,833
2171,912
2172,25
2172,41
2172,293
2172,613
2173,3
2173,168
2173,198
2173,476
2173,710
2173,876
2173,928
2174,30
2174,88
2174,147
2174,210
2174,212
2174,446
2174,466
2174,531
2174,554
2174,587
2174,606
2174,612
2174,615
2174,619
2174,705
2174,724
2174,749
2174,760
2174,791
2174,814
2174,931
2174,989
2175,212
2175,587
2175,606
2175,693
2175,814
2176,194
2176,379
2176,587
2176,606
2176,814
2176,828
2177,23
2177,37
2177,55
2177,72
2177,114
2177,325
2177,354
2177,363
2177,418
2177,670
2177,858
2177,894
2177,949
2178,194
2178,210
2178,212
2178,314
2178,446
2178,466
2178,479
2178,531
2178,587
2178,606
2178,619
2178,693
2178,705
2178,724
2178,747
2178,814
2178,817
2178,931
2179,212
2179,587
2179,606
2179,814
2179,962
2180,212
2180,379
2180,431
2180,446
2180,587
2180,606
2180,619
2180,693
2180,705
2180,724
2180,814
2180,828
2180,931
2181,88
2181,210
2181,212
2181,314
2181,446
2181,466
2181,587
2181,606
2181,705
2181,747
2181,814
2181,817
2182,352
2182,379
2182,396
2182,613
2182,814
2182,828
2183,131
2183,212
2183,379
2183,431
2183,446
2183,587
2183,606
2183,619
2183,693
2183,705
2183,724
2183,814
2183,828
2183,931
2184,212
2184,446
2184,587
2184,606
2184,619
2184,693
2184,705
2184,724
2184,757
2184,814
2184,862
2184,931
2185,22
2185,194
2185,210
2185,212
2185,446
2185,466
2185,587
2185,606
2185,619
2185,693
2185,705
2185,724
2185,814
2185,903
2185,931
2186,711
2186,814
2187,337
2187,685
2187,687
2187,782
2188,327
2188,687
2188,741
2189,68
2189,294
2189,399
2189,814
2189,928
2189,963
2190,58
2190,128
2190,613
2190,981
2191,163
2191,186
2191,438
2191,762
2192,306
2192,613
2192,619
2193,112
2193,306
2193,314
2193,352
2193,379
2193,613
2193,814
2193,828
2194,306
2194,613
2195,306
2195,613
2196,2
2196,55
2196,306
2196,418
2196,475
2196,502
2196,613
2197,2
2197,55
2197,306
2197,418
2197,475
2197,502
2197,613
2198,306
2198,814
2199,25
2199,306
2199,532
2199,613
2199,784
2200,306
2200,352
2200,379
2200,613
2201,306
2201,613
2201,921
2202,306
2202,531
2202,613
2203,306
2203,475
2203,502
2203,613
2203,921
2204,306
2204,613
2204,814
2205,306
2205,613
2205,619
2206,6
2206,337
2206,567
2206,687
2207,2
2207,55
2207,294
2207,352
2207,379
2207,418
2207,613
2207,710
2208,245
2208,476
2208,701
2208,755
2208,876
2208,928
2209,165
2209,441
2209,503
2209,529
2209,802
2209,803
2210,327
2210,337
2210,562
2210,685
2210,687
2210,741
2211,379
2211,619
2211,670
2211,814
2211,828
2211,924
2212,25
2212,387
2212,531
2212,613
2212,619
2212,670
2213,670
2213,805
2213,858
2214,243
2214,246
2214,527
2214,887
2215,337
2215,988
2216,135
2216,144
2216,527
2216,757
2216,814
2216,817
2216,862
2216,903
2217,402
2217,757
2217,814
2217,862
2217,903
2218,144
2218,402
2218,527
2218,817
2218,862
2219,184
2219,402
2219,613
2220,341
2220,453
2220,474
2220,529
2220,645
2220,741
2220,827
2221,49
2221,327
2221,337
2221,353
2221,562
2221,567
2221,685
2221,741
2222,531
2222,613
2222,710
2222,807
2222,858
2222,887
2223,36
2223,337
2223,562
2224,476
2224,572
2224,579
2224,876
2224,928
2225,243
2225,435
2226,435
2226,527
2226,531
2227,25
2227,435
2227,613
2228,418
2228,853
2228,881
2228,983
2229,55
2229,418
2229,435
2230,435
2230,613
2231,25
2231,435
2231,613
2232,68
2232,435
2232,814
2233,435
2233,476
2233,579
2233,928
2234,289
2234,562
2234,768
2235,112
2235,184
2235,613
2236,55
2236,165
2236,418
2236,670
2236,737
2236,803
2237,25
2237,302
2237,352
2237,379
2237,613
2238,146
2238,337
2238,685
2238,687
2239,687
2239,741
2240,418
2241,146
2241,199
2241,260
2241,503
2241,780
2241,863
2241,899
2242,220
2242,303
2242,327
2242,837
2243,294
2243,531
2243,693
2243,814
2244,69
2244,186
2244,327
2244,337
2244,562
2244,741
2245,186
2245,877
2246,163
2246,235
2246,755
2246,776
2246,926
2247,306
2247,613
2247,756
2247,928
2248,154
2248,531
2248,814
2249,154
2249,297
2249,784
2249,814
2250,335
2250,379
2250,531
2250,814
2250,817
2250,828
2251,235
2251,245
2251,294
2251,326
2251,755
2251,784
2251,876
2252,184
2252,613
2253,527
2253,531
2253,670
2253,710
2254,2
2254,55
2254,294
2254,418
2254,502
2254,613
2255,613
2255,711
2255,814
2256,88
2256,243
2256,531
2256,746
2256,862
2256,887
2257,289
2257,857
2257,872
2258,36
2258,337
2258,741
2258,782
2259,7
2259,362
2259,613
2260,36
2260,337
2260,782
2261,36
2261,327
2261,645
2261,741
2262,83
2262,476
2262,579
2262,701
2262,876
2262,928
2263,6
2263,337
2263,372
2263,738
2263,951
2264,68
2264,87
2264,200
2264,337
2264,693
2264,779
2264,782
2264,814
2265,877
2266,294
2266,531
2266,814
2266,963
2267,245
2267,251
2267,326
2267,751
2267,784
2267,876
2267,887
2268,260
2268,325
2268,503
2268,780
2268,899
2269,128
2269,245
2269,476
2269,876
2269,928
2270,36
2270,327
2270,685
2270,741
2271,163
2271,186
2271,235
2271,755
2272,30
2272,527
2272,531
2272,554
2272,807
2272,853
2272,858
2272,881
2273,30
2273,387
2273,457
2273,653
2273,807
2273,853
2273,858
2273,881
2274,30
2274,227
2274,457
2274,807
2274,853
2274,858
2274,881
2275,2
2275,55
2275,335
2275,418
2275,475
2275,613
2276,55
2276,335
2276,418
2277,335
2277,527
2277,531
2278,88
2278,154
2278,814
2278,817
2279,154
2279,185
2279,527
2280,335
2280,814
2281,112
2281,154
2281,314
2281,613
2281,814
2282,55
2282,418
2282,877
2282,983
2283,68
2283,531
2283,746
2283,757
2283,811
2283,814
2283,862
2283,887
2283,903
2284,243
2284,294
2284,527
2285,82
2285,527
2286,741
2287,144
2287,402
2287,527
2287,531
2287,862
2288,352
2288,379
2288,439
2288,613
2288,786
2288,814
2288,828
2289,55
2289,360
2289,418
2289,621
2289,983
2290,131
2290,352
2290,379
2290,531
2290,613
2290,710
2291,149
2291,415
2291,453
2291,751
2291,877
2292,184
2292,302
2292,613
2293,186
2293,877
2294,7
2295,60
2295,592
2296,135
2296,502
2296,613
2297,48
2297,352
2297,379
2297,613
2298,82
2298,306
2298,527
2299,83
2299,379
2299,814
2299,828
2300,243
2300,246
2300,435
2301,354
2301,736
2301,814
2301,828
2302,613
2302,878
2302,909
2302,921
2303,613
2303,878
2303,909
2303,921
2304,613
2304,878
2304,909
2304,921
2305,502
2305,613
2305,878
2305,909
2305,921
2306,613
2306,878
2306,909
2306,921
2307,316
2307,531
2307,613
2307,814
2308,25
2308,613
2308,711
2309,25
2309,613
2309,711
2310,25
2310,402
2310,502
2310,613
2311,163
2311,186
2311,438
2311,762
2312,55
2312,335
2312,418
2313,25
2313,154
2313,613
2314,151
2314,335
2314,531
2314,613
2315,154
2315,546
2315,755
2315,762
2315,862
2315,876
2316,60
2316,235
2316,878
2317,149
2317,222
2317,430
2317,893
2318,25
2318,352
2318,354
2318,530
2318,613
2319,289
2319,291
2319,562
2320,36
2320,337
2320,562
2321,613
2321,871
2321,928
2322,352
2322,379
2322,613
2322,711
2323,135
2323,379
2323,693
2323,814
2323,828
2324,531
2324,670
2324,757
2324,814
2325,2
2325,55
2325,140
2325,165
2325,328
2325,418
2325,613
2325,670
2325,737
2326,693
2326,711
2326,814
2327,711
2327,814
2328,30
2328,306
2328,531
2328,554
2328,613
2328,814
2329,306
2329,613
2329,619
2330,30
2330,306
2330,379
2330,531
2330,554
2330,619
2330,814
2330,817
2330,828
2331,30
2331,55
2331,306
2331,418
2331,531
2331,554
2331,814
2332,306
2332,531
2332,613
2332,693
2332,814
2332,817
2333,306
2333,531
2333,613
2333,619
2334,25
2334,306
2334,502
2334,613
2334,921
2335,306
2335,613
2336,25
2336,68
2336,306
2336,613
2337,55
2337,306
2337,360
2337,418
2337,626
2337,928
2338,306
2338,613
2338,814
2339,306
2339,352
2339,379
2339,613
2340,306
2340,615
2340,619
2340,814
2341,49
2341,337
2341,567
2342,326
2342,711
2342,784
2342,876
2343,140
2343,165
2343,418
2343,670
2343,737
2344,140
2344,165
2344,418
2344,670
2344,737
2345,212
2345,352
2345,354
2345,513
2345,613
2345,814
2345,828
2346,212
2346,513
2346,613
2347,212
2347,513
2347,613
2348,621
2348,814
2349,474
2349,529
2350,474
2350,529
2351,474
2351,529
2352,474
2352,529
2353,435
2353,876
2354,30
2354,151
2354,457
2354,554
2354,653
2354,807
2354,858
2355,289
2355,291
2355,837
2356,289
2356,291
2357,135
2357,613
2358,273
2358,402
2358,613
2359,289
2360,289
2360,562
2361,236
2361,360
2361,474
2361,529
2362,2
2362,55
2362,418
2362,613
2362,906
2363,68
2363,294
2363,693
2363,814
2363,963
2364,387
2364,531
2364,670
2364,757
2364,814
2365,387
2365,670
2365,757
2365,814
2366,128
2366,243
2366,246
2367,25
2367,502
2367,613
2367,693
2367,711
2367,757
2367,814
2368,502
2368,542
2368,613
2369,30
2369,313
2369,444
2369,551
2369,613
2369,778
2369,814
2369,855
2369,906
2370,531
2370,814
2371,693
2371,814
2372,68
2372,613
2372,693
2372,814
2373,693
2373,814
2374,814
2375,68
2375,379
2375,700
2375,814
2375,828
2376,245
2376,755
2376,876
2377,68
2377,693
2377,756
2377,814
2378,88
2378,814
2379,25
2379,613
2379,814
2380,36
2380,337
2381,6
2381,337
2381,685
2381,817
2381,824
2382,302
2382,352
2382,379
2382,613
2382,756
2383,354
2383,609
2383,909
2384,542
2384,613
2385,387
2385,502
2385,613
2385,711
2386,294
2386,710
2386,814
2386,963
2387,220
2387,303
2387,474
2387,529
2387,983
2388,327
2388,685
2388,741
2388,824
2389,6
2389,685
2389,817
2389,824
2389,960
2390,200
2390,217
2390,693
2390,814
2390,904
2391,294
2391,352
2391,379
2391,613
2391,691
2392,290
2392,371
2392,609
2392,811
2392,814
2392,903
2393,36
2393,49
2393,146
2394,83
2394,352
2394,379
2394,613
2394,814
2394,828
2395,243
2395,445
2395,881
2396,83
2396,814
2397,140
2397,503
2397,863
2398,23
2398,177
2398,319
2398,328
2398,407
2398,503
2399,546
2399,711
2399,755
2399,876
2400,112
2400,184
2400,613
2401,140
2401,319
2401,328
2401,613
2401,670
2401,737
2402,135
2402,531
2402,613
2402,814
2403,30
2403,313
2403,336
2403,444
2403,613
2403,778
2403,855
2403,906
2404,294
2404,352
2404,379
2404,613
2404,691
2405,319
2405,503
2405,577
2405,663
2405,685
2406,68
2406,200
2406,217
2406,693
2406,814
2407,25
2407,128
2407,613
2407,814
2408,163
2408,186
2408,245
2408,755
2409,87
2409,474
2409,529
2409,741
2410,876
2411,30
2411,115
2411,227
2411,313
2411,462
2411,502
2411,613
2411,906
2411,945
2412,418
2412,542
2413,235
2413,542
2413,776
2413,876
2414,476
2414,572
2414,876
2414,928
2415,220
2415,289
2415,567
2415,771
2416,542
2416,755
2416,876
2417,212
2417,354
2417,513
2417,814
2417,828
2418,212
2418,513
2418,613
2419,212
2419,513
2419,613
2419,626
2419,814
2419,928
2420,135
2420,814
2420,903
2421,402
2421,531
2421,757
2421,814
2421,862
2422,23
2422,140
2422,319
2422,328
2422,407
2422,503
2422,732
2423,352
2423,379
2423,613
2423,670
2423,756
2424,25
2424,68
2424,435
2424,527
2424,613
2425,379
2425,402
2425,814
2425,828
2425,903
2426,402
2426,531
2426,814
2427,30
2427,554
2427,814
2427,980
2428,613
2428,980
2429,184
2429,613
2430,184
2430,613
2431,184
2431,613
2432,184
2432,613
2433,184
2433,613
2434,184
2434,613
2435,184
2435,613
2436,184
2436,613
2437,184
2437,613
2438,337
2438,685
2438,687
2439,402
2439,693
2439,814
2440,37
2440,186
2440,453
2440,503
2440,863
2441,83
2441,352
2441,379
2441,613
2441,710
2441,814
2441,828
2442,153
2442,163
2442,235
2442,762
2443,542
2443,814
2444,542
2444,613
2444,814
2445,502
2445,542
2445,613
2446,542
2446,613
2447,542
2447,613
2448,36
2448,337
2448,741
2449,69
2449,224
2449,327
2449,741
2450,314
2450,443
2450,814
2450,817
2451,360
2451,474
2451,529
2452,30
2452,166
2452,227
2452,379
2452,881
2453,379
2453,670
2453,710
2453,814
2453,828
2454,25
2454,112
2454,435
2454,613
2455,435
2455,814
2456,337
2456,562
2456,685
2456,687
2456,951
2457,82
2457,343
2457,527
2457,591
2457,670
2457,814
2458,2
2458,418
2458,613
2458,906
2459,289
2459,303
2459,837
2460,77
2461,77
2462,25
2462,59
2462,160
2462,402
2462,532
2462,613
2462,627
2463,146
2463,337
2463,567
2464,337
2464,687
2465,88
2465,447
2465,531
2465,613
2465,887
2466,30
2466,531
2466,554
2466,670
2466,814
2466,817
2467,289
2467,303
2467,562
2467,837
2468,151
2468,245
2468,711
2468,876
2469,55
2469,297
2469,315
2469,430
2469,627
2469,736
2469,814
2470,352
2470,379
2470,532
2470,613
2470,711
2470,784
2471,184
2471,613
2472,613
2472,711
2473,235
2473,542
2473,546
2473,876
2474,88
2474,542
2474,814
2475,877
2476,88
2476,297
2476,314
2476,435
2476,814
2477,418
2477,670
2477,737
2478,435
2478,693
2478,814
2479,435
2479,755
2479,876
2480,165
2480,503
2480,529
2480,802
2481,128
2481,243
2481,246
2482,128
2482,243
2482,246
2483,128
2483,243
2483,246
2484,128
2484,243
2484,246
2485,474
2485,529
2485,583
2485,758
2486,474
2486,529
2486,583
2486,758
2487,474
2487,529
2487,583
2487,758
2488,220
2488,303
2488,327
2489,579
2489,626
2489,928
2490,212
2490,587
2490,613
2491,2
2491,149
2491,418
2491,613
2491,983
2492,7
2493,163
2493,415
2493,751
2494,596
2494,877
2495,2
2495,55
2495,352
2495,379
2495,418
2495,613
2495,711
2495,807
2495,858
2495,949
2496,60
2496,299
2496,928
2497,814
2497,928
2498,542
2498,613
2499,68
2499,358
2499,814
2500,30
2500,313
2500,736
2500,814
2500,915
2501,542
2501,613
2502,474
2502,529
2503,48
2503,476
2503,579
2503,928
2504,83
2504,379
2504,814
2504,828
2505,184
2505,613
2506,163
2506,198
2506,235
2506,245
2506,299
2506,476
2506,520
2506,546
2506,934
2507,542
2507,613
2508,542
2508,613
2509,243
2509,246
2509,542
2509,870
2510,297
2510,542
2510,784
2510,814
2511,30
2511,542
2511,749
2511,912
2512,30
2512,379
2512,542
2512,615
2512,749
2512,814
2512,817
2512,828
2513,149
2513,453
2513,596
2513,751
2513,877
2514,474
2514,529
2515,324
2515,532
2515,613
2515,621
2515,784
2516,163
2516,245
2516,476
2516,487
2516,928
2517,58
2517,128
2517,613
2518,58
2518,128
2518,613
2519,58
2519,128
2519,352
2519,379
2519,398
2519,613
2520,531
2520,811
2520,814
2520,887
2521,36
2521,337
2521,741
2522,68
2522,154
2522,613
2522,807
2522,814
2522,858
2523,2
2523,55
2523,294
2523,418
2523,613
2523,921
2523,928
2524,402
2524,613
2525,362
2525,613
2526,30
2526,37
2526,55
2526,418
2526,531
2526,670
2526,737
2526,858
2527,146
2527,337
2527,817
2528,58
2528,128
2528,613
2529,58
2529,128
2529,613
2530,128
2530,379
2530,398
2530,626
2530,710
2530,928
2531,128
2531,271
2531,379
2531,398
2531,814
2531,828
2532,128
2532,271
2532,379
2532,398
2532,814
2532,828
2533,58
2533,128
2533,271
2533,613
2533,710
2533,757
2533,814
2534,128
2534,271
2534,814
2535,128
2535,271
2535,379
2535,398
2535,698
2535,814
2535,828
2535,928
2536,58
2536,128
2536,613
2537,58
2537,128
2537,613
2538,2
2538,58
2538,128
2538,418
2538,613
2539,2
2539,55
2539,58
2539,128
2539,418
2539,613
2540,128
2540,271
2540,379
2540,398
2540,814
2540,828
2541,58
2541,128
2541,613
2542,58
2542,128
2542,613
2542,981
2543,58
2543,128
2543,531
2543,613
2544,58
2544,112
2544,128
2544,271
2544,314
2544,613
2544,814
2544,817
2545,2
2545,55
2545,58
2545,128
2545,418
2545,613
2546,55
2546,128
2546,418
2547,58
2547,128
2547,613
2548,58
2548,128
2548,613
2549,58
2549,128
2549,613
2550,58
2550,128
2550,613
2551,58
2551,128
2551,613
2551,807
2551,858
2552,58
2552,111
2552,128
2552,613
2553,58
2553,128
2553,613
2554,58
2554,128
2554,352
2554,379
2554,398
2554,613
2555,30
2555,128
2555,271
2555,615
2555,749
2555,814
2555,817
2556,58
2556,128
2556,352
2556,379
2556,398
2556,613
2557,128
2557,271
2557,814
2557,981
2558,30
2558,128
2558,271
2558,615
2558,749
2558,814
2559,30
2559,128
2559,271
2559,615
2559,749
2559,806
2559,814
2560,58
2560,128
2560,352
2560,379
2560,398
2560,613
2561,128
2561,271
2561,615
2561,814
2562,2
2562,55
2562,58
2562,128
2562,418
2562,613
2563,58
2563,128
2563,613
2564,58
2564,128
2564,613
2565,58
2565,128
2565,613
2566,128
2566,271
2566,615
2566,814
2567,2
2567,55
2567,58
2567,128
2567,418
2567,613
2568,58
2568,128
2568,352
2568,379
2568,398
2568,613
2569,128
2569,271
2569,387
2569,757
2569,814
2570,30
2570,58
2570,128
2570,137
2570,554
2570,613
2570,858
2571,55
2571,335
2571,387
2571,418
2571,531
2572,151
2572,154
2572,352
2572,372
2572,379
2572,613
2572,805
2572,858
2572,921
2573,306
2573,352
2573,379
2573,613
2574,55
2574,306
2574,387
2574,418
2575,306
2575,387
2575,418
2576,68
2576,335
2576,502
2576,531
2576,613
2576,757
2576,814
2576,862
2577,82
2577,335
2577,387
2577,527
2578,542
2578,814
2579,163
2579,251
2579,415
2579,751
2580,220
2580,339
2580,771
2581,339
2581,771
2582,289
2582,339
2583,220
2583,339
2583,934
2584,289
2584,339
2584,771
2585,339
2585,771
2585,777
2586,339
2586,771
2586,777
2586,817
2586,837
2587,339
2587,771
2587,777
2587,837
2588,339
2588,680
2589,220
2589,339
2589,471
2590,220
2590,289
2590,339
2591,220
2591,289
2591,339
2591,782
2592,613
2592,814
2592,909
2593,30
2593,227
2593,462
2593,736
2593,945
2594,30
2594,227
2594,462
2594,736
2595,341
2595,741
2596,48
2596,814
2596,888
2597,48
2597,155
2597,613
2597,814
2597,888
2598,30
2598,48
2598,227
2598,862
2598,912
2599,392
2599,755
2599,876
2600,49
2600,69
2600,146
2600,302
2600,337
2600,685
2601,135
2601,531
2601,814
2602,68
2602,88
2602,135
2602,814
2602,903
2603,542
2603,613
2604,245
2604,711
2604,755
2604,876
2605,289
2605,562
2605,768
2605,837
2606,49
2606,146
2606,337
2606,567
2607,6
2607,146
2607,780
2607,899
2607,951
2608,236
2608,529
2609,236
2609,529
2609,685
2609,741
2610,236
2610,529
2611,236
2611,529
2611,741
2612,609
2612,814
2612,909
2613,352
2613,354
2613,609
2613,613
2613,909
2614,146
2614,187
2614,337
2614,782
2615,25
2615,30
2615,531
2615,554
2615,613
2615,621
2615,807
2615,858
2616,18
2616,49
2616,146
2616,337
2616,353
2616,372
2616,567
2616,951
2617,30
2617,137
2617,457
2617,542
2617,554
2617,858
2618,542
2618,613
2619,2
2619,418
2619,613
2620,315
2620,474
2620,529
2620,758
2620,949
2621,60
2621,235
2621,299
2621,382
2621,476
2621,928
2621,980
2622,301
2622,337
2622,562
2622,685
2622,817
2622,960
2623,55
2623,316
2623,418
2623,949
2624,22
2624,68
2624,294
2624,756
2624,814
2624,923
2624,963
2625,163
2625,493
2625,762
2626,30
2626,212
2626,502
2626,513
2626,613
2626,906
2626,945
2627,212
2627,513
2627,693
2627,814
2628,212
2628,513
2628,609
2628,693
2628,814
2629,30
2629,55
2629,294
2629,418
2629,457
2629,531
2629,554
2629,807
2629,814
2629,858
2629,963
2630,294
2630,613
2630,691
2631,24
2631,430
2631,609
2631,693
2631,814
2632,24
2632,336
2632,814
2633,24
2633,430
2633,613
2633,852
2634,474
2634,529
2635,360
2635,474
2635,529
2636,163
2636,415
2636,751
2637,340
2637,709
2637,876
2638,435
2638,613
2639,2
2639,418
2639,435
2639,531
2639,613
2639,983
2640,2
2640,418
2640,435
2640,531
2640,613
2641,2
2641,418
2641,435
2641,531
2641,613
2642,418
2642,435
2643,25
2643,68
2643,613
2643,711
2643,814
2644,273
2644,656
2645,25
2645,128
2645,613
2646,146
2646,289
2646,337
2646,567
2646,616
2646,645
2646,777
2647,379
2647,531
2647,670
2647,814
2647,828
2648,379
2648,531
2648,670
2648,814
2648,817
2648,828
2649,474
2649,529
2649,583
2649,758
2650,354
2650,387
2650,609
2650,814
2650,828
2650,909
2651,336
2651,352
2651,354
2651,609
2651,613
2651,909
2652,354
2652,609
2652,814
2652,828
2652,909
2653,711
2653,814
2654,55
2654,418
2654,531
2654,814
2655,711
2656,68
2656,711
2656,814
2657,613
2657,711
2657,814
2658,711
2658,757
2658,814
2658,862
2659,184
2659,613
2660,30
2660,542
2660,554
2660,613
2661,25
2661,613
2662,741
2663,371
2663,382
2663,613
2663,814
2663,928
2664,225
2664,344
2664,529
2664,706
2664,802
2665,337
2665,685
2665,687
2665,741
2666,140
2666,328
2666,503
2667,6
2667,146
2667,687
2668,30
2668,243
2668,246
2668,457
2668,670
2668,807
2668,858
2668,870
2669,30
2669,457
2669,495
2669,619
2669,670
2669,858
2670,30
2670,457
2670,495
2670,619
2670,670
2670,858
2671,30
2671,457
2671,670
2671,805
2671,858
2672,225
2672,292
2672,596
2672,759
2672,846
2672,877
2672,925
2673,336
2673,382
2673,592
2673,814
2673,928
2674,315
2674,609
2674,626
2674,758
2675,542
2675,613
2676,220
2676,289
2676,303
2676,837
2677,220
2677,289
2677,303
2677,327
2677,562
2677,837
2678,220
2678,303
2678,327
2678,837
2679,220
2679,303
2679,327
2679,837
2680,258
2680,291
2680,503
2681,303
2681,474
2681,529
2681,983
2682,289
2682,303
2682,562
2682,837
2683,527
2683,542
2683,814
2684,220
2684,289
2684,303
2684,327
2684,562
2684,837
2685,146
2685,289
2685,303
2685,567
2685,768
2686,146
2686,303
2686,680
2686,768
2687,289
2687,562
2688,30
2688,231
2688,313
2688,444
2688,457
2688,778
2688,858
2688,912
2689,613
2689,909
2690,354
2690,736
2690,814
2690,817
2690,828
2691,25
2691,89
2691,160
2691,222
2691,613
2691,909
2692,2
2692,55
2692,315
2692,613
2692,626
2692,758
2692,909
2692,928
2693,352
2693,354
2693,444
2693,613
2693,855
2694,609
2694,814
2694,909
2695,60
2695,235
2695,299
2695,600
2695,693
2695,814
2696,25
2696,444
2696,613
2696,855
2696,921
2697,314
2697,693
2697,814
2697,909
2698,77
2698,144
2698,462
2698,600
2698,868
2699,2
2699,55
2699,114
2699,315
2699,600
2699,613
2699,814
2700,600
2700,814
2701,115
2701,222
2702,2
2702,55
2702,294
2702,418
2702,531
2702,613
2702,691
2703,814
2704,146
2704,218
2704,337
2704,567
2704,685
2704,988
2705,531
2705,693
2705,757
2705,814
2705,862
2705,981
2706,531
2706,711
2706,814
2707,25
2707,151
2707,613
2707,711
2708,711
2708,757
2708,814
2708,862
2709,144
2709,173
2709,396
2709,527
2709,862
2710,174
2710,396
2710,531
2710,814
2711,174
2711,396
2711,531
2711,814
2712,37
2712,140
2712,328
2712,503
2713,188
2713,687
2713,741
2714,146
2714,337
2714,567
2714,687
2715,37
2715,177
2715,503
2716,146
2716,260
2716,380
2716,503
2716,511
2716,803
2717,37
2717,177
2717,503
2717,863
2718,73
2718,337
2718,687
2718,782
2719,37
2719,177
2719,503
2720,37
2720,503
2720,701
2720,928
2721,225
2721,344
2721,706
2721,741
2722,503
2722,577
2722,663
2723,140
2723,319
2723,328
2723,503
2723,863
2724,23
2724,140
2724,319
2724,503
2724,577
2725,49
2725,146
2725,685
2725,687
2726,379
2726,670
2726,814
2726,828
2727,387
2727,495
2727,619
2727,670
2727,858
2728,243
2728,495
2728,619
2728,670
2728,870
2729,262
2729,527
2729,670
2729,750
2729,858
2730,144
2730,262
2730,527
2730,670
2730,750
2730,858
2731,190
2732,30
2732,37
2732,177
2732,457
2732,670
2732,737
2732,858
2732,863
2733,531
2733,613
2733,670
2733,814
2734,297
2734,343
2734,531
2734,591
2734,670
2734,710
2734,814
2735,30
2735,227
2735,488
2735,670
2736,30
2736,227
2736,488
2736,670
2737,379
2737,670
2737,807
2737,858
2738,144
2738,387
2738,527
2738,531
2738,670
2738,757
2738,814
2739,69
2739,106
2739,319
2739,503
2739,577
2739,780
2739,827
2739,928
2740,327
2740,337
2740,562
2740,685
2740,738
2740,741
2741,198
2741,476
2741,579
2741,928
2742,243
2742,246
2742,944
2743,418
2743,755
2743,876
2744,2
2744,55
2744,418
2744,613
2744,906
2745,200
2745,243
2745,246
2745,262
2745,527
2745,779
2746,294
2746,352
2746,379
2746,613
2746,691
2747,55
2747,418
2747,525
2747,531
2747,626
2747,928
2748,128
2748,613
2748,981
2749,163
2749,207
2749,251
2749,487
2749,751
2749,755
2750,68
2750,294
2750,814
2750,963
2751,2
2751,55
2751,315
2751,613
2752,24
2752,77
2752,144
2752,462
2753,352
2753,379
2753,542
2753,613
2754,243
2754,246
2754,262
2754,527
2754,542
2755,337
2755,562
2755,738
2755,960
2756,474
2756,529
2756,983
2757,236
2757,474
2757,529
2758,337
2758,685
2758,738
2759,811
2759,814
2759,887
2760,613
2760,711
2761,613
2761,711
2761,807
2761,858
2761,921
2762,693
2762,711
2762,814
2763,621
2763,755
2763,876
2764,146
2764,150
2764,685
2764,960
2765,207
2765,256
2765,294
2765,415
2765,755
2765,876
2766,68
2766,102
2766,131
2766,135
2766,352
2766,379
2766,613
2766,619
2767,2
2767,200
2767,217
2767,418
2767,613
2768,48
2768,476
2768,546
2768,876
2768,928
2769,352
2769,379
2769,542
2769,613
2770,30
2770,542
2770,554
2770,749
2771,30
2771,457
2771,542
2771,749
2771,858
2772,542
2772,613
2773,2
2773,55
2773,294
2773,399
2773,418
2773,613
2773,691
2773,921
2773,928
2774,36
2774,337
2774,782
2774,817
2774,960
2775,10
2775,186
2775,198
2775,225
2775,252
2775,292
2775,759
2775,877
2775,928
2776,128
2776,379
2776,693
2776,814
2776,828
2777,503
2777,529
2777,863
2778,284
2778,379
2778,639
2778,756
2778,814
2778,828
2778,923
2779,476
2779,579
2779,670
2779,928
2780,352
2780,379
2780,525
2780,613
2781,225
2781,292
2781,759
2781,840
2781,877
2782,284
2782,379
2782,757
2782,814
2782,828
2783,613
2783,711
2783,814
2784,314
2784,711
2784,814
2785,352
2785,379
2785,613
2785,711
2786,352
2786,379
2786,613
2786,711
2786,814
2786,828
2787,542
2787,613
2788,326
2788,542
2788,784
2788,876
2789,542
2789,613
2790,68
2790,352
2790,379
2790,542
2790,613
2790,700
2790,814
2790,828
2791,25
2791,184
2791,225
2791,447
2791,613
2792,525
2792,755
2792,876
2793,360
2793,418
2793,531
2794,360
2794,418
2794,531
2795,324
2795,613
2795,710
2796,2
2796,165
2796,319
2796,328
2796,418
2796,613
2796,670
2796,737
2796,803
2797,88
2797,814
2797,884
2797,903
2798,49
2798,738
2798,951
2799,235
2799,245
2799,546
2799,876
2799,884
2800,546
2800,684
2800,709
2800,755
2800,876
2800,887
2801,48
2801,55
2801,297
2801,418
2801,784
2801,814
2801,888
2802,418
2802,531
2803,77
2803,144
2803,462
2804,77
2805,418
2806,418
2807,33
2807,414
2807,430
2807,814
2808,212
2808,513
2808,613
2809,128
2809,613
2810,243
2810,246
2810,542
2811,36
2811,360
2811,474
2811,529
2811,983
2812,112
2812,525
2812,613
2813,877
2813,944
2814,243
2814,256
2814,621
2815,33
2815,414
2815,462
2815,609
2815,757
2815,814
2815,833
2815,945
2816,18
2816,49
2816,353
2816,645
2817,542
2817,613
2818,36
2818,337
2819,30
2819,212
2819,227
2819,462
2819,502
2819,513
2819,613
2819,906
2820,25
2820,112
2820,212
2820,513
2820,613
2821,77
2821,144
2821,212
2821,462
2821,513
2821,757
2821,814
2822,418
2822,711
2823,379
2823,711
2823,814
2823,828
2824,68
2824,711
2824,814
2825,352
2825,379
2825,532
2825,613
2825,711
2825,784
2826,245
2826,476
2826,711
2826,876
2826,928
2827,2
2827,30
2827,55
2827,418
2827,554
2827,613
2827,711
2827,807
2827,858
2827,949
2828,88
2828,542
2828,757
2828,814
2828,862
2828,928
2828,981
2829,352
2829,379
2829,542
2829,613
2830,30
2830,542
2830,554
2830,814
2830,817
2831,542
2831,613
2831,710
2832,340
2832,348
2832,709
2832,875
2832,876
2833,68
2833,314
2833,396
2833,615
2833,693
2833,814
2834,6
2834,49
2834,223
2834,289
2834,337
2834,380
2834,493
2834,680
2834,771
2834,817
2834,934
2834,960
2835,68
2835,294
2835,385
2835,805
2835,814
2835,858
2835,963
2836,83
2836,343
2836,373
2836,379
2836,506
2836,531
2836,710
2836,732
2836,814
2836,828
2836,924
2837,613
2837,621
2837,650
2838,83
2838,88
2838,693
2838,814
2838,817
2839,30
2839,212
2839,227
2839,502
2839,587
2839,613
2839,862
2839,906
2839,981
2840,144
2840,527
2840,531
2840,746
2840,862
2840,887
2841,2
2841,55
2841,418
2841,531
2841,542
2841,613
2841,814
2842,88
2842,542
2842,615
2842,814
2843,2
2843,55
2843,418
2843,531
2843,542
2843,613
2843,814
2844,2
2844,55
2844,418
2844,531
2844,542
2844,613
2844,814
2845,88
2845,542
2845,814
2845,817
2846,30
2846,542
2846,749
2847,297
2847,542
2847,784
2847,814
2848,48
2848,245
2848,466
2848,531
2848,546
2848,755
2848,876
2849,341
2849,846
2849,877
2850,48
2850,814
2850,888
2851,256
2851,352
2851,379
2851,613
2851,767
2852,315
2852,330
2852,474
2852,525
2852,529
2852,758
2852,949
2853,128
2853,613
2854,2
2854,55
2854,418
2854,613
2854,711
2855,352
2855,379
2855,613
2855,711
2855,814
2855,828
2856,532
2856,613
2856,711
2856,784
2857,613
2857,711
2858,542
2858,814
2859,542
2859,613
2859,921
2860,88
2860,297
2860,542
2860,784
2860,814
2861,352
2861,379
2861,542
2861,613
2862,474
2862,529
2862,741
2863,502
2863,613
2863,862
2863,944
2864,182
2864,234
2864,418
2865,435
2865,476
2865,928
2866,190
2867,36
2867,360
2867,474
2867,529
2868,163
2868,245
2868,476
2868,684
2868,738
2868,928
2869,36
2869,236
2869,330
2869,474
2869,529
2870,36
2870,330
2870,474
2870,529
2871,24
2871,309
2871,757
2871,814
2871,862
2872,128
2872,297
2872,784
2872,814
2873,330
2873,418
2873,525
2874,48
2874,387
2874,531
2874,757
2874,814
2874,862
2874,888
2875,337
2875,738
2875,817
2876,25
2876,128
2876,284
2876,352
2876,379
2876,613
2877,101
2877,146
2877,377
2877,837
2878,128
2878,352
2878,379
2878,613
2879,163
2879,235
2880,22
2880,60
2880,160
2880,226
2880,525
2881,525
2881,755
2881,756
2881,772
2881,876
2882,68
2882,587
2882,613
2882,710
2883,151
2883,187
2883,741
2884,168
2884,198
2884,251
2884,476
2884,501
2884,701
2884,751
2884,786
2884,876
2884,928
2885,48
2885,155
2885,613
2886,25
2886,48
2886,155
2886,613
2887,48
2887,68
2887,814
2887,888
2888,88
2888,174
2888,210
2888,321
2888,379
2888,396
2888,531
2888,814
2888,828
2889,443
2889,876
2890,443
2890,814
2891,670
2891,814
2892,87
2892,474
2892,529
2892,741
2892,958
2893,186
2893,327
2893,564
2893,717
2893,741
2894,17
2894,144
2894,200
2894,387
2894,527
2894,862
2895,68
2895,200
2895,217
2895,814
2895,904
2896,200
2896,613
2896,815
2897,163
2897,207
2897,415
2897,487
2898,184
2898,225
2898,613
2899,48
2899,68
2899,814
2899,888
2900,25
2900,48
2900,155
2900,613
2901,48
2901,68
2901,814
2901,888
2902,48
2902,326
2902,784
2902,876
2903,3
2903,876
2904,48
2904,82
2904,118
2904,527
2904,750
2904,858
2905,225
2905,292
2905,741
2905,759
2905,840
2905,877
2906,447
2906,613
2906,710
2906,887
2906,928
2907,163
2907,251
2907,751
2908,2
2908,128
2908,182
2908,418
2908,613
2908,949
2909,184
2909,613
2910,709
2910,711
2910,875
2910,876
2911,245
2911,546
2911,711
2911,876
2911,928
2912,527
2912,693
2912,711
2912,814
2913,46
2913,163
2913,762
2914,88
2914,200
2914,211
2914,606
2914,814
2915,88
2915,200
2915,211
2915,606
2915,814
2916,443
2916,613
2917,88
2917,443
2917,693
2917,814
2918,68
2918,443
2918,527
2918,693
2918,814
2919,738
2919,741
2920,21
2920,243
2920,435
2920,527
2920,761
2921,256
2921,352
2921,354
2921,613
2921,650
2921,660
2921,973
2922,174
2922,396
2922,814
2923,220
2923,289
2923,339
2923,453
2924,289
2924,339
2924,782
2925,220
2925,339
2925,471
2926,220
2926,339
2927,220
2927,339
2927,471
2928,220
2928,339
2928,471
2929,600
2929,613
2930,600
2930,613
2931,72
2931,140
2931,165
2931,418
2931,577
2931,663
2931,670
2932,144
2932,387
2932,527
2932,531
2932,670
2933,476
2933,579
2933,670
2933,928
2934,343
2934,591
2934,670
2934,710
2934,814
2935,81
2935,222
2935,600
2935,893
2936,326
2936,670
2936,876
2937,670
2937,876
2938,25
2938,613
2938,670
2938,814
2939,30
2939,37
2939,72
2939,140
2939,237
2939,441
2939,457
2939,653
2939,670
2939,858
2939,863
2940,336
2940,352
2940,354
2940,600
2940,613
2941,379
2941,495
2941,619
2941,670
2941,693
2941,814
2941,817
2941,828
2942,73
2942,188
2942,337
2942,687
2942,808
2943,36
2943,146
2943,337
2943,567
2944,165
2944,328
2944,503
2944,529
2944,685
2944,802
2945,23
2945,380
2945,503
2945,511
2945,863
2946,687
2947,128
2947,293
2947,352
2947,379
2947,613
2948,135
2948,352
2948,359
2948,379
2948,613
2948,715
2949,25
2949,30
2949,227
2949,462
2949,502
2949,613
2949,736
2949,906
2949,915
2950,68
2950,294
2950,814
2950,963
2951,337
2951,341
2951,782
2951,960
2952,163
2952,186
2952,645
2953,68
2953,111
2953,240
2953,348
2953,385
2953,426
2953,483
2953,606
2953,693
2953,814
2953,858
2953,887
2954,6
2954,569
2954,738
2954,877
2955,596
2955,738
2955,877
2956,447
2956,613
2956,887
2957,447
2957,613
2957,887
2958,48
2958,235
2958,245
2958,466
2958,876
2959,25
2959,48
2959,68
2959,155
2959,613
2959,814
2959,888
2960,30
2960,63
2960,227
2960,462
2960,525
2960,656
2961,294
2961,324
2961,387
2961,613
2961,691
2961,814
2961,963
2962,352
2962,379
2962,613
2962,711
2963,163
2963,382
2963,476
2963,812
2963,928
2964,453
2964,596
2964,616
2964,877
2965,499
2965,877
2966,315
2966,371
2966,626
2966,758
2966,928
2966,949
2967,220
2967,453
2967,471
2968,447
2968,531
2968,613
2968,814
2968,887
2969,2
2969,294
2969,360
2969,399
2969,418
2969,613
2969,691
2969,928
2970,68
2970,294
2970,814
2970,963
2971,207
2971,294
2971,394
2971,399
2971,755
2971,876
2971,928
2972,104
2972,316
2972,613
2973,435
2973,539
2973,757
2973,814
2974,340
2974,531
2974,814
2975,48
2975,876
2976,83
2976,293
2976,462
2976,502
2976,606
2976,613
2976,757
2976,814
2976,945
2977,83
2977,141
2977,696
2977,709
2977,755
2977,875
2977,876
2978,596
2978,738
2978,877
2979,596
2979,738
2979,877
2980,738
2980,741
2981,184
2981,738
2981,741
2982,706
2982,738
2982,741
2983,337
2983,562
2984,60
2984,272
2984,326
2984,627
2984,638
2985,36
2985,330
2985,474
2985,529
2986,36
2986,330
2986,474
2986,529
2987,453
2987,471
2987,529
2987,741
2988,73
2988,146
2988,337
2988,687
2988,782
2989,73
2989,337
2989,687
2989,741
2990,140
2990,319
2990,328
2990,388
2990,503
2990,577
2991,337
2991,685
2991,687
2992,337
2992,687
2992,782
2993,330
2993,453
2993,474
2993,529
2993,645
2993,771
2994,88
2994,128
2994,297
2994,314
2994,531
2994,784
2994,814
2995,30
2995,290
2995,615
2995,638
2995,749
2995,814
2996,314
2996,711
2996,814
2997,336
2997,371
2997,447
2997,613
2998,352
2998,354
2998,371
2998,447
2998,613
2999,330
2999,418
2999,525
3000,24
3000,354
3000,698
3000,814
3000,828
3001,6
3001,337
3001,685
3001,817
3001,824
3001,960
3002,476
3002,670
3002,701
3002,876
3002,928
3003,25
3003,89
3003,222
3003,600
3003,613
3004,27
3004,306
3004,390
3004,613
3004,843
3004,961
3005,37
3005,72
3005,177
3005,457
3005,656
3005,670
3005,858
3005,863
3006,415
3006,453
3006,499
3006,751
3006,877
3007,16
3007,184
3007,613
3008,16
3008,184
3008,613
3009,16
3009,184
3009,613
3010,529
3011,502
3011,604
3011,613
3011,619
3011,711
3011,858
3011,862
3011,921
3012,123
3012,354
3012,814
3012,828
3013,2
3013,330
3013,418
3013,525
3013,531
3013,613
3013,949
3013,983
3014,25
3014,444
3014,613
3015,48
3015,88
3015,210
3015,466
3015,615
3015,814
3015,888
3016,418
3016,887
3017,25
3017,184
3017,201
3017,225
3017,293
3017,613
3018,220
3018,289
3018,303
3018,327
3018,562
3019,225
3019,344
3019,415
3019,706
3019,741
3020,23
3020,72
3020,140
3020,319
3020,379
3020,577
3020,670
3020,756
3021,546
3021,670
3021,876
3022,476
3022,579
3022,670
3022,928
3023,48
3023,418
3024,200
3024,217
3024,293
3024,613
3024,904
3025,531
3025,684
3025,709
3025,875
3025,876
3025,887
3026,141
3026,294
3026,399
3026,814
3026,928
3026,962
3026,963
3027,25
3027,67
3027,184
3027,201
3027,225
3027,318
3027,613
3027,834
3028,225
3028,344
3028,846
3028,877
3029,24
3029,315
3029,814
3030,48
3030,757
3030,814
3030,862
3030,888
3031,48
3031,476
3031,876
3031,928
3032,163
3032,499
3033,37
3033,177
3033,503
3034,670
3034,756
3034,814
3035,2
3035,200
3035,217
3035,330
3035,418
3035,613
3035,906
3036,144
3036,475
3036,527
3036,711
3036,757
3036,814
3036,862
3037,502
3037,613
3037,711
3037,807
3037,858
3037,862
3038,135
3038,359
3038,613
3039,289
3039,303
3039,562
3039,837
3039,928
3040,146
3040,220
3040,303
3040,327
3041,220
3041,303
3041,471
3042,289
3042,303
3042,562
3042,928
3043,289
3043,303
3043,562
3043,771
3043,817
3043,837
3044,289
3044,303
3044,562
3044,837
3045,289
3045,303
3045,837
3046,289
3046,303
3046,562
3046,837
3047,289
3047,303
3047,562
3047,567
3047,771
3047,777
3047,837
3048,289
3048,303
3048,562
3048,837
3049,289
3049,303
3049,562
3049,777
3049,837
3050,354
3050,444
3050,551
3050,814
3050,828
3051,89
3051,222
3051,444
3051,467
3051,613
3051,855
3052,222
3052,444
3052,467
3052,609
3052,870
3052,893
3053,24
3053,309
3053,613
3054,48
3054,387
3054,531
3054,757
3054,814
3054,862
3054,888
3055,2
3055,418
3055,613
3056,198
3056,348
3056,396
3056,476
3056,579
3056,580
3056,701
3056,928
3057,444
3057,613
3057,855
3057,921
3058,30
3058,37
3058,72
3058,177
3058,457
3058,670
3058,858
3058,863
3059,30
3059,37
3059,72
3059,177
3059,457
3059,670
3059,858
3059,863
3060,184
3060,201
3060,225
3060,293
3060,613
3061,531
3061,711
3061,814
3062,108
3062,527
3063,165
3063,503
3063,529
3063,780
3063,802
3063,803
3064,236
3064,529
3064,802
3064,928
3065,337
3065,562
3065,685
3065,817
3065,824
3066,140
3066,165
3066,503
3066,529
3066,802
3066,803
3066,863
3067,48
3067,814
3067,888
3068,30
3068,48
3068,227
3068,757
3068,814
3068,862
3068,888
3068,912
3068,981
3069,48
3069,814
3069,888
3070,48
3070,88
3070,701
3070,814
3070,888
3070,928
3071,48
3071,155
3071,531
3071,613
3071,928
3072,48
3072,814
3072,888
3073,48
3073,814
3073,888
3074,499
3074,596
3074,751
3074,877
3075,2
3075,33
3075,315
3075,318
3075,613
3076,165
3076,291
3076,503
3076,529
3076,802
3076,820
3077,60
3077,235
3077,299
3077,348
3077,466
3077,536
3078,25
3078,184
3078,201
3078,225
3078,613
3078,972
3079,220
3079,771
3079,908
3080,83
3080,88
3080,379
3080,531
3080,606
3080,814
3080,828
3081,68
3081,711
3081,814
3082,613
3082,711
3083,37
3083,287
3083,441
3083,503
3083,517
3083,685
3083,805
3084,21
3084,200
3084,379
3084,387
3084,527
3084,606
3084,779
3084,814
3084,828
3085,17
3085,21
3085,200
3085,379
3085,387
3085,527
3085,606
3085,814
3085,828
3086,88
3086,200
3086,217
3086,314
3086,606
3086,814
3086,904
3087,88
3087,200
3087,211
3087,314
3087,606
3087,814
3088,198
3088,256
3088,259
3088,320
3088,430
3088,446
3088,606
3088,705
3088,814
3088,903
3088,928
3088,967
3089,352
3089,379
3089,613
3089,711
3090,25
3090,243
3090,400
3090,435
3090,613
3091,613
3091,711
3092,220
3092,471
3092,892
3092,969
3093,146
3093,289
3093,782
3093,837
3093,892
3093,969
3094,30
3094,372
3094,457
3094,613
3094,629
3094,736
3094,858
3094,906
3095,30
3095,372
3095,457
3095,613
3095,629
3095,736
3095,858
3095,906
3096,48
3096,814
3096,888
3097,415
3097,876
3097,887
3098,25
3098,27
3098,184
3098,390
3098,415
3098,613
3098,843
3099,212
3099,419
3099,430
3099,446
3099,587
3099,606
3099,619
3099,693
3099,698
3099,705
3099,724
3099,814
3099,931
3100,131
3100,212
3100,379
3100,419
3100,431
3100,446
3100,587
3100,606
3100,619
3100,639
3100,693
3100,698
3100,705
3100,724
3100,756
3100,814
3100,828
3100,923
3100,931
3101,711
3101,814
3102,531
3102,711
3102,807
3102,814
3102,858
3103,55
3103,141
3103,315
3103,408
3103,814
3104,24
3104,309
3104,354
3104,814
3104,828
3105,30
3105,749
3106,222
3106,536
3106,893
3107,2
3107,315
3107,609
3107,613
3107,906
3108,77
3108,144
3108,387
3108,401
3108,862
3109,77
3110,77
3111,16
3111,30
3111,396
3111,613
3111,906
3112,16
3112,321
3112,352
3112,379
3112,396
3112,613
3113,30
3113,227
3113,396
3113,806
3113,862
3113,912
3114,36
3114,178
3114,327
3114,337
3114,562
3114,741
3114,747
3114,817
3115,36
3115,327
3115,741
3115,960
3116,36
3116,327
3116,337
3116,562
3116,741
3117,36
3117,645
3118,168
3118,198
3118,476
3118,525
3118,876
3118,928
3119,15
3119,30
3119,313
3119,358
3119,606
3119,653
3119,791
3119,814
3120,76
3120,88
3120,606
3120,786
3120,814
3121,88
3121,314
3121,340
3121,531
3121,756
3121,814
3122,525
3122,527
3123,68
3123,525
3123,693
3123,814
3124,112
3124,435
3124,613
3125,30
3125,525
3125,554
3125,752
3126,525
3126,613
3126,849
3127,25
3127,68
3127,144
3127,525
3127,527
3127,613
3128,337
3128,567
3129,114
3129,189
3129,316
3129,418
3129,584
3129,814
3129,983
3130,2
3130,360
3130,418
3130,613
3130,983
3131,30
3131,88
3131,615
3131,749
3131,814
3132,30
3132,68
3132,227
3132,757
3132,814
3132,862
3132,912
3133,30
3133,418
3133,554
3133,814
3134,197
3134,304
3134,606
3134,659
3134,757
3134,814
3134,862
3134,868
3135,396
3135,613
3136,68
3136,243
3136,527
3136,634
3137,83
3137,379
3137,506
3137,531
3137,606
3137,732
3137,814
3137,828
3137,924
3138,21
3138,76
3138,185
3138,314
3138,527
3138,539
3138,606
3138,693
3138,786
3138,814
3139,7
3139,10
3139,225
3139,252
3139,292
3139,706
3139,738
3139,759
3140,30
3140,210
3140,466
3140,525
3140,615
3140,749
3140,814
3141,184
3141,201
3141,225
3141,613
3142,49
3142,146
3142,337
3142,341
3142,567
3142,685
3143,337
3143,567
3143,575
3143,661
3143,782
3143,960
3144,128
3144,613
3144,814
3145,30
3145,251
3145,272
3145,326
3145,348
3145,524
3145,554
3145,784
3145,791
3145,876
3146,30
3146,251
3146,272
3146,326
3146,348
3146,524
3146,554
3146,784
3146,791
3146,876
3147,30
3147,251
3147,272
3147,326
3147,348
3147,524
3147,554
3147,784
3147,791
3147,876
3148,30
3148,251
3148,272
3148,326
3148,348
3148,524
3148,554
3148,784
3148,791
3148,876
3149,68
3149,200
3149,217
3149,284
3149,293
3149,352
3149,379
3149,606
3149,613
3149,700
3149,814
3149,828
3150,30
3150,251
3150,272
3150,326
3150,348
3150,524
3150,554
3150,784
3150,791
3150,876
3151,293
3151,587
3151,606
3151,613
3151,814
3151,850
3152,293
3152,587
3152,613
3153,2
3153,418
3153,525
3153,613
3153,906
3154,418
3154,881
3154,983
3155,187
3155,337
3156,140
3156,319
3156,328
3156,388
3156,503
3157,18
3157,337
3157,782
3158,37
3158,503
3158,863
3159,37
3159,287
3159,503
3159,517
3159,863
3160,140
3160,503
3160,577
3160,863
3161,243
3161,280
3161,527
3161,670
3162,352
3162,373
3162,379
3162,591
3162,613
3162,670
3162,710
3162,732
3162,810
3162,814
3162,828
3163,352
3163,379
3163,613
3163,670
3164,30
3164,37
3164,72
3164,177
3164,342
3164,370
3164,457
3164,670
3164,749
3164,858
3164,863
3165,379
3165,670
3166,379
3166,531
3166,670
3166,814
3166,828
3167,527
3167,670
3168,112
3168,613
3168,670
3169,144
3169,387
3169,527
3169,670
3169,757
3169,814
3170,243
3170,670
3170,870
3171,373
3171,379
3171,591
3171,670
3171,710
3171,732
3171,810
3171,814
3171,828
3172,379
3172,670
3172,814
3172,828
3172,985
3173,30
3173,457
3173,670
3173,858
3174,379
3174,670
3174,814
3174,828
3175,68
3175,525
3175,613
3175,814
3176,670
3176,814
3177,531
3177,670
3177,814
3178,69
3178,337
3178,493
3179,174
3179,321
3179,379
3179,396
3179,626
3179,814
3179,828
3179,928
3180,16
3180,396
3180,613
3181,174
3181,321
3181,379
3181,396
3181,814
3181,828
3182,174
3182,396
3182,814
3183,49
3183,78
3183,377
3183,680
3184,10
3184,163
3184,225
3184,252
3184,292
3184,299
3184,759
3184,877
3184,925
3185,49
3185,289
3185,680
3185,768
3185,777
3185,808
3185,812
3186,36
3186,301
3186,337
3186,567
3187,30
3187,227
3187,430
3187,462
3187,507
3187,912
3188,114
3188,182
3188,418
3188,554
3188,811
3188,814
3188,887
3189,613
3189,711
3190,314
3190,531
3190,693
3190,711
3190,814
3191,68
3191,200
3191,606
3191,814
3192,5
3192,21
3192,144
3192,200
3192,304
3192,387
3192,527
3192,566
3192,630
3192,862
3193,430
3193,462
3193,525
3193,757
3193,814
3194,144
3194,316
3194,527
3194,862
3195,2
3195,33
3195,315
3195,318
3195,609
3195,613
3196,340
3196,531
3196,814
3197,146
3197,150
3198,212
3198,379
3198,587
3198,606
3198,814
3198,828
3199,212
3199,587
3199,606
3199,814
3200,30
3200,40
3200,63
3200,68
3200,206
3200,227
3200,240
3200,287
3200,314
3200,372
3200,385
3200,457
3200,462
3200,507
3200,525
3200,628
3200,656
3200,750
3200,757
3200,814
3200,858
3200,912
3201,243
3201,246
3201,525
3201,531
3201,646
3202,210
3202,693
3202,814
3202,817
3202,878
3202,931
3203,60
3203,299
3203,315
3203,525
3204,596
3204,877
3205,2
3205,315
3205,613
3206,330
3206,474
3206,529
3206,926
3207,503
3207,577
3207,780
3208,23
3208,503
3208,743
3208,780
3208,827
3208,899
3209,146
3209,337
3209,780
3210,25
3210,68
3210,525
3210,613
3210,814
3211,30
3211,55
3211,72
3211,325
3211,418
3211,577
3211,670
3211,858
3212,234
3212,385
3212,387
3212,814
3212,858
3213,418
3214,245
3214,326
3214,340
3214,876
3215,2
3215,387
3215,418
3215,613
3216,757
3216,814
3216,862
3216,981
3217,30
3217,554
3218,68
3218,200
3218,217
3218,293
3218,606
3218,613
3218,814
3218,904
3219,222
3219,307
3219,322
3219,640
3219,655
3219,893
3220,77
3220,430
3221,243
3221,527
3221,531
3221,568
3221,773
3221,944
3222,88
3222,527
3222,615
3222,693
3222,814
3223,340
3223,387
3223,414
3223,479
3223,531
3223,747
3223,814
3223,817
3223,928
3224,30
3224,130
3224,166
3224,227
3224,304
3224,653
3224,791
3224,862
3224,881
3224,912
3225,10
3225,186
3225,225
3225,252
3225,292
3225,759
3225,877
3226,10
3226,186
3226,225
3226,252
3226,292
3226,759
3226,877
3227,10
3227,186
3227,225
3227,252
3227,292
3227,759
3227,877
3228,10
3228,186
3228,225
3228,252
3228,292
3228,596
3228,759
3228,877
3229,10
3229,186
3229,225
3229,252
3229,292
3229,596
3229,751
3229,759
3229,877
3230,36
3230,301
3230,327
3230,741
3231,10
3231,186
3231,225
3231,252
3231,292
3231,759
3231,877
3232,10
3232,186
3232,225
3232,252
3232,292
3232,759
3232,877
3233,36
3233,301
3233,337
3234,330
3234,360
3234,474
3234,529
3235,10
3235,186
3235,225
3235,252
3235,292
3235,569
3235,759
3235,877
3236,293
3236,587
3236,613
3236,631
3236,850
3237,293
3237,352
3237,363
3237,379
3237,613
3237,786
3238,212
3238,243
3238,587
3239,55
3239,418
3239,983
3240,354
3240,626
3240,698
3240,731
3240,814
3240,828
3240,928
3241,438
3241,525
3241,762
3241,862
3241,876
3242,153
3242,471
3242,529
3242,741
3243,135
3243,359
3243,613
3244,135
3244,243
3245,186
3245,741
3246,184
3246,201
3246,225
3246,293
3246,613
3247,123
3247,354
3247,606
3247,814
3247,828
3248,174
3248,321
3248,379
3248,396
3248,814
3248,828
3249,128
3249,314
3249,531
3249,814
3250,128
3250,352
3250,379
3250,613
3251,128
3251,379
3251,814
3251,828
3252,5
3252,21
3252,144
3252,206
3252,256
3252,304
3252,374
3252,527
3252,531
3252,572
3252,606
3252,659
3252,757
3252,773
3252,814
3252,862
3252,913
3253,596
3253,877
3254,289
3254,616
3254,782
3255,29
3255,68
3255,198
3255,256
3255,320
3255,446
3255,520
3255,606
3255,618
3255,621
3255,705
3255,814
3255,823
3255,928
3256,163
3256,186
3256,438
3256,762
3257,30
3257,231
3257,293
3257,313
3257,426
3257,457
3257,554
3257,609
3257,613
3257,674
3257,791
3257,858
3257,906
3258,184
3258,201
3258,225
3258,466
3258,613
3259,146
3259,287
3259,289
3259,372
3259,567
3259,771
3259,782
3259,925
3259,951
3260,212
3260,314
3260,354
3260,506
3260,513
3260,606
3260,693
3260,814
3260,828
3261,236
3261,330
3261,474
3261,529
3262,236
3262,330
3262,474
3262,529
3263,288
3263,354
3263,430
3263,492
3263,613
3264,68
3264,693
3264,711
3264,814
3265,49
3265,87
3265,146
3265,380
3265,771
3265,958
3266,172
3266,604
3266,613
3266,878
3267,327
3267,471
3267,738
3267,741
3268,25
3268,30
3268,130
3268,227
3268,284
3268,304
3268,352
3268,354
3268,462
3268,502
3268,525
3268,613
3268,906
3268,984
3269,69
3269,337
3269,575
3269,661
3269,808
3270,163
3270,658
3270,755
3271,25
3271,30
3271,128
3271,227
3271,475
3271,502
3271,613
3271,862
3271,906
3272,21
3272,24
3272,77
3272,222
3272,309
3272,821
3273,529
3273,685
3273,741
3274,49
3274,220
3274,289
3274,301
3274,583
3274,727
3274,777
3275,354
3275,381
3275,606
3275,814
3275,828
3275,888
3276,256
3276,293
3276,352
3276,379
3276,548
3276,613
3276,850
3276,967
3277,22
3277,293
3277,513
3277,606
3277,613
3277,693
3277,814
3278,290
3278,354
3278,373
3278,606
3278,609
3278,732
3278,810
3278,814
3278,828
3278,909
3279,16
3279,174
3279,321
3279,352
3279,379
3279,396
3279,613
3279,814
3279,828
3279,928
3280,135
3280,379
3280,626
3280,693
3280,814
3280,828
3280,928
3281,321
3281,379
3281,396
3281,531
3281,807
3281,858
3282,78
3282,289
3282,544
3282,717
3282,747
3282,817
3283,256
3283,293
3283,613
3283,650
3283,973
3284,49
3284,69
3284,337
3284,808
3285,198
3285,476
3285,525
3285,579
3285,580
3285,928
3286,25
3286,30
3286,33
3286,130
3286,227
3286,304
3286,502
3286,613
3286,862
3286,906
3286,945
3287,76
3287,606
3287,693
3287,786
3287,814
3288,68
3288,198
3288,200
3288,217
3288,284
3288,293
3288,352
3288,379
3288,606
3288,613
3288,700
3288,814
3288,828
3288,904
3288,928
3289,49
3289,146
3289,186
3289,337
3289,380
3289,685
3289,951
3290,186
3290,289
3290,562
3290,837
3291,184
3291,186
3291,201
3291,220
3291,225
3292,10
3292,225
3292,252
3292,292
3292,453
3292,499
3292,565
3292,596
3292,759
3292,877
3293,76
3293,606
3293,757
3293,786
3293,814
3293,862
3294,613
3294,711
3295,256
3295,314
3295,430
3295,606
3295,814
3295,871
3296,60
3296,245
3296,476
3296,580
3296,638
3296,928
3297,293
3297,352
3297,354
3297,513
3297,606
3297,613
3297,814
3297,828
3298,212
3298,293
3298,352
3298,354
3298,363
3298,513
3298,613
3298,839
3299,212
3299,293
3299,363
3299,513
3299,613
3300,212
3300,293
3300,352
3300,379
3300,513
3300,606
3300,613
3300,693
3300,814
3300,828
3301,33
3301,60
3301,299
3301,546
3301,776
3302,30
3302,40
3302,130
3302,227
3302,293
3302,304
3302,475
3302,502
3302,553
3302,587
3302,613
3302,791
3302,862
3302,906
3303,49
3303,124
3303,146
3303,337
3303,567
3304,108
3304,396
3304,606
3304,757
3304,814
3304,862
3305,69
3305,337
3305,661
3305,741
3305,808
3306,293
3306,348
3306,352
3306,379
3306,613
3306,641
3306,672
3306,834
3306,850
3306,944
3307,146
3307,337
3307,567
3307,658
3308,146
3308,337
3308,493
3308,567
3308,685
3308,782
3309,128
3309,613
3310,30
3310,63
3310,130
3310,200
3310,217
3310,227
3310,304
3310,379
3310,656
3310,791
3310,862
3310,904
3310,912
3310,913
3311,88
3311,531
3311,615
3311,711
3311,814
3312,236
3312,474
3312,529
3312,658
3313,36
3313,49
3313,146
3313,178
3313,301
3313,380
3314,236
3314,330
3314,474
3314,529
3314,658
3315,2
3315,418
3315,613
3315,711
3316,128
3316,243
3316,821
3317,128
3317,814
3318,25
3318,352
3318,379
3318,613
3319,525
3319,705
3319,709
3319,876
3320,587
3320,606
3320,814
3321,243
3321,246
3321,293
3321,400
3321,587
3321,613
3321,850
3322,243
3322,246
3322,293
3322,400
3322,587
3322,613
3322,850
3323,128
3323,475
3323,502
3323,613
3323,757
3323,814
3323,862
3324,243
3324,246
3325,531
3325,615
3325,711
3325,814
3326,30
3326,68
3326,507
3326,613
3326,906
3327,68
3327,379
3327,700
3327,814
3327,828
3328,354
3328,606
3328,609
3328,814
3328,828
3328,909
3329,354
3329,363
3329,373
3329,606
3329,609
3329,732
3329,810
3329,814
3329,828
3329,909
3330,21
3330,24
3330,77
3330,309
3331,25
3331,186
3331,471
3331,525
3331,613
3331,705
3331,741
3331,866
3331,984
3332,330
3332,474
3332,529
3332,926
3333,379
3333,587
3333,606
3333,693
3333,814
3333,828
3334,67
3334,284
3334,324
3334,352
3334,379
3334,525
3334,613
3334,839
3334,984
3335,163
3335,186
3335,235
3335,438
3335,755
3335,762
3336,525
3336,755
3336,876
3337,144
3337,527
3337,757
3337,814
3338,236
3338,330
3338,474
3338,529
3338,685
3339,68
3339,135
3339,348
3339,483
3339,506
3339,606
3339,814
3340,150
3340,327
3340,337
3340,562
3340,741
3341,198
3341,223
3341,289
3341,928
3342,83
3342,606
3342,609
3342,814
3343,83
3343,606
3343,609
3343,814
3344,293
3344,587
3344,606
3344,613
3344,693
3344,698
3344,814
3345,587
3345,606
3345,757
3345,814
3345,862
3346,21
3346,82
3346,262
3346,387
3346,426
3346,527
3346,568
3346,571
3346,587
3346,807
3346,858
3347,293
3347,587
3347,606
3347,613
3347,814
3347,850
3348,240
3348,426
3348,587
3348,805
3348,858
3349,613
3349,691
3349,814
3349,963
3349,980
3350,33
3350,267
3350,354
3350,414
3350,486
3350,609
3350,814
3350,817
3350,828
3351,354
3351,814
3351,828
3352,60
3352,245
3352,299
3352,525
3353,294
3353,531
3353,693
3353,814
3353,869
3353,963
3354,68
3354,88
3354,693
3354,757
3354,814
3355,184
3355,201
3355,225
3355,613
3356,135
3356,245
3356,546
3356,876
3357,135
3357,359
3357,613
3358,240
3358,243
3358,396
3358,710
3358,807
3358,858
3359,172
3359,604
3359,613
3359,878
3359,921
3360,172
3360,604
3360,613
3360,878
3361,25
3361,604
3361,613
3361,878
3362,352
3362,379
3362,431
3362,492
3362,506
3362,531
3362,604
3362,613
3362,698
3362,814
3362,828
3362,878
3362,931
3363,172
3363,352
3363,379
3363,431
3363,506
3363,604
3363,613
3363,814
3363,828
3363,878
3363,921
3363,931
3364,352
3364,379
3364,613
3365,172
3365,379
3365,431
3365,814
3365,828
3365,878
3365,931
3366,112
3366,216
3366,340
3366,604
3366,613
3366,878
3366,921
3367,363
3367,418
3367,814
3368,200
3368,217
3368,304
3368,606
3368,659
3368,757
3368,814
3368,862
3368,904
3369,128
3369,387
3369,502
3369,613
3369,862
3370,30
3370,513
3370,749
3370,791
3370,912
3371,30
3371,227
3371,912
3371,945
3372,163
3373,30
3373,227
3373,354
3373,613
3373,906
3374,877
3375,33
3375,315
3375,609
3376,33
3376,315
3376,609
3377,33
3377,315
3377,609
3378,258
3378,291
3378,319
3378,503
3378,827
3379,297
3379,627
3379,814
3380,135
3380,613
3380,756
3381,68
3381,527
3381,693
3381,814
3382,297
3382,379
3382,418
3382,693
3382,784
3382,814
3382,828
3383,297
3383,784
3383,814
3384,186
3384,225
3384,292
3384,596
3384,603
3384,759
3384,877
3385,200
3385,217
3385,606
3385,814
3385,904
3386,293
3386,613
3386,869
3386,871
3387,73
3387,258
3387,289
3387,291
3387,562
3387,687
3387,827
3388,49
3388,146
3388,186
3388,337
3388,567
3389,68
3389,525
3389,693
3389,757
3389,814
3389,862
3390,21
3390,82
3390,193
3390,348
3390,396
3390,527
3391,661
3391,708
3391,741
3392,5
3392,21
3392,144
3392,200
3392,217
3392,304
3392,527
3392,862
3393,59
3393,131
3393,279
3393,284
3393,352
3393,354
3393,373
3393,525
3393,613
3393,710
3393,732
3393,756
3393,810
3393,814
3393,828
3393,923
3394,19
3394,186
3394,337
3394,782
3395,146
3395,337
3395,685
3395,951
3396,330
3396,418
3396,525
3397,876
3398,236
3398,533
3398,685
3398,741
3398,970
3399,30
3399,443
3399,814
3400,30
3400,68
3400,227
3400,507
3400,862
3400,912
3400,981
3401,55
3401,114
3401,297
3401,405
3401,418
3401,587
3401,606
3401,704
3401,784
3401,814
3402,144
3402,527
3402,757
3402,814
3402,862
3403,17
3403,21
3403,144
3403,162
3403,200
3403,243
3403,527
3403,821
3403,862
3404,293
3404,501
3404,606
3404,613
3404,786
3404,814
3405,30
3405,63
3405,227
3405,488
3405,606
3405,656
3405,693
3405,757
3405,786
3405,791
3405,814
3405,852
3405,862
3405,912
3405,981
3406,316
3406,352
3406,379
3406,613
3407,18
3407,49
3407,146
3407,337
3407,353
3407,567
3407,685
3407,782
3408,525
3408,527
3409,146
3409,337
3409,567
3409,687
3409,780
3410,293
3410,294
3410,352
3410,379
3410,613
3410,691
3410,869
3411,352
3411,379
3411,613
3411,711
3412,212
3412,293
3412,352
3412,379
3412,587
3412,613
3412,921
3413,25
3413,212
3413,293
3413,352
3413,379
3413,587
3413,613
3413,921
3414,25
3414,212
3414,293
3414,352
3414,379
3414,587
3414,613
3414,921
3415,30
3415,63
3415,212
3415,227
3415,587
3415,656
3415,791
3415,806
3415,862
3415,912
3416,212
3416,293
3416,587
3416,613
3416,921
3417,101
3417,220
3417,687
3417,780
3418,220
3418,327
3418,687
3419,289
3419,567
3419,687
3419,780
3420,73
3420,220
3420,289
3420,687
3421,60
3421,160
3421,226
3421,299
3421,525
3422,46
3422,163
3422,272
3422,326
3422,405
3423,438
3423,525
3423,755
3423,876
3424,289
3424,301
3424,567
3424,583
3424,768
3424,808
3425,289
3425,562
3425,732
3425,768
3425,808
3425,812
3425,837
3426,182
3426,418
3426,949
3427,24
3427,112
3427,293
3427,309
3427,314
3427,606
3427,613
3427,814
3428,141
3428,408
3428,531
3428,814
3429,88
3429,757
3429,814
3429,862
3430,220
3430,289
3430,768
3430,808
3430,925
3431,109
3431,197
3431,354
3431,606
3431,814
3431,828
3431,968
3432,197
3432,430
3432,606
3432,814
3433,293
3433,336
3433,613
3433,649
3434,163
3434,299
3434,569
3434,790
3434,925
3435,154
3435,793
3435,814
3435,961
3436,140
3436,503
3436,863
3437,30
3437,200
3437,293
3437,352
3437,379
3437,613
3437,779
3437,791
3437,906
3438,25
3438,184
3438,201
3438,293
3438,613
3439,30
3439,531
3439,912
3440,69
3440,337
3440,395
3441,174
3441,210
3441,321
3441,379
3441,396
3441,531
3441,814
3441,817
3441,828
3442,174
3442,396
3442,814
3443,16
3443,174
3443,321
3443,352
3443,379
3443,396
3443,613
3443,814
3443,828
3444,173
3444,396
3444,527
3444,531
3445,174
3445,321
3445,379
3445,396
3445,814
3445,828
3446,174
3446,321
3446,379
3446,396
3446,814
3446,828
3447,174
3447,396
3447,814
3448,240
3448,340
3448,531
3448,693
3448,858
3449,16
3449,321
3449,352
3449,379
3449,396
3449,613
3450,16
3450,321
3450,352
3450,379
3450,396
3450,613
3451,144
3451,173
3451,387
3451,396
3451,527
3451,531
3451,862
3452,17
3452,21
3452,144
3452,162
3452,200
3452,527
3452,862
3453,352
3453,379
3453,613
3453,756
3453,869
3453,871
3454,37
3454,199
3454,287
3454,372
3454,503
3454,517
3454,780
3454,863
3454,899
3455,21
3455,144
3455,435
3455,475
3455,527
3455,862
3455,981
3456,30
3456,227
3456,525
3456,693
3456,757
3456,814
3456,862
3456,912
3457,337
3457,562
3457,835
3458,83
3458,531
3458,606
3458,693
3458,814
3459,83
3459,293
3459,531
3459,613
3460,83
3460,293
3460,531
3460,613
3461,16
3461,174
3461,321
3461,352
3461,379
3461,396
3461,613
3461,814
3461,828
3462,2
3462,418
3462,525
3462,531
3462,613
3463,21
3463,82
3463,144
3463,193
3463,348
3463,527
3463,531
3463,862
3463,944
3464,596
3464,658
3464,877
3465,226
3465,245
3465,756
3465,876
3466,163
3466,186
3466,453
3466,569
3466,709
3466,741
3466,875
3467,531
3467,613
3467,887
3468,76
3468,606
3468,757
3468,786
3468,814
3468,862
3469,814
3470,30
3470,72
3470,106
3470,670
3470,863
3471,435
3471,527
3471,531
3472,25
3472,243
3472,400
3472,525
3472,613
3473,186
3473,741
3474,186
3474,225
3474,292
3474,596
3474,751
3474,759
3474,877
3475,163
3475,186
3475,272
3475,326
3475,755
3476,200
3476,293
3476,352
3476,379
3476,606
3476,613
3476,630
3476,814
3476,828
3477,814
3478,36
3478,337
3478,562
3478,567
3478,645
3478,950
3479,337
3479,567
3480,379
3480,531
3480,814
3480,828
3481,68
3481,88
3481,314
3481,531
3481,814
3482,5
3482,21
3482,82
3482,144
3482,262
3482,304
3482,387
3482,527
3482,531
3482,566
3482,862
3482,944
3483,87
3483,146
3483,337
3483,567
3483,741
3483,958
3484,186
3484,596
3484,846
3484,877
3485,21
3485,144
3485,396
3485,527
3485,606
3485,757
3485,814
3485,862
3486,88
3486,606
3486,814
3486,887
3487,186
3487,471
3487,741
3488,370
3488,503
3488,863
3489,212
3489,293
3489,587
3489,606
3489,613
3489,814
3490,135
3490,359
3490,613
3491,212
3491,293
3491,587
3491,606
3491,613
3491,814
3492,212
3492,587
3492,606
3492,757
3492,814
3492,862
3492,981
3493,297
3493,693
3493,784
3493,786
3493,814
3493,852
3494,693
3494,814
3495,2
3495,418
3495,613
3496,814
3497,256
3497,293
3497,606
3497,613
3497,814
3498,352
3498,379
3498,613
3498,869
3499,30
3499,227
3499,862
3499,912
3499,981
3500,88
3500,297
3500,606
3500,784
3500,814
3501,814
3501,944
3502,352
3502,379
3502,572
3502,613
3502,631
3503,396
3503,531
3503,613
3504,163
3504,186
3504,438
3504,755
3504,762
3505,6
3505,69
3505,186
3505,337
3506,49
3506,146
3506,337
3506,341
3506,567
3507,706
3507,738
3507,741
3508,710
3508,811
3508,814
3508,887
3509,6
3509,687
3509,741
3510,337
3510,616
3510,782
3511,200
3511,379
3511,606
3511,779
3511,814
3511,828
3512,212
3512,293
3512,587
3512,613
3513,88
3513,200
3513,293
3513,606
3513,613
3513,630
3513,693
3513,814
3514,30
3514,212
3514,227
3514,587
3514,791
3514,862
3514,912
3514,981
3515,212
3515,293
3515,462
3515,502
3515,587
3515,613
3516,212
3516,293
3516,587
3516,613
3516,921
3517,236
3517,418
3518,272
3518,326
3518,587
3518,627
3518,876
3519,41
3519,379
3519,531
3519,606
3519,710
3519,814
3519,828
3520,25
3520,184
3520,201
3520,613
3521,144
3521,435
3521,527
3522,55
3522,418
3522,814
3523,846
3523,877
3524,163
3524,245
3524,438
3524,701
3525,438
3525,876
3526,503
3526,685
3526,863
3527,30
3527,227
3527,862
3527,912
3528,16
3528,112
3528,396
3528,613
3529,525
3529,613
3530,337
3530,658
3530,782
3531,68
3531,693
3531,814
3532,30
3532,68
3532,227
3532,234
3532,240
3532,457
3532,507
3532,656
3532,858
3532,862
3533,144
3533,387
3533,462
3533,527
3534,814
3535,2
3535,418
3535,532
3535,613
3535,784
3536,293
3536,396
3536,606
3536,613
3536,693
3536,710
3536,814
3537,701
3537,755
3537,876
3537,928
3538,340
3538,352
3538,379
3538,613
3539,186
3539,471
3539,741
3540,37
3540,319
3540,423
3540,503
3540,780
3540,803
3540,863
3541,693
3541,757
3541,786
3541,814
3541,852
3541,862
3542,30
3542,128
3542,554
3542,613
3542,921
3543,82
3543,135
3543,300
3543,527
3543,814
3543,864
3544,68
3544,82
3544,243
3544,246
3544,262
3544,527
3545,144
3545,527
3545,862
3546,493
3546,596
3546,877
3547,37
3547,423
3547,503
3547,517
3547,577
3547,803
3547,863
3548,48
3548,297
3548,757
3548,784
3548,814
3548,862
3548,888
3549,25
3549,184
3549,201
3549,613
3550,415
3550,876
3551,68
3551,814
3551,944
3552,68
3552,814
3553,814
3554,340
3554,876
3555,814
3556,68
3556,814
3557,68
3557,814
3558,112
3558,447
3558,613
3558,887
3559,447
3559,531
3559,613
3559,814
3559,887
3560,23
3560,140
3560,503
3560,577
3561,37
3561,177
3561,503
3562,41
3562,59
3562,250
3562,293
3562,606
3562,613
3562,756
3562,814
3562,923
3563,68
3563,144
3563,527
3563,757
3563,814
3564,163
3564,546
3564,658
3564,755
3564,960
3565,337
3565,658
3566,146
3566,337
3566,567
3566,658
3566,685
3567,471
3567,658
3567,741
3568,337
3568,658
3568,685
3568,741
3569,146
3569,337
3569,658
3569,685
3569,960
3570,337
3570,567
3570,658
3570,951
3571,251
3571,326
3571,340
3571,751
3571,755
3571,784
3571,876
3572,340
3572,476
3572,876
3572,928
3573,140
3573,503
3573,577
3574,25
3574,243
3574,400
3574,527
3574,613
3574,670
3574,870
3575,453
3575,471
3575,533
3575,741
3576,68
3576,814
3577,30
3577,135
3577,227
3577,359
3577,502
3577,613
3577,862
3577,906
3578,68
3578,243
3578,646
3578,655
3578,844
3578,858
3579,104
3579,316
3579,613
3579,710
3580,2
3580,418
3580,613
3580,983
3581,25
3581,502
3581,613
3581,649
3581,862
3582,670
3582,755
3582,876
3583,527
3583,670
3583,814
3584,30
3584,457
3584,670
3584,858
3585,670
3585,814
3586,30
3586,130
3586,227
3586,304
3586,502
3586,613
3586,631
3586,906
3587,876
3587,944
3588,474
3588,533
3588,983
3589,474
3589,533
3589,926
3590,27
3590,112
3590,184
3590,293
3590,390
3590,613
3590,843
3591,379
3591,670
3591,814
3591,828
3592,128
3592,293
3592,613
3593,30
3593,72
3593,325
3593,457
3593,670
3593,858
3593,863
3594,131
3594,217
3594,352
3594,379
3594,613
3594,814
3594,828
3594,904
3595,68
3595,217
3595,613
3595,710
3595,904
3596,48
3596,348
3596,379
3596,483
3596,531
3596,606
3596,672
3596,814
3596,828
3596,888
3596,985
3597,613
3597,814
3598,68
3598,234
3598,297
3598,531
3598,693
3598,784
3598,814
3599,453
3599,596
3599,751
3599,877
3599,926
3600,3
3600,379
3600,710
3600,814
3600,828
3601,418
3601,814
3602,3
3602,379
3602,527
3602,985
3603,243
3603,246
3603,525
3603,531
3604,30
3604,130
3604,200
3604,217
3604,227
3604,304
3604,379
3604,606
3604,659
3604,757
3604,791
3604,814
3604,828
3604,904
3605,30
3605,200
3605,217
3605,606
3605,791
3605,814
3605,904
3606,21
3606,200
3606,217
3606,243
3606,246
3606,262
3606,527
3606,568
3606,655
3606,904
3607,30
3607,200
3607,217
3607,606
3607,791
3607,814
3607,904
3608,3
3608,144
3608,527
3608,757
3608,814
3608,862
3609,30
3609,227
3609,387
3609,862
3609,881
3609,912
3610,200
3610,217
3610,284
3610,293
3610,352
3610,379
3610,613
3610,904
3611,30
3611,200
3611,217
3611,606
3611,791
3611,814
3611,904
3611,912
3612,200
3612,217
3612,293
3612,352
3612,379
3612,606
3612,613
3612,814
3612,828
3612,850
3612,904
3613,200
3613,217
3613,293
3613,502
3613,606
3613,613
3613,757
3613,814
3613,904
3614,200
3614,217
3614,606
3614,757
3614,814
3614,904
3615,30
3615,200
3615,217
3615,227
3615,293
3615,502
3615,606
3615,613
3615,757
3615,791
3615,814
3615,904
3615,906
3615,912
3616,186
3616,741
3617,163
3617,186
3617,438
3617,755
3617,762
3618,88
3618,314
3618,814
3619,352
3619,379
3619,525
3619,613
3620,36
3620,337
3620,562
3620,817
3621,443
3621,814
3622,626
3622,698
3622,814
3622,928
3623,435
3623,613
3624,131
3624,340
3624,352
3624,379
3624,531
3624,613
3624,928
3625,88
3625,340
3625,814
3625,817
3626,30
3626,88
3626,227
3626,375
3626,862
3627,587
3627,613
3628,4
3628,55
3628,72
3628,114
3628,418
3628,531
3628,577
3628,670
3629,55
3629,72
3629,114
3629,319
3629,418
3629,577
3629,670
3630,108
3630,131
3630,232
3630,379
3630,531
3630,814
3630,828
3631,17
3631,68
3631,200
3631,606
3631,814
3632,2
3632,72
3632,328
3632,418
3632,577
3632,670
3632,693
3633,4
3633,72
3633,182
3633,325
3633,418
3633,531
3633,670
3633,949
3634,2
3634,418
3634,613
3634,858
3634,949
3635,72
3635,319
3635,370
3635,418
3635,577
3635,670
3636,531
3636,613
3636,887
3637,613
3637,887
3638,243
3638,527
3638,887
3639,539
3639,587
3639,814
3640,197
3640,315
3641,197
3641,430
3641,462
3641,606
3641,757
3641,814
3641,968
3642,474
3642,533
3642,857
3642,872
3643,184
3643,201
3643,220
3643,473
3643,925
3644,182
3644,418
3644,531
3644,887
3644,949
3645,33
3645,77
3645,117
3645,196
3645,222
3645,285
3645,655
3645,870
3646,814
3647,418
3647,531
3647,887
3648,17
3648,25
3648,200
3648,284
3648,293
3648,304
3648,352
3648,379
3648,475
3648,502
3648,606
3648,613
3648,659
3648,757
3648,814
3648,828
3648,862
3649,6
3649,36
3649,146
3649,178
3649,951
3650,30
3650,749
3651,30
3651,227
3651,862
3651,912
3652,68
3652,74
3652,814
3653,200
3653,217
3653,284
3653,352
3653,379
3653,613
3653,814
3653,828
3653,904
3654,2
3654,418
3654,531
3654,613
3654,949
3655,30
3655,234
3655,912
3656,68
3656,243
3656,527
3656,621
3656,821
3657,234
3657,418
3658,87
3658,184
3658,201
3658,741
3659,23
3659,37
3659,69
3659,177
3659,319
3659,503
3659,780
3660,234
3660,531
3660,755
3660,876
3661,2
3661,128
3661,293
3661,418
3661,613
3662,198
3662,245
3662,268
3662,876
3662,928
3663,82
3663,135
3663,144
3663,300
3663,387
3663,527
3663,531
3663,862
3664,814
3665,375
3665,757
3665,814
3666,25
3666,613
3666,814
3667,531
3667,814
3668,348
3668,876
3668,887
3669,337
3669,685
3669,738
3669,782
3670,256
3670,613
3670,871
3670,928
3671,225
3671,292
3671,759
3671,840
3671,846
3671,877
3672,3
3672,379
3672,606
3672,814
3672,828
3673,326
3673,418
3673,784
3673,876
3674,82
3674,144
3674,527
3674,862
3674,944
3675,243
3675,246
3675,525
3675,870
3676,25
3676,184
3676,201
3676,613
3677,757
3677,814
3678,68
3678,144
3678,206
3678,387
3678,527
3679,49
3679,146
3679,337
3679,567
3679,817
3680,2
3680,30
3680,137
3680,293
3680,418
3680,426
3680,554
3680,613
3680,791
3680,858
3680,944
3681,591
3681,670
3681,710
3681,810
3681,814
3682,316
3682,375
3682,527
3683,353
3683,415
3683,706
3683,751
3683,877
3684,163
3684,245
3684,546
3684,960
3685,48
3685,162
3685,243
3685,348
3685,870
3686,37
3686,291
3686,503
3686,860
3686,863
3687,21
3687,68
3687,82
3687,527
3687,944
3688,135
3688,297
3688,405
3688,784
3688,814
3689,235
3689,245
3689,272
3689,326
3689,572
3689,784
3689,876
3690,236
3690,474
3690,533
3691,69
3691,337
3691,380
3691,493
3691,645
3691,664
3691,685
3692,337
3692,658
3692,817
3693,87
3693,146
3693,337
3693,567
3693,958
3694,69
3694,146
3694,186
3694,337
3694,567
3694,685
3695,6
3695,337
3695,453
3695,645
3695,658
3695,685
3696,186
3696,337
3697,30
3697,752
3697,912
3698,335
3698,527
3698,814
3699,25
3699,156
3699,352
3699,379
3699,613
3699,670
3700,68
3700,606
3700,621
3700,693
3700,814
3701,19
3701,186
3701,327
3701,337
3701,562
3701,741
3702,352
3702,379
3702,613
3702,710
3702,814
3702,828
3703,587
3703,613
3704,4
3704,30
3704,37
3704,72
3704,130
3704,227
3704,260
3704,287
3704,304
3704,457
3704,480
3704,531
3704,670
3704,750
3704,858
3704,863
3704,912
3705,15
3705,30
3705,72
3705,227
3705,670
3705,862
3705,863
3706,503
3706,780
3706,863
3706,899
3707,30
3707,72
3707,227
3707,670
3707,862
3707,863
3707,906
3708,15
3708,30
3708,72
3708,227
3708,670
3708,862
3708,863
3709,435
3709,613
3709,710
3710,525
3710,814
3711,218
3711,337
3711,733
3711,988
3712,70
3712,337
3712,567
3713,337
3713,341
3714,68
3714,814
3715,48
3715,88
3715,701
3715,757
3715,814
3715,862
3715,888
3715,928
3716,68
3716,814
3717,531
3717,757
3717,814
3717,862
3718,30
3718,37
3718,72
3718,457
3718,670
3718,858
3718,863
3719,25
3719,68
3719,243
3719,246
3719,400
3719,613
3719,634
3720,25
3720,184
3720,613
3721,453
3721,474
3721,533
3721,658
3721,741
3721,983
3722,140
3722,380
3722,423
3722,503
3722,511
3722,780
3722,803
3722,827
3722,899
3723,37
3723,287
3723,503
3723,517
3723,577
3723,685
3723,863
3724,314
3724,435
3724,757
3724,814
3725,235
3725,435
3725,546
3725,876
3726,25
3726,243
3726,246
3726,400
3726,613
3727,68
3727,396
3727,814
3728,68
3728,814
3729,21
3729,200
3729,217
3729,527
3729,904
3730,68
3730,82
3730,527
3730,750
3730,858
3731,200
3731,217
3731,293
3731,352
3731,379
3731,613
3731,904
3732,68
3732,814
3733,112
3733,613
3733,786
3733,852
3734,55
3734,392
3734,418
3734,814
3735,88
3735,304
3735,387
3735,531
3735,566
3735,659
3735,757
3735,814
3735,862
3736,163
3736,186
3736,569
3736,709
3736,755
3737,146
3737,380
3737,988
3738,49
3738,146
3738,337
3738,567
3738,733
3738,988
3739,69
3739,106
3739,319
3739,503
3739,577
3739,663
3739,780
3739,899
3740,297
3740,373
3740,379
3740,591
3740,670
3740,710
3740,732
3740,810
3740,814
3740,828
3741,37
3741,72
3741,577
3741,670
3741,858
3742,4
3742,23
3742,72
3742,319
3742,379
3742,531
3742,577
3742,670
3742,710
3743,670
3743,693
3743,756
3743,814
3744,68
3744,814
3745,128
3745,156
3745,613
3746,128
3746,243
3746,246
3747,128
3747,243
3747,246
3748,128
3748,243
3748,246
3749,293
3749,352
3749,379
3749,501
3749,606
3749,613
3749,786
3749,814
3749,828
3750,613
3750,711
3750,928
3751,128
3751,506
3751,606
3751,693
3751,757
3751,814
3751,862
3752,36
3752,337
3752,741
3753,814
3754,184
3754,493
3754,613
3754,741
3755,814
3756,68
3756,527
3756,756
3756,814
3756,923
3757,525
3757,613
3757,814
3758,25
3758,184
3758,201
3758,613
3759,245
3759,438
3759,762
3759,862
3759,876
3760,487
3760,596
3760,661
3760,877
3761,272
3761,326
3761,563
3761,705
3761,784
3761,876
3762,546
3762,755
3762,876
3763,182
3763,234
3763,418
3763,475
3764,2
3764,418
3764,525
3764,531
3764,613
3764,983
3765,418
3765,693
3765,814
3766,25
3766,613
3766,670
3767,21
3767,144
3767,206
3767,387
3767,527
3767,531
3767,862
3767,944
3768,396
3768,606
3768,756
3768,814
3768,923
3769,200
3769,217
3769,387
3769,606
3769,693
3769,757
3769,814
3770,30
3770,227
3770,387
3770,502
3770,531
3770,613
3770,862
3770,906
3770,912
3771,108
3771,985
3772,25
3772,613
3772,670
3772,928
3773,198
3773,245
3773,476
3773,525
3773,580
3773,755
3773,876
3773,928
3774,379
3774,501
3774,606
3774,786
3774,814
3774,828
3775,474
3775,533
3776,814
3777,87
3777,474
3777,533
3777,741
3778,25
3778,184
3778,201
3778,613
3779,55
3779,141
3779,418
3779,814
3779,962
3780,135
3780,352
3780,359
3780,379
3780,613
3780,715
3781,135
3781,175
3781,359
3781,613
3782,68
3782,814
3783,68
3783,234
3783,287
3783,527
3783,750
3783,858
3784,814
3785,314
3785,501
3785,606
3785,757
3785,786
3785,814
3786,68
3786,757
3786,814
3786,862
3787,606
3787,649
3787,693
3787,814
3788,606
3788,649
3788,757
3788,814
3789,141
3789,814
3789,962
3790,352
3790,354
3790,613
3791,135
3791,144
3791,300
3791,527
3791,757
3791,814
3791,862
3791,864
3791,981
3792,352
3792,379
3792,613
3792,786
3792,852
3793,352
3793,379
3793,613
3793,756
3793,814
3793,828
3794,392
3794,757
3794,814
3794,981
3795,184
3795,293
3795,613
3796,88
3796,210
3796,466
3796,506
3796,525
3796,531
3796,814
3797,814
3798,190
3799,4
3799,72
3799,82
3799,144
3799,260
3799,387
3799,527
3799,531
3799,577
3799,670
3800,25
3800,48
3800,155
3800,613
3800,814
3800,888
3801,70
3801,327
3801,337
3801,562
3801,741
3802,235
3802,435
3802,876
3803,135
3803,546
3803,862
3803,876
3803,981
3804,144
3804,525
3804,527
3804,757
3804,814
3804,862
3805,235
3805,525
3805,709
3805,876
3806,524
3806,755
3806,876
3807,30
3807,656
3807,912
3808,88
3808,392
3808,527
3809,68
3809,340
3809,379
3809,531
3809,814
3809,817
3809,828
3810,198
3810,476
3810,876
3810,928
3811,379
3811,501
3811,606
3811,693
3811,757
3811,786
3811,814
3811,828
3811,862
3811,981
3812,72
3812,182
3812,418
3812,619
3812,670
3812,949
3813,72
3813,670
3814,200
3814,217
3814,293
3814,352
3814,379
3814,606
3814,613
3814,626
3814,814
3814,828
3814,904
3814,928
3815,591
3815,670
3815,810
3815,814
3816,210
3816,314
3816,606
3816,814
3816,944
3817,372
3817,498
3817,527
3817,750
3817,807
3817,858
3818,379
3818,506
3818,710
3818,814
3818,828
3819,415
3819,565
3819,603
3819,751
3819,877
3819,926
3820,337
3820,575
3820,661
3821,146
3821,150
3821,337
3821,567
3822,6
3822,337
3823,30
3823,137
3823,457
3823,554
3823,646
3823,858
3824,2
3824,55
3824,418
3824,525
3824,613
3824,983
3825,68
3825,587
3825,693
3825,814
3826,337
3826,780
3827,146
3827,337
3827,341
3828,30
3828,131
3828,200
3828,293
3828,352
3828,379
3828,606
3828,613
3828,779
3828,791
3828,814
3828,828
3828,906
3829,163
3829,186
3829,438
3829,755
3830,69
3830,186
3830,645
3830,741
3831,476
3831,525
3831,876
3831,928
3832,15
3832,30
3832,37
3832,72
3832,227
3832,240
3832,260
3832,287
3832,457
3832,670
3832,750
3832,858
3832,863
3832,912
3833,25
3833,184
3833,613
3834,68
3834,82
3834,144
3834,262
3834,527
3834,757
3834,814
3834,862
3835,128
3835,814
3836,55
3836,141
3836,164
3836,297
3836,418
3836,784
3836,814
3836,962
3837,36
3837,49
3837,337
3837,562
3837,741
3838,163
3838,186
3838,245
3838,438
3838,762
3839,243
3839,246
3840,36
3840,337
3840,562
3841,200
3841,217
3841,606
3841,814
3841,904
3842,163
3842,186
3842,569
3842,755
3843,185
3843,314
3843,527
3843,531
3843,693
3843,814
3844,186
3844,337
3844,741
3845,453
3845,533
3845,741
3845,983
3846,146
3846,337
3846,567
3846,661
3846,708
3847,533
3848,5
3848,21
3848,144
3848,200
3848,217
3848,304
3848,527
3848,862
3848,904
3849,68
3849,379
3849,435
3849,814
3849,828
3850,49
3850,69
3850,146
3850,380
3850,487
3850,645
3850,661
3850,685
3851,141
3851,696
3851,876
3852,68
3852,606
3852,811
3852,814
3852,887
3852,903
3853,418
3853,814
3854,348
3854,418
3854,649
3854,709
3854,875
3854,876
3855,379
3855,531
3855,814
3855,828
3856,144
3856,387
3856,435
3856,527
3857,68
3857,88
3857,314
3857,693
3857,814
3858,453
3858,471
3858,533
3858,741
3859,352
3859,379
3859,613
3860,135
3860,352
3860,359
3860,379
3860,613
3860,715
3861,48
3861,155
3861,352
3861,379
3861,613
3862,48
3862,155
3862,352
3862,379
3862,613
3862,814
3862,828
3862,888
3863,48
3863,88
3863,210
3863,314
3863,466
3863,615
3863,814
3863,888
3864,2
3864,55
3864,340
3864,418
3864,613
3864,983
3865,87
3865,327
3865,337
3865,562
3865,741
3865,958
3866,16
3866,174
3866,321
3866,352
3866,379
3866,396
3866,613
3866,693
3866,814
3866,828
3867,41
3867,379
3867,606
3867,814
3867,828
3868,186
3868,596
3868,846
3868,877
3869,30
3869,72
3869,418
3869,423
3869,670
3869,803
3869,863
3870,68
3870,525
3870,814
3871,124
3871,146
3871,337
3871,567
3872,814
3873,131
3873,352
3873,379
3873,525
3873,531
3873,613
3873,710
3874,25
3874,48
3874,68
3874,293
3874,606
3874,613
3874,814
3875,293
3875,352
3875,379
3875,501
3875,613
3875,786
3876,621
3876,876
3877,2
3877,156
3877,418
3877,531
3877,613
3878,68
3878,88
3878,531
3878,814
3878,817
3879,144
3879,475
3879,527
3879,862
3880,6
3880,337
3880,567
3880,575
3880,661
3881,83
3881,379
3881,606
3881,814
3881,828
3882,68
3882,144
3882,527
3882,757
3882,814
3882,981
3883,162
3883,243
3883,246
3883,870
3884,21
3884,48
3884,118
3884,254
3884,527
3884,606
3884,814
3884,888
3885,311
3885,418
3885,670
3886,25
3886,200
3886,293
3886,531
3886,606
3886,613
3886,630
3886,814
3887,375
3887,814
3888,475
3888,757
3888,786
3888,814
3888,852
3888,862
3889,67
3889,613
3889,641
3889,944
3890,68
3890,814
3891,36
3891,337
3891,562
3891,951
3892,163
3892,186
3892,235
3892,245
3892,438
3892,755
3892,762
3893,2
3893,418
3893,531
3893,613
3894,525
3894,613
3894,814
3895,2
3895,156
3895,418
3895,613
3895,906
3896,128
3896,156
3896,613
3897,76
3897,606
3897,693
3897,786
3897,814
3898,37
3898,199
3898,503
3898,780
3898,863
3898,899
3899,293
3899,606
3899,613
3899,621
3899,814
3900,163
3900,186
3900,438
3900,755
3901,418
3901,621
3902,163
3902,658
3902,755
3903,245
3903,272
3903,326
3903,627
3903,755
3903,876
3904,234
3904,406
3904,876
3905,30
3905,457
3905,525
3905,554
3905,807
3905,858
3906,755
3906,876
3907,2
3907,182
3907,418
3907,613
3907,983
3908,21
3908,194
3908,527
3908,606
3908,814
3908,944
3909,337
3909,741
3910,502
3910,613
3910,786
3910,852
3910,862
3911,24
3911,613
3911,693
3911,814
3912,814
3913,17
3913,21
3913,185
3913,200
3913,527
3914,30
3914,736
3914,814
3915,30
3915,243
3915,457
3915,702
3915,844
3915,858
3916,254
3916,527
3916,531
3917,162
3917,243
3917,527
3918,447
3918,613
3918,887
3919,447
3919,531
3919,613
3919,710
3919,814
3919,887
3920,68
3920,746
3920,757
3920,811
3920,814
3920,862
3920,887
3921,2
3921,156
3921,360
3921,418
3921,613
3922,218
3922,337
3922,685
3922,733
3922,782
3922,817
3922,988
3923,70
3923,146
3923,337
3923,567
3924,49
3924,146
3924,218
3924,685
3924,733
3924,988
3925,337
3925,733
3925,741
3925,988
3926,49
3926,146
3926,337
3926,567
3926,685
3926,988
3927,218
3927,337
3927,685
3927,733
3927,782
3927,817
3927,988
3928,48
3928,155
3928,352
3928,379
3928,613
3929,493
3929,741
3930,68
3930,443
3930,757
3930,814
3930,862
3931,6
3931,493
3931,951
3932,36
3932,337
3932,562
3932,685
3933,2
3933,55
3933,104
3933,293
3933,316
3933,418
3933,613
3933,710
3934,306
3934,456
3934,793
3934,814
3934,961
3935,36
3935,178
3935,327
3935,741
3936,131
3936,379
3936,531
3936,814
3936,828
3936,853
3936,881
3937,435
3937,876
3938,379
3938,445
3938,881
3939,297
3939,435
3939,693
3939,814
3940,23
3940,30
3940,72
3940,182
3940,379
3940,418
3940,670
3941,72
3941,418
3941,577
3941,619
3941,670
3942,379
3942,445
3942,814
3942,828
3942,881
3943,4
3943,23
3943,72
3943,319
3943,379
3943,418
3943,492
3943,531
3943,577
3943,670
3944,4
3944,30
3944,37
3944,72
3944,531
3944,577
3944,670
3944,858
3945,234
3945,352
3945,379
3945,613
3946,4
3946,72
3946,182
3946,418
3946,531
3946,619
3946,670
3946,949
3947,72
3947,182
3947,418
3947,619
3947,670
3947,949
3948,36
3948,178
3948,337
3948,782
3949,144
3949,527
3949,757
3949,814
3949,862
3950,606
3950,670
3950,814
3951,245
3951,476
3951,546
3951,775
3951,876
3951,928
3952,69
3952,146
3952,153
3952,337
3952,562
3952,645
3952,664
3952,685
3952,817
3952,950
3953,6
3953,49
3953,337
3953,988
3954,5
3954,21
3954,48
3954,118
3954,144
3954,304
3954,527
3954,862
3955,379
3955,670
3955,756
3955,814
3955,828
3956,68
3956,76
3956,293
3956,606
3956,613
3956,693
3956,786
3956,814
3957,396
3957,531
3957,606
3957,693
3957,757
3957,814
3957,862
3958,68
3958,539
3958,814
3959,25
3959,613
3959,814
3960,814
3961,87
3961,292
3961,415
3961,603
3961,759
3961,846
3961,877
3962,49
3962,186
3962,337
3962,567
3962,685
3963,48
3963,814
3963,888
3964,352
3964,373
3964,379
3964,591
3964,613
3964,670
3964,710
3964,732
3964,810
3965,340
3965,506
3965,531
3965,814
3966,163
3966,186
3966,453
3966,569
3966,709
3966,875
3967,304
3967,396
3967,462
3967,606
3967,659
3967,757
3967,814
3968,163
3968,186
3968,453
3968,569
3968,709
3968,875
3969,186
3969,292
3969,596
3969,759
3969,877
3970,146
3970,487
3970,661
3970,951
3971,48
3971,814
3971,888
3972,30
3972,48
3972,227
3972,434
3972,757
3972,814
3972,862
3972,888
3972,912
3972,981
3973,8
3973,29
3973,68
3973,234
3973,243
3973,527
3973,705
3974,17
3974,200
3974,297
3974,606
3974,704
3974,784
3974,814
3975,327
3975,353
3975,741
3976,153
3976,337
3977,243
3977,276
3977,525
3977,870
3978,786
3978,814
3978,852
3979,25
3979,112
3979,184
3979,201
3979,613
3980,306
3980,317
3980,379
3980,531
3980,822
3980,961
3981,200
3981,217
3981,293
3981,352
3981,379
3981,613
3981,904
3982,185
3982,314
3982,527
3982,786
3982,814
3982,852
3983,88
3983,693
3983,757
3983,775
3983,786
3983,814
3983,852
3983,862
3983,981
3984,49
3984,146
3984,218
3984,337
3984,567
3984,733
3984,988
3985,337
3985,685
3985,733
3985,817
3985,988
3986,27
3986,154
3986,352
3986,379
3986,390
3986,613
3986,822
3986,961
3987,306
3987,387
3987,418
3987,961
3988,88
3988,306
3988,456
3988,698
3988,775
3988,793
3988,814
3988,928
3988,961
3989,17
3989,68
3989,200
3989,293
3989,352
3989,379
3989,606
3989,613
3989,700
3989,814
3989,828
3990,435
3990,613
3991,352
3991,379
3991,445
3991,613
3991,710
3991,881
3992,30
3992,156
3992,166
3992,227
3992,502
3992,613
3992,653
3992,862
3992,906
3993,756
3993,772
3993,876
3993,932
3994,163
3994,186
3994,235
3994,776
3995,6
3995,146
3995,575
3995,661
3996,68
3996,445
3996,606
3996,814
3996,881
3997,25
3997,184
3997,293
3997,613
3998,6
3998,69
3998,186
3998,337
3998,380
3998,645
3998,827
3999,48
3999,155
3999,352
3999,379
3999,613
3999,814
3999,828
3999,888
4000,163
4000,186
4000,569
4000,709
4000,755
4001,49
4001,337
4001,645
4001,685
4001,817
4001,835
4002,25
4002,293
4002,606
4002,613
4002,814
4002,869
4003,293
4003,352
4003,379
4003,531
4003,613
4003,691
4003,980
4004,245
4004,755
4004,775
4004,876
4005,340
4005,814
4006,41
4006,108
4006,379
4006,814
4006,828
4006,985
4007,17
4007,68
4007,200
4007,293
4007,606
4007,613
4007,814
4008,876
4009,76
4009,293
4009,613
4009,786
4010,387
4010,757
4010,814
4010,862
4010,954
4011,293
4011,352
4011,379
4011,501
4011,613
4011,626
4011,786
4011,928
4012,284
4012,293
4012,352
4012,379
4012,501
4012,613
4012,626
4012,786
4012,928
4013,5
4013,21
4013,77
4013,144
4013,304
4013,387
4013,501
4013,531
4013,566
4013,786
4013,862
4014,337
4014,960
4015,200
4015,217
4015,293
4015,606
4015,613
4015,814
4015,904
4016,613
4016,711
4017,174
4017,396
4017,531
4017,710
4017,757
4017,814
4017,862
4018,670
4018,814
4019,474
4019,533
4019,741
4019,827
4020,292
4020,453
4020,596
4020,738
4020,751
4020,759
4020,877
4021,77
4021,144
4021,757
4021,814
4021,862
4022,337
4022,380
4023,48
4023,814
4023,888
4024,48
4024,693
4024,814
4024,888
4025,396
4025,613
4026,37
4026,177
4026,423
4026,503
4026,863
4027,30
4027,48
4027,155
4027,227
4027,434
4027,475
4027,502
4027,613
4027,749
4027,862
4027,906
4028,48
4028,814
4028,888
4029,48
4029,210
4029,379
4029,466
4029,531
4029,615
4029,814
4029,817
4029,828
4029,888
4030,243
4030,246
4031,337
4031,353
4031,645
4031,685
4032,30
4032,37
4032,72
4032,182
4032,325
4032,418
4032,423
4032,670
4032,803
4032,858
4032,949
4033,30
4033,166
4033,227
4033,653
4033,757
4033,814
4033,862
4033,981
4034,68
4034,693
4034,814
4035,243
4035,246
4036,21
4036,77
4036,144
4036,606
4036,757
4036,814
4036,862
4036,944
4037,163
4037,186
4037,326
4037,438
4037,762
4038,30
4038,37
4038,72
4038,457
4038,670
4038,858
4038,863
4039,184
4039,613
4040,68
4040,814
4041,48
4041,814
4041,888
4042,88
4042,348
4042,443
4042,483
4042,606
4042,698
4042,814
4043,68
4043,443
4043,814
4044,37
4044,140
4044,503
4044,863
4045,37
4045,177
4045,503
4045,863
4046,387
4046,531
4046,710
4046,757
4046,814
4046,862
4047,30
4047,68
4047,227
4047,507
4047,862
4047,912
4047,981
4048,251
4048,711
4048,751
4048,876
4049,68
4049,200
4049,606
4049,693
4049,814
4050,106
4050,319
4050,503
4050,577
4050,780
4050,827
4050,899
4051,77
4051,243
4051,246
4051,262
4052,474
4052,533
4052,741
4052,827
4053,88
4053,210
4053,396
4053,466
4053,531
4053,698
4053,775
4053,814
4053,928
4054,69
4054,106
4054,140
4054,319
4054,503
4054,577
4054,780
4054,827
4055,352
4055,379
4055,435
4055,613
4056,337
4056,453
4056,533
4056,741
4056,983
4057,37
4057,140
4057,503
4058,37
4058,260
4058,503
4059,37
4059,140
4059,325
4059,503
4059,743
4059,780
4059,827
4059,863
4059,899
4060,200
4060,217
4060,293
4060,531
4060,606
4060,613
4060,693
4060,814
4060,904
4061,245
4061,775
4061,876
4062,443
4062,626
4062,814
4062,928
4063,418
4063,443
4064,6
4064,186
4064,741
4065,6
4065,151
4065,353
4065,741
4066,337
4066,567
4066,658
4067,292
4067,380
4067,493
4067,596
4067,741
4067,759
4067,877
4068,49
4068,87
4068,146
4068,958
4069,186
4069,741
4070,36
4070,337
4070,562
4071,36
4071,337
4071,562
4071,567
4071,645
4071,950
4072,36
4072,327
4072,337
4072,562
4072,741
4073,140
4073,146
4073,260
4073,261
4073,503
4073,577
4073,863
4074,36
4074,327
4074,741
4075,36
4075,337
4075,562
4075,567
4076,36
4076,337
4076,817
4076,960
4077,36
4077,327
4077,741
4078,6
4078,36
4078,741
4079,36
4079,337
4079,562
4079,645
4079,950
4080,292
4080,421
4080,596
4080,759
4080,877
4081,37
4081,140
4081,325
4081,503
4081,780
4081,827
4081,899
4082,30
4082,227
4082,613
4082,906
4082,981
4083,131
4083,145
4083,232
4083,340
4083,379
4083,414
4083,639
4083,756
4083,814
4083,828
4083,923
4084,69
4084,163
4084,186
4084,292
4084,326
4084,596
4084,759
4084,877
4085,68
4085,814
4086,77
4087,293
4087,348
4087,483
4087,606
4087,613
4087,814
4087,834
4087,944
4088,297
4088,711
4088,784
4088,814
4089,2
4089,156
4089,418
4089,613
4089,949
4090,156
4090,613
4090,711
4091,30
4091,379
4091,554
4091,693
4091,711
4091,775
4091,814
4091,817
4091,828
4092,352
4092,379
4092,435
4092,613
4093,529
4093,549
4093,661
4093,741
4094,6
4094,337
4094,393
4094,567
4094,575
4094,661
4094,717
4095,533
4096,337
4096,380
4096,486
4096,658
4096,685
4096,817
4097,3
4097,352
4097,379
4097,613
4097,855
4098,112
4098,131
4098,324
4098,352
4098,379
4098,613
4099,148
4099,284
4099,293
4099,352
4099,379
4099,532
4099,613
4099,621
4099,627
4099,710
4099,732
4100,418
4100,949
4101,224
4101,337
4101,562
4102,224
4102,337
4102,562
4103,30
4103,111
4103,137
4103,457
4103,525
4103,554
4103,752
4103,858
4104,2
4104,30
4104,55
4104,418
4104,613
4104,906
4105,502
4105,613
4105,862
4106,163
4106,186
4106,569
4106,755
4107,6
4107,337
4107,685
4107,782
4107,817
4107,960
4108,30
4108,37
4108,72
4108,423
4108,457
4108,670
4108,803
4108,858
4108,863
4109,3
4109,379
4109,531
4109,551
4109,615
4109,814
4109,828
4110,2
4110,3
4110,114
4110,352
4110,379
4110,418
4110,551
4110,613
4110,814
4110,828
4110,855
4111,77
4111,82
4111,387
4111,396
4111,531
4111,571
4111,773
4111,814
4112,30
4112,68
4112,77
4112,144
4112,227
4112,379
4112,507
4112,700
4112,862
4112,912
4113,186
4113,337
4114,186
4114,292
4114,596
4114,759
4114,877
4115,146
4115,186
4115,337
4115,960
4116,70
4116,337
4117,22
4117,163
4117,207
4117,487
4117,661
4118,533
4119,68
4119,619
4119,756
4119,814
4119,931
4120,168
4120,207
4120,294
4120,399
4120,476
4120,755
4120,876
4120,928
4120,982
4121,168
4121,207
4121,294
4121,399
4121,476
4121,876
4121,928
4121,982
4122,77
4122,144
4122,746
4122,862
4122,887
4123,30
4123,396
4123,418
4123,554
4123,606
4123,791
4123,814
4124,474
4124,533
4124,658
4125,6
4125,87
4125,453
4125,474
4125,533
4125,685
4125,983
4126,613
4126,711
4126,814
4127,685
4127,824
4128,69
4128,153
4128,337
4129,48
4129,68
4129,232
4129,379
4129,700
4129,756
4129,814
4129,828
4129,888
4130,474
4130,533
4131,474
4131,533
4131,685
4132,670
4132,814
4133,25
4133,385
4133,531
4133,613
4133,670
4133,814
4133,858
4134,83
4134,379
4134,606
4134,710
4134,732
4134,814
4134,828
4135,36
4135,327
4135,741
4136,36
4136,337
4136,562
4137,83
4137,531
4137,606
4137,814
4138,21
4138,77
4138,200
4138,217
4138,243
4138,246
4138,262
4138,655
4138,904
4139,36
4139,146
4139,337
4139,782
4140,164
4140,324
4140,532
4140,613
4140,784
4141,88
4141,340
4141,414
4141,486
4141,775
4141,814
4141,817
4142,474
4142,533
4142,658
4143,314
4143,340
4143,414
4143,531
4143,693
4143,814
4144,30
4144,227
4144,752
4144,862
4144,912
4145,245
4145,755
4145,775
4145,876
4146,337
4146,353
4146,817
4147,150
4147,741
4147,827
4148,163
4148,198
4148,476
4148,780
4148,928
4149,474
4149,533
4149,926
4150,206
4150,606
4150,814
4150,881
4151,166
4151,379
4151,626
4151,928
4152,156
4152,166
4152,352
4152,379
4152,613
4153,30
4153,166
4153,227
4153,862
4153,981
4154,156
4154,166
4154,613
4155,131
4155,156
4155,166
4155,352
4155,379
4155,604
4155,613
4155,619
4156,243
4156,525
4157,166
4157,352
4157,379
4157,613
4157,814
4157,828
4158,30
4158,166
4158,457
4158,653
4158,807
4158,858
4159,156
4159,166
4159,352
4159,379
4159,613
4160,30
4160,166
4160,613
4160,806
4160,906
4161,30
4161,156
4161,166
4161,613
4161,906
4162,30
4162,166
4162,531
4162,653
4163,30
4163,166
4163,352
4163,379
4163,531
4163,613
4163,653
4163,906
4164,166
4164,502
4164,613
4164,862
4165,166
4165,502
4165,613
4165,862
4166,156
4166,166
4166,613
4166,858
4167,156
4167,166
4167,502
4167,531
4167,539
4167,613
4167,757
4167,814
4167,817
4167,862
4168,166
4168,379
4168,807
4168,858
4169,30
4169,166
4169,613
4169,814
4169,906
4170,30
4170,166
4170,613
4170,906
4171,166
4171,502
4171,613
4171,862
4172,30
4172,166
4172,613
4172,653
4172,906
4173,21
4173,68
4173,77
4173,82
4173,144
4173,200
4173,217
4173,606
4173,693
4173,757
4173,814
4173,862
4174,21
4174,77
4174,200
4174,243
4174,246
4174,262
4174,779
4175,36
4175,474
4175,533
4176,36
4176,236
4176,474
4176,533
4177,77
4177,144
4177,757
4177,814
4177,862
4177,981
4178,106
4178,319
4178,325
4178,328
4178,503
4178,780
4178,899
4179,606
4179,670
4179,710
4179,814
4180,2
4180,418
4180,525
4180,613
4180,983
4181,30
4181,749
4181,912
4182,245
4182,546
4182,775
4182,876
4183,49
4183,337
4183,685
4184,49
4184,146
4184,218
4184,337
4184,380
4184,988
4185,396
4185,613
4186,396
4186,757
4186,814
4186,862
4187,396
4187,502
4187,613
4187,862
4188,396
4188,502
4188,613
4188,862
4189,72
4189,140
4189,328
4189,388
4189,613
4189,670
4190,4
4190,37
4190,72
4190,531
4190,670
4190,858
4191,76
4191,293
4191,613
4191,786
4192,30
4192,130
4192,156
4192,227
4192,293
4192,304
4192,324
4192,501
4192,613
4192,786
4192,791
4192,906
4193,814
4194,531
4194,814
4195,2
4195,418
4195,613
4195,814
4196,814
4197,88
4197,814
4198,135
4198,385
4198,426
4198,606
4198,814
4198,858
4199,337
4199,493
4199,782
4199,817
4200,25
4200,30
4200,151
4200,293
4200,396
4200,426
4200,457
4200,613
4200,791
4200,858
4200,906
4201,198
4201,245
4201,476
4201,525
4201,580
4201,775
4201,876
4201,928
4202,77
4202,243
4202,525
4202,646
4202,655
4202,750
4202,844
4202,858
4203,2
4203,55
4203,418
4203,613
4204,30
4204,243
4204,457
4204,646
4204,655
4204,761
4204,844
4204,858
4205,30
4205,615
4205,749
4205,814
4206,3
4206,551
4206,613
4206,814
4206,855
4207,3
4207,243
4207,247
4207,379
4208,25
4208,68
4208,613
4208,814
4209,532
4209,613
4209,775
4209,784
4209,814
4210,2
4210,418
4210,613
4210,711
4210,807
4210,858
4210,949
4211,68
4211,88
4211,435
4211,532
4211,613
4212,72
4212,140
4212,328
4212,388
4212,613
4212,670
4213,613
4213,670
4214,293
4214,352
4214,379
4214,520
4214,613
4214,621
4214,626
4214,928
4215,48
4215,155
4215,475
4215,502
4215,613
4215,757
4215,814
4215,862
4215,888
4216,77
4216,82
4216,262
4217,146
4217,337
4217,341
4217,567
4218,151
4218,341
4218,380
4218,741
4219,190
4220,68
4220,525
4220,693
4220,814
4221,48
4221,155
4221,613
4222,30
4222,48
4222,418
4222,434
4222,531
4222,554
4222,807
4222,858
4222,949
4223,25
4223,27
4223,306
4223,390
4223,613
4223,843
4223,961
4224,30
4224,48
4224,227
4224,606
4224,757
4224,791
4224,814
4224,862
4224,945
4225,76
4225,293
4225,613
4225,786
4226,55
4226,392
4226,418
4226,704
4226,784
4227,243
4227,246
4227,531
4227,821
4228,77
4228,82
4228,392
4228,814
4229,77
4229,144
4229,862
4230,88
4230,775
4230,814
4231,6
4231,186
4231,337
4231,645
4231,685
4232,48
4232,88
4232,210
4232,314
4232,466
4232,814
4232,817
4232,888
4233,49
4233,218
4233,337
4233,567
4233,988
4234,154
4234,531
4234,793
4234,814
4234,961
4235,48
4235,155
4235,613
4236,337
4237,379
4237,531
4237,670
4237,814
4237,828
4238,314
4238,670
4238,814
4238,817
4239,373
4239,379
4239,591
4239,670
4239,710
4239,732
4239,810
4240,76
4240,606
4240,786
4240,814
4241,76
4241,379
4241,606
4241,786
4241,814
4241,828
4242,76
4242,379
4242,606
4242,786
4242,814
4242,828
4243,337
4243,493
4243,562
4244,621
4244,755
4244,876
4245,531
4245,613
4245,711
4245,814
4246,619
4246,693
4246,711
4246,814
4246,931
4247,2
4247,418
4247,613
4247,711
4247,814
4248,711
4248,757
4248,814
4248,862
4249,613
4249,711
4249,807
4249,858
4250,613
4250,626
4250,711
4250,928
4251,613
4251,711
4251,814
4252,604
4252,613
4252,619
4252,711
4252,858
4253,418
4253,711
4254,531
4254,615
4254,711
4254,814
4255,186
4255,337
4255,562
4255,928
4256,163
4256,186
4256,438
4257,447
4257,502
4257,613
4257,746
4257,862
4257,887
4257,906
4258,447
4258,531
4258,613
4258,887
4259,352
4259,379
4259,447
4259,613
4259,814
4259,828
4259,887
4260,25
4260,184
4260,201
4260,613
4261,3
4261,243
4261,246
4261,247
4262,49
4262,146
4262,493
4262,685
4263,153
4263,337
4263,567
4264,3
4264,352
4264,379
4264,613
4264,855
4265,168
4265,207
4265,235
4265,294
4265,399
4265,476
4265,755
4265,876
4265,928
4265,982
4266,474
4266,533
4266,741
4267,757
4267,814
4267,862
4268,25
4268,613
4268,649
4268,814
4269,814
4270,337
4270,988
4271,6
4271,146
4271,337
4271,567
4271,766
4271,988
4272,337
4272,685
4272,766
4272,988
4273,474
4273,533
4273,738
4274,429
4274,814
4275,429
4275,613
4275,814
4276,77
4276,135
4276,243
4276,387
4277,77
4277,144
4277,435
4278,131
4278,379
4278,435
4278,814
4278,828
4279,77
4279,387
4279,531
4279,862
4279,887
4280,5
4280,21
4280,77
4280,144
4280,200
4280,217
4280,304
4280,387
4280,566
4280,862
4280,904
4281,200
4281,217
4281,284
4281,293
4281,352
4281,379
4281,606
4281,613
4281,814
4281,828
4281,904
4282,76
4282,293
4282,352
4282,379
4282,613
4282,786
4283,30
4283,200
4283,217
4283,379
4283,606
4283,615
4283,749
4283,791
4283,814
4283,828
4283,904
4284,2
4284,293
4284,408
4284,418
4284,531
4284,613
4284,626
4284,871
4284,928
4285,200
4285,217
4285,293
4285,352
4285,379
4285,492
4285,606
4285,613
4285,814
4285,828
4285,904
4286,131
4286,200
4286,217
4286,293
4286,352
4286,379
4286,606
4286,613
4286,814
4286,828
4286,904
4287,30
4287,200
4287,217
4287,227
4287,656
4287,791
4287,862
4287,904
4287,912
4287,981
4288,25
4288,200
4288,217
4288,293
4288,426
4288,606
4288,613
4288,807
4288,814
4288,858
4288,904
4289,30
4289,156
4289,200
4289,217
4289,293
4289,606
4289,613
4289,791
4289,814
4289,904
4289,906
4290,21
4290,77
4290,82
4290,200
4290,217
4290,606
4290,814
4290,904
4291,474
4291,533
4291,741
4292,36
4292,236
4292,474
4292,533
4293,337
4294,198
4294,476
4294,580
4294,701
4294,876
4294,928
4295,352
4295,379
4295,613
4295,814
4295,828
4296,36
4296,131
4296,327
4296,337
4296,562
4296,741
4297,124
4297,337
4297,562
4298,69
4298,124
4298,327
4298,732
4298,741
4298,827
4299,30
4299,752
4299,814
4299,912
4300,69
4300,124
4300,327
4300,732
4300,741
4300,827
4301,124
4301,337
4301,562
4301,645
4301,950
4302,124
4302,327
4302,741
4302,827
4303,124
4303,337
4304,25
4304,613
4304,711
4304,814
4305,156
4305,184
4305,201
4305,364
4305,613
4306,293
4306,429
4306,613
4307,88
4307,210
4307,340
4307,466
4307,531
4307,775
4307,814
4307,817
4308,25
4308,162
4308,243
4308,387
4308,400
4308,525
4308,613
4308,844
4308,858
4308,870
4309,76
4309,293
4309,613
4309,786
4310,76
4310,293
4310,324
4310,352
4310,379
4310,613
4310,786
4311,76
4311,293
4311,324
4311,352
4311,379
4311,613
4311,786
4312,5
4312,21
4312,77
4312,144
4312,262
4312,304
4312,445
4312,826
4312,862
4312,881
4313,21
4313,76
4313,77
4313,144
4313,387
4313,786
4313,862
4314,68
4314,243
4314,535
4315,443
4315,693
4315,814
4316,2
4316,360
4316,418
4316,613
4317,77
4317,262
4317,443
4317,664
4317,710
4317,750
4317,858
4318,7
4318,225
4318,292
4318,741
4318,759
4318,840
4319,25
4319,27
4319,85
4319,154
4319,390
4319,502
4319,613
4319,757
4319,793
4319,814
4319,862
4319,961
4320,234
4320,243
4320,535
4321,613
4321,814
4322,7
4323,3
4323,77
4323,243
4323,247
4323,688
4324,48
4324,814
4324,888
4325,3
4325,243
4325,247
4325,379
4326,88
4326,200
4326,217
4326,506
4326,606
4326,775
4326,814
4326,904
4327,184
4327,613
4328,814
4328,928
4329,326
4329,784
4329,876
4330,613
4330,814
4331,379
4331,531
4331,814
4331,828
4332,814
4333,326
4333,784
4333,876
4334,613
4335,352
4335,379
4335,613
4335,698
4335,814
4335,828
4336,352
4336,379
4336,613
4337,37
4337,106
4337,140
4337,146
4337,260
4337,325
4337,503
4337,780
4337,827
4337,899
4338,156
4338,293
4338,587
4338,613
4339,146
4339,337
4339,575
4339,661
4339,960
4340,135
4340,359
4340,613
4341,186
4341,453
4341,741
4342,69
4342,327
4342,337
4342,562
4342,564
4342,661
4342,708
4342,717
4342,732
4342,741
4343,2
4343,27
4343,154
4343,363
4343,390
4343,418
4343,613
4343,961
4344,379
4344,531
4344,670
4344,814
4344,828
4345,124
4345,337
4345,380
4346,190
4347,546
4347,755
4347,826
4347,876
4348,88
4348,314
4348,693
4348,775
4348,814
4349,613
4349,814
4350,698
4350,814
4351,150
4351,337
4352,375
4352,418
4352,474
4352,533
4352,983
4353,186
4353,337
4353,562
4353,685
4354,18
4354,327
4354,337
4354,353
4354,562
4354,567
4354,741
4355,163
4355,186
4355,438
4355,762
4356,292
4356,596
4356,658
4356,759
4356,877
4357,435
4357,613
4358,30
4358,37
4358,72
4358,177
4358,325
4358,423
4358,506
4358,517
4358,670
4358,858
4359,76
4359,293
4359,606
4359,613
4359,693
4359,786
4359,814
4360,76
4360,293
4360,613
4360,786
4361,76
4361,606
4361,757
4361,786
4361,814
4361,862
4362,76
4362,293
4362,606
4362,613
4362,693
4362,786
4362,814
4363,379
4363,418
4363,814
4363,828
4364,327
4364,741
4364,988
4365,6
4365,146
4365,186
4365,337
4365,380
4365,827
4365,951
4365,960
4366,341
4366,474
4366,533
4366,983
4367,25
4367,156
4367,502
4367,613
4367,711
4367,862
4367,981
4368,352
4368,379
4368,443
4368,613
4368,814
4368,828
4369,373
4369,379
4369,591
4369,670
4369,710
4369,732
4369,810
4369,814
4369,828
4370,311
4370,418
4370,670
4371,30
4371,227
4371,457
4371,502
4371,525
4371,613
4371,752
4371,805
4371,858
4371,862
4371,906
4372,88
4372,340
4372,475
4372,754
4372,757
4372,814
4372,862
4373,379
4373,396
4373,606
4373,701
4373,814
4373,828
4374,327
4374,337
4374,508
4374,562
4374,564
4374,661
4374,717
4374,741
4375,184
4375,201
4375,613
4376,25
4376,175
4376,293
4376,613
4377,48
4377,77
4377,88
4377,118
4377,814
4377,888
4378,55
4378,88
4378,418
4378,693
4378,775
4378,814
4379,474
4379,533
4379,983
4380,415
4380,658
4380,877
4381,21
4381,77
4381,254
4381,531
4381,606
4381,814
4381,887
4382,131
4382,379
4382,807
4382,814
4382,828
4382,858
4383,55
4383,418
4383,626
4383,731
4383,775
4383,928
4384,2
4384,387
4384,418
4384,531
4384,613
4384,949
4385,243
4385,246
4385,634
4386,2
4386,352
4386,379
4386,418
4386,613
4386,626
4386,710
4386,732
4386,928
4386,946
4387,68
4387,88
4387,615
4387,693
4387,775
4387,814
4388,21
4388,41
4388,77
4388,606
4388,710
4388,814
4389,533
4390,533
4390,658
4390,741
4391,503
4391,533
4391,780
4391,899
4392,487
4392,661
4392,741
4393,418
4393,443
4393,949
4394,77
4394,443
4394,613
4394,814
4395,236
4395,360
4395,533
4395,970
4396,352
4396,379
4396,443
4396,613
4397,30
4397,68
4397,227
4397,757
4397,814
4397,862
4398,199
4398,503
4398,533
4398,780
4398,803
4398,863
4399,30
4399,88
4399,525
4399,531
4399,615
4399,749
4399,814
4400,25
4400,30
4400,227
4400,502
4400,525
4400,613
4400,862
4400,906
4400,912
4401,36
4401,337
4401,435
4401,741
4401,814
4402,200
4402,293
4402,502
4402,606
4402,613
4402,757
4402,814
4402,815
4402,862
4403,3
4403,88
4403,297
4403,418
4403,606
4403,775
4403,784
4403,814
4404,392
4404,653
4404,755
4404,841
4404,876
4404,976
4405,200
4405,293
4405,352
4405,379
4405,606
4405,613
4405,814
4405,815
4405,828
4406,200
4406,293
4406,352
4406,379
4406,613
4406,815
4407,200
4407,379
4407,606
4407,814
4407,815
4407,828
4408,200
4408,379
4408,606
4408,814
4408,815
4408,828
4409,200
4409,379
4409,506
4409,606
4409,814
4409,815
4409,828
4410,70
4410,533
4411,236
4411,474
4411,533
4411,658
4412,613
4412,711
4413,156
4413,352
4413,379
4413,613
4413,711
4414,531
4414,613
4414,711
4415,30
4415,227
4415,396
4415,502
4415,613
4415,862
4415,906
4416,135
4416,775
4416,814
4416,903
4417,200
4417,217
4417,293
4417,297
4417,352
4417,379
4417,531
4417,532
4417,606
4417,613
4417,784
4417,814
4417,828
4417,904
4418,36
4418,337
4418,562
4419,2
4419,55
4419,182
4419,418
4419,613
4419,983
4420,151
4420,379
4420,396
4420,531
4420,606
4420,814
4420,828
4421,68
4421,606
4421,693
4421,786
4421,814
4422,186
4422,292
4422,453
4422,596
4422,751
4422,759
4422,877
4423,163
4423,186
4424,48
4424,155
4424,613
4425,48
4425,112
4425,155
4425,613
4426,68
4426,77
4426,144
4426,757
4426,814
4426,862
4427,30
4427,76
4427,156
4427,293
4427,613
4427,786
4427,791
4427,806
4427,906
4428,352
4428,379
4428,613
4428,670
4429,25
4429,68
4429,76
4429,293
4429,613
4429,786
4430,21
4430,76
4430,77
4430,606
4430,615
4430,693
4430,786
4430,814
4431,21
4431,76
4431,77
4431,156
4431,293
4431,613
4431,786
4432,88
4432,314
4432,501
4432,606
4432,693
4432,775
4432,786
4432,814
4433,184
4433,201
4433,487
4433,661
4433,741
4434,418
4434,814
4435,186
4435,471
4435,741
4436,337
4436,493
4436,741
4437,37
4437,503
4437,577
4437,743
4437,780
4437,863
4437,899
4438,711
4438,814
4439,25
4439,184
4439,201
4439,613
4440,379
4440,711
4440,756
4440,814
4440,828
4441,30
4441,352
4441,379
4441,554
4441,613
4441,711
4441,814
4441,828
4442,348
4442,443
4442,476
4442,755
4442,876
4442,928
4443,2
4443,55
4443,182
4443,418
4443,613
4443,705
4443,866
4444,68
4444,352
4444,379
4444,613
4444,700
4444,711
4444,814
4444,828
4445,30
4445,40
4445,151
4445,227
4445,330
4445,443
4445,475
4445,656
4445,791
4445,862
4445,912
4446,25
4446,112
4446,502
4446,531
4446,613
4446,711
4446,862
4447,68
4447,234
4447,693
4447,814
4448,876
4449,163
4449,186
4449,755
4450,184
4450,575
4450,661
4450,741
4451,194
4451,531
4451,757
4451,814
4451,981
4452,360
4452,418
4452,949
4453,200
4453,293
4453,352
4453,379
4453,613
4453,779
4454,7
4455,30
4455,200
4455,217
4455,227
4455,606
4455,757
4455,791
4455,814
4455,862
4456,301
4456,337
4456,583
4456,741
4456,782
4457,69
4457,301
4457,327
4457,337
4457,562
4457,583
4457,732
4457,741
4457,782
4458,301
4458,327
4458,583
4458,741
4459,301
4459,337
4459,562
4459,583
4460,131
4460,301
4460,337
4460,562
4460,583
4461,301
4461,327
4461,337
4461,562
4461,583
4461,741
4461,817
4462,301
4462,337
4462,583
4463,77
4463,144
4463,862
4464,2
4464,55
4464,182
4464,418
4464,613
4465,30
4465,227
4465,396
4465,502
4465,613
4465,862
4465,906
4466,88
4466,525
4466,775
4466,814
4466,928
4467,418
4467,525
4467,531
4467,949
4468,49
4468,146
4468,337
4468,341
4468,567
4468,685
4469,328
4469,503
4469,533
4469,780
4470,186
4470,292
4470,759
4470,846
4470,877
4471,487
4471,645
4471,661
4471,741
4472,163
4472,186
4473,186
4473,337
4473,453
4474,48
4474,77
4474,82
4474,118
4474,144
4474,615
4474,757
4474,814
4474,862
4474,888
4474,981
4475,48
4475,88
4475,210
4475,466
4475,693
4475,775
4475,814
4475,888
4476,243
4476,525
4476,805
4476,844
4476,858
4477,108
4477,531
4477,670
4477,814
4478,245
4478,272
4478,326
4478,627
4478,775
4478,876
4479,2
4479,352
4479,379
4479,418
4479,613
4480,69
4480,337
4480,493
4480,567
4480,645
4480,664
4481,613
4481,711
4482,30
4482,227
4482,711
4482,784
4482,862
4482,912
4483,531
4483,613
4483,711
4484,77
4484,144
4484,185
4484,314
4484,531
4484,711
4484,757
4484,775
4484,814
4484,862
4484,981
4485,352
4485,379
4485,613
4485,711
4486,297
4486,373
4486,379
4486,591
4486,670
4486,710
4486,732
4486,810
4486,814
4486,828
4487,417
4487,525
4487,532
4487,604
4487,613
4487,619
4487,784
4488,438
4488,762
4488,862
4488,876
4489,163
4489,438
4489,493
4489,762
4490,337
4490,738
4491,245
4491,326
4491,621
4491,627
4491,755
4491,775
4491,876
4492,48
4492,155
4492,502
4492,613
4492,862
4493,48
4493,210
4493,379
4493,466
4493,531
4493,615
4493,814
4493,817
4493,828
4493,888
4494,30
4494,48
4494,227
4494,434
4494,757
4494,814
4494,862
4494,888
4494,981
4495,48
4495,155
4495,352
4495,379
4495,613
4496,48
4496,77
4496,82
4496,118
4496,814
4496,888
4497,48
4497,531
4497,814
4497,888
4498,48
4498,77
4498,118
4498,814
4498,888
4499,48
4499,814
4499,888
4500,48
4500,155
4500,352
4500,379
4500,613
4501,88
4501,613
4501,670
4501,814
4502,68
4502,88
4502,200
4502,606
4502,693
4502,775
4502,779
4502,814
4503,124
4503,337
4503,741
4504,184
4504,201
4504,364
4504,613
4505,255
4505,292
4505,415
4505,661
4505,708
4505,759
4505,877
4506,30
4506,293
4506,426
4506,457
4506,613
4506,791
4506,858
4506,906
4506,930
4507,18
4507,69
4507,337
4507,353
4507,782
4508,352
4508,379
4508,613
4508,711
4509,435
4509,613
4510,474
4510,533
4510,983
4511,68
4511,77
4512,245
4512,326
4512,340
4512,775
4512,876
4513,337
4513,567
4513,575
4513,661
4513,741
4514,25
4514,68
4514,200
4514,217
4514,293
4514,352
4514,379
4514,613
4514,700
4514,904
4514,981
4515,168
4515,186
4515,292
4515,759
4515,877
4515,928
4516,379
4516,387
4516,531
4516,757
4516,814
4516,828
4517,2
4517,418
4517,613
4518,88
4518,297
4518,314
4518,711
4518,784
4518,814
4519,77
4519,144
4519,185
4519,314
4519,387
4519,693
4519,711
4519,757
4519,814
4519,862
4520,25
4520,88
4520,108
4520,613
4520,711
4520,775
4520,814
4521,532
4521,613
4521,710
4521,711
4521,784
4522,352
4522,379
4522,613
4522,711
4523,337
4523,533
4523,741
4523,988
4524,352
4524,379
4524,613
4524,711
4525,319
4525,474
4525,503
4525,533
4525,803
4525,928
4526,360
4526,418
4526,520
4526,572
4526,626
4526,717
4526,928
4527,531
4527,814
4528,25
4528,613
4528,670
4529,670
4529,710
4529,810
4529,814
4530,418
4531,272
4531,326
4531,627
4531,876
4532,30
4532,197
4532,329
4532,379
4532,606
4532,791
4532,814
4532,828
4533,755
4533,871
4533,876
4534,6
4534,18
4534,69
4534,353
4534,732
4535,18
4535,69
4535,337
4535,353
4535,562
4535,732
4535,899
4536,88
4536,531
4536,814
4537,197
4537,709
4537,755
4537,875
4537,876
4538,6
4538,69
4538,124
4538,146
4538,337
4539,198
4539,245
4539,476
4539,775
4539,876
4539,928
4540,443
4540,814
4541,387
4541,418
4541,443
4542,379
4542,531
4542,814
4542,828
4543,30
4543,72
4543,111
4543,670
4543,863
4544,60
4544,163
4544,186
4544,245
4544,272
4544,326
4544,755
4544,818
4545,184
4545,613
4546,124
4546,327
4546,645
4546,741
4547,613
4547,711
4548,814
4549,69
4549,337
4549,353
4549,562
4549,685
4549,732
4549,824
4550,60
4550,776
4550,876
4551,59
4551,68
4551,613
4551,756
4551,814
4551,923
4552,88
4552,531
4552,542
4552,814
4553,69
4553,353
4553,685
4553,732
4554,352
4554,379
4554,613
4554,711
4555,711
4555,814
4556,531
4556,613
4556,710
4556,711
4556,814
4557,108
4557,711
4557,814
4558,379
4558,416
4558,492
4558,525
4558,531
4558,814
4558,828
4558,985
4559,30
4559,227
4559,314
4559,531
4559,711
4559,757
4559,775
4559,814
4559,862
4559,912
4559,981
4560,68
4560,525
4560,531
4560,756
4560,775
4560,814
4560,923
4561,59
4561,131
4561,352
4561,379
4561,613
4561,710
4561,732
4561,756
4561,814
4561,828
4561,923
4562,30
4562,63
4562,227
4562,396
4562,606
4562,757
4562,791
4562,814
4562,862
4562,912
4563,6
4563,453
4563,474
4563,533
4563,685
4563,741
4564,60
4564,163
4564,235
4564,546
4564,658
4564,776
4564,960
4565,6
4565,337
4565,661
4566,613
4566,711
4566,814
4567,447
4567,613
4567,887
4568,606
4568,757
4568,814
4568,862
4568,871
4569,352
4569,379
4569,613
4569,670
4569,807
4569,858
4570,60
4570,709
4570,876
4571,88
4571,525
4571,531
4571,693
4571,775
4571,814
4572,613
4572,670
4572,814
4573,30
4573,531
4573,606
4573,615
4573,653
4573,749
4573,791
4573,814
4573,817
4573,881
4573,897
4574,25
4574,175
4574,613
4575,814
4576,112
4576,184
4576,613
4577,352
4577,379
4577,613
4577,711
4578,29
4578,68
4578,446
4578,525
4578,705
4578,757
4578,814
4578,862
4579,379
4579,435
4579,606
4579,814
4579,828
4580,613
4580,710
4580,711
4581,124
4581,146
4581,337
4581,567
4582,2
4582,418
4582,613
4583,418
4584,77
4584,144
4584,387
4584,531
4584,757
4584,814
4584,817
4584,862
4585,60
4585,163
4585,186
4585,755
4585,762
4585,829
4586,453
4586,471
4586,658
4586,741
4587,21
4587,26
4587,77
4587,144
4587,197
4587,606
4587,757
4587,814
4587,862
4587,868
4588,373
4588,379
4588,591
4588,670
4588,710
4588,732
4588,810
4588,814
4588,828
4589,453
4589,533
4589,741
4590,2
4590,387
4590,418
4590,613
4591,2
4591,55
4591,418
4591,613
4592,55
4592,418
4592,531
4593,48
4593,68
4593,814
4594,2
4594,418
4594,613
4595,596
4595,877
4596,596
4596,741
4596,877
4597,25
4597,184
4597,201
4597,293
4597,308
4597,613
4598,340
4598,613
4599,2
4599,55
4599,352
4599,379
4599,418
4599,613
4600,23
4600,261
4600,319
4600,328
4600,503
4600,780
4600,899
4601,693
4601,814
4602,25
4602,234
4602,253
4602,534
4602,613
4602,814
4603,757
4603,814
4604,2
4604,360
4604,418
4604,531
4604,613
4604,983
4605,60
4606,379
4606,418
4606,814
4606,828
4607,304
4607,659
4607,693
4607,814
4608,49
4608,146
4608,287
4608,337
4608,493
4608,567
4608,951
4609,234
4609,418
4609,474
4609,533
4609,926
4610,337
4610,661
4610,708
4610,782
4611,30
4611,200
4611,217
4611,227
4611,791
4611,904
4611,912
4612,88
4612,615
4612,775
4612,814
4612,817
4613,60
4613,438
4613,621
4613,762
4614,293
4614,613
4614,944
4615,135
4615,348
4615,483
4615,606
4615,814
4616,69
4616,337
4616,685
4616,738
4616,782
4616,960
4617,292
4617,415
4617,603
4617,759
4617,780
4617,877
4618,146
4618,150
4618,337
4618,567
4619,474
4619,533
4619,685
4619,926
4620,135
4620,606
4620,756
4620,814
4620,923
4621,77
4621,243
4621,246
4621,262
4621,531
4621,821
4622,68
4622,77
4622,531
4622,814
4623,88
4623,531
4623,711
4623,814
4624,182
4624,418
4624,531
4624,949
4625,372
4625,474
4625,533
4625,835
4626,77
4626,144
4626,862
4627,30
4627,227
4627,435
4628,72
4628,98
4628,236
4628,418
4628,670
4629,72
4629,98
4629,418
4629,670
4629,803
4630,30
4630,37
4630,72
4630,177
4630,319
4630,457
4630,858
4630,863
4631,418
4632,108
4632,670
4632,814
4633,77
4633,82
4633,144
4633,387
4633,670
4634,418
4635,670
4635,814
4636,77
4636,108
4636,144
4636,670
4636,757
4636,814
4637,814
4638,314
4638,531
4638,670
4638,814
4639,30
4639,68
4639,243
4639,340
4639,457
4639,761
4639,807
4639,858
4640,2
4640,352
4640,379
4640,418
4640,613
4641,2
4641,55
4641,156
4641,418
4641,613
4642,6
4642,18
4642,337
4642,353
4642,567
4643,256
4643,352
4643,379
4643,613
4644,36
4644,178
4644,327
4644,380
4644,741
4645,36
4645,337
4645,562
4646,17
4646,200
4646,379
4646,606
4646,693
4646,814
4646,828
4647,49
4647,124
4647,146
4647,337
4647,567
4648,184
4648,364
4648,613
4649,613
4649,711
4650,151
4650,531
4650,711
4650,814
4651,243
4651,531
4651,619
4651,711
4652,604
4652,613
4652,619
4652,711
4653,619
4653,814
4653,931
4654,531
4654,604
4654,613
4654,619
4654,711
4654,814
4654,931
4655,60
4655,163
4655,186
4656,60
4656,245
4656,272
4656,326
4656,627
4656,755
4656,775
4656,841
4656,851
4656,976
4657,69
4657,353
4657,732
4657,824
4658,297
4658,417
4658,784
4658,814
4659,69
4659,353
4659,732
4660,77
4660,243
4660,750
4660,805
4660,844
4660,858
4660,870
4661,25
4661,88
4661,324
4661,613
4661,698
4661,775
4661,814
4662,60
4662,245
4662,775
4662,978
4663,186
4663,380
4663,741
4663,877
4664,68
4664,77
4664,243
4665,250
4665,284
4665,293
4665,348
4665,352
4665,379
4665,483
4665,531
4665,606
4665,613
4665,672
4665,814
4665,828
4665,834
4665,938
4666,453
4666,493
4666,596
4666,751
4666,877
4667,146
4667,337
4667,487
4667,567
4667,661
4668,150
4668,453
4668,596
4668,751
4668,877
4669,6
4669,49
4669,353
4669,645
4669,685
4669,824
4670,21
4670,77
4670,128
4670,606
4670,814
4671,60
4671,198
4671,268
4671,476
4671,876
4671,928
4672,6
4672,69
4672,186
4672,380
4672,741
4672,827
4673,30
4673,307
4673,457
4673,629
4673,807
4673,858
4674,77
4674,144
4674,525
4674,757
4674,814
4674,862
4675,243
4675,821
4676,60
4676,555
4676,709
4676,875
4677,60
4677,163
4677,186
4677,251
4677,415
4677,751
4677,755
4678,25
4678,324
4678,613
4678,814
4679,25
4679,60
4679,184
4679,613
4679,876
4680,418
4680,531
4680,711
4680,949
4681,68
4681,379
4681,626
4681,700
4681,711
4681,928
4682,531
4682,613
4682,711
4682,814
4683,531
4683,613
4683,711
4683,814
4684,77
4684,144
4684,435
4685,60
4685,435
4685,476
4685,755
4685,756
4685,928
4686,77
4686,82
4686,232
4686,379
4686,396
4687,30
4687,166
4687,227
4687,653
4687,881
4688,68
4688,435
4688,814
4689,69
4689,124
4689,171
4689,337
4689,685
4689,777
4690,69
4690,124
4690,337
4690,464
4690,562
4690,685
4690,732
4691,156
4691,613
4692,21
4692,77
4692,429
4692,531
4692,606
4692,615
4692,814
4693,25
4693,68
4693,396
4693,613
4693,814
4694,243
4694,870
4695,471
4695,741
4696,243
4696,246
4696,531
4697,200
4697,217
4697,293
4697,606
4697,613
4697,814
4698,613
4698,814
4698,944
4699,25
4699,88
4699,531
4699,613
4699,693
4699,814
4700,87
4700,474
4700,533
4700,741
4701,337
4701,521
4701,567
4701,782
4702,60
4702,531
4703,565
4703,596
4703,603
4703,658
4703,699
4703,877
4704,186
4704,337
4704,741
4705,60
4705,163
4705,186
4705,569
4705,755
4706,30
4706,135
4706,457
4706,554
4706,710
4706,807
4706,858
4707,69
4707,186
4707,717
4707,928
4708,76
4708,156
4708,293
4708,606
4708,613
4708,786
4708,814
4709,48
4709,814
4709,888
4710,48
4710,155
4710,156
4710,352
4710,379
4710,613
4711,25
4711,48
4711,155
4711,613
4711,814
4711,888
4712,373
4712,379
4712,591
4712,670
4712,710
4712,732
4712,810
4712,814
4712,828
4713,76
4713,606
4713,693
4713,786
4713,814
4714,76
4714,293
4714,352
4714,379
4714,502
4714,613
4714,786
4714,862
4715,69
4715,124
4715,337
4715,464
4715,562
4715,685
4715,732
4716,30
4716,76
4716,531
4716,554
4716,606
4716,786
4716,791
4716,814
4717,30
4717,76
4717,554
4717,606
4717,693
4717,786
4717,814
4718,76
4718,606
4718,786
4718,814
4719,21
4719,76
4719,77
4719,88
4719,606
4719,786
4719,814
4720,68
4720,77
4720,144
4720,757
4720,814
4720,862
4721,146
4721,533
4721,970
4722,184
4722,225
4722,293
4722,613
4723,525
4723,613
4724,60
4725,21
4725,68
4725,77
4725,135
4725,144
4725,300
4725,606
4725,757
4725,814
4725,862
4725,864
4726,60
4726,245
4726,775
4727,72
4727,98
4727,418
4727,670
4728,60
4728,790
4729,44
4729,60
4729,272
4729,326
4729,415
4729,751
4729,784
4730,36
4730,327
4730,464
4730,741
4731,337
4731,741
4731,782
4731,926
4732,30
4732,392
4732,531
4732,554
4732,775
4733,30
4733,227
4733,711
4733,757
4733,775
4733,814
4733,862
4734,68
4734,88
4734,314
4734,711
4734,775
4734,814
4735,77
4735,82
4735,144
4735,531
4735,757
4735,814
4735,862
4735,981
4736,533
4737,243
4737,649
4738,140
4738,328
4738,503
4738,663
4739,352
4739,379
4739,613
4739,814
4739,828
4740,60
4740,163
4740,186
4740,245
4740,569
4740,709
4741,131
4741,352
4741,379
4741,613
4742,474
4742,533
4743,3
4743,352
4743,379
4743,613
4743,855
4743,921
4744,337
4744,521
4744,567
4745,30
4745,72
4745,319
4745,670
4745,863
4746,3
4746,352
4746,379
4746,613
4746,855
4747,156
4747,184
4747,201
4747,613
4748,396
4748,693
4748,814
4749,36
4749,146
4749,337
4749,521
4749,567
4749,960
4750,30
4750,554
4750,814
4750,912
4751,243
4751,246
4751,531
4751,944
4752,77
4752,144
4752,757
4752,814
4752,862
4753,21
4753,77
4753,82
4753,144
4753,606
4753,670
4753,757
4753,814
4754,77
4754,82
4755,613
4755,670
4755,814
4756,531
4756,670
4756,814
4757,387
4757,670
4757,814
4758,76
4758,606
4758,693
4758,786
4758,814
4759,128
4759,293
4759,352
4759,379
4759,613
4760,210
4760,340
4760,414
4760,754
4760,757
4760,775
4760,814
4760,862
4760,981
4761,137
4761,360
4761,372
4761,418
4761,626
4761,711
4761,858
4761,928
4761,949
4761,983
4762,69
4762,106
4762,140
4762,319
4762,453
4762,503
4762,577
4762,663
4762,780
4762,827
4762,899
4763,37
4763,171
4763,177
4763,370
4763,503
4764,37
4764,171
4764,177
4764,291
4764,328
4764,503
4764,863
4765,60
4765,235
4765,340
4765,776
4765,876
4766,352
4766,379
4766,613
4766,711
4767,135
4767,418
4768,131
4768,352
4768,379
4768,613
4768,711
4768,814
4768,828
4769,615
4769,711
4769,814
4770,186
4770,596
4770,701
4770,877
4770,928
4771,60
4771,251
4771,711
4771,751
4771,876
4772,352
4772,379
4772,532
4772,613
4772,711
4772,784
4773,525
4773,531
4773,814
4774,37
4774,171
4774,291
4774,423
4774,503
4774,803
4774,863
4775,37
4775,106
4775,140
4775,171
4775,319
4775,325
4775,503
4775,577
4775,780
4775,899
4776,48
4776,77
4776,118
4776,144
4776,862
4776,981
4777,531
4777,670
4777,807
4777,814
4777,858
4778,392
4778,814
4779,77
4779,144
4779,531
4779,670
4780,77
4780,814
4781,60
4781,251
4781,711
4781,751
4781,876
4782,25
4782,613
4782,711
4782,814
4783,156
4783,352
4783,379
4783,613
4783,711
4784,352
4784,379
4784,613
4784,711
4785,25
4785,613
4785,711
4785,814
4786,184
4786,201
4786,613
4787,698
4787,701
4787,814
4788,2
4788,156
4788,418
4788,613
4788,711
4789,2
4789,55
4789,418
4789,531
4789,613
4790,73
4790,337
4790,464
4790,687
4791,5
4791,77
4791,144
4791,304
4791,525
4791,862
4792,474
4792,533
4792,575
4792,661
4793,36
4793,171
4793,464
4793,741
4794,30
4794,137
4794,372
4794,457
4794,525
4794,531
4794,554
4794,858
4795,190
4796,68
4796,200
4796,606
4796,814
4797,6
4797,36
4797,337
4797,817
4797,960
4798,77
4798,82
4798,243
4798,531
4798,568
4798,571
4798,773
4799,6
4799,171
4799,337
4799,453
4799,533
4799,827
4800,48
4800,615
4800,814
4800,888
4801,2
4801,128
4801,418
4801,613
4802,37
4802,186
4802,325
4802,503
4802,521
4802,863
4803,3
4803,243
4803,246
4803,247
4803,379
4803,387
4803,531
4803,655
4803,807
4803,858
4804,293
4804,352
4804,379
4804,613
4804,621
4805,60
4805,163
4805,186
4805,546
4805,755
4805,960
4806,30
4806,64
4806,111
4806,137
4806,147
4806,457
4806,554
4806,831
4806,858
4807,60
4807,245
4807,709
4807,775
4807,876
4808,68
4808,135
4808,814
4808,864
4809,243
4809,246
4809,870
4810,77
4811,78
4811,474
4811,487
4811,533
4811,741
4812,294
4812,710
4812,814
4812,963
4813,447
4813,531
4813,811
4813,814
4813,887
4814,613
4814,887
4815,36
4815,337
4815,464
4815,521
4815,562
4815,567
4816,474
4816,533
4816,658
4817,36
4817,337
4818,30
4818,131
4818,217
4818,227
4818,352
4818,379
4818,502
4818,613
4818,757
4818,814
4818,828
4818,862
4818,904
4818,906
4819,48
4819,210
4819,466
4819,615
4819,814
4819,888
4820,48
4820,210
4820,466
4820,814
4820,888
4821,314
4821,435
4821,531
4821,814
4821,817
4822,48
4822,137
4822,418
4822,858
4823,435
4823,531
4823,757
4823,807
4823,814
4823,858
4824,234
4824,379
4824,814
4824,828
4824,858
4825,379
4825,506
4825,525
4825,531
4825,710
4825,732
4825,814
4825,828
4826,77
4826,287
4826,372
4826,387
4826,525
4826,750
4826,805
4826,858
4827,60
4827,200
4827,326
4827,784
4828,243
4828,246
4828,767
4829,234
4829,243
4829,535
4829,870
4830,316
4830,336
4830,379
4830,606
4830,814
4830,828
4831,156
4831,184
4831,613
4832,36
4832,178
4832,337
4832,464
4832,562
4833,6
4833,36
4833,337
4833,464
4833,562
4833,960
4834,36
4834,337
4834,464
4834,562
4835,87
4835,327
4835,337
4835,464
4835,562
4835,741
4835,958
4836,36
4836,146
4836,521
4837,36
4837,337
4837,464
4837,562
4837,899
4838,87
4838,741
4838,958
4839,87
4839,741
4839,958
4840,87
4840,337
4840,741
4840,958
4841,418
4841,949
4842,613
4843,68
4843,131
4843,379
4843,506
4843,639
4843,693
4843,700
4843,756
4843,814
4843,828
4843,923
4844,21
4844,77
4844,85
4844,119
4844,144
4844,154
4844,206
4844,332
4844,862
4844,913
4844,961
4845,186
4845,877
4846,474
4846,533
4846,926
4847,503
4847,780
4847,827
4848,4
4848,69
4848,106
4848,503
4848,577
4848,663
4848,685
4848,780
4849,471
4849,533
4849,741
4850,48
4850,77
4850,82
4850,88
4850,118
4850,144
4850,862
4851,474
4851,533
4851,741
4852,48
4852,155
4852,352
4852,379
4852,613
4853,471
4853,533
4853,741
4854,48
4854,314
4854,814
4854,888
4855,48
4855,112
4855,155
4855,613
4856,324
4856,525
4856,613
4857,606
4857,670
4857,814
4858,6
4858,87
4858,146
4858,337
4858,685
4858,958
4859,5
4859,77
4859,144
4859,304
4859,372
4859,385
4859,659
4859,750
4859,757
4859,814
4859,858
4859,862
4860,474
4860,533
4860,685
4860,741
4861,337
4861,521
4861,701
4861,738
4862,69
4862,186
4862,741
4862,960
4863,23
4863,140
4863,328
4863,464
4863,503
4864,48
4864,88
4864,775
4864,814
4864,888
4865,48
4865,155
4865,613
4866,60
4866,546
4867,128
4867,156
4867,293
4867,613
4868,186
4868,471
4868,741
4869,613
4869,693
4869,775
4869,814
4870,363
4870,387
4870,531
4870,710
4870,757
4870,814
4870,862
4871,200
4871,217
4871,379
4871,606
4871,814
4871,828
4871,904
4872,60
4872,621
4872,755
4872,790
4872,875
4873,29
4873,64
4873,68
4873,131
4873,379
4873,446
4873,525
4873,700
4873,814
4873,828
4874,48
4874,77
4874,118
4874,144
4874,387
4874,862
4875,112
4875,184
4875,201
4875,364
4875,613
4876,30
4876,227
4876,912
4877,471
4877,533
4877,741
4878,68
4878,352
4878,379
4878,613
4878,700
4879,200
4879,284
4879,293
4879,352
4879,379
4879,606
4879,613
4879,779
4879,814
4879,828
4880,68
4880,200
4880,217
4880,279
4880,379
4880,606
4880,700
4880,756
4880,814
4880,828
4880,904
4880,923
4881,243
4881,246
4881,435
4882,68
4882,435
4882,814
4883,814
4884,69
4884,243
4884,246
4884,380
4884,710
4885,6
4885,36
4885,146
4885,337
4886,76
4886,314
4886,606
4886,757
4886,786
4886,814
4886,862
4886,981
4887,3
4887,551
4887,710
4887,814
4888,49
4888,146
4888,337
4888,521
4888,738
4889,60
4889,163
4889,186
4889,245
4889,569
4889,709
4890,613
4890,842
4891,49
4891,146
4891,337
4891,493
4891,521
4892,234
4892,418
4892,474
4892,529
4892,926
4893,49
4893,146
4893,150
4893,337
4893,521
4894,49
4894,146
4894,337
4894,521
4894,658
4895,69
4895,150
4895,337
4895,741
4896,306
4896,418
4896,961
4896,983
4897,68
4897,131
4897,379
4897,525
4897,531
4897,693
4897,700
4897,814
4897,828
4898,128
4898,156
4898,293
4898,613
4898,921
4899,200
4899,217
4899,379
4899,606
4899,814
4899,828
4899,904
4900,36
4900,131
4900,337
4900,464
4900,562
4900,741
4901,30
4901,227
4901,862
4902,25
4902,243
4902,285
4902,307
4902,318
4902,340
4902,400
4902,613
4902,655
4902,710
4902,870
4903,474
4903,533
4904,474
4904,533
4904,685
4904,741
4904,926
4905,60
4905,198
4905,209
4905,245
4905,476
4905,580
4905,775
4905,928
4906,186
4906,877
4907,474
4907,503
4907,533
4907,780
4907,863
4908,60
4908,198
4908,245
4908,476
4908,520
4908,579
4908,580
4908,621
4908,728
4908,755
4908,775
4908,928
4909,337
4909,341
4910,186
4910,198
4910,596
4910,701
4910,877
4910,928
4911,60
4911,163
4911,186
4911,453
4911,569
4911,709
4911,875
4912,30
4912,375
4912,531
4912,554
4912,887
4913,60
4913,163
4913,186
4913,569
4913,709
4914,30
4914,375
4914,531
4914,554
4914,887
4915,30
4915,375
4915,531
4915,554
4915,887
4916,30
4916,375
4916,531
4916,554
4916,887
4917,60
4917,163
4917,186
4917,569
4917,709
4918,30
4918,375
4918,531
4918,554
4918,887
4919,60
4919,163
4919,186
4919,245
4920,60
4920,163
4920,186
4920,245
4920,438
4920,701
4920,762
4921,77
4921,387
4921,531
4921,814
4922,375
4923,88
4923,210
4923,466
4923,525
4923,531
4923,814
4924,48
4924,68
4924,814
4924,888
4925,200
4925,293
4925,426
4925,613
4925,626
4925,779
4925,807
4925,858
4925,928
4926,135
4926,284
4926,352
4926,359
4926,379
4926,613
4926,715
4926,814
4926,828
4926,864
4927,60
4927,755
4928,337
4928,380
4928,493
4929,337
4929,575
4929,661
4930,186
4930,337
4930,521
4931,190
4932,379
4932,385
4932,426
4932,531
4932,606
4932,805
4932,814
4932,828
4932,858
4932,881
4933,2
4933,352
4933,379
4933,418
4933,613
4933,710
4933,732
4933,946
4934,76
4934,293
4934,352
4934,379
4934,613
4934,786
4935,68
4935,108
4935,232
4935,379
4935,435
4935,814
4935,828
4936,60
4936,235
4936,435
4936,546
4937,30
4937,435
4937,693
4938,88
4938,297
4938,396
4938,775
4938,814
4939,30
4939,227
4939,435
4940,30
4940,227
4940,435
4941,435
4941,531
4941,613
4942,77
4942,112
4942,144
4942,435
4942,613
4943,108
4943,232
4943,379
4943,435
4943,814
4943,828
4944,379
4944,670
4944,732
4945,314
4945,435
4945,814
4946,76
4946,613
4946,786
4947,30
4947,227
4947,435
4948,30
4948,227
4948,435
4948,912
4949,68
4949,435
4949,613
4950,25
4950,77
4950,144
4950,435
4950,613
4951,108
4951,232
4951,379
4951,435
4951,814
4951,828
4952,88
4952,297
4952,670
4952,710
4952,814
4953,435
4953,613
4954,60
4954,245
4954,326
4954,435
4954,775
4955,77
4955,82
4956,60
4956,163
4956,186
4956,569
4956,709
4956,755
4957,6
4957,146
4957,171
4957,186
4957,287
4957,337
4958,30
4958,457
4958,670
4958,807
4958,858
4959,327
4959,464
4959,575
4959,661
4959,741
4960,36
4960,474
4960,533
4961,25
4961,184
4961,201
4961,364
4961,613
4962,60
4962,340
4963,60
4963,245
4963,340
4963,438
4963,762
4963,775
4963,862
4963,876
4963,981
4964,2
4964,55
4964,418
4964,613
4964,983
4965,41
4965,243
4966,108
4966,135
4966,232
4966,352
4966,359
4966,379
4966,613
4966,715
4966,814
4966,828
4966,864
4967,49
4967,337
4967,521
4967,567
4967,658
4967,782
4967,960
4968,352
4968,379
4968,613
4969,613
4970,77
4970,243
4970,246
4970,387
4970,531
4970,710
4970,750
4970,844
4970,858
4971,55
4971,363
4971,418
4971,525
4971,531
4971,807
4971,858
4971,949
4972,68
4972,352
4972,379
4972,613
4972,700
4973,60
4973,670
4973,876
4974,146
4974,337
4974,493
4974,685
4974,960
4975,474
4975,533
4975,685
4975,741
4976,225
4976,344
4976,415
4976,464
4976,751
4976,780
4976,846
4976,877
4977,68
4977,340
4977,531
4977,613
4977,775
4977,814
4978,30
4978,55
4978,88
4978,114
4978,182
4978,418
4978,525
4978,531
4978,554
4978,814
4979,25
4979,200
4979,293
4979,613
4979,779
4980,30
4980,227
4980,462
4980,656
4980,945
4981,670
4981,757
4981,814
4982,591
4982,670
4982,710
4982,810
4982,814
4983,30
4983,111
4983,525
4983,554
4983,656
4983,752
4984,25
4984,30
4984,340
4984,554
4984,613
4984,806
4984,906
4985,379
4985,710
4985,732
4985,814
4985,828
4986,36
4986,327
4986,464
4986,741
4987,36
4987,171
4987,464
4987,732
4987,741
4988,23
4988,140
4988,328
4988,441
4988,453
4988,464
4988,503
4989,60
4989,755
4989,876
4989,884
4990,68
4990,77
4990,162
4990,243
4990,280
4990,525
4991,234
4991,418
4991,983
4992,60
4992,234
4992,415
4993,396
4993,606
4993,814
4993,954
4994,293
4994,297
4994,396
4994,532
4994,606
4994,613
4994,784
4994,814
4995,613
4995,621
4995,650
4995,869
4996,314
4996,693
4996,814
4997,3
4997,551
4997,814
4998,2
4998,418
4998,613
4998,983
4999,60
4999,245
4999,775
5000,3
5000,156
5000,160
5000,243
5000,247
5000,400
5000,613
5000,855
5001,379
5001,814
5001,828
5002,48
5002,155
5002,352
5002,379
5002,613
5003,48
5003,77
5003,118
5003,144
5003,387
5003,655
5003,757
5003,814
5003,862
5003,888
5004,234
5004,360
5004,418
5004,531
5005,68
5005,528
5005,606
5005,614
5005,693
5005,814
5006,30
5006,293
5006,587
5006,613
5006,791
5006,906
5007,76
5007,379
5007,606
5007,786
5007,814
5007,828
5008,26
5008,60
5008,207
5008,245
5008,775
5008,980
5009,21
5009,76
5009,77
5009,387
5009,606
5009,786
5009,814
5010,17
5010,21
5010,77
5010,144
5010,200
5010,293
5010,502
5010,606
5010,613
5010,757
5010,814
5010,862
5011,76
5011,293
5011,352
5011,379
5011,613
5011,786
5012,156
5012,293
5012,587
5012,613
5013,76
5013,775
5013,786
5013,814
5014,236
5014,474
5014,533
5014,658
5015,613
5015,887
5015,921
5016,613
5016,814
5016,887
5017,352
5017,379
5017,613
5017,887
5018,25
5018,250
5018,293
5018,613
5018,871
5019,67
5019,293
5019,324
5019,396
5019,613
5019,850
5020,49
5020,146
5020,337
5020,521
5020,567
5021,21
5021,77
5021,82
5021,185
5021,193
5021,348
5021,944
5022,49
5022,69
5022,337
5022,453
5022,658
5023,508
5023,521
5023,661
5023,741
5024,186
5024,415
5024,699
5024,877
5025,6
5025,171
5025,186
5025,337
5025,453
5026,2
5026,55
5026,256
5026,259
5026,293
5026,297
5026,405
5026,418
5026,532
5026,606
5026,613
5026,704
5026,775
5026,784
5026,814
5026,967
5027,352
5027,379
5027,613
5028,88
5028,408
5028,531
5028,606
5028,814
5028,817
5028,963
5028,980
5029,2
5029,3
5029,352
5029,379
5029,418
5029,613
5029,855
5030,3
5030,88
5030,531
5030,551
5030,775
5030,814
5031,3
5031,379
5031,531
5031,551
5031,814
5031,828
5032,60
5032,476
5032,701
5032,928
5033,243
5033,276
5034,30
5034,227
5034,502
5034,613
5034,736
5034,862
5034,906
5035,474
5035,533
5035,671
5035,741
5036,30
5036,227
5036,736
5036,862
5037,30
5037,135
5037,359
5037,457
5037,613
5037,858
5037,906
5038,30
5038,156
5038,166
5038,227
5038,293
5038,475
5038,502
5038,613
5038,791
5038,862
5038,881
5038,897
5038,906
5039,5
5039,21
5039,77
5039,144
5039,200
5039,217
5039,304
5039,606
5039,659
5039,693
5039,757
5039,814
5039,862
5040,77
5040,655
5040,814
5041,415
5041,603
5041,877
5041,926
5042,200
5042,293
5042,606
5042,613
5042,814
5042,815
5043,111
5043,198
5043,209
5043,445
5043,476
5043,579
5043,881
5043,928
5044,36
5044,69
5044,178
5044,337
5044,464
5044,562
5045,30
5045,227
5045,475
5045,736
5045,862
5045,912
5045,981
5046,156
5046,200
5046,293
5046,613
5046,815
5047,162
5047,243
5047,525
5047,870
5048,25
5048,30
5048,156
5048,457
5048,613
5048,670
5048,805
5048,858
5048,906
5049,68
5049,200
5049,211
5049,387
5049,606
5049,757
5049,814
5049,862
5050,25
5050,59
5050,184
5050,613
5051,60
5051,755
5052,186
5052,596
5052,877
5053,68
5053,352
5053,379
5053,613
5053,700
5054,352
5054,379
5054,613
5055,21
5055,77
5055,185
5055,314
5055,606
5055,649
5055,693
5055,775
5055,814
5056,814
5057,60
5057,755
5058,30
5058,554
5059,613
5059,649
5060,25
5060,68
5060,525
5060,613
5060,814
5061,3
5061,25
5061,352
5061,379
5061,613
5061,756
5061,855
5062,88
5062,210
5062,446
5062,466
5062,525
5062,531
5062,705
5062,775
5062,814
5063,464
5063,658
5063,846
5063,877
5064,363
5064,525
5064,613
5065,337
5065,521
5065,567
5065,661
5065,708
5066,60
5066,163
5066,186
5066,569
5067,146
5067,521
5067,661
5068,6
5068,146
5068,150
5068,337
5069,112
5069,293
5069,613
5069,944
5070,613
5070,921
5071,171
5071,287
5071,337
5071,372
5071,521
5071,567
5071,794
5071,951
5071,960
5072,150
5072,198
5072,337
5072,464
5072,562
5072,928
5073,236
5073,360
5073,418
5074,2
5074,418
5074,613
5074,858
5074,949
5075,418
5075,531
5076,6
5076,171
5076,337
5076,353
5076,372
5077,77
5077,82
5077,243
5077,525
5077,535
5077,870
5078,18
5078,146
5078,337
5078,353
5079,151
5079,325
5079,503
5079,545
5079,780
5079,827
5079,863
5080,3
5080,352
5080,379
5080,613
5080,710
5080,732
5080,855
5081,3
5081,25
5081,156
5081,243
5081,246
5081,247
5081,400
5081,613
5081,855
5082,3
5082,156
5082,352
5082,379
5082,531
5082,613
5082,855
5083,30
5083,156
5083,243
5083,400
5083,457
5083,525
5083,613
5083,655
5083,844
5083,858
5083,906
5084,3
5084,243
5084,246
5084,247
5085,3
5085,60
5085,710
5086,3
5086,77
5086,82
5086,243
5086,247
5087,68
5087,475
5087,502
5087,525
5087,613
5087,757
5087,814
5087,862
5087,981
5088,2
5088,418
5088,525
5088,613
5088,814
5089,25
5089,525
5089,613
5090,60
5090,200
5091,474
5091,533
5091,685
5091,926
5091,983
5092,60
5092,163
5092,186
5092,521
5092,755
5092,762
5093,200
5093,462
5093,606
5093,630
5093,693
5093,757
5093,814
5094,184
5094,186
5094,201
5094,741
5094,960
5095,60
5095,438
5095,621
5095,755
5095,762
5095,862
5096,60
5096,272
5096,326
5096,784
5097,330
5097,474
5097,533
5097,827
5098,3
5098,30
5098,243
5098,246
5098,247
5098,457
5098,778
5098,807
5098,858
5098,870
5098,897
5099,25
5099,30
5099,243
5099,400
5099,613
5099,761
5099,906
5100,73
5100,188
5100,291
5100,337
5100,464
5100,562
5100,687
5100,732
5100,827
5101,73
5101,146
5101,337
5101,687
5102,49
5102,337
5102,687
5103,373
5103,379
5103,591
5103,670
5103,710
5103,732
5103,810
5103,814
5103,828
5104,533
5104,741
5104,970
5105,474
5105,533
5105,983
5106,112
5106,184
5106,613
5107,60
5107,163
5107,186
5107,546
5107,755
5107,960
5108,337
5108,487
5108,521
5108,661
5109,17
5109,200
5109,293
5109,352
5109,379
5109,613
5109,626
5109,928
5110,387
5110,531
5110,757
5110,814
5110,862
5111,2
5111,59
5111,156
5111,360
5111,418
5111,525
5111,613
5111,756
5112,337
5112,685
5112,780
5113,187
5113,337
5114,6
5114,171
5114,186
5115,60
5115,438
5115,755
5115,762
5115,862
5116,387
5116,670
5116,814
5117,60
5117,525
5117,546
5117,755
5118,21
5118,77
5118,82
5118,144
5118,200
5118,217
5118,387
5118,862
5118,904
5119,184
5119,201
5119,613
5120,60
5120,326
5121,88
5121,531
5121,757
5121,775
5121,814
5121,862
5121,981
5122,60
5122,415
5122,670
5122,723
5122,755
5123,606
5123,621
5123,814
5124,104
5124,316
5124,584
5124,613
5124,814
5125,131
5125,209
5125,379
5125,506
5125,525
5125,814
5125,828
5125,903
5125,928
5126,60
5126,163
5126,186
5126,326
5126,596
5126,877
5127,60
5127,163
5127,186
5127,569
5127,709
5128,531
5128,613
5129,30
5129,88
5129,531
5129,653
5129,670
5129,814
5129,817
5130,474
5130,533
5130,685
5130,970
5130,983
5131,471
5131,658
5131,741
5132,30
5132,227
5132,525
5132,862
5132,912
5132,981
5133,814
5134,30
5134,77
5134,88
5134,392
5134,531
5134,554
5134,814
5135,128
5135,352
5135,379
5135,613
5136,3
5136,379
5136,551
5136,814
5136,828
5137,37
5137,423
5137,503
5137,780
5137,803
5137,863
5138,88
5138,210
5138,297
5138,340
5138,775
5138,784
5138,814
5139,15
5139,37
5139,72
5139,423
5139,457
5139,670
5139,803
5139,858
5139,863
5140,23
5140,69
5140,106
5140,319
5140,464
5140,503
5140,732
5140,780
5140,827
5141,3
5141,88
5141,551
5141,775
5141,814
5142,15
5142,37
5142,72
5142,319
5142,423
5142,457
5142,670
5142,803
5142,858
5142,863
5143,37
5143,72
5143,177
5143,243
5143,457
5143,511
5143,670
5143,858
5143,863
5144,37
5144,72
5144,177
5144,319
5144,670
5144,858
5145,3
5145,25
5145,156
5145,231
5145,613
5145,805
5145,855
5145,858
5146,29
5146,64
5146,68
5146,375
5146,446
5146,814
5147,3
5147,25
5147,156
5147,352
5147,379
5147,551
5147,613
5147,814
5147,828
5147,855
5148,25
5148,68
5148,175
5148,525
5148,613
5148,858
5149,319
5149,503
5149,780
5149,899
5150,396
5150,613
5150,756
5151,23
5151,177
5151,464
5151,503
5151,780
5152,217
5152,418
5153,112
5153,314
5153,352
5153,379
5153,531
5153,613
5153,670
5153,814
5153,828
5154,2
5154,418
5154,613
5155,3
5155,379
5155,710
5155,732
5156,108
5156,297
5156,531
5156,670
5156,814
5157,3
5157,25
5157,352
5157,379
5157,531
5157,613
5157,855
5158,373
5158,379
5158,591
5158,670
5158,732
5158,810
5158,814
5158,828
5159,77
5159,144
5159,387
5159,670
5159,750
5159,858
5160,48
5160,379
5160,814
5160,828
5160,888
5161,30
5161,194
5161,243
5161,280
5161,525
5161,749
5162,77
5162,82
5162,144
5162,587
5162,757
5162,814
5163,30
5163,227
5163,462
5163,525
5163,912
5164,88
5164,210
5164,466
5164,775
5164,814
5164,881
5165,3
5165,379
5165,551
5165,814
5165,828
5166,108
5166,297
5166,531
5166,670
5166,814
5167,60
5167,163
5167,521
5167,762
5167,867
5167,970
5168,162
5168,243
5169,25
5169,531
5169,613
5169,670
5170,77
5170,243
5170,670
5170,870
5171,30
5171,137
5171,147
5171,457
5171,525
5171,554
5171,705
5171,752
5171,831
5171,858
5172,68
5172,200
5172,379
5172,426
5172,606
5172,700
5172,779
5172,807
5172,814
5172,828
5172,858
5173,30
5173,227
5173,488
5173,531
5173,613
5173,670
5173,906
5174,88
5174,314
5174,445
5174,814
5175,243
5175,670
5176,373
5176,379
5176,591
5176,670
5176,710
5176,732
5176,810
5176,814
5176,828
5177,337
5177,464
5177,521
5177,562
5177,567
5178,293
5178,587
5178,606
5178,613
5178,814
5179,60
5179,87
5179,163
5179,776
5179,958
5180,17
5180,200
5180,606
5180,814
5181,68
5181,396
5181,606
5181,693
5181,757
5181,814
5181,862
5182,503
5182,780
5182,863
5182,899
5183,77
5183,814
5184,88
5184,539
5184,693
5184,775
5184,814
5185,21
5185,77
5185,82
5185,944
5186,184
5186,201
5186,613
5187,533
5188,69
5188,186
5188,337
5188,685
5189,77
5189,88
5189,144
5189,531
5189,757
5189,775
5189,814
5189,862
5190,131
5190,352
5190,379
5190,525
5190,613
5190,814
5190,828
5191,25
5191,243
5191,340
5191,400
5191,613
5191,626
5191,761
5191,870
5191,928
5192,25
5192,162
5192,243
5192,293
5192,396
5192,400
5192,532
5192,613
5192,627
5193,21
5193,77
5193,82
5193,531
5193,572
5193,606
5193,814
5193,869
5194,68
5194,606
5194,814
5194,944
5195,41
5195,243
5195,246
5195,535
5195,821
5196,23
5196,140
5196,319
5196,328
5196,464
5196,503
5197,77
5197,372
5197,750
5197,858
5198,6
5198,146
5198,171
5198,186
5198,337
5198,805
5199,190
5200,25
5200,156
5200,613
5200,670
5201,379
5201,531
5201,670
5201,814
5201,828
5202,387
5202,531
5202,670
5202,814
5203,88
5203,314
5203,340
5203,414
5203,615
5203,814
5204,613
5204,887
5205,49
5205,124
5205,146
5206,60
5207,474
5207,533
5208,337
5208,658
5208,817
5209,596
5209,603
5209,658
5209,877
5210,77
5210,82
5210,162
5210,243
5210,525
5210,535
5211,166
5211,379
5211,606
5211,674
5211,814
5211,828
5212,166
5212,606
5212,674
5212,814
5213,166
5213,293
5213,613
5213,881
5214,30
5214,243
5214,280
5214,457
5214,525
5214,805
5214,844
5214,858
5215,15
5215,30
5215,166
5215,227
5215,313
5215,462
5215,628
5215,791
5215,881
5215,915
5216,87
5216,146
5216,380
5216,958
5217,37
5217,106
5217,325
5217,503
5217,780
5217,863
5217,899
5218,37
5218,140
5218,171
5218,372
5218,503
5218,780
5218,827
5218,863
5218,899
5219,77
5219,243
5219,435
5219,710
5219,870
5220,68
5220,634
5220,814
5221,30
5221,166
5221,457
5221,531
5221,554
5221,653
5221,807
5221,858
5221,881
5222,435
5222,814
5223,68
5223,435
5223,814
5224,352
5224,379
5224,435
5224,613
5224,817
5225,108
5225,232
5225,379
5225,396
5225,531
5225,814
5225,828
5226,25
5226,77
5226,112
5226,144
5226,435
5226,613
5227,531
5227,613
5227,670
5228,30
5228,227
5228,670
5229,25
5229,531
5229,613
5229,670
5230,531
5230,670
5230,814
5231,314
5231,435
5231,814
5231,817
5232,379
5232,435
5232,814
5232,828
5233,77
5233,435
5233,807
5233,858
5234,531
5234,613
5234,670
5234,858
5235,131
5235,352
5235,379
5235,435
5235,613
5236,77
5236,144
5236,435
5237,68
5237,435
5237,814
5238,77
5238,82
5239,2
5239,30
5239,55
5239,175
5239,363
5239,418
5239,525
5239,554
5239,613
5239,806
5239,906
5239,921
5240,36
5240,337
5240,464
5240,562
5240,782
5240,817
5240,960
5241,380
5241,503
5241,863
5241,979
5242,30
5242,200
5242,211
5242,227
5242,606
5242,757
5242,791
5242,814
5242,862
5243,69
5243,337
5243,353
5243,464
5243,562
5243,685
5243,732
5244,25
5244,531
5244,613
5244,842
5244,978
5245,77
5245,185
5245,314
5245,814
5246,23
5246,319
5246,464
5246,503
5246,780
5246,827
5247,68
5247,435
5247,814
5248,200
5248,211
5248,606
5248,814
5249,25
5249,77
5249,82
5249,144
5249,286
5249,387
5249,446
5249,502
5249,525
5249,531
5249,613
5249,705
5249,757
5249,814
5249,862
5249,866
5250,37
5250,171
5250,177
5250,503
5250,863
5251,533
5251,920
5252,135
5252,359
5252,613
5252,928
5253,613
5254,30
5254,72
5254,106
5254,319
5254,670
5254,710
5254,863
5255,379
5255,525
5255,710
5255,732
5255,814
5255,828
5256,30
5256,227
5257,360
5257,474
5257,533
5257,926
5257,928
5258,21
5258,77
5258,144
5258,606
5258,757
5258,814
5258,887
5259,60
5259,163
5259,415
5259,575
5259,661
5259,751
5259,755
5259,877
5260,25
5260,68
5260,293
5260,348
5260,483
5260,606
5260,613
5260,814
5260,834
5260,944
5261,596
5261,877
5261,926
5262,415
5262,751
5262,877
5262,970
5263,224
5263,337
5264,49
5264,337
5264,521
5264,567
5264,658
5265,6
5265,18
5265,151
5265,171
5265,353
5265,645
5266,26
5266,206
5266,445
5266,606
5266,814
5266,881
5267,140
5267,319
5267,328
5267,503
5268,37
5268,140
5268,171
5268,503
5268,863
5269,236
5269,360
5269,418
5270,87
5270,474
5270,533
5270,958
5271,186
5271,453
5271,471
5271,741
5272,3
5272,243
5272,246
5272,247
5272,870
5273,184
5273,364
5273,613
5274,471
5274,738
5274,741
5275,77
5275,162
5275,243
5275,246
5275,256
5275,262
5275,294
5275,826
5276,37
5276,106
5276,140
5276,171
5276,291
5276,503
5276,827
5276,863
5277,30
5277,227
5277,287
5277,372
5277,392
5277,457
5277,750
5277,858
5277,862
5277,912
5278,337
5278,521
5279,814
5280,37
5280,177
5280,503
5280,780
5281,146
5281,337
5281,521
5281,567
5281,685
5281,687
5281,780
5282,243
5282,246
5282,670
5283,171
5283,337
5283,353
5283,464
5283,562
5283,645
5284,525
5284,531
5284,613
5284,626
5284,928
5285,243
5285,246
5285,280
5285,525
5286,60
5286,163
5286,186
5286,235
5286,245
5286,337
5286,546
5286,960
5287,124
5287,337
5287,464
5287,562
5288,124
5288,337
5288,464
5288,562
5289,379
5289,435
5289,814
5289,828
5290,36
5290,337
5290,960
5291,88
5291,525
5291,531
5291,539
5291,693
5291,814
5292,525
5292,531
5292,619
5292,814
5292,931
5293,30
5293,137
5293,457
5293,531
5293,554
5293,656
5293,858
5294,30
5294,479
5294,531
5294,554
5294,814
5294,817
5294,944
5295,25
5295,184
5295,201
5295,364
5295,613
5296,37
5296,177
5296,503
5296,780
5297,373
5297,379
5297,591
5297,670
5297,710
5297,732
5297,810
5298,23
5298,37
5298,171
5298,177
5298,370
5298,464
5298,503
5298,577
5298,782
5298,817
5299,77
5299,82
5299,392
5299,531
5300,48
5300,68
5300,814
5300,888
5301,48
5301,68
5301,814
5301,888
5302,48
5302,155
5302,156
5302,613
5303,352
5303,379
5303,613
5303,626
5303,928
5304,30
5304,435
5304,912
5305,30
5305,72
5305,106
5305,653
5305,670
5305,863
5306,25
5306,435
5306,613
5307,36
5307,327
5307,464
5307,741
5308,36
5308,533
5309,36
5309,69
5309,337
5309,464
5309,562
5309,732
5310,37
5310,177
5310,319
5310,503
5310,780
5310,863
5311,60
5311,245
5311,762
5311,775
5311,862
5311,944
5312,36
5312,337
5313,30
5313,227
5313,435
5313,613
5313,906
5314,435
5314,814
5315,30
5315,525
5315,912
5316,153
5316,360
5316,474
5316,533
5317,324
5317,613
5317,710
5318,60
5318,234
5318,235
5318,245
5318,775
5319,36
5319,474
5319,533
5319,741
5320,474
5320,533
5320,926
5320,983
5321,474
5321,533
5322,36
5322,337
5322,464
5322,562
5323,36
5323,171
5323,337
5323,464
5323,562
5323,951
5324,36
5324,474
5324,533
5325,36
5325,474
5325,533
5326,3
5326,243
5326,246
5326,379
5327,77
5327,200
5327,217
5327,254
5327,814
5327,904
5328,380
5328,741
5328,877
5329,297
5329,784
5329,814
5330,60
5330,340
5331,17
5331,25
5331,59
5331,77
5331,200
5331,613
5331,756
5331,814
5331,923
5332,243
5332,246
5333,30
5333,227
5333,502
5333,525
5333,613
5333,656
5333,862
5333,906
5333,912
5334,60
5334,163
5334,186
5334,521
5334,569
5334,709
5334,755
5335,37
5335,503
5335,577
5335,780
5335,899
5336,146
5336,487
5336,661
5337,493
5337,741
5338,30
5338,554
5338,621
5338,807
5338,858
5339,60
5339,256
5339,871
5340,23
5340,37
5340,140
5340,171
5340,464
5340,503
5340,545
5341,30
5341,111
5341,525
5341,554
5341,613
5341,752
5341,906
5342,146
5342,503
5342,521
5342,577
5342,979
5343,156
5343,184
5343,201
5343,613
5344,87
5344,474
5344,533
5344,958
5345,124
5345,337
5345,521
5345,567
5345,741
5346,26
5346,198
5346,580
5346,814
5346,928
5347,60
5347,200
5347,235
5347,876
5348,209
5348,476
5348,579
5348,580
5348,670
5348,928
5349,156
5349,184
5349,613
5350,352
5350,379
5350,435
5350,613
5351,435
5351,615
5351,814
5352,30
5352,227
5352,435
5352,912
5353,435
5353,814
5353,817
5354,77
5354,144
5354,435
5355,30
5355,435
5355,613
5355,906
5356,77
5356,144
5356,387
5356,435
5356,613
5357,435
5357,757
5357,814
5358,77
5358,243
5358,435
5358,870
5359,30
5359,227
5359,435
5360,30
5360,227
5360,387
5360,435
5360,457
5360,531
5360,613
5360,807
5360,858
5360,906
5361,435
5361,698
5361,814
5362,60
5362,168
5362,207
5362,209
5362,245
5362,294
5362,399
5362,476
5362,775
5362,928
5362,982
5363,15
5363,135
5363,375
5363,418
5364,68
5364,174
5364,210
5364,321
5364,379
5364,396
5364,531
5364,814
5364,828
5365,68
5365,256
5365,572
5365,814
5366,30
5366,37
5366,72
5366,199
5366,287
5366,372
5366,457
5366,545
5366,670
5366,858
5366,863
5367,199
5367,287
5367,372
5367,503
5367,545
5367,780
5367,863
5368,186
5368,471
5368,741
5369,21
5369,77
5369,396
5369,606
5369,615
5369,814
5370,77
5370,144
5370,387
5370,531
5370,670
5370,757
5370,814
5371,587
5371,757
5371,814
5371,862
5372,21
5372,26
5372,68
5372,77
5372,200
5372,217
5372,243
5372,246
5372,262
5372,531
5372,693
5373,156
5373,587
5373,613
5374,587
5374,606
5374,693
5374,814
5375,206
5375,304
5375,387
5375,566
5375,587
5375,606
5375,659
5375,757
5375,814
5375,862
5376,293
5376,352
5376,379
5376,587
5376,613
5377,112
5377,156
5377,293
5377,314
5377,587
5377,606
5377,613
5377,814
5378,68
5378,701
5378,814
5378,928
5379,60
5379,207
5379,546
5379,980
5380,243
5380,246
5380,525
5380,821
5381,2
5381,55
5381,182
5381,360
5381,418
5381,525
5381,531
5381,613
5381,626
5381,928
5382,60
5382,525
5382,755
5382,790
5383,112
5383,135
5383,359
5383,613
5384,30
5384,375
5385,184
5385,613
5386,190
5387,60
5387,245
5387,775
5388,435
5388,814
5389,77
5389,387
5389,871
5390,435
5390,613
5391,77
5391,144
5391,435
5392,2
5392,418
5392,542
5392,613
5392,983
5393,435
5393,814
5394,435
5394,532
5394,613
5395,25
5395,88
5395,435
5395,613
5395,775
5395,817
5396,670
5396,807
5396,814
5396,858
5397,83
5397,243
5397,870
5398,88
5398,670
5398,775
5398,814
5399,293
5399,531
5399,606
5399,613
5399,814
5399,887
5400,131
5400,352
5400,379
5400,613
5401,200
5401,211
5401,293
5401,352
5401,354
5401,613
5402,756
5402,814
5402,869
5403,418
5403,814
5404,200
5404,217
5404,418
5404,949
5405,55
5405,200
5405,217
5405,418
5406,60
5406,234
5406,406
5406,696
5407,200
5407,217
5407,418
5407,949
5408,25
5408,475
5408,587
5408,613
5409,327
5409,353
5409,464
5409,685
5409,741
5409,824
5410,36
5410,337
5410,960
5411,2
5411,363
5411,418
5411,531
5411,613
5411,691
5411,710
5411,732
5411,980
5412,25
5412,156
5412,387
5412,613
5413,186
5413,453
5413,596
5413,877
5414,60
5414,755
5415,337
5415,521
5415,567
5416,69
5416,186
5416,337
5416,685
5417,146
5417,521
5417,575
5417,661
5418,87
5418,146
5418,171
5418,287
5418,337
5418,372
5418,685
5418,782
5418,958
5418,960
5419,756
5419,775
5419,814
5420,21
5420,68
5420,77
5420,200
5420,217
5420,606
5420,693
5420,814
5421,69
5421,146
5421,171
5421,187
5421,337
5421,664
5422,83
5422,243
5422,246
5423,88
5423,525
5423,531
5423,693
5423,757
5423,775
5423,814
5423,862
5424,25
5424,112
5424,293
5424,314
5424,587
5424,606
5424,613
5424,693
5424,814
5425,352
5425,379
5425,587
5425,613
5426,293
5426,587
5426,613
5427,379
5427,587
5427,814
5427,828
5428,587
5428,606
5428,814
5429,30
5429,130
5429,227
5429,304
5429,587
5429,606
5429,659
5429,757
5429,791
5429,814
5429,862
5430,757
5430,814
5431,184
5431,201
5431,613
5432,60
5432,209
5432,245
5432,476
5432,755
5432,775
5432,928
5433,131
5433,352
5433,379
5433,531
5433,613
5434,294
5434,613
5434,691
5435,131
5435,352
5435,379
5435,525
5435,613
5435,626
5435,928
5436,418
5437,60
5437,168
5437,476
5437,755
5437,928
5438,360
5438,474
5438,533
5438,983
5439,186
5439,337
5439,685
5440,60
5440,163
5440,186
5440,751
5440,755
5441,77
5441,287
5441,392
5441,750
5441,858
5442,68
5442,256
5442,814
5443,200
5443,217
5443,293
5443,352
5443,379
5443,613
5443,904
5444,68
5444,200
5444,217
5444,243
5444,246
5444,293
5444,400
5444,613
5444,904
5445,21
5445,77
5445,82
5445,606
5445,814
5445,944
5446,606
5446,693
5446,757
5446,814
5446,862
5446,887
5447,6
5447,146
5447,493
5448,352
5448,379
5448,531
5448,613
5448,670
5449,587
5449,613
5450,293
5450,587
5450,613
5450,981
5451,156
5451,293
5451,587
5451,613
5451,626
5451,921
5451,928
5452,156
5452,587
5452,613
5453,156
5453,293
5453,587
5453,613
5454,2
5454,55
5454,418
5454,531
5454,613
5455,68
5455,243
5455,396
5456,531
5456,613
5457,25
5457,89
5457,243
5457,387
5457,613
5457,870
5457,883
5458,60
5458,163
5458,207
5458,235
5458,487
5458,755
5458,776
5459,156
5459,447
5459,613
5459,887
5460,474
5460,533
5461,77
5461,144
5461,670
5462,153
5462,474
5462,533
5463,6
5463,36
5463,171
5463,337
5463,817
5464,606
5464,670
5464,693
5464,814
5465,30
5465,335
5465,606
5465,791
5465,814
5465,912
5466,531
5466,757
5466,775
5466,814
5466,862
5466,981
5467,68
5467,613
5467,710
5467,814
5467,946
5468,25
5468,156
5468,531
5468,613
5468,710
5469,77
5469,82
5469,243
5469,246
5469,262
5469,535
5469,944
5470,30
5470,166
5470,227
5470,488
5470,653
5470,791
5470,862
5470,881
5470,897
5470,981
5471,60
5471,755
5472,30
5472,227
5472,525
5472,862
5472,912
5473,88
5473,210
5473,314
5473,525
5473,693
5473,814
5474,36
5474,474
5474,533
5475,29
5475,64
5475,68
5475,233
5475,284
5475,352
5475,379
5475,446
5475,613
5475,700
5475,814
5475,828
5476,48
5476,418
5477,48
5477,531
5477,814
5477,888
5478,77
5478,144
5478,525
5478,531
5478,757
5478,814
5478,862
5479,418
5479,542
5480,30
5480,297
5480,784
5480,814
5481,48
5481,88
5481,210
5481,466
5481,693
5481,775
5481,814
5481,817
5481,888
5482,60
5482,476
5482,755
5482,928
5483,29
5483,64
5483,68
5483,233
5483,446
5483,502
5483,613
5483,693
5483,757
5483,814
5483,862
5484,379
5484,435
5484,436
5484,531
5484,807
5484,814
5484,828
5484,858
5485,48
5485,155
5485,613
5486,15
5486,30
5486,37
5486,72
5486,457
5486,670
5486,858
5486,863
5487,293
5487,606
5487,613
5487,649
5487,710
5487,814
5487,946
5488,200
5488,211
5488,814
5489,232
5489,348
5489,379
5489,649
5489,672
5490,30
5490,166
5490,627
5490,791
5490,881
5490,897
5491,68
5491,200
5491,606
5491,693
5491,814
5492,60
5492,163
5492,186
5492,245
5493,293
5493,324
5493,352
5493,379
5493,606
5493,613
5493,649
5493,814
5493,828
5494,18
5494,337
5494,353
5495,68
5495,200
5495,217
5495,293
5495,606
5495,613
5495,814
5495,904
5496,131
5496,352
5496,379
5496,613
5497,337
5497,464
5497,562
5497,575
5497,661
5498,60
5498,163
5498,487
5498,521
5498,546
5498,661
5498,762
5498,960
5499,186
5499,337
5499,521
5499,782
5500,69
5500,337
5500,521
5500,738
5500,741
5501,293
5501,297
5501,532
5501,606
5501,613
5501,784
5501,814
5501,853
5501,881
5502,77
5502,262
5502,387
5502,435
5503,200
5503,217
5503,693
5503,814
5503,904
5504,30
5504,531
5504,749
5504,912
5505,104
5505,112
5505,184
5505,613
5506,15
5506,30
5506,531
5506,655
5506,912
5507,171
5507,337
5507,645
5508,474
5508,533
5508,741
5508,926
5509,184
5509,186
5509,201
5509,364
5509,741
5510,30
5510,63
5510,227
5510,372
5510,457
5510,656
5510,858
5510,862
5510,981
5511,6
5511,171
5511,224
5511,777
5512,68
5512,606
5512,693
5512,814
5512,884
5513,30
5513,68
5513,457
5513,507
5513,710
5513,805
5513,858
5514,60
5514,755
5515,77
5515,82
5515,243
5515,756
5516,49
5516,146
5516,150
5516,337
5516,521
5517,146
5517,186
5517,337
5518,613
5518,710
5519,36
5519,337
5519,464
5519,562
5520,30
5520,606
5520,653
5520,656
5520,791
5520,814
5520,897
5520,912
5520,947
5521,60
5521,621
5521,751
5521,755
5522,16
5522,321
5522,352
5522,379
5522,396
5522,613
5523,30
5523,200
5523,217
5523,613
5523,904
5523,906
5524,30
5524,525
5524,554
5524,752
5524,806
5524,912
5525,112
5525,184
5525,613
5526,131
5526,352
5526,379
5526,396
5526,613
5526,814
5526,828
5527,814
5528,77
5528,117
5528,144
5528,340
5528,387
5528,414
5528,531
5528,754
5528,757
5528,814
5528,862
5529,37
5529,171
5529,503
5529,685
5529,979
5530,163
5530,473
5530,658
5530,751
5531,184
5531,613
5532,30
5532,41
5532,227
5532,653
5532,912
5532,981
5533,60
5533,245
5533,340
5533,701
5533,775
5534,112
5534,184
5534,364
5534,613
5535,60
5535,476
5535,755
5535,928
5536,60
5536,245
5536,775
5536,776
5536,944
5537,77
5537,385
5537,664
5537,710
5537,750
5537,814
5537,858
5538,60
5538,163
5538,245
5538,521
5538,546
5538,575
5538,661
5538,762
5538,960
5539,360
5539,474
5539,533
5539,926
5540,337
5540,353
5540,464
5540,741
5541,186
5541,741
5542,104
5542,112
5542,184
5542,364
5542,613
5543,60
5543,944
5544,60
5544,755
5544,944
5545,418
5545,531
5545,814
5546,104
5546,184
5546,613
5547,104
5547,184
5547,613
5548,104
5548,112
5548,184
5548,613
5549,68
5549,243
5549,246
5549,887
5550,474
5550,533
5550,658
5550,741
5550,827
5551,184
5551,613
5552,184
5552,613
5553,613
5553,814
5554,60
5554,546
5554,876
5555,533
5555,661
5555,685
5555,708
5555,717
5556,186
5556,471
5556,741
5557,48
5557,131
5557,379
5557,626
5557,814
5557,828
5557,888
5557,928
5558,88
5558,531
5558,670
5558,775
5558,814
5559,613
5559,670
5559,807
5559,814
5559,858
5560,297
5560,531
5560,670
5560,814
5561,30
5561,457
5561,531
5561,670
5561,858
5562,72
5562,387
5562,670
5562,710
5562,979
5563,373
5563,379
5563,591
5563,670
5563,710
5563,732
5563,810
5563,814
5563,828
5564,379
5564,670
5565,156
5565,352
5565,373
5565,379
5565,591
5565,613
5565,670
5565,710
5565,732
5565,810
5566,379
5566,531
5566,670
5567,373
5567,379
5567,591
5567,670
5567,732
5567,810
5567,814
5567,828
5567,924
5568,293
5568,352
5568,379
5568,426
5568,528
5568,613
5568,614
5568,626
5568,807
5568,854
5568,858
5568,928
5569,68
5569,200
5569,217
5569,606
5569,814
5569,904
5570,30
5570,227
5570,656
5570,806
5570,862
5570,912
5571,293
5571,528
5571,606
5571,613
5571,614
5571,814
5572,190
5573,613
5574,225
5574,344
5574,780
5574,846
5574,877
5575,60
5575,790
5576,77
5577,360
5577,418
5577,983
5578,340
5578,414
5578,531
5578,814
5579,2
5579,156
5579,418
5579,613
5579,906
5580,60
5580,755
5580,876
5581,30
5581,457
5581,525
5581,858
5582,5
5582,77
5582,82
5582,144
5582,206
5582,304
5582,340
5582,387
5582,531
5582,566
5582,862
5583,337
5583,353
5583,521
5583,567
5584,60
5584,245
5584,326
5584,634
5584,775
5584,784
5584,876
5585,30
5585,525
5585,752
5585,912
5586,77
5586,525
5587,146
5587,685
5588,396
5588,606
5588,814
5589,613
5590,108
5590,161
5590,814
5591,293
5591,531
5591,606
5591,613
5591,814
5591,944
5592,69
5592,186
5592,337
5593,186
5593,877
5594,30
5594,37
5594,72
5594,243
5594,325
5594,370
5594,380
5594,457
5594,503
5594,511
5594,670
5594,761
5594,780
5594,858
5594,863
5594,870
5594,979
5595,69
5595,73
5595,188
5595,337
5595,464
5595,687
5595,732
5596,301
5596,337
5596,464
5597,36
5597,327
5597,464
5597,741
5598,68
5598,435
5598,814
5599,68
5599,435
5599,814
5600,396
5600,814
5601,30
5601,227
5601,435
5601,613
5601,906
5602,379
5602,435
5602,531
5602,814
5602,828
5603,698
5603,814
5604,88
5604,418
5604,525
5604,775
5604,983
5605,77
5605,144
5605,531
5605,853
5605,881
5606,435
5606,814
5607,60
5607,435
5607,755
5608,435
5608,698
5608,814
5609,30
5609,435
5609,653
5610,435
5610,814
5611,88
5611,379
5611,542
5611,775
5611,814
5611,817
5611,828
5612,68
5612,435
5612,814
5613,379
5613,698
5613,814
5613,828
5614,379
5614,435
5614,807
5614,814
5614,828
5614,858
5615,68
5615,379
5615,525
5615,814
5615,828
5616,68
5616,435
5616,698
5616,814
5617,60
5617,415
5617,525
5617,756
5618,435
5618,698
5618,814
5619,418
5619,435
5619,858
5620,25
5620,68
5620,435
5620,532
5620,613
5621,396
5621,613
5622,4
5622,72
5622,319
5622,531
5622,577
5622,670
5622,710
5623,373
5623,379
5623,591
5623,670
5623,710
5623,732
5623,810
5623,814
5623,828
5624,60
5624,435
5624,710
5625,68
5625,352
5625,379
5625,396
5625,613
5626,68
5626,435
5626,814
5627,30
5627,37
5627,72
5627,457
5627,670
5627,858
5627,863
5628,25
5628,435
5628,613
5629,77
5629,144
5629,807
5629,853
5629,858
5629,881
5630,68
5630,379
5630,435
5630,814
5630,828
5631,435
5631,814
5632,6
5632,337
5632,567
5633,60
5633,198
5633,476
5633,755
5634,186
5634,415
5634,603
5634,877
5635,77
5635,379
5635,387
5635,531
5635,670
5636,30
5636,227
5636,587
5636,757
5636,814
5636,862
5637,156
5637,587
5637,613
5637,921
5638,30
5638,227
5638,445
5638,606
5638,757
5638,791
5638,814
5638,862
5638,881
5638,897
5638,981
5639,156
5639,293
5639,587
5639,613
5640,30
5640,227
5640,587
5640,791
5640,862
5640,912
5640,981
5641,25
5641,68
5641,613
5641,814
5642,25
5642,30
5642,227
5642,340
5642,613
5642,906
5642,981
5643,68
5643,447
5643,613
5643,887
5644,435
5644,814
5645,337
5645,835
5646,68
5646,234
5646,243
5646,702
5646,761
5647,30
5647,227
5647,736
5647,757
5647,814
5647,862
5647,897
5648,187
5648,337
5649,36
5649,171
5649,337
5649,464
5649,567
5649,645
5649,741
5650,49
5650,146
5650,187
5650,337
5650,521
5651,459
5651,814
5652,60
5652,340
5652,348
5653,60
5653,418
5653,709
5653,875
5653,876
5653,959
5654,418
5655,814
5656,77
5656,243
5656,466
5657,68
5657,88
5657,539
5657,757
5657,775
5657,814
5657,862
5658,131
5658,352
5658,379
5658,613
5658,710
5658,732
5659,293
5659,352
5659,379
5659,613
5659,944
5660,60
5660,226
5660,756
5661,5
5661,21
5661,77
5661,144
5661,304
5661,435
5661,606
5661,659
5661,757
5661,814
5661,862
5662,337
5662,521
5662,661
5662,685
5662,782
5663,146
5663,337
5663,521
5663,567
5663,771
5664,186
5664,337
5664,741
5665,186
5665,741
5666,186
5666,596
5666,877
5667,16
5667,396
5667,613
5667,710
5668,156
5668,293
5668,587
5668,613
5668,626
5668,928
5669,2
5669,418
5669,531
5669,613
5670,360
5670,474
5670,533
5670,685
5670,983
5671,670
5671,757
5671,814
5672,379
5672,670
5672,814
5672,828
5673,77
5673,750
5673,858
5674,200
5674,293
5674,352
5674,379
5674,606
5674,613
5674,626
5674,814
5674,815
5674,828
5674,928
5675,77
5675,144
5675,262
5675,387
5675,736
5675,807
5675,858
5675,862
5676,69
5676,171
5676,337
5676,685
5676,805
5677,352
5677,379
5677,613
5677,710
5677,732
5677,946
5678,243
5678,246
5678,466
5678,525
5678,531
5678,821
5679,68
5679,531
5679,814
5680,340
5680,401
5680,418
5681,243
5681,246
5682,60
5682,245
5682,546
5682,755
5682,775
5683,175
5683,613
5683,906
5684,60
5684,168
5684,198
5684,209
5684,340
5684,476
5684,928
5685,775
5685,811
5685,814
5685,887
5686,525
5686,693
5686,757
5686,775
5686,814
5686,862
5687,474
5687,533
5687,685
5687,926
5687,983
5688,37
5688,319
5688,503
5688,780
5689,48
5689,155
5689,613
5690,48
5690,155
5690,613
5691,48
5691,155
5691,613
5691,921
5692,48
5692,155
5692,613
5693,37
5693,319
5693,503
5693,780
5693,863
5693,899
5694,48
5694,155
5694,531
5694,613
5695,48
5695,757
5695,814
5695,862
5695,888
5696,503
5696,780
5696,863
5696,899
5697,48
5697,626
5697,814
5697,888
5697,928
5698,48
5698,615
5698,814
5698,888
5699,16
5699,396
5699,613
5700,16
5700,30
5700,396
5700,613
5700,906
5701,30
5701,457
5701,542
5701,858
5702,16
5702,396
5702,613
5703,30
5703,243
5703,280
5703,670
5703,761
5704,77
5704,117
5704,144
5704,340
5704,754
5704,862
5705,200
5705,211
5705,293
5705,297
5705,532
5705,606
5705,613
5705,626
5705,627
5705,814
5705,928
5706,68
5706,606
5706,757
5706,814
5706,862
5706,887
5707,30
5707,37
5707,72
5707,457
5707,670
5707,858
5707,863
5708,84
5708,474
5708,533
5708,824
5709,68
5709,77
5709,814
5710,426
5710,531
5710,858
5710,881
5711,25
5711,184
5711,364
5711,613
5712,6
5712,18
5712,69
5712,171
5712,337
5712,353
5712,645
5712,741
5713,337
5713,353
5713,685
5713,741
5714,25
5714,166
5714,293
5714,613
5714,881
5715,18
5715,171
5715,353
5715,645
5715,741
5716,21
5716,68
5716,77
5716,387
5716,435
5716,531
5716,606
5716,814
5717,710
5717,814
5718,30
5718,306
5718,426
5718,457
5718,750
5718,791
5718,858
5718,912
5719,68
5719,200
5719,217
5719,606
5719,814
5720,68
5720,200
5720,217
5720,293
5720,606
5720,613
5720,814
5721,60
5721,163
5721,186
5721,751
5721,755
5722,49
5722,69
5722,186
5722,380
5723,60
5723,235
5723,245
5723,476
5723,755
5723,775
5723,928
5724,128
5724,502
5724,613
5724,862
5725,337
5725,738
5725,960
5726,36
5726,171
5726,337
5726,464
5726,562
5726,685
5726,777
5727,311
5727,418
5727,670
5728,200
5728,293
5728,606
5728,613
5728,630
5728,814
5729,156
5729,293
5729,352
5729,379
5729,613
5729,871
5730,77
5730,144
5730,375
5731,2
5731,55
5731,182
5731,418
5731,531
5731,613
5731,949
5732,41
5732,196
5732,243
5732,246
5733,68
5733,88
5733,775
5733,811
5733,814
5733,887
5734,756
5734,814
5734,938
5735,379
5735,670
5735,756
5735,985
5736,387
5736,531
5736,670
5736,757
5736,814
5737,77
5737,82
5737,144
5737,757
5737,814
5737,862
5738,108
5738,670
5738,814
5739,293
5739,352
5739,379
5739,587
5739,613
5740,587
5740,606
5740,814
5741,587
5741,606
5741,693
5741,814
5742,156
5742,352
5742,379
5742,587
5742,613
5743,186
5743,337
5743,741
5744,533
5745,533
5745,685
5746,30
5746,243
5746,372
5746,457
5746,525
5746,750
5746,844
5746,858
5746,912
5747,68
5747,200
5747,606
5747,814
5747,968
5748,186
5748,741
5749,533
5749,827
5750,77
5750,243
5750,246
5750,262
5750,531
5750,870
5751,2
5751,64
5751,111
5751,182
5751,233
5751,418
5751,525
5751,613
5751,906
5752,77
5752,144
5752,475
5752,502
5752,525
5752,613
5752,850
5752,862
5753,25
5753,352
5753,379
5753,435
5753,613
5754,30
5754,243
5754,435
5754,457
5754,752
5754,807
5754,858
5754,900
5755,435
5755,693
5755,814
5756,68
5756,435
5756,693
5756,814
5757,60
5757,245
5757,755
5757,775
5757,876
5758,2
5758,418
5758,531
5758,613
5759,30
5759,137
5759,240
5759,436
5759,457
5759,525
5759,554
5759,656
5759,858
5760,182
5760,418
5760,736
5761,60
5761,701
5761,755
5762,77
5762,144
5762,862
5762,945
5763,337
5763,575
5763,661
5763,717
5763,989
5764,88
5764,135
5764,531
5764,606
5764,757
5764,814
5764,862
5764,864
5764,981
5765,68
5765,217
5765,739
5765,814
5765,928
5766,154
5766,531
5766,606
5766,693
5766,814
5766,817
5766,989
5767,131
5767,352
5767,379
5767,613
5768,453
5768,503
5768,577
5768,780
5769,60
5770,741
5770,970
5771,337
5771,521
5771,567
5771,738
5772,453
5772,471
5772,685
5772,738
5772,741
5773,60
5773,299
5773,973
5774,212
5774,587
5774,814
5775,18
5775,353
5775,464
5776,18
5776,69
5776,171
5776,337
5776,353
5776,645
5776,741
5777,396
5777,613
5777,814
5778,36
5778,337
5778,464
5779,190
5780,37
5780,171
5780,177
5780,328
5780,503
5781,68
5781,243
5781,246
5781,587
5781,870
5782,587
5782,814
5783,25
5783,112
5783,156
5783,293
5783,587
5783,613
5784,156
5784,293
5784,502
5784,587
5784,613
5784,862
5784,921
5784,981
5785,156
5785,587
5785,613
5786,156
5786,293
5786,502
5786,587
5786,613
5786,862
5787,30
5787,227
5787,587
5787,791
5787,862
5787,912
5788,30
5788,387
5788,587
5788,606
5788,791
5788,814
5789,30
5789,212
5789,314
5789,379
5789,587
5789,693
5789,814
5789,828
5790,379
5790,814
5790,828
5791,60
5791,245
5791,382
5791,476
5791,555
5791,579
5791,580
5791,755
5791,775
5791,928
5792,184
5792,201
5792,613
5793,140
5793,328
5793,503
5794,814
5795,156
5795,316
5795,613
5796,68
5796,200
5796,379
5796,606
5796,700
5796,814
5796,828
5796,927
5797,68
5797,385
5797,814
5797,858
5798,30
5798,525
5799,25
5799,30
5799,227
5799,324
5799,387
5799,502
5799,613
5799,862
5799,906
5800,487
5800,533
5801,360
5801,418
5801,949
5801,983
5802,68
5802,294
5802,693
5802,814
5802,963
5803,222
5803,525
5803,893
5804,37
5804,171
5804,319
5804,503
5805,68
5805,234
5805,284
5805,352
5805,379
5805,613
5805,700
5806,330
5806,360
5806,474
5806,533
5806,926
5807,68
5807,198
5807,268
5807,290
5807,814
5807,928
5808,337
5808,453
5808,471
5808,533
5808,741
5809,294
5809,814
5809,963
5810,294
5810,814
5810,954
5810,963
5811,30
5811,109
5811,200
5811,217
5811,293
5811,426
5811,554
5811,606
5811,613
5811,693
5811,791
5811,807
5811,814
5811,858
5812,23
5812,72
5812,106
5812,379
5812,670
5813,37
5813,140
5813,171
5813,503
5814,21
5814,77
5814,82
5814,200
5814,217
5814,379
5814,606
5814,814
5814,828
5814,904
5815,200
5815,426
5815,606
5815,807
5815,814
5815,858
5815,927
5816,55
5816,182
5816,418
5816,949
5817,109
5817,200
5817,217
5817,293
5817,352
5817,379
5817,613
5818,200
5818,293
5818,606
5818,613
5818,814
5818,904
5819,21
5819,77
5819,109
5819,144
5819,200
5819,217
5819,286
5819,862
5820,200
5820,217
5820,379
5820,492
5820,606
5820,693
5820,814
5820,828
5820,904
5821,156
5821,200
5821,217
5821,284
5821,293
5821,352
5821,379
5821,613
5821,626
5821,904
5821,928
5822,60
5822,272
5822,326
5822,525
5822,784
5823,243
5823,870
5823,883
5824,30
5824,243
5824,246
5824,702
5825,128
5825,243
5825,246
5826,77
5826,82
5826,144
5826,572
5826,862
5827,30
5827,83
5827,375
5827,791
5827,897
5828,352
5828,379
5828,613
5828,710
5828,732
5829,112
5829,184
5829,201
5829,364
5829,613
5830,293
5830,396
5830,606
5830,613
5830,693
5830,814
5831,606
5831,814
5831,944
5832,206
5832,387
5832,600
5832,606
5832,814
5833,186
5833,685
5833,741
5834,186
5834,741
5835,87
5835,474
5835,533
5835,741
5836,256
5836,352
5836,354
5836,613
5836,626
5836,767
5836,928
5837,293
5837,396
5837,613
5838,37
5838,106
5838,140
5838,171
5838,291
5838,370
5838,503
5838,827
5838,863
5839,23
5839,140
5839,319
5839,328
5839,464
5839,503
5840,533
5841,128
5841,156
5841,613
5841,814
5842,146
5842,493
5842,521
5843,128
5843,156
5843,352
5843,379
5843,613
5844,25
5844,30
5844,128
5844,227
5844,502
5844,613
5844,862
5844,906
5844,981
5845,49
5845,153
5845,337
5845,521
5845,567
5845,685
5845,817
5846,128
5846,243
5846,246
5846,535
5847,128
5847,243
5847,246
5847,826
5848,36
5848,337
5849,6
5849,146
5849,186
5849,337
5849,380
5850,37
5850,171
5850,291
5850,503
5850,863
5850,934
5851,184
5851,613
5852,77
5852,243
5852,307
5852,525
5852,531
5852,655
5853,533
5853,569
5853,877
5854,30
5854,243
5854,246
5854,280
5854,457
5854,670
5854,844
5854,858
5854,883
5855,140
5855,319
5855,328
5855,503
5856,37
5856,171
5856,177
5856,319
5856,328
5856,503
5857,69
5857,198
5857,503
5857,577
5857,780
5857,928
5858,140
5858,291
5858,319
5858,503
5858,577
5858,827
5859,25
5859,525
5859,613
5859,814
5860,324
5860,525
5860,613
5861,243
5861,246
5862,25
5862,68
5862,112
5862,613
5863,77
5863,81
5863,243
5863,246
5863,262
5864,471
5864,658
5864,741
5865,69
5865,171
5865,337
5865,685
5866,17
5866,25
5866,30
5866,200
5866,293
5866,606
5866,613
5866,626
5866,779
5866,791
5866,814
5866,906
5867,30
5867,435
5867,606
5867,791
5867,814
5867,817
5867,897
5868,200
5868,606
5868,626
5868,693
5868,779
5868,814
5868,928
5869,77
5869,262
5869,286
5870,68
5870,613
5870,814
5871,128
5871,379
5871,693
5871,814
5871,828
5872,69
5872,218
5872,337
5872,521
5872,685
5872,988
5873,337
5873,521
5873,575
5873,661
5874,60
5874,163
5874,186
5874,453
5874,569
5874,709
5875,128
5875,379
5875,814
5875,828
5876,30
5876,128
5876,615
5876,749
5876,814
5877,128
5877,613
5877,814
5878,474
5878,533
5878,835
5879,17
5879,25
5879,30
5879,200
5879,293
5879,606
5879,613
5879,626
5879,791
5879,814
5879,906
5879,928
5880,77
5880,200
5880,217
5880,243
5880,904
5881,30
5881,457
5881,805
5881,858
5882,68
5882,77
5882,144
5882,757
5882,814
5882,862
5882,981
5883,184
5883,613
5884,68
5884,77
5884,609
5884,814
5884,817
5885,30
5885,137
5885,457
5885,525
5885,554
5885,752
5885,858
5886,36
5886,146
5886,171
5886,337
5886,521
5886,567
5886,645
5887,83
5887,243
5887,246
5888,48
5888,77
5888,82
5888,118
5888,144
5888,862
5889,531
5889,814
5890,48
5890,155
5890,613
5890,814
5890,888
5891,3
5891,352
5891,379
5891,613
5892,135
5892,359
5892,613
5893,41
5893,293
5893,352
5893,379
5893,606
5893,613
5893,710
5893,732
5893,814
5893,828
5894,68
5894,525
5894,531
5894,814
5895,156
5895,184
5895,201
5895,613
5896,59
5896,200
5896,217
5896,293
5896,352
5896,379
5896,606
5896,613
5896,639
5896,756
5896,814
5896,828
5896,904
5896,923
5897,3
5897,156
5897,352
5897,379
5897,613
5897,855
5898,418
5898,881
5898,983
5899,25
5899,30
5899,613
5899,906
5900,60
5900,272
5900,326
5900,784
5901,471
5901,487
5901,521
5901,741
5902,68
5902,781
5902,814
5903,151
5903,199
5903,503
5903,780
5903,863
5903,899
5904,30
5904,426
5904,435
5904,457
5904,750
5904,791
5904,858
5904,897
5904,912
5905,5
5905,21
5905,77
5905,144
5905,304
5905,435
5905,606
5905,659
5905,757
5905,814
5905,862
5905,981
5906,256
5906,613
5906,871
5907,131
5907,256
5907,379
5907,572
5907,710
5907,732
5907,756
5907,814
5907,828
5907,923
5908,30
5908,130
5908,166
5908,227
5908,304
5908,791
5908,862
5908,881
5909,60
5909,163
5909,684
5909,738
5909,755
5910,30
5910,314
5910,426
5910,435
5910,457
5910,606
5910,646
5910,791
5910,807
5910,814
5910,817
5910,858
5911,15
5911,30
5911,63
5911,130
5911,227
5911,234
5911,304
5911,862
5912,156
5912,447
5912,502
5912,613
5912,746
5912,862
5912,887
5913,16
5913,30
5913,156
5913,375
5913,396
5913,613
5913,906
5914,447
5914,582
5914,613
5914,887
5914,906
5915,337
5915,741
5916,337
5916,817
5917,88
5917,525
5917,693
5917,775
5917,814
5917,817
5918,15
5918,30
5918,63
5918,227
5918,525
5918,862
5919,48
5919,155
5919,613
5919,814
5919,888
5920,30
5920,63
5920,227
5920,396
5920,475
5920,791
5920,862
5920,912
5920,981
5921,3
5921,352
5921,379
5921,613
5922,48
5922,155
5922,613
5922,626
5922,814
5922,888
5922,928
5923,25
5923,613
5924,340
5924,379
5924,615
5924,814
5924,828
5925,3
5925,243
5926,16
5926,112
5926,396
5926,613
5927,68
5927,525
5927,814
5928,16
5928,396
5928,613
5929,3
5929,156
5929,613
5930,3
5930,156
5930,613
5930,855
5931,379
5931,426
5931,531
5931,807
5931,858
5931,881
5932,200
5932,217
5932,293
5932,352
5932,379
5932,606
5932,613
5932,814
5932,828
5932,904
5933,68
5933,528
5933,606
5933,614
5933,693
5933,814
5934,3
5934,243
5934,246
5935,60
5935,340
5935,531
5935,546
5935,755
5936,613
5937,60
5937,415
5938,200
5938,217
5938,243
5938,246
5938,535
5938,904
5939,17
5939,358
5939,606
5939,814
5940,3
5940,352
5940,379
5940,613
5940,698
5940,814
5940,828
5941,30
5941,227
5941,525
5941,757
5941,814
5941,862
5941,912
5942,25
5942,30
5942,175
5942,613
5942,806
5942,906
5943,30
5943,68
5943,507
5943,634
5943,814
5943,817
5944,88
5944,210
5944,693
5944,814
5945,151
5945,186
5945,741
5946,23
5946,69
5946,140
5946,319
5946,441
5946,464
5946,503
5946,577
5946,663
5946,732
5947,23
5947,72
5947,140
5947,319
5947,379
5947,441
5947,577
5947,663
5947,670
5947,710
5947,732
5948,72
5948,140
5948,319
5948,441
5948,577
5948,663
5948,670
5948,710
5949,24
5949,68
5949,606
5949,693
5949,814
5950,337
5950,738
5951,738
5951,741
5952,521
5952,738
5952,741
5953,474
5953,533
5953,658
5954,15
5954,30
5954,111
5954,137
5954,457
5954,525
5954,554
5954,752
5954,858
5955,60
5955,245
5955,340
5955,415
5955,775
5955,876
5956,68
5956,525
5956,531
5956,756
5956,814
5956,923
5957,68
5957,200
5957,211
5957,293
5957,352
5957,379
5957,606
5957,613
5957,700
5957,814
5957,828
5958,297
5958,606
5958,621
5958,784
5958,800
5958,814
5959,60
5959,245
5959,438
5959,762
5959,775
5960,146
5960,150
5960,521
5961,171
5961,337
5961,493
5962,88
5962,304
5962,659
5962,757
5962,775
5962,814
5962,817
5963,146
5963,337
5963,658
5963,960
5964,69
5964,337
5965,36
5965,146
5965,337
5965,464
5965,521
5965,562
5965,567
5966,386
5966,533
5967,83
5967,379
5967,531
5967,606
5967,814
5967,828
5968,83
5968,243
5968,246
5968,821
5968,870
5969,184
5969,613
5970,30
5970,200
5970,227
5970,293
5970,502
5970,606
5970,613
5970,757
5970,791
5970,814
5970,862
5970,868
5970,906
5971,135
5971,359
5971,532
5971,613
5972,25
5972,30
5972,88
5972,105
5972,147
5972,227
5972,233
5972,496
5972,502
5972,613
5972,703
5972,757
5972,775
5972,814
5972,862
5972,906
5973,30
5973,613
5973,906
5973,944
5974,68
5974,77
5974,82
5974,144
5974,531
5974,757
5974,814
5974,862
5975,3
5975,30
5975,156
5975,227
5975,293
5975,502
5975,613
5975,778
5975,791
5975,855
5975,862
5975,897
5975,906
5976,3
5976,30
5976,227
5976,313
5976,653
5976,791
5976,862
5976,912
5977,25
5977,68
5977,88
5977,112
5977,175
5977,293
5977,314
5977,340
5977,429
5977,606
5977,613
5977,693
5977,814
5978,77
5978,82
5978,144
5978,750
5978,757
5978,814
5978,858
5978,944
5979,337
5979,521
5979,575
5979,661
5979,960
5980,146
5980,153
5980,337
5980,464
5980,521
5981,60
5981,476
5981,928
5982,25
5982,88
5982,531
5982,613
5982,775
5982,814
5982,928
5983,360
5983,533
5984,186
5984,415
5984,699
5984,877
5985,87
5985,146
5985,337
5985,521
5985,782
5985,958
5986,337
5986,464
5986,487
5986,661
5986,782
5987,60
5987,209
5987,340
5987,476
5987,755
5987,928
5988,60
5988,272
5988,326
5988,405
5988,627
5989,294
5989,613
5989,691
5990,25
5990,30
5990,41
5990,59
5990,227
5990,293
5990,502
5990,613
5990,756
5990,791
5990,862
5990,897
5990,906
5991,41
5991,379
5991,531
5991,710
5991,732
5992,41
5992,379
5992,606
5992,814
5992,828
5993,25
5993,30
5993,41
5993,59
5993,227
5993,293
5993,502
5993,613
5993,756
5993,791
5993,862
5993,897
5993,906
5994,41
5994,59
5994,293
5994,352
5994,379
5994,606
5994,613
5994,639
5994,756
5994,814
5994,828
5994,923
5995,487
5995,741
5996,337
5996,464
5996,685
5996,780
5997,243
5997,335
5998,68
5998,200
5998,211
5998,606
5998,814
5999,112
5999,184
5999,201
5999,613
6000,60
6000,755
6001,396
6001,814
6002,243
6002,246
6002,525
6002,646
6002,655
6002,821
6002,870
6003,30
6003,63
6003,227
6003,525
6003,656
6003,862
6003,912
6004,25
6004,68
6004,525
6004,613
6004,693
6004,814
6005,156
6005,184
6005,201
6005,613
6006,68
6006,77
6006,82
6006,243
6006,761
6007,18
6007,337
6007,353
6007,464
6007,562
6007,685
6007,741
6008,25
6008,613
6009,77
6009,82
6009,814
6010,429
6010,606
6010,756
6010,814
6010,923
6011,30
6011,615
6011,749
6011,814
6012,30
6012,63
6012,227
6012,396
6012,462
6012,791
6012,912
6012,981
6013,327
6013,337
6013,464
6013,471
6013,562
6013,661
6013,708
6013,741
6014,150
6014,171
6014,464
6015,184
6015,613
6016,60
6016,163
6016,186
6016,521
6016,762
6017,6
6017,146
6017,171
6017,186
6017,287
6017,380
6018,337
6018,658
6018,741
6019,533
6019,685
6020,36
6020,236
6020,474
6020,533
6020,983
6021,738
6021,741
6022,48
6022,77
6022,82
6022,118
6022,144
6022,757
6022,814
6022,862
6022,888
6023,48
6023,88
6023,693
6023,775
6023,814
6023,888
6024,48
6024,814
6024,888
6025,30
6025,72
6025,577
6025,670
6025,743
6025,863
6026,77
6027,60
6027,245
6027,272
6027,326
6027,525
6027,627
6027,775
6028,68
6028,77
6028,82
6028,243
6028,535
6029,76
6029,293
6029,606
6029,613
6029,786
6029,814
6030,68
6030,200
6030,217
6030,293
6030,502
6030,606
6030,613
6030,693
6030,757
6030,814
6030,862
6030,904
6031,340
6031,814
6031,817
6032,41
6032,293
6032,363
6032,606
6032,613
6032,814
6033,41
6033,379
6033,606
6033,814
6033,828
6034,41
6034,379
6034,606
6034,814
6034,828
6035,41
6035,293
6035,506
6035,606
6035,613
6035,814
6036,41
6036,379
6037,41
6037,363
6037,379
6038,30
6038,227
6038,912
6038,981
6039,135
6039,359
6039,613
6039,693
6039,814
6039,864
6040,25
6040,184
6040,201
6040,364
6040,613
6041,243
6041,246
6041,392
6042,55
6042,88
6042,141
6042,408
6042,418
6042,525
6042,814
6043,418
6043,736
6043,858
6043,949
6044,77
6044,144
6044,757
6044,814
6045,68
6045,77
6045,117
6045,340
6045,750
6045,858
6046,145
6046,340
6046,379
6046,414
6046,531
6046,814
6046,828
6047,77
6047,144
6047,525
6047,862
6048,68
6048,613
6048,814
6049,337
6049,658
6049,741
6050,88
6050,418
6050,506
6050,775
6050,814
6051,68
6051,379
6051,531
6051,700
6051,814
6051,828
6052,68
6052,210
6052,379
6052,396
6052,531
6052,606
6052,700
6052,814
6052,817
6052,828
6053,171
6053,337
6053,380
6053,395
6054,60
6054,163
6054,186
6054,326
6055,6
6055,521
6056,37
6056,423
6056,503
6056,780
6056,803
6057,30
6057,55
6057,114
6057,182
6057,363
6057,418
6057,525
6057,554
6057,814
6058,30
6058,227
6058,293
6058,475
6058,502
6058,587
6058,613
6058,791
6058,862
6058,906
6059,49
6059,69
6059,171
6059,186
6059,337
6059,380
6059,664
6060,41
6060,156
6060,293
6060,613
6061,41
6061,209
6061,379
6061,606
6061,814
6061,828
6062,41
6062,379
6062,606
6062,814
6062,828
6063,41
6063,379
6063,606
6063,814
6063,828
6064,186
6064,209
6064,453
6064,596
6064,877
6064,928
6065,146
6065,186
6065,289
6065,521
6065,567
6065,685
6065,782
6066,30
6066,130
6066,227
6066,304
6066,862
6066,981
6067,87
6067,533
6068,3
6068,30
6068,227
6068,653
6068,778
6068,862
6068,897
6068,981
6069,135
6069,379
6069,715
6069,814
6069,828
6069,864
6070,30
6070,50
6070,287
6070,307
6070,340
6070,372
6070,457
6070,554
6070,752
6070,805
6070,858
6071,60
6071,245
6071,272
6071,326
6071,627
6071,775
6072,41
6072,379
6072,606
6072,814
6072,828
6073,41
6073,379
6073,606
6073,814
6073,828
6074,316
6074,613
6075,68
6075,109
6075,200
6075,217
6075,606
6075,693
6075,756
6075,814
6075,923
6076,146
6076,187
6076,337
6076,464
6076,521
6076,562
6077,30
6077,435
6078,2
6078,104
6078,189
6078,316
6078,418
6078,613
6079,17
6079,30
6079,200
6079,314
6079,606
6079,626
6079,791
6079,814
6079,928
6080,200
6080,217
6080,606
6080,626
6080,693
6080,814
6080,904
6080,928
6081,200
6081,217
6081,293
6081,606
6081,613
6081,615
6081,814
6081,904
6082,60
6082,755
6082,884
6083,30
6083,200
6083,314
6083,606
6083,626
6083,779
6083,791
6083,814
6083,928
6084,316
6084,352
6084,379
6084,613
6085,59
6085,109
6085,200
6085,217
6085,293
6085,430
6085,606
6085,613
6085,756
6085,814
6085,923
6086,30
6086,109
6086,200
6086,217
6086,227
6086,430
6086,507
6086,606
6086,757
6086,791
6086,806
6086,814
6086,862
6087,60
6087,418
6087,876
6088,360
6088,418
6088,542
6089,154
6089,418
6089,531
6090,25
6090,88
6090,293
6090,324
6090,396
6090,613
6091,68
6091,613
6092,141
6092,814
6092,962
6093,5
6093,21
6093,77
6093,144
6093,304
6093,387
6093,566
6093,606
6093,659
6093,757
6093,814
6093,944
6094,68
6094,88
6094,314
6094,315
6094,531
6094,693
6094,775
6094,814
6095,30
6095,227
6095,749
6095,862
6095,912
6096,186
6096,337
6097,7
6097,186
6097,596
6097,706
6097,877
6098,60
6098,87
6098,163
6098,326
6098,755
6099,5
6099,21
6099,77
6099,144
6099,304
6099,435
6099,606
6099,659
6099,757
6099,814
6099,862
6100,124
6100,327
6100,337
6100,464
6100,562
6100,741
6101,25
6101,352
6101,379
6101,531
6101,613
6101,805
6101,858
6102,17
6102,200
6102,606
6102,626
6102,693
6102,814
6102,928
6103,153
6103,474
6103,533
6104,70
6104,337
6105,156
6105,324
6105,613
6106,77
6106,243
6106,246
6106,262
6106,396
6107,30
6107,227
6107,862
6107,981
6108,3
6108,60
6108,326
6108,627
6108,755
6109,3
6109,60
6109,198
6109,336
6109,476
6109,928
6110,131
6110,175
6110,352
6110,379
6110,613
6111,25
6111,175
6111,243
6111,246
6111,256
6111,280
6111,294
6111,400
6111,613
6111,691
6111,821
6111,900
6112,68
6112,77
6113,36
6113,337
6113,464
6113,562
6113,685
6113,960
6114,3
6114,352
6114,379
6114,613
6114,855
6115,77
6115,387
6115,446
6115,525
6115,705
6115,814
6116,41
6116,293
6116,352
6116,379
6116,613
6117,41
6117,379
6117,531
6117,606
6117,710
6117,732
6117,814
6117,828
6118,606
6118,814
6118,928
6118,944
6119,41
6119,379
6119,606
6119,814
6119,828
6120,41
6120,379
6120,606
6120,814
6120,828
6121,36
6121,327
6121,464
6121,741
6122,36
6122,327
6122,337
6122,464
6122,741
6123,36
6123,327
6123,464
6123,741
6124,36
6124,171
6124,337
6124,464
6124,521
6124,771
6124,777
6125,36
6125,171
6125,337
6125,464
6125,562
6125,645
6126,36
6126,337
6127,36
6127,337
6128,68
6128,109
6128,200
6128,217
6128,606
6128,756
6128,814
6128,923
6129,41
6129,293
6129,352
6129,363
6129,379
6129,613
6130,41
6130,284
6130,293
6130,352
6130,379
6130,606
6130,613
6130,814
6130,828
6131,41
6131,293
6131,606
6131,613
6131,814
6132,41
6132,379
6132,606
6132,814
6132,828
6133,41
6133,293
6133,352
6133,379
6133,613
6134,41
6134,293
6134,352
6134,379
6134,606
6134,613
6134,814
6134,828
6135,30
6135,41
6135,59
6135,156
6135,227
6135,293
6135,502
6135,613
6135,756
6135,791
6135,862
6135,897
6135,906
6135,984
6136,314
6136,606
6136,736
6136,814
6137,166
6137,379
6137,492
6137,814
6137,828
6138,36
6138,337
6139,36
6139,171
6139,178
6139,337
6139,464
6139,562
6139,645
6139,817
6139,827
6140,182
6140,418
6141,36
6141,337
6141,817
6141,960
6142,396
6142,807
6142,814
6142,858
6143,3
6143,243
6143,247
6143,784
6144,3
6144,243
6144,246
6144,247
6145,3
6145,243
6145,247
6146,36
6146,337
6146,464
6146,562
6146,960
6147,131
6147,352
6147,379
6147,525
6147,613
6148,3
6148,379
6148,551
6148,814
6148,828
6149,200
6149,211
6149,606
6149,693
6149,757
6149,814
6150,68
6150,613
6150,814
6150,850
6151,68
6151,379
6151,396
6151,700
6151,814
6151,828
6152,88
6152,314
6152,615
6152,775
6152,814
6152,944
6153,156
6153,184
6153,364
6153,613
6154,60
6154,168
6154,207
6154,209
6154,294
6154,399
6154,476
6154,928
6154,982
6155,69
6155,360
6155,520
6155,533
6155,661
6155,708
6155,928
6156,68
6156,200
6156,606
6156,814
6156,927
6157,60
6157,163
6157,186
6157,326
6158,77
6158,144
6158,290
6158,435
6158,606
6158,757
6158,781
6158,814
6158,981
6159,124
6159,146
6159,337
6159,521
6160,49
6160,69
6160,124
6160,146
6160,380
6161,294
6161,814
6161,963
6162,243
6162,670
6163,379
6163,756
6163,814
6163,828
6163,887
6164,60
6164,234
6164,245
6164,756
6164,772
6164,775
6164,876
6165,88
6165,572
6165,757
6165,775
6165,814
6165,862
6165,981
6166,30
6166,227
6166,488
6166,525
6166,757
6166,814
6166,862
6166,981
6167,200
6167,217
6167,293
6167,352
6167,379
6167,606
6167,613
6167,626
6167,814
6167,828
6167,904
6167,928
6168,184
6168,613
6169,146
6169,186
6169,337
6169,521
6169,567
6170,145
6170,318
6170,340
6170,352
6170,379
6170,414
6170,613
6170,693
6170,814
6170,828
6171,156
6171,525
6171,613
6171,850
6172,60
6172,755
6172,876
6173,17
6173,197
6173,606
6173,693
6173,814
6174,591
6174,670
6174,710
6174,810
6174,814
6175,36
6175,337
6175,928
6176,337
6176,521
6176,567
6176,658
6177,243
6177,246
6177,430
6177,870
6178,67
6178,68
6178,324
6178,613
6178,850
6179,60
6179,163
6179,186
6179,741
6180,293
6180,475
6180,502
6180,613
6180,862
6180,944
6181,6
6181,171
6181,186
6181,827
6182,294
6182,352
6182,354
6182,613
6182,691
6183,37
6183,503
6183,577
6183,780
6183,899
6184,77
6184,144
6184,387
6184,862
6185,30
6185,554
6185,656
6186,151
6186,171
6186,380
6186,645
6186,661
6186,708
6187,68
6187,814
6188,200
6188,217
6188,606
6188,814
6188,904
6189,21
6189,77
6189,144
6189,200
6189,379
6189,387
6189,606
6189,757
6189,779
6189,814
6189,828
6189,862
6190,88
6190,210
6190,775
6190,814
6190,817
6191,200
6191,217
6191,284
6191,293
6191,352
6191,379
6191,613
6191,904
6192,200
6192,217
6192,284
6192,293
6192,352
6192,379
6192,613
6192,904
6193,60
6193,755
6194,200
6194,410
6194,606
6194,814
6195,21
6195,77
6195,82
6195,200
6195,426
6195,606
6195,693
6195,779
6195,807
6195,814
6195,858
6196,200
6196,217
6196,606
6196,814
6196,904
6197,25
6197,200
6197,217
6197,284
6197,293
6197,352
6197,379
6197,606
6197,613
6197,814
6197,828
6197,904
6198,68
6198,200
6198,217
6198,606
6198,814
6199,60
6199,163
6199,245
6199,521
6199,546
6199,575
6199,661
6199,755
6199,762
6199,960
6200,385
6200,814
6200,858
6201,29
6201,68
6201,363
6201,446
6201,613
6201,705
6201,814
6201,866
6201,928
6202,186
6202,464
6202,877
6203,146
6203,186
6203,337
6203,521
6203,567
6204,156
6204,184
6204,201
6204,613
6205,60
6205,217
6205,755
6206,77
6207,68
6207,525
6207,814
6208,68
6208,531
6208,693
6208,814
6209,60
6209,163
6209,353
6209,415
6209,751
6209,755
6210,55
6210,141
6210,418
6210,506
6210,814
6210,962
6211,2
6211,88
6211,418
6211,613
6212,68
6212,131
6212,379
6212,606
6212,639
6212,700
6212,756
6212,814
6212,828
6212,923
6212,944
6213,60
6213,245
6213,476
6213,755
6213,762
6213,775
6213,928
6214,297
6214,627
6214,693
6214,814
6215,150
6215,337
6215,521
6215,685
6216,453
6216,575
6216,596
6216,661
6216,751
6216,877
6217,3
6217,243
6217,246
6217,247
6218,3
6218,613
6218,855
6219,184
6219,613
6220,30
6220,426
6220,457
6220,791
6220,858
6220,881
6220,897
6221,187
6221,337
6221,464
6221,521
6221,562
6221,892
6222,324
6222,613
6223,77
6223,88
6223,185
6223,314
6223,814
6224,77
6224,243
6224,531
6224,670
6225,88
6225,131
6225,379
6225,506
6225,606
6225,634
6225,775
6225,814
6225,828
6226,243
6226,285
6226,340
6226,805
6226,844
6226,858
6227,49
6227,146
6227,187
6227,337
6227,892
6228,23
6228,72
6228,379
6228,577
6228,670
6229,30
6229,135
6229,227
6229,359
6229,502
6229,613
6229,862
6229,906
6229,981
6230,166
6230,613
6231,166
6231,475
6231,613
6231,981
6232,166
6232,287
6232,314
6232,606
6232,693
6232,814
6232,881
6233,182
6233,418
6234,418
6235,30
6235,375
6235,451
6235,506
6235,531
6235,554
6235,615
6235,619
6235,749
6235,760
6235,814
6235,931
6236,360
6236,474
6236,533
6237,30
6237,340
6237,531
6237,554
6237,806
6237,912
6238,30
6238,50
6238,88
6238,340
6238,414
6238,615
6238,749
6238,814
6239,60
6239,245
6239,525
6239,705
6239,775
6240,25
6240,613
6241,146
6241,171
6241,186
6241,287
6241,372
6241,380
6241,685
6241,805
6241,951
6242,186
6242,337
6242,741
6243,59
6243,131
6243,293
6243,352
6243,379
6243,445
6243,606
6243,613
6243,639
6243,756
6243,814
6243,828
6243,881
6243,923
6244,131
6244,315
6244,360
6244,401
6244,474
6244,533
6245,69
6245,171
6245,337
6245,661
6245,664
6246,77
6246,814
6247,30
6247,130
6247,227
6247,304
6247,435
6247,606
6247,659
6247,757
6247,791
6247,814
6247,862
6247,912
6247,981
6248,5
6248,21
6248,77
6248,82
6248,144
6248,206
6248,304
6248,387
6248,566
6248,606
6248,659
6248,757
6248,814
6248,862
6248,881
6249,30
6249,137
6249,166
6249,313
6249,426
6249,457
6249,554
6249,653
6249,791
6249,807
6249,858
6249,881
6250,30
6250,379
6250,621
6250,693
6250,814
6250,817
6250,823
6250,828
6251,530
6251,613
6251,921
6252,197
6252,430
6252,606
6252,693
6252,814
6252,868
6253,37
6253,69
6253,171
6253,503
6253,545
6253,577
6254,108
6254,531
6254,670
6254,814
6255,156
6255,166
6255,613
6255,921
6256,156
6256,166
6256,613
6256,921
6257,531
6257,591
6257,613
6257,670
6257,710
6257,810
6258,166
6258,613
6259,200
6259,211
6259,606
6259,613
6259,693
6259,814
6260,156
6260,166
6260,613
6260,921
6261,352
6261,379
6261,435
6261,613
6261,807
6261,858
6262,166
6262,613
6262,814
6263,16
6263,396
6263,613
6264,5
6264,21
6264,77
6264,144
6264,304
6264,606
6264,659
6264,757
6264,814
6264,862
6264,881
6264,981
6265,60
6265,790
6266,49
6266,146
6266,287
6266,337
6266,521
6266,567
6266,794
6267,25
6267,166
6267,613
6267,807
6267,858
6267,921
6268,190
6269,166
6269,613
6270,166
6270,613
6271,36
6271,146
6271,337
6271,521
6271,567
6272,243
6272,246
6272,256
6272,307
6272,572
6272,655
6273,166
6273,379
6273,814
6273,828
6274,166
6274,352
6274,379
6274,613
6275,30
6275,166
6275,653
6276,166
6276,613
6277,156
6277,166
6277,613
6278,30
6278,166
6278,227
6278,502
6278,613
6278,757
6278,814
6278,862
6278,906
6279,340
6279,387
6279,414
6279,462
6279,757
6279,814
6279,833
6280,186
6280,255
6280,337
6280,782
6281,68
6281,200
6281,217
6281,606
6281,693
6281,814
6282,156
6282,243
6282,246
6282,293
6282,358
6282,400
6282,613
6283,131
6283,284
6283,293
6283,352
6283,379
6283,530
6283,606
6283,613
6283,674
6283,814
6283,828
6284,187
6284,741
6284,892
6285,200
6285,606
6285,814
6285,815
6286,200
6286,379
6286,606
6286,626
6286,814
6286,815
6286,828
6286,928
6287,108
6287,435
6287,606
6287,814
6288,156
6288,184
6288,201
6288,613
6289,68
6289,200
6289,217
6289,606
6289,693
6289,814
6290,426
6290,606
6290,698
6290,807
6290,814
6290,858
6290,944
6291,60
6291,546
6291,755
6292,68
6292,318
6292,340
6292,613
6293,68
6293,200
6293,410
6293,606
6293,693
6293,814
6294,83
6294,141
6294,379
6294,531
6294,606
6294,814
6294,828
6294,962
6295,83
6295,88
6295,314
6295,531
6295,606
6295,775
6295,814
6295,817
6296,83
6296,88
6296,314
6296,379
6296,531
6296,606
6296,775
6296,814
6296,828
6297,83
6297,141
6297,379
6297,506
6297,531
6297,606
6297,814
6297,828
6297,962
6298,36
6298,301
6298,327
6298,337
6298,464
6298,562
6298,741
6299,41
6299,88
6299,606
6299,615
6299,775
6299,814
6299,817
6299,989
6300,25
6300,256
6300,293
6300,308
6300,572
6300,613
6301,60
6301,150
6301,163
6301,235
6301,521
6301,762
6302,49
6302,146
6302,337
6302,658
6303,243
6303,531
6303,535
6303,821
6303,870
6303,944
6304,30
6304,227
6304,234
6304,862
6304,912
6305,6
6305,36
6305,146
6305,337
6305,817
6306,49
6306,146
6306,187
6306,337
6306,521
6306,567
6306,892
6307,187
6307,337
6307,892
6308,447
6308,502
6308,531
6308,613
6308,746
6308,862
6308,887
6309,88
6309,525
6309,531
6309,814
6310,2
6310,55
6310,330
6310,418
6310,525
6310,613
6311,18
6311,327
6311,337
6311,353
6311,464
6311,562
6311,741
6312,88
6312,462
6312,757
6312,775
6312,814
6312,981
6313,60
6313,163
6313,186
6313,245
6313,521
6313,762
6314,15
6314,30
6314,137
6314,307
6314,457
6314,525
6314,554
6314,752
6314,807
6314,858
6315,77
6315,144
6315,234
6315,756
6315,862
6316,198
6316,256
6316,379
6316,572
6316,606
6316,814
6316,828
6316,928
6317,21
6317,77
6317,185
6317,254
6317,314
6317,435
6317,606
6317,814
6318,30
6318,227
6318,435
6318,606
6318,757
6318,791
6318,814
6318,862
6318,981
6319,15
6319,30
6319,137
6319,147
6319,287
6319,372
6319,457
6319,525
6319,531
6319,554
6319,703
6319,752
6319,831
6319,858
6320,49
6320,146
6320,337
6320,521
6321,352
6321,379
6321,492
6321,613
6321,814
6321,828
6322,187
6322,337
6322,521
6323,396
6323,613
6324,30
6324,316
6324,554
6324,584
6324,710
6324,814
6325,30
6325,130
6325,227
6325,304
6325,313
6325,387
6325,462
6325,566
6325,606
6325,659
6325,674
6325,757
6325,791
6325,814
6325,853
6325,912
6325,945
6326,30
6326,615
6326,749
6326,814
6326,817
6326,853
6327,68
6327,634
6327,642
6327,814
6328,190
6329,68
6329,200
6329,217
6329,606
6329,642
6329,693
6329,757
6329,814
6329,862
6330,60
6330,163
6330,186
6330,755
6331,372
6331,385
6331,814
6331,858
6332,60
6333,30
6333,50
6333,340
6333,656
6333,912
6334,474
6334,533
6334,926
6335,596
6335,877
6335,970
6336,114
6336,336
6336,418
6336,606
6336,811
6336,814
6336,887
6337,135
6337,352
6337,359
6337,379
6337,613
6337,715
6338,23
6338,291
6338,319
6338,328
6338,464
6338,503
6338,743
6338,827
6338,899
6339,18
6339,337
6339,353
6339,464
6339,562
6340,60
6340,235
6340,245
6340,531
6340,546
6340,572
6340,621
6340,755
6340,775
6340,776
6340,876
6341,37
6341,171
6341,177
6341,291
6341,503
6341,743
6341,863
6342,190
6343,184
6343,613
6343,964
6344,30
6344,227
6344,435
6344,653
6344,791
6344,862
6344,897
6345,21
6345,25
6345,77
6345,144
6345,200
6345,293
6345,502
6345,613
6345,779
6345,862
6346,17
6346,30
6346,200
6346,227
6346,606
6346,628
6346,757
6346,791
6346,814
6346,862
6347,243
6347,528
6347,614
6348,25
6348,613
6348,649
6348,814
6349,528
6349,606
6349,614
6349,757
6349,814
6349,862
6350,17
6350,21
6350,77
6350,144
6350,200
6350,862
6351,25
6351,156
6351,293
6351,502
6351,528
6351,613
6351,614
6351,862
6352,379
6352,649
6352,814
6352,828
6353,243
6353,246
6353,718
6353,909
6354,60
6354,438
6354,525
6354,762
6354,862
6355,243
6355,246
6355,718
6355,909
6356,60
6356,234
6356,235
6356,522
6356,531
6356,755
6356,876
6357,18
6357,337
6357,353
6357,774
6357,960
6358,109
6358,200
6358,217
6358,606
6358,718
6358,814
6359,77
6359,243
6360,292
6360,464
6360,596
6360,759
6360,774
6360,846
6360,877
6360,970
6361,60
6361,245
6361,476
6361,546
6361,755
6361,762
6361,862
6361,928
6362,6
6362,171
6362,186
6362,521
6362,774
6362,827
6362,951
6363,68
6363,77
6363,219
6363,348
6363,642
6363,814
6363,944
6364,613
6364,698
6364,814
6365,69
6365,186
6365,337
6365,741
6365,774
6366,30
6366,227
6366,538
6366,670
6366,718
6366,791
6366,912
6367,32
6367,37
6367,177
6367,319
6367,503
6367,780
6367,979
6368,741
6368,769
6368,774
6368,842
6368,861
6369,6
6369,146
6369,337
6369,599
6369,685
6369,774
6370,60
6370,207
6370,294
6371,23
6371,32
6371,140
6371,319
6371,328
6371,503
6371,780
6372,32
6372,37
6372,287
6372,319
6372,452
6372,503
6372,545
6372,735
6372,780
6372,863
6373,77
6373,116
6373,144
6373,670
6373,729
6373,757
6373,814
6374,418
6374,670
6375,30
6375,32
6375,37
6375,72
6375,151
6375,213
6375,457
6375,670
6375,735
6375,858
6375,863
6375,965
6376,200
6376,293
6376,352
6376,379
6376,606
6376,613
6376,718
6376,779
6376,814
6376,828
6377,243
6377,718
6377,881
6378,30
6378,112
6378,166
6378,609
6378,613
6378,718
6378,806
6378,897
6378,906
6378,915
6378,921
6379,613
6379,641
6379,944
6380,306
6380,317
6380,379
6380,456
6380,793
6380,814
6380,822
6380,828
6380,961
6381,135
6381,359
6381,613
6382,68
6382,531
6382,606
6382,642
6382,718
6382,814
6382,901
6382,927
6383,60
6383,234
6383,718
6384,77
6384,82
6384,243
6384,246
6384,262
6384,870
6385,77
6385,243
6385,246
6385,262
6386,3
6386,77
6386,222
6386,262
6386,379
6386,538
6386,817
6386,893
6387,30
6387,115
6387,457
6387,554
6387,807
6387,814
6387,858
6387,897
6388,741
6388,774
6388,926
6389,243
6389,246
6390,68
6390,606
6390,642
6390,703
6390,718
6390,814
6390,940
6391,161
6391,290
6391,489
6391,520
6391,606
6391,626
6391,698
6391,707
6391,731
6391,781
6391,814
6391,869
6391,928
6392,1
6392,24
6392,68
6392,293
6392,309
6392,606
6392,613
6392,642
6392,814
6393,18
6393,295
6393,337
6393,353
6393,464
6393,562
6393,774
6394,60
6394,141
6394,245
6394,348
6394,696
6394,705
6394,718
6394,723
6394,876
6394,938
6395,30
6395,392
6395,457
6395,805
6395,858
6396,88
6396,135
6396,489
6396,531
6396,606
6396,707
6396,718
6396,814
6396,864
6396,901
6397,77
6397,243
6397,703
6398,18
6398,337
6398,353
6398,464
6398,562
6398,774
6399,30
6399,131
6399,290
6399,297
6399,379
6399,489
6399,554
6399,609
6399,784
6399,814
6399,828
6399,901
6400,55
6400,418
6400,522
6400,531
6400,619
6400,703
6400,949
6401,25
6401,59
6401,613
6401,756
6401,814
6401,923
6402,30
6402,234
6402,912
6403,330
6403,474
6403,533
6403,741
6403,774
6404,184
6404,186
6404,741
6404,774
6404,964
6405,186
6405,292
6405,415
6405,565
6405,603
6405,685
6405,759
6405,774
6405,877
6406,32
6406,484
6406,533
6406,552
6406,780
6406,920
6407,190
6408,330
6408,418
6408,429
6408,484
6408,983
6409,525
6409,814
6410,77
6410,116
6410,366
6410,571
6410,591
6410,670
6410,710
6410,810
6411,16
6411,396
6411,613
6412,38
6412,324
6412,525
6412,613
6412,703
6413,17
6413,21
6413,77
6413,82
6413,200
6413,571
6413,718
6414,30
6414,32
6414,37
6414,72
6414,325
6414,423
6414,457
6414,670
6414,718
6414,803
6414,858
6414,863
6415,32
6415,72
6415,98
6415,418
6415,670
6415,803
6415,863
6416,17
6416,68
6416,200
6416,606
6416,642
6416,693
6416,814
6417,17
6417,68
6417,200
6417,379
6417,606
6417,642
6417,693
6417,700
6417,718
6417,814
6417,828
6418,60
6418,100
6418,340
6418,418
6418,703
6418,709
6418,875
6418,876
6419,15
6419,30
6419,63
6419,68
6419,227
6419,507
6419,525
6419,703
6419,862
6419,912
6420,415
6420,774
6420,877
6421,3
6421,198
6421,293
6421,352
6421,379
6421,613
6421,718
6421,928
6422,77
6422,144
6422,862
6423,30
6423,227
6423,525
6423,609
6423,862
6423,912
6424,131
6424,228
6424,379
6424,609
6424,710
6424,732
6424,814
6424,828
6424,901
6425,928
6426,60
6426,168
6426,198
6426,382
6426,476
6426,520
6426,618
6426,621
6426,755
6426,869
6426,928
6427,184
6427,613
6427,964
6428,186
6428,774
6428,877
6429,30
6429,457
6429,554
6429,807
6429,858
6430,186
6430,596
6430,774
6430,877
6431,182
6431,392
6431,418
6431,949
6432,186
6432,774
6432,877
6433,243
6433,401
6433,844
6433,858
6434,25
6434,184
6434,198
6434,201
6434,318
6434,613
6434,834
6434,928
6434,964
6435,184
6435,201
6435,613
6435,964
6436,60
6436,245
6437,25
6437,112
6437,184
6437,201
6437,613
6437,964
6438,60
6439,156
6439,184
6439,613
6439,964
6440,25
6440,184
6440,201
6440,318
6440,613
6440,834
6440,964
6441,25
6441,184
6441,201
6441,613
6441,964
6442,30
6442,32
6442,72
6442,106
6442,140
6442,325
6442,457
6442,670
6442,718
6442,858
6442,863
6443,156
6443,243
6443,250
6443,293
6443,400
6443,445
6443,613
6443,710
6443,870
6443,881
6443,885
6444,77
6444,88
6444,254
6444,489
6444,531
6444,615
6444,707
6444,781
6444,814
6444,901
6445,30
6445,290
6445,314
6445,333
6445,335
6445,489
6445,606
6445,609
6445,615
6445,703
6445,707
6445,718
6445,749
6445,791
6445,814
6445,901
6445,912
6445,940
6446,135
6446,359
6446,613
6446,814
6446,864
6447,32
6447,69
6447,106
6447,295
6447,503
6447,663
6447,774
6447,780
6448,2
6448,104
6448,189
6448,316
6448,418
6448,613
6449,182
6449,189
6449,316
6449,418
6449,949
6450,49
6450,124
6450,146
6450,337
6450,521
6450,567
6450,774
6451,421
6451,521
6451,741
6451,774
6452,21
6452,77
6452,144
6452,206
6452,348
6452,606
6452,757
6452,814
6452,862
6452,944
6453,194
6453,290
6453,314
6453,489
6453,606
6453,609
6453,615
6453,707
6453,814
6453,869
6453,901
6454,69
6454,87
6454,337
6454,685
6454,774
6455,292
6455,565
6455,596
6455,751
6455,759
6455,774
6455,877
6455,970
6456,171
6456,337
6456,340
6456,348
6456,385
6456,658
6456,769
6456,774
6456,814
6456,858
6456,951
6457,60
6457,163
6457,186
6457,438
6457,521
6457,762
6457,774
6458,30
6458,200
6458,217
6458,227
6458,293
6458,502
6458,606
6458,613
6458,718
6458,757
6458,791
6458,814
6458,862
6458,904
6458,906
6458,981
6459,60
6459,207
6459,294
6459,718
6459,755
6459,869
6460,200
6460,314
6460,462
6460,606
6460,693
6460,718
6460,757
6460,814
6460,815
6461,156
6461,166
6461,502
6461,613
6461,862
6461,881
6461,885
6462,30
6462,156
6462,166
6462,191
6462,609
6462,613
6462,653
6462,881
6462,885
6462,906
6463,30
6463,166
6463,191
6463,227
6463,475
6463,653
6463,862
6463,881
6463,912
6463,981
6464,166
6464,352
6464,379
6464,613
6464,881
6464,885
6465,30
6465,156
6465,166
6465,502
6465,613
6465,862
6465,881
6465,885
6465,906
6466,30
6466,166
6466,191
6466,227
6466,862
6466,881
6466,981
6467,30
6467,166
6467,191
6467,227
6467,248
6467,757
6467,814
6467,862
6467,881
6467,912
6467,981
6468,30
6468,166
6468,191
6468,227
6468,475
6468,862
6468,881
6468,912
6469,166
6469,613
6469,881
6469,885
6470,30
6470,166
6470,191
6470,227
6470,862
6470,881
6470,912
6470,981
6471,166
6471,248
6471,613
6471,814
6471,881
6471,885
6472,30
6472,166
6472,191
6472,227
6472,502
6472,613
6472,862
6472,881
6472,885
6472,906
6472,981
6473,30
6473,166
6473,191
6473,227
6473,475
6473,653
6473,703
6473,862
6473,881
6473,912
6474,30
6474,166
6474,191
6474,248
6474,613
6474,653
6474,814
6474,881
6474,885
6474,906
6475,30
6475,156
6475,166
6475,191
6475,227
6475,502
6475,613
6475,653
6475,862
6475,881
6475,885
6475,906
6476,30
6476,166
6476,191
6476,227
6476,862
6476,881
6476,912
6476,981
6477,30
6477,166
6477,191
6477,227
6477,502
6477,613
6477,862
6477,881
6477,885
6477,906
6477,915
6477,981
6478,30
6478,166
6478,191
6478,227
6478,862
6478,881
6478,981
6479,156
6479,166
6479,613
6479,807
6479,858
6479,881
6479,885
6479,921
6480,166
6480,352
6480,379
6480,613
6480,881
6480,885
6481,30
6481,166
6481,191
6481,227
6481,862
6481,881
6481,912
6481,981
6482,30
6482,166
6482,191
6482,227
6482,862
6482,881
6482,912
6482,981
6483,166
6483,248
6483,379
6483,492
6483,814
6483,828
6483,881
6484,166
6484,248
6484,814
6484,881
6485,30
6485,166
6485,191
6485,653
6485,703
6485,881
6486,30
6486,166
6486,191
6486,653
6486,752
6486,817
6486,881
6487,30
6487,166
6487,191
6487,653
6487,752
6487,817
6487,881
6488,30
6488,166
6488,191
6488,375
6488,554
6488,653
6488,752
6488,881
6489,352
6489,379
6489,613
6490,77
6490,703
6490,814
6491,2
6491,55
6491,182
6491,330
6491,392
6491,418
6491,532
6491,613
6491,627
6491,898
6492,146
6492,186
6492,337
6492,464
6492,521
6492,567
6492,685
6492,774
6493,25
6493,502
6493,525
6493,613
6493,713
6493,862
6494,184
6494,186
6494,741
6494,774
6494,964
6495,60
6495,100
6495,703
6495,709
6495,762
6495,862
6495,875
6496,18
6496,327
6496,337
6496,353
6496,464
6496,562
6496,741
6496,774
6497,228
6497,379
6497,710
6497,732
6497,814
6497,828
6498,68
6498,243
6498,246
6498,465
6498,655
6498,807
6498,858
6498,870
6499,6
6499,330
6499,337
6499,658
6499,685
6499,774
6500,30
6500,130
6500,227
6500,304
6500,387
6500,426
6500,457
6500,538
6500,653
6500,674
6500,718
6500,791
6500,807
6500,858
6500,862
6500,897
6500,912
6501,32
6501,37
6501,140
6501,244
6501,452
6501,503
6501,545
6501,780
6502,36
6502,295
6502,301
6502,337
6502,464
6502,562
6502,685
6502,774
6502,817
6503,292
6503,671
6503,759
6503,774
6503,877
6504,77
6504,82
6504,385
6504,609
6504,713
6504,750
6504,814
6504,858
6504,901
6505,293
6505,348
6505,396
6505,606
6505,613
6505,814
6506,487
6506,741
6506,774
6507,60
6507,235
6507,245
6507,755
6508,69
6508,471
6508,658
6508,741
6508,774
6509,6
6509,171
6509,330
6509,453
6509,474
6509,533
6509,774
6510,146
6510,380
6510,575
6510,685
6510,774
6511,6
6511,337
6511,395
6511,774
6512,60
6512,163
6512,186
6512,774
6513,146
6513,337
6513,521
6513,567
6513,685
6513,738
6513,774
6514,243
6514,246
6514,293
6514,400
6514,445
6514,538
6514,613
6514,718
6514,761
6514,870
6514,881
6515,25
6515,613
6515,814
6515,869
6515,871
6516,18
6516,295
6516,327
6516,337
6516,353
6516,464
6516,562
6516,741
6516,774
6517,18
6517,69
6517,295
6517,327
6517,353
6517,464
6517,732
6517,741
6517,774
6518,18
6518,295
6518,337
6518,353
6518,464
6518,562
6518,774
6519,18
6519,295
6519,337
6519,353
6519,464
6519,562
6519,774
6520,18
6520,295
6520,337
6520,353
6520,741
6520,774
6521,36
6521,61
6521,93
6521,295
6521,301
6521,485
6521,601
6521,665
6521,732
6521,971
6522,18
6522,295
6522,337
6522,353
6522,464
6522,562
6522,774
6523,18
6523,295
6523,337
6523,353
6523,464
6523,562
6523,774
6524,18
6524,295
6524,327
6524,353
6524,464
6524,741
6524,774
6525,32
6525,244
6525,423
6525,503
6525,780
6525,803
6526,18
6526,295
6526,337
6526,353
6526,464
6526,562
6526,774
6527,55
6527,418
6527,522
6527,609
6527,814
6527,901
6528,240
6528,287
6528,340
6528,858
6529,32
6529,151
6529,328
6529,503
6529,774
6529,780
6530,2
6530,418
6530,522
6530,613
6531,15
6531,30
6531,158
6531,457
6531,554
6531,713
6531,752
6531,807
6531,858
6532,30
6532,213
6532,243
6532,246
6532,280
6532,366
6532,457
6532,670
6532,807
6532,809
6532,858
6532,870
6532,965
6533,21
6533,77
6533,600
6533,718
6534,30
6534,227
6534,600
6534,718
6534,791
6534,862
6534,897
6535,21
6535,77
6535,82
6535,144
6535,571
6535,600
6535,606
6535,698
6535,718
6535,757
6535,814
6535,862
6536,184
6536,613
6536,964
6537,30
6537,227
6537,670
6537,718
6537,791
6537,912
6537,981
6538,30
6538,227
6538,429
6538,718
6538,862
6538,912
6539,213
6539,305
6539,379
6539,591
6539,670
6539,710
6539,732
6539,807
6539,810
6539,858
6540,2
6540,418
6540,613
6541,658
6541,741
6541,774
6542,32
6542,98
6542,140
6542,503
6542,533
6542,780
6542,920
6543,32
6543,72
6543,98
6543,140
6543,366
6543,418
6543,670
6544,32
6544,72
6544,98
6544,140
6544,366
6544,418
6544,441
6544,670
6545,32
6545,72
6545,98
6545,140
6545,366
6545,418
6545,670
6546,32
6546,72
6546,98
6546,140
6546,366
6546,418
6546,670
6547,32
6547,72
6547,98
6547,140
6547,366
6547,418
6547,441
6547,670
6548,32
6548,72
6548,98
6548,140
6548,366
6548,418
6548,670
6549,32
6549,72
6549,98
6549,140
6549,366
6549,418
6549,670
6550,32
6550,72
6550,98
6550,140
6550,366
6550,418
6550,670
6551,32
6551,72
6551,98
6551,140
6551,366
6551,418
6551,670
6552,32
6552,72
6552,98
6552,140
6552,366
6552,418
6552,670
6553,32
6553,72
6553,98
6553,140
6553,366
6553,418
6553,670
6553,983
6554,32
6554,72
6554,98
6554,140
6554,366
6554,418
6554,670
6555,32
6555,72
6555,98
6555,140
6555,366
6555,418
6555,441
6555,670
6556,32
6556,72
6556,98
6556,140
6556,366
6556,418
6556,670
6557,21
6557,77
6557,200
6557,606
6557,630
6557,718
6557,814
6558,32
6558,72
6558,98
6558,140
6558,366
6558,418
6558,441
6558,670
6559,32
6559,72
6559,98
6559,140
6559,366
6559,418
6559,670
6560,32
6560,72
6560,98
6560,140
6560,366
6560,418
6560,441
6560,670
6561,32
6561,72
6561,98
6561,140
6561,366
6561,418
6561,670
6562,32
6562,72
6562,98
6562,140
6562,366
6562,418
6562,670
6563,32
6563,72
6563,98
6563,140
6563,366
6563,418
6563,670
6564,32
6564,72
6564,98
6564,140
6564,366
6564,418
6564,441
6564,670
6565,32
6565,72
6565,98
6565,140
6565,366
6565,418
6565,670
6566,32
6566,55
6566,72
6566,98
6566,140
6566,244
6566,366
6566,418
6566,670
6567,32
6567,72
6567,98
6567,140
6567,366
6567,418
6567,670
6567,896
6568,32
6568,72
6568,98
6568,140
6568,366
6568,418
6568,441
6568,670
6569,32
6569,72
6569,98
6569,140
6569,366
6569,418
6569,670
6570,32
6570,72
6570,98
6570,140
6570,366
6570,418
6570,670
6571,32
6571,72
6571,98
6571,140
6571,366
6571,418
6571,670
6572,32
6572,72
6572,98
6572,140
6572,366
6572,418
6572,441
6572,670
6573,32
6573,72
6573,98
6573,140
6573,366
6573,418
6573,441
6573,670
6574,32
6574,72
6574,98
6574,140
6574,366
6574,418
6574,670
6575,30
6575,50
6575,111
6575,340
6575,457
6575,554
6575,807
6575,858
6576,928
6577,171
6577,295
6577,337
6577,353
6577,464
6577,562
6577,645
6577,685
6577,741
6577,774
6578,21
6578,25
6578,77
6578,144
6578,200
6578,217
6578,293
6578,502
6578,606
6578,613
6578,703
6578,718
6578,757
6578,814
6578,862
6578,904
6579,41
6579,293
6579,352
6579,379
6579,538
6579,606
6579,613
6579,718
6579,814
6579,828
6580,49
6580,146
6580,218
6580,337
6580,567
6580,685
6580,774
6580,988
6581,218
6581,337
6581,567
6581,685
6581,741
6581,774
6581,988
6582,186
6582,292
6582,596
6582,759
6582,774
6582,877
6583,69
6583,124
6583,337
6583,464
6583,562
6583,685
6583,732
6583,774
6584,27
6584,154
6584,390
6584,613
6584,718
6584,793
6584,814
6584,961
6585,27
6585,306
6585,390
6585,613
6585,843
6585,961
6586,306
6586,456
6586,793
6586,814
6586,961
6587,49
6587,146
6587,218
6587,337
6587,567
6587,774
6587,988
6588,337
6588,421
6588,774
6589,27
6589,306
6589,390
6589,456
6589,613
6589,793
6589,814
6589,843
6589,961
6590,27
6590,154
6590,363
6590,390
6590,418
6590,613
6590,961
6591,337
6591,658
6591,741
6591,774
6592,131
6592,154
6592,379
6592,496
6592,703
6592,718
6592,793
6592,814
6592,822
6592,828
6592,961
6593,27
6593,154
6593,390
6593,613
6593,718
6593,961
6594,60
6594,718
6594,876
6594,944
6595,17
6595,21
6595,77
6595,144
6595,200
6595,387
6595,606
6595,718
6595,757
6595,814
6595,862
6596,137
6596,418
6596,858
6597,41
6597,293
6597,352
6597,379
6597,606
6597,613
6597,718
6597,814
6597,828
6598,171
6598,337
6598,521
6598,774
6598,970
6599,38
6599,68
6599,606
6599,621
6599,642
6599,693
6599,703
6599,814
6600,186
6600,741
6600,774
6601,60
6601,163
6601,186
6601,438
6601,521
6601,685
6601,755
6601,762
6601,774
6602,60
6602,163
6602,326
6602,658
6602,755
6602,774
6603,6
6603,146
6603,159
6603,171
6603,395
6603,685
6603,774
6604,77
6604,718
6604,853
6605,552
6605,780
6605,986
6606,718
6606,814
6606,853
6607,30
6607,166
6607,426
6607,457
6607,554
6607,653
6607,718
6607,791
6607,807
6607,858
6607,881
6607,897
6608,248
6608,718
6608,814
6608,853
6608,881
6609,166
6609,293
6609,613
6609,718
6609,881
6610,60
6610,755
6611,184
6611,613
6611,964
6612,77
6612,144
6612,392
6613,360
6613,399
6613,487
6613,533
6613,661
6613,717
6613,774
6613,928
6614,146
6614,738
6614,774
6615,60
6615,163
6615,245
6615,438
6615,658
6615,762
6615,774
6616,30
6616,89
6616,243
6616,293
6616,313
6616,530
6616,538
6616,613
6616,653
6616,791
6616,813
6616,881
6616,906
6617,30
6617,231
6617,293
6617,313
6617,426
6617,457
6617,530
6617,538
6617,554
6617,613
6617,791
6617,858
6617,881
6617,906
6617,915
6618,186
6618,292
6618,596
6618,759
6618,774
6618,877
6619,379
6619,814
6619,828
6620,1
6620,68
6620,525
6620,609
6620,613
6620,642
6620,703
6620,814
6620,901
6621,34
6621,186
6621,337
6621,521
6621,567
6621,685
6621,774
6622,330
6622,360
6622,418
6622,484
6622,949
6623,60
6623,755
6624,25
6624,67
6624,112
6624,135
6624,293
6624,324
6624,613
6624,631
6624,718
6625,30
6625,158
6625,182
6625,340
6625,348
6625,418
6625,457
6625,522
6625,531
6625,554
6625,752
6625,807
6625,814
6625,858
6625,901
6625,949
6626,60
6626,438
6626,476
6626,762
6626,862
6626,928
6627,337
6627,774
6627,970
6628,33
6628,315
6628,337
6628,533
6628,658
6628,769
6628,774
6628,814
6628,983
6629,464
6629,493
6629,741
6629,769
6629,774
6630,146
6630,337
6630,521
6630,738
6630,769
6630,774
6631,186
6631,292
6631,751
6631,759
6631,774
6632,146
6632,337
6632,521
6632,567
6632,575
6632,661
6632,774
6633,741
6633,774
6633,970
6634,30
6634,531
6634,615
6634,619
6634,703
6634,713
6634,749
6634,760
6634,814
6634,931
6635,30
6635,63
6635,206
6635,227
6635,240
6635,287
6635,457
6635,609
6635,656
6635,703
6635,713
6635,750
6635,757
6635,760
6635,814
6635,819
6635,832
6635,858
6635,862
6635,878
6635,901
6635,912
6636,180
6636,311
6636,418
6636,670
6637,471
6637,741
6637,774
6638,297
6638,392
6638,531
6638,781
6638,784
6638,814
6638,901
6639,150
6639,330
6639,474
6639,484
6639,533
6639,765
6639,774
6640,112
6640,184
6640,613
6640,964
6641,68
6641,420
6641,587
6641,606
6641,642
6641,703
6641,718
6641,814
6642,88
6642,314
6642,489
6642,531
6642,693
6642,707
6642,781
6642,814
6642,901
6643,190
6644,38
6644,447
6644,613
6644,703
6644,887
6645,30
6645,166
6645,191
6645,227
6645,791
6645,862
6645,881
6645,912
6646,613
6646,718
6646,814
6646,853
6646,881
6646,885
6647,248
6647,352
6647,379
6647,557
6647,609
6647,613
6647,718
6647,814
6647,828
6647,853
6647,881
6647,885
6647,901
6648,30
6648,191
6648,718
6648,752
6648,806
6648,853
6648,881
6648,912
6649,248
6649,352
6649,379
6649,492
6649,557
6649,609
6649,613
6649,718
6649,814
6649,828
6649,853
6649,881
6649,885
6649,901
6650,32
6650,146
6650,199
6650,260
6650,503
6650,521
6650,774
6650,780
6650,863
6651,30
6651,293
6651,352
6651,379
6651,528
6651,613
6651,614
6651,791
6651,906
6652,1
6652,68
6652,613
6652,642
6652,814
6653,36
6653,146
6653,171
6653,301
6653,337
6653,464
6653,665
6653,774
6653,951
6654,379
6654,718
6654,814
6654,828
6654,853
6655,243
6655,821
6656,25
6656,30
6656,227
6656,462
6656,502
6656,613
6656,906
6656,981
6657,335
6657,336
6657,379
6657,606
6657,718
6657,814
6657,828
6658,340
6658,414
6658,615
6658,703
6658,781
6658,814
6659,304
6659,358
6659,556
6659,606
6659,659
6659,693
6659,718
6659,757
6659,814
6660,609
6660,693
6660,814
6660,901
6661,88
6661,379
6661,489
6661,606
6661,634
6661,693
6661,707
6661,718
6661,814
6661,817
6661,828
6662,243
6662,525
6662,870
6662,883
6663,30
6663,200
6663,606
6663,791
6663,814
6663,815
6664,133
6664,330
6664,474
6664,487
6664,533
6664,661
6664,741
6664,774
6664,848
6665,88
6665,297
6665,363
6665,418
6665,489
6665,707
6665,784
6665,814
6666,2
6666,114
6666,316
6666,418
6666,531
6666,584
6666,613
6666,710
6666,814
6667,8
6667,135
6667,243
6667,246
6667,262
6667,300
6667,338
6667,527
6667,531
6667,703
6667,718
6667,826
6667,870
6668,68
6668,77
6668,144
6668,219
6668,387
6668,710
6668,781
6668,862
6669,36
6669,295
6669,533
6669,774
6670,77
6670,144
6670,757
6670,814
6670,862
6671,379
6671,530
6671,538
6671,606
6671,814
6671,828
6671,881
6672,30
6672,166
6672,227
6672,475
6672,502
6672,613
6672,718
6672,862
6672,897
6672,906
6673,166
6673,379
6673,606
6673,718
6673,814
6673,828
6673,881
6674,30
6674,166
6674,227
6674,462
6674,488
6674,538
6674,606
6674,718
6674,757
6674,791
6674,814
6674,881
6674,897
6674,912
6674,945
6675,30
6675,32
6675,72
6675,140
6675,577
6675,670
6675,718
6675,743
6675,863
6676,60
6676,272
6676,326
6676,784
6676,876
6677,30
6677,674
6677,718
6677,791
6677,897
6678,25
6678,366
6678,613
6678,670
6678,911
6679,17
6679,200
6679,606
6679,718
6679,814
6680,38
6680,174
6680,396
6680,703
6680,814
6681,182
6681,418
6681,522
6681,609
6681,814
6681,901
6681,949
6682,606
6682,718
6682,814
6682,881
6683,30
6683,166
6683,290
6683,489
6683,609
6683,615
6683,718
6683,749
6683,814
6683,897
6683,901
6684,293
6684,352
6684,379
6684,530
6684,538
6684,613
6684,881
6685,48
6685,314
6685,489
6685,606
6685,703
6685,707
6685,718
6685,814
6686,352
6686,379
6686,492
6686,613
6686,718
6686,853
6687,379
6687,506
6687,606
6687,674
6687,718
6687,814
6687,828
6688,21
6688,77
6688,109
6688,144
6688,197
6688,293
6688,502
6688,606
6688,613
6688,718
6688,757
6688,814
6688,862
6688,968
6689,166
6689,293
6689,352
6689,379
6689,613
6689,674
6689,718
6690,60
6690,718
6690,755
6690,869
6690,973
6691,166
6691,293
6691,324
6691,531
6691,556
6691,613
6691,718
6691,881
6692,166
6692,293
6692,352
6692,379
6692,556
6692,613
6692,674
6692,718
6693,156
6693,166
6693,293
6693,352
6693,379
6693,613
6693,674
6693,718
6694,133
6694,134
6694,330
6694,474
6694,533
6694,741
6694,745
6694,774
6695,30
6695,243
6695,457
6695,525
6695,805
6695,844
6695,858
6696,32
6696,177
6696,328
6696,503
6696,685
6696,774
6696,780
6697,596
6697,658
6697,751
6697,774
6697,877
6698,68
6698,135
6698,606
6698,642
6698,703
6698,718
6698,781
6698,814
6698,864
6699,330
6699,404
6699,418
6699,522
6699,609
6700,30
6700,227
6700,293
6700,396
6700,462
6700,502
6700,613
6700,628
6700,718
6700,791
6700,906
6701,200
6701,217
6701,352
6701,379
6701,613
6701,718
6701,814
6701,828
6702,21
6702,38
6702,77
6702,82
6702,606
6702,621
6702,703
6702,718
6702,814
6702,869
6703,379
6703,418
6703,814
6703,828
6704,69
6704,153
6704,337
6704,769
6704,774
6705,146
6705,337
6705,341
6705,521
6705,769
6705,774
6706,337
6706,508
6706,521
6706,774
6707,186
6707,292
6707,759
6707,774
6708,68
6708,88
6708,200
6708,210
6708,217
6708,489
6708,606
6708,642
6708,693
6708,707
6708,718
6708,814
6708,904
6709,379
6709,606
6709,718
6709,814
6709,828
6709,909
6710,337
6710,464
6710,562
6710,774
6710,780
6710,827
6710,899
6711,606
6711,621
6711,718
6711,814
6711,869
6712,77
6712,82
6712,340
6713,36
6713,295
6713,301
6713,337
6713,464
6713,562
6713,774
6714,36
6714,301
6714,337
6714,562
6714,692
6714,774
6715,30
6715,32
6715,37
6715,72
6715,177
6715,213
6715,244
6715,319
6715,452
6715,457
6715,670
6715,710
6715,858
6715,863
6715,965
6716,330
6716,360
6716,418
6716,484
6716,949
6716,983
6717,30
6717,718
6717,749
6717,791
6717,881
6717,897
6718,55
6718,88
6718,297
6718,417
6718,418
6718,489
6718,707
6718,784
6718,814
6719,184
6719,186
6719,741
6719,774
6719,964
6720,36
6720,178
6720,301
6720,327
6720,337
6720,464
6720,692
6720,741
6720,774
6721,243
6722,1
6722,68
6722,284
6722,352
6722,379
6722,613
6722,700
6723,25
6723,435
6723,523
6723,613
6724,36
6724,301
6724,337
6724,567
6724,774
6724,782
6725,36
6725,93
6725,301
6725,337
6725,692
6725,741
6725,774
6726,379
6726,557
6726,670
6726,710
6726,718
6726,732
6726,814
6726,828
6726,901
6727,71
6727,533
6727,661
6727,708
6727,717
6727,774
6728,30
6728,210
6728,313
6728,606
6728,615
6728,674
6728,749
6728,791
6728,814
6729,146
6729,150
6729,337
6729,521
6729,769
6729,774
6730,471
6730,658
6730,741
6730,769
6730,774
6731,30
6731,166
6731,227
6731,462
6731,538
6731,653
6731,718
6731,791
6731,881
6731,897
6732,36
6732,295
6732,301
6732,337
6732,464
6732,562
6732,685
6732,774
6733,2
6733,418
6733,613
6733,713
6733,906
6734,32
6734,37
6734,140
6734,452
6734,503
6734,735
6734,780
6734,863
6734,979
6735,32
6735,69
6735,140
6735,452
6735,503
6735,735
6735,780
6735,827
6735,863
6735,899
6736,36
6736,295
6736,301
6736,337
6736,349
6736,685
6736,774
6736,817
6736,960
6737,156
6737,293
6737,613
6737,718
6737,944
6738,184
6738,613
6738,964
6739,330
6739,474
6739,533
6739,685
6739,774
6739,848
6740,330
6740,360
6740,474
6740,484
6740,533
6740,765
6740,774
6740,928
6740,970
6741,186
6741,292
6741,751
6741,759
6741,774
6742,83
6742,243
6742,246
6742,718
6743,25
6743,83
6743,243
6743,293
6743,400
6743,535
6743,613
6743,718
6743,889
6744,2
6744,55
6744,234
6744,418
6744,613
6744,983
6745,38
6745,542
6745,703
6745,718
6745,814
6746,77
6746,144
6746,862
6747,36
6747,178
6747,295
6747,301
6747,327
6747,337
6747,464
6747,562
6747,741
6747,774
6748,71
6748,575
6748,665
6748,774
6748,877
6749,25
6749,175
6749,294
6749,609
6749,613
6749,691
6750,30
6750,75
6750,234
6750,912
6751,471
6751,533
6751,741
6751,774
6752,330
6752,474
6752,533
6752,774
6753,293
6753,396
6753,606
6753,613
6753,718
6753,814
6754,379
6754,418
6754,814
6754,828
6755,68
6755,77
6755,82
6755,219
6755,222
6756,25
6756,375
6756,613
6756,703
6756,814
6757,6
6757,146
6757,186
6757,337
6757,521
6757,774
6758,186
6758,337
6758,741
6758,774
6759,60
6759,163
6759,186
6759,774
6760,171
6760,295
6760,337
6760,353
6760,464
6760,562
6760,645
6760,685
6760,774
6761,36
6761,86
6761,337
6761,685
6761,692
6761,774
6761,782
6762,32
6762,37
6762,140
6762,244
6762,325
6762,503
6762,780
6762,899
6763,60
6763,163
6763,292
6763,759
6763,774
6764,36
6764,289
6764,295
6764,327
6764,464
6764,562
6764,741
6764,774
6765,30
6765,156
6765,166
6765,227
6765,293
6765,462
6765,502
6765,538
6765,613
6765,653
6765,703
6765,718
6765,791
6765,881
6765,897
6765,906
6765,912
6766,36
6766,295
6766,741
6766,774
6767,30
6767,32
6767,37
6767,72
6767,106
6767,199
6767,287
6767,372
6767,457
6767,545
6767,670
6767,718
6767,858
6767,863
6768,141
6768,408
6768,814
6768,989
6769,30
6769,525
6769,653
6769,718
6769,791
6770,30
6770,166
6770,227
6770,462
6770,488
6770,538
6770,653
6770,703
6770,718
6770,760
6770,791
6770,878
6770,881
6770,897
6770,912
6770,945
6771,60
6771,513
6771,718
6771,790
6772,83
6772,243
6772,246
6772,535
6773,21
6773,77
6773,144
6773,396
6773,606
6773,609
6773,718
6773,757
6773,814
6773,901
6774,60
6774,326
6774,884
6775,330
6775,401
6775,418
6776,297
6776,418
6776,627
6776,702
6776,814
6777,396
6777,613
6777,718
6777,814
6778,263
6778,330
6778,474
6778,484
6778,533
6778,573
6778,665
6778,856
6779,32
6779,98
6779,140
6779,291
6779,503
6779,533
6779,774
6779,827
6779,863
6779,899
6780,32
6780,37
6780,140
6780,244
6780,319
6780,328
6780,503
6780,780
6781,263
6781,330
6781,360
6781,474
6781,484
6781,533
6781,573
6781,665
6781,856
6782,36
6782,146
6782,295
6782,301
6782,337
6782,413
6782,567
6782,585
6782,665
6782,929
6783,263
6783,330
6783,474
6783,484
6783,533
6783,665
6783,856
6784,396
6784,718
6784,814
6785,197
6785,243
6785,246
6785,494
6785,535
6785,718
6786,25
6786,200
6786,293
6786,502
6786,613
6786,718
6786,862
6786,868
6787,60
6787,200
6787,217
6787,235
6787,718
6787,755
6787,876
6788,12
6788,68
6788,197
6788,606
6788,642
6788,693
6788,703
6788,718
6788,756
6788,814
6788,923
6789,1
6789,68
6789,109
6789,197
6789,293
6789,606
6789,613
6789,642
6789,693
6789,718
6789,814
6789,968
6790,352
6790,379
6790,401
6790,613
6791,579
6791,580
6791,928
6792,146
6792,337
6792,521
6792,769
6792,774
6793,180
6793,330
6793,453
6793,474
6793,533
6793,645
6793,774
6794,88
6794,489
6794,531
6794,814
6794,901
6795,30
6795,130
6795,227
6795,304
6795,718
6795,791
6795,862
6795,889
6795,897
6795,987
6796,294
6796,814
6796,963
6797,290
6797,297
6797,489
6797,693
6797,707
6797,784
6797,814
6798,60
6798,163
6798,235
6798,769
6798,774
6798,776
6799,36
6799,301
6799,327
6799,337
6799,464
6799,562
6799,685
6799,727
6799,741
6799,774
6800,30
6800,314
6800,489
6800,554
6800,615
6800,749
6800,814
6800,817
6801,295
6801,337
6801,353
6801,464
6801,562
6801,685
6801,774
6802,78
6802,337
6802,508
6802,520
6802,521
6802,567
6802,774
6802,928
6803,60
6803,163
6803,186
6803,235
6803,337
6803,774
6803,776
6804,741
6804,774
6805,186
6805,292
6805,759
6805,774
6805,928
6806,81
6806,243
6806,246
6806,718
6806,853
6806,881
6807,156
6807,352
6807,379
6807,530
6807,613
6807,718
6807,881
6808,379
6808,718
6808,814
6808,828
6808,881
6809,293
6809,447
6809,613
6809,718
6809,887
6810,156
6810,284
6810,293
6810,352
6810,379
6810,530
6810,613
6810,718
6810,881
6811,1
6811,68
6811,293
6811,333
6811,396
6811,506
6811,606
6811,609
6811,613
6811,642
6811,718
6811,814
6811,901
6812,146
6812,171
6812,493
6812,774
6812,951
6813,36
6813,49
6813,146
6813,295
6813,337
6813,349
6813,464
6813,562
6813,567
6813,774
6814,290
6814,489
6814,525
6814,609
6814,707
6814,814
6814,901
6815,195
6815,311
6815,418
6815,437
6815,670
6816,474
6816,533
6816,774
6817,305
6817,352
6817,366
6817,379
6817,613
6817,670
6817,732
6817,880
6817,911
6818,195
6818,418
6818,437
6818,670
6819,184
6819,613
6819,964
6820,375
6821,184
6821,201
6821,613
6821,964
6822,295
6822,337
6822,583
6822,774
6823,32
6823,72
6823,98
6823,418
6823,670
6823,735
6823,803
6823,863
6823,880
6824,197
6824,494
6824,606
6824,718
6824,814
6825,613
6825,670
6825,729
6825,814
6825,911
6826,30
6826,63
6826,227
6826,656
6826,862
6827,471
6827,741
6827,774
6827,908
6828,379
6828,814
6828,828
6829,60
6829,235
6829,245
6829,476
6829,546
6829,755
6829,928
6830,68
6830,642
6830,698
6830,814
6831,236
6831,292
6831,533
6831,759
6831,774
6832,60
6833,21
6833,77
6833,243
6833,246
6833,262
6833,538
6833,670
6833,718
6834,5
6834,21
6834,77
6834,144
6834,222
6834,262
6834,304
6834,538
6834,670
6834,718
6834,893
6835,21
6835,77
6835,243
6835,246
6835,262
6835,538
6835,670
6835,718
6835,870
6836,305
6836,352
6836,366
6836,379
6836,613
6836,670
6836,732
6836,911
6837,55
6837,195
6837,418
6837,522
6837,606
6837,718
6837,814
6837,880
6837,901
6838,36
6838,295
6838,327
6838,380
6838,464
6838,741
6838,774
6839,337
6839,567
6839,774
6840,32
6840,140
6840,319
6840,503
6840,577
6840,663
6840,780
6841,77
6841,116
6841,144
6841,670
6841,729
6841,757
6841,814
6841,901
6842,453
6842,596
6842,658
6842,751
6842,774
6842,877
6843,525
6843,693
6843,781
6843,814
6844,77
6844,144
6845,525
6845,613
6846,151
6846,340
6846,489
6846,781
6846,814
6846,817
6846,901
6847,68
6847,340
6847,348
6847,483
6847,531
6847,642
6847,756
6847,814
6847,901
6847,923
6848,77
6848,82
6848,387
6848,531
6848,571
6848,572
6848,718
6848,773
6848,814
6848,869
6848,901
6849,379
6849,814
6849,828
6849,901
6850,32
6850,37
6850,177
6850,291
6850,325
6850,503
6850,545
6850,685
6850,774
6850,863
6851,128
6851,156
6851,352
6851,379
6851,613
6851,718
6852,195
6852,418
6852,437
6852,670
6853,30
6853,243
6853,331
6853,426
6853,457
6853,525
6853,655
6853,718
6853,791
6853,844
6853,858
6853,859
6854,366
6854,670
6854,729
6854,814
6855,305
6855,379
6855,670
6856,195
6856,418
6856,437
6856,670
6857,77
6857,116
6857,144
6857,387
6857,670
6858,25
6858,30
6858,94
6858,227
6858,613
6858,670
6858,906
6858,911
6858,965
6859,38
6859,77
6859,243
6859,338
6859,619
6859,646
6859,655
6859,750
6859,805
6859,832
6859,858
6860,38
6860,109
6860,200
6860,304
6860,606
6860,659
6860,693
6860,718
6860,814
6860,903
6860,968
6861,38
6861,670
6861,729
6861,814
6862,21
6862,77
6862,144
6862,197
6862,606
6862,718
6862,757
6862,814
6862,862
6862,904
6862,968
6863,25
6863,197
6863,293
6863,502
6863,613
6863,626
6863,718
6863,862
6863,868
6863,928
6863,981
6864,55
6864,109
6864,114
6864,195
6864,197
6864,418
6864,814
6864,968
6865,30
6865,156
6865,366
6865,613
6865,670
6865,732
6865,906
6865,911
6865,965
6866,197
6866,293
6866,606
6866,613
6866,626
6866,693
6866,718
6866,814
6866,904
6866,928
6866,968
6867,30
6867,156
6867,366
6867,613
6867,670
6867,732
6867,906
6867,911
6867,965
6868,24
6868,68
6868,606
6868,642
6868,693
6868,718
6868,814
6868,852
6869,1
6869,25
6869,68
6869,109
6869,197
6869,288
6869,293
6869,352
6869,354
6869,606
6869,613
6869,642
6869,718
6869,814
6869,828
6869,968
6870,366
6870,591
6870,670
6870,729
6870,732
6870,810
6870,814
6871,30
6871,197
6871,290
6871,297
6871,489
6871,606
6871,627
6871,707
6871,718
6871,791
6871,814
6871,904
6871,968
6872,25
6872,38
6872,109
6872,200
6872,293
6872,502
6872,606
6872,613
6872,718
6872,757
6872,814
6872,862
6872,968
6872,981
6873,30
6873,156
6873,366
6873,613
6873,670
6873,732
6873,906
6873,911
6873,965
6874,77
6874,243
6874,246
6874,821
6875,197
6875,606
6875,693
6875,718
6875,757
6875,814
6875,862
6875,904
6875,968
6876,5
6876,21
6876,77
6876,144
6876,197
6876,304
6876,606
6876,659
6876,718
6876,757
6876,814
6876,862
6876,868
6877,30
6877,156
6877,366
6877,613
6877,670
6877,732
6877,906
6877,911
6877,965
6878,32
6878,37
6878,72
6878,213
6878,244
6878,342
6878,670
6878,858
6879,336
6879,426
6879,436
6879,609
6879,718
6879,732
6879,807
6879,858
6879,887
6880,30
6880,151
6880,197
6880,426
6880,457
6880,582
6880,606
6880,609
6880,718
6880,791
6880,807
6880,814
6880,858
6880,901
6880,968
6881,197
6881,606
6881,718
6881,814
6881,904
6881,968
6882,197
6882,379
6882,492
6882,606
6882,626
6882,718
6882,814
6882,828
6882,904
6882,928
6882,968
6883,156
6883,197
6883,293
6883,613
6883,626
6883,718
6883,904
6883,928
6883,968
6884,197
6884,293
6884,613
6884,718
6884,904
6884,968
6885,156
6885,200
6885,293
6885,613
6885,626
6885,630
6885,718
6885,928
6886,197
6886,293
6886,297
6886,352
6886,379
6886,532
6886,606
6886,613
6886,627
6886,718
6886,814
6886,828
6886,904
6886,968
6887,197
6887,606
6887,626
6887,643
6887,718
6887,814
6887,928
6888,379
6888,401
6889,197
6889,293
6889,352
6889,379
6889,606
6889,613
6889,718
6889,814
6889,828
6889,904
6889,968
6890,33
6890,297
6890,348
6890,483
6890,626
6890,627
6890,814
6890,904
6890,928
6890,968
6891,197
6891,293
6891,352
6891,379
6891,606
6891,613
6891,718
6891,814
6891,828
6891,904
6891,968
6892,606
6892,615
6892,707
6892,718
6892,814
6892,817
6892,889
6892,987
6893,21
6893,77
6893,144
6893,197
6893,718
6893,862
6893,904
6893,968
6894,5
6894,12
6894,21
6894,77
6894,144
6894,197
6894,304
6894,387
6894,566
6894,718
6894,862
6895,17
6895,25
6895,156
6895,200
6895,293
6895,613
6895,626
6895,718
6895,928
6896,197
6896,297
6896,606
6896,609
6896,627
6896,718
6896,814
6896,901
6896,904
6896,968
6897,156
6897,197
6897,293
6897,304
6897,613
6897,626
6897,718
6897,904
6897,928
6897,968
6898,30
6898,130
6898,197
6898,227
6898,304
6898,606
6898,659
6898,693
6898,718
6898,757
6898,791
6898,814
6898,862
6898,904
6898,968
6899,124
6899,146
6899,337
6899,665
6899,774
6900,109
6900,200
6900,582
6900,597
6900,606
6900,626
6900,718
6900,814
6900,854
6900,928
6900,968
6901,5
6901,21
6901,77
6901,144
6901,185
6901,304
6901,314
6901,606
6901,659
6901,718
6901,757
6901,814
6901,817
6901,862
6901,944
6901,945
6902,36
6902,178
6902,337
6902,464
6902,562
6902,692
6902,774
6902,827
6902,874
6902,971
6903,186
6903,741
6903,774
6903,964
6904,186
6904,453
6904,596
6904,774
6904,877
6905,7
6905,186
6905,706
6905,741
6905,774
6905,960
6906,36
6906,171
6906,295
6906,337
6906,349
6906,464
6906,562
6906,567
6906,645
6906,774
6907,68
6907,642
6907,693
6907,814
6908,156
6908,352
6908,379
6908,613
6908,718
6908,853
6908,881
6909,15
6909,30
6909,55
6909,68
6909,195
6909,240
6909,418
6909,457
6909,507
6909,525
6909,858
6909,949
6910,156
6910,530
6910,613
6910,718
6910,881
6911,156
6911,293
6911,304
6911,387
6911,530
6911,566
6911,613
6911,674
6912,290
6912,314
6912,347
6912,489
6912,606
6912,707
6912,718
6912,781
6912,814
6912,917
6913,38
6913,60
6913,100
6913,245
6914,33
6914,379
6914,626
6914,814
6914,828
6914,928
6915,293
6915,606
6915,613
6915,718
6915,814
6915,944
6916,146
6916,186
6916,685
6916,774
6916,827
6917,60
6917,163
6917,438
6917,755
6917,774
6918,2
6918,55
6918,156
6918,195
6918,293
6918,330
6918,418
6918,437
6918,613
6918,718
6918,856
6918,944
6918,983
6919,36
6919,295
6919,327
6919,337
6919,562
6919,741
6919,774
6920,30
6920,336
6920,354
6920,426
6920,436
6920,554
6920,609
6920,718
6920,732
6920,791
6920,807
6920,858
6920,887
6921,435
6921,489
6921,538
6921,606
6921,718
6921,814
6922,30
6922,457
6922,702
6922,750
6922,858
6922,912
6923,426
6923,436
6923,609
6923,718
6923,807
6923,858
6923,887
6924,379
6924,435
6924,538
6924,606
6924,718
6924,814
6924,828
6924,918
6925,21
6925,77
6925,144
6925,197
6925,329
6925,606
6925,718
6925,757
6925,814
6925,862
6926,474
6926,533
6926,658
6926,769
6926,774
6927,15
6927,30
6927,63
6927,227
6927,752
6927,862
6927,912
6928,38
6928,68
6928,77
6928,216
6928,219
6928,243
6928,512
6929,60
6929,245
6930,49
6930,146
6930,337
6930,521
6930,567
6930,658
6930,769
6930,774
6930,960
6931,30
6931,38
6931,197
6931,554
6931,606
6931,626
6931,791
6931,814
6931,868
6931,928
6932,30
6932,32
6932,72
6932,140
6932,629
6932,656
6932,718
6932,851
6932,863
6933,184
6933,613
6933,964
6934,30
6934,457
6934,554
6934,807
6934,858
6935,295
6935,337
6935,353
6935,464
6935,562
6935,685
6935,774
6936,68
6936,243
6936,634
6936,693
6936,761
6937,141
6937,814
6937,901
6937,962
6938,77
6938,82
6938,144
6938,286
6938,387
6938,862
6939,141
6939,814
6939,901
6939,962
6940,141
6940,814
6940,901
6940,962
6941,141
6941,814
6941,901
6941,962
6942,77
6942,144
6942,206
6942,340
6943,2
6943,45
6943,55
6943,195
6943,401
6943,418
6943,437
6943,613
6943,880
6943,949
6944,741
6944,774
6945,36
6945,295
6945,474
6945,533
6945,741
6945,774
6946,146
6946,337
6946,508
6946,567
6946,661
6946,774
6946,960
6947,337
6947,464
6947,658
6947,741
6947,769
6947,774
6948,292
6948,759
6948,877
6949,30
6949,227
6949,653
6949,862
6949,912
6949,981
6950,30
6950,115
6950,426
6950,457
6950,538
6950,718
6950,791
6950,858
6950,897
6951,294
6951,613
6951,691
6952,295
6952,327
6952,337
6952,353
6952,464
6952,562
6952,685
6952,741
6952,774
6953,186
6953,292
6953,380
6953,759
6953,774
6954,533
6954,741
6954,774
6955,60
6955,163
6955,415
6955,569
6955,709
6955,774
6955,970
6956,36
6956,178
6956,289
6956,295
6956,327
6956,464
6956,562
6956,567
6956,741
6956,774
6957,295
6957,303
6957,337
6957,768
6957,774
6958,30
6958,227
6958,530
6958,718
6958,791
6958,862
6958,881
6958,897
6958,912
6958,981
6959,38
6959,200
6959,329
6959,606
6959,718
6959,757
6959,814
6959,862
6960,133
6960,474
6960,533
6960,741
6960,774
6961,21
6961,77
6961,144
6961,197
6961,606
6961,757
6961,814
6961,862
6961,868
6962,324
6962,613
6963,184
6963,613
6963,964
6964,293
6964,396
6964,613
6964,718
6965,1
6965,17
6965,25
6965,68
6965,200
6965,613
6965,642
6965,814
6966,68
6966,335
6966,642
6966,693
6966,718
6966,814
6967,36
6967,327
6967,464
6967,741
6967,774
6968,36
6968,171
6968,327
6968,464
6968,645
6968,741
6968,774
6969,36
6969,295
6969,337
6969,464
6969,562
6969,774
6970,36
6970,295
6970,327
6970,337
6970,464
6970,562
6970,567
6970,741
6970,774
6971,36
6971,289
6971,295
6971,327
6971,464
6971,562
6971,741
6971,774
6972,36
6972,295
6972,337
6972,464
6972,562
6972,774
6973,200
6973,387
6973,606
6973,757
6973,814
6973,862
6973,927
6974,88
6974,200
6974,217
6974,489
6974,606
6974,698
6974,707
6974,718
6974,814
6974,904
6975,292
6975,569
6975,658
6975,759
6975,774
6975,877
6976,104
6976,316
6976,352
6976,365
6976,379
6976,613
6977,88
6977,200
6977,217
6977,297
6977,489
6977,606
6977,707
6977,718
6977,784
6977,814
6977,904
6978,68
6978,642
6978,814
6979,60
6979,160
6979,546
6979,609
6979,755
6980,33
6980,77
6980,193
6980,243
6980,348
6981,243
6981,246
6981,538
6981,718
6981,909
6982,186
6982,337
6982,380
6982,774
6983,60
6983,163
6983,186
6983,755
6983,774
6984,186
6984,292
6984,741
6984,759
6984,774
6985,242
6985,243
6985,246
6985,426
6985,807
6985,817
6985,826
6985,858
6986,186
6986,337
6986,774
6986,817
6987,38
6987,77
6987,144
6987,338
6987,340
6987,387
6987,512
6987,609
6987,619
6987,718
6987,757
6987,814
6987,931
6988,49
6988,146
6988,337
6988,521
6988,567
6988,658
6988,685
6988,774
6988,817
6989,60
6989,163
6989,186
6989,251
6989,751
6989,774
6990,59
6990,279
6990,290
6990,293
6990,294
6990,352
6990,379
6990,399
6990,613
6990,626
6990,691
6990,756
6990,928
6991,32
6991,37
6991,106
6991,177
6991,503
6991,780
6991,863
6992,1
6992,25
6992,33
6992,68
6992,613
6992,642
6992,814
6993,8
6993,68
6993,243
6993,246
6993,826
6993,932
6994,77
6994,144
6994,290
6994,539
6994,609
6994,693
6994,757
6994,814
6994,862
6995,30
6995,227
6995,757
6995,814
6996,337
6996,487
6996,567
6996,661
6996,774
6996,789
6997,32
6997,37
6997,55
6997,72
6997,195
6997,325
6997,418
6997,577
6997,670
6997,718
6997,858
6997,949
6998,184
6998,613
6998,964
6999,32
6999,37
6999,177
6999,503
6999,780
6999,863
7000,30
7000,243
7000,280
7000,426
7000,457
7000,538
7000,718
7000,791
7000,844
7000,851
7000,858
7000,897
7000,900
7001,30
7001,358
7001,379
7001,606
7001,707
7001,791
7001,814
7001,828
7001,897
7002,613
7003,32
7003,37
7003,319
7003,503
7003,545
7003,780
7003,863
7004,60
7004,163
7004,235
7004,774
7005,360
7005,404
7005,418
7005,770
7005,949
7006,1
7006,68
7006,613
7006,642
7006,814
7007,77
7007,243
7007,246
7007,262
7007,531
7008,69
7008,146
7008,337
7008,521
7008,769
7008,774
7009,337
7009,464
7009,741
7009,774
7010,295
7010,471
7010,741
7010,774
7011,186
7011,292
7011,759
7011,774
7012,131
7012,352
7012,379
7012,613
7013,77
7013,814
7014,23
7014,32
7014,37
7014,177
7014,325
7014,464
7014,503
7014,577
7014,774
7014,780
7015,533
7015,658
7015,769
7015,774
7016,25
7016,525
7016,613
7016,814
7017,243
7017,246
7017,870
7018,88
7018,200
7018,489
7018,606
7018,707
7018,718
7018,814
7018,815
7018,817
7019,77
7019,82
7019,103
7019,243
7019,463
7019,535
7019,944
7020,77
7020,88
7020,254
7020,489
7020,693
7020,707
7020,814
7021,36
7021,93
7021,289
7021,464
7021,562
7021,741
7021,774
7021,971
7022,36
7022,93
7022,171
7022,327
7022,464
7022,645
7022,741
7022,774
7022,971
7023,25
7023,184
7023,613
7023,964
7024,30
7025,88
7025,489
7025,531
7025,707
7025,814
7025,901
7026,182
7026,316
7026,418
7026,437
7026,770
7027,2
7027,182
7027,195
7027,316
7027,418
7027,437
7027,531
7027,613
7028,36
7028,131
7028,283
7028,295
7028,301
7028,337
7028,485
7028,562
7028,645
7028,665
7028,929
7028,971
7029,32
7029,69
7029,295
7029,319
7029,453
7029,503
7029,577
7029,774
7029,780
7030,32
7030,199
7030,295
7030,503
7030,545
7030,774
7030,780
7030,863
7031,23
7031,32
7031,69
7031,177
7031,295
7031,319
7031,328
7031,464
7031,503
7031,774
7031,780
7032,32
7032,37
7032,258
7032,291
7032,295
7032,325
7032,380
7032,503
7032,743
7032,753
7032,774
7032,863
7033,32
7033,295
7033,503
7033,774
7033,780
7033,803
7033,863
7034,32
7034,69
7034,295
7034,325
7034,503
7034,577
7034,774
7034,780
7034,803
7035,25
7035,38
7035,127
7035,435
7035,523
7035,613
7036,38
7036,77
7036,127
7036,144
7036,221
7036,435
7036,602
7037,25
7037,38
7037,77
7037,221
7037,435
7037,523
7037,602
7037,613
7037,750
7037,805
7037,858
7038,30
7038,38
7038,111
7038,137
7038,158
7038,457
7038,525
7038,554
7038,586
7038,637
7038,656
7038,752
7038,858
7039,435
7039,610
7039,814
7040,88
7040,489
7040,525
7040,693
7040,707
7040,814
7041,243
7041,246
7041,435
7041,458
7041,870
7042,38
7042,127
7042,314
7042,435
7042,610
7042,814
7043,352
7043,379
7043,435
7043,523
7043,547
7043,613
7044,30
7044,38
7044,127
7044,227
7044,435
7044,602
7044,943
7045,352
7045,379
7045,435
7045,523
7045,547
7045,613
7046,38
7046,127
7046,435
7046,602
7046,610
7046,814
7046,901
7047,108
7047,232
7047,284
7047,379
7047,435
7047,547
7047,610
7047,814
7047,828
7048,435
7048,610
7048,814
7049,68
7049,435
7049,610
7049,615
7049,642
7049,814
7050,68
7050,240
7050,385
7050,525
7050,757
7050,814
7050,858
7051,38
7051,127
7051,435
7051,523
7051,532
7051,613
7052,68
7052,435
7052,610
7052,642
7052,814
7053,30
7053,227
7053,525
7053,586
7053,862
7053,912
7053,981
7054,30
7054,435
7054,912
7054,943
7055,77
7055,144
7055,221
7055,435
7056,30
7056,435
7056,912
7056,943
7057,30
7057,227
7057,435
7057,943
7058,232
7058,352
7058,379
7058,435
7058,523
7058,547
7058,613
7059,30
7059,38
7059,127
7059,435
7059,602
7059,749
7059,943
7060,30
7060,243
7060,280
7060,457
7060,525
7060,558
7060,805
7060,844
7060,858
7061,77
7061,144
7061,221
7061,435
7062,30
7062,158
7062,457
7062,525
7062,531
7062,554
7062,586
7062,656
7062,752
7062,807
7062,858
7063,38
7063,127
7063,131
7063,379
7063,435
7063,547
7063,602
7063,610
7063,814
7063,828
7064,77
7064,221
7064,435
7065,25
7065,435
7065,523
7065,613
7066,30
7066,243
7066,246
7066,435
7066,458
7066,749
7066,943
7067,435
7067,610
7067,814
7068,435
7068,523
7068,613
7069,60
7069,435
7069,523
7069,613
7069,721
7070,77
7070,144
7070,221
7070,435
7071,25
7071,396
7071,613
7071,718
7072,25
7072,324
7072,525
7072,613
7073,38
7073,127
7073,131
7073,284
7073,352
7073,379
7073,435
7073,523
7073,547
7073,613
7074,38
7074,131
7074,284
7074,352
7074,379
7074,435
7074,523
7074,547
7074,602
7074,613
7075,30
7075,38
7075,457
7075,670
7075,718
7075,858
7076,38
7076,108
7076,232
7076,379
7076,435
7076,547
7076,557
7076,602
7076,610
7076,814
7076,828
7076,901
7077,108
7077,435
7077,610
7077,814
7078,379
7078,435
7078,547
7078,610
7078,757
7078,814
7078,828
7079,435
7079,523
7079,613
7080,88
7080,489
7080,525
7080,539
7080,707
7080,757
7080,814
7080,862
7081,38
7081,68
7081,135
7081,379
7081,512
7081,531
7081,557
7081,639
7081,642
7081,700
7081,715
7081,718
7081,756
7081,814
7081,828
7081,864
7081,901
7081,923
7082,77
7082,144
7082,670
7082,718
7083,379
7083,435
7083,547
7083,610
7083,757
7083,814
7083,828
7084,15
7084,30
7084,32
7084,37
7084,72
7084,325
7084,457
7084,670
7084,718
7084,858
7084,863
7085,435
7085,610
7085,693
7085,814
7086,30
7086,227
7086,435
7086,912
7086,943
7087,2
7087,30
7087,55
7087,158
7087,182
7087,418
7087,457
7087,522
7087,525
7087,531
7087,554
7087,586
7087,613
7087,710
7087,752
7087,807
7087,849
7087,858
7087,906
7087,949
7088,25
7088,38
7088,127
7088,435
7088,523
7088,602
7088,613
7089,30
7089,435
7089,523
7089,613
7089,653
7089,906
7089,912
7089,943
7090,77
7090,144
7090,221
7090,387
7090,435
7091,25
7091,30
7091,38
7091,127
7091,227
7091,435
7091,523
7091,602
7091,613
7091,906
7091,943
7092,108
7092,232
7092,379
7092,435
7092,547
7092,610
7092,814
7092,828
7093,38
7093,435
7093,523
7093,602
7093,613
7094,38
7094,435
7094,523
7094,602
7094,613
7095,352
7095,379
7095,435
7095,523
7095,547
7095,613
7096,38
7096,131
7096,352
7096,379
7096,435
7096,523
7096,547
7096,602
7096,613
7097,43
7097,77
7097,81
7097,243
7097,246
7097,262
7097,525
7097,558
7098,15
7098,30
7098,38
7098,63
7098,130
7098,158
7098,206
7098,227
7098,287
7098,304
7098,372
7098,385
7098,457
7098,512
7098,525
7098,586
7098,659
7098,750
7098,752
7098,757
7098,814
7098,858
7098,862
7098,912
7099,77
7099,144
7099,221
7099,435
7100,38
7100,274
7100,506
7100,512
7100,525
7100,814
7101,297
7101,435
7101,489
7101,610
7101,814
7102,30
7102,227
7102,435
7102,912
7102,943
7103,314
7103,435
7103,610
7103,814
7104,77
7104,221
7104,435
7105,30
7105,435
7105,523
7105,613
7105,906
7105,943
7106,88
7106,314
7106,489
7106,781
7106,814
7107,314
7107,435
7107,610
7107,814
7108,43
7108,77
7108,82
7108,385
7108,525
7108,750
7108,814
7108,858
7109,25
7109,30
7109,38
7109,227
7109,340
7109,462
7109,502
7109,613
7109,628
7109,718
7109,849
7109,906
7110,30
7110,38
7110,127
7110,227
7110,435
7110,912
7110,943
7111,77
7111,144
7111,221
7111,435
7112,38
7112,127
7112,131
7112,352
7112,379
7112,435
7112,523
7112,547
7112,613
7113,30
7113,111
7113,457
7113,718
7113,858
7114,38
7114,127
7114,131
7114,284
7114,352
7114,379
7114,435
7114,523
7114,547
7114,557
7114,602
7114,613
7115,379
7115,435
7115,547
7115,610
7115,814
7115,828
7116,435
7116,489
7116,610
7116,757
7116,814
7117,25
7117,284
7117,352
7117,379
7117,435
7117,523
7117,547
7117,613
7118,38
7118,77
7118,127
7118,144
7118,221
7118,387
7118,435
7119,243
7119,246
7119,870
7120,243
7120,426
7120,609
7120,646
7120,655
7120,718
7120,781
7120,807
7120,858
7120,944
7121,38
7121,68
7121,642
7121,814
7121,903
7122,77
7122,85
7122,119
7122,144
7122,154
7122,332
7122,718
7122,862
7122,961
7123,95
7123,295
7123,337
7123,353
7123,428
7123,485
7123,500
7123,562
7123,665
7123,685
7123,817
7123,929
7124,146
7124,289
7124,477
7124,567
7124,780
7124,986
7125,220
7125,327
7125,518
7125,552
7125,780
7126,36
7126,61
7126,93
7126,220
7126,289
7126,295
7126,301
7126,327
7126,485
7126,562
7126,665
7126,929
7126,971
7127,297
7127,530
7127,538
7127,606
7127,627
7127,718
7127,814
7127,881
7128,30
7128,197
7128,227
7128,606
7128,643
7128,718
7128,757
7128,791
7128,814
7128,862
7128,945
7129,77
7129,109
7129,200
7129,243
7129,246
7129,718
7129,968
7130,30
7130,63
7130,130
7130,197
7130,227
7130,304
7130,626
7130,656
7130,718
7130,791
7130,862
7130,868
7130,912
7130,928
7130,945
7131,30
7131,200
7131,227
7131,606
7131,643
7131,693
7131,718
7131,757
7131,791
7131,814
7131,862
7131,912
7132,197
7132,293
7132,352
7132,379
7132,492
7132,613
7132,718
7132,904
7132,968
7133,109
7133,200
7133,379
7133,606
7133,718
7133,814
7133,828
7133,968
7133,985
7134,1
7134,25
7134,68
7134,200
7134,231
7134,293
7134,426
7134,606
7134,613
7134,642
7134,718
7134,814
7134,858
7134,879
7135,156
7135,197
7135,293
7135,352
7135,379
7135,613
7135,643
7135,814
7135,828
7136,109
7136,197
7136,284
7136,293
7136,352
7136,379
7136,613
7136,968
7137,30
7137,63
7137,197
7137,227
7137,656
7137,791
7137,862
7137,868
7137,912
7138,17
7138,30
7138,200
7138,606
7138,656
7138,791
7138,814
7138,912
7139,195
7139,418
7139,609
7140,197
7140,379
7140,492
7140,557
7140,606
7140,609
7140,718
7140,814
7140,828
7140,901
7140,904
7140,968
7141,30
7141,197
7141,354
7141,606
7141,643
7141,718
7141,791
7141,814
7141,828
7142,30
7142,197
7142,227
7142,354
7142,606
7142,718
7142,757
7142,791
7142,814
7142,828
7142,862
7142,868
7143,197
7143,304
7143,606
7143,626
7143,659
7143,718
7143,757
7143,814
7143,862
7143,904
7143,928
7143,968
7144,109
7144,197
7144,243
7144,646
7144,655
7144,718
7144,968
7145,33
7145,68
7145,77
7145,219
7145,254
7145,609
7145,642
7145,814
7145,901
7146,30
7146,130
7146,197
7146,227
7146,284
7146,293
7146,304
7146,352
7146,379
7146,502
7146,554
7146,613
7146,718
7146,791
7146,862
7146,904
7146,906
7146,968
7147,197
7147,606
7147,643
7147,718
7147,814
7148,55
7148,195
7148,401
7148,418
7148,437
7148,609
7149,21
7149,77
7149,144
7149,200
7149,217
7149,718
7149,862
7149,904
7150,197
7150,210
7150,290
7150,494
7150,606
7150,718
7150,814
7151,30
7151,197
7151,606
7151,718
7151,791
7151,814
7151,904
7151,968
7152,12
7152,21
7152,77
7152,197
7152,606
7152,718
7152,814
7153,197
7153,297
7153,606
7153,627
7153,643
7153,718
7153,814
7154,200
7154,606
7154,718
7154,814
7154,815
7155,110
7155,270
7155,379
7155,506
7155,606
7155,693
7155,814
7155,828
7156,38
7156,68
7156,109
7156,197
7156,606
7156,642
7156,814
7156,968
7157,30
7157,109
7157,197
7157,656
7157,791
7157,912
7157,968
7158,200
7158,293
7158,539
7158,606
7158,613
7158,814
7158,815
7159,109
7159,197
7159,284
7159,293
7159,352
7159,379
7159,582
7159,613
7159,968
7160,197
7160,297
7160,606
7160,643
7160,693
7160,784
7160,814
7161,109
7161,197
7161,293
7161,426
7161,502
7161,613
7161,807
7161,858
7161,862
7161,968
7162,30
7162,130
7162,197
7162,227
7162,304
7162,626
7162,656
7162,791
7162,862
7162,868
7162,912
7162,928
7163,360
7163,418
7163,437
7163,770
7164,360
7164,418
7164,437
7164,525
7164,770
7164,983
7165,25
7165,197
7165,293
7165,613
7165,643
7166,30
7166,38
7166,109
7166,131
7166,197
7166,314
7166,379
7166,489
7166,606
7166,791
7166,814
7166,817
7166,828
7166,968
7167,197
7167,284
7167,293
7167,352
7167,379
7167,606
7167,613
7167,643
7167,814
7167,828
7168,109
7168,197
7168,606
7168,814
7168,968
7169,186
7169,327
7169,464
7169,741
7169,774
7170,186
7170,292
7170,596
7170,759
7170,774
7170,877
7171,741
7171,774
7172,186
7172,596
7172,741
7172,774
7172,877
7173,60
7173,163
7173,186
7173,755
7173,774
7174,2
7174,30
7174,182
7174,418
7174,429
7174,554
7174,613
7175,77
7175,387
7175,572
7175,609
7175,781
7175,814
7175,869
7175,901
7176,314
7176,572
7176,707
7176,781
7176,814
7176,869
7177,30
7177,396
7177,718
7177,912
7178,613
7178,814
7179,32
7179,503
7179,780
7179,863
7180,60
7180,546
7180,944
7181,38
7181,60
7181,755
7181,762
7182,30
7182,227
7182,609
7182,757
7182,814
7182,901
7182,912
7183,186
7183,292
7183,759
7183,774
7184,243
7184,246
7184,718
7184,909
7185,30
7185,77
7185,426
7185,457
7185,656
7185,718
7185,791
7185,807
7185,858
7185,881
7185,897
7185,912
7186,30
7186,63
7186,130
7186,227
7186,304
7186,525
7186,862
7186,912
7186,981
7187,294
7187,379
7187,814
7187,828
7187,963
7188,68
7188,164
7188,290
7188,297
7188,489
7188,530
7188,606
7188,627
7188,642
7188,718
7188,814
7188,881
7189,77
7189,240
7189,243
7189,372
7189,525
7189,750
7189,805
7189,844
7189,858
7190,55
7190,88
7190,114
7190,418
7190,489
7190,506
7190,525
7190,531
7190,814
7190,880
7190,901
7191,30
7191,227
7191,475
7191,862
7191,912
7192,190
7193,124
7193,327
7193,337
7193,380
7193,464
7193,562
7193,741
7193,774
7194,352
7194,379
7194,613
7194,814
7194,828
7194,901
7195,60
7195,245
7195,476
7195,928
7196,53
7196,186
7196,337
7196,741
7196,774
7197,53
7197,186
7197,337
7197,478
7197,567
7197,741
7197,774
7197,789
7198,6
7198,186
7198,292
7198,759
7198,774
7199,474
7199,533
7199,774
7200,184
7200,293
7200,613
7200,964
7201,294
7201,693
7201,707
7201,814
7201,963
7202,294
7202,352
7202,379
7202,613
7202,691
7203,530
7203,606
7203,718
7203,814
7203,881
7204,2
7204,55
7204,182
7204,195
7204,340
7204,418
7204,437
7204,522
7204,531
7204,613
7204,983
7205,30
7205,156
7205,227
7205,502
7205,613
7205,862
7205,906
7205,913
7205,921
7206,68
7206,77
7206,219
7206,750
7206,858
7207,112
7207,613
7207,710
7207,946
7208,112
7208,184
7208,613
7208,964
7209,60
7209,168
7209,207
7209,245
7209,256
7209,294
7209,399
7209,476
7209,928
7209,982
7210,2
7210,195
7210,418
7210,613
7211,77
7211,82
7211,243
7211,246
7211,262
7212,340
7212,379
7212,557
7212,609
7212,718
7212,814
7212,828
7212,901
7213,104
7213,316
7213,613
7214,96
7214,132
7214,146
7214,533
7214,774
7215,38
7215,811
7215,814
7215,887
7215,903
7216,360
7216,474
7216,533
7216,774
7216,983
7217,337
7217,521
7217,774
7218,60
7218,163
7218,658
7218,774
7219,38
7219,200
7219,606
7219,814
7219,927
7220,292
7220,658
7220,759
7220,774
7220,877
7221,83
7221,243
7221,246
7221,531
7221,718
7221,821
7221,889
7222,16
7222,396
7222,613
7223,292
7223,565
7223,569
7223,596
7223,658
7223,759
7223,774
7223,877
7224,200
7224,606
7224,718
7224,814
7224,927
7225,38
7225,200
7225,606
7225,718
7225,814
7226,12
7226,197
7226,379
7226,606
7226,718
7226,814
7226,828
7227,30
7227,197
7227,227
7227,606
7227,693
7227,718
7227,757
7227,791
7227,814
7227,862
7227,868
7228,60
7228,401
7228,755
7229,1
7229,25
7229,68
7229,609
7229,613
7229,642
7229,814
7229,901
7230,77
7230,185
7230,254
7230,290
7230,314
7230,340
7230,489
7230,609
7230,707
7230,718
7230,773
7230,781
7230,814
7230,901
7231,186
7231,292
7231,759
7231,774
7232,186
7232,292
7232,741
7232,759
7232,774
7232,964
7233,6
7233,171
7233,474
7233,533
7233,774
7234,60
7234,163
7234,272
7234,326
7234,719
7234,774
7234,818
7235,30
7235,307
7235,426
7235,457
7235,791
7235,807
7235,851
7235,858
7235,897
7236,6
7236,295
7236,337
7236,353
7236,464
7236,562
7236,685
7236,774
7236,817
7237,243
7237,246
7237,280
7237,444
7237,718
7237,889
7238,444
7238,606
7238,718
7238,757
7238,814
7238,862
7238,889
7239,60
7239,546
7240,88
7240,135
7240,348
7240,483
7240,489
7240,606
7240,693
7240,707
7240,757
7240,814
7240,862
7241,38
7241,60
7241,100
7241,245
7241,709
7241,875
7242,184
7242,186
7242,741
7242,774
7242,964
7243,88
7243,314
7243,316
7243,489
7243,606
7243,615
7243,707
7243,718
7243,814
7244,77
7244,82
7245,379
7246,295
7246,741
7246,774
7246,908
7247,30
7247,88
7247,297
7247,396
7247,489
7247,531
7247,707
7247,718
7247,784
7247,814
7247,901
7248,60
7248,762
7249,2
7249,45
7249,55
7249,158
7249,195
7249,418
7249,613
7249,858
7249,906
7249,949
7250,352
7250,379
7250,613
7251,60
7251,186
7251,774
7252,487
7252,741
7252,774
7253,305
7253,366
7253,379
7253,670
7253,732
7253,924
7254,77
7254,82
7254,144
7254,396
7254,707
7254,718
7254,757
7254,814
7254,862
7255,243
7255,246
7255,444
7255,718
7255,821
7255,889
7256,88
7256,489
7256,707
7256,814
7257,77
7257,144
7257,443
7257,750
7257,858
7257,862
7258,379
7258,444
7258,551
7258,606
7258,718
7258,814
7258,828
7258,889
7259,3
7259,156
7259,198
7259,293
7259,613
7259,710
7259,718
7259,889
7259,928
7259,946
7260,3
7260,243
7260,246
7260,718
7260,761
7261,156
7261,293
7261,352
7261,379
7261,444
7261,613
7261,718
7261,855
7261,889
7262,250
7262,284
7262,293
7262,352
7262,379
7262,444
7262,613
7262,718
7262,889
7263,293
7263,352
7263,379
7263,444
7263,613
7263,718
7263,855
7263,889
7264,69
7264,124
7264,255
7264,295
7264,337
7264,464
7264,562
7264,685
7264,774
7265,30
7265,227
7265,656
7265,862
7265,981
7266,670
7266,693
7266,729
7266,814
7266,901
7267,18
7267,337
7267,353
7267,774
7268,293
7268,352
7268,379
7268,606
7268,613
7268,718
7268,814
7268,828
7269,243
7269,246
7269,387
7269,525
7269,807
7269,858
7270,1
7270,68
7270,613
7270,642
7270,814
7271,1
7271,25
7271,30
7271,68
7271,227
7271,502
7271,507
7271,613
7271,842
7271,862
7271,906
7272,30
7272,227
7272,862
7273,161
7273,506
7273,619
7273,693
7273,814
7273,869
7273,931
7274,337
7274,741
7274,774
7274,970
7275,396
7275,718
7275,814
7276,77
7276,116
7276,366
7276,670
7277,670
7277,729
7277,757
7277,814
7278,670
7278,729
7278,757
7278,814
7279,77
7279,116
7279,243
7279,670
7279,809
7280,36
7280,295
7280,665
7280,929
7281,38
7281,88
7281,293
7281,340
7281,489
7281,606
7281,613
7281,707
7281,718
7281,814
7281,928
7282,366
7282,613
7282,670
7282,729
7282,814
7282,911
7283,30
7283,60
7283,100
7283,251
7283,326
7283,554
7283,638
7283,784
7284,186
7284,774
7284,877
7285,60
7285,235
7285,242
7285,272
7285,326
7285,704
7285,784
7286,21
7286,77
7286,144
7286,606
7286,757
7286,814
7286,862
7286,891
7287,156
7287,243
7287,246
7287,293
7287,400
7287,444
7287,467
7287,613
7287,718
7287,855
7287,889
7288,68
7288,109
7288,197
7288,379
7288,606
7288,642
7288,700
7288,814
7288,828
7288,968
7289,68
7289,200
7289,217
7289,606
7289,642
7289,718
7289,814
7289,904
7290,297
7290,396
7290,606
7290,784
7290,800
7290,814
7291,68
7291,200
7291,217
7291,606
7291,642
7291,718
7291,814
7291,887
7291,904
7292,21
7292,68
7292,77
7292,197
7292,219
7292,606
7292,642
7292,693
7292,718
7292,814
7292,968
7293,195
7293,418
7293,435
7293,437
7293,897
7294,21
7294,77
7294,243
7294,246
7294,262
7294,444
7294,467
7294,718
7294,821
7294,889
7295,2
7295,55
7295,114
7295,195
7295,200
7295,217
7295,293
7295,418
7295,606
7295,613
7295,814
7296,186
7296,453
7296,596
7296,774
7296,877
7297,293
7297,352
7297,379
7297,613
7297,641
7297,944
7298,60
7298,521
7298,762
7298,774
7299,190
7300,30
7300,200
7300,217
7300,227
7300,656
7300,718
7300,791
7300,862
7300,904
7300,912
7301,30
7301,63
7301,200
7301,227
7301,656
7301,779
7301,791
7301,862
7301,912
7302,200
7302,217
7302,293
7302,352
7302,379
7302,613
7302,904
7303,60
7303,163
7303,186
7303,774
7304,248
7304,379
7304,557
7304,718
7304,814
7304,828
7304,881
7304,901
7305,131
7305,379
7305,489
7305,693
7305,707
7305,814
7305,828
7306,67
7306,198
7306,324
7306,382
7306,613
7306,928
7307,156
7307,184
7307,613
7307,964
7308,69
7308,171
7308,337
7308,464
7308,658
7308,774
7309,146
7309,337
7309,380
7309,774
7310,69
7310,295
7310,337
7310,353
7310,741
7310,774
7310,827
7311,518
7311,552
7311,780
7312,30
7312,111
7312,158
7312,426
7312,457
7312,525
7312,718
7312,752
7312,791
7312,807
7312,858
7312,956
7313,60
7314,25
7314,234
7314,324
7314,613
7315,186
7315,471
7315,741
7315,774
7316,146
7316,337
7316,521
7316,567
7316,774
7317,60
7317,186
7317,755
7317,774
7318,30
7318,130
7318,227
7318,304
7318,862
7318,912
7319,243
7319,246
7319,634
7319,870
7320,131
7320,200
7320,217
7320,293
7320,352
7320,379
7320,606
7320,613
7320,693
7320,718
7320,814
7320,828
7320,904
7321,17
7321,30
7321,200
7321,606
7321,718
7321,791
7321,814
7322,88
7322,131
7322,200
7322,217
7322,379
7322,489
7322,606
7322,693
7322,707
7322,718
7322,814
7322,828
7322,904
7323,21
7323,77
7323,144
7323,200
7323,217
7323,606
7323,718
7323,757
7323,814
7323,862
7323,904
7324,197
7324,284
7324,293
7324,352
7324,379
7324,557
7324,606
7324,609
7324,613
7324,718
7324,814
7324,828
7324,901
7324,904
7324,968
7325,30
7325,156
7325,366
7325,457
7325,613
7325,670
7325,805
7325,858
7325,906
7325,911
7325,965
7326,243
7326,280
7326,525
7326,883
7327,2
7327,55
7327,195
7327,418
7327,437
7327,522
7327,609
7327,613
7327,983
7328,30
7328,243
7328,280
7328,372
7328,457
7328,525
7328,750
7328,858
7328,900
7328,912
7329,30
7329,227
7329,475
7329,862
7329,912
7330,30
7330,32
7330,37
7330,72
7330,325
7330,336
7330,674
7330,718
7330,853
7330,858
7331,234
7331,336
7331,352
7331,379
7331,492
7331,609
7331,613
7332,186
7332,225
7332,292
7332,751
7332,759
7332,774
7332,877
7333,186
7333,225
7333,292
7333,759
7333,774
7333,877
7334,6
7334,133
7334,171
7334,186
7334,741
7334,774
7335,156
7335,502
7335,613
7335,862
7336,25
7336,38
7336,293
7336,531
7336,606
7336,613
7336,814
7336,901
7336,944
7337,337
7337,341
7337,521
7337,567
7337,685
7337,774
7338,188
7338,518
7338,552
7338,780
7338,986
7339,16
7339,396
7339,613
7340,25
7340,30
7340,130
7340,156
7340,227
7340,293
7340,304
7340,502
7340,530
7340,613
7340,653
7340,674
7340,791
7340,862
7340,897
7340,906
7341,30
7341,166
7341,293
7341,613
7341,653
7341,718
7341,791
7341,881
7341,897
7341,906
7342,30
7342,166
7342,653
7342,718
7342,791
7342,881
7342,897
7343,166
7343,606
7343,757
7343,814
7343,862
7343,881
7344,30
7344,293
7344,530
7344,613
7344,653
7344,674
7344,791
7344,897
7344,906
7345,109
7345,200
7345,426
7345,606
7345,693
7345,718
7345,757
7345,807
7345,814
7345,858
7345,862
7345,968
7346,156
7346,293
7346,530
7346,613
7346,674
7347,30
7347,530
7347,674
7347,791
7347,897
7347,912
7348,30
7348,530
7348,653
7348,674
7348,791
7348,897
7349,156
7349,293
7349,426
7349,530
7349,613
7349,718
7349,807
7349,858
7349,881
7350,304
7350,530
7350,606
7350,659
7350,674
7350,757
7350,814
7350,862
7351,166
7351,284
7351,293
7351,352
7351,379
7351,606
7351,613
7351,814
7351,828
7351,881
7352,30
7352,293
7352,352
7352,379
7352,530
7352,613
7352,653
7352,674
7352,791
7352,897
7352,906
7353,166
7353,606
7353,814
7353,881
7354,375
7354,814
7355,32
7355,291
7355,319
7355,453
7355,503
7355,663
7355,768
7355,774
7355,827
7355,894
7356,16
7356,321
7356,352
7356,379
7356,396
7356,613
7357,16
7357,396
7357,613
7358,16
7358,174
7358,396
7358,613
7358,756
7358,814
7359,1
7359,25
7359,59
7359,68
7359,160
7359,175
7359,324
7359,613
7359,984
7360,1
7360,68
7360,197
7360,293
7360,606
7360,613
7360,642
7360,693
7360,718
7360,814
7361,197
7361,293
7361,352
7361,379
7361,557
7361,609
7361,613
7361,626
7361,718
7361,904
7361,928
7361,968
7362,36
7362,295
7362,337
7362,485
7362,562
7362,665
7362,929
7363,135
7363,359
7363,613
7364,30
7364,227
7364,396
7364,718
7364,791
7364,862
7364,912
7365,379
7365,492
7365,525
7365,609
7365,781
7365,814
7365,828
7365,901
7366,243
7366,246
7366,293
7366,400
7366,613
7366,718
7367,25
7367,184
7367,613
7367,964
7368,186
7368,471
7368,741
7368,774
7369,337
7369,741
7369,774
7370,60
7370,709
7370,774
7371,337
7371,453
7371,533
7371,774
7371,837
7371,919
7371,983
7372,60
7372,186
7372,245
7372,292
7372,759
7372,774
7373,292
7373,658
7373,751
7373,759
7373,774
7373,877
7374,60
7374,245
7374,272
7374,326
7374,784
7374,841
7374,976
7375,69
7375,186
7375,337
7375,741
7375,774
7376,25
7376,156
7376,613
7377,613
7377,621
7377,650
7377,814
7377,823
7377,869
7378,2
7378,418
7378,613
7378,711
7379,2
7379,315
7379,609
7379,613
7379,906
7380,371
7380,447
7380,613
7380,814
7381,371
7381,447
7381,554
7381,609
7381,613
7381,814
7382,174
7382,396
7382,693
7382,814
7383,16
7383,396
7383,613
7384,36
7384,146
7384,337
7385,225
7385,292
7385,706
7385,759
7385,840
7385,928
7386,25
7386,68
7386,243
7386,400
7386,525
7386,613
7387,55
7387,72
7387,325
7387,418
7387,506
7387,531
7387,670
7388,453
7388,503
7388,529
7388,780
7388,803
7389,48
7389,757
7389,814
7389,862
7389,888
7389,981
7390,531
7390,670
7390,814
7390,817
7391,225
7391,236
7391,344
7391,529
7391,706
7391,802
7392,236
7392,360
7392,529
7392,802
7393,225
7393,344
7393,596
7393,846
7393,877
7394,37
7394,177
7394,260
7394,503
7394,803
7395,352
7395,379
7395,613
7395,670
7396,352
7396,379
7396,613
7396,670
7397,72
7397,165
7397,418
7397,670
7398,30
7398,37
7398,72
7398,287
7398,457
7398,517
7398,670
7398,858
7398,863
7399,163
7399,493
7399,524
7399,751
7399,877
7400,529
7401,16
7401,396
7401,613
7402,474
7402,529
7402,741
7403,418
7403,711
7403,814
7404,68
7404,445
7404,613
7404,814
7404,881
7405,200
7405,217
7405,606
7405,814
7406,76
7406,293
7406,502
7406,613
7406,786
7406,862
7407,163
7407,198
7407,476
7407,925
7407,928
7408,245
7408,476
7408,876
7408,928
7408,944
7409,36
7409,301
7409,327
7409,741
7410,503
7410,529
7410,899
7411,128
7411,613
7412,112
7412,123
7412,216
7412,293
7412,613
7412,631
7412,921
7412,984
7413,128
7413,379
7413,531
7413,814
7413,828
7414,128
7414,502
7414,613
7414,862
7414,981
7415,846
7415,877
7416,30
7416,128
7416,613
7416,906
7417,245
7417,256
7417,272
7417,326
7417,531
7417,572
7417,784
7417,876
7418,711
7418,755
7418,876
7419,83
7419,531
7419,606
7419,814
7420,83
7420,198
7420,531
7420,606
7420,814
7420,928
7421,293
7421,348
7421,447
7421,613
7421,834
7421,887
7422,128
7422,243
7422,246
7422,821
7423,128
7423,243
7423,246
7424,128
7424,243
7424,246
7425,30
7425,227
7425,287
7425,531
7425,862
7425,912
7426,22
7426,212
7426,293
7426,587
7426,606
7426,613
7426,814
7427,22
7427,212
7427,293
7427,352
7427,379
7427,587
7427,613
7427,631
7428,22
7428,25
7428,210
7428,212
7428,293
7428,466
7428,502
7428,587
7428,606
7428,613
7428,757
7428,814
7428,862
7429,22
7429,212
7429,293
7429,587
7429,613
7429,631
7430,22
7430,212
7430,293
7430,352
7430,363
7430,379
7430,587
7430,613
7430,984
7431,212
7431,293
7431,513
7431,606
7431,613
7431,693
7431,814
7432,22
7432,212
7432,293
7432,502
7432,513
7432,613
7432,862
7433,22
7433,293
7433,513
7433,613
7434,78
7434,163
7434,170
7434,272
7434,299
7434,326
7434,405
7434,708
7435,711
7435,876
7436,67
7436,212
7436,293
7436,324
7436,352
7436,354
7436,513
7436,613
7436,921
7437,212
7437,293
7437,513
7437,606
7437,613
7437,814
7438,212
7438,513
7438,606
7438,814
7439,30
7439,212
7439,293
7439,304
7439,352
7439,379
7439,513
7439,613
7439,791
7439,906
7440,613
7440,711
7440,814
7441,163
7441,234
7441,255
7441,756
7441,772
7441,876
7441,919
7442,212
7442,284
7442,293
7442,352
7442,354
7442,513
7442,613
7443,212
7443,293
7443,513
7443,613
7444,128
7444,379
7444,814
7444,828
7445,25
7445,112
7445,531
7445,604
7445,613
7445,619
7445,711
7446,128
7446,297
7446,784
7446,814
7447,128
7447,243
7447,246
7448,256
7448,430
7448,606
7448,814
7448,823
7448,973
7449,200
7449,217
7449,236
7449,360
7449,418
7450,200
7450,217
7450,236
7450,360
7450,418
7451,200
7451,236
7451,360
7451,418
7452,200
7452,236
7452,360
7452,418
7453,186
7453,337
7453,562
7454,256
7454,293
7454,352
7454,354
7454,613
7454,767
7455,135
7455,175
7455,546
7455,755
7455,876
7456,2
7456,198
7456,294
7456,418
7456,613
7456,691
7456,869
7456,921
7456,928
7457,163
7457,453
7457,569
7457,790
7458,337
7458,487
7458,661
7459,82
7459,144
7459,527
7459,862
7459,980
7460,352
7460,354
7460,613
7460,851
7461,533
7462,525
7462,876
7463,212
7463,293
7463,587
7463,613
7464,212
7464,293
7464,587
7464,613
7464,921
7465,212
7465,293
7465,587
7465,613
7466,212
7466,293
7466,587
7466,613
7467,101
7467,220
7467,289
7467,567
7467,687
7468,529
7468,758
7468,802
7468,820
7469,529
7469,802
7469,820
7470,10
7470,44
7470,225
7470,252
7470,292
7470,415
7470,453
7470,473
7470,658
7470,751
7470,759
7470,877
7471,60
7471,198
7471,235
7471,245
7471,476
7471,546
7471,928
7472,7
7472,225
7472,292
7472,596
7472,706
7472,741
7472,759
7472,840
7472,877
7473,613
7473,670
7474,3
7474,613
7474,710
7474,928
7475,186
7475,741
7475,978
7476,37
7476,146
7476,177
7476,260
7476,503
7476,780
7477,418
7477,531
7478,587
7478,613
7479,532
7479,587
7479,613
7479,784
7480,88
7480,210
7480,340
7480,466
7480,613
7480,698
7480,814
7481,25
7481,184
7481,201
7481,293
7481,613
7481,691
7482,98
7482,328
7482,503
7482,533
7482,920
7483,327
7483,687
7483,741
7484,245
7484,876
7484,944
7485,212
7485,297
7485,405
7485,587
7485,606
7485,627
7485,704
7485,814
7486,21
7486,30
7486,144
7486,212
7486,227
7486,293
7486,387
7486,502
7486,527
7486,587
7486,613
7486,791
7486,862
7486,906
7486,912
7487,613
7487,814
7487,944
7488,236
7488,360
7488,418
7489,87
7489,236
7489,360
7489,474
7489,533
7489,958
7490,184
7490,201
7490,318
7490,613
7491,98
7491,503
7491,533
7491,803
7491,920
7492,184
7492,318
7492,613
7493,225
7493,292
7493,759
7493,840
7493,877
7493,928
7494,163
7494,235
7494,245
7494,658
7495,474
7495,533
7495,658
7496,163
7496,453
7496,569
7496,658
7496,709
7497,88
7497,314
7497,340
7497,414
7497,531
7497,693
7497,814
7498,23
7498,37
7498,177
7498,328
7498,407
7498,423
7498,503
7499,156
7499,587
7499,613
7500,187
7500,337
7500,782
7501,30
7501,217
7501,227
7501,757
7501,814
7501,862
7501,904
7502,48
7502,155
7502,352
7502,379
7502,613
7503,48
7503,155
7503,352
7503,379
7503,613
7504,37
7504,72
7504,177
7504,325
7504,506
7504,577
7504,670
7504,858
7505,203
7505,706
7505,741
7505,928
7506,184
7506,203
7506,741
7507,16
7507,396
7507,613
7508,131
7508,200
7508,217
7508,284
7508,293
7508,352
7508,379
7508,606
7508,613
7508,814
7508,828
7508,904
7509,3
7509,30
7509,227
7509,757
7509,814
7509,862
7509,912
7510,78
7510,360
7510,474
7510,487
7510,533
7510,983
7511,37
7511,72
7511,319
7511,670
7511,858
7512,327
7512,687
7512,741
7513,9
7513,163
7513,291
7514,596
7514,738
7514,877
7514,928
7515,569
7515,596
7515,738
7515,877
7516,7
7516,706
7516,738
7516,928
7517,60
7517,245
7517,326
7517,627
7518,220
7518,289
7518,474
7518,533
7518,857
7518,872
7519,474
7519,533
7519,820
7519,857
7520,36
7520,415
7520,741
7520,751
7520,877
7521,23
7521,69
7521,319
7521,503
7521,780
7521,899
7522,23
7522,37
7522,72
7522,177
7522,379
7522,670
7522,710
7522,858
7523,88
7523,297
7523,531
7523,591
7523,670
7523,710
7523,784
7523,810
7523,814
7524,471
7524,616
7524,741
7525,150
7525,163
7525,245
7525,272
7525,326
7526,185
7526,314
7526,527
7526,814
7527,546
7527,755
7527,876
7528,163
7528,186
7528,438
7529,128
7529,385
7529,613
7529,805
7529,814
7529,858
7530,503
7530,780
7530,863
7530,899
7531,503
7531,780
7531,863
7531,899
7532,272
7532,326
7532,340
7532,784
7532,876
7533,140
7533,370
7533,503
7533,863
7534,418
7534,531
7535,418
7535,531
7536,418
7536,531
7537,2
7537,30
7537,418
7537,531
7537,532
7537,554
7537,613
7537,641
7537,784
7537,944
7538,531
7538,814
7539,68
7539,814
7540,163
7540,186
7540,755
7541,68
7541,814
7542,373
7542,379
7542,591
7542,670
7542,710
7542,732
7542,810
7542,814
7542,828
7543,30
7543,37
7543,72
7543,423
7543,457
7543,670
7543,803
7543,858
7543,863
7544,128
7544,243
7544,246
7545,128
7545,243
7545,246
7546,128
7546,243
7546,246
7547,814
7548,68
7548,814
7549,352
7549,379
7549,613
7549,711
7550,108
7550,985
7551,188
7551,687
7551,732
7552,76
7552,156
7552,293
7552,613
7552,786
7553,30
7553,200
7553,293
7553,352
7553,379
7553,492
7553,606
7553,613
7553,630
7553,791
7553,814
7553,828
7553,906
7554,3
7554,59
7554,250
7554,293
7554,613
7554,756
7554,921
7555,2
7555,198
7555,294
7555,418
7555,613
7555,691
7555,869
7555,928
7556,198
7556,245
7556,476
7556,580
7556,701
7556,876
7556,928
7557,17
7557,68
7557,200
7557,606
7557,693
7557,814
7558,814
7559,294
7559,814
7559,963
7560,25
7560,184
7560,201
7560,613
7561,112
7561,135
7561,352
7561,359
7561,379
7561,531
7561,613
7561,715
7562,135
7562,359
7562,613
7563,435
7563,546
7563,876
7564,379
7564,606
7564,814
7564,828
7564,944
7565,418
7565,525
7565,983
7566,474
7566,533
7566,983
7567,30
7567,37
7567,72
7567,457
7567,670
7567,858
7567,863
7568,72
7568,418
7568,670
7568,803
7569,128
7569,156
7569,613
7570,87
7570,415
7570,751
7570,877
7571,814
7572,293
7572,324
7572,352
7572,379
7572,613
7572,887
7573,88
7573,200
7573,210
7573,217
7573,379
7573,606
7573,615
7573,814
7573,828
7573,904
7574,337
7575,575
7575,661
7575,877
7576,352
7576,379
7576,531
7576,613
7576,786
7576,814
7576,828
7576,852
7577,6
7577,69
7577,186
7577,337
7577,645
7578,337
7578,562
7579,25
7579,184
7579,613
7580,141
7580,352
7580,379
7580,613
7580,962
7581,124
7581,327
7581,685
7581,741
7582,30
7582,72
7582,106
7582,653
7582,670
7582,863
7583,23
7583,72
7583,177
7583,284
7583,319
7583,379
7583,670
7583,710
7584,23
7584,72
7584,177
7584,284
7584,379
7584,670
7584,710
7585,352
7585,379
7585,447
7585,613
7585,710
7585,887
7586,236
7586,474
7586,533
7586,794
7586,983
7587,435
7587,546
7587,755
7587,876
7588,531
7588,670
7588,757
7588,814
7589,84
7589,337
7589,562
7589,685
7589,817
7589,824
7590,531
7590,693
7590,756
7590,775
7590,814
7591,693
7591,814
7592,48
7592,112
7592,155
7592,314
7592,352
7592,379
7592,613
7592,814
7592,828
7592,888
7593,55
7593,418
7594,25
7594,256
7594,613
7595,186
7595,292
7595,415
7595,759
7595,877
7596,59
7596,184
7596,613
7597,48
7597,387
7597,539
7597,757
7597,814
7597,862
7597,888
7598,68
7598,77
7598,88
7598,144
7598,173
7598,396
7598,531
7598,775
7598,817
7598,862
7599,98
7599,503
7599,533
7599,803
7599,920
7600,445
7600,814
7600,881
7601,37
7601,140
7601,319
7601,328
7601,503
7602,4
7602,37
7602,328
7602,372
7602,423
7602,503
7602,685
7602,780
7602,863
7603,2
7603,418
7603,531
7603,613
7604,25
7604,396
7604,502
7604,531
7604,613
7604,862
7604,981
7605,77
7605,443
7606,311
7606,418
7606,670
7607,2
7607,156
7607,418
7607,531
7607,613
7607,711
7607,807
7607,858
7607,949
7608,48
7608,68
7608,531
7608,814
7608,888
7609,48
7609,155
7609,613
7609,756
7610,48
7610,814
7610,888
7611,37
7611,503
7612,106
7612,140
7612,146
7612,260
7612,423
7612,503
7612,780
7612,863
7612,899
7613,418
7614,352
7614,379
7614,613
7614,710
7614,711
7614,732
7615,225
7615,292
7615,596
7615,759
7615,840
7615,877
7616,187
7616,741
7616,892
7617,30
7617,457
7617,750
7617,858
7617,912
7618,3
7618,551
7618,710
7618,814
7618,876
7619,163
7619,235
7619,438
7619,546
7619,661
7619,708
7619,762
7619,960
7620,738
7620,741
7621,2
7621,198
7621,418
7621,613
7621,691
7621,921
7621,928
7621,980
7622,112
7622,156
7622,184
7622,613
7623,88
7623,314
7623,531
7623,711
7623,814
7623,817
7624,670
7624,876
7625,87
7625,474
7625,533
7625,958
7626,30
7626,166
7626,227
7626,791
7626,862
7626,881
7626,912
7627,156
7627,166
7627,352
7627,379
7627,613
7628,30
7628,166
7628,457
7628,531
7628,653
7628,807
7628,858
7629,30
7629,166
7629,227
7629,862
7629,981
7630,30
7630,166
7630,814
7631,36
7631,474
7631,533
7632,3
7632,156
7632,243
7632,247
7632,400
7632,613
7632,710
7632,855
7632,870
7632,921
7633,163
7633,186
7633,245
7634,98
7634,503
7634,533
7634,780
7634,863
7634,920
7635,218
7635,337
7635,562
7635,988
7636,77
7636,144
7636,396
7636,862
7637,396
7637,613
7638,30
7638,37
7638,72
7638,457
7638,517
7638,670
7638,858
7638,863
7639,814
7640,474
7640,533
7641,3
7641,379
7641,756
7642,373
7642,379
7642,591
7642,670
7642,710
7642,732
7642,810
7642,814
7642,828
7642,924
7643,2
7643,175
7643,418
7643,613
7644,235
7644,546
7644,776
7644,876
7644,887
7645,337
7645,562
7645,817
7645,824
7646,225
7646,292
7646,344
7646,415
7646,759
7647,25
7647,613
7647,670
7648,76
7648,198
7648,382
7648,476
7648,580
7648,613
7648,786
7648,928
7649,2
7649,418
7649,531
7649,613
7649,711
7649,814
7650,447
7650,531
7650,613
7650,756
7650,814
7650,887
7651,7
7652,17
7652,30
7652,200
7652,293
7652,352
7652,379
7652,606
7652,613
7652,693
7652,791
7652,814
7652,828
7652,906
7653,207
7653,272
7653,294
7653,326
7653,405
7653,755
7653,784
7653,876
7654,68
7654,293
7654,606
7654,613
7654,698
7654,814
7654,927
7655,77
7655,144
7655,154
7655,387
7655,531
7655,862
7656,77
7656,387
7656,862
7656,887
7657,77
7657,387
7657,531
7657,862
7657,887
7658,77
7658,387
7658,531
7658,862
7658,887
7659,77
7659,387
7659,862
7659,887
7660,77
7660,387
7660,531
7660,862
7660,887
7661,77
7661,387
7661,531
7661,862
7661,887
7662,77
7662,387
7662,531
7662,862
7662,887
7663,245
7663,251
7663,326
7663,751
7663,775
7663,876
7663,887
7664,77
7664,387
7664,531
7664,862
7664,887
7665,135
7665,359
7665,613
7666,245
7666,251
7666,751
7666,775
7666,876
7666,887
7667,786
7667,852
7667,876
7668,76
7668,379
7668,606
7668,786
7668,814
7668,828
7669,418
7669,531
7669,887
7670,2
7670,156
7670,418
7670,613
7670,983
7671,7
7671,225
7671,292
7671,759
7671,840
7672,2
7672,182
7672,418
7672,613
7672,949
7673,352
7673,379
7673,613
7673,814
7673,828
7674,112
7674,613
7675,112
7675,613
7676,2
7676,418
7676,604
7676,613
7676,619
7676,711
7676,814
7676,931
7677,373
7677,379
7677,591
7677,670
7677,710
7677,732
7677,810
7678,186
7678,741
7679,76
7679,606
7679,786
7679,814
7680,182
7680,418
7680,443
7681,69
7681,337
7681,353
7681,899
7682,27
7682,154
7682,390
7682,613
7682,961
7683,533
7683,685
7684,156
7684,200
7684,293
7684,352
7684,379
7684,613
7684,815
7685,36
7685,474
7685,533
7685,741
7686,2
7686,418
7686,613
7686,711
7687,30
7687,72
7687,140
7687,370
7687,577
7687,670
7687,817
7687,863
7688,30
7688,72
7688,140
7688,370
7688,577
7688,670
7688,817
7688,863
7689,30
7689,72
7689,140
7689,370
7689,577
7689,670
7689,817
7689,863
7690,755
7690,876
7691,68
7691,194
7691,210
7691,314
7691,531
7691,621
7691,693
7691,814
7691,817
7692,48
7692,155
7692,613
7693,207
7693,755
7693,756
7693,876
7693,980
7694,76
7694,293
7694,613
7694,786
7695,124
7695,327
7695,685
7695,741
7696,48
7696,77
7696,118
7696,144
7696,757
7696,814
7696,862
7696,888
7697,352
7697,379
7697,613
7697,711
7698,124
7698,645
7698,950
7699,234
7699,418
7699,474
7699,533
7699,926
7700,2
7700,200
7700,217
7700,418
7700,613
7700,906
7701,2
7701,27
7701,154
7701,363
7701,390
7701,418
7701,531
7701,613
7702,348
7702,755
7702,876
7702,944
7703,352
7703,379
7703,613
7703,711
7704,301
7704,583
7704,741
7705,353
7705,645
7705,741
7705,899
7706,25
7706,613
7706,711
7706,814
7707,30
7707,251
7707,554
7707,709
7707,711
7707,875
7707,876
7708,48
7708,155
7708,613
7708,698
7708,814
7708,888
7709,25
7709,48
7709,155
7709,613
7709,814
7709,888
7710,48
7710,757
7710,814
7710,862
7710,888
7711,200
7711,314
7711,379
7711,606
7711,693
7711,779
7711,814
7711,828
7712,124
7712,327
7712,685
7712,741
7713,330
7713,418
7713,531
7713,983
7714,68
7714,385
7714,814
7714,858
7714,928
7715,184
7715,201
7715,293
7715,613
7716,613
7716,711
7717,418
7718,418
7719,18
7719,353
7720,18
7720,353
7721,443
7721,613
7721,814
7722,613
7723,48
7723,814
7723,888
7724,60
7724,546
7724,755
7725,379
7725,814
7725,828
7726,190
7727,613
7727,711
7727,814
7728,30
7728,48
7728,155
7728,227
7728,434
7728,502
7728,613
7728,862
7728,906
7729,2
7729,198
7729,399
7729,418
7729,613
7729,691
7729,921
7729,928
7729,980
7730,613
7730,711
7731,352
7731,379
7731,613
7731,711
7732,2
7732,418
7732,474
7732,533
7732,613
7732,741
7732,906
7733,15
7733,37
7733,72
7733,457
7733,670
7733,858
7733,863
7734,15
7734,37
7734,72
7734,457
7734,670
7734,858
7734,863
7735,15
7735,37
7735,72
7735,457
7735,670
7735,858
7735,863
7736,474
7736,533
7737,60
7737,235
7737,709
7737,776
7737,876
7738,337
7738,575
7738,661
7738,741
7739,60
7739,168
7739,198
7739,245
7739,476
7739,579
7739,618
7739,621
7739,775
7739,928
7740,60
7740,245
7740,438
7740,621
7740,762
7740,862
7740,876
7740,981
7741,48
7741,418
7741,531
7742,337
7742,567
7742,685
7742,687
7743,337
7743,685
7743,687
7744,25
7744,30
7744,227
7744,502
7744,613
7744,862
7744,906
7744,912
7744,981
7745,9
7745,60
7745,163
7745,721
7746,72
7746,106
7746,182
7746,418
7746,670
7746,863
7747,418
7748,36
7748,327
7748,741
7749,36
7749,327
7749,741
7750,36
7750,220
7750,327
7750,380
7750,645
7751,36
7751,337
7751,567
7752,36
7752,337
7752,562
7753,77
7753,82
7753,144
7753,525
7753,862
7754,30
7754,88
7754,227
7754,375
7754,525
7754,775
7754,862
7755,124
7755,146
7755,337
7755,567
7756,60
7756,415
7757,156
7757,531
7757,613
7757,711
7757,814
7758,2
7758,156
7758,418
7758,613
7758,711
7759,531
7759,604
7759,613
7759,619
7759,711
7759,921
7760,108
7760,232
7760,379
7760,619
7760,711
7760,814
7760,828
7760,931
7761,337
7761,567
7761,661
7761,685
7761,708
7762,87
7763,6
7763,150
7763,337
7763,567
7764,2
7764,55
7764,182
7764,418
7764,613
7764,887
7764,983
7765,77
7765,144
7765,711
7765,757
7765,775
7765,814
7765,862
7766,474
7766,533
7767,474
7767,533
7768,328
7768,503
7768,521
7769,2
7769,200
7769,217
7769,418
7769,613
7769,906
7770,87
7770,236
7770,360
7770,474
7770,533
7771,48
7771,210
7771,466
7771,814
7771,817
7771,888
7772,36
7772,474
7772,533
7773,128
7773,293
7773,352
7773,379
7773,613
7774,83
7774,379
7774,531
7774,606
7774,814
7774,828
7774,962
7775,60
7775,235
7775,475
7775,546
7775,762
7775,862
7776,98
7776,503
7776,533
7776,920
7777,72
7777,98
7777,418
7777,670
7778,140
7778,370
7778,503
7778,577
7779,68
7779,814
7780,814
7781,88
7781,128
7781,210
7781,606
7781,775
7781,814
7781,817
7781,928
7782,60
7782,163
7782,569
7782,661
7782,755
7783,73
7783,337
7783,687
7784,48
7784,88
7784,210
7784,466
7784,814
7784,888
7785,48
7785,88
7785,314
7785,693
7785,814
7785,888
7786,48
7786,693
7786,814
7786,888
7787,48
7787,77
7787,118
7787,144
7787,185
7787,387
7787,531
7787,862
7788,503
7788,533
7788,780
7788,863
7788,899
7789,198
7789,209
7789,476
7789,579
7789,580
7789,670
7789,928
7790,190
7791,352
7791,379
7791,613
7791,711
7792,474
7792,533
7792,741
7793,352
7793,379
7793,613
7793,711
7794,60
7794,207
7794,294
7794,755
7795,352
7795,379
7795,613
7795,711
7795,814
7795,828
7796,532
7796,613
7796,711
7796,784
7797,37
7797,106
7797,453
7797,503
7797,780
7797,827
7797,899
7798,77
7798,144
7798,757
7798,814
7798,862
7798,981
7799,2
7799,156
7799,418
7799,613
7799,711
7800,2
7800,418
7800,613
7800,711
7800,807
7800,858
7800,949
7801,124
7801,171
7801,327
7801,337
7801,464
7801,562
7801,685
7801,741
7801,777
7802,360
7802,418
7802,949
7803,6
7803,337
7803,393
7803,521
7803,567
7803,575
7803,661
7803,717
7804,128
7804,156
7804,293
7804,352
7804,379
7804,613
7805,77
7806,184
7806,613
7807,77
7807,144
7807,862
7808,77
7808,814
7809,77
7810,294
7810,613
7810,691
7811,6
7811,36
7811,49
7811,327
7811,464
7811,741
7812,291
7812,327
7812,464
7812,687
7812,741
7813,613
7813,756
7813,814
7813,887
7814,613
7814,670
7815,21
7815,76
7815,77
7815,243
7815,246
7815,262
7815,786
7816,360
7816,418
7817,37
7817,503
7817,780
7818,48
7818,693
7818,814
7818,888
7819,418
7819,531
7819,887
7819,983
7820,60
7820,670
7821,135
7821,359
7821,613
7822,37
7822,72
7822,372
7822,858
7822,928
7823,200
7823,293
7823,426
7823,613
7823,626
7823,630
7823,807
7823,858
7823,928
7824,17
7824,200
7824,293
7824,426
7824,613
7824,626
7824,807
7824,858
7824,928
7825,435
7825,814
7826,48
7826,155
7826,243
7826,400
7826,613
7826,626
7826,655
7826,807
7826,858
7826,928
7827,324
7827,447
7827,613
7827,887
7828,124
7828,327
7828,464
7828,741
7829,77
7829,144
7829,757
7829,814
7829,862
7830,814
7831,814
7832,77
7832,144
7832,757
7832,814
7832,862
7832,981
7833,156
7833,613
7833,814
7834,60
7834,163
7834,186
7834,438
7834,521
7834,762
7835,502
7835,613
7835,649
7835,862
7836,30
7836,135
7836,227
7836,359
7836,502
7836,613
7836,862
7836,906
7836,981
7837,135
7837,352
7837,359
7837,379
7837,531
7837,613
7837,715
7837,814
7837,828
7837,864
7838,30
7838,227
7838,862
7838,912
7839,418
7839,853
7839,881
7840,418
7840,435
7841,418
7841,853
7841,881
7842,396
7842,613
7843,531
7843,613
7843,670
7844,396
7844,814
7845,30
7845,227
7845,887
7845,912
7846,128
7846,156
7846,293
7846,613
7847,55
7847,72
7847,325
7847,418
7847,670
7847,949
7848,128
7848,293
7848,352
7848,379
7848,613
7849,68
7849,200
7849,293
7849,352
7849,379
7849,606
7849,613
7849,693
7849,700
7849,779
7849,814
7849,828
7850,291
7850,337
7850,687
7851,48
7851,155
7851,352
7851,379
7851,613
7852,68
7852,606
7852,814
7853,360
7853,474
7853,533
7854,88
7854,531
7854,701
7854,775
7854,814
7854,887
7854,928
7855,60
7855,438
7855,475
7855,723
7855,762
7855,862
7855,876
7855,944
7856,3
7856,30
7856,379
7856,778
7856,897
7857,25
7857,184
7857,201
7857,364
7857,613
7858,6
7858,60
7858,87
7858,163
7858,251
7858,546
7858,569
7858,709
7858,755
7858,875
7858,960
7859,69
7859,124
7859,337
7859,464
7859,562
7859,685
7859,732
7860,41
7860,284
7860,379
7860,710
7860,732
7861,17
7861,21
7861,77
7861,82
7861,200
7861,243
7862,21
7862,77
7862,82
7862,200
7862,217
7862,243
7863,21
7863,77
7863,82
7863,200
7863,243
7863,779
7864,60
7864,198
7864,476
7864,524
7864,580
7864,701
7864,928
7865,156
7865,184
7865,293
7865,613
7866,337
7866,464
7866,687
7867,73
7867,188
7867,337
7867,687
7867,741
7868,146
7868,291
7868,337
7868,521
7868,567
7868,687
7869,146
7869,291
7869,337
7869,521
7869,567
7869,687
7870,146
7870,337
7870,521
7870,685
7870,687
7871,171
7871,337
7871,687
7871,741
7872,68
7872,200
7872,217
7872,606
7872,814
7873,243
7873,246
7873,736
7874,104
7874,316
7874,352
7874,365
7874,379
7874,613
7875,2
7875,294
7875,418
7875,613
7875,691
7875,921
7876,25
7876,293
7876,352
7876,379
7876,396
7876,606
7876,613
7876,814
7876,828
7877,531
7877,670
7877,814
7878,60
7878,251
7878,525
7878,751
7879,217
7879,418
7880,112
7880,613
7880,621
7880,650
7881,379
7881,621
7881,660
7881,814
7881,823
7881,828
7882,37
7882,319
7882,503
7882,780
7882,899
7883,72
7883,319
7883,577
7883,670
7883,710
7884,15
7884,37
7884,72
7884,319
7884,423
7884,457
7884,670
7884,803
7884,858
7884,863
7885,37
7885,72
7885,177
7885,243
7885,457
7885,511
7885,670
7885,858
7885,863
7886,60
7886,392
7887,217
7887,418
7887,983
7888,3
7888,551
7888,613
7888,710
7888,814
7888,855
7889,217
7889,418
7890,217
7890,418
7891,197
7891,217
7891,418
7892,72
7892,98
7892,418
7892,670
7893,15
7893,243
7893,280
7893,457
7893,750
7893,844
7893,858
7893,912
7894,337
7894,353
7894,464
7894,562
7895,30
7895,457
7895,531
7895,554
7895,807
7895,853
7895,858
7895,881
7896,25
7896,293
7896,613
7896,944
7897,3
7897,25
7897,77
7897,243
7897,247
7897,400
7897,613
7897,688
7897,855
7898,474
7898,533
7898,741
7898,983
7899,135
7899,359
7899,613
7900,698
7900,756
7900,814
7900,944
7901,60
7901,245
7901,476
7901,775
7901,928
7901,944
7902,23
7902,177
7902,319
7902,328
7902,464
7902,503
7903,37
7903,140
7903,171
7903,319
7903,503
7904,87
7904,474
7904,533
7904,958
7905,60
7905,326
7905,572
7905,784
7906,360
7906,533
7907,341
7907,741
7908,48
7908,155
7908,352
7908,379
7908,613
7909,2
7909,72
7909,418
7909,670
7910,2
7910,72
7910,418
7910,670
7911,2
7911,72
7911,418
7911,670
7912,2
7912,72
7912,418
7912,670
7913,2
7913,72
7913,418
7913,670
7914,36
7914,289
7914,741
7915,37
7915,177
7915,319
7915,503
7915,780
7916,360
7916,418
7916,435
7917,36
7917,171
7917,337
7917,464
7917,562
7917,645
7918,2
7918,182
7918,200
7918,217
7918,418
7918,613
7918,906
7919,36
7919,337
7919,464
7919,562
7919,817
7919,960
7920,36
7920,327
7920,337
7920,464
7920,562
7920,741
7921,156
7921,387
7921,502
7921,525
7921,613
7921,862
7922,19
7922,186
7922,337
7922,685
7923,337
7923,464
7923,562
7923,564
7923,661
7923,717
7923,782
7923,817
7923,960
7924,30
7924,37
7924,72
7924,199
7924,287
7924,372
7924,457
7924,545
7924,670
7924,858
7924,863
7925,587
7925,814
7926,156
7926,293
7926,502
7926,587
7926,606
7926,613
7926,757
7926,814
7926,862
7927,21
7927,77
7927,82
7927,387
7927,587
7928,418
7928,531
7928,887
7929,200
7929,217
7929,418
7929,949
7930,200
7930,217
7930,418
7930,949
7931,200
7931,217
7931,418
7931,949
7932,200
7932,217
7932,418
7932,949
7933,418
7933,435
7933,983
7934,2
7934,418
7934,531
7934,613
7934,887
7934,983
7935,314
7935,435
7935,775
7935,814
7936,60
7936,163
7936,751
7936,755
7936,835
7937,710
7937,814
7938,60
7938,150
7938,163
7938,245
7938,521
7938,762
7939,337
7939,738
7940,60
7940,755
7941,64
7941,88
7941,210
7941,340
7941,446
7941,531
7941,775
7941,814
7941,817
7942,474
7942,533
7942,835
7943,88
7943,108
7943,379
7943,606
7943,756
7943,775
7943,814
7943,817
7943,828
7943,923
7943,944
7943,985
7944,236
7944,533
7944,920
7945,48
7945,210
7945,466
7945,531
7945,814
7945,888
7946,474
7946,533
7947,587
7947,757
7947,814
7947,862
7948,587
7948,693
7948,814
7949,587
7949,613
7950,293
7950,587
7950,613
7951,2
7951,293
7951,418
7951,587
7951,606
7951,613
7951,814
7952,156
7952,184
7952,201
7952,613
7953,474
7953,533
7953,766
7953,988
7954,6
7954,453
7954,533
7954,741
7955,236
7955,294
7955,360
7955,418
7956,60
7956,234
7956,235
7956,245
7956,775
7956,876
7957,88
7957,256
7957,297
7957,405
7957,775
7957,784
7957,814
7958,337
7958,766
7958,988
7959,352
7959,379
7959,613
7959,670
7960,218
7960,474
7960,533
7960,685
7960,733
7960,988
7961,140
7961,503
7961,577
7961,663
7962,48
7962,60
7962,209
7962,245
7962,476
7962,775
7962,928
7963,48
7963,297
7963,784
7963,814
7963,888
7964,72
7964,418
7964,670
7964,803
7965,60
7965,245
7965,476
7965,755
7965,775
7965,928
7966,104
7966,184
7966,364
7966,613
7967,225
7967,292
7967,464
7967,759
7967,840
7967,877
7968,9
7968,163
7968,225
7968,344
7968,706
7968,751
7968,755
7968,780
7969,324
7969,532
7969,613
7969,626
7969,784
7969,928
7970,36
7970,327
7970,337
7970,464
7970,562
7970,741
7971,184
7971,613
7972,340
7972,613
7973,184
7973,293
7973,613
7974,184
7974,613
7975,184
7975,613
7976,184
7976,613
7977,184
7977,613
7978,184
7978,613
7979,184
7979,613
7980,418
7980,531
7981,217
7981,418
7982,337
7982,353
7982,464
7982,562
7982,685
7983,217
7983,418
7984,200
7984,217
7984,418
7985,200
7985,217
7985,418
7986,200
7986,217
7986,418
7987,225
7987,292
7987,415
7987,751
7987,759
7987,840
7987,877
7988,87
7988,474
7988,533
7988,958
7989,87
7989,474
7989,533
7989,958
7990,200
7990,217
7990,418
7991,200
7991,217
7991,418
7992,156
7992,293
7992,587
7992,613
7993,171
7993,337
7993,777
7993,835
7993,951
7994,337
7994,835
7995,327
7995,337
7995,464
7995,562
7995,741
7995,835
7996,337
7996,464
7996,562
7996,835
7997,337
7997,835
7998,337
7998,464
7998,562
7998,835
7999,471
7999,741
7999,835
8000,337
8000,464
8000,562
8000,835
8001,187
8001,337
8002,187
8002,337
8002,741
8003,60
8003,340
8003,754
8003,762
8003,862
8003,876
8004,306
8004,418
8004,531
8004,961
8004,983
8005,156
8005,293
8005,475
8005,502
8005,587
8005,613
8005,862
8006,60
8006,163
8006,751
8006,755
8006,835
8007,415
8007,751
8007,835
8007,877
8008,6
8008,18
8008,353
8008,464
8008,521
8009,18
8009,171
8009,337
8009,353
8009,645
8009,741
8010,18
8010,69
8010,171
8010,337
8010,353
8010,645
8010,741
8011,60
8011,340
8011,754
8011,755
8011,762
8011,862
8011,876
8012,21
8012,77
8012,144
8012,293
8012,502
8012,587
8012,613
8012,862
8013,156
8013,587
8013,613
8014,2
8014,200
8014,217
8014,418
8014,613
8014,906
8015,474
8015,533
8016,30
8016,227
8016,587
8016,606
8016,626
8016,757
8016,791
8016,814
8016,854
8016,862
8016,928
8016,981
8017,156
8017,587
8017,613
8017,626
8017,928
8018,60
8018,415
8018,531
8018,709
8018,755
8019,37
8019,106
8019,140
8019,171
8019,325
8019,503
8019,780
8019,863
8019,899
8020,87
8020,474
8020,533
8020,741
8020,958
8021,7
8021,52
8021,87
8021,741
8022,474
8022,533
8022,794
8023,3
8023,25
8023,613
8024,72
8024,140
8024,319
8024,441
8024,663
8024,670
8024,710
8025,225
8025,292
8025,415
8025,464
8025,751
8025,759
8025,840
8025,877
8026,60
8026,148
8026,245
8026,272
8026,326
8026,405
8026,627
8026,775
8027,73
8027,337
8027,687
8027,741
8028,124
8028,741
8029,124
8029,327
8029,464
8029,741
8030,124
8030,337
8031,6
8031,36
8031,337
8031,521
8031,567
8032,3
8032,243
8032,246
8032,247
8033,60
8033,163
8033,207
8033,487
8033,521
8033,762
8033,829
8034,124
8034,327
8034,464
8034,685
8034,741
8035,69
8035,124
8035,337
8035,464
8035,562
8035,732
8036,69
8036,124
8036,337
8036,464
8036,562
8036,732
8037,124
8037,327
8037,464
8037,741
8038,69
8038,124
8038,464
8038,732
8039,124
8039,337
8039,464
8039,562
8040,187
8040,337
8041,187
8041,337
8042,187
8042,337
8043,72
8043,106
8043,418
8043,670
8043,863
8044,187
8044,337
8045,187
8045,337
8045,782
8045,817
8045,960
8046,6
8046,187
8046,337
8046,521
8046,567
8046,892
8047,187
8047,337
8047,471
8047,645
8047,685
8047,741
8047,892
8048,225
8048,292
8048,415
8048,751
8048,759
8048,840
8048,877
8049,49
8049,146
8049,187
8049,337
8049,892
8050,3
8050,243
8050,247
8050,400
8050,613
8050,855
8050,870
8051,3
8051,352
8051,379
8051,613
8051,855
8052,187
8052,337
8052,782
8052,892
8053,187
8053,337
8054,33
8054,315
8054,337
8054,453
8054,533
8054,658
8054,814
8054,983
8055,124
8055,220
8055,327
8055,337
8055,464
8055,562
8056,124
8056,337
8056,464
8056,562
8056,741
8057,156
8057,166
8057,613
8058,88
8058,200
8058,606
8058,814
8058,815
8059,60
8059,207
8059,256
8059,294
8059,755
8059,876
8060,18
8060,295
8060,337
8060,353
8060,464
8060,562
8061,32
8061,236
8061,533
8061,780
8061,920
8061,983
8062,184
8062,447
8062,613
8062,964
8063,18
8063,295
8063,337
8063,353
8063,464
8063,562
8063,774
8064,186
8064,774
8064,877
8065,25
8065,184
8065,201
8065,318
8065,613
8065,834
8065,964
8066,25
8066,184
8066,201
8066,613
8066,964
8067,25
8067,184
8067,186
8067,201
8067,613
8067,741
8067,774
8067,964
8068,345
8068,604
8068,613
8068,619
8068,814
8068,931
8069,30
8069,166
8069,191
8069,653
8069,881
8070,146
8070,171
8070,295
8070,301
8070,464
8070,583
8070,774
8070,777
8071,32
8071,98
8071,244
8071,484
8072,337
8072,353
8072,521
8072,567
8072,774
8073,18
8073,295
8073,337
8073,353
8073,464
8073,562
8073,774
8074,181
8074,184
8074,225
8074,344
8074,552
8074,780
8075,68
8075,200
8075,217
8075,379
8075,557
8075,606
8075,609
8075,642
8075,700
8075,718
8075,814
8075,828
8075,901
8075,904
8076,32
8076,72
8076,98
8076,140
8076,366
8076,418
8076,670
8077,32
8077,72
8077,98
8077,140
8077,366
8077,418
8077,670
8078,32
8078,72
8078,98
8078,140
8078,366
8078,418
8078,670
8079,32
8079,72
8079,98
8079,140
8079,366
8079,418
8079,670
8080,32
8080,72
8080,98
8080,140
8080,366
8080,418
8080,441
8080,484
8080,670
8081,27
8081,306
8081,363
8081,390
8081,418
8081,613
8081,843
8081,961
8082,330
8082,474
8082,484
8082,533
8082,741
8082,765
8082,774
8082,827
8082,848
8082,983
8083,60
8083,163
8083,658
8083,762
8083,774
8084,330
8084,360
8084,474
8084,484
8084,487
8084,533
8084,661
8084,765
8084,774
8084,848
8084,983
8085,295
8085,330
8085,386
8085,474
8085,484
8085,533
8085,741
8085,765
8085,774
8086,87
8086,180
8086,474
8086,533
8086,741
8086,774
8086,872
8087,87
8087,330
8087,474
8087,533
8087,741
8087,774
8087,872
8088,124
8088,337
8088,464
8088,774
8089,124
8089,255
8089,337
8089,464
8089,562
8089,774
8090,69
8090,124
8090,464
8090,685
8090,774
8091,32
8091,72
8091,106
8091,140
8091,195
8091,244
8091,319
8091,336
8091,366
8091,577
8091,627
8091,663
8091,670
8091,880
8092,32
8092,72
8092,106
8092,140
8092,195
8092,244
8092,319
8092,336
8092,366
8092,577
8092,627
8092,663
8092,670
8092,880
8093,32
8093,140
8093,503
8093,663
8093,735
8093,780
8094,32
8094,72
8094,98
8094,140
8094,195
8094,244
8094,366
8094,418
8094,437
8094,670
8094,803
8094,863
8095,30
8095,156
8095,366
8095,613
8095,670
8095,732
8095,906
8095,911
8095,965
8096,30
8096,156
8096,366
8096,613
8096,670
8096,732
8096,906
8096,911
8096,965
8097,60
8097,163
8097,207
8097,245
8097,438
8097,487
8097,762
8097,774
8097,829
8098,36
8098,178
8098,471
8098,741
8098,774
8099,156
8099,293
8099,352
8099,379
8099,613
8099,718
8099,869
8099,871
8100,352
8100,379
8100,613
8100,718
8100,869
8101,36
8101,295
8101,337
8101,567
8101,774
8101,782
8102,32
8102,37
8102,503
8102,780
8102,803
8102,863
8102,979
8103,295
8103,337
8103,583
8103,774
8103,782
8104,60
8104,476
8104,755
8104,928
8105,108
8105,670
8105,729
8105,814
8105,901
8106,32
8106,98
8106,503
8106,533
8106,780
8106,827
8106,920
8107,32
8107,328
8107,503
8107,780
8108,60
8108,163
8108,245
8108,272
8108,326
8108,708
8108,719
8108,774
8109,435
8109,610
8109,814
8110,36
8110,61
8110,93
8110,178
8110,283
8110,295
8110,301
8110,327
8110,485
8110,645
8110,665
8110,741
8110,971
8111,1
8111,68
8111,435
8111,523
8111,613
8112,38
8112,127
8112,387
8112,435
8112,539
8112,610
8112,757
8112,814
8113,30
8113,435
8113,943
8114,108
8114,232
8114,379
8114,435
8114,547
8114,610
8114,814
8114,828
8115,38
8115,127
8115,435
8115,523
8115,602
8115,613
8116,38
8116,435
8116,523
8116,602
8116,613
8117,30
8117,227
8117,435
8117,523
8117,613
8117,906
8117,943
8118,435
8118,523
8118,613
8119,184
8119,447
8119,613
8119,964
8120,60
8120,371
8120,546
8120,684
8120,718
8120,755
8121,60
8121,207
8121,755
8121,980
8122,337
8122,521
8122,567
8122,774
8122,812
8122,934
8123,474
8123,533
8123,774
8124,68
8124,294
8124,606
8124,642
8124,756
8124,814
8124,923
8124,963
8125,294
8125,352
8125,379
8125,613
8125,691
8126,16
8126,184
8126,613
8126,964
8127,292
8127,415
8127,565
8127,658
8127,759
8127,774
8127,877
8128,360
8128,474
8128,533
8128,774
8128,928
8129,295
8129,303
8129,337
8129,464
8129,562
8129,774
8130,32
8130,37
8130,342
8130,863
8131,32
8131,37
8132,32
8132,37
8132,863
8133,295
8133,303
8133,327
8133,337
8133,464
8133,562
8133,741
8133,774
8134,60
8134,163
8134,236
8134,533
8134,569
8134,709
8134,774
8134,875
8134,983
8135,243
8135,246
8135,670
8135,809
8135,870
8136,6
8136,146
8136,337
8136,393
8136,508
8136,567
8136,661
8136,666
8136,717
8136,774
8137,337
8137,774
8138,156
8138,166
8138,293
8138,352
8138,379
8138,613
8138,881
8139,220
8139,289
8139,552
8139,780
8139,837
8139,934
8139,986
8140,188
8140,518
8140,552
8140,780
8141,780
8141,986
8142,1
8142,68
8142,259
8142,293
8142,336
8142,613
8142,628
8142,668
8142,718
8142,869
8143,60
8143,198
8143,245
8143,476
8143,520
8143,580
8143,718
8143,928
8143,944
8144,184
8144,293
8144,613
8144,964
8145,16
8145,396
8145,613
8146,3
8146,25
8146,59
8146,156
8146,243
8146,246
8146,250
8146,293
8146,324
8146,400
8146,613
8146,756
8146,855
8147,30
8147,166
8147,653
8147,791
8147,881
8147,897
8148,60
8148,71
8148,163
8148,272
8148,326
8148,575
8148,661
8148,665
8148,723
8148,755
8148,774
8148,841
8148,976
8149,32
8149,62
8149,72
8149,98
8149,195
8149,418
8149,437
8149,522
8149,670
8149,983
8150,32
8150,62
8150,72
8150,98
8150,195
8150,418
8150,437
8150,522
8150,670
8150,983
8151,60
8151,163
8151,415
8151,774
8151,857
8152,109
8152,197
8152,379
8152,626
8152,928
8152,968
8153,30
8153,109
8153,197
8153,210
8153,379
8153,606
8153,791
8153,814
8153,828
8153,968
8154,156
8154,200
8154,217
8154,293
8154,426
8154,613
8154,716
8154,739
8154,805
8154,858
8154,904
8154,928
8155,21
8155,38
8155,77
8155,82
8155,142
8155,144
8155,200
8155,217
8155,249
8155,387
8155,606
8155,609
8155,757
8155,814
8155,862
8155,901
8155,904
8155,941
8156,38
8156,142
8156,200
8156,217
8156,606
8156,739
8156,814
8156,904
8156,928
8156,941
8157,2
8157,38
8157,55
8157,90
8157,114
8157,142
8157,195
8157,200
8157,217
8157,293
8157,418
8157,606
8157,613
8157,693
8157,716
8157,814
8158,38
8158,109
8158,131
8158,142
8158,200
8158,217
8158,379
8158,606
8158,693
8158,720
8158,757
8158,814
8158,828
8158,862
8158,941
8159,109
8159,197
8159,379
8159,557
8159,606
8159,609
8159,632
8159,693
8159,814
8159,828
8159,901
8159,968
8160,60
8160,207
8160,235
8160,272
8160,326
8160,405
8160,784
8160,980
8161,30
8161,166
8161,718
8161,791
8161,881
8161,897
8162,21
8162,77
8162,243
8162,246
8162,262
8162,347
8162,718
8163,69
8163,146
8163,295
8163,337
8163,774
8163,780
8163,899
8164,77
8164,82
8164,144
8164,525
8164,609
8164,862
8165,60
8165,163
8165,272
8165,326
8165,575
8165,661
8165,774
8166,352
8166,379
8166,613
8167,32
8167,37
8167,62
8167,503
8167,578
8167,774
8167,780
8167,803
8168,32
8168,503
8168,578
8168,774
8168,780
8169,32
8169,98
8169,503
8169,533
8169,780
8169,920
8170,156
8170,613
8170,670
8170,729
8170,814
8170,911
8171,32
8171,62
8171,106
8171,319
8171,503
8171,780
8171,827
8171,899
8172,32
8172,37
8172,62
8172,72
8172,319
8172,457
8172,480
8172,670
8172,718
8172,858
8172,906
8173,30
8173,379
8173,426
8173,457
8173,530
8173,557
8173,609
8173,653
8173,718
8173,791
8173,807
8173,858
8173,881
8173,897
8174,200
8174,243
8174,293
8174,400
8174,613
8174,630
8174,718
8175,12
8175,197
8175,379
8175,606
8175,718
8175,814
8175,828
8176,153
8176,474
8176,533
8176,774
8177,12
8177,197
8177,293
8177,426
8177,606
8177,613
8177,693
8177,718
8177,807
8177,814
8177,858
8178,60
8178,186
8178,326
8178,774
8179,12
8179,197
8179,606
8179,693
8179,718
8179,814
8180,12
8180,197
8180,606
8180,693
8180,718
8180,814
8181,110
8181,270
8181,379
8181,606
8181,626
8181,718
8181,814
8181,828
8181,928
8182,68
8182,161
8182,606
8182,642
8182,693
8182,718
8182,814
8182,869
8183,30
8183,426
8183,457
8183,530
8183,609
8183,656
8183,718
8183,791
8183,807
8183,858
8183,881
8183,897
8184,68
8184,77
8184,144
8184,219
8184,862
8185,12
8185,197
8185,243
8185,535
8185,718
8186,12
8186,197
8186,293
8186,297
8186,532
8186,606
8186,613
8186,627
8186,693
8186,704
8186,718
8186,814
8187,30
8187,227
8187,530
8187,606
8187,718
8187,757
8187,791
8187,814
8187,862
8187,881
8187,897
8187,981
8188,25
8188,293
8188,352
8188,379
8188,530
8188,606
8188,613
8188,718
8188,814
8188,828
8188,881
8189,30
8189,293
8189,426
8189,457
8189,530
8189,554
8189,609
8189,613
8189,653
8189,718
8189,791
8189,807
8189,858
8189,881
8189,897
8189,906
8190,77
8190,144
8190,530
8190,718
8190,757
8190,814
8190,862
8190,881
8190,981
8191,25
8191,293
8191,352
8191,379
8191,530
8191,606
8191,613
8191,718
8191,814
8191,828
8191,881
8192,30
8192,293
8192,426
8192,457
8192,530
8192,554
8192,609
8192,613
8192,653
8192,718
8192,791
8192,807
8192,858
8192,881
8192,897
8192,906
8193,780
8193,986
8194,243
8194,246
8194,444
8194,693
8194,718
8194,821
8194,889
8195,3
8195,141
8195,156
8195,293
8195,613
8195,718
8195,889
8195,962
8196,25
8196,324
8196,502
8196,525
8196,613
8196,862
8197,77
8197,82
8197,135
8197,718
8197,814
8198,25
8198,156
8198,392
8198,613
8199,471
8199,573
8199,741
8199,774
8200,16
8200,243
8200,250
8200,293
8200,396
8200,400
8200,613
8200,718
8201,573
8201,741
8201,774
8202,135
8202,352
8202,359
8202,379
8202,613
8202,715
8203,184
8203,201
8203,293
8203,613
8203,964
8204,133
8204,474
8204,533
8204,741
8204,774
8205,30
8205,385
8205,457
8205,498
8205,750
8205,805
8205,814
8205,858
8205,912
8206,53
8206,337
8206,741
8206,774
8207,60
8207,790
8208,6
8208,146
8208,295
8208,521
8208,774
8208,780
8208,899
8209,135
8209,359
8209,531
8209,613
8210,135
8210,359
8210,613
8211,135
8211,359
8211,531
8211,613
8211,814
8211,864
8211,901
8212,77
8212,135
8212,243
8212,300
8212,883
8213,131
8213,352
8213,379
8213,613
8213,921
8214,613
8214,693
8214,814
8215,243
8215,250
8215,444
8215,893
8216,3
8216,141
8216,156
8216,293
8216,613
8216,962
8217,59
8217,290
8217,293
8217,444
8217,613
8217,718
8217,756
8217,889
8218,59
8218,293
8218,444
8218,532
8218,613
8218,627
8218,718
8218,756
8218,889
8219,30
8219,444
8219,606
8219,718
8219,791
8219,814
8219,897
8220,3
8220,25
8220,59
8220,156
8220,243
8220,246
8220,250
8220,293
8220,324
8220,400
8220,613
8220,756
8220,855
8221,60
8221,195
8221,709
8221,875
8222,200
8222,217
8222,606
8222,718
8222,814
8222,904
8223,21
8223,77
8223,82
8223,144
8223,242
8223,387
8223,609
8223,862
8224,135
8224,359
8224,613
8225,135
8225,352
8225,359
8225,379
8225,613
8225,715
8226,30
8226,227
8226,248
8226,530
8226,606
8226,757
8226,791
8226,814
8226,862
8226,881
8226,897
8226,981
8227,30
8227,191
8227,227
8227,231
8227,426
8227,457
8227,530
8227,653
8227,791
8227,819
8227,858
8227,862
8227,881
8227,897
8227,932
8228,30
8228,191
8228,248
8228,530
8228,606
8228,653
8228,791
8228,814
8228,817
8228,881
8228,897
8229,30
8229,191
8229,530
8229,653
8229,791
8229,881
8229,897
8230,60
8230,243
8230,246
8230,826
8231,30
8231,32
8231,57
8231,62
8231,72
8231,213
8231,366
8231,457
8231,670
8231,858
8231,965
8232,30
8232,32
8232,40
8232,57
8232,62
8232,72
8232,213
8232,227
8232,366
8232,457
8232,670
8232,858
8232,965
8233,30
8233,32
8233,57
8233,62
8233,72
8233,213
8233,366
8233,457
8233,670
8233,858
8233,965
8234,30
8234,32
8234,38
8234,57
8234,62
8234,72
8234,113
8234,213
8234,366
8234,457
8234,670
8234,858
8234,965
8235,30
8235,32
8235,57
8235,62
8235,72
8235,213
8235,366
8235,457
8235,670
8235,858
8235,965
8236,30
8236,32
8236,38
8236,57
8236,62
8236,72
8236,113
8236,213
8236,366
8236,457
8236,670
8236,858
8236,965
8237,30
8237,32
8237,57
8237,62
8237,72
8237,213
8237,366
8237,457
8237,670
8237,858
8237,965
8238,30
8238,32
8238,57
8238,62
8238,72
8238,213
8238,366
8238,457
8238,670
8238,858
8238,965
8239,30
8239,32
8239,57
8239,62
8239,72
8239,213
8239,366
8239,457
8239,670
8239,858
8239,965
8240,30
8240,32
8240,57
8240,62
8240,72
8240,213
8240,366
8240,457
8240,670
8240,858
8240,965
8241,30
8241,32
8241,57
8241,62
8241,72
8241,213
8241,366
8241,457
8241,670
8241,858
8241,965
8242,30
8242,457
8242,525
8242,750
8242,752
8242,858
8242,912
8243,135
8243,359
8243,613
8243,814
8243,864
8244,135
8244,531
8244,698
8244,814
8244,864
8244,901
8245,613
8246,68
8246,240
8246,379
8246,385
8246,426
8246,606
8246,642
8246,700
8246,718
8246,814
8246,828
8246,858
8246,918
8247,38
8247,135
8247,167
8247,531
8247,814
8247,864
8247,901
8248,135
8248,359
8248,613
8249,135
8249,359
8249,613
8250,135
8250,359
8250,613
8251,2
8251,45
8251,55
8251,182
8251,195
8251,418
8251,437
8251,525
8251,613
8251,983
8252,67
8252,324
8252,613
8253,295
8253,337
8253,741
8253,774
8253,780
8254,60
8254,251
8254,751
8254,755
8254,774
8255,6
8255,133
8255,171
8255,186
8255,741
8255,774
8255,951
8256,30
8256,457
8256,525
8256,656
8256,807
8256,858
8256,912
8257,38
8257,139
8257,274
8257,525
8257,531
8257,613
8257,814
8258,15
8258,30
8258,38
8258,139
8258,158
8258,457
8258,525
8258,576
8258,805
8258,858
8259,15
8259,30
8259,38
8259,139
8259,158
8259,243
8259,372
8259,457
8259,525
8259,576
8259,750
8259,760
8259,805
8259,858
8259,878
8259,912
8260,15
8260,30
8260,243
8260,280
8260,372
8260,457
8260,525
8260,750
8260,805
8260,858
8260,912
8261,16
8261,30
8261,227
8261,293
8261,396
8261,502
8261,613
8261,656
8261,718
8261,791
8261,862
8261,906
8261,912
8262,32
8262,146
8262,186
8262,260
8262,283
8262,325
8262,413
8262,503
8262,665
8262,780
8262,863
8262,979
8263,36
8263,61
8263,295
8263,485
8263,665
8264,30
8264,243
8264,457
8264,525
8264,805
8264,858
8265,25
8265,293
8265,613
8265,718
8265,944
8266,32
8266,55
8266,72
8266,182
8266,195
8266,418
8266,437
8266,531
8266,578
8266,670
8266,880
8266,949
8267,30
8267,32
8267,57
8267,62
8267,72
8267,213
8267,457
8267,670
8267,858
8267,965
8268,135
8268,352
8268,359
8268,379
8268,613
8268,715
8269,135
8269,359
8269,613
8270,135
8270,314
8270,379
8270,715
8270,814
8270,828
8270,864
8271,135
8271,359
8271,613
8272,135
8272,352
8272,359
8272,379
8272,613
8272,715
8273,135
8273,352
8273,359
8273,379
8273,613
8273,715
8274,135
8274,359
8274,613
8275,135
8275,352
8275,359
8275,379
8275,613
8275,715
8276,77
8276,144
8276,161
8276,206
8276,869
8276,945
8277,112
8277,135
8277,359
8277,613
8278,32
8278,69
8278,319
8278,453
8278,503
8278,774
8278,780
8278,894
8279,68
8279,160
8279,161
8279,606
8279,642
8279,757
8279,814
8279,862
8279,923
8280,55
8280,114
8280,195
8280,297
8280,392
8280,418
8280,627
8280,718
8280,814
8281,15
8281,30
8281,63
8281,139
8281,227
8281,525
8281,531
8281,576
8281,752
8281,862
8281,912
8282,38
8282,161
8282,606
8282,814
8283,32
8283,503
8283,780
8283,894
8284,69
8284,258
8284,337
8284,353
8284,464
8284,562
8284,774
8285,30
8285,457
8285,750
8285,858
8285,912
8286,25
8286,112
8286,184
8286,613
8286,964
8287,133
8287,159
8287,453
8287,474
8287,533
8287,685
8287,741
8287,774
8288,68
8288,243
8288,870
8289,141
8289,290
8289,408
8289,489
8289,609
8289,693
8289,814
8289,901
8290,38
8290,182
8290,195
8290,418
8290,437
8290,944
8291,156
8291,324
8291,613
8292,135
8292,757
8292,814
8292,862
8292,864
8292,981
8293,471
8293,533
8293,741
8293,774
8294,135
8294,359
8294,613
8295,32
8295,57
8295,62
8295,177
8295,503
8295,780
8296,30
8296,525
8296,609
8296,912
8297,263
8297,533
8297,665
8298,36
8298,131
8298,337
8298,464
8298,562
8298,774
8298,817
8298,960
8299,18
8299,69
8299,171
8299,337
8299,353
8299,685
8299,774
8299,951
8300,135
8300,352
8300,359
8300,379
8300,613
8300,715
8301,77
8301,135
8301,144
8301,300
8301,757
8301,814
8301,862
8301,864
8301,981
8302,135
8302,359
8302,613
8303,184
8303,293
8303,613
8303,964
8304,45
8304,55
8304,114
8304,182
8304,195
8304,418
8304,437
8304,609
8304,814
8304,901
8304,983
8305,25
8305,290
8305,297
8305,489
8305,532
8305,613
8305,627
8305,707
8305,814
8306,814
8306,817
8306,830
8306,944
8307,30
8307,554
8307,613
8307,814
8308,471
8308,741
8308,774
8309,146
8309,337
8309,521
8309,567
8309,774
8310,135
8310,352
8310,359
8310,379
8310,613
8310,715
8311,195
8311,360
8311,418
8311,437
8311,718
8311,770
8311,949
8311,983
8312,243
8312,246
8312,718
8313,135
8313,359
8313,613
8314,135
8314,359
8314,613
8315,135
8315,359
8315,613
8316,135
8316,352
8316,359
8316,379
8316,613
8316,715
8317,135
8317,359
8317,613
8318,489
8318,707
8318,781
8318,814
8319,135
8319,359
8319,613
8320,36
8320,61
8320,220
8320,289
8320,295
8320,327
8320,485
8320,562
8320,665
8320,929
8321,135
8321,359
8321,613
8322,53
8322,186
8322,337
8322,567
8322,741
8322,774
8323,135
8323,352
8323,359
8323,379
8323,613
8323,715
8324,195
8324,336
8324,638
8324,814
8325,613
8325,718
8325,814
8326,68
8326,525
8326,609
8326,642
8326,814
8326,901
8327,60
8327,245
8327,272
8327,326
8327,755
8327,784
8328,68
8328,160
8328,232
8328,379
8328,642
8328,700
8328,814
8328,828
8328,923
8329,135
8329,359
8329,613
8329,928
8330,135
8330,359
8330,613
8331,135
8331,352
8331,359
8331,379
8331,613
8331,715
8332,135
8332,352
8332,359
8332,379
8332,613
8332,715
8333,135
8333,359
8333,613
8334,190
8335,189
8335,195
8335,316
8335,418
8335,522
8335,531
8336,2
8336,55
8336,104
8336,293
8336,316
8336,418
8336,613
8336,710
8337,133
8337,474
8337,533
8337,741
8337,774
8337,794
8338,6
8338,493
8338,774
8338,827
8339,32
8339,37
8339,62
8339,177
8339,503
8339,578
8339,774
8339,780
8340,30
8340,32
8340,37
8340,62
8340,72
8340,325
8340,457
8340,656
8340,670
8340,803
8340,858
8341,15
8341,30
8341,38
8341,139
8341,274
8341,525
8341,576
8341,604
8341,613
8341,619
8341,752
8341,760
8341,806
8341,849
8341,906
8341,912
8342,2
8342,55
8342,195
8342,418
8342,525
8342,613
8343,68
8343,290
8343,489
8343,609
8343,642
8343,811
8343,814
8343,887
8343,901
8344,447
8344,613
8344,887
8345,530
8345,609
8345,693
8345,718
8345,814
8345,881
8345,901
8346,12
8346,197
8346,606
8346,693
8346,718
8346,814
8347,60
8347,245
8347,415
8347,530
8348,609
8348,814
8348,853
8348,901
8349,12
8349,68
8349,197
8349,506
8349,606
8349,642
8349,693
8349,814
8350,293
8350,530
8350,613
8350,674
8351,109
8351,197
8351,352
8351,379
8351,606
8351,613
8351,814
8351,828
8351,968
8352,2
8352,182
8352,195
8352,418
8352,437
8352,525
8352,613
8352,983
8353,293
8353,606
8353,613
8353,674
8353,814
8354,12
8354,25
8354,30
8354,197
8354,293
8354,606
8354,613
8354,791
8354,814
8354,906
8355,236
8355,360
8355,418
8355,422
8355,770
8356,60
8356,245
8356,530
8356,718
8356,755
8356,881
8357,60
8357,198
8357,476
8357,555
8357,580
8357,928
8358,195
8358,198
8358,293
8358,336
8358,606
8358,613
8358,718
8358,814
8358,881
8358,928
8358,946
8359,1
8359,25
8359,68
8359,613
8359,642
8359,814
8360,200
8360,217
8360,293
8360,352
8360,379
8360,613
8360,718
8360,904
8361,21
8361,77
8361,109
8361,197
8361,387
8361,606
8361,814
8361,968
8362,60
8362,245
8362,776
8363,12
8363,197
8363,606
8363,609
8363,693
8363,718
8363,814
8364,60
8365,718
8365,814
8365,853
8365,881
8366,1
8366,59
8366,68
8366,160
8366,352
8366,379
8366,613
8366,700
8367,60
8367,195
8367,790
8368,131
8368,379
8368,445
8368,606
8368,814
8368,828
8368,881
8369,12
8369,197
8369,379
8369,606
8369,718
8369,757
8369,814
8369,828
8369,862
8370,12
8370,197
8370,606
8370,814
8371,197
8371,379
8371,606
8371,718
8371,814
8371,828
8371,904
8371,968
8372,77
8372,144
8372,387
8372,530
8372,718
8372,757
8372,814
8372,862
8372,881
8373,68
8373,77
8373,144
8373,219
8373,642
8373,757
8373,814
8373,862
8374,12
8374,21
8374,77
8374,82
8374,197
8374,387
8375,12
8375,197
8375,293
8375,352
8375,379
8375,606
8375,613
8375,718
8375,814
8375,828
8376,474
8376,533
8376,658
8376,685
8376,774
8376,983
8377,2
8377,182
8377,195
8377,418
8377,437
8377,525
8377,613
8377,983
8378,197
8378,293
8378,352
8378,379
8378,606
8378,613
8378,718
8378,814
8378,828
8378,904
8378,968
8379,197
8379,293
8379,352
8379,379
8379,606
8379,613
8379,718
8379,814
8379,828
8379,904
8379,968
8380,25
8380,109
8380,197
8380,293
8380,502
8380,606
8380,613
8380,757
8380,814
8380,862
8380,968
8381,12
8381,197
8381,606
8381,693
8381,718
8381,757
8381,814
8381,862
8382,2
8382,55
8382,114
8382,197
8382,293
8382,315
8382,363
8382,606
8382,613
8382,693
8382,814
8382,968
8383,68
8383,197
8383,606
8383,642
8383,814
8383,968
8384,156
8384,200
8384,293
8384,613
8384,630
8384,921
8385,12
8385,197
8385,606
8385,718
8385,814
8386,49
8386,146
8386,337
8386,521
8386,567
8386,774
8386,925
8387,175
8387,210
8387,502
8387,613
8387,693
8387,757
8387,814
8387,862
8388,613
8388,641
8388,944
8389,60
8389,755
8390,6
8390,69
8390,171
8390,337
8390,567
8390,658
8390,712
8390,764
8390,774
8391,290
8391,304
8391,489
8391,606
8391,609
8391,659
8391,707
8391,757
8391,781
8391,814
8391,830
8391,862
8391,901
8391,944
8392,88
8392,141
8392,294
8392,489
8392,531
8392,606
8392,707
8392,781
8392,814
8392,817
8392,901
8392,962
8392,963
8393,184
8393,201
8393,293
8393,613
8393,964
8394,146
8394,337
8394,521
8394,567
8394,774
8395,190
8396,292
8396,658
8396,759
8396,774
8397,77
8397,82
8397,287
8397,750
8397,858
8398,33
8398,77
8398,82
8398,144
8398,757
8398,814
8398,862
8399,297
8399,405
8399,532
8399,613
8399,627
8399,814
8399,973
8400,1
8400,25
8400,68
8400,401
8400,613
8401,30
8401,426
8401,435
8401,457
8401,554
8401,606
8401,718
8401,791
8401,807
8401,814
8401,858
8401,897
8402,49
8402,146
8402,337
8402,685
8402,774
8402,789
8402,960
8402,970
8403,112
8403,184
8403,613
8403,964
8404,36
8404,69
8404,295
8404,337
8404,774
8404,928
8405,36
8405,295
8405,337
8405,464
8405,562
8405,774
8406,36
8406,69
8406,295
8406,337
8406,774
8406,928
8407,133
8407,134
8407,474
8407,533
8407,652
8407,741
8407,745
8407,774
8407,926
8408,77
8408,117
8408,243
8408,340
8408,387
8408,531
8408,550
8408,862
8409,32
8409,62
8409,106
8409,503
8409,780
8409,899
8410,352
8410,379
8410,613
8411,32
8411,38
8411,57
8411,72
8411,195
8411,198
8411,213
8411,319
8411,325
8411,670
8411,710
8411,858
8411,880
8411,894
8411,928
8412,337
8412,774
8413,68
8413,77
8413,144
8413,219
8413,340
8413,387
8413,718
8414,340
8414,718
8414,877
8414,964
8415,68
8415,88
8415,489
8415,531
8415,634
8415,642
8415,707
8415,718
8415,814
8415,901
8416,186
8416,225
8416,292
8416,596
8416,751
8416,759
8416,774
8416,877
8417,36
8417,295
8417,327
8417,464
8417,741
8417,774
8417,827
8418,379
8418,557
8418,606
8418,609
8418,718
8418,814
8418,828
8418,881
8418,901
8419,162
8419,243
8419,246
8419,525
8419,531
8419,646
8419,655
8420,2
8420,30
8420,55
8420,156
8420,195
8420,418
8420,437
8420,525
8420,613
8420,718
8420,906
8421,36
8421,49
8421,69
8421,337
8421,562
8422,59
8422,184
8422,613
8422,964
8423,36
8423,61
8423,295
8423,327
8423,337
8423,485
8423,562
8423,665
8423,685
8423,741
8423,929
8424,186
8424,337
8424,478
8424,567
8424,685
8424,701
8424,774
8424,789
8425,741
8425,774
8426,158
8426,240
8426,372
8426,385
8426,525
8426,814
8426,858
8427,15
8427,30
8427,33
8427,314
8427,806
8427,814
8427,912
8428,32
8428,72
8428,106
8428,319
8428,336
8428,663
8428,670
8428,718
8428,784
8428,894
8429,32
8429,503
8429,774
8429,894
8430,120
8430,293
8430,462
8430,502
8430,613
8430,718
8430,850
8431,814
8432,352
8432,379
8432,613
8433,68
8433,210
8433,375
8433,392
8433,693
8433,718
8433,757
8433,814
8433,862
8434,447
8434,613
8434,887
8435,109
8435,197
8435,293
8435,352
8435,379
8435,492
8435,606
8435,613
8435,718
8435,814
8435,828
8435,968
8436,112
8436,447
8436,613
8436,887
8437,304
8437,659
8437,757
8437,814
8437,862
8438,60
8438,709
8438,718
8438,869
8439,186
8439,453
8439,471
8439,741
8439,774
8440,78
8440,471
8440,487
8440,741
8440,774
8441,210
8441,290
8441,340
8441,414
8441,489
8441,496
8441,615
8441,703
8441,781
8441,814
8442,38
8442,274
8442,379
8442,446
8442,506
8442,512
8442,525
8442,615
8442,619
8442,705
8442,814
8442,828
8442,931
8442,985
8443,186
8443,471
8443,741
8443,774
8444,184
8444,293
8444,613
8444,964
8445,108
8445,131
8445,232
8445,379
8445,525
8445,814
8445,828
8445,985
8446,1
8446,68
8446,131
8446,290
8446,352
8446,379
8446,392
8446,613
8446,700
8447,474
8447,533
8447,774
8448,186
8448,337
8448,393
8448,567
8448,666
8448,717
8448,774
8449,1
8449,59
8449,68
8449,160
8449,279
8449,336
8449,352
8449,379
8449,492
8449,613
8449,642
8449,700
8449,814
8449,828
8449,923
8450,49
8450,60
8450,146
8450,163
8450,186
8450,438
8450,521
8450,755
8450,762
8450,774
8451,16
8451,293
8451,396
8451,613
8451,718
8452,6
8452,36
8452,295
8452,337
8452,464
8452,562
8452,774
8452,782
8453,30
8453,38
8453,670
8453,732
8453,965
8454,30
8454,68
8454,507
8454,814
8455,615
8455,814
8455,901
8456,77
8456,82
8456,243
8457,14
8457,55
8457,141
8457,195
8457,418
8457,437
8457,525
8457,770
8457,983
8458,1
8458,25
8458,68
8458,525
8458,613
8458,642
8458,814
8459,6
8459,124
8459,295
8459,521
8459,774
8460,30
8460,227
8460,862
8460,891
8460,912
8461,30
8461,243
8461,457
8461,805
8461,844
8461,858
8462,30
8462,137
8462,385
8462,457
8462,554
8462,814
8462,858
8463,352
8463,379
8463,613
8464,278
8464,718
8464,814
8465,474
8465,533
8465,774
8466,88
8466,489
8466,613
8466,698
8466,707
8466,814
8467,175
8467,352
8467,379
8467,613
8468,55
8468,176
8468,182
8468,195
8468,418
8468,525
8468,619
8468,949
8469,337
8469,575
8469,661
8469,717
8469,774
8469,928
8470,60
8470,163
8470,723
8470,755
8470,774
8471,68
8471,642
8471,814
8472,375
8472,501
8472,693
8472,718
8472,786
8472,814
8473,3
8473,21
8473,77
8473,144
8473,336
8473,475
8473,606
8473,757
8473,814
8473,862
8474,60
8474,251
8474,272
8474,326
8474,348
8474,415
8474,684
8474,718
8474,751
8474,755
8474,784
8474,876
8474,887
8475,375
8475,814
8476,186
8476,706
8476,774
8476,877
8477,30
8477,156
8477,227
8477,293
8477,538
8477,613
8477,653
8477,718
8477,791
8477,881
8477,897
8477,906
8478,30
8478,227
8478,538
8478,606
8478,718
8478,757
8478,791
8478,814
8478,881
8478,897
8479,38
8479,293
8479,352
8479,379
8479,435
8479,538
8479,613
8479,718
8479,918
8480,30
8480,156
8480,227
8480,293
8480,488
8480,538
8480,613
8480,653
8480,718
8480,791
8480,881
8480,897
8480,906
8480,912
8481,21
8481,38
8481,77
8481,435
8481,538
8481,606
8481,718
8481,814
8482,379
8482,435
8482,538
8482,606
8482,718
8482,810
8482,814
8482,828
8482,918
8483,77
8483,144
8483,463
8483,757
8483,814
8483,830
8483,862
8483,944
8484,8
8484,243
8484,430
8484,472
8484,932
8485,186
8485,292
8485,741
8485,759
8485,774
8485,964
8486,21
8486,77
8486,606
8486,693
8486,718
8486,814
8486,944
8487,184
8487,201
8487,293
8487,613
8487,964
8488,184
8488,613
8488,964
8489,324
8489,352
8489,379
8489,613
8490,68
8490,642
8490,814
8491,55
8491,195
8491,418
8491,437
8491,522
8491,531
8491,949
8492,30
8492,227
8492,757
8492,814
8492,862
8493,379
8493,525
8493,814
8493,828
8494,184
8494,613
8494,964
8495,68
8495,642
8495,693
8495,814
8496,24
8496,25
8496,293
8496,352
8496,379
8496,613
8496,718
8497,243
8497,638
8497,900
8498,36
8498,61
8498,295
8498,327
8498,485
8498,665
8498,741
8499,36
8499,295
8499,337
8499,741
8499,774
8500,32
8500,37
8500,62
8500,503
8500,680
8500,753
8500,780
8500,979
8501,272
8501,340
8501,704
8501,784
8502,36
8502,295
8502,337
8502,464
8502,562
8502,774
8503,44
8503,60
8503,161
8503,299
8503,718
8503,751
8503,869
8504,36
8504,131
8504,295
8504,327
8504,464
8504,741
8504,774
8504,960
8505,110
8505,270
8505,293
8505,352
8505,379
8505,606
8505,613
8505,814
8505,828
8506,2
8506,55
8506,182
8506,195
8506,363
8506,418
8506,429
8506,613
8506,906
8507,6
8507,36
8507,295
8507,327
8507,337
8507,464
8507,562
8507,741
8507,747
8507,774
8507,817
8507,960
8508,30
8508,109
8508,197
8508,606
8508,693
8508,791
8508,806
8508,814
8508,968
8509,12
8509,156
8509,197
8509,293
8509,502
8509,613
8509,862
8510,184
8510,613
8510,964
8511,112
8511,184
8511,201
8511,293
8511,613
8511,964
8512,1
8512,68
8512,613
8513,284
8513,336
8513,352
8513,363
8513,379
8513,609
8513,613
8514,49
8514,60
8514,163
8514,186
8514,762
8514,774
8514,829
8515,236
8515,533
8515,741
8515,774
8516,447
8516,613
8516,887
8517,49
8517,337
8517,567
8517,658
8517,712
8517,774
8517,789
8518,60
8518,207
8518,294
8518,709
8519,290
8519,489
8519,609
8519,718
8519,814
8519,901
8520,1
8520,68
8520,613
8520,642
8520,814
8521,112
8521,184
8521,613
8521,964
8522,60
8522,186
8522,774
8523,4
8523,23
8523,32
8523,38
8523,57
8523,72
8523,113
8523,131
8523,204
8523,213
8523,284
8523,305
8523,352
8523,379
8523,531
8523,557
8523,613
8523,670
8523,858
8523,911
8524,243
8524,246
8524,525
8525,60
8525,718
8525,723
8526,2
8526,55
8526,195
8526,360
8526,418
8526,437
8526,613
8526,626
8526,770
8526,928
8526,983
8527,184
8527,225
8527,293
8527,613
8528,340
8528,379
8528,531
8528,615
8528,781
8528,814
8528,828
8528,901
8529,243
8529,813
8529,870
8530,30
8530,227
8530,313
8530,530
8530,538
8530,609
8530,718
8530,791
8530,862
8530,881
8530,912
8531,5
8531,77
8531,144
8531,206
8531,240
8531,287
8531,304
8531,385
8531,387
8531,566
8531,659
8531,750
8531,757
8531,814
8531,858
8531,862
8531,913
8532,60
8533,69
8533,171
8533,337
8533,764
8533,774
8534,190
8535,135
8535,348
8535,483
8535,606
8535,718
8535,814
8536,186
8536,292
8536,741
8536,759
8536,774
8536,845
8536,964
8537,16
8537,293
8537,321
8537,352
8537,354
8537,396
8537,613
8538,613
8538,718
8538,814
8538,944
8539,156
8539,336
8539,352
8539,379
8539,613
8539,718
8539,869
8539,946
8539,973
8540,613
8540,718
8540,814
8540,869
8541,134
8541,474
8541,533
8541,745
8541,774
8542,337
8542,658
8542,685
8542,712
8542,774
8543,68
8543,103
8543,243
8543,246
8543,646
8543,655
8543,944
8544,293
8544,324
8544,613
8544,869
8544,871
8545,2
8545,55
8545,195
8545,418
8545,437
8545,532
8545,613
8545,627
8546,613
8546,814
8547,32
8547,57
8547,503
8547,780
8548,30
8548,227
8548,653
8548,718
8548,791
8548,862
8548,889
8548,897
8549,184
8549,613
8549,964
8550,30
8550,243
8550,400
8550,457
8550,613
8550,646
8550,655
8550,844
8550,858
8550,906
8551,232
8551,379
8551,814
8551,828
8552,243
8552,246
8552,646
8552,655
8553,200
8553,718
8553,814
8554,293
8554,606
8554,613
8554,718
8554,814
8554,944
8555,698
8555,814
8555,928
8556,6
8556,49
8556,218
8556,337
8556,521
8556,567
8556,733
8556,774
8556,907
8557,27
8557,85
8557,154
8557,390
8557,502
8557,613
8557,718
8557,862
8557,913
8557,961
8558,30
8558,634
8558,718
8558,814
8558,817
8559,4
8559,32
8559,146
8559,260
8559,291
8559,380
8559,503
8559,753
8559,774
8559,837
8560,1
8560,68
8560,352
8560,379
8560,557
8560,609
8560,613
8560,642
8560,698
8560,700
8560,814
8560,828
8560,901
8561,77
8561,82
8561,144
8561,693
8561,757
8561,814
8561,862
8562,21
8562,77
8562,82
8562,243
8562,331
8562,535
8562,718
8563,21
8563,38
8563,77
8563,144
8563,435
8563,538
8563,606
8563,718
8563,757
8563,814
8564,77
8564,108
8564,116
8564,144
8564,387
8564,670
8564,729
8564,757
8564,814
8564,901
8565,25
8565,156
8565,250
8565,293
8565,613
8565,718
8565,944
8566,474
8566,533
8566,774
8566,837
8567,197
8567,410
8567,606
8567,718
8567,814
8568,21
8568,77
8568,109
8568,197
8568,206
8568,606
8568,718
8568,814
8568,968
8569,197
8569,284
8569,293
8569,352
8569,379
8569,613
8569,718
8570,25
8570,340
8570,352
8570,379
8570,613
8570,693
8570,814
8570,828
8570,985
8571,150
8571,236
8571,474
8571,533
8571,774
8572,109
8572,197
8572,606
8572,814
8572,968
8573,197
8573,606
8573,693
8573,718
8573,814
8573,968
8574,30
8574,63
8574,68
8574,227
8574,507
8574,653
8574,656
8574,862
8574,981
8575,12
8575,30
8575,197
8575,354
8575,554
8575,606
8575,693
8575,814
8575,828
8575,912
8576,379
8577,30
8577,197
8577,227
8577,606
8577,757
8577,791
8577,814
8577,862
8577,868
8578,150
8578,474
8578,533
8578,741
8578,774
8578,983
8579,336
8579,352
8579,379
8579,613
8580,60
8580,245
8580,755
8580,756
8580,772
8580,876
8581,150
8581,236
8581,474
8581,533
8581,774
8582,60
8582,245
8582,272
8582,326
8582,563
8582,627
8582,755
8583,396
8583,606
8583,718
8583,814
8584,197
8584,293
8584,352
8584,379
8584,613
8584,718
8584,904
8584,968
8585,337
8585,774
8586,49
8586,69
8586,146
8586,186
8586,337
8586,380
8586,774
8587,194
8587,243
8587,246
8587,525
8587,821
8587,870
8588,79
8588,780
8589,200
8589,217
8589,606
8589,718
8589,814
8589,904
8590,195
8590,311
8590,418
8590,437
8590,670
8591,36
8591,146
8591,283
8591,295
8591,337
8591,413
8591,567
8591,665
8591,929
8592,60
8592,245
8592,755
8593,55
8593,114
8593,228
8593,284
8593,336
8593,379
8593,418
8593,814
8593,828
8593,880
8594,6
8594,159
8594,171
8594,533
8594,774
8595,613
8596,60
8596,186
8596,235
8596,245
8596,546
8596,755
8596,774
8597,32
8597,72
8597,98
8597,195
8597,418
8597,437
8597,670
8597,770
8598,32
8598,98
8598,503
8598,533
8598,780
8598,920
8599,25
8599,293
8599,532
8599,613
8599,627
8599,718
8599,944
8600,30
8600,653
8601,6
8601,186
8601,741
8601,774
8601,827
8602,184
8602,293
8602,447
8602,613
8602,964
8603,25
8603,30
8603,293
8603,426
8603,435
8603,457
8603,613
8603,791
8603,858
8603,897
8603,906
8604,315
8604,474
8604,533
8604,774
8604,949
8604,980
8604,983
8605,60
8605,100
8605,245
8605,709
8606,184
8606,225
8606,613
8607,30
8607,200
8607,217
8607,293
8607,352
8607,379
8607,606
8607,613
8607,718
8607,791
8607,814
8607,828
8607,904
8607,906
8608,198
8608,337
8608,575
8608,661
8608,685
8608,774
8608,817
8608,928
8609,337
8609,741
8609,774
8610,1
8610,68
8610,228
8610,336
8610,613
8610,642
8610,814
8611,32
8611,151
8611,204
8611,503
8611,774
8612,506
8612,613
8612,814
8613,60
8613,755
8614,474
8614,533
8614,774
8615,55
8615,114
8615,294
8615,418
8615,814
8615,963
8616,337
8616,670
8616,685
8616,687
8616,729
8616,814
8616,901
8617,295
8617,303
8617,337
8617,464
8617,562
8617,768
8617,774
8618,49
8618,146
8618,186
8618,337
8618,521
8618,567
8618,685
8618,774
8618,817
8619,32
8619,57
8619,146
8619,199
8619,260
8619,503
8619,780
8619,803
8619,979
8620,243
8620,280
8620,400
8620,613
8621,337
8621,738
8621,774
8621,817
8622,284
8622,293
8622,352
8622,379
8622,606
8622,613
8622,691
8622,718
8622,814
8622,828
8622,869
8622,963
8622,980
8623,32
8623,37
8623,503
8623,578
8623,774
8623,780
8624,186
8624,292
8624,453
8624,596
8624,759
8624,774
8624,877
8625,32
8625,37
8625,62
8625,503
8625,578
8625,774
8625,780
8625,899
8626,135
8626,352
8626,359
8626,379
8626,613
8626,715
8627,67
8627,324
8627,525
8627,613
8627,631
8627,850
8627,921
8627,984
8628,135
8628,359
8628,613
8629,1
8629,25
8629,38
8629,68
8629,229
8629,613
8629,814
8630,49
8630,337
8630,567
8630,774
8631,184
8631,186
8631,741
8631,774
8631,964
8632,104
8632,316
8632,352
8632,365
8632,379
8632,531
8632,613
8633,471
8633,661
8633,708
8633,741
8633,774
8634,6
8634,337
8634,464
8634,562
8634,774
8635,30
8635,63
8635,227
8635,457
8635,656
8635,805
8635,858
8635,862
8636,156
8636,613
8637,60
8637,613
8638,658
8638,741
8638,774
8639,33
8639,60
8639,235
8640,60
8640,340
8640,876
8641,60
8641,163
8641,658
8641,741
8641,755
8641,774
8642,60
8642,135
8642,198
8642,245
8642,382
8642,476
8642,718
8642,755
8642,928
8643,156
8643,318
8643,340
8643,613
8644,25
8644,112
8644,156
8644,318
8644,340
8644,613
8645,613
8645,626
8645,804
8645,928
8646,175
8646,340
8646,604
8646,613
8646,619
8646,718
8647,25
8647,156
8647,175
8647,340
8647,604
8647,613
8647,619
8647,718
8648,68
8648,243
8648,340
8648,718
8648,805
8648,858
8648,870
8649,30
8649,77
8649,340
8649,430
8649,457
8649,507
8649,718
8649,750
8649,805
8649,858
8649,912
8650,658
8650,741
8650,774
8651,77
8651,243
8651,280
8651,883
8652,32
8652,204
8652,503
8652,780
8653,32
8653,57
8653,62
8653,177
8653,199
8653,503
8653,780
8654,36
8654,337
8654,464
8654,562
8654,774
8655,25
8655,175
8655,293
8655,352
8655,379
8655,396
8655,613
8655,718
8656,6
8656,171
8656,186
8656,337
8656,774
8656,805
8657,68
8657,290
8657,408
8657,489
8657,642
8657,707
8657,814
8658,4
8658,32
8658,146
8658,260
8658,503
8658,780
8658,837
8658,894
8658,979
8659,68
8659,642
8659,718
8659,757
8659,814
8659,862
8659,869
8660,200
8660,217
8660,293
8660,352
8660,379
8660,606
8660,613
8660,814
8660,828
8660,904
8661,200
8661,217
8661,379
8661,426
8661,531
8661,557
8661,606
8661,807
8661,814
8661,828
8661,858
8661,901
8661,904
8662,442
8662,658
8662,741
8662,774
8663,30
8663,457
8663,749
8663,750
8663,858
8663,912
8664,184
8664,613
8664,964
8665,25
8665,135
8665,141
8665,293
8665,359
8665,606
8665,613
8665,718
8665,814
8665,864
8665,962
8666,337
8666,774
8667,1
8667,68
8667,613
8667,642
8667,718
8667,814
8668,68
8668,297
8668,489
8668,642
8668,707
8668,718
8668,784
8668,814
8669,32
8669,198
8669,453
8669,503
8669,743
8669,780
8669,894
8669,899
8670,4
8670,32
8670,57
8670,199
8670,503
8670,780
8670,837
8670,894
8670,934
8671,442
8671,658
8671,741
8671,774
8672,30
8672,227
8672,912
8673,68
8673,642
8673,693
8673,814
8674,32
8674,62
8674,503
8674,663
8674,780
8674,894
8675,293
8675,352
8675,379
8675,435
8675,538
8675,613
8675,718
8676,68
8676,228
8676,297
8676,336
8676,642
8676,784
8676,814
8676,914
8677,60
8677,245
8678,133
8678,453
8678,474
8678,533
8678,685
8678,741
8678,774
8679,184
8679,201
8679,293
8679,613
8679,964
8680,30
8680,148
8680,227
8680,290
8680,297
8680,489
8680,606
8680,718
8680,757
8680,781
8680,784
8680,791
8680,814
8680,862
8680,869
8680,973
8680,981
8681,68
8681,77
8681,82
8681,144
8681,219
8681,387
8681,642
8681,757
8681,814
8682,21
8682,77
8682,240
8682,385
8682,426
8682,606
8682,718
8682,750
8682,814
8682,858
8682,944
8683,68
8683,642
8683,814
8684,175
8684,184
8684,186
8684,613
8684,741
8684,774
8684,845
8684,964
8685,23
8685,32
8685,72
8685,305
8685,319
8685,379
8685,670
8685,894
8686,1
8686,68
8686,502
8686,613
8686,862
8687,68
8687,128
8687,387
8687,531
8687,587
8687,606
8687,718
8687,814
8688,2
8688,45
8688,55
8688,195
8688,418
8688,437
8688,613
8688,770
8689,60
8689,160
8689,245
8689,476
8689,580
8689,928
8690,68
8690,243
8690,280
8690,900
8691,77
8691,243
8692,25
8692,131
8692,352
8692,379
8692,613
8692,698
8692,781
8692,814
8692,828
8693,128
8693,379
8693,506
8693,718
8693,814
8693,828
8694,30
8694,128
8694,156
8694,293
8694,352
8694,379
8694,554
8694,613
8694,718
8694,791
8694,906
8694,984
8695,128
8695,293
8695,352
8695,379
8695,613
8695,626
8695,718
8695,928
8696,128
8696,156
8696,293
8696,502
8696,613
8696,862
8696,981
8697,471
8697,741
8697,774
8697,970
8698,128
8698,606
8698,814
8699,25
8699,30
8699,128
8699,227
8699,293
8699,488
8699,502
8699,613
8699,718
8699,791
8699,862
8699,906
8699,981
8700,30
8700,128
8700,156
8700,293
8700,554
8700,613
8700,718
8700,791
8700,906
8701,814
8702,184
8702,293
8702,613
8702,964
8703,77
8703,144
8703,240
8703,287
8703,372
8703,387
8703,462
8703,525
8703,609
8703,750
8703,858
8704,21
8704,77
8704,144
8704,200
8704,217
8704,606
8704,718
8704,757
8704,814
8704,862
8704,904
8705,6
8705,71
8705,146
8705,337
8705,393
8705,521
8705,567
8705,575
8705,661
8705,665
8705,717
8705,774
8706,60
8706,546
8706,790
8706,875
8706,876
8707,60
8707,207
8707,245
8707,399
8707,476
8707,580
8707,928
8707,980
8707,982
8708,125
8708,161
8708,256
8708,287
8708,374
8708,609
8708,814
8709,15
8709,30
8709,227
8709,375
8709,451
8709,525
8709,760
8709,862
8709,878
8710,2
8710,104
8710,182
8710,189
8710,195
8710,316
8710,418
8710,437
8710,522
8710,531
8710,613
8711,2
8711,104
8711,182
8711,189
8711,195
8711,316
8711,418
8711,437
8711,522
8711,531
8711,613
8711,880
8712,30
8712,125
8712,387
8712,525
8712,609
8712,656
8712,752
8712,814
8712,912
8713,25
8713,324
8713,462
8713,502
8713,525
8713,613
8714,77
8714,243
8714,392
8714,718
8714,870
8715,55
8715,114
8715,297
8715,408
8715,418
8715,525
8715,784
8715,814
8715,880
8716,216
8716,604
8716,613
8716,878
8717,210
8717,290
8717,314
8717,375
8717,489
8717,615
8717,707
8717,814
8718,336
8718,354
8718,814
8718,828
8719,30
8719,430
8719,507
8719,559
8719,642
8719,814
8720,222
8720,870
8720,893
8721,26
8721,161
8721,231
8721,256
8721,385
8721,426
8721,606
8721,693
8721,781
8721,814
8721,817
8721,858
8722,68
8722,642
8722,693
8722,814
8723,231
8723,682
8723,756
8723,814
8723,858
8723,923
8724,60
8724,316
8724,709
8724,875
8724,876
8725,77
8725,82
8725,316
8726,21
8726,77
8726,144
8726,197
8726,462
8726,606
8726,682
8726,757
8726,814
8726,868
8727,195
8727,404
8727,418
8727,437
8728,77
8728,82
8729,60
8729,790
8730,197
8730,354
8730,606
8730,682
8730,814
8730,828
8730,879
8731,21
8731,77
8731,82
8731,256
8731,572
8731,606
8731,682
8731,693
8731,814
8732,77
8732,197
8732,387
8732,430
8732,606
8732,682
8732,814
8732,968
8733,197
8733,430
8733,606
8733,642
8733,682
8733,814
8734,32
8734,62
8734,98
8734,315
8734,526
8734,570
8734,795
8734,851
8735,200
8735,430
8735,606
8735,642
8735,682
8735,756
8735,814
8735,923
8736,61
8736,499
8736,929
8736,933
8737,32
8737,57
8737,198
8737,325
8737,503
8737,673
8737,894
8738,61
8738,218
8738,741
8738,933
8738,988
8739,929
8739,933
8740,33
8740,108
8740,606
8740,682
8740,814
8741,32
8741,57
8741,204
8741,503
8741,673
8741,827
8742,108
8742,125
8742,202
8742,354
8742,591
8742,729
8742,810
8742,814
8742,828
8742,851
8742,957
8742,985
8743,109
8743,200
8743,217
8743,293
8743,352
8743,354
8743,606
8743,613
8743,626
8743,682
8743,814
8743,828
8743,928
8744,60
8744,462
8744,762
8744,945
8745,30
8745,366
8745,613
8745,629
8745,851
8745,906
8745,911
8745,965
8746,32
8746,37
8746,146
8746,380
8746,480
8746,503
8746,511
8746,774
8746,780
8746,805
8746,899
8747,33
8747,60
8747,245
8747,299
8747,326
8747,627
8748,474
8748,499
8748,595
8748,598
8748,820
8749,2
8749,33
8749,35
8749,55
8749,315
8749,318
8749,609
8749,613
8749,628
8749,636
8749,795
8750,25
8750,184
8750,214
8750,318
8750,613
8751,33
8751,60
8751,876
8752,101
8752,289
8752,481
8752,499
8752,567
8752,595
8752,712
8753,220
8753,442
8753,471
8753,499
8753,595
8754,474
8754,499
8754,595
8754,598
8754,820
8754,983
8755,30
8755,137
8755,231
8755,372
8755,426
8755,457
8755,554
8755,682
8755,791
8755,805
8755,858
8755,891
8756,220
8756,367
8756,442
8756,499
8756,595
8756,845
8757,25
8757,184
8757,214
8757,318
8757,613
8758,133
8758,220
8758,474
8758,595
8758,598
8758,857
8758,958
8758,983
8759,84
8759,107
8759,289
8759,537
8759,595
8759,837
8760,30
8760,240
8760,457
8760,656
8760,750
8760,805
8760,858
8760,912
8761,107
8761,353
8761,560
8761,595
8761,771
8762,84
8762,107
8762,289
8762,537
8762,595
8762,782
8763,84
8763,91
8763,289
8763,537
8763,595
8763,782
8763,837
8764,33
8764,160
8764,267
8764,279
8764,288
8764,354
8764,414
8764,416
8764,430
8764,492
8764,642
8764,814
8764,828
8764,903
8764,923
8765,133
8765,220
8765,474
8765,595
8765,598
8765,857
8765,983
8766,32
8766,62
8766,106
8766,258
8766,291
8766,503
8766,595
8766,598
8767,150
8767,289
8767,519
8767,562
8767,595
8768,77
8768,372
8768,385
8768,750
8768,814
8768,858
8769,60
8769,205
8769,245
8769,299
8769,546
8769,595
8770,474
8770,595
8770,598
8771,352
8771,354
8771,613
8772,184
8772,201
8772,214
8772,293
8772,613
8773,297
8773,430
8773,627
8773,642
8773,814
8774,60
8774,136
8774,205
8774,245
8774,476
8774,580
8774,595
8774,928
8775,60
8775,546
8776,107
8776,220
8776,289
8776,327
8776,485
8776,562
8776,583
8776,929
8776,933
8777,32
8777,57
8777,62
8777,199
8777,287
8777,503
8777,545
8777,577
8777,673
8778,2
8778,45
8778,55
8778,256
8778,315
8778,387
8778,613
8778,691
8778,795
8778,949
8778,980
8779,184
8779,214
8779,220
8779,499
8779,595
8779,613
8780,21
8780,77
8780,144
8780,462
8780,606
8780,682
8780,693
8780,757
8780,814
8780,987
8781,77
8781,144
8781,354
8781,462
8781,492
8781,525
8781,698
8781,757
8781,814
8781,828
8782,613
8783,26
8783,92
8783,430
8783,642
8783,814
8784,60
8784,136
8784,205
8784,245
8784,257
8784,476
8784,595
8784,701
8784,928
8785,220
8785,595
8785,598
8786,289
8786,567
8786,595
8786,647
8787,228
8787,489
8787,707
8787,781
8787,814
8788,30
8788,324
8788,613
8788,906
8789,126
8789,606
8789,682
8789,693
8789,814
8790,32
8790,62
8790,503
8790,595
8791,289
8791,499
8791,560
8791,595
8792,198
8792,200
8792,217
8792,606
8792,814
8792,904
8792,928
8793,107
8793,289
8793,353
8793,560
8793,567
8793,595
8793,647
8794,60
8794,245
8794,272
8794,326
8794,525
8794,784
8794,841
8794,876
8794,976
8795,15
8795,30
8795,231
8795,457
8795,629
8795,858
8795,912
8796,60
8796,100
8796,299
8796,476
8796,928
8797,77
8797,222
8797,525
8797,870
8798,210
8798,242
8798,290
8798,489
8798,606
8798,682
8798,814
8798,817
8799,289
8799,567
8799,583
8799,595
8800,184
8800,214
8800,293
8800,613
8801,60
8801,361
8801,595
8801,647
8801,762
8802,220
8802,289
8802,519
8802,595
8802,768
8803,55
8803,114
8803,182
8803,315
8803,757
8803,795
8803,814
8803,983
8804,60
8805,289
8805,595
8806,2
8806,35
8806,55
8806,315
8806,531
8806,613
8806,636
8806,638
8806,795
8806,842
8807,2
8807,35
8807,55
8807,315
8807,531
8807,613
8807,636
8807,638
8807,795
8807,842
8808,101
8808,146
8808,289
8808,595
8809,161
8809,256
8809,374
8809,606
8809,693
8809,757
8809,814
8809,862
8810,32
8810,72
8810,370
8810,506
8810,540
8810,670
8810,743
8810,894
8811,4
8811,32
8811,37
8811,62
8811,503
8811,595
8811,673
8811,837
8811,860
8812,430
8812,642
8812,814
8813,197
8813,606
8813,814
8813,879
8814,125
8814,290
8814,381
8814,489
8814,606
8814,609
8814,693
8814,707
8814,814
8815,15
8815,30
8815,231
8815,313
8815,426
8815,457
8815,538
8815,682
8815,791
8815,853
8815,858
8815,881
8815,915
8816,187
8816,289
8816,562
8816,595
8817,293
8817,469
8817,606
8817,613
8817,635
8817,682
8817,814
8818,210
8818,354
8818,466
8818,609
8818,814
8818,817
8818,828
8819,30
8819,314
8819,435
8819,538
8819,606
8819,615
8819,682
8819,749
8819,791
8819,814
8819,897
8820,222
8820,262
8820,435
8820,527
8820,538
8820,655
8820,682
8820,893
8821,25
8821,184
8821,214
8821,613
8822,315
8822,526
8822,795
8823,222
8823,240
8823,385
8823,609
8823,858
8823,935
8824,77
8824,82
8825,1
8825,25
8825,430
8825,613
8825,642
8825,814
8826,66
8826,613
8826,729
8826,814
8826,851
8826,911
8827,1
8827,25
8827,77
8827,144
8827,219
8827,430
8827,609
8827,613
8828,256
8828,430
8828,506
8828,606
8828,642
8828,814
8829,77
8829,82
8829,125
8829,144
8829,462
8829,525
8829,531
8829,540
8829,678
8829,757
8829,814
8830,190
8831,289
8831,499
8831,567
8831,595
8831,647
8832,77
8832,144
8832,462
8832,757
8832,781
8832,814
8832,945
8833,32
8833,47
8833,62
8833,503
8833,595
8834,60
8834,790
8834,875
8834,876
8834,959
8835,60
8835,197
8835,245
8835,272
8835,299
8835,326
8835,627
8835,682
8835,968
8836,125
8836,142
8836,197
8836,489
8836,814
8836,968
8837,2
8837,137
8837,182
8837,315
8837,531
8837,613
8837,636
8837,795
8837,858
8837,949
8838,21
8838,77
8838,144
8838,462
8838,628
8839,87
8839,595
8839,680
8839,958
8840,141
8840,408
8840,609
8840,814
8841,337
8841,560
8841,567
8841,595
8841,988
8842,77
8842,144
8842,462
8843,45
8843,55
8843,315
8843,371
8843,526
8843,531
8843,795
8843,949
8844,30
8844,392
8844,554
8844,682
8844,791
8845,184
8845,201
8845,214
8845,293
8845,613
8846,67
8846,184
8846,201
8846,214
8846,293
8846,613
8847,503
8847,595
8847,647
8848,146
8848,595
8848,680
8848,926
8849,222
8849,401
8849,900
8850,60
8850,205
8850,299
8850,546
8850,595
8851,354
8851,366
8851,591
8851,636
8851,729
8851,732
8851,810
8851,814
8851,828
8851,851
8851,924
8851,957
8852,33
8852,293
8852,318
8852,613
8852,682
8853,108
8853,125
8853,202
8853,354
8853,729
8853,814
8853,828
8853,851
8853,957
8853,985
8854,61
8854,107
8854,220
8854,327
8854,485
8854,583
8854,727
8854,933
8855,21
8855,25
8855,33
8855,77
8855,144
8855,293
8855,613
8855,682
8856,21
8856,77
8856,222
8856,276
8856,316
8856,331
8856,682
8857,66
8857,352
8857,354
8857,366
8857,613
8857,732
8857,851
8857,911
8857,957
8858,30
8858,269
8858,401
8858,430
8858,457
8858,507
8858,858
8859,430
8859,642
8859,814
8860,354
8860,462
8860,525
8860,682
8860,757
8860,814
8860,828
8861,32
8861,140
8861,319
8861,336
8861,506
8861,570
8861,851
8861,894
8862,151
8862,210
8862,381
8862,606
8862,707
8862,757
8862,814
8862,817
8862,862
8863,387
8863,430
8863,642
8863,757
8863,814
8863,862
8864,142
8864,197
8864,430
8864,606
8864,642
8864,814
8864,868
8865,30
8865,231
8865,457
8865,525
8865,554
8865,656
8865,858
8866,354
8866,528
8866,614
8866,682
8867,12
8867,197
8867,387
8867,606
8867,682
8867,814
8868,462
8868,682
8868,757
8868,814
8869,104
8869,126
8869,352
8869,354
8869,365
8869,613
8870,17
8870,200
8870,606
8870,814
8871,197
8871,284
8871,354
8871,606
8871,814
8871,828
8872,1
8872,197
8872,217
8872,284
8872,288
8872,293
8872,352
8872,354
8872,430
8872,613
8872,904
8873,109
8873,197
8873,606
8873,693
8873,814
8873,968
8874,77
8874,200
8874,211
8874,222
8874,246
8875,197
8875,217
8875,462
8875,606
8875,757
8875,814
8876,197
8876,354
8876,494
8876,606
8876,814
8876,828
8877,60
8877,197
8877,299
8878,2
8878,55
8878,114
8878,125
8878,315
8878,531
8878,613
8878,814
8879,21
8879,77
8879,144
8879,197
8879,410
8879,462
8879,606
8879,693
8879,757
8879,814
8880,1
8880,430
8880,613
8881,200
8881,217
8881,354
8881,492
8881,606
8881,814
8881,828
8881,904
8882,293
8882,371
8882,613
8882,682
8883,354
8883,382
8883,814
8883,828
8884,60
8884,100
8884,299
8885,30
8885,66
8885,109
8885,200
8885,217
8885,293
8885,613
8885,682
8885,791
8885,906
8886,220
8886,471
8886,595
8886,919
8887,748
8888,67
8888,184
8888,214
8888,613
8889,68
8889,160
8889,814
8889,903
8889,923
8890,125
8890,333
8890,354
8890,389
8890,492
8890,496
8890,506
8890,781
8890,814
8890,828
8891,222
8891,307
8891,655
8891,893
8892,30
8892,130
8892,227
8892,304
8892,613
8892,906
8893,125
8893,210
8893,290
8893,489
8893,506
8893,609
8893,615
8893,707
8893,781
8893,814
8894,60
8894,136
8894,303
8894,595
8894,762
8894,783
8895,77
8895,144
8895,387
8895,462
8895,750
8895,858
8895,945
8896,289
8896,595
8896,647
8897,60
8897,205
8897,299
8897,595
8897,751
8898,88
8898,125
8898,314
8898,333
8898,489
8898,525
8898,531
8898,615
8898,693
8898,707
8898,814
8898,817
8898,903
8899,21
8899,77
8899,82
8899,144
8899,387
8899,462
8899,530
8899,538
8899,674
8899,682
8900,33
8900,489
8900,615
8900,707
8900,781
8900,814
8901,289
8901,499
8901,595
8902,729
8902,757
8902,814
8902,851
8903,729
8903,757
8903,814
8903,851
8904,25
8904,30
8904,293
8904,613
8904,635
8904,682
8904,791
8904,906
8905,5
8905,21
8905,77
8905,82
8905,115
8905,144
8905,304
8905,387
8905,462
8905,538
8905,566
8905,606
8905,659
8905,682
8905,757
8905,814
8906,45
8906,55
8906,114
8906,125
8906,315
8906,348
8906,401
8906,483
8906,606
8906,609
8906,636
8906,693
8906,744
8906,814
8906,903
8907,77
8908,21
8908,77
8908,115
8908,125
8908,144
8908,606
8908,682
8908,757
8908,814
8909,49
8909,337
8909,499
8909,560
8909,567
8909,595
8909,647
8909,685
8909,817
8910,30
8910,231
8910,385
8910,426
8910,457
8910,538
8910,606
8910,682
8910,791
8910,814
8910,851
8910,858
8910,897
8911,32
8911,62
8911,106
8911,258
8911,291
8911,503
8912,60
8912,299
8913,205
8913,214
8913,220
8913,292
8913,595
8913,759
8914,60
8914,245
8914,546
8915,184
8915,214
8915,293
8915,308
8915,613
8916,595
8916,598
8916,837
8917,595
8917,598
8918,60
8918,205
8918,245
8918,299
8918,595
8919,60
8919,326
8919,595
8920,205
8920,220
8920,289
8920,595
8921,354
8921,506
8921,814
8921,828
8922,2
8922,55
8922,315
8922,526
8922,613
8922,795
8922,983
8923,15
8923,30
8923,206
8923,227
8923,462
8923,525
8923,912
8924,30
8924,32
8924,37
8924,62
8924,177
8924,199
8924,372
8924,457
8924,570
8924,656
8924,851
8924,858
8925,61
8925,107
8925,131
8925,327
8925,337
8925,485
8925,562
8925,583
8925,741
8925,929
8925,933
8926,61
8926,107
8926,283
8926,327
8926,485
8926,583
8926,645
8926,741
8926,929
8926,933
8927,30
8927,115
8927,227
8927,313
8927,462
8927,656
8927,682
8927,791
8927,912
8927,945
8928,32
8928,258
8928,291
8928,503
8928,595
8928,816
8928,894
8929,16
8929,613
8929,891
8930,112
8930,184
8930,214
8930,613
8931,109
8931,197
8931,284
8931,293
8931,352
8931,354
8931,613
8931,682
8931,968
8932,31
8932,213
8932,436
8932,613
8932,851
8932,858
8932,911
8933,33
8933,60
8933,299
8933,790
8933,875
8933,876
8934,60
8934,205
8934,299
8934,595
8935,84
8935,101
8935,107
8935,289
8935,560
8935,567
8935,595
8935,824
8935,837
8936,33
8936,354
8936,707
8936,781
8936,814
8936,828
8937,77
8937,82
8938,30
8938,227
8938,462
8938,628
8938,912
8939,33
8939,77
8939,81
8939,222
8939,262
8939,609
8939,893
8940,60
8940,299
8941,352
8941,354
8941,613
8942,2
8942,182
8942,315
8942,525
8942,526
8942,613
8942,636
8942,795
8943,205
8943,283
8943,827
8943,933
8943,951
8944,31
8944,125
8944,613
8944,729
8944,814
8944,851
8944,911
8945,220
8945,595
8946,1
8946,25
8946,430
8946,613
8946,642
8946,814
8947,336
8947,352
8947,354
8947,492
8947,613
8948,205
8948,292
8948,595
8948,759
8949,289
8949,595
8949,633
8949,771
8950,462
8950,744
8950,757
8950,814
8951,184
8951,198
8951,214
8951,613
8952,289
8952,567
8952,595
8952,771
8953,30
8953,63
8953,227
8953,371
8953,656
8953,682
8953,746
8953,791
8953,862
8953,915
8954,30
8954,158
8954,457
8954,750
8954,752
8954,858
8954,912
8955,474
8955,595
8955,598
8955,685
8955,983
8956,60
8956,136
8956,205
8956,238
8956,272
8956,299
8956,326
8956,595
8957,474
8957,595
8957,598
8958,205
8958,289
8958,478
8958,567
8958,594
8958,595
8958,771
8958,789
8959,184
8959,214
8959,293
8959,613
8960,354
8960,443
8960,492
8960,540
8960,606
8960,682
8960,814
8960,828
8961,208
8961,222
8961,851
8961,902
8962,30
8962,912
8963,78
8963,170
8963,289
8963,567
8963,595
8963,771
8964,205
8964,289
8964,567
8964,595
8964,782
8964,817
8965,188
8965,291
8965,986
8966,30
8966,88
8966,125
8966,147
8966,210
8966,389
8966,489
8966,496
8966,531
8966,554
8966,707
8966,781
8966,814
8967,23
8967,32
8967,204
8967,291
8967,319
8967,503
8968,30
8968,208
8968,222
8968,366
8968,813
8968,851
8968,902
8968,965
8969,297
8969,525
8969,784
8969,814
8970,30
8970,227
8970,462
8970,502
8970,613
8970,833
8970,906
8971,60
8972,30
8972,227
8972,324
8972,462
8972,502
8972,613
8972,752
8972,799
8972,906
8973,30
8973,457
8973,858
8974,30
8974,912
8975,371
8975,447
8975,613
8976,288
8976,354
8976,430
8976,642
8976,814
8976,828
8977,462
8977,502
8977,525
8977,613
8977,628
8978,32
8978,57
8978,291
8978,325
8978,503
8978,803
8978,816
8979,289
8979,560
8979,567
8979,595
8979,685
8979,738
8979,960
8980,60
8980,245
8980,251
8980,371
8980,684
8980,751
8981,60
8981,245
8981,251
8981,371
8981,682
8981,751
8982,184
8982,214
8982,613
8983,49
8983,289
8983,499
8983,560
8983,567
8983,595
8984,242
8984,293
8984,609
8984,613
8984,682
8985,141
8985,242
8985,293
8985,336
8985,408
8985,606
8985,613
8985,626
8985,641
8985,814
8985,830
8985,928
8986,242
8986,613
8986,626
8986,641
8986,710
8986,814
8986,830
8986,928
8987,293
8987,352
8987,354
8987,613
8987,682
8987,891
8988,67
8988,184
8988,214
8988,293
8988,613
8989,184
8989,201
8989,214
8989,293
8989,613
8990,60
8990,136
8990,205
8990,299
8990,595
8990,762
8990,783
8991,290
8991,613
8992,474
8992,595
8992,598
8992,820
8992,983
8993,30
8993,63
8993,227
8993,462
8993,656
8993,682
8993,791
8993,912
8994,184
8994,214
8994,293
8994,613
8995,290
8995,371
8995,447
8995,613
8996,184
8996,214
8996,613
8997,159
8997,205
8997,255
8997,289
8997,594
8997,595
8997,693
8997,771
8997,827
8997,951
8998,25
8998,324
8998,613
8999,107
8999,337
8999,583
8999,929
8999,933
9000,133
9000,220
9000,474
9000,595
9000,598
9001,613
9001,946
9002,77
9002,82
9002,222
9003,114
9003,126
9003,182
9003,189
9003,315
9003,584
9003,636
9003,795
9003,814
9003,817
9004,146
9004,291
9004,337
9004,477
9004,899
9004,986
9005,21
9005,33
9005,77
9005,144
9005,219
9005,430
9005,682
9005,862
9006,184
9006,201
9006,214
9006,293
9006,613
9007,32
9007,57
9007,291
9007,503
9008,707
9008,814
9009,30
9009,32
9009,57
9009,213
9009,457
9009,570
9009,816
9009,851
9009,858
9009,965
9010,30
9010,313
9010,444
9010,627
9010,682
9010,778
9010,791
9010,915
9011,23
9011,32
9011,291
9011,319
9011,503
9011,894
9011,899
9012,222
9012,276
9012,331
9012,525
9012,531
9012,682
9012,902
9013,109
9013,197
9013,606
9013,609
9013,626
9013,682
9013,814
9013,928
9013,968
9014,30
9014,109
9014,197
9014,231
9014,426
9014,457
9014,554
9014,791
9014,858
9014,968
9015,77
9015,82
9015,387
9015,531
9016,55
9016,297
9016,315
9016,525
9016,627
9016,814
9017,78
9017,360
9017,377
9017,474
9017,595
9017,598
9017,820
9018,202
9018,354
9018,732
9018,851
9018,924
9018,957
9019,125
9019,126
9019,531
9019,584
9019,636
9019,710
9019,814
9020,30
9020,525
9020,554
9020,613
9020,752
9020,799
9020,849
9020,906
9020,984
9021,293
9021,352
9021,354
9021,492
9021,606
9021,613
9021,682
9021,814
9021,828
9021,918
9022,1
9022,25
9022,430
9022,613
9023,184
9023,205
9023,214
9023,220
9023,595
9023,613
9024,205
9024,214
9024,292
9024,595
9024,759
9025,44
9025,60
9025,136
9025,205
9025,251
9025,299
9025,595
9026,182
9026,315
9026,371
9026,526
9026,795
9026,983
9027,30
9027,32
9027,57
9027,213
9027,457
9027,545
9027,570
9027,816
9027,851
9027,858
9027,965
9028,30
9028,32
9028,57
9028,213
9028,457
9028,545
9028,570
9028,816
9028,851
9028,858
9028,965
9029,32
9029,57
9029,291
9029,503
9029,803
9029,816
9030,6
9030,69
9030,79
9030,291
9030,552
9030,741
9030,899
9030,951
9031,32
9031,291
9031,503
9031,803
9031,894
9032,88
9032,210
9032,314
9032,489
9032,539
9032,606
9032,682
9032,693
9032,707
9032,711
9032,814
9033,30
9033,32
9033,57
9033,213
9033,457
9033,545
9033,570
9033,816
9033,851
9033,858
9033,965
9034,23
9034,32
9034,131
9034,177
9034,325
9034,503
9034,519
9034,577
9034,595
9034,780
9035,137
9035,182
9035,234
9035,315
9035,526
9035,795
9035,858
9035,949
9036,2
9036,35
9036,55
9036,315
9036,330
9036,525
9036,526
9036,531
9036,613
9036,795
9037,729
9037,757
9037,814
9037,851
9038,77
9038,144
9038,219
9038,430
9038,462
9038,628
9038,642
9038,757
9038,814
9039,184
9039,201
9039,214
9039,293
9039,613
9040,24
9040,309
9040,462
9040,539
9040,606
9040,682
9040,757
9040,814
9041,77
9041,197
9041,222
9041,246
9041,682
9041,870
9041,968
9042,60
9042,160
9042,245
9042,299
9043,32
9043,204
9043,291
9043,319
9043,503
9043,899
9044,60
9044,245
9044,415
9045,77
9045,94
9045,116
9045,125
9045,144
9045,387
9045,729
9045,757
9045,814
9045,851
9046,293
9046,324
9046,613
9046,682
9047,60
9047,205
9047,299
9047,595
9048,205
9048,214
9048,220
9048,292
9048,595
9048,759
9049,159
9049,503
9049,595
9049,680
9050,220
9050,289
9050,499
9050,595
9050,768
9051,21
9051,77
9051,115
9051,144
9051,354
9051,538
9051,682
9051,918
9052,107
9052,337
9052,485
9052,562
9052,583
9052,929
9052,933
9053,61
9053,107
9053,327
9053,485
9053,583
9053,741
9053,933
9054,21
9054,77
9054,115
9054,144
9054,538
9054,682
9055,21
9055,30
9055,63
9055,77
9055,144
9055,227
9055,475
9055,682
9055,791
9055,862
9055,891
9055,912
9056,115
9056,293
9056,352
9056,354
9056,538
9056,606
9056,613
9056,682
9056,814
9056,828
9056,918
9057,30
9057,531
9057,554
9057,682
9057,791
9057,891
9057,912
9058,2
9058,33
9058,35
9058,55
9058,202
9058,293
9058,315
9058,352
9058,354
9058,531
9058,613
9058,682
9058,918
9059,60
9059,197
9060,203
9060,220
9060,371
9060,613
9061,430
9061,642
9061,814
9062,33
9062,314
9062,693
9062,781
9062,814
9062,817
9063,77
9063,525
9063,655
9063,814
9064,77
9064,82
9064,144
9064,462
9064,525
9064,757
9064,814
9065,220
9065,289
9065,595
9065,861
9066,77
9066,222
9066,870
9067,190
9068,30
9068,525
9068,656
9068,752
9068,912
9069,355
9069,613
9069,814
9070,77
9070,179
9070,615
9070,694
9070,814
9071,606
9071,682
9071,814
9071,817
9071,891
9072,15
9072,23
9072,30
9072,32
9072,379
9072,570
9072,670
9072,682
9072,710
9072,816
9073,15
9073,30
9073,32
9073,106
9073,570
9073,682
9073,816
9073,851
9074,60
9074,205
9074,299
9074,595
9075,30
9075,227
9075,462
9075,628
9075,912
9075,945
9076,489
9076,627
9076,707
9076,781
9076,814
9077,30
9077,307
9077,430
9077,457
9077,507
9077,638
9077,858
9078,33
9078,77
9078,88
9078,117
9078,125
9078,185
9078,314
9078,333
9078,396
9078,414
9078,489
9078,531
9078,615
9078,707
9078,814
9079,30
9079,63
9079,227
9079,462
9079,912
9080,615
9080,693
9080,814
9081,60
9081,415
9081,453
9081,499
9081,565
9081,569
9081,595
9081,730
9081,751
9081,877
9082,153
9082,220
9082,474
9082,595
9082,598
9082,685
9082,983
9083,324
9083,401
9083,613
9083,682
9084,21
9084,77
9084,144
9084,166
9084,538
9084,674
9084,682
9084,757
9084,814
9084,862
9084,981
9085,21
9085,77
9085,144
9085,538
9085,606
9085,674
9085,682
9085,757
9085,814
9086,330
9086,538
9086,600
9086,606
9086,682
9086,707
9086,814
9086,856
9087,208
9087,222
9087,366
9087,851
9087,870
9087,893
9088,32
9088,816
9089,21
9089,77
9089,115
9089,144
9089,293
9089,387
9089,538
9089,613
9089,682
9090,729
9090,814
9090,851
9091,115
9091,538
9091,606
9091,682
9091,707
9091,814
9092,256
9092,265
9092,606
9092,615
9092,682
9092,814
9092,963
9092,980
9093,115
9093,222
9093,331
9093,538
9093,682
9094,32
9094,204
9094,291
9094,319
9094,388
9094,503
9095,66
9095,115
9095,125
9095,293
9095,538
9095,606
9095,613
9095,682
9095,814
9096,60
9096,129
9096,721
9096,851
9097,21
9097,77
9097,115
9097,144
9097,387
9097,538
9097,682
9098,32
9098,57
9098,177
9098,239
9098,291
9098,503
9098,816
9099,613
9099,729
9099,814
9099,851
9099,911
9100,108
9100,354
9100,729
9100,814
9100,828
9100,851
9100,957
9100,985
9101,208
9101,222
9101,851
9102,1
9102,430
9102,613
9102,642
9102,814
9103,115
9103,125
9103,538
9103,606
9103,682
9103,814
9104,324
9104,401
9104,532
9104,609
9104,613
9104,627
9105,30
9105,682
9105,791
9106,79
9106,291
9106,518
9106,986
9107,115
9107,354
9107,538
9107,606
9107,682
9107,814
9107,828
9107,918
9107,924
9108,32
9108,57
9108,258
9108,291
9108,372
9108,480
9108,503
9108,816
9109,208
9109,222
9109,366
9109,851
9109,893
9110,32
9110,239
9110,291
9110,319
9110,503
9110,894
9110,899
9111,25
9111,30
9111,366
9111,613
9111,851
9111,906
9111,911
9111,965
9112,4
9112,32
9112,57
9112,291
9112,503
9112,837
9113,32
9113,57
9113,106
9113,258
9113,291
9113,503
9113,816
9113,827
9113,860
9114,32
9114,57
9114,213
9114,441
9114,495
9114,570
9114,851
9114,858
9114,878
9115,32
9115,239
9115,291
9115,319
9115,503
9116,32
9116,69
9116,106
9116,204
9116,239
9116,291
9116,319
9116,503
9116,899
9117,32
9117,57
9117,177
9117,291
9117,503
9117,894
9118,32
9118,204
9118,291
9118,319
9118,388
9118,503
9119,21
9119,77
9119,82
9119,144
9119,219
9119,387
9119,430
9119,682
9119,862
9120,32
9120,57
9120,258
9120,291
9120,388
9120,503
9120,894
9121,32
9121,57
9121,261
9121,291
9121,325
9121,503
9121,899
9122,32
9122,291
9122,503
9122,816
9123,32
9123,57
9123,204
9123,239
9123,291
9123,319
9123,503
9124,135
9124,606
9124,682
9124,707
9124,814
9124,864
9125,32
9125,204
9125,291
9125,319
9125,503
9126,32
9126,204
9126,239
9126,291
9126,319
9126,503
9127,32
9127,177
9127,239
9127,260
9127,291
9127,503
9127,894
9127,979
9128,115
9128,538
9128,606
9128,682
9128,757
9128,814
9129,208
9129,222
9129,472
9129,851
9130,30
9130,40
9130,227
9130,488
9130,644
9130,851
9130,912
9130,965
9131,32
9131,57
9131,291
9131,503
9132,113
9132,202
9132,354
9132,540
9132,851
9132,957
9133,32
9133,57
9133,177
9133,291
9133,319
9133,503
9133,816
9134,125
9134,613
9134,729
9134,814
9134,851
9134,911
9135,32
9135,204
9135,291
9135,319
9135,388
9135,503
9135,827
9136,32
9136,177
9136,204
9136,291
9136,319
9136,503
9137,32
9137,57
9137,291
9137,319
9137,503
9137,816
9138,146
9138,291
9138,477
9138,771
9139,60
9139,335
9139,635
9139,682
9139,710
9139,723
9139,876
9140,1
9140,25
9140,231
9140,293
9140,426
9140,430
9140,613
9140,682
9140,858
9141,32
9141,57
9141,204
9141,291
9141,319
9141,503
9142,32
9142,204
9142,366
9142,388
9142,570
9142,613
9142,851
9142,911
9143,32
9143,204
9143,366
9143,388
9143,570
9143,613
9143,851
9143,911
9144,354
9144,851
9144,957
9144,985
9145,32
9145,204
9145,291
9145,388
9145,503
9146,115
9146,538
9146,606
9146,682
9146,814
9147,21
9147,77
9147,115
9147,144
9147,538
9147,682
9148,30
9148,32
9148,57
9148,213
9148,287
9148,372
9148,457
9148,545
9148,570
9148,851
9148,858
9148,863
9149,31
9149,113
9149,489
9149,540
9149,613
9149,707
9149,729
9149,814
9149,851
9149,911
9150,30
9150,32
9150,57
9150,137
9150,213
9150,366
9150,441
9150,495
9150,570
9150,851
9150,858
9150,878
9150,965
9151,55
9151,293
9151,315
9151,526
9151,613
9151,636
9151,682
9151,795
9152,77
9152,82
9152,116
9152,144
9152,387
9152,851
9153,181
9153,225
9153,291
9153,344
9153,846
9153,877
9154,32
9154,291
9154,503
9154,894
9155,125
9155,591
9155,729
9155,810
9155,814
9155,851
9156,60
9156,129
9156,245
9156,476
9156,851
9156,928
9157,311
9157,315
9157,366
9157,526
9157,795
9157,851
9158,30
9158,265
9158,606
9158,615
9158,682
9158,749
9158,791
9158,814
9159,15
9159,30
9159,32
9159,57
9159,177
9159,213
9159,240
9159,319
9159,372
9159,457
9159,480
9159,570
9159,816
9159,851
9159,858
9159,965
9160,729
9160,814
9160,851
9161,30
9161,426
9161,457
9161,682
9161,791
9161,805
9161,858
9162,30
9162,227
9162,366
9162,488
9162,644
9162,729
9162,757
9162,814
9162,851
9162,965
9163,32
9163,258
9163,291
9163,319
9163,503
9163,768
9163,894
9164,32
9164,204
9164,291
9164,319
9164,503
9165,30
9165,213
9165,366
9165,457
9165,851
9165,858
9165,965
9166,32
9166,291
9166,441
9166,503
9166,894
9167,15
9167,30
9167,158
9167,231
9167,426
9167,457
9167,554
9167,646
9167,682
9167,752
9167,791
9167,858
9167,956
9168,32
9168,291
9168,441
9168,503
9168,894
9169,366
9169,729
9169,757
9169,814
9169,851
9170,113
9170,125
9170,387
9170,540
9170,729
9170,757
9170,814
9170,851
9171,354
9171,366
9171,591
9171,729
9171,732
9171,810
9171,814
9171,828
9171,851
9171,957
9172,32
9172,57
9172,106
9172,291
9172,325
9172,503
9172,899
9173,30
9173,115
9173,227
9173,313
9173,488
9173,538
9173,682
9173,791
9174,311
9174,315
9174,366
9174,526
9174,795
9174,851
9175,32
9175,57
9175,204
9175,291
9175,503
9176,32
9176,98
9176,315
9176,441
9176,526
9176,570
9176,787
9176,795
9176,851
9177,32
9177,57
9177,177
9177,204
9177,239
9177,291
9177,503
9178,32
9178,57
9178,291
9178,503
9178,545
9178,816
9179,30
9179,147
9179,313
9179,389
9179,496
9179,538
9179,682
9179,814
9179,851
9180,30
9180,125
9180,202
9180,290
9180,293
9180,348
9180,352
9180,354
9180,483
9180,489
9180,554
9180,606
9180,609
9180,613
9180,672
9180,791
9180,814
9180,828
9180,834
9180,891
9181,36
9181,107
9181,289
9181,519
9181,562
9181,594
9181,595
9181,645
9181,680
9181,685
9182,2
9182,182
9182,233
9182,315
9182,389
9182,526
9182,613
9182,795
9182,906
9183,107
9183,289
9183,595
9183,908
9184,21
9184,77
9184,287
9184,426
9184,682
9184,750
9184,858
9184,884
9185,60
9185,235
9185,245
9185,272
9185,326
9185,627
9185,876
9186,210
9186,354
9186,492
9186,615
9186,781
9186,814
9186,817
9186,828
9187,77
9187,82
9187,222
9187,242
9187,262
9187,463
9187,535
9187,568
9187,624
9187,781
9187,821
9187,870
9187,893
9188,1
9188,25
9188,430
9188,502
9188,525
9188,613
9188,862
9189,21
9189,24
9189,77
9189,185
9189,212
9189,219
9189,314
9189,430
9189,513
9189,606
9189,615
9189,642
9189,682
9189,814
9190,125
9190,141
9190,525
9190,814
9190,962
9191,315
9191,360
9191,371
9191,626
9191,795
9191,928
9192,184
9192,214
9192,613
9193,30
9193,130
9193,227
9193,304
9193,324
9193,462
9193,502
9193,525
9193,613
9193,906
9193,913
9194,371
9194,447
9194,613
9195,1
9195,430
9195,613
9196,104
9196,126
9196,613
9197,33
9197,88
9197,125
9197,314
9197,414
9197,489
9197,531
9197,615
9197,693
9197,781
9197,814
9198,60
9198,163
9198,299
9198,499
9198,595
9199,77
9199,82
9200,77
9200,219
9200,222
9200,430
9201,60
9201,205
9201,595
9201,647
9202,60
9202,136
9202,205
9202,595
9203,30
9203,130
9203,227
9203,231
9203,304
9203,457
9203,858
9203,912
9204,820
9205,125
9205,161
9205,250
9205,256
9205,354
9205,374
9205,416
9205,606
9205,609
9205,814
9205,828
9206,2
9206,55
9206,315
9206,355
9206,526
9206,613
9206,949
9207,44
9207,60
9207,245
9207,751
9208,112
9208,184
9208,214
9208,613
9209,2
9209,45
9209,55
9209,315
9209,525
9209,526
9209,613
9209,795
9209,983
9209,984
9210,220
9210,560
9210,595
9211,25
9211,30
9211,33
9211,50
9211,66
9211,318
9211,324
9211,613
9211,806
9211,906
9212,2
9212,27
9212,55
9212,315
9212,363
9212,390
9212,469
9212,613
9212,843
9212,961
9213,5
9213,77
9213,144
9213,304
9213,659
9213,757
9213,814
9213,862
9214,27
9214,278
9214,390
9214,613
9214,682
9214,961
9215,205
9215,292
9215,595
9215,759
9216,352
9216,354
9216,492
9216,525
9216,613
9217,205
9217,292
9217,453
9217,595
9217,596
9217,759
9217,877
9218,205
9218,292
9218,453
9218,595
9218,596
9218,759
9218,877
9219,30
9219,33
9219,50
9219,609
9219,912
9220,30
9220,32
9220,37
9220,62
9220,457
9220,570
9220,656
9220,851
9220,858
9221,186
9221,292
9221,453
9221,595
9221,596
9221,759
9221,877
9222,65
9222,77
9222,82
9222,144
9222,242
9222,354
9222,416
9222,432
9222,463
9222,531
9222,540
9222,862
9223,131
9223,242
9223,354
9223,814
9223,828
9223,830
9224,77
9224,219
9224,242
9224,430
9224,463
9224,642
9224,756
9224,781
9224,814
9224,830
9224,923
9225,354
9225,355
9225,401
9225,814
9225,828
9226,60
9226,205
9226,235
9226,595
9226,647
9226,762
9227,205
9227,289
9227,595
9227,717
9227,837
9228,430
9228,642
9228,814
9229,77
9229,144
9229,262
9229,462
9230,197
9230,293
9230,352
9230,354
9230,494
9230,606
9230,613
9230,682
9230,814
9230,828
9231,32
9231,260
9231,503
9231,560
9231,595
9231,680
9231,780
9232,16
9232,174
9232,241
9232,352
9232,354
9232,613
9232,814
9232,828
9232,891
9233,220
9233,499
9233,595
9234,1
9234,355
9234,430
9234,613
9235,352
9235,354
9235,489
9235,613
9235,682
9235,814
9235,828
9236,525
9236,613
9237,205
9237,220
9237,560
9237,595
9237,680
9237,771
9237,922
9238,27
9238,390
9238,469
9238,532
9238,613
9238,843
9238,961
9239,27
9239,112
9239,390
9239,469
9239,613
9239,843
9239,961
9240,30
9240,228
9240,456
9240,469
9240,554
9240,793
9240,814
9240,939
9240,961
9241,25
9241,355
9241,462
9241,502
9241,613
9241,757
9241,814
9242,25
9242,68
9242,109
9242,200
9242,217
9242,293
9242,606
9242,613
9242,682
9242,693
9242,814
9243,109
9243,197
9243,293
9243,352
9243,354
9243,492
9243,613
9243,626
9243,682
9243,928
9243,968
9244,109
9244,197
9244,606
9244,626
9244,682
9244,814
9244,928
9244,968
9245,30
9245,109
9245,197
9245,682
9245,791
9245,912
9245,968
9246,109
9246,197
9246,297
9246,354
9246,492
9246,606
9246,626
9246,627
9246,682
9246,693
9246,814
9246,817
9246,828
9246,928
9246,968
9247,200
9247,217
9247,606
9247,682
9247,814
9247,904
9248,109
9248,197
9248,606
9248,682
9248,693
9248,814
9248,968
9249,25
9249,30
9249,66
9249,109
9249,200
9249,227
9249,293
9249,324
9249,462
9249,502
9249,613
9249,682
9249,791
9249,906
9250,354
9250,814
9250,828
9250,985
9251,30
9251,111
9251,137
9251,457
9251,554
9251,858
9252,23
9252,32
9252,37
9252,319
9252,336
9252,354
9252,492
9252,506
9252,570
9252,851
9252,858
9252,860
9252,894
9253,27
9253,317
9253,352
9253,354
9253,390
9253,469
9253,613
9253,822
9253,843
9253,961
9254,112
9254,184
9254,214
9254,613
9255,613
9255,814
9256,25
9256,613
9256,814
9257,109
9257,197
9257,293
9257,352
9257,354
9257,613
9257,682
9257,968
9258,222
9258,430
9258,893
9259,389
9259,496
9259,606
9259,682
9259,814
9260,133
9260,220
9260,360
9260,474
9260,595
9260,598
9260,820
9261,289
9261,560
9261,567
9261,594
9261,595
9261,647
9262,107
9262,220
9262,289
9262,583
9262,595
9263,60
9263,299
9264,133
9264,159
9264,220
9264,474
9264,595
9264,598
9264,652
9265,233
9265,389
9265,496
9265,525
9265,604
9265,613
9265,678
9265,781
9265,814
9265,878
9265,931
9266,125
9266,333
9266,389
9266,462
9266,496
9266,757
9266,814
9266,838
9266,878
9267,109
9267,125
9267,200
9267,202
9267,217
9267,354
9267,531
9267,606
9267,682
9267,814
9267,828
9268,77
9268,82
9268,144
9268,371
9268,462
9268,746
9269,814
9270,21
9270,77
9270,240
9270,426
9270,513
9270,682
9270,750
9270,858
9271,256
9271,315
9271,621
9271,795
9272,104
9272,126
9272,352
9272,354
9272,365
9272,613
9273,220
9273,499
9273,595
9274,77
9274,144
9274,242
9274,463
9274,756
9274,862
9275,242
9275,387
9275,540
9275,757
9275,814
9275,830
9275,862
9275,878
9275,931
9276,205
9276,220
9276,289
9276,382
9276,449
9276,595
9276,928
9277,289
9277,519
9277,562
9277,583
9277,595
9278,125
9278,531
9278,814
9279,242
9279,288
9279,354
9279,430
9279,606
9279,642
9279,682
9279,814
9279,828
9280,60
9280,136
9280,141
9280,205
9280,257
9280,595
9280,696
9281,125
9281,354
9281,606
9281,682
9281,814
9281,817
9281,828
9281,891
9282,60
9282,256
9282,299
9282,682
9283,220
9283,595
9283,842
9284,163
9284,205
9284,289
9284,569
9284,594
9284,595
9284,790
9284,837
9284,951
9285,198
9285,579
9285,580
9285,928
9286,289
9286,595
9286,907
9287,109
9287,197
9287,293
9287,613
9287,682
9287,968
9288,60
9288,299
9289,220
9289,289
9289,449
9289,519
9289,595
9290,2
9290,182
9290,315
9290,526
9290,613
9290,787
9290,795
9291,2
9291,35
9291,45
9291,55
9291,182
9291,315
9291,330
9291,525
9291,526
9291,531
9291,613
9291,795
9292,45
9292,55
9292,169
9292,182
9292,315
9292,360
9292,526
9292,626
9292,787
9292,928
9292,983
9293,26
9293,354
9293,416
9293,814
9293,828
9294,184
9294,214
9294,613
9295,60
9295,299
9295,546
9296,30
9296,115
9296,227
9296,313
9296,682
9296,791
9297,814
9298,205
9298,595
9298,748
9299,125
9299,210
9299,430
9299,525
9299,531
9299,642
9299,693
9299,781
9299,814
9300,315
9300,354
9300,814
9300,828
9301,60
9301,245
9302,159
9302,474
9302,595
9302,598
9303,205
9303,478
9303,595
9303,771
9303,789
9304,33
9304,194
9304,430
9304,506
9304,642
9304,814
9305,30
9305,227
9305,502
9305,613
9305,862
9305,906
9305,910
9305,912
9305,932
9305,945
9306,291
9306,292
9306,415
9306,519
9306,595
9306,751
9306,759
9306,846
9306,877
9307,190
9308,21
9308,77
9308,82
9308,115
9308,144
9308,387
9308,682
9309,30
9309,227
9309,462
9309,945
9310,30
9310,227
9310,375
9311,101
9311,289
9311,296
9311,560
9311,567
9311,595
9312,352
9312,354
9312,613
9313,184
9313,214
9313,613
9314,1
9314,25
9314,30
9314,33
9314,227
9314,430
9314,507
9314,613
9314,781
9314,906
9315,88
9315,489
9315,615
9315,707
9315,814
9316,33
9316,125
9316,352
9316,354
9316,492
9316,613
9316,698
9316,814
9316,828
9317,30
9317,130
9317,227
9317,304
9317,401
9317,462
9317,502
9317,613
9317,906
9318,67
9318,184
9318,201
9318,214
9318,293
9318,364
9318,613
9319,30
9319,256
9319,375
9319,682
9319,781
9319,980
9320,474
9320,595
9320,598
9320,685
9321,1
9321,242
9321,430
9321,540
9321,604
9321,613
9321,641
9321,850
9321,878
9322,242
9322,613
9322,641
9322,756
9322,814
9322,830
9322,923
9323,242
9323,502
9323,613
9323,641
9323,757
9323,814
9323,830
9323,862
9324,30
9324,210
9324,227
9324,609
9324,757
9324,814
9324,817
9324,862
9324,945
9325,1
9325,322
9325,324
9325,430
9325,613
9325,910
9326,131
9326,352
9326,354
9326,525
9326,613
9326,626
9326,698
9326,814
9326,828
9326,928
9327,133
9327,474
9327,533
9327,595
9327,652
9327,741
9327,745
9327,792
9327,801
9328,290
9328,314
9328,489
9328,682
9328,693
9328,814
9329,49
9329,146
9329,337
9329,478
9329,567
9329,595
9329,685
9329,789
9329,925
9330,60
9330,245
9331,60
9331,299
9331,762
9331,876
9332,527
9332,531
9332,693
9332,814
9333,109
9333,197
9333,293
9333,352
9333,354
9333,606
9333,613
9333,626
9333,814
9333,828
9333,928
9333,968
9334,2
9334,30
9334,151
9334,182
9334,418
9334,526
9334,554
9334,613
9334,795
9335,11
9335,60
9335,251
9335,595
9335,683
9335,751
9336,30
9336,33
9336,50
9336,130
9336,290
9336,304
9336,414
9336,489
9336,656
9336,659
9336,682
9336,781
9336,814
9336,912
9337,595
9337,683
9337,877
9338,11
9338,60
9338,251
9338,299
9338,569
9338,595
9338,683
9338,751
9339,310
9339,337
9339,567
9339,595
9339,817
9339,907
9340,30
9340,109
9340,197
9340,554
9340,606
9340,626
9340,682
9340,791
9340,814
9340,928
9340,968
9341,32
9341,474
9341,503
9341,533
9341,595
9341,820
9342,32
9342,106
9342,325
9342,503
9342,595
9342,780
9342,863
9342,899
9343,146
9343,171
9343,337
9343,595
9343,925
9343,951
9344,134
9344,474
9344,533
9344,595
9344,745
9345,337
9345,595
9345,919
9346,77
9346,286
9346,814
9347,77
9347,82
9347,525
9348,30
9348,375
9348,781
9349,49
9349,96
9349,146
9349,218
9349,595
9350,33
9350,125
9350,267
9350,290
9350,354
9350,414
9350,489
9350,609
9350,693
9350,781
9350,814
9350,828
9351,77
9351,144
9351,219
9351,234
9351,430
9351,462
9351,642
9351,682
9351,757
9351,814
9352,228
9352,613
9352,710
9352,814
9353,125
9353,297
9353,322
9353,333
9353,491
9353,506
9353,525
9353,609
9353,627
9353,814
9354,77
9354,82
9354,682
9355,354
9355,462
9355,492
9355,682
9355,757
9355,814
9355,828
9356,30
9356,227
9356,462
9356,502
9356,613
9356,682
9356,906
9357,30
9357,554
9357,609
9357,814
9357,912
9358,6
9358,295
9358,337
9358,339
9358,567
9358,595
9359,30
9359,227
9359,462
9359,513
9359,606
9359,682
9359,757
9359,791
9359,814
9360,32
9360,157
9360,291
9360,319
9360,453
9360,503
9360,577
9360,595
9361,1
9361,33
9361,318
9361,414
9361,430
9361,613
9361,642
9361,814
9362,32
9362,291
9362,503
9362,577
9362,595
9362,803
9362,928
9363,295
9363,337
9363,339
9363,595
9364,5
9364,21
9364,77
9364,144
9364,242
9364,304
9364,462
9364,628
9364,682
9365,2
9365,35
9365,55
9365,315
9365,348
9365,371
9365,526
9365,609
9365,613
9365,682
9365,787
9365,795
9365,834
9365,983
9366,453
9366,573
9366,595
9366,596
9366,751
9366,877
9367,297
9367,354
9367,627
9367,814
9367,828
9368,2
9368,55
9368,315
9368,526
9368,613
9368,787
9368,795
9368,983
9369,60
9369,245
9369,299
9370,54
9370,337
9370,595
9370,960
9371,4
9371,32
9371,531
9371,540
9371,570
9371,577
9371,670
9371,682
9371,878
9372,1
9372,288
9372,352
9372,354
9372,430
9372,613
9372,642
9372,814
9372,828
9373,430
9373,642
9373,814
9374,66
9374,371
9374,447
9374,613
9375,49
9375,54
9375,146
9375,171
9375,295
9375,310
9375,337
9375,567
9375,595
9375,645
9376,222
9376,276
9376,870
9377,222
9377,430
9377,525
9377,608
9377,870
9378,146
9378,310
9378,337
9378,567
9378,595
9378,970
9379,184
9379,613
9379,964
9380,77
9380,814
9381,30
9381,227
9381,554
9381,656
9381,912
9382,613
9383,295
9383,310
9383,337
9383,567
9383,595
9383,908
9384,11
9384,60
9384,71
9384,245
9384,299
9384,310
9384,323
9384,546
9384,595
9384,665
9384,723
9384,762
9384,783
9385,77
9385,82
9385,125
9385,144
9385,608
9385,609
9385,722
9385,757
9385,781
9385,814
9385,817
9386,30
9386,227
9386,912
9387,2
9387,55
9387,182
9387,315
9387,525
9387,526
9387,613
9387,795
9387,949
9388,60
9389,88
9389,489
9389,525
9389,701
9389,814
9389,928
9390,25
9390,30
9390,75
9390,240
9390,253
9390,307
9390,385
9390,401
9390,457
9390,534
9390,613
9390,814
9390,858
9390,906
9391,87
9391,133
9391,474
9391,533
9391,595
9391,741
9391,958
9391,983
9392,25
9392,112
9392,184
9392,613
9392,964
9393,295
9393,337
9393,595
9393,908
9394,138
9394,327
9394,337
9394,449
9394,562
9394,595
9394,665
9394,741
9394,908
9395,288
9395,354
9395,356
9395,430
9395,541
9395,642
9395,682
9395,793
9395,814
9395,822
9395,828
9395,961
9396,30
9396,109
9396,197
9396,227
9396,462
9396,628
9396,791
9396,912
9396,968
9397,109
9397,197
9397,462
9397,606
9397,626
9397,757
9397,814
9397,928
9397,968
9398,30
9398,137
9398,457
9398,525
9398,554
9398,750
9398,805
9398,858
9398,912
9399,288
9399,354
9399,430
9399,642
9399,814
9399,828
9399,963
9399,980
9400,109
9400,197
9400,606
9400,693
9400,814
9400,968
9401,60
9401,401
9402,109
9402,197
9402,293
9402,387
9402,462
9402,502
9402,606
9402,613
9402,626
9402,757
9402,814
9402,928
9402,968
9403,60
9403,299
9403,304
9403,682
9404,595
9404,596
9404,877
9404,925
9405,310
9405,337
9405,567
9405,595
9405,738
9406,474
9406,533
9406,595
9407,533
9407,595
9408,104
9408,184
9408,613
9408,964
9409,60
9409,245
9410,25
9410,89
9410,222
9410,613
9410,826
9410,870
9411,49
9411,337
9411,478
9411,567
9411,595
9411,789
9411,925
9412,474
9412,533
9412,595
9412,820
9413,1
9413,430
9413,613
9413,642
9413,814
9414,146
9414,223
9414,289
9414,567
9414,595
9415,146
9415,223
9415,595
9416,123
9416,513
9416,606
9416,718
9416,814
9417,25
9417,293
9417,513
9417,606
9417,613
9417,718
9417,814
9418,337
9418,595
9418,925
9419,77
9419,185
9419,314
9419,525
9419,814
9420,38
9420,284
9420,293
9420,352
9420,354
9420,440
9420,492
9420,513
9420,613
9420,718
9421,25
9421,115
9421,293
9421,324
9421,538
9421,613
9421,718
9422,5
9422,21
9422,77
9422,115
9422,144
9422,304
9422,538
9422,718
9423,184
9423,201
9423,613
9423,964
9424,30
9424,430
9424,507
9424,531
9424,912
9425,77
9425,144
9425,462
9426,60
9426,100
9426,160
9426,245
9426,299
9426,304
9426,462
9426,762
9427,96
9427,132
9427,337
9427,595
9428,150
9428,471
9428,595
9428,741
9429,115
9429,314
9429,606
9429,718
9429,814
9430,352
9430,379
9430,531
9430,613
9430,944
9431,595
9431,738
9431,741
9432,15
9432,30
9432,912
9433,315
9433,526
9433,787
9433,949
9434,33
9434,35
9434,45
9434,55
9434,315
9434,526
9434,787
9435,182
9435,315
9435,360
9435,526
9435,787
9435,949
9436,315
9436,526
9436,784
9436,787
9437,182
9437,315
9437,526
9437,787
9438,288
9438,354
9438,430
9438,642
9438,814
9438,828
9439,104
9439,184
9439,613
9439,964
9440,1
9440,288
9440,352
9440,354
9440,371
9440,430
9440,447
9440,613
9441,30
9441,227
9441,313
9441,462
9441,530
9441,606
9441,674
9441,718
9441,757
9441,791
9441,814
9441,912
9441,945
9442,5
9442,77
9442,125
9442,144
9442,304
9442,462
9442,525
9442,531
9442,659
9442,718
9442,757
9442,814
9443,242
9443,293
9443,613
9443,718
9444,125
9444,354
9444,389
9444,416
9444,492
9444,496
9444,525
9444,531
9444,632
9444,814
9444,817
9444,828
9444,838
9444,878
9445,125
9445,333
9445,456
9445,469
9445,489
9445,781
9445,793
9445,814
9445,961
9446,60
9446,272
9446,326
9446,627
9446,876
9447,33
9447,77
9447,196
9447,222
9447,655
9447,718
9448,84
9448,295
9448,337
9448,537
9448,595
9449,125
9449,278
9449,333
9449,348
9449,483
9449,606
9449,609
9449,635
9449,718
9449,814
9450,138
9450,337
9450,339
9450,562
9450,595
9450,607
9451,21
9451,77
9451,82
9451,219
9451,256
9451,430
9451,606
9451,718
9451,814
9451,973
9452,32
9452,47
9452,146
9452,503
9452,595
9452,816
9453,32
9453,319
9453,503
9453,577
9453,595
9453,780
9453,816
9454,60
9454,245
9454,299
9454,415
9454,536
9454,718
9455,21
9455,77
9455,115
9455,185
9455,314
9455,538
9455,606
9455,718
9455,814
9456,32
9456,62
9456,106
9456,503
9456,533
9456,595
9456,780
9456,899
9457,2
9457,315
9457,526
9457,582
9457,613
9457,795
9458,474
9458,533
9458,595
9458,837
9459,60
9459,272
9459,326
9459,627
9460,352
9460,354
9460,613
9460,814
9460,828
9461,814
9462,538
9462,613
9462,718
9463,538
9463,613
9463,718
9463,814
9464,30
9464,227
9464,313
9464,462
9464,538
9464,718
9464,757
9464,814
9465,21
9465,77
9465,115
9465,125
9465,202
9465,286
9465,354
9465,538
9465,606
9465,609
9465,718
9465,814
9465,817
9465,828
9466,77
9466,82
9466,222
9466,262
9466,472
9466,538
9466,718
9466,893
9467,30
9467,227
9467,313
9467,387
9467,462
9467,538
9467,718
9467,912
9468,337
9468,595
9468,908
9469,30
9469,115
9469,227
9469,293
9469,313
9469,462
9469,502
9469,613
9469,718
9469,791
9469,906
9470,60
9470,299
9470,595
9470,683
9471,77
9471,82
9471,222
9471,609
9472,133
9472,151
9472,595
9472,741
9473,60
9473,438
9473,762
9474,474
9474,533
9474,595
9474,745
9474,792
9474,820
9475,125
9475,202
9475,354
9475,814
9475,828
9476,1
9476,75
9476,269
9476,288
9476,352
9476,354
9476,401
9476,430
9476,492
9476,534
9476,613
9477,60
9477,100
9477,235
9477,299
9477,546
9477,744
9478,430
9478,606
9478,642
9478,814
9478,891
9479,54
9479,474
9479,533
9479,595
9479,792
9479,801
9480,613
9480,964
9481,595
9481,925
9481,964
9482,6
9482,171
9482,595
9482,805
9482,925
9482,951
9483,380
9483,595
9484,21
9484,77
9484,89
9484,222
9484,242
9484,293
9484,613
9484,718
9485,6
9485,595
9485,741
9486,60
9486,245
9486,476
9486,580
9486,928
9487,133
9487,151
9487,157
9487,595
9487,741
9487,922
9487,925
9488,92
9488,108
9488,160
9488,256
9488,430
9488,606
9488,642
9488,718
9488,814
9488,923
9488,973
9489,77
9489,92
9489,219
9489,430
9489,642
9489,814
9490,337
9490,595
9491,49
9491,146
9491,310
9491,337
9491,567
9491,595
9491,925
9492,184
9492,613
9492,964
9493,315
9493,526
9493,787
9493,795
9494,295
9494,337
9494,595
9494,908
9495,30
9495,33
9495,38
9495,55
9495,231
9495,315
9495,426
9495,554
9495,636
9495,718
9495,752
9495,791
9495,858
9495,949
9496,615
9496,814
9497,25
9497,125
9497,531
9497,613
9497,638
9497,718
9497,781
9497,814
9498,146
9498,310
9498,337
9498,567
9498,595
9498,683
9499,290
9499,489
9499,615
9499,707
9499,814
9500,60
9500,245
9500,299
9500,595
9500,925
9501,157
9501,310
9501,595
9501,741
9501,925
9502,38
9502,60
9502,100
9502,299
9502,462
9502,762
9503,1
9503,76
9503,293
9503,430
9503,606
9503,613
9503,642
9503,786
9503,814
9504,77
9504,82
9504,219
9504,262
9504,430
9504,609
9504,814
9505,24
9505,309
9505,430
9505,606
9505,642
9505,718
9505,814
9506,60
9506,582
9506,790
9506,875
9507,222
9507,531
9507,893
9508,30
9508,554
9509,354
9509,814
9509,828
9510,231
9510,336
9510,354
9510,492
9510,525
9510,609
9510,858
9511,133
9511,151
9511,171
9511,471
9511,595
9511,741
9511,777
9512,30
9512,137
9512,372
9512,457
9512,525
9512,531
9512,554
9512,710
9512,858
9513,30
9513,130
9513,227
9513,304
9513,462
9513,530
9513,659
9513,757
9513,814
9513,915
9514,125
9514,729
9514,814
9514,851
9515,222
9515,430
9515,893
9516,30
9516,227
9516,313
9516,462
9516,530
9516,538
9516,674
9516,718
9516,791
9516,912
9517,190
9518,157
9518,337
9518,533
9518,595
9519,336
9519,613
9520,60
9520,595
9520,925
9521,182
9521,197
9521,315
9521,526
9521,627
9521,704
9521,795
9521,968
9522,115
9522,352
9522,354
9522,523
9522,547
9522,613
9523,46
9523,337
9523,567
9523,595
9523,782
9523,837
9524,21
9524,77
9524,173
9524,219
9524,396
9524,430
9524,606
9524,642
9524,814
9525,30
9525,135
9525,359
9525,554
9525,613
9525,814
9525,864
9526,30
9526,227
9526,475
9526,862
9526,912
9526,945
9527,297
9527,354
9527,366
9527,591
9527,729
9527,732
9527,810
9527,814
9527,828
9527,851
9527,924
9527,957
9528,125
9528,525
9528,531
9528,613
9528,814
9529,430
9529,642
9529,814
9530,371
9530,811
9530,814
9531,188
9531,725
9531,810
9531,986
9532,181
9532,225
9532,344
9532,725
9533,77
9533,116
9533,144
9533,387
9533,613
9533,851
9533,911
9534,387
9534,613
9534,851
9534,911
9535,146
9535,289
9535,477
9535,567
9535,725
9535,986
9536,387
9536,613
9536,851
9536,911
9537,387
9537,613
9537,851
9537,911
9538,30
9538,137
9538,231
9538,240
9538,457
9538,525
9538,554
9538,656
9538,752
9538,858
9539,324
9539,613
9540,125
9540,210
9540,333
9540,531
9540,814
9540,817
9541,125
9541,290
9541,315
9541,489
9541,609
9541,693
9541,707
9541,781
9541,814
9542,290
9542,297
9542,489
9542,627
9542,707
9542,781
9542,800
9542,814
9543,35
9543,315
9543,526
9543,531
9543,795
9543,949
9544,35
9544,315
9544,371
9544,526
9544,795
9545,190
9546,222
9546,893
9547,474
9547,533
9547,595
9548,60
9548,299
9548,326
9548,627
9549,25
9549,89
9549,216
9549,222
9549,613
9549,826
9550,24
9550,309
9550,462
9550,606
9550,757
9550,814
9551,16
9551,613
9551,891
9552,77
9552,115
9552,221
9552,222
9553,30
9553,109
9553,197
9553,354
9553,554
9553,606
9553,814
9553,828
9553,968
9554,30
9554,109
9554,197
9554,227
9554,462
9554,606
9554,626
9554,757
9554,791
9554,814
9554,928
9554,968
9555,30
9555,109
9555,197
9555,227
9555,462
9555,791
9555,968
9556,109
9556,197
9556,354
9556,606
9556,814
9556,828
9556,968
9557,109
9557,197
9557,293
9557,352
9557,354
9557,613
9557,626
9557,928
9557,968
9558,66
9558,197
9558,293
9558,352
9558,354
9558,613
9558,643
9558,839
9559,30
9559,109
9559,197
9559,227
9559,462
9559,791
9559,912
9559,968
9560,315
9560,469
9560,526
9560,787
9561,220
9561,337
9561,595
9561,738
9561,934
9562,220
9562,337
9562,353
9562,537
9562,595
9563,32
9563,37
9563,199
9563,503
9563,517
9563,780
9563,863
9564,474
9564,533
9564,595
9564,685
9564,983
9565,474
9565,533
9565,595
9565,683
9566,77
9566,609
9567,60
9567,299
9567,751
9568,2
9568,182
9568,313
9568,315
9568,526
9568,613
9568,674
9568,795
9568,906
9569,30
9569,554
9569,613
9570,24
9570,309
9570,354
9571,125
9571,161
9571,462
9571,606
9571,609
9571,757
9571,814
9572,60
9572,245
9573,25
9573,38
9573,161
9573,293
9573,606
9573,613
9573,814
9574,60
9574,100
9575,1
9575,288
9575,352
9575,354
9575,430
9575,613
9576,60
9576,163
9576,245
9576,299
9576,595
9576,925
9577,352
9577,354
9577,359
9577,536
9577,613
9577,905
9577,984
9578,814
9579,781
9579,814
9579,989
9580,184
9580,613
9580,964
9581,160
9581,814
9581,923
9582,324
9582,613
9583,21
9583,77
9583,82
9583,606
9583,718
9583,814
9583,891
9584,30
9584,430
9584,507
9584,525
9584,656
9585,77
9585,82
9585,219
9585,387
9585,430
9586,30
9586,63
9586,227
9586,293
9586,502
9586,613
9586,718
9586,791
9586,862
9586,906
9586,912
9587,35
9587,169
9587,315
9587,330
9587,718
9587,787
9587,820
9587,856
9587,983
9588,471
9588,595
9588,741
9588,925
9589,146
9589,171
9589,337
9589,380
9589,595
9589,925
9590,222
9590,870
9590,893
9591,104
9591,184
9591,613
9591,964
9592,104
9592,112
9592,184
9592,613
9592,964
9593,606
9593,718
9593,736
9593,814
9594,77
9594,531
9594,638
9594,718
9595,60
9595,198
9595,272
9595,326
9595,476
9595,525
9595,627
9595,841
9595,876
9595,976
9596,781
9596,814
9597,32
9597,204
9597,388
9597,503
9597,725
9598,316
9598,613
9598,718
9599,25
9599,184
9599,613
9599,964
9600,387
9600,613
9601,471
9601,595
9601,741
9601,925
9602,30
9602,66
9602,293
9602,313
9602,352
9602,354
9602,532
9602,613
9602,627
9602,718
9602,736
9602,791
9602,906
9603,25
9603,66
9603,89
9603,222
9603,293
9603,358
9603,609
9603,613
9603,718
9603,900
9604,30
9604,554
9604,707
9604,814
9605,693
9605,729
9605,757
9605,814
9605,851
9606,30
9606,457
9606,656
9606,750
9606,858
9606,912
9607,6
9607,310
9607,337
9607,567
9607,595
9607,925
9608,96
9608,595
9608,741
9609,471
9609,595
9609,683
9609,741
9610,30
9610,554
9610,814
9611,60
9612,15
9612,30
9612,227
9612,462
9612,525
9612,912
9613,202
9613,352
9613,354
9613,371
9613,447
9613,613
9614,310
9614,337
9614,395
9614,567
9614,595
9615,60
9615,163
9615,310
9615,438
9615,595
9615,762
9615,925
9616,310
9616,337
9616,567
9616,595
9616,908
9617,66
9617,613
9617,710
9618,60
9618,235
9619,256
9619,606
9619,718
9619,814
9619,973
9620,814
9621,77
9621,254
9621,781
9622,66
9622,352
9622,354
9622,613
9623,337
9623,595
9623,741
9623,925
9624,360
9624,474
9624,533
9624,595
9624,820
9625,352
9625,354
9625,359
9625,536
9625,613
9625,905
9625,984
9626,30
9626,629
9626,806
9626,912
9627,25
9627,184
9627,613
9627,964
9628,182
9628,315
9628,526
9628,795
9629,30
9629,197
9629,554
9629,606
9629,626
9629,791
9629,814
9629,868
9629,928
9629,989
9630,30
9630,197
9630,554
9630,606
9630,626
9630,791
9630,814
9630,928
9630,968
9631,12
9631,30
9631,197
9631,554
9631,606
9631,626
9631,791
9631,814
9631,928
9632,30
9632,200
9632,554
9632,606
9632,626
9632,630
9632,791
9632,814
9632,928
9633,17
9633,30
9633,200
9633,554
9633,606
9633,626
9633,791
9633,814
9633,928
9634,30
9634,197
9634,554
9634,606
9634,626
9634,791
9634,814
9634,928
9634,968
9634,989
9635,290
9635,314
9635,489
9635,707
9635,781
9635,814
9635,963
9635,980
9636,30
9636,227
9636,313
9636,462
9636,912
9637,30
9637,231
9637,426
9637,457
9637,554
9637,791
9637,858
9637,891
9637,915
9638,15
9638,30
9638,137
9638,231
9638,240
9638,457
9638,525
9638,554
9638,609
9638,805
9638,858
9639,814
9640,184
9640,293
9640,613
9640,964
9641,471
9641,595
9641,741
9641,925
9642,60
9642,326
9642,438
9642,462
9642,627
9642,762
9643,77
9643,144
9643,219
9643,430
9643,462
9644,33
9644,60
9644,299
9644,718
9644,723
9644,790
9644,875
9645,2
9645,45
9645,55
9645,66
9645,315
9645,360
9645,525
9645,526
9645,613
9645,626
9645,787
9645,795
9645,928
9646,7
9646,473
9646,595
9646,706
9646,925
9646,964
9647,613
9647,729
9647,814
9647,851
9647,911
9648,5
9648,21
9648,77
9648,144
9648,242
9648,304
9648,387
9648,462
9648,566
9648,609
9648,718
9649,2
9649,55
9649,315
9649,613
9649,921
9650,21
9650,77
9650,144
9650,718
9651,352
9651,354
9651,492
9651,613
9651,698
9651,781
9651,814
9651,828
9652,77
9652,82
9652,222
9652,262
9652,893
9653,315
9653,636
9653,858
9653,949
9654,77
9654,82
9654,222
9654,750
9654,805
9654,858
9655,77
9655,82
9656,77
9656,82
9656,222
9656,262
9656,276
9656,535
9656,609
9656,821
9656,870
9656,893
9657,29
9657,77
9657,219
9657,222
9657,262
9657,387
9657,430
9657,705
9657,893
9657,902
9658,184
9658,613
9659,77
9659,125
9659,262
9659,506
9659,609
9659,781
9659,814
9660,125
9660,340
9660,354
9660,531
9660,756
9660,814
9660,817
9660,828
9660,923
9661,289
9661,339
9662,60
9662,163
9662,245
9662,595
9662,683
9662,755
9663,60
9663,163
9663,235
9663,245
9663,595
9663,683
9663,755
9664,60
9664,163
9664,299
9664,569
9664,595
9664,790
9664,925
9665,146
9665,337
9665,353
9665,537
9665,567
9665,595
9666,138
9666,337
9666,353
9666,537
9666,562
9666,595
9667,138
9667,327
9667,353
9667,537
9667,595
9667,741
9668,60
9668,163
9668,310
9668,438
9668,595
9668,683
9668,762
9669,16
9669,174
9669,293
9669,321
9669,352
9669,354
9669,396
9669,606
9669,613
9669,698
9669,814
9669,828
9670,60
9670,595
9670,877
9670,970
9671,2
9671,35
9671,55
9671,315
9671,609
9671,613
9671,795
9672,10
9672,225
9672,252
9672,665
9672,877
9672,919
9673,32
9673,98
9673,315
9673,570
9673,636
9673,795
9673,816
9673,851
9674,30
9674,718
9674,791
9674,912
9674,915
9675,38
9675,77
9675,94
9675,116
9675,125
9675,144
9675,387
9675,495
9675,693
9675,729
9675,757
9675,814
9675,851
9675,878
9676,32
9676,57
9676,503
9676,725
9676,803
9677,146
9677,296
9677,337
9677,562
9677,567
9677,595
9677,782
9678,2
9678,55
9678,315
9678,347
9678,526
9678,613
9678,795
9678,983
9679,1
9679,288
9679,352
9679,354
9679,430
9679,613
9679,626
9679,928
9680,77
9680,125
9680,202
9680,354
9680,814
9680,828
9681,33
9681,60
9681,790
9681,875
9682,259
9682,430
9682,606
9682,642
9682,668
9682,693
9682,718
9682,814
9683,60
9683,163
9683,569
9683,595
9683,683
9683,790
9684,55
9684,114
9684,297
9684,315
9684,627
9684,638
9684,814
9685,296
9685,337
9685,567
9685,595
9686,30
9686,125
9686,202
9686,354
9686,525
9686,554
9686,609
9686,814
9686,828
9687,125
9687,240
9687,385
9687,609
9687,805
9687,814
9687,858
9688,60
9688,245
9688,299
9688,595
9688,925
9689,1
9689,233
9689,288
9689,352
9689,354
9689,389
9689,430
9689,460
9689,492
9689,613
9690,5
9690,33
9690,77
9690,144
9690,206
9690,304
9690,462
9690,659
9690,718
9690,757
9690,814
9691,88
9691,489
9691,707
9691,711
9691,756
9691,757
9691,814
9691,862
9692,171
9692,337
9692,449
9692,478
9692,567
9692,595
9692,645
9692,741
9692,789
9692,827
9692,925
9693,32
9694,32
9695,60
9695,100
9695,235
9695,245
9695,462
9695,476
9695,580
9695,762
9695,928
9696,32
9696,57
9696,258
9696,319
9696,503
9696,725
9696,816
9697,30
9697,37
9697,62
9697,106
9697,457
9697,570
9697,851
9697,858
9698,533
9698,595
9698,683
9699,310
9699,337
9699,567
9699,595
9699,726
9699,925
9700,471
9700,533
9700,595
9700,741
9701,59
9701,160
9701,293
9701,606
9701,613
9701,744
9701,814
9701,923
9702,337
9702,393
9702,567
9702,595
9702,717
9702,925
9703,310
9703,337
9703,567
9703,595
9703,926
9704,25
9704,613
9705,185
9705,527
9706,101
9706,146
9706,595
9706,925
9706,934
9707,109
9707,197
9707,462
9707,502
9707,613
9707,626
9707,928
9707,968
9708,25
9708,184
9708,613
9708,964
9709,184
9709,613
9710,125
9710,210
9710,242
9710,348
9710,483
9710,606
9710,609
9710,615
9710,718
9710,814
9711,33
9711,38
9711,430
9711,642
9711,693
9711,814
9712,60
9712,100
9712,299
9712,531
9712,876
9713,352
9713,354
9713,613
9713,814
9713,828
9714,21
9714,77
9714,197
9714,217
9714,219
9714,430
9714,606
9714,642
9714,718
9714,814
9714,904
9715,242
9715,354
9715,606
9715,718
9715,814
9715,828
9715,918
9715,985
9716,30
9716,227
9716,462
9716,609
9716,912
9717,138
9717,595
9717,741
9717,922
9717,925
9718,60
9718,790
9718,875
9719,430
9719,642
9719,814
9720,474
9720,533
9720,595
9720,741
9721,613
9721,718
9721,851
9722,32
9722,57
9722,177
9722,204
9722,503
9722,725
9723,210
9723,290
9723,466
9723,489
9723,525
9723,814
9724,77
9724,116
9724,213
9724,366
9724,387
9724,436
9724,750
9724,851
9724,858
9725,104
9725,126
9725,352
9725,354
9725,492
9725,613
9726,38
9726,115
9726,277
9726,814
9727,125
9727,290
9727,489
9727,609
9727,707
9727,814
9728,77
9728,82
9728,144
9728,387
9728,462
9728,525
9729,125
9729,202
9729,336
9729,354
9729,492
9729,609
9729,814
9729,828
9730,380
9730,503
9730,595
9730,925
9731,1
9731,25
9731,430
9731,462
9731,502
9731,613
9732,21
9732,77
9732,115
9732,262
9732,387
9732,538
9732,718
9733,84
9733,138
9733,295
9733,337
9733,562
9733,595
9734,104
9734,126
9734,352
9734,354
9734,613
9735,77
9735,82
9735,125
9735,525
9735,609
9735,814
9736,1
9736,430
9736,613
9736,642
9736,814
9737,32
9737,35
9737,55
9737,315
9737,526
9737,795
9737,851
9737,983
9738,25
9738,89
9738,222
9738,293
9738,331
9738,613
9738,718
9738,900
9738,902
9739,32
9739,57
9739,177
9739,503
9739,725
9740,60
9740,207
9740,299
9740,790
9740,980
9741,32
9741,177
9741,204
9741,239
9741,319
9741,388
9741,503
9741,725
9742,2
9742,45
9742,55
9742,182
9742,315
9742,526
9742,613
9742,795
9743,352
9743,354
9743,366
9743,613
9743,851
9743,911
9743,957
9744,32
9744,57
9744,177
9744,325
9744,503
9744,725
9745,115
9745,277
9745,314
9745,757
9745,814
9746,352
9746,379
9746,613
9746,711
9747,33
9747,222
9747,331
9747,718
9747,870
9747,893
9748,32
9748,57
9748,325
9748,503
9748,725
9748,803
9748,816
9749,32
9749,57
9749,177
9749,503
9749,725
9750,146
9750,150
9750,310
9750,595
9751,30
9751,613
9751,806
9751,906
9752,49
9752,146
9752,255
9752,310
9752,337
9752,567
9752,595
9752,970
9753,77
9753,144
9753,185
9753,354
9753,462
9753,492
9754,77
9754,125
9754,144
9754,161
9754,256
9754,489
9754,514
9754,531
9754,693
9754,757
9754,814
9754,862
9755,25
9755,242
9755,293
9755,352
9755,354
9755,416
9755,492
9755,606
9755,613
9755,718
9755,814
9755,828
9755,985
9756,30
9756,135
9756,227
9756,457
9756,462
9756,858
9756,945
9757,25
9757,324
9757,613
9757,628
9758,310
9758,337
9758,567
9758,595
9758,738
9758,837
9759,66
9759,109
9759,197
9759,293
9759,352
9759,354
9759,606
9759,613
9759,626
9759,814
9759,828
9759,928
9759,968
9760,109
9760,197
9760,606
9760,814
9760,878
9760,931
9760,968
9761,337
9761,595
9761,685
9761,925
9762,109
9762,197
9762,354
9762,606
9762,626
9762,814
9762,828
9762,928
9762,968
9763,109
9763,197
9763,462
9763,606
9763,628
9763,757
9763,814
9763,968
9764,6
9764,310
9764,337
9764,567
9764,595
9764,782
9764,925
9765,337
9765,339
9765,595
9766,101
9766,146
9766,310
9766,337
9766,339
9766,567
9766,595
9767,337
9767,339
9767,595
9768,1
9768,25
9768,430
9768,525
9768,613
9769,66
9769,200
9769,217
9769,352
9769,354
9769,613
9769,904
9770,5
9770,21
9770,77
9770,144
9770,193
9770,242
9770,304
9770,348
9770,387
9770,462
9770,566
9771,60
9771,462
9771,762
9772,2
9772,182
9772,242
9772,315
9772,613
9772,795
9772,906
9773,200
9773,217
9773,352
9773,354
9773,613
9773,904
9774,21
9774,77
9774,82
9774,144
9774,462
9774,538
9774,606
9774,674
9774,718
9774,757
9774,814
9775,15
9775,30
9775,40
9775,63
9775,197
9775,217
9775,227
9775,475
9775,718
9775,791
9775,862
9775,904
9775,912
9776,109
9776,197
9776,430
9776,606
9776,693
9776,718
9776,814
9776,968
9777,30
9777,227
9777,488
9777,644
9777,851
9777,965
9778,60
9778,163
9778,299
9778,665
9778,683
9778,723
9779,32
9779,57
9779,177
9779,319
9779,503
9779,725
9780,30
9780,227
9780,488
9780,644
9780,851
9780,965
9781,38
9781,234
9781,430
9781,642
9781,814
9782,66
9782,109
9782,200
9782,217
9782,352
9782,354
9782,613
9782,718
9782,921
9783,146
9783,337
9783,573
9783,595
9784,49
9784,146
9784,337
9784,395
9784,595
9785,293
9785,348
9785,483
9785,606
9785,613
9785,718
9785,814
9785,834
9785,891
9786,77
9786,82
9786,125
9786,385
9786,531
9786,693
9786,750
9786,814
9786,858
9787,337
9787,595
9787,925
9788,54
9788,138
9788,295
9788,327
9788,337
9788,562
9788,595
9788,741
9789,352
9789,354
9789,359
9789,536
9789,613
9789,905
9790,242
9790,613
9790,641
9790,928
9791,135
9791,352
9791,354
9791,359
9791,531
9791,613
9791,715
9792,352
9792,354
9792,359
9792,416
9792,536
9792,613
9792,905
9792,984
9793,197
9793,293
9793,352
9793,354
9793,606
9793,613
9793,718
9793,732
9793,814
9793,828
9793,918
9794,21
9794,77
9794,82
9794,125
9794,144
9794,606
9794,718
9794,757
9794,814
9794,891
9795,25
9795,30
9795,216
9795,554
9795,613
9795,814
9795,906
9796,198
9796,385
9796,636
9796,710
9796,795
9796,814
9796,858
9796,928
9797,613
9797,964
9798,182
9798,197
9798,315
9798,795
9798,968
9799,30
9799,554
9799,609
9799,718
9799,891
9800,160
9800,282
9800,290
9800,489
9800,516
9800,606
9800,693
9800,718
9800,814
9801,109
9801,197
9801,462
9801,718
9801,757
9801,814
9801,968
9802,31
9802,125
9802,213
9802,385
9802,436
9802,531
9802,729
9802,814
9802,817
9802,851
9802,858
9803,60
9803,299
9803,389
9803,546
9804,77
9804,336
9804,814
9805,595
9805,741
9805,925
9806,32
9806,57
9806,177
9806,204
9806,325
9806,503
9806,725
9806,816
9807,88
9807,125
9807,489
9807,525
9807,531
9807,606
9807,718
9807,814
9808,430
9808,814
9809,2
9809,55
9809,315
9809,525
9809,526
9809,613
9809,795
9809,983
9810,337
9810,533
9810,595
9810,683
9810,712
9810,983
9811,125
9811,613
9811,814
9812,109
9812,197
9812,290
9812,297
9812,489
9812,606
9812,627
9812,707
9812,718
9812,814
9812,968
9813,729
9813,814
9813,851
9814,263
9814,330
9814,474
9814,533
9814,665
9814,820
9815,814
9815,963
9815,980
9816,184
9816,613
9816,964
9817,30
9817,115
9817,277
9817,314
9817,806
9817,814
9817,912
9817,943
9818,36
9818,327
9818,741
9819,36
9819,327
9819,741
9820,77
9820,125
9820,219
9820,430
9820,489
9820,642
9820,814
9821,6
9821,36
9821,146
9821,295
9821,595
9822,54
9822,138
9822,157
9822,327
9822,337
9822,562
9822,595
9822,741
9823,25
9823,125
9823,293
9823,606
9823,613
9823,635
9823,718
9823,814
9824,60
9824,272
9824,326
9824,627
9824,841
9824,976
9825,6
9825,146
9825,310
9825,595
9825,925
9826,77
9826,144
9826,200
9826,217
9826,462
9826,757
9826,814
9826,904
9827,21
9827,77
9827,144
9827,200
9827,217
9827,293
9827,352
9827,354
9827,462
9827,502
9827,606
9827,613
9827,757
9827,814
9827,828
9827,904
9828,88
9828,200
9828,217
9828,314
9828,489
9828,707
9828,814
9828,903
9828,904
9829,32
9829,69
9829,177
9829,319
9829,453
9829,503
9829,663
9829,725
9829,894
9830,32
9830,177
9830,319
9830,336
9830,570
9830,663
9830,795
9830,851
9830,894
9831,44
9831,60
9831,751
9832,66
9832,184
9832,293
9832,613
9833,197
9833,293
9833,606
9833,613
9833,693
9833,814
9833,868
9834,30
9834,125
9834,674
9834,718
9834,814
9834,915
9835,30
9835,227
9835,674
9835,718
9836,77
9837,54
9837,146
9837,295
9837,337
9837,413
9837,567
9837,665
9837,929
9838,184
9838,613
9838,964
9839,474
9839,533
9839,595
9839,685
9840,84
9840,138
9840,295
9840,337
9840,562
9840,595
9841,595
9841,596
9841,877
9841,925
9842,21
9842,77
9842,82
9842,144
9842,242
9842,462
9842,606
9842,757
9842,814
9843,54
9843,295
9843,310
9843,327
9843,337
9843,562
9843,567
9843,595
9843,741
9844,181
9844,225
9844,344
9844,552
9844,725
9845,77
9845,82
9845,354
9845,525
9846,77
9846,144
9846,430
9846,462
9846,642
9846,757
9846,814
9847,352
9847,354
9847,613
9847,674
9847,718
9847,814
9847,828
9848,54
9848,138
9848,595
9848,741
9849,115
9849,125
9849,277
9849,523
9849,613
9849,814
9850,30
9850,32
9850,57
9850,72
9850,199
9850,227
9850,287
9850,372
9850,457
9850,545
9850,670
9850,806
9850,816
9850,858
9850,862
9851,32
9851,57
9851,503
9851,545
9851,725
9851,816
9852,30
9852,227
9852,340
9852,912
9853,55
9853,182
9853,315
9853,404
9853,795
9854,54
9854,474
9854,533
9854,595
9855,2
9855,45
9855,55
9855,182
9855,315
9855,360
9855,526
9855,613
9855,626
9855,795
9855,928
9855,952
9856,228
9856,336
9856,525
9856,613
9856,814
9856,946
9857,25
9857,359
9857,502
9857,536
9857,613
9857,862
9857,984
9858,115
9858,293
9858,352
9858,354
9858,538
9858,613
9858,718
9858,918
9859,30
9859,40
9859,227
9859,635
9859,718
9859,791
9860,35
9860,55
9860,182
9860,315
9860,371
9860,526
9860,609
9860,795
9861,125
9861,314
9861,333
9861,525
9861,609
9861,781
9861,814
9861,817
9862,32
9862,57
9862,177
9862,503
9862,725
9863,88
9863,142
9863,197
9863,489
9863,693
9863,707
9863,814
9863,817
9863,904
9863,968
9864,30
9864,137
9864,231
9864,354
9864,372
9864,554
9864,858
9865,30
9865,227
9865,313
9865,462
9865,791
9865,909
9865,915
9865,945
9866,35
9866,55
9866,182
9866,315
9866,340
9866,526
9866,531
9866,795
9867,21
9867,77
9867,80
9867,115
9867,221
9867,426
9867,750
9867,858
9868,210
9868,242
9868,290
9868,348
9868,483
9868,489
9868,606
9868,615
9868,814
9868,817
9869,32
9869,57
9869,106
9869,325
9869,441
9869,503
9869,725
9869,816
9869,899
9870,32
9870,204
9870,239
9870,319
9870,503
9870,725
9871,32
9871,239
9871,319
9871,503
9871,725
9871,894
9872,30
9872,55
9872,137
9872,231
9872,315
9872,525
9872,531
9872,554
9872,636
9872,858
9872,949
9873,25
9873,30
9873,33
9873,227
9873,318
9873,462
9873,502
9873,613
9873,833
9873,906
9874,1
9874,25
9874,430
9874,613
9875,88
9875,389
9875,462
9875,475
9875,482
9875,489
9875,496
9875,757
9875,814
9875,838
9875,878
9875,931
9876,30
9876,179
9876,718
9876,814
9876,912
9877,109
9877,197
9877,354
9877,606
9877,814
9877,828
9877,968
9878,125
9878,200
9878,202
9878,217
9878,354
9878,387
9878,531
9878,626
9878,632
9878,814
9878,828
9878,904
9878,928
9879,109
9879,197
9879,354
9879,492
9879,606
9879,626
9879,814
9879,828
9879,928
9879,968
9880,30
9880,66
9880,112
9880,200
9880,217
9880,293
9880,352
9880,379
9880,613
9880,791
9880,904
9880,906
9881,109
9881,197
9881,387
9881,462
9881,606
9881,757
9881,814
9881,968
9882,33
9882,60
9882,245
9883,30
9883,115
9883,387
9883,912
9883,943
9884,115
9884,277
9884,354
9884,416
9884,547
9884,814
9884,828
9885,54
9885,337
9885,595
9886,115
9886,277
9886,354
9886,547
9886,814
9886,828
9887,115
9887,277
9887,814
9888,310
9888,337
9888,339
9888,567
9888,595
9889,60
9889,234
9889,299
9889,756
9889,876
9890,30
9890,191
9890,674
9890,912
9890,915
9891,21
9891,77
9891,88
9891,125
9891,254
9891,489
9891,531
9891,606
9891,814
9891,944
9892,337
9892,595
9892,766
9892,782
9892,988
9893,21
9893,77
9893,82
9893,197
9893,219
9893,387
9893,430
9893,606
9893,642
9893,718
9893,814
9894,15
9894,30
9894,33
9894,531
9894,718
9894,912
9895,88
9895,475
9895,502
9895,613
9895,862
9895,945
9896,30
9896,137
9896,231
9896,457
9896,554
9896,629
9896,858
9897,125
9897,290
9897,489
9897,506
9897,609
9897,638
9897,707
9897,814
9898,25
9898,462
9898,502
9898,525
9898,613
9898,615
9898,757
9898,814
9899,184
9899,613
9899,964
9900,108
9900,125
9900,729
9900,814
9900,851
9901,30
9901,354
9901,615
9901,626
9901,749
9901,814
9901,828
9901,928
9902,25
9902,112
9902,125
9902,290
9902,314
9902,489
9902,609
9902,613
9902,615
9902,814
9903,38
9903,60
9903,245
9903,299
9903,336
9903,546
9904,30
9904,227
9904,462
9904,757
9904,814
9905,33
9905,222
9905,280
9905,372
9905,531
9905,858
9905,870
9905,900
9905,935
9906,360
9906,474
9906,533
9906,595
9906,820
9906,928
9906,983
9907,533
9907,725
9907,920
9908,30
9908,227
9908,313
9908,462
9908,530
9908,674
9908,912
9908,945
9909,25
9909,77
9909,89
9909,222
9909,613
9909,870
9910,184
9910,613
9910,964
9911,30
9911,240
9911,426
9911,457
9911,627
9911,656
9911,750
9911,791
9911,858
9911,891
9911,912
9912,15
9912,30
9912,111
9912,525
9912,718
9912,752
9912,791
9912,956
9913,49
9913,337
9913,478
9913,567
9913,595
9913,789
9913,925
9914,282
9914,430
9914,642
9914,814
9914,825
9915,16
9915,202
9915,241
9915,352
9915,354
9915,531
9915,613
9915,891
9916,15
9916,30
9916,891
9917,15
9917,30
9917,891
9917,912
9918,2
9918,315
9918,613
9918,795
9919,30
9919,37
9919,62
9919,287
9919,457
9919,570
9919,743
9919,851
9919,858
9920,30
9920,227
9920,851
9920,965
9921,125
9921,531
9921,729
9921,814
9921,851
9922,1
9922,25
9922,430
9922,613
9922,642
9922,814
9923,60
9923,160
9923,207
9923,245
9923,415
9923,718
9923,980
9924,49
9924,60
9924,146
9924,310
9924,595
9924,925
9925,337
9925,395
9925,595
9926,613
9927,2
9927,182
9927,315
9927,526
9927,613
9927,787
9927,795
9927,983
9928,290
9928,430
9928,489
9928,642
9928,698
9928,707
9928,814
9929,30
9929,130
9929,227
9929,293
9929,304
9929,530
9929,538
9929,613
9929,674
9929,718
9929,791
9929,906
9929,945
9930,222
9930,231
9930,354
9930,492
9930,817
9930,858
9931,25
9931,184
9931,613
9932,77
9932,88
9932,125
9932,144
9932,185
9932,254
9932,314
9932,462
9932,489
9932,531
9932,693
9932,757
9932,814
9933,200
9933,217
9933,231
9933,462
9933,502
9933,613
9933,858
9933,904
9933,945
9934,200
9934,217
9934,352
9934,354
9934,613
9934,626
9934,814
9934,828
9934,904
9934,928
9935,200
9935,217
9935,354
9935,462
9935,626
9935,757
9935,814
9935,828
9935,904
9935,928
9936,288
9936,354
9936,430
9936,525
9936,642
9936,814
9936,828
9937,77
9937,117
9937,144
9937,340
9937,414
9937,462
9937,754
9937,757
9937,814
9937,945
9938,290
9938,489
9938,606
9938,698
9938,707
9938,814
9939,35
9939,55
9939,182
9939,315
9939,526
9939,531
9939,795
9939,887
9939,949
9940,32
9940,204
9940,503
9940,725
9940,979
9941,30
9941,63
9941,227
9941,862
9941,912
9942,45
9942,55
9942,182
9942,315
9942,348
9942,526
9942,795
9942,983
9943,1
9943,25
9943,33
9943,348
9943,387
9943,430
9943,613
9943,718
9943,834
9943,910
9943,984
9944,6
9944,133
9944,453
9944,474
9944,533
9944,595
9944,741
9944,983
9945,60
9945,245
9945,299
9945,546
9946,337
9946,595
9947,2
9947,182
9947,315
9947,429
9947,526
9947,531
9947,613
9947,795
9948,15
9948,30
9948,891
9948,912
9949,66
9949,231
9949,371
9949,447
9949,613
9949,858
9950,30
9950,290
9950,489
9950,525
9950,554
9950,814
9951,371
9951,811
9951,814
9952,21
9952,68
9952,77
9952,82
9952,200
9952,217
9952,606
9952,814
9953,190
9954,6
9954,310
9954,337
9954,567
9954,595
9955,35
9955,125
9955,231
9955,531
9955,814
9955,858
9956,21
9956,30
9956,77
9956,109
9956,185
9956,197
9956,254
9956,314
9956,606
9956,718
9956,814
9956,912
9956,968
9957,30
9957,109
9957,200
9957,217
9957,227
9957,293
9957,411
9957,462
9957,502
9957,606
9957,613
9957,718
9957,757
9957,791
9957,814
9957,906
9958,30
9958,63
9958,200
9958,217
9958,227
9958,462
9958,606
9958,656
9958,718
9958,757
9958,791
9958,814
9958,904
9958,912
9959,109
9959,197
9959,284
9959,293
9959,352
9959,354
9959,411
9959,613
9959,677
9959,718
9959,968
9960,25
9960,184
9960,613
9961,66
9961,231
9961,371
9961,447
9961,613
9961,858
9962,533
9962,595
9963,25
9963,66
9963,216
9963,304
9963,387
9963,566
9963,613
9964,60
9964,315
9964,790
9965,2
9965,66
9965,315
9965,526
9965,609
9965,613
9966,2
9966,182
9966,315
9966,526
9966,609
9966,613
9966,795
9966,887
9966,906
9967,182
9967,315
9967,387
9967,526
9967,609
9967,795
9968,2
9968,114
9968,182
9968,315
9968,462
9968,502
9968,609
9968,613
9968,636
9968,795
9969,371
9969,447
9969,531
9969,613
9970,293
9970,352
9970,354
9970,530
9970,613
9970,674
9971,30
9971,137
9971,426
9971,457
9971,554
9971,655
9971,718
9971,750
9971,791
9971,858
9971,912
9972,471
9972,595
9972,741
9972,934
9973,21
9973,77
9973,82
9973,115
9973,144
9973,387
9973,538
9973,539
9973,606
9973,718
9973,757
9973,814
9974,54
9974,474
9974,533
9974,595
9974,983
9975,32
9975,57
9975,239
9975,503
9975,725
9975,979
9976,210
9976,290
9976,489
9976,615
9976,707
9976,781
9976,814
9977,184
9977,613
9978,216
9978,382
9978,613
9978,865
9979,197
9979,217
9979,293
9979,352
9979,354
9979,606
9979,613
9979,718
9979,814
9979,828
9979,850
9979,904
9980,30
9980,272
9980,627
9980,912
9981,33
9981,60
9981,245
9981,326
9981,627
9982,290
9982,297
9982,354
9982,401
9982,489
9982,506
9982,627
9982,707
9982,814
9982,828
9983,38
9983,290
9983,489
9983,707
9983,814
9984,104
9984,126
9984,352
9984,354
9984,613
9985,77
9985,126
9985,144
9985,462
9985,489
9985,584
9985,757
9985,814
9986,533
9986,595
9986,827
9987,21
9987,30
9987,68
9987,144
9987,200
9987,217
9987,227
9987,462
9987,507
9987,527
9987,606
9987,757
9987,791
9987,814
9987,904
9988,5
9988,21
9988,77
9988,144
9988,200
9988,217
9988,304
9988,387
9988,462
9988,566
9988,606
9988,659
9988,757
9988,814
9988,904
9988,913
9989,109
9989,197
9989,293
9989,613
9989,814
9989,968
9990,200
9990,217
9990,293
9990,352
9990,354
9990,613
9990,904
9991,200
9991,217
9991,354
9991,814
9991,828
9991,904
9992,109
9992,197
9992,446
9992,606
9992,705
9992,814
9992,968
9993,200
9993,217
9993,293
9993,352
9993,354
9993,606
9993,613
9993,698
9993,814
9993,828
9993,904
9994,200
9994,217
9994,293
9994,613
9994,904
9995,200
9995,217
9995,293
9995,352
9995,354
9995,606
9995,613
9995,814
9995,828
9995,904
9996,68
9996,200
9996,217
9996,297
9996,606
9996,627
9996,693
9996,707
9996,814
9996,903
9996,904
9997,21
9997,77
9997,109
9997,197
9997,387
9997,626
9997,928
9997,968
9998,30
9998,66
9998,200
9998,217
9998,293
9998,613
9998,791
9998,904
9998,906
9999,200
9999,217
9999,352
9999,354
9999,613
9999,626
9999,814
9999,828
9999,904
9999,928
10000,200
10000,217
10000,293
10000,352
10000,354
10000,606
10000,613
10000,814
10000,828
10000,904
10001,2
10001,359
10001,418
10001,536
10001,613
10001,984
10002,352
10002,354
10002,359
10002,536
10002,613
10002,905
10002,984
10003,430
10003,606
10003,642
10003,814
10003,868
10004,109
10004,114
10004,197
10004,315
10004,360
10004,626
10004,814
10004,928
10004,949
10004,968
10005,160
10005,197
10005,288
10005,354
10005,430
10005,492
10005,606
10005,642
10005,814
10005,828
10005,923
10006,814
10007,21
10007,77
10007,144
10007,173
10007,396
10007,462
10007,606
10007,757
10007,814
10008,60
10008,100
10008,197
10008,235
10008,299
10008,466
10008,546
10008,705
10009,293
10009,348
10009,613
10009,834
10009,891
10010,60
10010,100
10010,299
10011,30
10011,293
10011,313
10011,538
10011,613
10011,718
10011,749
10011,791
10011,881
10011,906
10011,915
10012,30
10012,313
10012,538
10012,554
10012,613
10012,718
10012,906
10012,915
10013,2
10013,114
10013,315
10013,526
10013,613
10014,33
10014,284
10014,352
10014,354
10014,492
10014,531
10014,613
10015,77
10015,125
10015,144
10015,462
10015,757
10015,814
10016,337
10016,595
10016,693
10016,741
10016,925
10017,462
10017,489
10017,693
10017,757
10017,814
10018,60
10018,100
10018,438
10018,462
10018,762
10019,138
10019,337
10019,595
10019,693
10020,54
10020,337
10020,595
10021,54
10021,258
10021,295
10021,337
10021,595
10021,934
10022,54
10022,138
10022,295
10022,327
10022,337
10022,562
10022,595
10022,727
10022,741
10023,68
10023,77
10023,82
10023,222
10023,262
10023,893
10024,290
10024,354
10024,489
10024,693
10024,707
10024,814
10024,828
10025,88
10025,125
10025,333
10025,420
10025,489
10025,513
10025,531
10025,606
10025,707
10025,718
10025,781
10025,814
10026,184
10026,613
10027,3
10027,222
10027,280
10027,870
10027,893
10028,125
10028,501
10028,531
10028,539
10028,606
10028,693
10028,718
10028,757
10028,786
10028,814
10028,862
10029,109
10029,197
10029,293
10029,411
10029,606
10029,613
10029,718
10029,814
10029,968
10030,66
10030,112
10030,216
10030,293
10030,348
10030,411
10030,462
10030,469
10030,502
10030,613
10030,635
10030,718
10030,834
10031,222
10031,331
10031,525
10031,718
10031,893
10032,595
10032,683
10032,751
10032,877
10033,220
10033,474
10033,533
10033,595
10033,827
10033,837
10033,919
10034,6
10034,54
10034,295
10034,337
10034,485
10034,562
10034,601
10034,665
10034,929
10035,30
10035,430
10035,489
10035,507
10035,615
10035,642
10035,749
10035,814
10036,288
10036,354
10036,430
10036,462
10037,595
10037,925
10037,964
10038,60
10038,595
10038,925
10039,595
10039,741
10039,925
10040,1
10040,430
10040,613
10040,642
10040,814
10041,32
10041,57
10041,239
10041,258
10041,261
10041,503
10041,725
10041,816
10042,283
10042,665
10042,925
10043,337
10043,685
10043,725
10043,986
10044,21
10044,77
10044,115
10044,125
10044,144
10044,387
10044,538
10044,606
10044,718
10044,757
10044,814
10045,30
10045,59
10045,160
10045,216
10045,227
10045,336
10045,462
10045,502
10045,613
10045,806
10045,906
10046,77
10046,82
10046,219
10046,387
10046,430
10046,525
10046,571
10046,642
10046,814
10047,60
10047,790
10048,30
10048,104
10048,126
10048,227
10048,462
10048,502
10048,613
10048,906
10049,77
10049,125
10049,126
10049,144
10049,462
10049,531
10049,584
10049,757
10049,814
10050,25
10050,184
10050,613
10051,33
10051,88
10051,125
10051,489
10051,531
10051,613
10051,707
10051,814
10052,125
10052,354
10052,531
10052,814
10052,828
10053,2
10053,315
10053,613
10053,795
10054,295
10054,474
10054,533
10054,595
10054,741
10055,174
10055,814
10055,891
10056,125
10056,613
10056,814
10057,315
10057,360
10057,371
10057,626
10057,795
10057,928
10057,983
10058,30
10058,130
10058,227
10058,304
10058,462
10058,501
10058,659
10058,757
10058,786
10058,814
10059,24
10059,39
10059,143
10059,215
10059,309
10059,543
10059,581
10059,669
10059,679
10059,693
10059,740
10059,785
10060,30
10060,55
10060,231
10060,315
10060,426
10060,554
10060,606
10060,711
10060,718
10060,791
10060,814
10060,858
10060,949
10061,24
10061,293
10061,309
10061,606
10061,613
10061,693
10061,718
10061,814
10062,171
10062,595
10062,741
10062,925
10062,951
10063,32
10063,503
10063,595
10063,780
10063,816
10063,827
10063,899
10064,613
10065,348
10065,354
10065,483
10065,606
10065,672
10065,814
10065,828
10065,891
10066,284
10066,293
10066,348
10066,352
10066,354
10066,483
10066,606
10066,613
10066,672
10066,814
10066,828
10066,834
10066,944
10067,293
10067,613
10067,891
10068,359
10068,536
10068,613
10069,30
10069,77
10069,125
10069,290
10069,489
10069,525
10069,554
10069,609
10069,707
10069,814
10070,38
10070,88
10070,125
10070,202
10070,354
10070,462
10070,489
10070,531
10070,678
10070,707
10070,757
10070,814
10070,828
10070,838
10070,878
10070,931
10070,945
10071,324
10071,613
10072,59
10072,160
10072,613
10072,973
10073,184
10073,613
10074,77
10074,144
10074,539
10074,757
10074,814
10074,862
10075,77
10075,222
10075,262
10075,893
10076,54
10076,295
10076,337
10076,595
10077,324
10077,613
10078,32
10078,57
10078,177
10078,319
10078,503
10078,725
10078,894
10079,45
10079,55
10079,182
10079,315
10079,636
10079,795
10079,949
10080,73
10080,188
10080,337
10080,433
10080,687
10080,725
10080,741
10080,808
10080,986
10081,32
10081,57
10081,177
10081,503
10081,725
10081,816
10082,125
10082,202
10082,242
10082,290
10082,348
10082,354
10082,483
10082,489
10082,606
10082,609
10082,672
10082,814
10082,828
10083,109
10083,197
10083,222
10083,893
10083,968
10084,1
10084,288
10084,352
10084,354
10084,430
10084,492
10084,613
10085,30
10085,130
10085,166
10085,227
10085,304
10085,538
10085,606
10085,659
10085,674
10085,718
10085,757
10085,791
10085,814
10085,862
10085,897
10085,912
10085,981
10086,16
10086,613
10086,891
10087,2
10087,315
10087,609
10087,613
10087,636
10088,66
10088,371
10088,447
10088,613
10088,921
10089,32
10089,140
10089,503
10089,725
10089,894
10090,25
10090,184
10090,613
10091,354
10091,366
10091,373
10091,591
10091,729
10091,732
10091,810
10091,814
10091,828
10091,851
10091,957
10092,32
10092,204
10092,319
10092,503
10092,725
10092,743
10092,899
10093,32
10093,106
10093,204
10093,319
10093,503
10093,725
10093,816
10093,827
10094,32
10094,69
10094,106
10094,319
10094,503
10094,725
10094,894
10094,899
10095,32
10095,57
10095,177
10095,503
10095,725
10095,816
10096,354
10096,695
10096,729
10096,814
10096,828
10096,851
10096,924
10096,957
10097,32
10097,57
10097,106
10097,258
10097,503
10097,725
10097,816
10098,222
10098,307
10098,609
10098,655
10098,817
10099,66
10099,462
10099,502
10099,525
10099,613
10099,628
10100,21
10100,77
10100,82
10100,222
10100,331
10100,348
10100,387
10100,472
10100,718
10101,32
10101,258
10101,503
10101,725
10101,743
10101,816
10101,827
10101,934
10102,54
10102,61
10102,295
10102,485
10102,665
10103,32
10103,57
10103,511
10103,743
10103,979
10104,32
10104,57
10104,511
10104,743
10104,979
10105,442
10105,471
10105,595
10105,683
10105,741
10105,842
10106,21
10106,77
10106,144
10106,475
10106,862
10106,944
10107,32
10107,98
10107,315
10107,526
10107,570
10107,787
10107,795
10107,851
10108,54
10108,295
10108,337
10108,428
10108,665
10108,817
10108,929
10108,960
10109,32
10109,98
10109,315
10109,526
10109,570
10109,787
10109,795
10109,851
10110,32
10110,98
10110,315
10110,526
10110,570
10110,787
10110,795
10110,851
10111,32
10111,98
10111,315
10111,526
10111,570
10111,787
10111,795
10111,851
10112,30
10112,348
10112,489
10112,606
10112,615
10112,718
10112,749
10112,791
10112,814
10113,30
10113,227
10113,366
10113,851
10113,965
10114,32
10114,98
10114,315
10114,526
10114,570
10114,787
10114,795
10114,851
10115,32
10115,98
10115,315
10115,526
10115,570
10115,787
10115,795
10115,851
10116,54
10116,220
10116,289
10116,295
10116,327
10116,485
10116,562
10116,665
10116,929
10117,161
10117,606
10117,814
10117,903
10118,126
10118,222
10118,276
10118,718
10118,870
10119,30
10119,227
10119,862
10119,912
10120,170
10120,337
10120,393
10120,567
10120,595
10120,661
10120,717
10120,782
10120,789
10120,837
10121,77
10121,144
10121,609
10122,2
10122,55
10122,315
10122,526
10122,613
10122,795
10122,921
10122,983
10123,30
10123,227
10123,462
10123,912
10124,259
10124,337
10124,549
10124,595
10124,661
10124,782
10124,960
10125,359
10125,536
10125,613
10126,359
10126,536
10126,613
10127,352
10127,354
10127,359
10127,536
10127,613
10127,715
10127,984
10128,25
10128,359
10128,536
10128,613
10128,984
10129,182
10129,315
10129,506
10129,795
10129,983
10130,77
10130,82
10130,262
10130,401
10130,814
10131,30
10131,109
10131,197
10131,227
10131,354
10131,462
10131,626
10131,791
10131,912
10131,928
10131,968
10132,60
10132,197
10132,272
10132,299
10132,326
10132,627
10132,968
10133,30
10133,109
10133,197
10133,227
10133,322
10133,462
10133,626
10133,791
10133,912
10133,928
10133,945
10133,968
10134,462
10134,757
10134,814
10135,30
10135,227
10135,502
10135,525
10135,554
10135,613
10135,862
10135,906
10136,55
10136,114
10136,125
10136,210
10136,315
10136,363
10136,446
10136,506
10136,525
10136,531
10136,632
10136,705
10136,814
10136,817
10137,352
10137,354
10137,492
10137,613
10138,354
10138,492
10138,525
10138,814
10138,817
10138,828
10139,60
10139,198
10139,299
10139,340
10139,476
10139,876
10139,928
10140,60
10140,299
10141,814
10142,33
10142,60
10142,245
10142,476
10142,928
10143,33
10143,60
10143,348
10143,790
10143,875
10144,430
10144,642
10144,814
10145,337
10145,595
10145,925
10146,30
10146,77
10146,144
10146,227
10146,462
10146,525
10146,554
10146,609
10147,125
10147,145
10147,202
10147,340
10147,354
10147,414
10147,486
10147,531
10147,632
10147,693
10147,814
10147,817
10147,828
10148,33
10148,60
10148,245
10148,326
10148,627
10149,125
10149,288
10149,333
10149,354
10149,416
10149,430
10149,609
10149,642
10149,814
10149,828
10150,60
10150,595
10150,683
10151,153
10151,471
10151,533
10151,595
10151,741
10151,928
10152,146
10152,157
10152,310
10152,337
10152,567
10152,595
10152,925
10153,288
10153,354
10153,385
10153,387
10153,430
10153,642
10153,814
10153,828
10153,858
10154,96
10154,101
10154,146
10154,310
10154,337
10154,567
10154,595
10155,60
10155,235
10155,595
10155,776
10155,925
10156,222
10156,276
10156,862
10157,595
10157,857
10157,872
10157,877
10158,77
10158,82
10158,144
10158,387
10158,462
10158,609
10159,77
10159,222
10159,262
10159,287
10159,322
10159,525
10159,609
10159,640
10159,870
10159,893
10160,125
10160,210
10160,297
10160,333
10160,609
10160,627
10160,693
10160,814
10161,77
10161,144
10161,387
10161,462
10162,6
10162,171
10162,595
10162,925
10162,951
10163,15
10163,30
10163,130
10163,227
10163,304
10163,462
10163,628
10163,912
10164,30
10164,63
10164,130
10164,227
10164,304
10164,462
10164,525
10164,656
10164,752
10164,912
10165,15
10165,30
10165,375
10165,912
10166,38
10166,125
10166,194
10166,202
10166,210
10166,333
10166,340
10166,354
10166,492
10166,531
10166,814
10166,828
10166,878
10166,903
10166,931
10167,1
10167,25
10167,430
10167,613
10167,642
10167,814
10168,30
10168,297
10168,627
10168,814
10168,915
10169,30
10169,878
10170,2
10170,55
10170,315
10170,613
10170,858
10170,949
10171,109
10171,197
10171,290
10171,297
10171,489
10171,539
10171,606
10171,627
10171,707
10171,814
10171,968
10172,337
10172,453
10172,562
10172,595
10172,685
10172,925
10173,77
10173,82
10173,814
10174,222
10174,290
10174,525
10174,893
10175,77
10175,144
10175,462
10175,757
10175,814
10176,184
10176,613
10177,30
10177,33
10177,50
10177,290
10177,414
10177,489
10177,554
10177,814
10177,912
10178,21
10178,77
10178,144
10178,200
10178,217
10178,379
10178,462
10178,606
10178,693
10178,757
10178,814
10178,828
10178,904
10179,30
10179,88
10179,749
10179,781
10180,474
10180,533
10180,595
10180,766
10180,988
10181,354
10181,366
10181,851
10181,957
10181,985
10182,32
10182,140
10182,204
10182,239
10182,261
10182,319
10182,407
10182,503
10182,725
10182,732
10183,433
10183,725
10183,986
10184,474
10184,533
10184,595
10184,685
10185,77
10185,222
10185,262
10185,525
10185,821
10185,870
10185,893
10186,462
10186,489
10186,707
10186,757
10186,814
10187,184
10187,201
10187,293
10187,613
10187,691
10188,310
10188,337
10188,567
10188,595
10189,60
10189,415
10189,790
10190,180
10190,315
10190,526
10190,795
10190,851
10191,256
10191,613
10191,650
10191,973
10192,60
10192,473
10192,595
10192,925
10193,77
10193,222
10193,750
10193,858
10193,870
10193,935
10194,371
10194,489
10194,539
10194,606
10194,707
10194,718
10194,781
10194,814
10195,25
10195,184
10195,595
10195,613
10195,741
10195,925
10196,259
10196,337
10196,549
10196,595
10196,661
10197,290
10197,382
10197,489
10197,693
10197,814
10197,928
10198,33
10198,125
10198,267
10198,288
10198,354
10198,414
10198,424
10198,430
10198,431
10198,492
10198,609
10198,632
10198,642
10198,693
10198,781
10198,814
10198,828
10198,878
10198,931
10199,77
10199,387
10199,525
10199,814
10200,21
10200,30
10200,77
10200,115
10200,222
10200,454
10200,656
10200,718
10200,791
10200,900
10200,912
10201,60
10201,100
10201,978
10202,32
10202,260
10202,370
10202,380
10202,503
10202,511
10202,725
10202,979
10203,354
10203,373
10203,591
10203,710
10203,729
10203,732
10203,810
10203,814
10203,828
10203,851
10203,957
10204,32
10204,98
10204,169
10204,315
10204,360
10204,570
10204,787
10204,820
10204,851
10205,32
10205,204
10205,239
10205,503
10205,725
10205,732
10205,894
10206,32
10206,204
10206,239
10206,503
10206,725
10206,732
10206,894
10207,4
10207,32
10207,204
10207,503
10207,685
10207,725
10207,894
10208,32
10208,319
10208,503
10208,725
10208,894
10209,30
10209,137
10209,457
10209,554
10209,858
10210,6
10210,159
10210,310
10210,337
10210,567
10210,595
10210,925
10211,360
10211,533
10211,595
10211,820
10212,1
10212,336
10212,430
10212,462
10212,502
10212,613
10212,642
10212,757
10212,814
10213,21
10213,77
10213,435
10213,606
10213,693
10213,814
10214,595
10214,877
10214,970
10215,60
10215,525
10215,790
10215,875
10216,295
10216,337
10216,595
10217,30
10217,63
10217,227
10217,862
10217,981
10218,60
10218,163
10218,438
10218,478
10218,595
10218,762
10218,789
10218,925
10219,77
10219,81
10219,222
10219,262
10219,893
10220,595
10220,877
10221,324
10221,352
10221,354
10221,492
10221,613
10222,30
10222,66
10222,227
10222,304
10222,324
10222,462
10222,502
10222,613
10222,752
10222,799
10222,906
10222,913
10222,921
10223,15
10223,30
10223,32
10223,336
10223,570
10223,718
10223,816
10223,851
10224,15
10224,30
10224,32
10224,37
10224,106
10224,457
10224,570
10224,670
10224,718
10224,816
10224,858
10224,860
10225,60
10225,299
10225,438
10225,762
10225,862
10225,876
10226,30
10226,109
10226,197
10226,354
10226,606
10226,626
10226,791
10226,814
10226,828
10226,928
10226,968
10227,30
10227,200
10227,217
10227,227
10227,462
10227,502
10227,613
10227,626
10227,757
10227,814
10227,904
10227,906
10227,928
10228,200
10228,211
10228,387
10228,462
10228,757
10228,814
10229,60
10229,100
10229,245
10229,707
10229,814
10230,814
10231,25
10231,184
10231,613
10232,30
10232,32
10232,57
10232,213
10232,387
10232,457
10232,570
10232,816
10232,851
10232,858
10232,965
10232,979
10233,32
10233,319
10233,503
10233,663
10233,725
10233,894
10234,32
10234,55
10234,98
10234,204
10234,315
10234,388
10234,526
10234,570
10234,613
10234,795
10234,851
10234,911
10235,32
10235,140
10235,319
10235,503
10235,663
10235,725
10235,894
10236,32
10236,503
10236,663
10236,725
10236,894
10237,210
10237,290
10237,427
10237,593
10237,657
10237,689
10237,693
10237,796
10237,814
10237,890
10238,352
10238,354
10238,613
10238,691
10238,814
10238,828
10238,963
10238,980
10239,25
10239,30
10239,66
10239,613
10239,906
10240,30
10240,231
10240,457
10240,525
10240,554
10240,858
10240,989
10241,15
10241,30
10241,227
10241,387
10241,462
10241,525
10241,628
10241,752
10241,912
10242,131
10242,284
10242,352
10242,354
10242,525
10242,613
10242,814
10242,828
10243,16
10243,613
10243,891
10244,290
10244,297
10244,304
10244,489
10244,525
10244,627
10244,659
10244,814
10245,613
10245,626
10245,814
10245,928
10246,30
10246,227
10246,313
10246,538
10246,693
10246,718
10246,757
10246,814
10246,862
10246,881
10246,912
10247,138
10247,327
10247,337
10247,562
10247,595
10247,741
10247,925
10248,430
10248,642
10248,814
10249,133
10249,474
10249,533
10249,595
10249,741
10250,354
10250,606
10250,693
10250,814
10250,828
10250,891
10251,242
10251,290
10251,297
10251,489
10251,606
10251,627
10251,814
10252,814
10253,293
10253,462
10253,502
10253,613
10253,744
10254,25
10254,184
10254,613
10255,2
10255,55
10255,114
10255,125
10255,228
10255,315
10255,609
10255,613
10255,636
10255,693
10255,795
10255,814
10255,946
10256,30
10256,63
10256,227
10256,372
10256,457
10256,858
10256,862
10257,33
10257,354
10257,489
10257,707
10257,718
10257,747
10257,814
10257,817
10257,828
10258,6
10258,595
10259,25
10259,30
10259,130
10259,227
10259,304
10259,401
10259,462
10259,502
10259,613
10259,906
10259,912
10260,30
10260,227
10260,538
10260,674
10260,718
10260,791
10260,912
10260,915
10260,945
10261,337
10261,595
10261,925
10262,135
10262,359
10262,613
10262,984
10263,474
10263,533
10263,595
10263,683
10263,792
10263,801
10264,293
10264,352
10264,354
10264,444
10264,551
10264,606
10264,613
10264,718
10264,814
10264,828
10264,855
10264,918
10265,337
10265,567
10265,595
10266,328
10266,503
10266,595
10266,743
10266,780
10266,863
10266,899
10267,37
10267,260
10267,287
10267,291
10267,372
10267,480
10267,503
10267,517
10267,595
10268,55
10268,180
10268,315
10268,526
10268,795
10268,851
10269,21
10269,77
10269,115
10269,144
10269,606
10269,718
10269,757
10269,814
10270,77
10270,814
10271,108
10271,348
10271,606
10271,718
10271,814
10272,471
10272,533
10272,595
10272,741
10273,15
10273,30
10273,137
10273,372
10273,457
10273,525
10273,554
10273,752
10273,805
10273,858
10274,25
10274,115
10274,293
10274,613
10274,718
10275,180
10275,315
10275,526
10275,795
10275,851
10276,15
10276,30
10276,137
10276,231
10276,457
10276,525
10276,554
10276,629
10276,752
10276,858
10277,108
10277,125
10277,729
10277,814
10277,851
10278,115
10278,606
10278,718
10278,814
10279,180
10279,533
10279,725
10279,920
10280,30
10280,115
10280,227
10280,313
10280,488
10280,718
10280,791
10280,912
10280,915
10281,181
10281,706
10281,725
10281,964
10282,66
10282,213
10282,366
10282,613
10282,851
10282,858
10282,911
10283,30
10283,115
10283,227
10283,293
10283,313
10283,488
10283,613
10283,718
10283,791
10283,906
10283,912
10284,33
10284,125
10284,318
10284,333
10284,414
10284,525
10284,609
10284,613
10284,814
10285,222
10285,276
10285,307
10285,640
10285,655
10285,819
10285,858
10285,893
10285,935
10286,146
10286,503
10286,595
10287,190
10288,352
10288,354
10288,359
10288,536
10288,613
10288,715
10288,984
10289,359
10289,536
10289,613
10290,613
10291,359
10291,536
10291,613
10291,984
10292,359
10292,536
10292,613
10293,15
10293,30
10293,32
10293,140
10293,370
10293,570
10293,577
10293,670
10293,816
10294,6
10294,54
10294,337
10294,595
10295,66
10295,216
10295,613
10296,337
10296,395
10296,595
10296,782
10297,530
10297,613
10297,626
10297,814
10297,928
10298,77
10298,222
10298,262
10298,530
10298,674
10298,893
10299,613
10299,814
10300,354
10300,693
10300,814
10300,828
10301,210
10301,536
10301,615
10301,814
10301,864
10302,161
10302,297
10302,627
10302,814
10303,613
10303,814
10304,184
10304,613
10304,964
10305,415
10305,565
10305,595
10305,683
10305,877
10306,814
10307,32
10307,57
10307,213
10307,319
10307,570
10307,670
10307,710
10307,858
10307,894
10308,32
10308,503
10308,725
10308,894
10309,2
10309,30
10309,137
10309,182
10309,227
10309,315
10309,457
10309,502
10309,554
10309,613
10309,858
10309,862
10309,906
10309,949
10310,30
10310,109
10310,130
10310,197
10310,227
10310,304
10310,462
10310,791
10310,806
10310,912
10310,968
10311,462
10311,693
10311,757
10311,814
10311,963
10311,980
10312,324
10312,352
10312,354
10312,613
10313,337
10313,595
10313,661
10313,685
10314,32
10314,98
10314,315
10314,570
10314,816
10315,15
10315,30
10315,137
10315,457
10315,525
10315,554
10315,750
10315,858
10315,912
10316,77
10316,144
10316,219
10316,430
10316,462
10316,642
10316,757
10316,814
10317,360
10317,474
10317,533
10317,595
10318,474
10318,533
10318,595
10319,453
10319,595
10319,596
10319,877
10319,925
10320,595
10320,925
10321,25
10321,30
10321,151
10321,324
10321,525
10321,554
10321,613
10321,849
10322,213
10322,366
10322,385
10322,436
10322,729
10322,814
10322,817
10322,851
10322,858
10323,60
10323,340
10323,876
10324,81
10324,222
10324,525
10324,893
10325,242
10325,352
10325,354
10325,606
10325,613
10325,814
10325,828
10326,184
10326,613
10327,251
10327,418
10327,709
10327,875
10327,876
10327,983
10328,55
10328,114
10328,125
10328,141
10328,290
10328,315
10328,408
10328,489
10328,506
10328,525
10328,609
10328,814
10329,55
10329,198
10329,242
10329,315
10329,520
10329,636
10329,652
10329,710
10329,795
10329,928
10329,959
10330,5
10330,21
10330,77
10330,144
10330,242
10330,304
10330,387
10330,462
10330,566
10331,21
10331,77
10331,144
10331,254
10331,387
10331,525
10331,718
10331,862
10332,45
10332,55
10332,137
10332,182
10332,315
10332,526
10332,795
10332,858
10332,944
10332,949
10333,30
10333,37
10333,62
10333,222
10333,313
10333,457
10333,570
10333,743
10333,753
10333,805
10333,851
10333,858
10333,870
10334,67
10334,242
10334,613
10334,641
10334,850
10335,30
10335,62
10335,106
10335,457
10335,570
10335,629
10335,656
10335,851
10335,858
10336,54
10336,138
10336,337
10336,595
10336,741
10337,30
10337,227
10337,462
10337,912
10337,945
10338,5
10338,77
10338,144
10338,200
10338,217
10338,304
10338,387
10338,462
10338,566
10338,659
10338,757
10338,814
10338,904
10339,55
10339,114
10339,125
10339,182
10339,315
10339,531
10339,636
10339,652
10339,795
10339,814
10339,949
10339,959
10340,352
10340,354
10340,416
10340,613
10340,985
10341,21
10341,77
10341,82
10341,219
10341,222
10341,430
10341,718
10341,953
10342,474
10342,533
10342,595
10342,741
10342,983
10343,88
10343,125
10343,489
10343,525
10343,531
10343,814
10344,54
10344,138
10344,337
10344,562
10344,595
10345,814
10345,967
10346,38
10346,60
10346,100
10346,531
10346,876
10347,21
10347,38
10347,77
10347,82
10347,144
10347,242
10347,462
10347,628
10348,125
10348,282
10348,290
10348,430
10348,489
10348,609
10348,642
10348,698
10348,757
10348,814
10348,825
10348,862
10349,1
10349,25
10349,430
10349,462
10349,502
10349,613
10350,184
10350,613
10351,30
10351,489
10351,707
10351,718
10351,814
10352,134
10352,474
10352,533
10352,595
10352,745
10353,60
10353,299
10353,595
10353,925
10354,32
10354,47
10354,503
10354,595
10354,816
10355,2
10355,55
10355,315
10355,526
10355,531
10355,613
10355,795
10356,327
10356,595
10356,741
10356,925
10357,25
10357,33
10357,613
10357,718
10357,842
10358,25
10358,359
10358,536
10358,613
10359,60
10359,235
10359,245
10359,371
10359,546
10359,609
10359,776
10360,30
10360,151
10360,227
10360,462
10360,629
10360,912
10361,77
10361,222
10361,262
10361,655
10361,893
10362,35
10362,182
10362,315
10362,526
10362,531
10362,638
10362,787
10362,983
10363,138
10363,198
10363,324
10363,352
10363,354
10363,580
10363,595
10363,613
10363,741
10363,845
10363,925
10363,928
10363,952
10364,30
10364,130
10364,166
10364,227
10364,304
10364,862
10364,881
10364,912
10364,981
10365,77
10365,222
10365,525
10365,531
10365,750
10365,805
10365,821
10365,858
10365,935
10366,814
10367,595
10367,741
10367,925
10368,6
10368,146
10368,296
10368,337
10368,567
10368,595
10369,25
10369,324
10369,613
10370,1
10370,25
10370,387
10370,430
10370,613
10371,2
10371,55
10371,114
10371,297
10371,315
10371,532
10371,613
10371,627
10371,674
10371,814
10372,30
10372,227
10372,462
10372,912
10373,35
10373,55
10373,114
10373,125
10373,182
10373,315
10373,531
10373,795
10373,814
10373,983
10374,30
10374,66
10374,240
10374,457
10374,613
10374,805
10374,858
10374,906
10375,531
10375,613
10375,626
10375,928
10376,15
10376,30
10376,72
10376,106
10376,670
10376,863
10377,30
10377,33
10377,527
10377,554
10377,718
10377,814
10378,2
10378,30
10378,130
10378,227
10378,304
10378,315
10378,462
10378,502
10378,613
10378,628
10378,752
10378,906
10378,921
10378,984
10379,354
10379,492
10379,506
10379,525
10379,807
10379,814
10379,828
10379,858
10380,68
10380,200
10380,217
10380,354
10380,606
10380,700
10380,718
10380,814
10380,828
10380,904
10381,30
10381,109
10381,130
10381,197
10381,227
10381,293
10381,304
10381,352
10381,354
10381,606
10381,613
10381,626
10381,659
10381,718
10381,757
10381,791
10381,814
10381,828
10381,906
10381,928
10381,968
10382,354
10382,372
10382,385
10382,693
10382,814
10382,828
10382,858
10383,30
10383,109
10383,197
10383,354
10383,606
10383,718
10383,791
10383,814
10383,828
10383,968
10384,21
10384,77
10384,82
10384,125
10384,144
10384,454
10384,536
10384,606
10384,718
10384,757
10384,814
10385,138
10385,337
10385,395
10385,595
10386,30
10386,66
10386,112
10386,242
10386,293
10386,613
10386,791
10386,906
10387,200
10387,531
10387,693
10387,814
10387,815
10388,54
10388,471
10388,595
10388,741
10389,54
10389,337
10389,595
10390,112
10390,184
10390,613
10390,964
10391,606
10391,814
10391,973
10392,30
10392,231
10392,457
10392,858
10393,54
10393,138
10393,337
10393,595
10394,293
10394,613
10394,718
10394,891
10395,297
10395,525
10395,627
10395,814
10396,256
10396,352
10396,354
10396,613
10396,650
10396,660
10396,973
10397,88
10397,489
10397,539
10397,707
10397,781
10397,814
10398,49
10398,157
10398,186
10398,337
10398,567
10398,595
10398,764
10398,827
10399,33
10399,77
10399,144
10399,287
10399,387
10399,609
10399,750
10399,858
10399,945
10400,208
10400,222
10400,851
10400,870
10401,30
10401,40
10401,115
10401,227
10401,313
10401,488
10401,718
10401,752
10401,791
10401,912
10402,77
10402,82
10402,108
10402,116
10402,387
10402,729
10402,814
10402,851
10403,613
10403,718
10403,887
10404,115
10404,606
10404,718
10404,814
10405,371
10405,447
10405,613
10405,814
10406,125
10406,462
10406,757
10406,814
10407,184
10407,613
10407,964
10408,530
10408,606
10408,674
10408,718
10408,814
10409,30
10409,227
10409,462
10409,912
10410,25
10410,462
10410,502
10410,613
10411,6
10411,337
10411,595
10412,15
10412,30
10412,111
10412,137
10412,231
10412,240
10412,457
10412,525
10412,554
10412,752
10412,858
10413,539
10413,606
10413,693
10413,718
10413,757
10413,814
10414,25
10414,231
10414,293
10414,348
10414,352
10414,354
10414,426
10414,443
10414,613
10414,718
10414,858
10414,918
10415,125
10415,348
10415,489
10415,606
10415,615
10415,718
10415,814
10416,54
10416,146
10416,295
10416,413
10416,485
10416,645
10416,665
10416,929
10417,293
10417,613
10417,718
10417,887
10418,1
10418,324
10418,430
10418,613
10419,25
10419,184
10419,613
10420,30
10420,222
10420,457
10420,750
10420,858
10420,893
10420,912
10420,935
10421,30
10421,615
10421,749
10421,814
10422,6
10422,54
10422,138
10422,337
10422,567
10422,595
10423,352
10423,354
10423,371
10423,447
10423,613
10423,718
10424,222
10424,900
10425,55
10425,315
10425,526
10425,795
10425,949
10426,30
10426,72
10426,670
10426,863
10426,915
10427,25
10427,30
10427,227
10427,293
10427,313
10427,462
10427,502
10427,530
10427,613
10427,674
10427,791
10427,906
10427,912
10428,210
10428,314
10428,348
10428,483
10428,606
10428,718
10428,781
10428,814
10428,817
10428,884
10429,314
10429,348
10429,371
10429,483
10429,606
10429,693
10429,718
10429,814
10430,77
10430,82
10430,222
10431,60
10431,595
10431,762
10432,337
10432,533
10432,595
10433,324
10433,613
10434,125
10434,333
10434,354
10434,531
10434,538
10434,606
10434,674
10434,718
10434,781
10434,814
10434,828
10435,606
10435,693
10435,718
10435,814
10435,963
10435,980
10436,20
10436,60
10436,245
10436,299
10436,348
10436,415
10436,718
10436,723
10437,108
10437,125
10437,729
10437,814
10437,851
10438,606
10438,718
10438,757
10438,814
10438,891
10439,131
10439,213
10439,231
10439,354
10439,366
10439,436
10439,695
10439,710
10439,732
10439,814
10439,828
10439,851
10439,858
10439,957
10440,25
10440,293
10440,513
10440,606
10440,613
10440,718
10440,757
10440,814
10441,33
10441,290
10441,462
10441,489
10441,609
10441,707
10441,757
10441,814
10441,878
10441,931
10442,184
10442,613
10443,180
10443,315
10443,526
10443,795
10443,851
10444,32
10444,57
10444,453
10444,503
10444,725
10445,30
10445,227
10445,912
10446,182
10446,315
10446,538
10446,609
10446,674
10446,915
10446,949
10447,33
10447,77
10447,222
10447,262
10447,893
10448,77
10448,82
10448,262
10448,387
10448,432
10448,571
10449,55
10449,114
10449,125
10449,315
10449,336
10449,462
10449,609
10449,628
10449,757
10449,814
10450,310
10450,474
10450,533
10450,595
10450,685
10451,471
10451,595
10451,741
10451,925
10452,337
10452,595
10453,30
10453,227
10453,234
10453,462
10453,912
10454,354
10454,814
10454,828
10455,433
10455,725
10455,986
10456,222
10456,246
10456,525
10456,821
10456,870
10457,315
10457,526
10457,795
10457,858
10457,949
10458,352
10458,354
10458,431
10458,492
10458,604
10458,613
10458,878
10459,125
10459,202
10459,354
10459,506
10459,606
10459,609
10459,674
10459,695
10459,718
10459,814
10459,828
10459,853
10459,918
10460,354
10460,366
10460,591
10460,729
10460,732
10460,810
10460,814
10460,828
10460,851
10460,957
10461,66
10461,293
10461,530
10461,613
10461,674
10461,718
10462,25
10462,184
10462,613
10462,964
10463,49
10463,171
10463,337
10463,595
10463,726
10463,925
10463,951
10464,33
10464,125
10464,290
10464,609
10464,814
10465,30
10465,227
10465,462
10465,912
10466,125
10466,202
10466,354
10466,814
10466,828
10467,77
10467,387
10468,125
10468,160
10468,202
10468,354
10468,492
10468,609
10468,639
10468,814
10468,828
10468,903
10468,923
10469,37
10469,342
10469,503
10469,595
10469,780
10469,863
10470,125
10470,206
10470,387
10470,462
10470,609
10470,757
10470,814
10471,30
10471,88
10471,125
10471,179
10471,210
10471,333
10471,346
10471,489
10471,531
10471,605
10471,694
10471,749
10471,814
10472,54
10472,474
10472,533
10472,595
10473,30
10473,629
10473,912
10474,462
10474,757
10474,814
10475,33
10475,60
10475,348
10475,718
10475,723
10476,32
10476,146
10476,260
10476,503
10476,680
10476,725
10476,753
10476,803
10476,979
10477,61
10477,220
10477,263
10477,474
10477,533
10477,665
10478,21
10478,77
10478,144
10478,197
10478,606
10478,718
10478,757
10478,814
10478,842
10478,968
10479,35
10479,169
10479,315
10479,348
10479,718
10479,787
10479,820
10480,200
10480,217
10480,606
10480,693
10480,718
10480,757
10480,814
10480,862
10480,904
10480,981
10481,32
10481,204
10481,319
10481,388
10481,503
10481,725
10482,315
10482,526
10482,787
10482,820
10482,983
10483,30
10483,32
10483,57
10483,213
10483,457
10483,570
10483,816
10483,858
10483,965
10484,430
10484,606
10484,621
10484,642
10484,718
10484,814
10485,430
10485,642
10485,814
10486,32
10486,319
10486,441
10486,816
10486,894
10487,32
10487,57
10487,106
10487,258
10487,441
10487,503
10487,545
10487,725
10487,816
10488,68
10488,231
10488,613
10488,814
10488,858
10489,222
10489,387
10490,222
10490,531
10490,858
10490,900
10490,935
10491,77
10491,121
10491,144
10491,314
10491,332
10491,462
10491,541
10491,718
10491,757
10491,793
10491,814
10492,272
10492,290
10492,297
10492,489
10492,606
10492,627
10492,707
10492,814
10492,841
10492,976
10493,2
10493,55
10493,231
10493,315
10493,613
10493,858
10493,949
10493,983
10494,171
10494,337
10494,595
10494,925
10495,1
10495,30
10495,125
10495,430
10495,507
10495,531
10495,554
10495,613
10495,642
10495,814
10496,2
10496,35
10496,55
10496,315
10496,469
10496,497
10496,526
10496,795
10497,453
10497,474
10497,533
10497,595
10497,645
10497,685
10498,171
10498,310
10498,595
10499,30
10499,63
10499,227
10499,287
10499,372
10499,457
10499,462
10499,656
10499,858
10500,88
10500,489
10500,693
10500,729
10500,814
10500,851
10501,32
10501,98
10501,204
10501,503
10501,533
10501,725
10501,920
10502,25
10502,184
10502,293
10502,525
10502,613
10502,718
10502,964
10503,30
10503,40
10503,227
10503,313
10503,462
10503,530
10503,628
10503,674
10503,718
10503,791
10503,912
10504,606
10504,718
10504,814
10504,973
10505,21
10505,77
10505,287
10505,744
10506,134
10506,159
10506,350
10506,355
10506,453
10506,474
10506,533
10506,595
10506,745
10506,771
10507,101
10507,146
10507,310
10507,337
10507,567
10507,595
10508,337
10508,493
10508,595
10508,741
10509,442
10509,471
10509,595
10509,683
10509,741
10509,842
10510,66
10510,184
10510,613
10511,77
10511,82
10511,814
10512,33
10512,89
10512,222
10512,318
10512,352
10512,354
10512,492
10512,609
10512,613
10512,900
10513,474
10513,533
10513,595
10513,741
10514,310
10514,337
10514,567
10514,595
10514,733
10515,146
10515,337
10515,595
10516,337
10516,567
10516,595
10516,766
10516,782
10516,988
10517,6
10517,171
10517,337
10517,380
10517,595
10517,925
10518,33
10518,60
10518,272
10518,326
10518,627
10519,30
10519,525
10519,912
10520,506
10520,814
10521,30
10521,137
10521,457
10521,554
10521,582
10521,629
10521,858
10522,32
10522,204
10522,441
10522,503
10522,725
10523,208
10523,222
10523,851
10523,870
10524,290
10524,314
10524,489
10524,693
10524,781
10524,814
10525,49
10525,337
10525,595
10525,925
10526,380
10526,595
10526,683
10526,741
10527,25
10527,115
10527,216
10527,284
10527,352
10527,354
10527,523
10527,547
10527,613
10528,203
10528,471
10528,595
10528,741
10529,354
10529,355
10529,401
10529,814
10529,828
10530,55
10530,315
10530,355
10530,401
10530,814
10531,337
10531,533
10531,595
10531,926
10532,60
10532,299
10532,790
10533,120
10533,606
10533,718
10533,814
10534,32
10534,57
10534,503
10534,545
10534,725
10534,816
10535,32
10535,57
10535,199
10535,372
10535,503
10535,725
10535,803
10535,816
10536,32
10536,204
10536,319
10536,388
10536,503
10536,725
10537,30
10537,32
10537,57
10537,213
10537,227
10537,385
10537,457
10537,570
10537,816
10537,858
10537,894
10537,965
10538,32
10538,57
10538,503
10538,725
10538,816
10539,32
10539,204
10539,319
10539,388
10539,503
10539,725
10540,32
10540,57
10540,441
10540,503
10540,545
10540,725
10540,816
10541,32
10541,57
10541,239
10541,319
10541,503
10541,725
10542,32
10542,204
10542,239
10542,441
10542,503
10542,725
10543,337
10543,562
10543,595
10544,146
10544,218
10544,337
10544,567
10544,595
10544,988
10545,60
10545,299
10545,476
10545,928
10546,6
10546,171
10546,295
10546,353
10546,595
10546,645
10546,685
10547,66
10547,293
10547,324
10547,371
10547,613
10548,115
10548,277
10548,297
10548,523
10548,532
10548,613
10548,627
10548,814
10549,54
10549,337
10549,595
10550,54
10550,337
10550,595
10551,30
10551,66
10551,115
10551,227
10551,352
10551,354
10551,523
10551,547
10551,613
10551,906
10551,943
10551,945
10552,13
10552,38
10552,68
10552,125
10552,234
10552,253
10552,269
10552,531
10552,678
10552,814
10553,6
10553,146
10553,337
10553,595
10553,925
10554,77
10554,222
10554,276
10554,870
10554,893
10555,32
10555,57
10555,503
10555,545
10555,725
10555,816
10556,337
10556,595
10557,6
10557,171
10557,337
10557,595
10557,805
10557,925
10557,951
10557,960
10558,96
10558,146
10558,337
10558,595
10558,934
10559,324
10559,613
10560,337
10560,595
10561,606
10561,718
10561,814
10562,30
10562,32
10562,40
10562,204
10562,227
10562,441
10562,475
10562,570
10562,613
10562,743
10562,760
10562,816
10562,851
10562,862
10562,878
10562,906
10562,911
10562,932
10562,965
10563,32
10563,816
10564,32
10564,816
10565,32
10565,204
10565,816
10566,32
10566,816
10567,32
10567,816
10568,32
10568,204
10568,816
10569,32
10569,816
10570,32
10570,816
10571,32
10571,441
10571,816
10572,315
10572,526
10572,541
10573,6
10573,49
10573,146
10573,171
10573,595
10573,685
10573,741
10573,925
10573,951
10574,32
10574,816
10575,32
10575,816
10576,60
10577,104
10577,126
10577,352
10577,354
10577,613
10578,2
10578,35
10578,126
10578,189
10578,315
10578,526
10578,531
10578,613
10578,795
10579,77
10579,222
10579,262
10579,893
10580,337
10580,567
10580,595
10580,683
10580,712
10581,71
10581,150
10581,310
10581,337
10581,567
10581,595
10581,685
10582,337
10582,595
10582,812
10582,817
10582,934
10583,104
10583,126
10583,284
10583,352
10583,354
10583,531
10583,613
10584,30
10584,179
10584,346
10584,457
10584,749
10584,750
10584,858
10584,912
10585,474
10585,533
10585,595
10586,60
10586,235
10586,595
10586,925
10587,60
10587,595
10587,790
10587,877
10588,55
10588,315
10588,525
10588,665
10588,718
10588,795
10588,925
10588,928
10589,30
10589,313
10589,444
10589,718
10589,778
10589,791
10589,915
10590,60
10590,163
10590,546
10590,595
10590,738
10590,960
10591,30
10591,430
10591,507
10591,915
10592,1
10592,25
10592,430
10592,613
10592,642
10592,814
10593,2
10593,35
10593,126
10593,182
10593,189
10593,315
10593,526
10593,531
10593,613
10593,795
10594,30
10594,137
10594,231
10594,457
10594,554
10594,858
10595,184
10595,613
10595,964
10596,60
10596,245
10596,272
10596,326
10596,627
10597,288
10597,354
10597,430
10597,492
10597,642
10597,814
10597,828
10598,27
10598,324
10598,390
10598,541
10598,613
10598,718
10599,77
10599,125
10599,144
10599,387
10599,525
10599,531
10599,757
10599,814
10599,862
10600,718
10600,814
10600,891
10601,125
10601,489
10601,814
10602,354
10602,606
10602,674
10602,814
10602,828
10602,853
10603,21
10603,77
10603,144
10603,262
10603,387
10603,674
10603,718
10604,366
10604,591
10604,729
10604,810
10604,814
10604,851
10605,77
10605,144
10605,757
10605,814
10605,945
10606,15
10606,30
10606,227
10606,475
10606,784
10606,862
10606,912
10607,6
10607,146
10607,337
10607,595
10608,60
10608,299
10608,476
10608,595
10608,925
10608,928
10609,144
10609,527
10609,757
10609,814
10609,862
10610,30
10610,227
10610,462
10610,912
10611,125
10611,290
10611,304
10611,489
10611,609
10611,659
10611,707
10611,757
10611,814
10611,862
10611,945
10612,112
10612,359
10612,536
10612,613
10613,359
10613,536
10613,613
10613,984
10614,352
10614,354
10614,359
10614,536
10614,613
10614,715
10615,18
10615,327
10615,353
10615,595
10615,741
10616,60
10616,100
10616,245
10617,430
10617,642
10617,814
10618,21
10618,77
10618,125
10618,197
10618,606
10618,609
10618,693
10618,718
10618,814
10618,868
10619,30
10619,32
10619,57
10619,213
10619,441
10619,457
10619,545
10619,816
10619,858
10619,965
10620,208
10620,222
10620,851
10620,870
10620,893
10621,208
10621,222
10621,851
10621,870
10621,893
10622,30
10622,32
10622,57
10622,213
10622,441
10622,457
10622,545
10622,816
10622,858
10622,965
10623,30
10623,32
10623,57
10623,213
10623,441
10623,457
10623,545
10623,816
10623,858
10623,965
10624,32
10624,57
10624,545
10624,816
10625,32
10625,57
10625,545
10625,816
10626,30
10626,385
10626,457
10626,750
10626,760
10626,814
10626,832
10626,858
10626,878
10626,912
10626,931
10627,354
10627,492
10627,525
10627,619
10627,626
10627,698
10627,814
10627,828
10627,928
10627,931
10628,190
10629,662
10629,814
10630,125
10630,613
10630,814
10631,30
10631,227
10631,462
10631,502
10631,613
10631,906
10631,912
10632,197
10632,304
10632,494
10632,606
10632,659
10632,693
10632,814
10633,718
10633,814
10634,324
10634,352
10634,354
10634,492
10634,525
10634,613
10635,6
10635,337
10635,595
10635,925
10636,1
10636,430
10636,613
10636,642
10636,814
10637,184
10637,613
10638,18
10638,138
10638,295
10638,327
10638,353
10638,595
10638,741
10639,60
10640,2
10640,30
10640,45
10640,55
10640,182
10640,231
10640,315
10640,457
10640,554
10640,613
10640,795
10640,858
10640,906
10640,949
10640,983
10641,814
10642,197
10642,430
10642,606
10642,642
10642,693
10642,698
10642,814
10642,968
10643,150
10643,157
10643,337
10643,595
10644,256
10644,290
10644,613
10644,767
10645,32
10645,57
10645,503
10645,725
10645,805
10645,816
10646,32
10646,146
10646,260
10646,380
10646,384
10646,503
10646,511
10646,725
10646,899
10647,208
10647,222
10647,366
10647,851
10648,32
10648,57
10648,319
10648,503
10648,725
10648,860
10649,30
10649,32
10649,57
10649,213
10649,457
10649,816
10649,858
10649,965
10650,32
10650,57
10650,503
10650,725
10650,743
10650,816
10650,827
10650,899
10651,32
10651,69
10651,106
10651,319
10651,503
10651,663
10651,725
10651,827
10651,894
10651,899
10652,32
10652,57
10652,325
10652,342
10652,370
10652,503
10652,685
10652,725
10652,894
10652,960
10653,32
10653,57
10653,287
10653,372
10653,503
10653,545
10653,725
10653,743
10653,816
10653,827
10653,899
10654,38
10654,229
10654,321
10654,348
10654,354
10654,396
10654,626
10654,718
10654,724
10654,732
10654,878
10654,918
10654,928
10655,77
10655,117
10655,144
10655,185
10655,254
10655,340
10655,531
10655,754
10655,862
10655,945
10656,19
10656,337
10656,573
10656,595
10656,741
10657,16
10657,174
10657,430
10657,613
10657,693
10657,814
10657,891
10658,337
10658,595
10658,726
10658,741
10658,922
10658,925
10659,184
10659,613
10659,964
10660,222
10660,234
10660,331
10660,718
10660,900
10661,77
10661,82
10661,222
10661,387
10661,750
10661,858
10662,88
10662,489
10662,606
10662,707
10662,718
10662,756
10662,781
10662,814
10662,891
10663,171
10663,337
10663,595
10663,661
10664,60
10664,299
10664,973
10665,125
10665,284
10665,352
10665,354
10665,613
10665,814
10665,828
10666,36
10666,337
10667,77
10667,814
10668,197
10668,222
10668,231
10668,426
10668,430
10668,858
10668,879
10668,893
10669,197
10669,231
10669,426
10669,430
10669,606
10669,814
10669,858
10669,879
10670,197
10670,606
10670,814
10670,879
10671,533
10671,595
10671,741
10672,30
10672,208
10672,222
10672,851
10672,912
10672,965
10673,297
10673,489
10673,627
10673,707
10673,814
10674,30
10674,227
10674,757
10674,814
10674,862
10675,1
10675,216
10675,242
10675,293
10675,430
10675,606
10675,613
10675,718
10675,814
10676,375
10676,430
10676,642
10676,757
10676,814
10676,862
10677,6
10677,310
10677,337
10677,567
10677,595
10677,661
10677,782
10677,960
10678,38
10678,606
10678,814
10678,891
10679,184
10679,613
10680,68
10680,88
10680,125
10680,489
10680,531
10680,814
10681,30
10681,125
10681,210
10681,290
10681,466
10681,489
10681,525
10681,554
10681,606
10681,609
10681,718
10681,791
10681,814
10681,817
10682,32
10682,98
10682,503
10682,533
10682,725
10682,816
10682,920
10683,141
10683,408
10683,539
10683,693
10683,814
10684,115
10684,277
10684,354
10684,814
10684,828
10685,115
10685,277
10685,314
10685,354
10685,547
10685,814
10685,828
10686,310
10686,337
10686,567
10686,595
10686,683
10687,2
10687,114
10687,315
10687,613
10687,795
10687,814
10688,30
10688,227
10688,462
10688,502
10688,613
10688,656
10688,906
10688,915
10688,921
10688,945
10689,77
10689,82
10689,430
10690,60
10691,6
10691,310
10691,337
10691,567
10691,595
10691,685
10691,925
10692,30
10692,32
10692,208
10692,222
10692,816
10692,965
10693,30
10693,66
10693,613
10693,806
10693,906
10694,371
10694,447
10694,462
10694,502
10694,613
10694,746
10695,352
10695,354
10695,613
10696,60
10696,163
10696,595
10696,683
10697,1
10697,25
10697,89
10697,222
10697,276
10697,280
10697,430
10697,559
10697,613
10698,814
10699,430
10699,606
10699,642
10699,718
10699,814
10700,77
10700,125
10700,144
10700,154
10700,387
10700,462
10700,531
10700,757
10700,814
10701,77
10701,125
10701,144
10701,154
10701,387
10701,462
10701,531
10701,757
10701,814
10702,77
10702,125
10702,144
10702,154
10702,387
10702,462
10702,531
10702,757
10702,814
10703,352
10703,354
10703,613
10704,541
10704,718
10704,793
10704,814
10704,817
10705,30
10705,66
10705,613
10705,906
10706,21
10706,77
10706,108
10706,115
10706,354
10706,606
10706,718
10706,814
10706,828
10706,918
10706,985
10707,115
10707,606
10707,718
10707,814
10708,30
10708,115
10708,313
10708,314
10708,354
10708,606
10708,615
10708,718
10708,749
10708,791
10708,814
10708,828
10708,918
10709,115
10709,606
10709,718
10709,810
10709,814
10710,115
10710,222
10710,331
10710,426
10710,718
10710,858
10710,935
10711,297
10711,371
10711,430
10711,606
10711,627
10711,811
10711,814
10711,903
10712,60
10712,299
10712,573
10712,595
10712,790
10712,867
10713,49
10713,146
10713,337
10713,567
10713,595
10713,789
10713,988
10714,30
10714,227
10714,613
10714,906
10714,945
10715,30
10715,457
10715,858
10716,626
10716,634
10716,814
10716,928
10717,354
10717,366
10717,851
10717,957
10718,5
10718,77
10718,82
10718,144
10718,286
10718,304
10718,387
10718,462
10718,525
10719,60
10719,546
10719,718
10720,35
10720,278
10720,315
10720,497
10720,526
10720,787
10721,49
10721,150
10721,310
10721,337
10721,567
10721,595
10721,782
10722,324
10722,525
10722,531
10722,613
10723,2
10723,45
10723,55
10723,137
10723,182
10723,315
10723,613
10723,795
10723,858
10723,906
10723,949
10724,146
10724,337
10724,567
10724,595
10724,789
10724,988
10725,60
10725,462
10725,762
10725,790
10725,875
10726,184
10726,613
10726,964
10727,337
10727,595
10727,683
10728,153
10728,474
10728,533
10728,595
10729,30
10729,227
10729,366
10729,613
10729,851
10729,906
10729,911
10729,965
10730,352
10730,354
10730,366
10730,613
10730,851
10730,911
10730,957
10731,31
10731,108
10731,125
10731,202
10731,354
10731,695
10731,729
10731,814
10731,828
10731,851
10731,957
10731,985
10732,38
10732,77
10732,113
10732,116
10732,125
10732,144
10732,387
10732,729
10732,757
10732,814
10732,851
10733,66
10733,613
10733,851
10733,911
10734,77
10734,82
10734,116
10734,208
10734,222
10734,276
10734,472
10734,851
10735,366
10735,613
10735,729
10735,814
10735,851
10735,911
10736,30
10736,278
10736,554
10736,606
10736,791
10736,814
10736,817
10737,222
10737,893
10738,30
10738,227
10738,757
10738,814
10738,862
10738,912
10739,1
10739,297
10739,430
10739,532
10739,613
10739,627
10739,642
10739,814
10740,1
10740,25
10740,30
10740,130
10740,227
10740,304
10740,387
10740,430
10740,502
10740,507
10740,566
10740,613
10740,656
10740,781
10740,862
10740,906
10740,912
10741,222
10742,814
10743,125
10743,489
10743,814
10744,30
10744,231
10744,457
10744,554
10744,609
10744,674
10744,858
10744,915
10745,115
10745,352
10745,354
10745,523
10745,547
10745,613
10745,814
10745,828
10746,352
10746,354
10746,613
10747,278
10747,352
10747,354
10747,390
10747,450
10747,613
10747,635
10747,788
10747,814
10747,828
10747,836
10748,30
10748,137
10748,158
10748,231
10748,336
10748,372
10748,457
10748,525
10748,554
10748,609
10748,752
10748,858
10749,186
10749,310
10749,337
10749,361
10749,567
10749,595
10749,685
10750,2
10750,35
10750,55
10750,182
10750,315
10750,526
10750,541
10750,795
10751,152
10751,352
10751,354
10751,390
10751,541
10751,613
10751,681
10752,203
10752,595
10752,741
10753,30
10753,121
10753,147
10753,227
10753,389
10753,462
10753,541
10753,718
10753,912
10753,945
10754,27
10754,469
10754,613
10754,718
10755,77
10755,121
10755,144
10755,332
10755,462
10755,469
10755,718
10755,757
10755,793
10755,814
10756,1
10756,25
10756,216
10756,233
10756,389
10756,430
10756,460
10756,505
10756,609
10756,613
10756,678
10756,698
10756,814
10756,838
10757,77
10757,144
10757,462
10757,525
10757,693
10757,757
10757,814
10758,30
10758,227
10758,462
10758,656
10758,718
10758,891
10758,912
10758,913
10759,354
10759,469
10759,718
10759,793
10759,814
10759,822
10759,828
10760,27
10760,121
10760,462
10760,502
10760,541
10760,613
10760,718
10761,60
10761,100
10761,235
10761,245
10761,299
10761,546
10761,876
10762,54
10762,283
10762,485
10762,665
10762,732
10762,810
10762,929
10763,108
10763,366
10763,729
10763,814
10763,851
10764,32
10764,57
10764,177
10764,204
10764,213
10764,260
10764,319
10764,385
10764,387
10764,436
10764,570
10764,613
10764,851
10764,858
10764,894
10764,911
10765,32
10765,57
10765,319
10765,503
10765,725
10765,894
10766,32
10766,57
10766,503
10766,725
10766,816
10766,894
10767,32
10767,57
10767,177
10767,503
10767,725
10767,816
10768,108
10768,489
10768,707
10768,729
10768,814
10768,851
10769,84
10769,327
10769,337
10769,449
10769,537
10769,562
10769,595
10769,741
10770,60
10771,84
10771,327
10771,537
10771,595
10771,741
10772,33
10772,60
10772,299
10773,125
10773,141
10773,408
10773,609
10773,814
10773,963
10773,980
10774,84
10774,327
10774,337
10774,449
10774,537
10774,562
10774,595
10774,741
10775,25
10775,30
10775,66
10775,166
10775,227
10775,293
10775,313
10775,488
10775,502
10775,613
10775,674
10775,718
10775,791
10775,862
10775,906
10775,981
10776,84
10776,327
10776,337
10776,449
10776,537
10776,562
10776,595
10776,741
10777,222
10777,331
10777,426
10777,525
10777,718
10777,858
10777,893
10777,935
10778,293
10778,352
10778,354
10778,606
10778,613
10778,674
10778,718
10778,814
10778,828
10778,918
10779,30
10779,213
10779,231
10779,307
10779,366
10779,426
10779,457
10779,554
10779,791
10779,851
10779,858
10779,965
10780,30
10780,213
10780,231
10780,307
10780,366
10780,426
10780,457
10780,554
10780,791
10780,851
10780,858
10780,965
10781,30
10781,912
10782,99
10782,256
10782,352
10782,354
10782,613
10782,691
10782,858
10782,980
10783,131
10783,242
10783,293
10783,352
10783,354
10783,613
10783,718
10784,354
10784,530
10784,538
10784,606
10784,674
10784,718
10784,814
10784,828
10785,138
10785,327
10785,595
10785,683
10785,741
10786,35
10786,55
10786,315
10786,526
10786,531
10786,795
10786,878
10786,949
10787,66
10787,231
10787,352
10787,354
10787,411
10787,492
10787,538
10787,613
10787,674
10787,677
10787,718
10787,814
10787,828
10787,858
10788,2
10788,315
10788,526
10788,613
10788,787
10788,983
10789,60
10789,299
10789,790
10790,133
10790,474
10790,533
10790,595
10790,741
10791,595
10791,741
10791,842
10792,77
10792,82
10792,222
10792,387
10792,401
10793,30
10793,208
10793,222
10793,366
10793,851
10793,870
10793,902
10793,965
10794,125
10794,202
10794,354
10794,695
10794,729
10794,732
10794,814
10794,828
10794,851
10794,957
10795,595
10795,596
10795,683
10795,877
10796,16
10796,30
10796,227
10796,293
10796,348
10796,396
10796,502
10796,613
10796,718
10796,791
10796,862
10796,906
10797,32
10797,57
10797,146
10797,177
10797,260
10797,325
10797,503
10797,725
10798,242
10798,606
10798,718
10798,814
10799,293
10799,324
10799,606
10799,613
10799,718
10799,814
10799,891
10800,16
10800,25
10800,216
10800,293
10800,613
10800,718
10800,891
10801,16
10801,174
10801,293
10801,606
10801,613
10801,693
10801,707
10801,718
10801,814
10801,891
10802,30
10802,227
10802,313
10802,462
10802,538
10802,718
10802,912
10802,915
10803,141
10803,814
10803,962
10804,15
10804,30
10804,227
10804,462
10804,757
10804,814
10804,912
10805,530
10805,606
10805,674
10805,718
10805,814
10806,88
10806,234
10806,297
10806,430
10806,489
10806,627
10806,642
10806,707
10806,781
10806,814
10806,817
10807,337
10807,575
10807,595
10807,661
10807,741
10808,32
10808,291
10808,503
10808,595
10808,803
10808,816
10809,33
10809,125
10809,290
10809,489
10809,609
10809,707
10809,781
10809,814
10809,817
10810,146
10810,337
10810,595
10811,184
10811,613
10811,667
10812,21
10812,77
10812,115
10812,144
10812,387
10812,718
10813,25
10813,30
10813,613
10813,851
10813,906
10813,911
10813,965
10814,30
10814,130
10814,227
10814,304
10814,313
10814,462
10814,674
10814,718
10814,791
10814,912
10815,115
10815,606
10815,707
10815,718
10815,814
10816,21
10816,77
10816,115
10816,144
10816,606
10816,718
10816,757
10816,814
10817,707
10817,814
10817,928
10818,77
10818,144
10818,206
10818,286
10818,354
10818,387
10818,416
10818,462
10818,525
10818,757
10818,814
10818,828
10818,985
10819,197
10819,270
10819,606
10819,693
10819,718
10819,814
10820,77
10820,88
10820,125
10820,144
10820,173
10820,396
10820,462
10820,489
10820,531
10820,539
10820,757
10820,814
10821,30
10821,115
10821,313
10821,606
10821,693
10821,718
10821,791
10821,814
10821,817
10822,5
10822,77
10822,82
10822,144
10822,200
10822,217
10822,304
10822,862
10822,904
10823,30
10823,227
10823,806
10823,912
10824,15
10824,30
10824,227
10824,313
10824,462
10824,502
10824,530
10824,613
10824,628
10824,674
10824,718
10824,906
10824,915
10825,77
10825,82
10825,389
10825,496
10825,505
10825,678
10825,814
10825,838
10826,430
10826,538
10826,642
10826,718
10826,814
10827,125
10827,202
10827,354
10827,538
10827,718
10827,814
10827,828
10828,337
10828,567
10828,595
10828,925
10829,15
10829,30
10829,293
10829,313
10829,411
10829,530
10829,538
10829,613
10829,674
10829,718
10829,791
10829,906
10829,915
10830,30
10830,313
10830,538
10830,718
10830,915
10831,30
10831,227
10831,366
10831,729
10831,757
10831,814
10831,851
10831,965
10832,354
10832,695
10832,729
10832,814
10832,828
10832,851
10832,957
10833,21
10833,38
10833,77
10833,115
10833,144
10833,387
10833,718
10834,222
10834,331
10834,348
10834,387
10834,718
10834,821
10834,893
10834,944
10835,30
10835,313
10835,674
10835,718
10835,791
10835,912
10835,915
10836,453
10836,595
10836,596
10836,877
10836,925
10837,21
10837,77
10837,115
10837,125
10837,144
10837,387
10837,606
10837,718
10837,757
10837,814
10838,30
10838,125
10838,313
10838,554
10838,814
10839,30
10839,222
10839,331
10839,348
10839,718
10839,870
10839,891
10840,60
10840,595
10840,683
10840,762
10841,474
10841,533
10841,595
10841,741
10842,16
10842,284
10842,293
10842,321
10842,352
10842,354
10842,613
10842,718
10842,891
10842,928
10843,77
10843,144
10843,262
10843,387
10843,718
10844,49
10844,337
10844,380
10844,595
10844,970
10845,489
10845,814
10846,77
10846,144
10846,206
10846,757
10846,814
10846,945
10847,60
10847,100
10847,299
10848,595
10848,741
10848,925
10849,595
10849,877
10849,925
10850,613
10851,55
10851,182
10851,315
10851,526
10851,638
10851,795
10851,983
10852,30
10852,227
10852,462
10852,656
10852,912
10853,579
10853,580
10853,928
10854,6
10854,146
10854,337
10854,421
10854,595
10855,222
10855,821
10855,870
10855,893
10856,77
10856,222
10857,27
10857,121
10857,462
10857,502
10857,541
10857,613
10857,718
10857,945
10858,15
10858,30
10858,227
10858,287
10858,372
10858,457
10858,525
10858,609
10858,750
10858,858
10858,912
10859,60
10859,473
10860,30
10860,227
10860,531
10860,862
10860,912
10861,125
10861,210
10861,446
10861,462
10861,466
10861,506
10861,525
10861,609
10861,678
10861,705
10861,757
10861,814
10861,903
10862,184
10862,613
10862,667
10863,60
10863,100
10863,299
10864,30
10864,525
10864,752
10864,912
10865,30
10865,525
10865,627
10865,912
10866,55
10866,182
10866,315
10866,525
10866,526
10866,795
10866,983
10867,25
10867,77
10867,144
10867,254
10867,352
10867,354
10867,416
10867,462
10867,492
10867,502
10867,613
10867,628
10868,30
10868,125
10868,489
10868,615
10868,749
10868,814
10868,912
10869,324
10869,525
10869,613
10870,21
10870,77
10870,144
10870,538
10870,718
10871,30
10871,227
10871,313
10871,538
10871,718
10871,791
10871,912
10872,108
10872,366
10872,729
10872,810
10872,814
10872,851
10873,293
10873,352
10873,354
10873,538
10873,613
10873,718
10873,918
10874,49
10874,171
10874,186
10874,337
10874,595
10874,951
10875,146
10875,337
10875,567
10875,595
10875,661
10875,708
10875,789
10876,77
10876,115
10876,144
10876,221
10876,277
10876,757
10876,814
10876,945
10877,337
10877,449
10877,595
10877,741
10878,613
10879,66
10879,613
10880,2
10880,182
10880,216
10880,315
10880,525
10880,526
10880,531
10880,613
10880,795
10881,222
10881,430
10881,893
10882,33
10882,430
10882,642
10882,757
10882,814
10883,489
10883,613
10883,707
10883,814
10884,609
10884,613
10884,691
10884,839
10884,980
10885,25
10885,30
10885,137
10885,457
10885,525
10885,554
10885,613
10885,629
10885,858
10885,906
10886,21
10886,77
10886,82
10886,144
10886,387
10886,462
10886,826
10886,944
10887,77
10887,82
10887,222
10887,444
10887,467
10888,15
10888,30
10888,37
10888,62
10888,182
10888,315
10888,336
10888,457
10888,570
10888,851
10888,858
10888,949
10889,30
10889,525
10889,609
10889,656
10889,806
10889,912
10890,77
10890,125
10890,144
10890,333
10890,525
10890,531
10890,757
10890,814
10890,862
10890,945
10891,1
10891,25
10891,322
10891,430
10891,613
10891,642
10891,814
10891,910
10892,96
10892,337
10892,595
10892,741
10893,222
10893,231
10893,307
10893,654
10893,655
10893,858
10893,893
10894,30
10894,231
10894,457
10894,554
10894,858
10895,125
10895,126
10895,531
10895,584
10895,814
10896,30
10896,63
10896,130
10896,227
10896,304
10896,462
10896,525
10896,656
10896,912
10897,77
10897,82
10898,503
10898,595
10899,222
10899,276
10899,525
10899,608
10899,640
10900,352
10900,354
10900,613
10900,718
10901,316
10901,352
10901,354
10901,613
10901,718
10902,30
10902,147
10902,389
10902,678
10902,838
10902,878
10903,77
10903,125
10903,185
10903,254
10903,314
10903,389
10903,496
10903,525
10903,531
10903,678
10903,814
10903,838
10904,77
10904,222
10905,354
10905,492
10905,619
10905,626
10905,678
10905,698
10905,814
10905,828
10905,928
10905,931
10906,33
10906,125
10906,354
10906,389
10906,492
10906,496
10906,678
10906,718
10906,781
10906,814
10906,828
10906,838
10906,878
10906,931
10907,222
10907,276
10907,640
10908,30
10908,227
10908,462
10908,912
10908,913
10908,915
10909,5
10909,77
10909,144
10909,304
10909,462
10909,525
10909,628
10910,595
10910,596
10910,877
10910,925
10911,30
10911,227
10911,313
10911,462
10911,912
10912,32
10912,57
10912,258
10912,503
10912,725
10912,743
10912,805
10912,816
10912,827
10913,66
10913,231
10913,352
10913,354
10913,492
10913,525
10913,613
10913,858
10914,32
10914,57
10914,106
10914,146
10914,260
10914,503
10914,680
10914,725
10914,753
10914,827
10915,2
10915,315
10915,525
10915,526
10915,613
10915,949
10915,983
10916,32
10916,37
10916,98
10916,261
10916,325
10916,453
10916,503
10916,533
10916,725
10916,827
10916,899
10916,920
10917,32
10917,177
10917,204
10917,239
10917,319
10917,503
10917,725
10918,32
10918,57
10918,319
10918,503
10918,725
10918,816
10919,32
10919,388
10919,503
10919,725
10919,894
10920,32
10920,57
10920,239
10920,319
10920,503
10920,725
10920,732
10920,768
10920,860
10920,894
10921,30
10921,227
10921,313
10921,462
10921,530
10921,606
10921,674
10921,757
10921,791
10921,814
10921,912
10921,915
10921,945
10922,4
10922,32
10922,146
10922,260
10922,503
10922,725
10922,837
10923,32
10923,57
10923,177
10923,319
10923,480
10923,503
10923,725
10923,816
10924,32
10924,57
10924,177
10924,319
10924,503
10924,725
10924,894
10925,197
10925,293
10925,494
10925,606
10925,613
10925,718
10925,814
10926,30
10926,222
10926,375
10926,554
10926,608
10927,112
10927,197
10927,293
10927,314
10927,606
10927,613
10927,626
10927,643
10927,718
10927,814
10928,290
10928,462
10928,662
10928,757
10928,814
10929,337
10929,449
10929,595
10929,741
10930,21
10930,77
10930,92
10930,219
10930,256
10930,430
10930,606
10930,642
10930,718
10930,814
10930,967
10931,30
10931,166
10931,231
10931,313
10931,426
10931,457
10931,554
10931,674
10931,718
10931,791
10931,858
10931,915
10932,2
10932,114
10932,315
10932,360
10932,399
10932,526
10932,613
10932,691
10932,795
10932,814
10932,928
10932,963
10932,980
10933,30
10933,125
10933,227
10933,290
10933,489
10933,609
10933,615
10933,656
10933,749
10933,757
10933,814
10933,912
10934,84
10934,337
10934,537
10934,562
10934,595
10935,109
10935,197
10935,430
10935,606
10935,642
10935,718
10935,814
10935,968
10936,474
10936,533
10936,595
10936,741
10937,474
10937,533
10937,595
10937,741
10938,293
10938,352
10938,354
10938,538
10938,613
10938,718
10939,60
10939,272
10939,326
10939,525
10939,627
10940,25
10940,242
10940,293
10940,613
10940,718
10941,58
10941,128
10941,271
10941,293
10941,606
10941,613
10941,814
10942,352
10942,354
10942,525
10942,613
10943,6
10943,337
10943,595
10943,925
10944,60
10944,438
10944,462
10945,23
10945,32
10945,57
10945,177
10945,204
10945,319
10945,503
10945,725
10945,816
10946,32
10946,57
10946,177
10946,503
10946,725
10946,894
10947,471
10947,595
10947,741
10948,77
10948,219
10948,222
10948,387
10948,401
10948,430
10948,870
10948,893
10949,2
10949,315
10949,363
10949,526
10949,613
10949,626
10949,795
10949,928
10950,222
10950,242
10950,718
10950,870
10950,900
10951,35
10951,55
10951,114
10951,125
10951,315
10951,526
10951,609
10951,795
10951,814
10952,123
10952,354
10952,606
10952,693
10952,814
10952,817
10952,828
10953,112
10953,128
10953,293
10953,314
10953,606
10953,613
10953,693
10953,814
10953,817
10954,66
10954,123
10954,532
10954,613
10954,627
10954,921
10955,32
10955,106
10955,258
10955,503
10955,725
10955,768
10955,816
10955,827
10956,25
10956,125
10956,290
10956,489
10956,609
10956,613
10956,615
10956,814
10957,148
10957,324
10957,532
10957,613
10957,627
10957,921
10957,984
10958,442
10958,471
10958,595
10958,683
10958,701
10958,741
10958,842
10959,60
10959,245
10959,299
10959,462
10959,762
10960,184
10960,515
10960,613
10960,667
10961,49
10961,146
10961,171
10961,310
10961,337
10961,395
10961,567
10961,595
10961,951
10962,66
10962,123
10962,613
10962,921
10963,128
10963,293
10963,613
10964,6
10964,310
10964,337
10964,395
10964,567
10964,595
10964,817
10965,123
10965,352
10965,354
10965,613
10966,327
10966,395
10966,595
10966,741
10967,337
10967,395
10967,595
10967,817
10968,66
10968,123
10968,613
10969,66
10969,123
10969,613
10970,25
10970,66
10970,123
10970,613
10971,55
10971,88
10971,114
10971,315
10971,729
10971,814
10971,851
10972,380
10972,595
10972,741
10973,337
10973,595
10973,789
10973,925
10974,595
10974,741
10974,925
10975,613
10975,814
10976,30
10976,324
10976,554
10976,613
10976,752
10976,921
10977,366
10977,729
10977,757
10977,814
10977,851
10978,471
10978,595
10978,741
10979,171
10979,337
10979,567
10979,595
10980,725
10980,986
10981,30
10981,293
10981,348
10981,613
10981,718
10981,791
10981,906
10982,729
10982,757
10982,814
10982,851
10983,430
10983,539
10983,642
10983,693
10983,814
10984,68
10984,222
10984,870
10984,893
10985,115
10985,125
10985,277
10985,539
10985,693
10985,814
10986,15
10986,30
10986,37
10986,62
10986,130
10986,199
10986,227
10986,240
10986,260
10986,287
10986,304
10986,372
10986,457
10986,570
10986,750
10986,851
10986,858
10986,862
10986,912
10987,115
10987,277
10987,523
10987,613
10987,814
10988,30
10988,231
10988,457
10988,858
10988,912
10989,30
10989,307
10989,457
10989,858
10990,30
10990,147
10990,233
10990,389
10990,525
10990,531
10990,554
10990,613
10990,910
10990,921
10991,125
10991,538
10991,606
10991,718
10991,810
10991,814
10992,32
10992,57
10992,79
10992,177
10992,503
10992,725
10992,816
10993,38
10993,113
10993,125
10993,693
10993,729
10993,810
10993,814
10993,851
10994,125
10994,489
10994,538
10994,606
10994,693
10994,718
10994,757
10994,814
10995,32
10995,146
10995,260
10995,477
10995,503
10995,725
10995,743
10995,816
10995,827
10995,899
10996,32
10996,57
10996,79
10996,177
10996,204
10996,503
10996,725
10997,354
10997,729
10997,732
10997,810
10997,814
10997,828
10997,851
10997,957
10998,293
10998,538
10998,606
10998,613
10998,718
10998,814
10999,30
10999,130
10999,227
10999,304
10999,313
10999,462
10999,530
10999,606
10999,659
10999,674
10999,757
10999,791
10999,814
10999,912
10999,915
10999,945
11000,77
11000,814
11001,25
11001,184
11001,613
11001,667
11002,60
11002,299
11003,77
11003,287
11003,401
11003,750
11003,858
11004,112
11004,184
11004,613
11004,667
11004,690
11005,125
11005,231
11005,387
11005,426
11005,606
11005,718
11005,814
11005,858
11006,38
11006,160
11006,348
11006,371
11006,606
11006,718
11006,811
11006,814
11006,903
11006,923
11006,928
11007,60
11007,100
11007,168
11007,299
11007,382
11007,476
11007,928
11008,32
11008,98
11008,315
11008,816
11009,60
11010,15
11010,30
11010,240
11010,457
11010,609
11010,750
11010,858
11010,912
11011,60
11011,207
11011,245
11011,299
11011,980
11012,25
11012,293
11012,613
11012,891
11013,6
11013,157
11013,159
11013,171
11013,595
11013,827
11013,925
11013,951
11014,77
11014,108
11014,116
11014,125
11014,729
11014,814
11014,851
11015,67
11015,324
11015,525
11015,613
11016,60
11016,163
11016,251
11016,299
11016,595
11016,683
11016,751
11017,33
11017,77
11017,144
11017,210
11017,290
11017,609
11017,757
11017,814
11017,862
11017,945
11018,146
11018,171
11018,337
11018,595
11018,951
11018,970
11019,33
11019,125
11019,267
11019,354
11019,414
11019,609
11019,615
11019,757
11019,781
11019,814
11019,828
11020,30
11020,88
11020,489
11020,525
11020,554
11020,656
11020,707
11020,752
11020,814
11020,817
11020,912
11021,222
11021,420
11021,718
11021,870
11021,893
11021,900
11022,77
11022,222
11022,262
11022,387
11022,538
11022,718
11022,851
11022,893
11023,77
11023,222
11023,525
11023,821
11023,893
11024,352
11024,354
11024,613
11024,718
11025,203
11025,337
11025,595
11026,2
11026,315
11026,404
11026,526
11026,787
11027,25
11027,613
11028,30
11028,216
11028,231
11028,457
11028,613
11028,858
11028,906
11029,30
11029,525
11029,718
11029,791
11029,912
11030,315
11030,526
11030,795
11030,851
11031,729
11031,814
11031,851
11032,336
11032,352
11032,354
11032,613
11032,732
11032,851
11032,911
11032,957
11033,30
11033,125
11033,227
11033,729
11033,757
11033,814
11033,851
11033,965
11034,32
11034,98
11034,315
11034,816
11035,30
11035,227
11035,729
11035,757
11035,814
11035,851
11035,965
11036,30
11036,125
11036,227
11036,729
11036,757
11036,814
11036,851
11036,965
11037,30
11037,115
11037,206
11037,227
11037,313
11037,538
11037,606
11037,718
11037,757
11037,791
11037,814
11038,108
11038,288
11038,354
11038,430
11038,525
11038,606
11038,642
11038,707
11038,718
11038,814
11038,828
11038,918
11038,985
11039,315
11039,526
11039,795
11039,851
11040,297
11040,354
11040,538
11040,606
11040,718
11040,814
11040,828
11040,918
11041,552
11041,725
11041,986
11042,315
11042,526
11042,795
11042,851
11043,33
11043,77
11043,125
11043,430
11043,609
11043,693
11043,814
11044,77
11044,144
11044,462
11044,538
11044,718
11044,757
11044,814
11045,294
11045,814
11045,963
11046,2
11046,182
11046,315
11046,360
11046,526
11046,613
11046,626
11046,928
11046,952
11047,222
11047,280
11047,466
11047,525
11047,626
11047,757
11047,814
11047,817
11047,928
11048,141
11048,453
11048,595
11048,596
11048,877
11049,26
11049,288
11049,354
11049,430
11049,642
11049,814
11049,828
11050,60
11050,163
11050,235
11050,299
11050,595
11050,683
11050,762
11051,77
11051,222
11051,262
11051,893
11052,77
11052,115
11052,144
11052,221
11052,462
11053,77
11053,115
11053,144
11053,221
11053,277
11053,387
11053,757
11053,814
11054,115
11054,277
11054,757
11054,814
11055,2
11055,55
11055,115
11055,315
11055,523
11055,526
11055,613
11055,795
11055,983
11056,25
11056,125
11056,293
11056,531
11056,606
11056,613
11056,615
11056,814
11056,944
11057,222
11057,380
11057,595
11057,683
11058,101
11058,146
11058,337
11058,567
11058,595
11058,683
11058,837
11059,77
11059,82
11060,49
11060,146
11060,337
11060,567
11060,595
11060,988
11061,60
11061,163
11061,235
11061,546
11061,595
11061,925
11061,960
11062,146
11062,337
11062,595
11063,21
11063,77
11063,144
11063,462
11063,606
11063,757
11063,814
11063,944
11063,945
11064,36
11064,138
11064,295
11064,337
11064,492
11064,562
11064,595
11065,337
11065,595
11065,741
11065,970
11066,125
11066,814
11067,77
11067,814
11068,21
11068,77
11068,270
11068,606
11068,814
11069,327
11069,471
11069,595
11069,683
11069,741
11070,60
11070,163
11070,235
11070,546
11070,595
11070,683
11070,960
11071,25
11071,184
11071,613
11072,126
11072,293
11072,613
11073,25
11073,112
11073,184
11073,201
11073,613
11074,84
11074,138
11074,295
11074,327
11074,337
11074,537
11074,562
11074,595
11074,741
11075,242
11075,293
11075,352
11075,354
11075,613
11075,839
11076,606
11076,718
11076,814
11076,953
11077,30
11077,137
11077,287
11077,348
11077,372
11077,426
11077,457
11077,542
11077,554
11077,718
11077,791
11077,858
11078,49
11078,146
11078,337
11078,567
11078,595
11078,789
11078,925
11079,25
11079,718
11079,891
11079,921
11080,814
11081,184
11081,613
11081,667
11082,489
11082,539
11082,814
11083,25
11083,77
11083,144
11083,435
11083,462
11083,502
11083,613
11083,757
11083,814
11084,125
11084,161
11084,290
11084,489
11084,606
11084,609
11084,707
11084,814
11085,30
11085,375
11085,814
11086,30
11086,88
11086,125
11086,333
11086,375
11086,489
11086,531
11086,757
11086,814
11086,862
11087,146
11087,337
11087,595
11088,163
11088,438
11088,762
11088,919
11089,375
11089,525
11089,814
11089,817
11090,77
11090,125
11090,314
11090,525
11090,531
11090,693
11090,814
11091,462
11091,502
11091,613
11091,628
11092,33
11092,267
11092,297
11092,318
11092,352
11092,354
11092,414
11092,492
11092,532
11092,613
11092,627
11092,814
11092,828
11093,16
11093,174
11093,396
11093,613
11093,693
11093,814
11094,60
11094,198
11094,476
11094,580
11094,798
11094,865
11094,928
11095,11
11095,60
11095,326
11095,595
11096,30
11096,231
11096,457
11096,554
11096,609
11096,858
11097,2
11097,55
11097,293
11097,315
11097,526
11097,613
11097,653
11097,718
11097,795
11097,906
11098,38
11098,88
11098,125
11098,210
11098,314
11098,340
11098,489
11098,632
11098,678
11098,814
11098,817
11098,838
11099,316
11099,613
11099,718
11099,756
11100,297
11100,627
11100,814
11101,125
11101,814
11102,38
11102,77
11102,814
11103,30
11104,60
11104,163
11104,438
11104,595
11104,683
11104,762
11105,36
11105,327
11105,337
11105,562
11105,595
11105,741
11106,60
11106,163
11106,438
11106,499
11106,595
11106,762
11107,60
11107,163
11107,235
11107,595
11107,658
11107,776
11108,25
11108,38
11108,184
11108,613
11109,352
11109,354
11109,613
11109,732
11109,851
11109,911
11109,957
11109,985
11110,35
11110,55
11110,182
11110,315
11110,316
11110,531
11110,795
11111,474
11111,533
11111,595
11111,820
11112,125
11112,354
11112,416
11112,492
11112,609
11112,814
11112,828
11112,985
11113,38
11113,174
11113,321
11113,354
11113,396
11113,814
11113,828
11114,184
11114,595
11114,741
11115,184
11115,613
11116,606
11116,615
11116,718
11116,814
11116,953
11117,613
11117,921
11118,525
11118,613
11119,606
11119,718
11119,757
11119,814
11119,891
11120,352
11120,354
11120,613
11120,851
11120,911
11120,957
11121,32
11121,57
11121,79
11121,477
11121,503
11121,816
11122,21
11122,77
11122,234
11122,718
11122,756
11123,77
11123,116
11123,144
11123,729
11123,757
11123,814
11123,851
11124,2
11124,35
11124,55
11124,182
11124,293
11124,315
11124,348
11124,526
11124,609
11124,613
11124,718
11124,795
11124,906
11125,77
11125,116
11125,208
11125,222
11125,851
11126,25
11126,51
11126,92
11126,293
11126,352
11126,354
11126,492
11126,613
11126,858
11127,33
11127,125
11127,354
11127,414
11127,492
11127,606
11127,609
11127,744
11127,781
11127,814
11127,828
11128,35
11128,45
11128,55
11128,182
11128,315
11128,609
11128,795
11128,949
11129,25
11129,112
11129,184
11129,613
11129,667
11130,30
11130,227
11130,313
11130,538
11130,606
11130,718
11130,757
11130,791
11130,814
11131,33
11131,290
11131,446
11131,489
11131,613
11131,705
11131,814
11131,866
11132,360
11132,474
11132,533
11132,595
11132,820
11133,30
11133,814
11133,912
11134,210
11134,290
11134,351
11134,354
11134,446
11134,466
11134,489
11134,492
11134,525
11134,678
11134,705
11134,814
11134,828
11134,903
11135,2
11135,45
11135,55
11135,182
11135,315
11135,526
11135,613
11135,787
11135,906
11136,11
11136,60
11136,569
11136,595
11136,648
11136,790
11136,875
11136,925
11137,77
11137,222
11137,231
11137,262
11137,385
11137,609
11137,750
11137,817
11137,858
11137,893
11137,935
11138,30
11138,352
11138,354
11138,492
11138,525
11138,554
11138,613
11138,849
11139,60
11139,245
11139,438
11139,462
11139,525
11139,762
11140,99
11140,256
11140,613
11140,650
11140,973
11141,131
11141,352
11141,354
11141,613
11142,506
11142,814
11143,77
11143,144
11143,185
11143,314
11143,387
11143,462
11143,525
11143,757
11143,814
11144,222
11144,430
11144,902
11145,30
11145,166
11145,227
11145,313
11145,538
11145,718
11145,791
11145,862
11145,881
11145,912
11146,108
11146,125
11146,202
11146,354
11146,729
11146,814
11146,828
11146,851
11146,957
11146,985
11147,60
11147,163
11147,299
11147,595
11147,683
11147,762
11148,337
11148,508
11148,595
11148,661
11148,717
11148,782
11148,817
11149,125
11149,160
11149,290
11149,354
11149,489
11149,609
11149,638
11149,639
11149,707
11149,814
11149,828
11149,923
11149,985
11150,60
11150,163
11150,438
11150,595
11150,762
11150,925
11151,84
11151,327
11151,337
11151,537
11151,562
11151,595
11151,741
11152,30
11152,227
11152,462
11152,912
11153,84
11153,327
11153,537
11153,595
11153,741
11154,84
11154,327
11154,537
11154,595
11154,741
11155,84
11155,327
11155,337
11155,537
11155,562
11155,595
11155,741
11156,84
11156,327
11156,537
11156,595
11156,741
11157,33
11157,60
11157,438
11157,462
11157,628
11157,762
11157,833
11157,945
11158,60
11158,163
11158,569
11158,595
11158,683
11158,790
11159,25
11159,216
11159,324
11159,352
11159,354
11159,613
11159,984
11160,133
11160,474
11160,533
11160,595
11160,741
11161,60
11161,326
11161,595
11162,430
11162,642
11162,814
11163,30
11163,147
11163,372
11163,389
11163,457
11163,638
11163,718
11163,760
11163,819
11163,831
11163,832
11163,858
11163,878
11163,932
11164,81
11164,222
11164,525
11164,893
11164,902
11165,88
11165,125
11165,462
11165,482
11165,489
11165,531
11165,707
11165,757
11165,814
11165,945
11166,30
11166,227
11166,313
11166,606
11166,757
11166,791
11166,814
11166,817
11166,862
11166,881
11166,915
11166,945
11167,2
11167,55
11167,114
11167,315
11167,613
11167,638
11167,795
11167,814
11168,88
11168,125
11168,210
11168,297
11168,489
11168,531
11168,814
11169,30
11169,278
11169,606
11169,635
11169,718
11169,791
11169,814
11169,912
11170,32
11170,441
11170,503
11170,725
11170,816
11170,915
11171,32
11171,204
11171,503
11171,725
11171,894
11172,442
11172,471
11172,595
11172,683
11172,741
11173,30
11173,125
11173,179
11173,290
11173,489
11173,525
11173,609
11173,615
11173,749
11173,814
11174,30
11174,912
11175,352
11175,354
11175,492
11175,525
11175,613
11175,814
11175,828
11176,125
11176,387
11176,729
11176,814
11176,851
11177,32
11177,57
11177,79
11177,287
11177,372
11177,503
11177,725
11177,816
11178,32
11178,146
11178,260
11178,477
11178,503
11178,725
11178,743
11178,899
11179,293
11179,606
11179,613
11179,718
11179,814
11180,30
11180,613
11180,806
11180,906
11181,29
11181,200
11181,282
11181,288
11181,354
11181,430
11181,446
11181,589
11181,606
11181,642
11181,705
11181,718
11181,814
11181,825
11181,828
11182,337
11182,486
11182,562
11182,595
11182,658
11182,685
11182,817
11183,60
11184,146
11184,171
11184,595
11184,925
11185,77
11185,82
11185,814
11186,474
11186,533
11186,595
11186,983
11187,532
11187,613
11187,627
11187,668
11188,25
11188,89
11188,222
11188,492
11188,613
11189,77
11189,219
11189,379
11189,430
11189,642
11189,814
11189,887
11190,30
11191,174
11191,210
11191,288
11191,321
11191,354
11191,396
11191,430
11191,642
11191,814
11191,828
11192,30
11192,656
11192,752
11192,912
11193,88
11193,154
11193,293
11193,297
11193,489
11193,532
11193,606
11193,613
11193,627
11193,635
11193,718
11193,814
11194,182
11194,315
11194,526
11194,787
11194,983
11195,297
11195,729
11195,814
11195,851
11196,30
11196,144
11196,375
11196,527
11196,554
11196,817
11196,862
11197,360
11197,474
11197,533
11197,595
11197,820
11198,77
11198,82
11198,219
11198,222
11198,430
11199,310
11199,337
11199,567
11199,595
11199,738
11199,782
11199,907
11200,1
11200,197
11200,293
11200,324
11200,430
11200,613
11200,718
11201,352
11201,354
11201,613
11201,729
11201,732
11201,810
11201,814
11201,828
11201,851
11201,911
11201,957
11202,33
11202,60
11202,198
11202,476
11202,798
11202,952
11203,30
11203,227
11203,462
11203,502
11203,525
11203,613
11203,752
11203,849
11203,906
11204,77
11204,82
11204,144
11204,462
11204,525
11205,186
11205,310
11205,337
11205,567
11205,595
11205,951
11206,30
11206,227
11206,525
11206,752
11206,912
11207,327
11207,492
11207,595
11207,741
11207,922
11207,925
11207,928
11208,25
11208,184
11208,613
11209,310
11209,337
11209,567
11209,595
11209,683
11209,712
11210,471
11210,595
11210,683
11210,741
11211,146
11211,337
11211,493
11211,567
11211,595
11212,337
11212,725
11212,827
11212,899
11212,986
11213,729
11213,814
11213,851
11214,31
11214,314
11214,354
11214,489
11214,729
11214,814
11214,817
11214,828
11214,851
11214,957
11215,729
11215,814
11215,851
11216,851
11217,66
11217,613
11217,851
11217,911
11218,289
11218,665
11218,925
11218,929
11219,354
11219,732
11219,851
11219,957
11220,352
11220,354
11220,613
11220,851
11220,911
11220,957
11221,231
11221,348
11221,354
11221,396
11221,426
11221,531
11221,606
11221,718
11221,814
11221,828
11221,858
11221,918
11222,352
11222,354
11222,613
11222,851
11222,911
11222,957
11223,77
11223,116
11223,387
11223,729
11223,814
11223,851
11224,77
11224,116
11224,387
11224,729
11224,814
11224,851
11225,30
11225,457
11225,656
11225,750
11225,858
11225,912
11226,1
11226,25
11226,430
11226,613
11226,642
11226,814
11227,30
11227,125
11227,144
11227,227
11227,338
11227,527
11227,531
11227,554
11227,619
11227,632
11227,757
11227,814
11227,862
11227,912
11227,931
11228,6
11228,171
11228,186
11228,337
11228,595
11228,645
11228,685
11229,352
11229,354
11229,613
11229,851
11229,911
11229,957
11230,59
11230,160
11230,613
11230,691
11230,980
11231,25
11231,112
11231,184
11231,201
11231,318
11231,613
11231,667
11232,25
11232,184
11232,201
11232,613
11232,667
11233,5
11233,77
11233,144
11233,304
11233,718
11233,945
11234,337
11234,595
11234,741
11234,925
11235,1
11235,99
11235,256
11235,293
11235,430
11235,514
11235,606
11235,613
11235,642
11235,691
11235,814
11235,963
11235,980
11236,606
11236,718
11236,814
11237,24
11237,606
11237,718
11237,814
11238,68
11238,200
11238,217
11238,354
11238,416
11238,606
11238,700
11238,718
11238,814
11238,828
11238,904
11238,985
11239,125
11239,290
11239,371
11239,430
11239,462
11239,489
11239,606
11239,609
11239,707
11239,718
11239,757
11239,814
11240,430
11240,489
11240,642
11240,698
11240,707
11240,814
11241,595
11241,741
11242,108
11242,131
11242,354
11242,814
11242,828
11242,944
11242,985
11243,290
11243,297
11243,489
11243,525
11243,627
11243,814
11244,77
11244,116
11244,125
11244,144
11244,729
11244,757
11244,814
11244,851
11245,30
11245,130
11245,227
11245,304
11245,313
11245,530
11245,674
11245,791
11245,862
11245,912
11246,45
11246,55
11246,234
11246,315
11246,531
11246,814
11247,68
11247,340
11247,352
11247,354
11247,414
11247,506
11247,613
11247,814
11247,828
11248,1
11248,288
11248,352
11248,354
11248,430
11248,613
11248,642
11248,814
11248,828
11249,77
11249,82
11249,262
11249,387
11249,638
11249,814
11250,125
11250,290
11250,314
11250,430
11250,489
11250,609
11250,693
11250,698
11250,814
11251,474
11251,533
11251,595
11251,820
11251,926
11252,1
11252,25
11252,125
11252,430
11252,609
11252,613
11252,642
11252,814
11253,7
11253,186
11253,595
11253,706
11254,125
11254,606
11254,609
11254,674
11254,718
11254,814
11254,853
11255,30
11255,912
11256,125
11256,297
11256,609
11256,627
11256,814
11257,222
11257,609
11257,862
11257,893
11258,30
11258,227
11258,462
11258,525
11258,656
11258,912
11258,945
11259,30
11259,35
11259,55
11259,182
11259,231
11259,315
11259,457
11259,554
11259,609
11259,858
11259,949
11260,290
11260,430
11260,462
11260,489
11260,693
11260,757
11260,814
11261,30
11261,231
11261,457
11261,525
11261,554
11261,858
11262,134
11262,471
11262,533
11262,595
11262,652
11262,741
11262,745
11263,30
11263,63
11263,227
11263,530
11263,538
11263,606
11263,656
11263,674
11263,718
11263,757
11263,791
11263,814
11263,862
11263,897
11263,915
11263,945
11264,25
11264,125
11264,290
11264,489
11264,609
11264,613
11264,693
11264,814
11265,30
11265,227
11265,462
11265,502
11265,554
11265,613
11265,806
11265,906
11265,945
11266,30
11266,525
11266,615
11266,749
11266,752
11266,814
11267,77
11267,82
11267,316
11267,531
11267,718
11268,30
11268,457
11268,750
11268,752
11268,858
11268,912
11269,25
11269,125
11269,462
11269,502
11269,525
11269,531
11269,613
11269,757
11269,814
11270,30
11270,227
11270,462
11270,912
11271,474
11271,533
11271,595
11272,2
11272,182
11272,315
11272,526
11272,787
11272,983
11273,25
11273,324
11273,613
11274,25
11274,613
11275,182
11275,315
11275,542
11275,795
11275,949
11276,77
11276,222
11276,262
11276,893
11277,30
11277,63
11277,137
11277,227
11277,426
11277,457
11277,554
11277,656
11277,718
11277,750
11277,791
11277,858
11277,862
11277,891
11277,912
11277,945
11278,184
11278,613
11278,667
11279,315
11279,401
11279,636
11279,795
11280,337
11280,595
11280,685
11280,780
11281,30
11281,293
11281,324
11281,525
11281,554
11281,613
11281,718
11281,791
11282,30
11282,137
11282,231
11282,457
11282,531
11282,554
11282,750
11282,858
11282,912
11283,30
11283,137
11283,385
11283,457
11283,531
11283,554
11283,814
11283,858
11283,952
11284,25
11284,222
11284,280
11284,400
11284,525
11284,613
11284,870
11284,900
11284,984
11285,30
11285,227
11285,462
11285,525
11285,912
11285,945
11286,131
11286,352
11286,354
11286,531
11286,613
11287,87
11287,337
11287,595
11287,685
11287,693
11287,782
11287,817
11287,958
11287,960
11288,109
11288,197
11288,290
11288,304
11288,387
11288,489
11288,566
11288,606
11288,659
11288,693
11288,757
11288,814
11288,968
11289,30
11289,227
11289,554
11289,862
11289,912
11290,316
11290,613
11290,718
11291,37
11291,106
11291,319
11291,503
11291,595
11291,780
11291,827
11291,863
11291,899
11292,162
11292,222
11292,280
11292,525
11292,870
11293,474
11293,533
11293,595
11293,827
11293,970
11294,125
11294,333
11294,506
11294,531
11294,619
11294,693
11294,814
11294,931
11295,60
11295,242
11295,245
11295,299
11296,169
11296,182
11296,315
11297,125
11297,444
11297,609
11297,693
11297,814
11298,88
11298,105
11298,314
11298,489
11298,707
11298,757
11298,814
11298,862
11299,88
11299,210
11299,314
11299,340
11299,348
11299,354
11299,414
11299,466
11299,483
11299,486
11299,489
11299,615
11299,707
11299,747
11299,814
11299,817
11299,828
11300,171
11300,337
11300,453
11300,595
11300,645
11300,726
11300,925
11301,442
11301,471
11301,595
11301,683
11301,741
11302,60
11302,163
11302,569
11302,595
11302,970
11303,287
11303,385
11303,430
11303,642
11303,693
11303,814
11303,858
11303,963
11303,980
11304,21
11304,77
11304,222
11304,262
11304,711
11304,718
11304,893
11305,242
11305,606
11305,718
11305,814
11306,352
11306,354
11306,492
11306,613
11307,33
11307,60
11307,245
11307,299
11307,762
11308,77
11308,219
11308,222
11308,430
11308,821
11309,125
11309,200
11309,206
11309,217
11309,430
11309,531
11309,606
11309,642
11309,718
11309,814
11309,904
11310,30
11310,525
11310,613
11310,656
11310,749
11310,906
11310,912
11311,30
11311,242
11311,293
11311,554
11311,613
11311,656
11311,718
11311,791
11311,806
11311,906
11311,912
11312,60
11312,207
11312,256
11312,490
11312,876
11312,980
11313,310
11313,337
11313,567
11313,595
11313,925
11314,352
11314,354
11314,613
11314,691
11314,980
11315,32
11315,98
11315,360
11315,503
11315,533
11315,725
11315,820
11315,920
11316,30
11316,324
11316,613
11316,906
11317,354
11317,492
11317,525
11317,698
11317,814
11317,828
11318,2
11318,55
11318,315
11318,526
11318,532
11318,613
11318,627
11318,795
11319,125
11319,495
11319,531
11319,619
11319,729
11319,814
11319,851
11320,125
11320,495
11320,531
11320,619
11320,693
11320,729
11320,814
11320,851
11321,495
11321,619
11321,729
11321,814
11321,851
11322,33
11322,268
11322,354
11322,626
11323,595
11323,741
11324,26
11324,222
11324,280
11324,430
11324,525
11324,640
11325,30
11325,63
11325,227
11325,462
11325,475
11325,501
11325,786
11325,791
11325,912
11326,290
11326,352
11326,354
11326,431
11326,492
11326,509
11326,525
11326,604
11326,613
11326,626
11326,781
11326,878
11326,928
11327,30
11327,125
11327,228
11327,314
11327,333
11327,336
11327,372
11327,385
11327,457
11327,609
11327,693
11327,750
11327,752
11327,814
11327,858
11327,912
11328,77
11328,254
11328,290
11328,489
11328,615
11328,814
11329,174
11329,693
11329,718
11329,814
11329,891
11330,101
11330,146
11330,186
11330,380
11330,595
11331,21
11331,77
11331,82
11331,371
11332,184
11332,613
11332,667
11332,718
11333,184
11333,613
11333,667
11333,718
11334,30
11334,130
11334,227
11334,304
11334,462
11334,530
11334,538
11334,674
11334,718
11334,791
11334,915
11334,945
11335,35
11335,55
11335,231
11335,315
11335,609
11335,858
11335,949
11336,30
11336,293
11336,352
11336,354
11336,538
11336,613
11336,674
11336,718
11336,791
11336,906
11336,915
11337,33
11337,60
11337,235
11337,299
11338,60
11338,163
11338,453
11338,569
11338,595
11338,683
11338,790
11338,875
11339,15
11339,30
11339,525
11339,554
11339,752
11339,806
11339,912
11340,6
11340,96
11340,337
11340,595
11340,766
11340,817
11341,96
11341,310
11341,337
11341,567
11341,595
11342,125
11342,418
11342,495
11342,531
11342,619
11342,729
11342,814
11342,851
11343,814
11344,146
11344,337
11344,493
11344,567
11344,595
11344,683
11344,712
11345,182
11345,315
11345,526
11345,787
11346,2
11346,30
11346,35
11346,55
11346,182
11346,231
11346,315
11346,525
11346,526
11346,554
11346,609
11346,613
11346,636
11346,795
11346,858
11346,949
11347,595
11347,741
11348,5
11348,25
11348,77
11348,125
11348,144
11348,304
11348,333
11348,352
11348,354
11348,462
11348,492
11348,502
11348,525
11348,609
11348,613
11348,628
11348,659
11348,757
11348,814
11348,828
11349,30
11349,130
11349,227
11349,304
11349,462
11349,502
11349,613
11349,906
11350,182
11350,313
11350,315
11350,526
11350,674
11350,795
11350,949
11351,2
11351,33
11351,45
11351,55
11351,182
11351,315
11351,613
11351,983
11352,25
11352,30
11352,227
11352,502
11352,525
11352,613
11352,862
11352,906
11353,324
11353,613
11354,146
11354,255
11354,337
11354,567
11354,595
11354,683
11355,256
11355,430
11355,606
11355,642
11355,814
11355,973
11356,25
11356,184
11356,613
11357,213
11357,305
11357,379
11357,557
11357,670
11357,729
11357,807
11357,814
11357,828
11357,858
11357,901
11358,337
11358,774
11359,379
11359,506
11359,609
11359,814
11359,828
11359,901
11360,25
11360,30
11360,227
11360,284
11360,352
11360,379
11360,502
11360,613
11360,862
11360,906
11361,133
11361,159
11361,474
11361,533
11361,741
11361,774
11361,827
11362,45
11362,55
11362,182
11362,195
11362,418
11362,437
11362,522
11362,525
11362,531
11362,880
11362,949
11363,1
11363,68
11363,613
11363,839
11364,30
11364,55
11364,111
11364,137
11364,418
11364,457
11364,525
11364,554
11364,752
11364,858
11364,880
11364,949
11365,146
11365,153
11365,685
11365,774
11366,30
11366,88
11366,314
11366,316
11366,489
11366,554
11366,615
11366,707
11366,749
11366,814
11366,817
11367,131
11367,352
11367,379
11367,613
11367,921
11368,2
11368,195
11368,418
11368,437
11368,510
11368,613
11368,983
11369,2
11369,55
11369,195
11369,418
11369,437
11369,613
11369,653
11369,906
11369,949
11370,360
11370,474
11370,533
11370,774
11370,928
11371,175
11371,318
11371,340
11371,613
11371,921
11372,243
11372,646
11372,655
11372,702
11372,844
11372,858
11373,55
11373,114
11373,195
11373,290
11373,297
11373,418
11373,489
11373,707
11373,784
11373,814
11374,236
11374,474
11374,533
11374,661
11374,708
11374,774
11375,314
11375,348
11375,379
11375,483
11375,531
11375,606
11375,672
11375,718
11375,781
11375,814
11375,828
11375,901
11375,944
11376,68
11376,77
11376,82
11376,144
11376,757
11376,814
11376,862
11377,2
11377,14
11377,141
11377,182
11377,418
11377,437
11377,613
11377,887
11377,983
11378,30
11378,63
11378,227
11378,862
11378,912
11379,159
11379,474
11379,533
11379,658
11379,774
11380,60
11380,245
11380,326
11380,762
11381,25
11381,175
11381,613
11382,243
11382,246
11382,670
11382,809
11383,60
11383,245
11383,326
11383,348
11383,718
11383,723
11383,876
11383,944
11384,30
11384,37
11384,570
11384,646
11384,851
11384,858
11384,894
11385,32
11385,98
11385,360
11385,418
11386,32
11386,204
11386,503
11386,780
11387,25
11387,387
11387,430
11387,502
11387,613
11387,757
11387,814
11387,862
11388,2
11388,45
11388,55
11388,195
11388,418
11388,437
11388,613
11388,949
11389,228
11389,336
11389,522
11389,609
11389,613
11389,814
11389,880
11389,901
11389,946
11390,77
11390,243
11390,246
11390,262
11390,870
11391,68
11391,243
11391,246
11391,387
11392,2
11392,45
11392,55
11392,195
11392,418
11392,437
11392,510
11392,613
11393,32
11393,175
11393,204
11393,613
11393,911
11394,77
11394,82
11394,144
11394,287
11394,462
11394,628
11395,1
11395,68
11395,232
11395,352
11395,379
11395,525
11395,613
11395,700
11395,814
11395,828
11396,184
11396,613
11397,30
11397,130
11397,227
11397,304
11397,462
11397,525
11397,659
11397,757
11397,814
11397,912
11397,981
11398,77
11398,185
11398,314
11398,387
11398,609
11398,693
11398,814
11399,613
11399,814
11400,324
11400,352
11400,379
11400,492
11400,613
11400,921
11400,985
11401,8
11401,77
11401,81
11401,243
11401,246
11401,262
11401,525
11401,826
11401,932
11402,32
11402,57
11402,62
11403,32
11403,57
11403,62
11403,79
11403,325
11403,503
11403,780
11403,803
11404,15
11404,30
11405,49
11405,171
11405,337
11405,774
11406,337
11406,562
11406,685
11406,774
11407,337
11407,562
11407,685
11407,774
11408,32
11408,134
11408,204
11408,503
11408,533
11408,578
11408,652
11408,745
11408,774
11408,780
11408,803
11409,474
11409,533
11409,774
11410,25
11410,30
11410,85
11410,154
11410,227
11410,862
11410,906
11410,955
11411,606
11411,718
11411,814
11411,966
11412,190
11413,670
11413,729
11413,814
11414,2
11414,55
11414,182
11414,195
11414,316
11414,418
11414,437
11414,522
11414,531
11414,613
11415,613
11415,921
11416,294
11416,324
11416,613
11416,691
11416,921
11417,77
11417,243
11417,883
11418,337
11418,774
11418,817
11418,861
11418,960
11419,223
11419,337
11419,774
11419,817
11419,934
11420,293
11420,352
11420,379
11420,538
11420,557
11420,613
11420,718
11420,732
11421,538
11421,606
11421,615
11421,718
11421,814
11421,901
11422,30
11422,227
11422,912
11422,981
11423,379
11423,814
11423,828
11424,15
11424,30
11424,137
11424,147
11424,240
11424,351
11424,372
11424,392
11424,457
11424,554
11424,703
11424,718
11424,807
11424,831
11424,858
11425,68
11425,77
11425,82
11425,219
11425,243
11425,883
11426,6
11426,151
11426,171
11426,186
11426,471
11426,741
11426,774
11426,951
11427,30
11427,231
11427,243
11427,246
11427,457
11427,554
11427,646
11427,655
11427,656
11427,752
11427,858
11427,912
11428,352
11428,379
11428,613
11428,921
11429,30
11429,63
11429,227
11429,396
11429,475
11429,656
11429,718
11429,791
11429,862
11429,912
11430,228
11430,379
11430,387
11430,525
11430,531
11430,710
11430,814
11430,828
11430,901
11431,506
11431,525
11431,814
11432,360
11432,533
11432,774
11433,471
11433,741
11433,774
11434,38
11434,77
11434,144
11434,173
11434,290
11434,396
11434,609
11434,718
11434,862
11435,38
11435,77
11435,144
11435,173
11435,290
11435,396
11435,609
11435,718
11435,862
11436,533
11436,774
11437,37
11437,62
11437,258
11437,291
11437,319
11437,503
11437,774
11438,371
11438,613
11438,718
11439,101
11439,203
11439,453
11439,533
11439,768
11439,771
11439,774
11439,777
11440,32
11440,57
11440,62
11440,79
11440,319
11440,503
11440,780
11440,827
11440,899
11441,613
11441,670
11441,729
11441,814
11441,911
11442,16
11442,396
11442,502
11442,613
11442,718
11442,862
11443,30
11443,88
11443,297
11443,489
11443,531
11443,554
11443,814
11443,901
11444,6
11444,171
11444,337
11444,492
11444,562
11444,774
11444,777
11444,837
11444,925
11444,934
11445,195
11445,315
11445,489
11445,522
11445,609
11445,814
11445,901
11445,983
11446,60
11446,163
11446,235
11446,658
11446,774
11447,336
11447,343
11447,373
11447,379
11447,525
11447,698
11447,732
11447,814
11447,828
11448,186
11448,337
11448,567
11448,726
11448,774
11449,30
11449,243
11449,457
11449,525
11449,646
11449,655
11449,805
11449,844
11449,858
11449,902
11450,60
11450,163
11450,235
11450,245
11450,546
11450,658
11450,755
11450,774
11450,960
11451,30
11451,63
11451,227
11451,475
11451,525
11451,531
11451,619
11451,656
11451,760
11451,862
11451,912
11452,60
11452,198
11452,476
11452,525
11452,928
11453,1
11453,68
11453,290
11453,489
11453,613
11453,642
11453,707
11453,814
11454,186
11454,337
11454,478
11454,567
11454,607
11454,774
11454,782
11454,789
11455,30
11455,130
11455,131
11455,227
11455,284
11455,304
11455,352
11455,379
11455,525
11455,613
11455,849
11455,906
11456,60
11456,245
11456,415
11457,337
11457,567
11457,741
11457,774
11457,789
11457,919
11458,146
11458,337
11458,562
11458,658
11458,774
11459,293
11459,525
11459,606
11459,613
11459,693
11459,718
11459,814
11460,32
11460,72
11460,418
11460,851
11460,949
11461,615
11461,632
11461,757
11461,814
11461,817
11461,901
11461,989
11462,5
11462,77
11462,82
11462,144
11462,304
11462,387
11462,531
11462,566
11462,659
11462,757
11462,814
11462,862
11463,30
11463,243
11463,246
11463,457
11463,554
11463,609
11463,656
11463,807
11463,858
11463,989
11464,30
11464,137
11464,240
11464,287
11464,372
11464,457
11464,525
11464,554
11464,656
11464,750
11464,858
11464,912
11465,15
11465,30
11465,287
11465,457
11465,750
11465,858
11465,912
11466,30
11466,63
11466,227
11466,488
11466,525
11466,656
11466,862
11466,912
11466,981
11467,30
11467,653
11467,814
11467,897
11467,901
11468,30
11468,63
11468,227
11468,462
11468,525
11468,656
11468,806
11468,912
11469,2
11469,45
11469,55
11469,195
11469,418
11469,437
11469,510
11469,613
11469,915
11470,77
11470,116
11470,243
11470,387
11470,670
11471,741
11471,774
11471,842
11472,2
11472,55
11472,182
11472,195
11472,234
11472,418
11472,437
11472,613
11472,983
11473,60
11474,2
11474,55
11474,182
11474,195
11474,418
11474,613
11475,184
11475,613
11476,25
11476,89
11476,243
11476,588
11476,613
11476,981
11477,77
11477,82
11477,116
11477,144
11477,387
11477,670
11477,729
11477,757
11477,814
11478,489
11478,670
11478,729
11478,814
11478,901
11479,38
11479,77
11479,116
11479,144
11479,670
11479,729
11479,757
11479,814
11480,670
11480,729
11480,814
11481,613
11482,131
11482,333
11482,379
11482,506
11482,531
11482,814
11482,828
11482,901
11483,210
11483,290
11483,489
11483,506
11483,707
11483,781
11483,814
11483,928
11484,30
11484,81
11484,243
11484,525
11484,870
11484,912
11485,2
11485,195
11485,418
11485,437
11485,613
11485,887
11485,949
11486,15
11486,30
11486,37
11486,62
11486,287
11486,457
11486,570
11486,851
11486,858
11487,352
11487,379
11487,492
11487,613
11488,293
11488,348
11488,483
11488,606
11488,613
11488,718
11488,814
11488,834
11488,944
11489,352
11489,379
11489,396
11489,613
11489,718
11490,30
11490,435
11490,653
11490,817
11490,897
11491,16
11491,30
11491,130
11491,227
11491,293
11491,304
11491,396
11491,613
11491,718
11491,791
11491,906
11492,337
11492,741
11492,774
11493,741
11493,774
11494,32
11494,57
11494,62
11494,319
11494,325
11494,503
11494,780
11495,5
11495,21
11495,77
11495,144
11495,304
11495,462
11495,513
11495,606
11495,659
11495,718
11495,757
11495,814
11496,324
11496,336
11496,525
11496,613
11497,613
11497,842
11498,68
11498,77
11498,144
11498,219
11498,371
11498,462
11498,642
11498,757
11498,814
11499,442
11499,471
11499,658
11499,741
11499,774
11500,474
11500,533
11500,774
11501,474
11501,533
11501,774
11502,30
11502,130
11502,166
11502,227
11502,304
11502,538
11502,718
11502,791
11502,862
11502,881
11502,897
11502,912
11503,25
11503,30
11503,216
11503,227
11503,462
11503,502
11503,613
11503,806
11503,906
11503,981
11504,282
11504,340
11504,357
11504,368
11504,489
11504,613
11504,814
11505,77
11505,144
11505,193
11505,340
11505,348
11505,387
11505,483
11505,531
11505,757
11505,814
11505,862
11505,901
11506,30
11506,111
11506,137
11506,227
11506,457
11506,554
11506,582
11506,613
11506,858
11506,906
11507,1
11507,68
11507,228
11507,531
11507,613
11507,642
11507,698
11507,710
11507,814
11507,901
11507,946
11508,11
11508,60
11508,235
11508,438
11508,521
11508,658
11508,762
11508,774
11508,783
11509,30
11509,206
11509,227
11509,287
11509,372
11509,385
11509,457
11509,462
11509,525
11509,531
11509,619
11509,750
11509,757
11509,760
11509,814
11509,858
11509,901
11509,912
11510,324
11510,336
11510,525
11510,613
11510,984
11511,30
11511,37
11511,62
11511,182
11511,315
11511,457
11511,570
11511,656
11511,851
11511,858
11511,949
11512,418
11512,570
11512,851
11512,878
11512,949
11513,4
11513,37
11513,315
11513,570
11513,609
11513,817
11513,851
11513,858
11513,894
11513,949
11514,506
11514,538
11514,570
11514,615
11514,670
11514,718
11514,814
11514,894
11515,4
11515,182
11515,418
11515,570
11515,609
11515,851
11515,949
11516,182
11516,418
11516,570
11516,851
11516,949
11517,55
11517,418
11517,670
11517,729
11517,814
11518,32
11518,37
11518,62
11518,287
11518,480
11518,503
11518,780
11519,88
11519,210
11519,489
11519,718
11519,811
11519,814
11519,887
11520,30
11520,656
11520,749
11520,912
11521,184
11521,203
11521,741
11521,774
11522,203
11522,741
11522,774
11523,6
11523,37
11523,62
11523,171
11523,177
11523,291
11523,503
11523,774
11524,233
11524,322
11524,604
11524,609
11524,613
11524,619
11524,703
11524,910
11525,184
11525,613
11525,718
11526,68
11526,379
11526,525
11526,642
11526,700
11526,814
11526,828
11527,430
11527,606
11527,718
11527,814
11527,944
11528,77
11528,243
11528,246
11528,262
11528,609
11529,23
11529,32
11529,69
11529,106
11529,319
11529,503
11529,577
11529,774
11529,780
11529,899
11529,928
11530,8
11530,243
11530,646
11530,655
11530,805
11530,819
11530,844
11530,858
11530,932
11531,613
11532,30
11532,131
11532,200
11532,217
11532,379
11532,606
11532,626
11532,718
11532,791
11532,814
11532,828
11532,904
11532,928
11533,21
11533,77
11533,144
11533,462
11533,718
11533,944
11534,30
11534,457
11534,750
11534,805
11534,858
11534,912
11535,293
11535,352
11535,379
11535,613
11535,718
11535,944
11536,153
11536,471
11536,741
11536,774
11537,30
11537,379
11537,609
11537,653
11537,989
11538,25
11538,184
11538,613
11539,186
11539,741
11539,774
11540,195
11540,418
11540,437
11540,858
11540,949
11540,959
11541,324
11541,613
11542,30
11542,619
11542,653
11542,760
11543,32
11543,37
11543,62
11543,480
11543,503
11543,774
11543,780
11543,960
11544,77
11544,243
11544,893
11545,30
11545,525
11545,531
11545,615
11545,749
11545,781
11545,814
11545,901
11546,324
11546,352
11546,379
11546,613
11547,112
11547,294
11547,314
11547,609
11547,613
11547,691
11547,693
11547,707
11547,814
11547,901
11547,963
11548,60
11548,163
11548,186
11548,685
11548,751
11548,755
11548,774
11549,186
11549,337
11549,741
11549,774
11550,506
11550,814
11551,5
11551,21
11551,77
11551,144
11551,160
11551,304
11551,387
11551,462
11551,514
11551,566
11551,572
11551,606
11551,659
11551,757
11551,814
11551,869
11551,923
11552,60
11552,245
11552,756
11552,876
11553,774
11553,877
11553,919
11554,30
11554,554
11554,609
11554,613
11554,814
11554,901
11555,336
11555,430
11555,613
11555,757
11555,814
11556,613
11557,141
11557,290
11557,408
11557,489
11557,609
11557,814
11557,901
11558,741
11558,774
11559,30
11559,137
11559,243
11559,457
11559,554
11559,609
11559,750
11559,752
11559,844
11559,858
11559,912
11560,324
11560,613
11561,131
11561,352
11561,379
11561,613
11562,184
11562,613
11563,68
11563,108
11563,232
11563,379
11563,396
11563,606
11563,642
11563,700
11563,718
11563,814
11563,828
11563,932
11564,324
11564,613
11565,306
11565,352
11565,379
11565,390
11565,613
11565,718
11566,45
11566,55
11566,182
11566,418
11566,437
11566,634
11566,949
11567,243
11567,761
11567,870
11568,30
11568,227
11568,626
11568,670
11568,718
11568,791
11568,897
11569,30
11569,40
11569,50
11569,175
11569,227
11569,318
11569,340
11569,475
11569,502
11569,613
11569,754
11569,806
11569,862
11569,906
11569,984
11570,15
11570,30
11570,63
11570,227
11570,525
11570,806
11570,862
11570,912
11571,32
11571,62
11571,159
11571,291
11571,474
11571,503
11571,533
11571,774
11571,803
11572,5
11572,77
11572,82
11572,144
11572,234
11572,304
11572,387
11572,566
11572,659
11572,757
11572,814
11572,862
11573,60
11573,245
11573,340
11573,476
11573,876
11573,928
11574,141
11574,294
11574,609
11574,814
11574,901
11574,962
11574,963
11575,77
11575,88
11575,144
11575,489
11575,531
11575,707
11575,757
11575,781
11575,814
11575,862
11575,901
11576,324
11576,462
11576,502
11576,613
11577,30
11577,227
11577,656
11577,862
11577,912
11577,981
11578,6
11578,171
11578,186
11578,774
11578,827
11578,951
11579,142
11579,200
11579,606
11579,693
11579,814
11579,904
11579,968
11580,30
11580,77
11580,243
11580,372
11580,457
11580,525
11580,656
11580,750
11580,821
11580,858
11580,912
11581,60
11581,774
11582,25
11582,197
11582,293
11582,304
11582,606
11582,613
11582,659
11582,718
11582,814
11582,904
11582,968
11583,197
11583,293
11583,352
11583,379
11583,506
11583,606
11583,613
11583,626
11583,718
11583,814
11583,828
11583,904
11583,968
11584,67
11584,324
11584,525
11584,613
11585,30
11585,217
11585,227
11585,606
11585,718
11585,757
11585,791
11585,814
11585,862
11585,904
11585,912
11585,989
11586,30
11586,217
11586,227
11586,606
11586,718
11586,757
11586,791
11586,814
11586,862
11586,904
11586,912
11586,989
11587,232
11587,277
11587,379
11587,435
11587,814
11587,828
11587,901
11588,25
11588,175
11588,324
11588,375
11588,525
11588,613
11589,15
11589,30
11589,137
11589,240
11589,457
11589,554
11589,629
11589,752
11589,858
11590,179
11590,183
11590,383
11590,505
11590,606
11590,609
11590,615
11590,694
11590,718
11590,781
11590,814
11590,878
11590,887
11590,901
11590,931
11591,30
11591,297
11591,627
11591,757
11591,814
11591,862
11592,68
11592,243
11592,883
11593,6
11593,36
11593,289
11593,567
11593,774
11593,827
11593,897
11594,32
11594,62
11594,480
11594,503
11594,780
11595,32
11595,159
11595,474
11595,503
11595,533
11595,774
11595,926
11596,36
11596,337
11596,562
11596,774
11597,1
11597,25
11597,68
11597,324
11597,613
11598,277
11598,314
11598,435
11598,814
11599,284
11599,352
11599,379
11599,435
11599,523
11599,613
11600,69
11600,337
11600,774
11601,77
11601,82
11601,85
11601,119
11601,144
11601,154
11601,387
11601,862
11601,955
11602,30
11602,227
11602,462
11602,502
11602,613
11602,628
11602,906
11603,96
11603,146
11603,337
11603,774
11603,934
11604,30
11604,130
11604,227
11604,294
11604,304
11604,791
11604,862
11604,912
11605,77
11605,221
11605,243
11605,246
11605,262
11605,387
11605,435
11606,277
11606,314
11606,435
11606,814
11607,69
11607,171
11607,186
11607,380
11607,645
11607,774
11607,951
11608,2
11608,195
11608,363
11608,418
11608,437
11608,525
11608,613
11609,232
11609,352
11609,379
11609,502
11609,613
11609,757
11609,814
11609,828
11609,862
11610,324
11610,336
11610,525
11610,613
11610,984
11611,30
11611,227
11611,277
11611,435
11611,462
11611,628
11611,757
11611,814
11611,897
11611,912
11611,943
11611,981
11612,284
11612,352
11612,379
11612,435
11612,523
11612,613
11613,277
11613,379
11613,435
11613,492
11613,814
11613,828
11614,68
11614,77
11614,219
11614,240
11614,243
11614,750
11614,858
11614,902
11615,77
11615,144
11615,757
11615,814
11616,27
11616,154
11616,333
11616,613
11616,718
11616,793
11616,814
11616,901
11617,184
11617,613
11618,68
11618,77
11618,108
11618,131
11618,219
11618,379
11618,387
11618,642
11618,698
11618,700
11618,814
11618,828
11618,944
11618,985
11619,277
11619,435
11619,707
11619,814
11620,72
11620,198
11620,328
11620,670
11620,710
11620,928
11621,131
11621,333
11621,379
11621,506
11621,525
11621,531
11621,814
11621,828
11621,901
11622,6
11622,36
11622,49
11622,146
11622,337
11622,774
11622,897
11623,30
11623,227
11623,277
11623,435
11623,757
11623,814
11623,897
11623,943
11623,981
11624,30
11624,227
11624,435
11624,523
11624,554
11624,613
11624,653
11624,897
11624,906
11624,943
11625,30
11625,277
11625,435
11625,814
11625,817
11625,897
11625,943
11626,77
11626,144
11626,221
11626,277
11626,435
11626,757
11626,814
11627,210
11627,290
11627,430
11627,466
11627,489
11627,707
11627,814
11628,30
11628,227
11628,435
11628,897
11628,912
11628,943
11629,354
11629,492
11629,525
11629,613
11629,814
11629,828
11630,525
11630,613
11631,200
11631,217
11631,379
11631,506
11631,814
11631,828
11631,904
11632,30
11632,200
11632,227
11632,293
11632,352
11632,379
11632,613
11632,643
11632,716
11632,906
11633,77
11633,131
11633,243
11633,246
11633,262
11633,379
11633,465
11633,646
11633,655
11633,807
11633,858
11634,131
11634,210
11634,379
11634,531
11634,632
11634,814
11634,817
11634,828
11634,901
11635,200
11635,293
11635,613
11635,716
11635,815
11635,921
11635,981
11636,21
11636,77
11636,200
11636,606
11636,643
11636,814
11637,2
11637,182
11637,195
11637,418
11637,437
11637,522
11637,525
11637,609
11637,613
11637,949
11637,983
11638,25
11638,112
11638,216
11638,324
11638,525
11638,613
11638,921
11639,30
11639,77
11639,457
11639,525
11639,750
11639,814
11639,858
11639,912
11640,30
11640,227
11640,379
11640,489
11640,707
11640,757
11640,814
11640,828
11641,25
11641,613
11642,613
11643,37
11643,106
11643,146
11643,260
11643,325
11643,503
11643,774
11643,780
11643,863
11643,899
11644,200
11644,293
11644,613
11644,716
11644,815
11644,921
11645,190
11646,32
11646,62
11646,204
11646,503
11646,774
11647,77
11647,144
11647,185
11647,314
11647,525
11647,757
11647,814
11647,862
11648,304
11648,379
11648,492
11648,609
11648,659
11648,757
11648,814
11648,828
11648,862
11648,901
11648,913
11649,38
11649,68
11649,525
11649,693
11649,814
11649,878
11649,931
11650,6
11650,186
11650,337
11650,774
11650,817
11651,32
11651,98
11651,480
11651,503
11651,533
11651,780
11651,920
11652,77
11652,144
11652,757
11652,814
11653,131
11653,340
11653,379
11653,632
11653,757
11653,814
11653,828
11653,901
11654,77
11654,82
11654,144
11654,290
11654,387
11654,462
11654,489
11654,609
11654,757
11654,814
11654,901
11655,30
11655,554
11656,30
11656,115
11656,227
11656,313
11656,718
11656,791
11656,806
11656,912
11657,131
11657,352
11657,354
11657,525
11657,613
11658,2
11658,55
11658,284
11658,315
11658,352
11658,354
11658,613
11658,795
11658,880
11659,87
11659,474
11659,533
11659,595
11659,685
11660,30
11660,32
11660,37
11660,62
11660,177
11660,457
11660,480
11660,670
11660,737
11660,858
11661,33
11661,60
11661,348
11661,418
11661,718
11661,723
11661,790
11661,875
11662,32
11662,98
11662,418
11663,698
11663,781
11663,814
11664,184
11664,613
11665,243
11665,525
11665,883
11665,902
11666,30
11666,111
11666,554
11666,912
11667,131
11667,352
11667,379
11667,613
11668,2
11668,182
11668,195
11668,418
11668,437
11668,525
11668,613
11668,983
11669,151
11669,324
11669,613
11669,626
11669,928
11670,77
11670,287
11670,525
11670,750
11670,805
11670,858
11671,203
11671,220
11672,186
11672,337
11672,726
11672,774
11673,88
11673,340
11673,489
11673,539
11673,718
11673,814
11674,613
11674,921
11675,67
11675,324
11675,525
11675,613
11675,850
11675,921
11675,984
11676,60
11676,462
11676,546
11676,762
11677,1
11677,68
11677,322
11677,352
11677,379
11677,525
11677,613
11677,700
11677,814
11677,828
11677,910
11678,60
11678,245
11678,299
11678,340
11678,718
11678,790
11678,875
11679,474
11679,533
11679,774
11680,474
11680,533
11680,595
11680,820
11681,352
11681,354
11681,492
11681,613
11682,16
11682,321
11682,352
11682,354
11682,613
11682,718
11682,891
11683,106
11683,146
11683,260
11683,503
11683,774
11683,780
11683,863
11683,899
11684,184
11684,613
11685,322
11685,324
11685,613
11685,910
11685,921
11686,30
11686,227
11686,340
11686,375
11686,414
11686,554
11686,754
11686,757
11686,814
11686,862
11687,2
11687,45
11687,55
11687,195
11687,418
11687,437
11687,613
11687,940
11688,1
11688,25
11688,68
11688,352
11688,379
11688,525
11688,613
11688,700
11689,68
11689,288
11689,340
11689,379
11689,414
11689,814
11689,817
11689,828
11690,30
11690,68
11690,130
11690,227
11690,304
11690,507
11690,862
11691,30
11691,130
11691,227
11691,304
11691,619
11691,760
11691,912
11692,30
11692,912
11693,228
11693,316
11693,531
11693,606
11693,710
11693,718
11693,814
11693,901
11694,30
11694,179
11694,290
11694,346
11694,489
11694,525
11694,609
11694,615
11694,694
11694,707
11694,749
11694,814
11694,901
11695,30
11695,137
11695,240
11695,457
11695,525
11695,554
11695,656
11695,750
11695,805
11695,858
11695,912
11696,6
11696,337
11696,658
11696,685
11696,774
11696,817
11697,309
11697,606
11697,718
11697,786
11697,814
11698,6
11698,186
11698,337
11698,653
11698,774
11698,989
11699,30
11699,554
11699,718
11699,791
11699,930
11699,940
11700,613
11700,757
11700,814
11701,474
11701,533
11701,774
11702,2
11702,55
11702,195
11702,306
11702,418
11702,437
11702,522
11703,99
11703,352
11703,379
11703,613
11703,621
11703,869
11704,234
11704,561
11704,814
11705,77
11705,144
11705,340
11705,757
11705,814
11705,901
11706,182
11706,418
11706,437
11706,873
11707,77
11707,82
11707,121
11707,144
11707,332
11707,335
11707,718
11707,757
11707,793
11707,814
11707,862
11708,186
11708,741
11708,774
11709,60
11709,186
11709,774
11710,234
11710,418
11710,437
11710,510
11710,873
11710,949
11711,77
11711,254
11711,286
11711,531
11711,615
11711,814
11712,30
11712,111
11712,137
11712,457
11712,554
11712,582
11712,858
11713,297
11713,784
11713,814
11714,198
11714,430
11714,814
11714,928
11715,379
11715,814
11715,828
11716,30
11716,227
11716,613
11716,806
11716,906
11716,912
11717,613
11717,921
11717,984
11718,45
11718,55
11718,114
11718,182
11718,195
11718,330
11718,418
11718,437
11718,525
11718,814
11718,983
11719,264
11719,337
11719,774
11720,99
11720,352
11720,379
11720,514
11720,613
11720,621
11720,660
11720,814
11720,823
11720,828
11720,869
11721,30
11721,85
11721,152
11721,154
11721,227
11721,390
11721,502
11721,613
11721,862
11721,906
11721,955
11722,552
11722,780
11723,32
11723,62
11723,204
11724,30
11724,32
11724,62
11724,204
11724,227
11724,906
11724,965
11725,30
11725,32
11725,62
11725,204
11725,227
11725,906
11725,965
11726,32
11726,62
11726,204
11726,503
11726,780
11727,32
11727,62
11727,204
11727,503
11727,780
11728,30
11728,175
11728,375
11728,554
11728,613
11729,30
11729,379
11729,525
11729,531
11729,554
11729,817
11730,538
11730,606
11730,718
11730,757
11730,814
11731,8
11731,243
11731,246
11731,932
11732,60
11732,245
11732,718
11732,887
11733,68
11733,525
11733,642
11733,814
11734,160
11734,371
11734,447
11734,613
11735,2
11735,418
11735,613
11735,949
11736,112
11736,447
11736,613
11736,887
11737,2
11737,418
11737,609
11737,613
11737,880
11738,38
11738,371
11738,512
11738,609
11738,811
11738,814
11738,901
11738,903
11739,1
11739,68
11739,152
11739,154
11739,356
11739,390
11739,613
11740,77
11740,119
11740,154
11740,718
11740,940
11741,154
11741,324
11741,390
11741,613
11741,718
11741,940
11742,324
11742,335
11742,352
11742,379
11742,390
11742,450
11742,613
11742,940
11743,30
11743,457
11743,750
11743,858
11743,912
11744,198
11744,580
11744,613
11744,741
11744,774
11744,873
11744,928
11745,30
11745,137
11745,227
11745,293
11745,426
11745,457
11745,502
11745,525
11745,554
11745,613
11745,718
11745,791
11745,858
11745,862
11745,906
11746,379
11746,670
11746,729
11746,814
11746,828
11747,38
11747,131
11747,372
11747,379
11747,385
11747,512
11747,525
11747,606
11747,718
11747,814
11747,828
11747,858
11748,297
11748,333
11748,379
11748,492
11748,506
11748,525
11748,609
11748,784
11748,814
11748,828
11748,901
11748,985
11749,2
11749,55
11749,195
11749,418
11749,525
11749,613
11749,880
11750,442
11750,471
11750,658
11750,741
11750,774
11751,67
11751,324
11751,525
11751,613
11751,807
11751,858
11752,324
11752,613
11753,1
11753,68
11753,282
11753,288
11753,354
11753,357
11753,368
11753,613
11753,642
11753,814
11753,828
11754,133
11754,474
11754,533
11754,741
11754,745
11754,774
11754,792
11754,983
11755,77
11755,82
11755,144
11755,262
11755,387
11755,531
11756,77
11756,82
11756,243
11756,387
11757,25
11757,184
11757,613
11758,741
11758,774
11758,926
11759,38
11759,77
11759,113
11759,116
11759,144
11759,387
11759,531
11759,670
11759,757
11759,814
11760,665
11760,692
11760,929
11761,77
11761,116
11761,144
11761,387
11761,531
11761,670
11761,729
11761,757
11761,814
11761,901
11762,2
11762,30
11762,55
11762,137
11762,213
11762,418
11762,554
11762,613
11762,670
11762,858
11762,911
11762,965
11763,32
11763,62
11763,503
11763,780
11764,613
11765,30
11765,88
11765,333
11765,489
11765,531
11765,612
11765,615
11765,619
11765,749
11765,760
11765,781
11765,814
11765,901
11765,931
11766,175
11766,322
11766,324
11766,613
11766,910
11767,186
11767,741
11767,774
11768,1
11768,68
11768,506
11768,613
11768,642
11768,814
11769,30
11769,137
11769,372
11769,457
11769,525
11769,531
11769,554
11769,710
11769,752
11769,814
11769,858
11769,901
11770,28
11770,197
11770,293
11770,352
11770,379
11770,411
11770,492
11770,606
11770,613
11770,626
11770,718
11770,814
11770,828
11770,904
11770,928
11770,968
11771,304
11771,659
11771,814
11772,30
11772,457
11772,554
11772,656
11772,752
11772,807
11772,858
11772,912
11773,30
11773,293
11773,538
11773,613
11773,718
11773,791
11773,806
11773,897
11773,906
11773,912
11774,30
11774,379
11774,492
11774,525
11774,554
11774,814
11774,828
11775,77
11775,243
11775,246
11775,525
11775,531
11776,195
11776,418
11776,609
11776,619
11776,880
11776,887
11777,15
11777,30
11777,137
11777,372
11777,457
11777,531
11777,554
11777,858
11778,77
11778,82
11778,750
11778,858
11779,5
11779,21
11779,77
11779,144
11779,304
11779,435
11779,718
11779,862
11780,471
11780,533
11780,741
11780,774
11781,190
11782,30
11782,175
11782,227
11782,475
11782,502
11782,525
11782,531
11782,613
11782,862
11782,906
11782,921
11783,613
11783,670
11783,729
11783,814
11784,38
11784,495
11784,531
11784,619
11784,670
11784,729
11784,814
11784,901
11785,495
11785,619
11785,670
11785,729
11785,814
11786,352
11786,379
11786,492
11786,613
11787,6
11787,337
11787,567
11787,774
11788,16
11788,174
11788,321
11788,352
11788,379
11788,396
11788,613
11788,814
11788,828
11789,197
11789,379
11789,492
11789,606
11789,718
11789,814
11789,828
11789,904
11789,968
11790,352
11790,379
11790,613
11790,814
11790,828
11790,901
11791,49
11791,146
11791,171
11791,186
11791,287
11791,337
11791,372
11791,774
11791,951
11792,6
11792,186
11792,337
11792,567
11792,774
11793,290
11793,489
11793,530
11793,606
11793,693
11793,707
11793,718
11793,814
11793,881
11793,989
11794,131
11794,293
11794,352
11794,379
11794,613
11794,718
11794,944
11795,1
11795,25
11795,68
11795,77
11795,82
11795,89
11795,144
11795,219
11795,222
11795,502
11795,613
11795,862
11796,32
11796,98
11796,418
11797,184
11797,613
11798,741
11798,774
11799,613
11799,670
11799,729
11799,814
11799,901
11799,911
11800,379
11800,670
11800,729
11800,814
11800,828
11801,36
11801,474
11801,533
11801,774
11801,983
11802,203
11802,337
11802,521
11802,567
11802,774
11803,190
11804,474
11804,533
11804,774
11805,186
11805,741
11805,774
11806,77
11806,116
11806,213
11806,387
11806,670
11806,729
11806,750
11806,814
11806,858
11806,901
11807,190
11808,379
11808,670
11808,729
11808,814
11808,828
11808,901
11809,77
11809,116
11809,144
11809,670
11809,729
11809,757
11809,814
11809,901
11810,68
11810,314
11810,642
11810,814
11811,77
11811,82
11811,243
11811,246
11811,262
11812,182
11812,195
11812,335
11812,418
11812,880
11812,940
11812,949
11812,983
11813,30
11813,213
11813,457
11813,527
11813,531
11813,670
11813,750
11813,858
11813,912
11813,965
11814,32
11814,98
11814,204
11814,503
11814,533
11814,780
11814,920
11815,77
11815,240
11815,287
11815,372
11815,385
11815,531
11815,693
11815,710
11815,750
11815,814
11815,858
11815,901
11816,77
11816,82
11816,243
11816,246
11816,262
11816,531
11816,535
11816,539
11816,814
11816,826
11816,901
11817,487
11817,533
11817,774
11818,30
11818,333
11818,525
11818,554
11818,609
11818,752
11818,814
11818,901
11819,324
11819,525
11819,613
11820,30
11820,50
11820,318
11820,340
11820,613
11820,806
11820,906
11821,37
11821,177
11821,325
11821,503
11821,774
11821,780
11822,30
11822,227
11822,912
11823,53
11823,337
11823,741
11823,774
11824,71
11824,337
11824,562
11824,661
11824,717
11824,774
11825,533
11825,685
11825,741
11825,774
11825,842
11825,970
11826,392
11826,531
11826,615
11826,814
11826,817
11826,901
11827,243
11827,246
11827,670
11828,144
11828,379
11828,387
11828,527
11828,531
11828,670
11828,729
11828,757
11828,814
11828,901
11829,670
11829,729
11829,757
11829,814
11830,30
11830,379
11830,670
11830,965
11831,77
11831,116
11831,144
11831,531
11831,670
11832,55
11832,195
11832,418
11832,522
11832,670
11832,729
11832,814
11832,901
11833,297
11833,670
11833,729
11833,814
11833,901
11834,613
11834,670
11834,729
11834,814
11834,911
11835,213
11835,670
11835,729
11835,807
11835,814
11835,858
11836,77
11836,116
11836,243
11836,387
11836,670
11837,379
11837,670
11837,729
11837,814
11837,828
11837,901
11838,77
11838,116
11838,243
11838,531
11838,670
11839,55
11839,418
11839,670
11839,729
11839,814
11839,901
11840,144
11840,527
11840,531
11840,670
11840,729
11840,757
11840,814
11840,901
11841,38
11841,68
11841,77
11841,116
11841,219
11841,379
11841,670
11841,700
11842,243
11842,246
11842,670
11843,348
11843,379
11843,606
11843,718
11843,814
11843,828
11844,77
11844,116
11844,144
11844,387
11844,670
11844,729
11844,757
11844,814
11844,901
11845,379
11845,670
11845,729
11845,814
11845,828
11845,901
11846,30
11846,213
11846,457
11846,670
11846,749
11846,858
11846,965
11847,77
11847,718
11848,30
11848,227
11848,336
11848,352
11848,379
11848,462
11848,502
11848,613
11848,906
11848,945
11849,30
11849,718
11849,749
11849,791
11849,881
11849,897
11850,30
11850,489
11850,525
11850,606
11850,615
11850,707
11850,718
11850,749
11850,791
11850,814
11851,77
11851,116
11851,670
11851,729
11851,814
11851,901
11852,379
11852,670
11852,729
11852,780
11852,814
11852,828
11852,986
11853,474
11853,533
11853,774
11854,60
11854,245
11854,272
11854,326
11854,563
11854,784
11855,1
11855,25
11855,68
11855,613
11855,642
11855,814
11856,30
11856,130
11856,227
11856,304
11856,462
11856,502
11856,525
11856,613
11856,752
11856,849
11856,906
11856,913
11856,984
11857,125
11857,430
11857,609
11857,613
11857,693
11857,814
11858,109
11858,197
11858,354
11858,606
11858,718
11858,814
11858,828
11858,968
11859,2
11859,45
11859,55
11859,182
11859,315
11859,613
11859,636
11859,795
11860,324
11860,525
11860,613
11861,25
11861,112
11861,359
11861,536
11861,613
11861,921
11861,984
11862,604
11862,613
11862,619
11862,718
11862,944
11863,77
11863,185
11863,254
11863,387
11864,222
11864,276
11864,525
11864,619
11864,870
11865,25
11865,112
11865,125
11865,290
11865,314
11865,333
11865,489
11865,609
11865,613
11865,615
11865,693
11865,707
11865,814
11866,112
11866,293
11866,359
11866,536
11866,613
11866,984
11867,359
11867,536
11867,613
11867,928
11868,30
11868,63
11868,130
11868,227
11868,304
11868,656
11868,784
11868,862
11868,912
11869,359
11869,531
11869,536
11869,613
11870,503
11870,595
11871,503
11871,595
11872,60
11872,182
11872,207
11872,251
11872,315
11872,790
11872,795
11872,875
11872,980
11872,983
11873,45
11873,55
11873,315
11873,526
11873,795
11874,16
11874,613
11874,626
11874,718
11874,891
11874,928
11875,430
11875,642
11875,649
11875,693
11875,718
11875,814
11876,222
11876,276
11876,280
11876,870
11876,893
11877,77
11877,222
11877,887
11878,2
11878,182
11878,315
11878,526
11878,613
11878,795
11878,983
11879,30
11879,457
11879,749
11879,858
11880,1
11880,430
11880,613
11881,30
11881,387
11881,912
11882,77
11882,82
11882,242
11882,387
11882,463
11882,814
11882,830
11883,30
11883,137
11883,231
11883,240
11883,436
11883,457
11883,525
11883,554
11883,613
11883,805
11883,858
11883,906
11884,506
11884,525
11884,814
11885,30
11885,227
11885,525
11885,862
11885,912
11886,613
11887,77
11887,82
11887,354
11887,525
11888,222
11888,276
11888,280
11888,307
11888,322
11888,525
11888,640
11888,655
11888,893
11889,77
11889,82
11889,144
11889,222
11889,242
11889,463
11889,624
11889,862
11890,474
11890,533
11890,595
11891,222
11891,276
11892,503
11892,595
11892,743
11892,780
11892,863
11892,899
11893,352
11893,354
11893,492
11893,525
11893,613
11893,814
11893,828
11893,849
11894,30
11894,62
11894,106
11894,457
11894,570
11894,629
11894,656
11894,851
11894,858
11895,60
11895,531
11895,876
11896,2
11896,30
11896,55
11896,182
11896,231
11896,315
11896,554
11896,613
11896,858
11896,891
11896,949
11897,19
11897,46
11897,146
11897,337
11897,567
11897,595
11898,4
11898,37
11898,199
11898,336
11898,385
11898,570
11898,609
11898,851
11898,858
11898,894
11899,25
11899,430
11899,502
11899,613
11899,642
11899,757
11899,814
11899,862
11899,945
11900,15
11900,30
11900,37
11900,62
11900,325
11900,457
11900,570
11900,743
11900,851
11900,858
11901,30
11901,227
11901,502
11901,525
11901,613
11901,806
11901,862
11901,906
11901,912
11902,15
11902,30
11902,37
11902,62
11902,325
11902,457
11902,570
11902,743
11902,851
11902,858
11903,77
11903,144
11903,387
11904,77
11904,222
11905,88
11905,340
11905,489
11905,693
11905,707
11905,814
11906,35
11906,182
11906,256
11906,315
11906,526
11906,531
11906,795
11906,949
11906,973
11907,30
11907,130
11907,227
11907,304
11907,502
11907,525
11907,613
11907,862
11907,906
11908,474
11908,533
11908,595
11908,827
11909,354
11909,606
11909,718
11909,814
11909,828
11909,891
11910,21
11910,30
11910,77
11910,144
11910,227
11910,313
11910,462
11910,530
11910,606
11910,674
11910,718
11910,757
11910,791
11910,814
11910,912
11911,2
11911,35
11911,55
11911,182
11911,278
11911,315
11911,526
11911,635
11911,795
11911,983
11912,30
11912,227
11912,609
11912,862
11912,912
11913,77
11913,222
11913,262
11913,893
11914,125
11914,430
11914,609
11914,615
11914,642
11914,814
11915,184
11915,613
11916,182
11916,315
11916,526
11916,795
11916,949
11917,77
11917,82
11917,385
11917,430
11917,750
11917,814
11917,858
11918,30
11918,125
11918,227
11918,609
11918,757
11918,814
11918,862
11918,945
11919,278
11919,352
11919,354
11919,390
11919,450
11919,532
11919,613
11919,635
11920,352
11920,354
11920,492
11920,525
11920,613
11920,814
11920,828
11921,16
11921,293
11921,613
11921,718
11921,891
11922,216
11922,293
11922,613
11922,718
11922,910
11922,966
11923,213
11923,222
11923,495
11923,619
11923,844
11923,851
11923,858
11924,125
11924,297
11924,354
11924,729
11924,814
11924,828
11924,851
11925,354
11925,729
11925,814
11925,828
11925,851
11926,16
11926,293
11926,321
11926,352
11926,354
11926,613
11926,718
11926,891
11927,125
11927,131
11927,333
11927,354
11927,531
11927,814
11927,828
11928,33
11928,77
11928,82
11928,117
11928,144
11928,387
11928,462
11928,833
11929,109
11929,197
11929,293
11929,352
11929,354
11929,613
11929,718
11929,968
11930,60
11930,790
11930,875
11931,33
11931,68
11931,77
11931,88
11931,117
11931,414
11931,489
11931,615
11931,814
11932,222
11932,858
11932,900
11932,935
11933,125
11933,290
11933,333
11933,489
11933,609
11933,707
11933,814
11934,5
11934,77
11934,125
11934,144
11934,185
11934,300
11934,304
11934,314
11934,531
11934,536
11934,606
11934,659
11934,718
11934,757
11934,814
11934,862
11934,864
11934,945
11935,77
11935,287
11935,750
11935,805
11935,858
11936,2
11936,114
11936,315
11936,526
11936,613
11936,691
11936,795
11936,814
11936,963
11936,980
11937,337
11937,449
11937,595
11937,741
11938,30
11938,166
11938,293
11938,313
11938,613
11938,674
11938,718
11938,791
11938,906
11938,915
11939,474
11939,533
11939,595
11939,741
11939,983
11940,30
11940,313
11940,530
11940,538
11940,674
11940,718
11940,791
11940,915
11941,60
11941,299
11941,546
11941,718
11941,723
11942,30
11942,130
11942,227
11942,304
11942,313
11942,530
11942,674
11942,718
11942,791
11942,862
11942,915
11942,932
11943,30
11943,227
11943,313
11943,462
11943,530
11943,674
11943,718
11943,791
11943,915
11943,945
11944,30
11944,313
11944,530
11944,674
11944,718
11944,791
11944,915
11945,102
11945,109
11945,125
11945,197
11945,354
11945,492
11945,509
11945,606
11945,609
11945,626
11945,718
11945,814
11945,828
11945,878
11945,928
11945,931
11945,968
11946,30
11946,227
11946,401
11946,912
11947,77
11947,82
11947,254
11947,814
11948,284
11948,352
11948,354
11948,613
11949,36
11949,474
11949,533
11949,595
11950,49
11950,186
11950,337
11950,380
11950,449
11950,595
11950,741
11950,827
11951,6
11951,159
11951,171
11951,595
11951,827
11951,925
11951,951
11952,613
11953,35
11953,114
11953,125
11953,126
11953,182
11953,189
11953,315
11953,584
11953,636
11953,795
11953,814
11953,983
11954,35
11954,114
11954,125
11954,126
11954,182
11954,189
11954,315
11954,584
11954,636
11954,795
11954,814
11954,983
11955,5
11955,77
11955,144
11955,304
11955,387
11955,475
11955,525
11955,862
11956,154
11956,375
11956,430
11956,606
11956,635
11956,642
11956,718
11956,757
11956,814
11956,862
11957,613
11958,184
11958,613
11959,133
11959,474
11959,533
11959,595
11959,741
11959,827
11960,30
11960,615
11960,749
11960,781
11960,814
11961,77
11961,82
11961,144
11961,401
11962,222
11962,276
11962,322
11962,525
11962,640
11962,893
11963,25
11963,430
11963,525
11963,613
11963,642
11963,698
11963,781
11963,814
11964,595
11964,596
11964,683
11964,751
11964,877
11965,33
11965,125
11965,387
11965,757
11965,814
11966,77
11966,222
11966,262
11966,655
11966,893
11967,231
11967,352
11967,354
11967,462
11967,502
11967,609
11967,613
11967,757
11967,814
11967,828
11967,858
11968,25
11968,352
11968,354
11968,525
11968,613
11969,77
11969,125
11969,219
11969,262
11969,430
11969,531
11969,642
11969,814
11970,15
11970,30
11970,196
11970,222
11970,240
11970,457
11970,525
11970,655
11970,750
11970,844
11970,858
11970,912
11971,30
11971,718
11971,791
11971,891
11971,912
11972,30
11972,222
11972,231
11972,457
11972,654
11972,750
11972,813
11972,858
11972,893
11972,912
11973,146
11973,595
11973,925
11974,293
11974,352
11974,354
11974,613
11974,718
11974,891
11975,222
11975,851
11975,893
11976,552
11976,725
11977,172
11977,293
11977,525
11977,604
11977,613
11977,718
11977,724
11977,878
11978,38
11978,293
11978,525
11978,606
11978,613
11978,619
11978,718
11978,724
11978,814
11979,77
11979,82
11979,116
11979,144
11979,243
11979,387
11979,531
11979,535
11979,851
11980,293
11980,352
11980,354
11980,538
11980,613
11980,718
11981,38
11981,125
11981,495
11981,531
11981,619
11981,729
11981,757
11981,814
11981,817
11981,851
11982,125
11982,354
11982,729
11982,814
11982,828
11982,851
11983,30
11983,313
11983,435
11983,538
11983,615
11983,718
11983,749
11983,791
11983,814
11983,912
11984,30
11984,227
11984,348
11984,718
11984,791
11984,912
11985,354
11985,538
11985,606
11985,718
11985,814
11985,828
11986,25
11986,112
11986,216
11986,293
11986,525
11986,604
11986,613
11986,718
11986,724
11986,878
11987,38
11987,88
11987,113
11987,125
11987,489
11987,495
11987,531
11987,619
11987,729
11987,757
11987,814
11987,851
11988,293
11988,352
11988,354
11988,492
11988,525
11988,613
11988,718
11989,538
11989,606
11989,718
11989,814
11990,222
11990,851
11991,77
11991,116
11991,222
11991,851
11992,55
11992,66
11992,315
11992,613
11992,851
11992,911
11993,25
11993,216
11993,234
11993,613
11993,698
11993,814
11994,442
11994,471
11994,595
11994,683
11994,741
11995,2
11995,35
11995,315
11995,336
11995,371
11995,609
11995,613
11995,949
11996,125
11996,314
11996,333
11996,354
11996,401
11996,814
11996,828
11997,25
11997,322
11997,324
11997,401
11997,475
11997,613
11997,910
11998,2
11998,55
11998,315
11998,525
11998,613
11998,795
11998,984
11999,30
11999,227
11999,240
11999,372
11999,457
11999,525
11999,531
11999,750
11999,858
11999,862
11999,912
12000,30
12000,222
12000,240
12000,322
12000,372
12000,457
12000,640
12000,805
12000,819
12000,858
12000,912
12001,30
12001,38
12001,77
12001,222
12001,338
12001,378
12001,525
12001,554
12001,609
12001,655
12001,678
12001,760
12001,814
12001,878
12001,931
12002,67
12002,322
12002,324
12002,613
12002,910
12002,984
12003,77
12003,222
12003,655
12003,814
12004,30
12004,227
12004,462
12004,525
12004,912
12005,125
12005,290
12005,489
12005,609
12005,693
12005,814
12006,146
12006,171
12006,595
12006,827
12006,926
12006,951
12007,77
12007,144
12007,525
12007,757
12007,814
12007,862
12007,945
12008,77
12008,82
12008,144
12008,387
12008,862
12009,146
12009,186
12009,337
12009,595
12009,685
12009,951
12010,77
12010,222
12010,262
12010,525
12010,893
12011,88
12011,125
12011,333
12011,340
12011,430
12011,489
12011,506
12011,531
12011,642
12011,693
12011,707
12011,814
12011,903
12012,290
12012,489
12012,693
12012,707
12012,814
12013,30
12013,63
12013,166
12013,227
12013,313
12013,674
12013,718
12013,791
12013,862
12013,912
12013,915
12014,15
12014,21
12014,30
12014,77
12014,137
12014,231
12014,262
12014,354
12014,426
12014,457
12014,525
12014,531
12014,554
12014,629
12014,710
12014,718
12014,750
12014,791
12014,858
12015,30
12015,35
12015,55
12015,231
12015,315
12015,554
12015,609
12015,752
12015,858
12015,949
12016,49
12016,337
12016,595
12016,789
12016,925
12017,60
12017,245
12017,476
12017,580
12017,928
12018,21
12018,77
12018,109
12018,131
12018,144
12018,200
12018,217
12018,293
12018,352
12018,354
12018,462
12018,502
12018,613
12018,718
12019,21
12019,25
12019,77
12019,109
12019,144
12019,200
12019,217
12019,293
12019,352
12019,354
12019,462
12019,502
12019,613
12019,718
12019,757
12019,814
12019,828
12020,216
12020,613
12020,691
12020,980
12021,609
12021,613
12021,691
12021,839
12021,980
12022,25
12022,324
12022,613
12022,691
12022,980
12023,552
12023,613
12023,725
12023,851
12023,911
12024,462
12024,539
12024,757
12024,814
12025,11
12025,60
12025,198
12025,245
12025,257
12025,299
12025,459
12025,476
12025,580
12025,595
12025,907
12025,925
12025,928
12026,442
12026,471
12026,595
12026,683
12026,741
12027,60
12027,299
12027,546
12028,182
12028,315
12028,404
12028,526
12028,609
12028,795
12028,949
12029,352
12029,354
12029,613
12030,60
12030,163
12030,245
12030,595
12030,723
12030,738
12031,15
12031,30
12031,336
12031,525
12031,613
12031,906
12031,915
12031,984
12032,462
12032,502
12032,613
12032,757
12032,814
12033,430
12033,525
12033,609
12033,613
12033,814
12034,30
12034,222
12034,231
12034,336
12034,457
12034,525
12034,609
12034,813
12034,858
12034,870
12034,893
12035,30
12035,77
12035,137
12035,240
12035,372
12035,385
12035,554
12035,750
12035,752
12035,814
12035,858
12036,32
12036,146
12036,177
12036,260
12036,477
12036,503
12036,725
12036,863
12036,894
12037,297
12037,343
12037,495
12037,591
12037,613
12037,619
12037,729
12037,814
12037,851
12037,911
12038,125
12038,354
12038,729
12038,814
12038,828
12038,851
12039,231
12039,354
12039,506
12039,525
12039,814
12039,828
12039,858
12039,924
12040,288
12040,354
12040,416
12040,430
12040,642
12040,814
12040,828
12041,30
12041,115
12041,227
12041,313
12041,718
12041,791
12041,912
12041,945
12042,337
12042,595
12043,30
12043,227
12043,613
12043,851
12043,906
12043,911
12043,912
12043,965
12044,30
12044,130
12044,227
12044,304
12044,313
12044,530
12044,606
12044,674
12044,718
12044,757
12044,791
12044,814
12044,862
12044,912
12044,945
12045,30
12045,130
12045,227
12045,304
12045,313
12045,530
12045,606
12045,659
12045,674
12045,718
12045,757
12045,791
12045,814
12045,862
12045,912
12045,945
12046,60
12046,245
12046,299
12046,382
12046,476
12046,928
12047,30
12047,554
12047,656
12047,912
12048,77
12048,116
12048,125
12048,144
12048,387
12048,729
12048,757
12048,814
12048,851
12049,297
12049,354
12049,729
12049,814
12049,828
12049,851
12050,30
12050,125
12050,489
12050,615
12050,729
12050,749
12050,814
12050,851
12050,965
12051,81
12051,222
12051,307
12051,426
12051,609
12051,655
12051,718
12051,805
12051,858
12051,902
12052,125
12052,531
12052,729
12052,814
12052,851
12053,38
12053,113
12053,125
12053,354
12053,729
12053,757
12053,814
12053,828
12053,851
12054,30
12054,38
12054,227
12054,375
12054,462
12054,525
12054,718
12054,752
12054,757
12054,760
12054,791
12054,814
12054,838
12054,878
12054,931
12055,477
12055,725
12055,986
12056,21
12056,77
12056,82
12056,387
12056,718
12057,288
12057,354
12057,430
12057,642
12057,729
12057,814
12057,828
12057,851
12058,354
12058,729
12058,814
12058,828
12058,851
12059,77
12059,82
12059,116
12059,222
12059,472
12059,531
12059,851
12060,125
12060,354
12060,729
12060,814
12060,828
12060,851
12061,2
12061,30
12061,55
12061,137
12061,213
12061,315
12061,554
12061,613
12061,851
12061,858
12061,911
12061,965
12062,30
12062,32
12062,37
12062,72
12062,213
12062,260
12062,287
12062,457
12062,531
12062,670
12062,750
12062,858
12062,863
12062,894
12062,912
12063,15
12063,30
12063,231
12063,426
12063,457
12063,525
12063,718
12063,791
12063,858
12063,912
12064,125
12064,729
12064,814
12064,851
12065,613
12065,729
12065,814
12065,851
12065,911
12066,32
12066,98
12066,106
12066,319
12066,453
12066,503
12066,533
12066,577
12066,663
12066,725
12066,827
12066,899
12066,920
12067,30
12067,227
12067,613
12067,851
12067,906
12067,911
12067,965
12068,30
12068,32
12068,204
12068,213
12068,457
12068,816
12068,858
12068,906
12068,965
12069,38
12069,113
12069,125
12069,729
12069,814
12069,851
12070,30
12070,227
12070,462
12070,525
12070,718
12070,760
12070,791
12070,878
12070,912
12071,32
12071,47
12071,98
12071,137
12071,213
12071,315
12071,858
12072,4
12072,32
12072,37
12072,177
12072,503
12072,685
12072,725
12072,816
12073,315
12073,533
12073,725
12073,795
12073,851
12073,920
12074,77
12074,116
12074,144
12074,387
12074,851
12075,77
12075,116
12075,729
12075,814
12075,851
12076,125
12076,729
12076,814
12076,851
12077,665
12077,929
12078,613
12078,729
12078,757
12078,814
12078,851
12078,911
12079,66
12079,613
12079,729
12079,814
12079,851
12079,911
12080,725
12081,38
12081,55
12081,113
12081,315
12081,489
12081,613
12081,729
12081,814
12081,851
12081,911
12082,258
12082,289
12082,725
12082,986
12083,38
12083,113
12083,125
12083,354
12083,729
12083,814
12083,828
12083,851
12084,552
12084,725
12084,986
12085,125
12085,297
12085,729
12085,814
12085,851
12086,32
12086,37
12086,503
12086,725
12086,803
12086,816
12087,25
12087,38
12087,113
12087,495
12087,613
12087,619
12087,729
12087,814
12087,851
12087,911
12088,66
12088,613
12088,851
12088,911
12089,30
12089,38
12089,613
12089,729
12089,814
12089,851
12089,906
12089,911
12089,965
12090,23
12090,30
12090,32
12090,37
12090,72
12090,213
12090,319
12090,379
12090,457
12090,670
12090,816
12090,858
12090,894
12090,965
12091,222
12091,718
12091,893
12092,125
12092,729
12092,814
12092,851
12093,88
12093,125
12093,489
12093,531
12093,613
12093,729
12093,814
12093,851
12093,911
12094,30
12094,227
12094,313
12094,462
12094,530
12094,628
12094,674
12094,718
12094,757
12094,814
12094,912
12094,915
12094,945
12095,125
12095,354
12095,729
12095,814
12095,828
12095,851
12096,220
12096,289
12096,552
12096,725
12096,986
12097,352
12097,354
12097,613
12097,729
12097,814
12097,828
12097,851
12097,911
12098,30
12098,32
12098,37
12098,72
12098,213
12098,418
12098,531
12098,670
12098,858
12099,125
12099,213
12099,231
12099,613
12099,729
12099,814
12099,851
12099,858
12099,911
12100,729
12100,814
12100,851
12101,125
12101,729
12101,757
12101,814
12101,851
12102,36
12102,289
12102,327
12102,492
12102,562
12102,665
12102,741
12102,929
12102,951
12103,30
12103,851
12103,965
12104,725
12104,986
12105,38
12105,88
12105,489
12105,506
12105,525
12105,531
12105,606
12105,707
12105,718
12105,814
12105,838
12105,903
12106,30
12106,55
12106,182
12106,231
12106,315
12106,457
12106,525
12106,554
12106,656
12106,718
12106,752
12106,791
12106,858
12106,949
12107,15
12107,30
12107,38
12107,55
12107,182
12107,315
12107,525
12107,554
12107,718
12107,791
12108,354
12108,489
12108,729
12108,814
12108,828
12108,851
12109,30
12109,38
12109,506
12109,525
12109,554
12109,606
12109,718
12109,791
12109,814
12110,55
12110,88
12110,125
12110,315
12110,489
12110,531
12110,693
12110,729
12110,814
12110,851
12111,352
12111,354
12111,613
12111,851
12111,911
12112,30
12112,32
12112,315
12112,894
12112,965
12113,37
12113,62
12113,503
12113,665
12113,827
12113,894
12113,925
12114,15
12114,30
12114,38
12114,55
12114,182
12114,418
12114,525
12114,554
12114,718
12114,760
12114,791
12114,878
12115,725
12115,986
12116,55
12116,88
12116,315
12116,489
12116,729
12116,814
12116,817
12116,851
12117,32
12117,37
12117,47
12117,370
12117,372
12117,503
12117,725
12117,816
12117,894
12118,30
12118,125
12118,227
12118,488
12118,531
12118,729
12118,757
12118,814
12118,851
12118,965
12119,32
12119,37
12119,177
12119,204
12119,319
12119,503
12119,725
12119,816
12120,25
12120,243
12120,246
12120,293
12120,400
12120,525
12120,588
12120,613
12120,718
12120,807
12120,858
12121,613
12121,814
12121,851
12121,911
12122,61
12122,665
12122,929
12123,16
12123,30
12123,66
12123,227
12123,293
12123,396
12123,502
12123,613
12123,718
12123,791
12123,862
12123,906
12124,32
12124,37
12124,69
12124,319
12124,325
12124,503
12124,725
12124,894
12125,222
12125,851
12125,893
12126,32
12126,98
12126,315
12126,360
12126,820
12127,222
12127,851
12127,893
12128,32
12128,503
12128,725
12129,725
12130,30
12130,227
12130,396
12130,656
12130,718
12130,791
12130,912
12131,30
12131,227
12131,729
12131,757
12131,814
12131,851
12131,965
12132,32
12132,98
12132,204
12132,315
12133,23
12133,32
12133,72
12133,131
12133,379
12133,670
12133,894
12134,88
12134,489
12134,729
12134,814
12134,851
12135,55
12135,315
12135,526
12135,729
12135,795
12135,814
12135,851
12136,30
12136,33
12136,38
12136,125
12136,137
12136,287
12136,372
12136,385
12136,426
12136,554
12136,606
12136,609
12136,718
12136,791
12136,805
12136,814
12136,858
12136,878
12136,931
12137,125
12137,387
12137,729
12137,757
12137,814
12137,851
12138,21
12138,77
12138,125
12138,531
12138,606
12138,718
12138,814
12138,944
12139,30
12139,227
12139,387
12139,531
12139,851
12139,912
12139,965
12140,30
12140,372
12140,392
12140,426
12140,457
12140,619
12140,718
12140,760
12140,791
12140,858
12141,77
12141,116
12141,125
12141,729
12141,814
12141,851
12142,125
12142,354
12142,495
12142,531
12142,619
12142,729
12142,814
12142,828
12142,851
12143,125
12143,213
12143,231
12143,354
12143,729
12143,814
12143,828
12143,851
12143,858
12144,23
12144,32
12144,354
12144,570
12144,851
12144,894
12145,30
12145,32
12145,37
12145,47
12145,63
12145,72
12145,213
12145,227
12145,287
12145,457
12145,670
12145,816
12145,858
12145,862
12145,965
12146,222
12146,276
12146,619
12146,718
12146,821
12147,35
12147,55
12147,125
12147,315
12147,729
12147,795
12147,814
12147,851
12147,983
12148,30
12148,227
12148,729
12148,757
12148,814
12148,851
12148,912
12148,965
12149,125
12149,613
12149,729
12149,814
12149,851
12149,911
12150,125
12150,354
12150,531
12150,729
12150,814
12150,828
12150,851
12151,30
12151,38
12151,55
12151,182
12151,315
12151,554
12151,656
12151,718
12151,760
12151,791
12151,878
12152,30
12152,55
12152,227
12152,315
12152,613
12152,851
12152,906
12152,911
12152,912
12152,965
12153,30
12153,554
12153,718
12153,791
12153,938
12154,30
12154,227
12154,912
12155,77
12155,125
12155,286
12155,333
12155,609
12155,814
12156,30
12156,290
12156,489
12156,554
12156,707
12156,814
12157,352
12157,354
12157,412
12157,492
12157,525
12157,613
12157,626
12157,928
12158,30
12158,131
12158,352
12158,354
12158,554
12158,613
12158,906
12159,15
12159,30
12159,77
12159,125
12159,254
12159,609
12159,806
12159,814
12159,912
12160,2
12160,182
12160,315
12160,525
12160,526
12160,613
12160,795
12160,983
12161,33
12161,125
12161,267
12161,318
12161,333
12161,348
12161,352
12161,354
12161,414
12161,483
12161,492
12161,609
12161,613
12161,672
12161,814
12161,828
12161,834
12162,30
12162,231
12162,457
12162,554
12162,814
12162,858
12162,989
12163,77
12163,222
12163,750
12163,805
12163,858
12163,935
12164,474
12164,533
12164,595
12165,430
12165,462
12165,642
12165,757
12165,814
12166,30
12166,297
12166,354
12166,492
12166,627
12166,752
12166,814
12166,828
12167,25
12167,613
12167,718
12167,891
12167,984
12168,112
12168,125
12168,314
12168,462
12168,502
12168,525
12168,609
12168,613
12168,757
12168,814
12169,290
12169,489
12169,506
12169,525
12169,698
12169,707
12169,814
12169,928
12170,30
12170,35
12170,55
12170,231
12170,315
12170,369
12170,525
12170,554
12170,609
12170,626
12170,724
12170,760
12170,795
12170,832
12170,858
12170,878
12170,928
12170,949
12171,30
12171,137
12171,151
12171,231
12171,322
12171,372
12171,554
12171,609
12171,805
12171,819
12171,858
12172,2
12172,55
12172,137
12172,182
12172,315
12172,526
12172,795
12172,858
12172,949
12172,983
12173,30
12173,130
12173,227
12173,304
12173,525
12173,619
12173,752
12173,760
12173,806
12173,862
12173,912
12174,25
12174,231
12174,352
12174,354
12174,431
12174,604
12174,613
12174,832
12174,858
12174,878
12174,910
12175,30
12175,125
12175,194
12175,371
12175,531
12175,606
12175,615
12175,718
12175,749
12175,760
12175,791
12175,814
12175,878
12175,912
12175,931
12176,125
12176,354
12176,609
12176,814
12176,828
12177,2
12177,55
12177,315
12177,613
12177,636
12177,795
12178,30
12178,88
12178,340
12178,489
12178,554
12178,615
12178,707
12178,749
12178,760
12178,781
12178,814
12178,878
12178,931
12178,989
12179,125
12179,506
12179,525
12179,539
12179,609
12179,814
12179,878
12179,931
12180,474
12180,499
12180,533
12180,595
12180,820
12181,24
12181,30
12181,426
12181,457
12181,501
12181,718
12181,750
12181,752
12181,791
12181,805
12181,858
12181,912
12182,55
12182,114
12182,315
12182,369
12182,385
12182,525
12182,724
12182,805
12182,814
12182,832
12182,858
12182,878
12182,931
12182,949
12183,15
12183,30
12183,63
12183,130
12183,227
12183,304
12183,462
12183,609
12183,912
12184,336
12184,352
12184,354
12184,613
12184,946
12185,35
12185,315
12185,526
12185,635
12186,33
12186,125
12186,267
12186,354
12186,414
12186,609
12186,707
12186,781
12186,814
12186,828
12187,6
12187,337
12187,567
12187,595
12187,726
12187,925
12188,30
12188,227
12188,462
12188,806
12188,912
12189,77
12189,219
12189,401
12189,430
12189,642
12189,814
12190,109
12190,197
12190,606
12190,626
12190,718
12190,814
12190,968
12191,30
12191,293
12191,411
12191,530
12191,538
12191,613
12191,674
12191,718
12191,791
12191,897
12191,906
12191,915
12191,921
12192,30
12192,313
12192,530
12192,674
12192,718
12192,791
12192,915
12193,77
12193,125
12193,290
12193,489
12193,525
12193,609
12193,814
12194,60
12194,595
12194,683
12195,442
12195,595
12195,683
12195,741
12195,842
12196,33
12196,318
12196,348
12196,352
12196,354
12196,531
12196,613
12196,672
12196,834
12197,30
12197,115
12197,313
12197,489
12197,606
12197,615
12197,718
12197,749
12197,791
12197,814
12197,989
12198,77
12198,262
12198,387
12198,506
12198,525
12198,814
12199,474
12199,533
12199,595
12199,685
12200,112
12200,184
12200,201
12200,364
12200,613
12201,184
12201,613
12202,5
12202,77
12202,82
12202,144
12202,304
12202,462
12203,131
12203,352
12203,354
12203,525
12203,613
12203,849
12204,222
12204,821
12204,826
12204,893
12205,352
12205,354
12205,613
12206,125
12206,531
12206,613
12206,814
12207,533
12207,595
12207,741
12208,595
12208,741
12209,15
12209,30
12209,32
12209,37
12209,62
12209,151
12209,457
12209,570
12209,803
12209,851
12209,858
12210,2
12210,182
12210,315
12210,613
12210,795
12210,983
12211,125
12211,531
12211,536
12211,606
12211,693
12211,718
12211,814
12211,864
12212,25
12212,77
12212,144
12212,206
12212,502
12212,613
12212,638
12212,862
12213,1
12213,216
12213,288
12213,352
12213,354
12213,430
12213,613
12214,352
12214,354
12214,613
12215,30
12215,912
12216,30
12216,175
12216,250
12216,307
12216,322
12216,457
12216,531
12216,750
12216,805
12216,819
12216,858
12216,912
12217,131
12217,297
12217,354
12217,627
12217,814
12217,828
12218,134
12218,533
12218,595
12218,741
12218,745
12218,820
12218,926
12219,77
12219,82
12219,144
12219,387
12219,462
12219,525
12219,609
12220,322
12220,387
12220,613
12220,910
12221,77
12221,144
12221,219
12221,430
12221,489
12221,642
12221,707
12221,757
12221,814
12222,30
12222,525
12222,656
12222,912
12223,30
12223,115
12223,227
12223,313
12223,718
12223,791
12223,912
12223,945
12224,474
12224,533
12224,595
12224,827
12225,33
12225,60
12225,876
12226,25
12226,33
12226,240
12226,324
12226,613
12226,805
12226,858
12227,32
12227,37
12227,151
12227,503
12227,595
12227,780
12227,803
12227,816
12227,860
12228,33
12228,60
12228,299
12228,546
12228,876
12229,30
12229,313
12229,606
12229,674
12229,718
12229,791
12229,814
12229,817
12229,915
12229,989
12230,1
12230,25
12230,430
12230,525
12230,613
12230,642
12230,698
12230,814
12230,978
12231,146
12231,260
12231,503
12231,595
12231,780
12231,863
12231,899
12232,352
12232,354
12232,613
12233,337
12233,567
12233,595
12233,726
12233,925
12234,16
12234,293
12234,321
12234,352
12234,354
12234,613
12234,718
12234,891
12235,30
12235,313
12235,530
12235,538
12235,674
12235,718
12235,791
12235,912
12235,915
12236,125
12236,174
12236,210
12236,321
12236,354
12236,531
12236,606
12236,718
12236,814
12236,817
12236,828
12236,891
12237,23
12237,177
12237,204
12237,291
12237,319
12237,492
12237,503
12237,595
12237,768
12238,60
12238,876
12238,959
12239,32
12239,595
12240,2
12240,315
12240,401
12240,613
12240,636
12240,795
12241,337
12241,442
12241,449
12241,567
12241,595
12241,683
12241,712
12241,741
12242,471
12242,595
12242,741
12242,925
12243,30
12243,77
12243,144
12243,147
12243,227
12243,389
12243,462
12243,530
12243,538
12243,718
12243,757
12243,814
12243,912
12243,915
12243,945
12244,38
12244,125
12244,160
12244,279
12244,290
12244,354
12244,416
12244,489
12244,492
12244,609
12244,678
12244,814
12244,828
12244,923
12245,2
12245,55
12245,315
12245,322
12245,613
12245,636
12245,795
12245,910
12246,2
12246,30
12246,55
12246,227
12246,315
12246,502
12246,525
12246,554
12246,613
12246,636
12246,795
12246,862
12246,906
12246,945
12247,30
12247,68
12247,227
12247,638
12247,757
12247,814
12247,912
12248,6
12248,171
12248,595
12249,30
12249,166
12249,313
12249,538
12249,718
12249,791
12249,881
12249,915
12250,539
12250,814
12251,30
12251,33
12251,231
12251,457
12251,554
12251,718
12251,819
12251,858
12251,932
12252,77
12252,82
12252,144
12252,462
12252,525
12252,757
12252,814
12253,222
12253,531
12253,646
12253,655
12253,702
12253,805
12253,858
12253,935
12254,613
12254,921
12254,984
12255,60
12255,184
12256,2
12256,45
12256,55
12256,315
12256,613
12256,636
12256,795
12256,906
12256,983
12257,337
12257,393
12257,567
12257,575
12257,595
12257,661
12257,714
12257,717
12257,789
12258,157
12258,171
12258,337
12258,449
12258,595
12258,661
12258,717
12258,741
12258,764
12258,777
12259,77
12259,222
12259,430
12260,30
12260,40
12260,63
12260,227
12260,462
12260,475
12260,502
12260,525
12260,613
12260,656
12260,906
12260,912
12261,55
12261,114
12261,315
12261,636
12261,795
12261,814
12261,983
12262,184
12262,613
12263,125
12263,354
12263,492
12263,609
12263,814
12263,817
12263,828
12264,30
12264,307
12264,340
12264,385
12264,430
12264,457
12264,507
12264,642
12264,805
12264,814
12264,858
12265,30
12265,525
12265,554
12265,613
12265,906
12266,216
12266,613
12267,30
12267,240
12267,375
12267,457
12267,525
12267,613
12267,752
12267,858
12267,906
12268,77
12268,82
12268,144
12268,387
12268,462
12268,525
12268,539
12268,757
12268,814
12269,125
12269,531
12269,613
12269,814
12270,336
12270,352
12270,354
12270,609
12270,613
12271,131
12271,242
12271,293
12271,352
12271,354
12271,416
12271,604
12271,613
12271,619
12271,718
12271,985
12272,693
12272,814
12272,963
12272,980
12273,125
12273,174
12273,231
12273,321
12273,354
12273,426
12273,531
12273,606
12273,718
12273,814
12273,828
12273,858
12273,891
12274,60
12274,299
12274,790
12274,875
12274,876
12275,125
12275,131
12275,354
12275,531
12275,606
12275,711
12275,718
12275,814
12275,828
12275,953
12276,324
12276,613
12276,805
12276,858
12277,77
12277,222
12277,372
12277,525
12277,750
12277,805
12277,858
12277,935
12278,352
12278,354
12278,613
12278,781
12279,216
12279,525
12279,613
12279,921
12279,984
12280,30
12280,63
12280,227
12280,387
12280,619
12280,656
12280,752
12280,760
12280,862
12280,912
12281,182
12281,315
12281,636
12281,795
12281,949
12282,360
12282,533
12282,573
12282,595
12282,820
12283,125
12283,297
12283,489
12283,506
12283,627
12283,781
12283,814
12284,77
12284,82
12285,16
12285,174
12285,293
12285,606
12285,613
12285,718
12285,814
12285,891
12286,71
12286,310
12286,337
12286,567
12286,595
12286,661
12286,685
12286,717
12287,354
12287,492
12287,698
12287,814
12287,828
12288,382
12288,814
12288,865
12289,190
12290,15
12290,30
12290,137
12290,372
12290,457
12290,525
12290,554
12290,609
12290,750
12290,858
12290,912
12291,125
12291,206
12291,462
12291,609
12291,757
12291,814
12292,30
12292,613
12292,906
12293,125
12293,354
12293,492
12293,609
12293,814
12293,828
12294,352
12294,354
12294,492
12294,613
12295,15
12295,30
12295,32
12295,72
12295,106
12295,670
12295,863
12296,30
12296,227
12296,462
12296,525
12296,915
12297,88
12297,109
12297,200
12297,217
12297,297
12297,489
12297,606
12297,627
12297,707
12297,718
12297,800
12297,814
12297,903
12298,2
12298,114
12298,315
12298,371
12298,447
12298,613
12298,814
12299,49
12299,310
12299,337
12299,567
12299,595
12300,133
12300,474
12300,533
12300,595
12300,685
12300,741
12300,970
12301,184
12301,364
12301,613
12302,77
12302,82
12302,219
12302,430
12303,6
12303,453
12303,474
12303,533
12303,595
12303,685
12304,109
12304,197
12304,284
12304,293
12304,352
12304,354
12304,606
12304,613
12304,626
12304,718
12304,814
12304,828
12304,968
12305,131
12305,288
12305,354
12305,430
12305,446
12305,642
12305,705
12305,814
12305,828
12305,928
12306,352
12306,354
12306,401
12306,613
12306,946
12307,337
12307,449
12307,595
12307,741
12307,766
12307,988
12308,354
12308,814
12308,828
12309,131
12309,354
12309,506
12309,814
12309,828
12310,2
12310,30
12310,45
12310,55
12310,315
12310,613
12310,636
12310,906
12311,125
12311,333
12311,506
12311,525
12311,531
12311,693
12311,814
12312,1
12312,352
12312,354
12312,430
12312,613
12313,385
12313,430
12313,814
12313,858
12314,15
12314,30
12314,227
12314,462
12314,912
12315,30
12315,489
12315,538
12315,606
12315,674
12315,707
12315,718
12315,781
12315,791
12315,814
12315,915
12316,88
12316,125
12316,198
12316,430
12316,489
12316,531
12316,642
12316,814
12316,928
12317,88
12317,297
12317,489
12317,525
12317,627
12317,781
12317,814
12318,109
12318,197
12318,293
12318,352
12318,354
12318,606
12318,613
12318,693
12318,718
12318,814
12318,828
12318,968
12319,30
12319,554
12320,430
12320,613
12320,756
12320,814
12321,314
12321,489
12321,506
12321,707
12321,781
12321,814
12322,115
12322,606
12322,718
12322,814
12323,23
12323,32
12323,503
12323,595
12323,780
12323,894
12323,899
12324,32
12324,37
12324,370
12324,503
12324,595
12324,780
12324,816
12324,827
12324,860
12324,894
12324,899
12325,30
12325,130
12325,227
12325,231
12325,304
12325,387
12325,426
12325,457
12325,462
12325,538
12325,718
12325,791
12325,851
12325,858
12325,912
12326,30
12326,216
12326,525
12326,613
12326,752
12326,906
12326,984
12327,15
12327,30
12327,554
12327,912
12328,6
12328,96
12328,146
12328,218
12328,310
12328,595
12329,171
12329,442
12329,471
12329,595
12329,625
12329,683
12329,741
12329,805
12329,951
12330,533
12330,595
12330,741
12331,109
12331,200
12331,217
12331,379
12331,606
12331,626
12331,707
12331,718
12331,807
12331,814
12331,817
12331,828
12331,858
12332,474
12332,533
12332,595
12333,606
12333,698
12333,718
12333,814
12333,953
12334,1
12334,231
12334,430
12334,613
12334,642
12334,814
12334,858
12335,25
12335,125
12335,430
12335,609
12335,613
12335,814
12336,25
12336,30
12336,322
12336,324
12336,613
12336,906
12336,910
12336,984
12337,533
12337,595
12337,741
12338,70
12338,533
12338,595
12338,685
12338,983
12339,6
12339,134
12339,453
12339,474
12339,533
12339,595
12339,926
12340,71
12340,310
12340,337
12340,567
12340,595
12340,717
12341,2
12341,33
12341,35
12341,315
12341,636
12341,795
12341,949
12342,290
12342,489
12342,698
12342,707
12342,814
12343,182
12343,256
12343,315
12343,526
12343,572
12343,627
12343,704
12343,795
12344,30
12344,525
12344,656
12344,749
12344,912
12345,222
12345,322
12345,640
12345,813
12345,870
12345,893
12346,30
12346,227
12346,242
12346,606
12346,718
12346,757
12346,791
12346,814
12346,862
12346,912
12347,171
12347,337
12347,595
12347,925
12348,125
12348,354
12348,492
12348,506
12348,609
12348,814
12348,828
12349,33
12349,125
12349,613
12349,814
12350,77
12350,222
12350,262
12350,286
12350,307
12350,531
12350,655
12350,750
12350,858
12350,893
12350,935
12351,30
12351,125
12351,227
12351,609
12351,615
12351,632
12351,749
12351,757
12351,760
12351,814
12351,878
12351,931
12351,989
12352,352
12352,354
12352,431
12352,492
12352,604
12352,613
12352,814
12352,828
12352,878
12352,931
12353,81
12353,222
12353,525
12353,531
12353,893
12354,11
12354,60
12354,71
12354,78
12354,299
12354,310
12354,323
12354,438
12354,508
12354,546
12354,595
12354,723
12354,762
12354,783
12354,934
12355,222
12355,525
12355,821
12355,870
12355,893
12355,902
12356,324
12356,352
12356,354
12356,492
12356,613
12357,32
12357,860
12357,894
12358,77
12358,82
12358,144
12358,387
12358,525
12358,609
12358,862
12359,32
12359,860
12359,894
12360,30
12360,32
12360,47
12360,287
12360,457
12360,570
12360,670
12360,816
12360,858
12361,77
12361,131
12361,185
12361,354
12361,525
12361,531
12361,750
12361,858
12362,77
12362,144
12362,387
12362,462
12362,609
12363,256
12363,514
12363,693
12363,814
12363,963
12363,980
12364,814
12365,354
12365,416
12365,814
12365,828
12366,30
12366,55
12366,137
12366,315
12366,457
12366,554
12366,609
12366,795
12366,858
12366,949
12367,60
12367,245
12368,77
12368,82
12368,387
12368,609
12369,184
12369,613
12370,77
12370,750
12370,858
12371,2
12371,35
12371,45
12371,55
12371,182
12371,315
12371,526
12371,531
12371,613
12371,795
12371,949
12372,30
12372,227
12372,462
12372,475
12372,502
12372,613
12372,906
12372,912
12373,60
12373,163
12373,315
12373,453
12373,569
12373,595
12373,738
12373,790
12373,875
12374,77
12374,222
12374,246
12374,340
12375,30
12375,227
12375,862
12375,912
12375,981
12376,30
12376,137
12376,227
12376,240
12376,457
12376,502
12376,525
12376,554
12376,613
12376,752
12376,849
12376,858
12376,862
12376,906
12377,49
12377,171
12377,337
12377,595
12378,30
12378,125
12378,228
12378,314
12378,333
12378,336
12378,372
12378,385
12378,457
12378,525
12378,609
12378,693
12378,750
12378,752
12378,814
12378,858
12378,912
12379,25
12379,30
12379,89
12379,222
12379,559
12379,613
12379,655
12379,847
12379,870
12379,900
12379,906
12380,174
12380,606
12380,718
12380,814
12380,891
12381,125
12381,354
12381,506
12381,525
12381,609
12381,814
12381,828
12382,77
12382,88
12382,125
12382,210
12382,340
12382,414
12382,466
12382,489
12382,531
12382,707
12382,814
12383,60
12383,245
12383,299
12384,182
12384,315
12384,526
12384,652
12384,795
12384,949
12384,959
12385,30
12385,115
12385,227
12385,313
12385,606
12385,718
12385,757
12385,791
12385,814
12386,595
12386,741
12387,337
12387,595
12388,30
12388,115
12388,297
12388,313
12388,606
12388,627
12388,718
12388,791
12388,814
12388,915
12389,2
12389,114
12389,182
12389,315
12389,359
12389,536
12389,613
12389,636
12389,795
12389,814
12389,864
12389,906
12390,30
12390,227
12390,862
12390,912
12391,15
12391,30
12391,227
12391,462
12391,502
12391,525
12391,613
12391,752
12391,906
12391,912
12391,915
12391,945
12392,15
12392,30
12392,130
12392,227
12392,304
12392,462
12392,488
12392,502
12392,525
12392,613
12392,752
12392,906
12392,912
12392,915
12392,945
12393,222
12393,242
12393,280
12393,718
12393,900
12394,30
12394,287
12394,372
12394,457
12394,750
12394,858
12394,912
12395,324
12395,613
12396,131
12396,352
12396,379
12396,613
12396,921
12397,25
12397,131
12397,222
12397,352
12397,354
12397,400
12397,525
12397,531
12397,613
12397,870
12397,900
12398,471
12398,595
12398,741
12398,919
12399,32
12399,37
12399,291
12399,310
12399,503
12399,595
12399,816
12399,860
12400,1
12400,284
12400,288
12400,352
12400,354
12400,430
12400,613
12401,125
12401,375
12401,814
12402,25
12402,30
12402,33
12402,147
12402,457
12402,613
12402,705
12402,718
12402,805
12402,831
12402,858
12402,866
12402,906
12402,984
12403,25
12403,184
12403,364
12403,613
12404,30
12404,137
12404,457
12404,525
12404,531
12404,554
12404,656
12404,858
12405,290
12405,297
12405,489
12405,627
12405,693
12405,707
12405,814
12406,525
12406,619
12406,814
12406,931
12407,30
12407,147
12407,322
12407,419
12407,525
12407,604
12407,613
12407,619
12407,705
12407,724
12407,760
12407,866
12407,906
12407,910
12407,984
12408,30
12408,227
12408,525
12408,862
12408,912
12409,2
12409,35
12409,182
12409,315
12409,371
12409,531
12409,613
12409,795
12409,949
12410,16
12410,216
12410,293
12410,375
12410,613
12410,718
12410,891
12411,33
12411,231
12411,267
12411,318
12411,352
12411,354
12411,414
12411,492
12411,613
12411,718
12411,814
12411,828
12411,858
12412,35
12412,55
12412,182
12412,315
12412,525
12412,609
12412,795
12412,949
12412,983
12413,15
12413,30
12413,40
12413,63
12413,227
12413,462
12413,525
12413,628
12413,752
12413,912
12413,945
12414,613
12414,921
12415,533
12415,595
12416,30
12416,227
12416,313
12416,462
12416,530
12416,606
12416,674
12416,718
12416,757
12416,760
12416,791
12416,814
12416,878
12416,931
12416,945
12417,1
12417,324
12417,430
12417,613
12418,30
12418,457
12418,531
12418,750
12418,858
12418,912
12419,15
12419,30
12419,63
12419,139
12419,227
12419,387
12419,462
12419,502
12419,525
12419,531
12419,613
12419,752
12419,906
12419,912
12420,25
12420,216
12420,613
12420,805
12420,819
12420,858
12420,910
12420,932
12421,5
12421,77
12421,82
12421,125
12421,144
12421,206
12421,290
12421,304
12421,387
12421,389
12421,462
12421,482
12421,489
12421,496
12421,525
12421,566
12421,609
12421,659
12421,757
12421,781
12421,814
12422,60
12422,299
12422,389
12422,546
12422,876
12423,30
12423,293
12423,306
12423,531
12423,554
12423,613
12423,635
12423,718
12423,791
12424,15
12424,30
12424,147
12424,179
12424,240
12424,346
12424,372
12424,389
12424,457
12424,525
12424,609
12424,750
12424,752
12424,805
12424,831
12424,858
12424,912
12425,38
12425,125
12425,210
12425,354
12425,378
12425,492
12425,525
12425,609
12425,814
12425,817
12425,828
12426,30
12426,115
12426,313
12426,606
12426,718
12426,791
12426,814
12426,912
12427,30
12427,227
12427,375
12427,457
12427,750
12427,807
12427,858
12427,862
12427,912
12428,30
12428,313
12428,425
12428,538
12428,554
12428,718
12428,851
12428,912
12429,30
12429,313
12429,425
12429,538
12429,554
12429,718
12429,851
12430,242
12430,293
12430,606
12430,613
12430,718
12430,756
12430,814
12431,15
12431,30
12431,372
12431,457
12431,525
12431,750
12431,858
12431,912
12432,30
12432,858
12433,471
12433,595
12433,683
12433,741
12434,126
12434,179
12434,489
12434,584
12434,814
12435,30
12435,63
12435,227
12435,462
12435,475
12435,525
12435,531
12435,656
12435,912
12436,30
12436,222
12436,231
12436,457
12436,525
12436,554
12436,646
12436,656
12436,752
12436,858
12436,893
12436,912
12437,595
12438,337
12438,562
12438,595
12438,683
12439,77
12439,144
12439,462
12439,757
12439,814
12440,2
12440,35
12440,126
12440,182
12440,189
12440,315
12440,531
12440,613
12440,795
12441,30
12441,227
12441,462
12441,912
12442,77
12442,858
12443,354
12443,492
12443,814
12443,828
12444,131
12444,352
12444,354
12444,525
12444,613
12445,60
12445,245
12445,876
12446,216
12446,324
12446,525
12446,613
12447,15
12447,30
12447,227
12447,231
12447,457
12447,462
12447,554
12447,752
12447,858
12447,912
12448,30
12448,114
12448,231
12448,315
12448,351
12448,363
12448,385
12448,419
12448,446
12448,525
12448,554
12448,619
12448,636
12448,678
12448,705
12448,724
12448,795
12448,805
12448,814
12448,831
12448,832
12448,858
12448,931
12448,949
12449,814
12450,30
12450,912
12451,30
12451,63
12451,227
12451,457
12451,462
12451,656
12451,750
12451,858
12451,912
12452,125
12452,609
12452,814
12452,903
12453,222
12454,30
12454,216
12454,532
12454,613
12454,784
12454,906
12454,921
12455,222
12455,893
12456,471
12456,595
12456,683
12456,741
12457,595
12458,354
12458,525
12458,814
12458,828
12458,928
12459,453
12459,474
12459,533
12459,595
12459,683
12459,741
12460,15
12460,30
12460,63
12460,227
12460,462
12460,525
12460,609
12460,628
12460,752
12460,912
12461,354
12461,492
12461,525
12461,814
12461,828
12462,25
12462,30
12462,613
12462,629
12462,906
12463,2
12463,315
12463,404
12463,525
12463,613
12463,636
12463,795
12463,984
12464,2
12464,114
12464,126
12464,182
12464,189
12464,315
12464,584
12464,636
12464,795
12464,814
12465,474
12465,533
12465,595
12465,685
12465,983
12466,30
12466,130
12466,227
12466,297
12466,304
12466,627
12466,659
12466,757
12466,814
12466,862
12466,912
12467,30
12467,130
12467,227
12467,304
12467,627
12467,912
12467,915
12468,152
12468,390
12468,541
12468,613
12468,788
12468,814
12468,948
12469,541
12469,788
12469,814
12469,948
12470,35
12470,55
12470,315
12470,526
12470,541
12470,795
12470,949
12471,15
12471,30
12471,137
12471,240
12471,457
12471,554
12471,858
12471,912
12472,474
12472,533
12472,595
12472,741
12472,827
12472,983
12473,77
12473,82
12473,243
12473,246
12473,387
12473,525
12474,541
12474,718
12474,814
12475,5
12475,77
12475,144
12475,185
12475,304
12475,314
12475,462
12475,525
12475,659
12475,757
12475,814
12475,945
12476,1
12476,430
12476,525
12476,613
12476,814
12477,125
12477,290
12477,333
12477,489
12477,609
12477,613
12477,707
12477,814
12478,25
12478,30
12478,33
12478,50
12478,130
12478,227
12478,304
12478,318
12478,462
12478,502
12478,613
12478,833
12478,906
12478,912
12478,945
12479,88
12479,222
12479,242
12479,387
12479,718
12479,893
12480,474
12480,533
12480,595
12480,741
12480,983
12481,60
12481,299
12481,701
12481,876
12482,222
12482,280
12482,322
12482,640
12482,900
12483,474
12483,533
12483,595
12483,741
12484,30
12484,387
12484,806
12484,912
12485,30
12485,525
12485,656
12485,912
12485,915
12486,25
12486,30
12486,130
12486,227
12486,304
12486,462
12486,502
12486,613
12486,906
12486,945
12487,30
12487,749
12487,806
12487,912
12488,216
12488,324
12488,352
12488,354
12488,525
12488,613
12489,30
12489,32
12489,47
12489,307
12489,457
12489,570
12489,656
12489,670
12489,816
12489,858
12490,30
12490,32
12490,47
12490,307
12490,457
12490,570
12490,656
12490,670
12490,816
12490,858
12491,337
12491,567
12491,595
12491,661
12491,708
12492,49
12492,146
12492,337
12492,595
12492,683
12493,30
12493,256
12493,613
12493,650
12493,906
12493,973
12494,77
12494,222
12494,262
12494,387
12494,893
12495,77
12495,82
12495,387
12496,30
12496,125
12496,313
12496,606
12496,718
12496,791
12496,814
12496,851
12497,216
12497,525
12497,613
12498,30
12498,137
12498,240
12498,372
12498,457
12498,525
12498,554
12498,656
12498,752
12498,858
12499,222
12500,77
12500,82
12500,286
12501,474
12501,533
12501,595
12502,77
12502,82
12502,144
12502,222
12502,276
12502,862
12503,30
12503,63
12503,227
12503,462
12503,656
12503,757
12503,814
12503,912
12503,945
12504,125
12504,333
12504,527
12504,531
12504,539
12504,693
12504,814
12505,442
12505,595
12505,683
12505,706
12505,741
12505,877
12506,337
12506,442
12506,471
12506,595
12506,683
12506,741
12507,157
12507,337
12507,529
12507,595
12507,596
12507,764
12507,877
12507,926
12508,77
12508,88
12508,125
12508,254
12508,489
12508,525
12508,531
12508,781
12508,814
12509,125
12509,333
12509,489
12509,615
12509,638
12509,707
12509,781
12509,814
12510,2
12510,55
12510,131
12510,352
12510,354
12510,418
12510,525
12510,613
12510,636
12510,946
12511,184
12511,201
12511,364
12511,442
12511,595
12511,683
12511,741
12511,960
12512,216
12512,375
12512,604
12512,613
12512,817
12512,878
12513,430
12513,619
12513,642
12513,814
12513,931
12514,8
12514,222
12514,525
12515,125
12515,354
12515,632
12515,814
12515,817
12515,828
12516,11
12516,60
12516,299
12516,595
12516,683
12517,15
12517,30
12517,227
12517,462
12517,912
12517,915
12518,1
12518,293
12518,324
12518,430
12518,613
12518,635
12518,718
12519,125
12519,489
12519,606
12519,615
12519,718
12519,781
12519,814
12520,2
12520,182
12520,315
12520,613
12520,636
12520,638
12520,795
12520,814
12520,983
12521,314
12521,489
12521,606
12521,707
12521,718
12521,781
12521,814
12522,30
12522,227
12522,613
12522,906
12523,314
12523,489
12523,693
12523,707
12523,781
12523,814
12524,67
12524,324
12524,525
12524,613
12524,850
12524,984
12525,30
12525,554
12526,32
12526,37
12526,325
12526,380
12526,503
12526,511
12526,595
12526,743
12526,780
12526,863
12526,899
12527,11
12527,60
12527,299
12527,473
12527,595
12527,596
12527,683
12527,741
12527,751
12527,877
12528,30
12528,32
12528,37
12528,62
12528,130
12528,199
12528,227
12528,287
12528,304
12528,372
12528,457
12528,517
12528,570
12528,743
12528,806
12528,819
12528,851
12528,858
12528,862
12529,222
12529,322
12529,640
12529,813
12529,870
12529,893
12530,6
12530,337
12530,567
12530,595
12530,683
12531,474
12531,533
12531,595
12531,683
12531,820
12532,30
12532,227
12532,462
12532,656
12532,912
12533,442
12533,471
12533,595
12533,683
12533,741
12534,33
12534,125
12534,131
12534,337
12534,354
12534,376
12534,414
12534,486
12534,562
12534,595
12534,632
12534,683
12534,685
12534,712
12534,781
12534,782
12534,814
12534,817
12534,828
12534,907
12535,32
12535,37
12535,291
12535,503
12535,595
12535,805
12536,77
12536,144
12536,387
12536,462
12536,525
12537,11
12537,33
12537,60
12537,315
12537,595
12537,636
12537,651
12537,683
12537,790
12537,795
12538,442
12538,471
12538,595
12538,683
12538,741
12539,525
12539,626
12539,698
12539,781
12539,814
12539,928
12540,627
12540,814
12541,11
12541,33
12541,60
12541,315
12541,453
12541,569
12541,595
12541,636
12541,651
12541,683
12541,790
12541,795
12541,875
12542,471
12542,658
12542,741
12543,30
12543,33
12543,50
12543,125
12543,333
12543,414
12543,486
12543,609
12543,615
12543,749
12543,814
12543,817
12544,77
12544,222
12544,262
12544,336
12544,870
12544,893
12545,11
12545,33
12545,60
12545,595
12545,636
12545,651
12545,683
12545,790
12545,795
12546,25
12546,89
12546,222
12546,250
12546,322
12546,613
12546,640
12546,646
12546,655
12546,702
12546,805
12546,819
12546,858
12546,870
12546,893
12546,910
12546,935
12547,288
12547,354
12547,430
12547,642
12547,814
12547,828
12548,184
12548,201
12548,442
12548,595
12548,683
12548,741
12549,352
12549,354
12549,416
12549,492
12549,525
12549,613
12549,985
12550,30
12550,63
12550,130
12550,227
12550,304
12550,525
12550,656
12550,862
12550,912
12550,981
12551,2
12551,182
12551,315
12551,525
12551,613
12551,636
12552,190
12553,442
12553,471
12553,595
12553,683
12553,741
12554,220
12554,471
12554,499
12555,1
12555,25
12555,430
12555,613
12555,642
12555,814
12556,1
12556,284
12556,288
12556,352
12556,354
12556,430
12556,613
12557,322
12557,324
12557,525
12557,613
12557,910
12558,11
12558,33
12558,60
12558,315
12558,595
12558,636
12558,651
12558,683
12558,790
12558,795
12559,11
12559,60
12559,245
12559,299
12559,595
12559,683
12560,352
12560,354
12560,492
12560,613
12561,35
12561,55
12561,114
12561,125
12561,315
12561,609
12561,636
12561,795
12561,814
12562,30
12562,33
12562,749
12562,912
12563,25
12563,33
12563,216
12563,318
12563,424
12563,613
12564,1
12564,284
12564,288
12564,352
12564,354
12564,430
12564,525
12564,613
12564,642
12564,814
12564,828
12564,928
12565,442
12565,471
12565,595
12565,625
12565,683
12565,741
12566,30
12566,227
12566,462
12566,609
12566,912
12567,30
12567,227
12567,462
12567,912
12568,92
12568,125
12568,606
12568,718
12568,814
12568,891
12569,125
12569,314
12569,385
12569,387
12569,632
12569,814
12569,858
12570,30
12570,33
12570,50
12570,227
12570,414
12570,462
12570,757
12570,814
12570,833
12571,222
12571,276
12572,6
12572,337
12572,595
12572,683
12572,685
12572,712
12572,782
12573,222
12573,276
12573,322
12573,525
12573,640
12573,902
12574,222
12574,276
12574,322
12574,525
12574,640
12574,870
12574,893
12575,222
12575,276
12575,280
12575,322
12575,640
12576,814
12577,77
12577,82
12577,609
12577,814
12578,430
12578,642
12578,718
12578,814
12579,430
12579,642
12579,718
12579,814
12579,891
12580,88
12580,131
12580,340
12580,354
12580,489
12580,781
12580,814
12580,828
12581,595
12581,683
12581,741
12582,55
12582,315
12582,613
12582,795
12583,25
12583,112
12583,216
12583,324
12583,613
12583,984
12584,30
12584,55
12584,137
12584,147
12584,315
12584,369
12584,389
12584,457
12584,554
12584,629
12584,636
12584,795
12584,831
12584,858
12584,878
12584,949
12585,35
12585,55
12585,137
12585,182
12585,315
12585,525
12585,609
12585,636
12585,795
12585,858
12585,949
12586,1
12586,25
12586,216
12586,324
12586,430
12586,613
12587,15
12587,30
12587,63
12587,227
12587,462
12587,912
12587,915
12587,945
12588,96
12588,474
12588,533
12588,595
12588,882
12589,55
12589,114
12589,182
12589,278
12589,315
12589,635
12589,636
12589,788
12589,795
12589,814
12589,836
12589,983
12590,288
12590,354
12590,356
12590,430
12590,541
12590,635
12590,642
12590,718
12590,788
12590,814
12590,828
12591,81
12591,222
12591,444
12591,538
12591,718
12591,893
12592,33
12592,290
12592,389
12592,430
12592,460
12592,489
12592,496
12592,642
12592,693
12592,707
12592,718
12592,781
12592,814
12593,125
12593,231
12593,333
12593,354
12593,492
12593,506
12593,609
12593,781
12593,814
12593,826
12593,828
12593,858
12594,541
12594,635
12594,718
12594,788
12594,814
12595,474
12595,533
12595,595
12595,683
12595,741
12595,983
12596,541
12596,635
12596,693
12596,718
12596,788
12596,814
12597,278
12597,356
12597,389
12597,430
12597,460
12597,496
12597,635
12597,642
12597,788
12597,814
12597,836
12598,30
12598,50
12598,88
12598,147
12598,297
12598,340
12598,389
12598,414
12598,489
12598,496
12598,707
12598,781
12598,784
12598,814
12599,352
12599,354
12599,390
12599,541
12599,613
12599,635
12599,718
12599,921
12600,1
12600,356
12600,390
12600,430
12600,469
12600,613
12600,635
12600,642
12600,698
12600,718
12600,788
12600,814
12601,30
12601,227
12601,462
12601,468
12601,541
12601,635
12601,718
12601,912
12601,945
12602,2
12602,35
12602,137
12602,182
12602,278
12602,315
12602,635
12602,636
12602,795
12602,858
12602,949
12602,983
12603,541
12603,635
12603,718
12603,788
12603,814
12604,1
12604,356
12604,390
12604,430
12604,541
12604,613
12604,635
12604,642
12604,718
12604,788
12604,814
12605,77
12605,82
12605,119
12605,266
12605,278
12605,635
12606,278
12606,352
12606,354
12606,390
12606,450
12606,613
12606,635
12606,788
12606,814
12606,828
12606,836
12607,77
12607,82
12607,119
12607,144
12607,462
12607,468
12607,541
12607,635
12607,718
12608,77
12608,88
12608,144
12608,219
12608,389
12608,430
12608,460
12608,462
12608,482
12608,489
12608,496
12608,642
12608,678
12608,693
12608,707
12608,757
12608,781
12608,814
12608,838
12609,30
12609,222
12609,457
12609,629
12609,858
12609,935
12610,2
12610,55
12610,315
12610,525
12610,613
12610,636
12610,795
12611,96
12611,474
12611,533
12611,595
12612,125
12612,234
12612,333
12612,430
12612,506
12612,531
12612,642
12612,718
12612,814
12613,354
12613,536
12613,718
12613,814
12613,828
12614,33
12614,60
12614,595
12614,683
12614,718
12614,876
12615,30
12615,240
12615,457
12615,656
12615,750
12615,805
12615,858
12615,912
12616,352
12616,354
12616,390
12616,541
12616,613
12616,635
12616,718
12617,96
12617,474
12617,533
12617,595
12618,2
12618,45
12618,55
12618,182
12618,315
12618,389
12618,525
12618,613
12618,636
12618,795
12618,866
12619,25
12619,278
12619,390
12619,450
12619,613
12619,635
12620,284
12620,352
12620,354
12620,390
12620,541
12620,613
12620,635
12620,718
12620,788
12620,814
12620,828
12621,2
12621,35
12621,55
12621,114
12621,125
12621,315
12621,541
12621,635
12621,636
12621,788
12621,795
12621,814
12622,2
12622,35
12622,55
12622,114
12622,125
12622,182
12622,315
12622,541
12622,635
12622,636
12622,788
12622,795
12622,814
12623,356
12623,430
12623,541
12623,635
12623,642
12623,718
12623,781
12623,788
12623,814
12624,96
12624,474
12624,533
12624,595
12625,278
12625,390
12625,450
12625,613
12625,635
12626,30
12626,227
12626,462
12626,912
12626,981
12627,30
12627,68
12627,88
12627,125
12627,227
12627,462
12627,482
12627,489
12627,531
12627,757
12627,781
12627,814
12627,912
12627,945
12628,231
12628,354
12628,492
12628,525
12628,814
12628,828
12628,858
12629,352
12629,354
12629,492
12629,525
12629,613
12630,25
12630,30
12630,216
12630,227
12630,462
12630,475
12630,502
12630,613
12630,906
12631,33
12631,77
12631,82
12631,144
12631,243
12631,462
12631,531
12631,535
12631,718
12631,781
12632,595
12632,877
12632,925
12633,30
12633,806
12633,912
12634,15
12634,30
12634,137
12634,240
12634,307
12634,457
12634,554
12634,858
12635,25
12635,284
12635,352
12635,354
12635,492
12635,525
12635,613
12636,33
12636,354
12636,609
12636,693
12636,814
12636,817
12636,828
12637,114
12637,182
12637,278
12637,315
12637,455
12637,462
12637,468
12637,635
12637,636
12637,757
12637,788
12637,795
12637,814
12637,836
12637,983
12638,15
12638,30
12638,147
12638,233
12638,293
12638,313
12638,389
12638,530
12638,538
12638,613
12638,674
12638,718
12638,781
12638,791
12638,906
12638,910
12638,915
12638,932
12639,390
12639,462
12639,468
12639,502
12639,541
12639,613
12639,635
12639,718
12640,77
12640,82
12640,119
12640,144
12640,219
12640,356
12640,387
12640,389
12640,430
12640,460
12640,462
12640,468
12640,496
12640,541
12640,635
12640,642
12640,718
12640,757
12641,77
12641,222
12641,525
12641,826
12642,30
12642,227
12642,462
12642,538
12642,718
12642,912
12642,945
12643,30
12643,457
12643,858
12643,977
12644,25
12644,390
12644,541
12644,613
12644,635
12644,718
12645,2
12645,55
12645,182
12645,315
12645,613
12645,636
12645,795
12646,469
12646,635
12646,718
12646,788
12646,814
12647,222
12647,389
12647,893
12648,30
12648,227
12648,430
12648,462
12648,507
12648,757
12648,814
12649,60
12649,198
12649,209
12649,476
12649,798
12649,876
12649,928
12650,60
12650,198
12650,209
12650,245
12650,476
12650,763
12650,798
12650,876
12650,928
12651,60
12651,198
12651,476
12651,763
12651,798
12651,876
12651,928
12652,60
12652,198
12652,209
12652,476
12652,798
12652,876
12652,928
12653,30
12653,191
12653,227
12653,248
12653,530
12653,606
12653,757
12653,791
12653,814
12653,862
12653,881
12653,897
12653,981
12654,18
12654,69
12654,295
12654,337
12654,353
12654,521
12654,567
12654,774
12655,30
12655,156
12655,227
12655,293
12655,502
12655,530
12655,613
12655,718
12655,791
12655,862
12655,881
12655,897
12655,906
12655,921
12655,981
12656,12
12656,197
12656,379
12656,606
12656,718
12656,814
12656,828
12657,60
12657,776
12658,12
12658,197
12658,606
12658,693
12658,718
12658,814
12659,295
12659,303
12659,337
12659,464
12659,562
12659,774
12660,3
12660,141
12660,156
12660,293
12660,613
12660,718
12660,889
12660,962
12661,30
12661,227
12661,444
12661,653
12661,718
12661,791
12661,862
12661,897
12662,3
12662,25
12662,59
12662,156
12662,243
12662,246
12662,250
12662,293
12662,324
12662,400
12662,613
12662,756
12663,3
12663,25
12663,59
12663,156
12663,243
12663,246
12663,250
12663,293
12663,324
12663,400
12663,613
12663,756
12664,236
12664,360
12664,533
12664,780
12664,920
12665,236
12665,360
12665,533
12665,780
12665,920
12666,236
12666,360
12666,533
12666,780
12666,920
12666,928
12667,236
12667,533
12667,780
12667,920
12668,184
12668,613
12668,964
12669,30
12669,32
12669,57
12669,62
12669,72
12669,213
12669,366
12669,457
12669,670
12669,858
12669,965
12670,23
12670,32
12670,186
12670,328
12670,485
12670,503
12670,665
12670,743
12670,780
12670,899
12671,292
12671,658
12671,759
12671,774
12672,60
12672,245
12672,476
12672,774
12672,928
12673,60
12673,476
12673,580
12673,718
12673,928
12673,944
12674,60
12674,161
12674,245
12674,272
12674,326
12674,627
12674,718
12674,869
12675,186
12675,292
12675,751
12675,759
12675,774
12676,124
12676,171
12676,295
12676,337
12676,645
12676,774
12677,6
12677,295
12677,303
12677,337
12677,567
12677,774
12678,190
12679,60
12679,718
12679,944
12680,32
12680,204
12680,503
12680,780
12680,899
12681,184
12681,186
12681,741
12681,774
12681,964
12682,243
12682,280
12682,718
12682,869
12682,900
12682,973
12683,12
12683,814
12684,12
12684,197
12684,606
12684,693
12684,718
12684,814
12685,379
12685,531
12685,557
12685,670
12685,814
12685,828
12685,901
12686,69
12686,255
12686,295
12686,303
12686,337
12686,774
12687,295
12687,303
12687,337
12687,741
12687,774
12688,303
12688,337
12688,464
12688,562
12688,774
12689,236
12689,360
12689,474
12689,533
12689,774
12689,919
12690,236
12690,360
12690,474
12690,533
12690,774
12690,919
12691,60
12691,541
12691,718
12691,940
12692,236
12692,474
12692,533
12692,774
12693,60
12693,718
12693,869
12693,876
12694,295
12694,303
12694,327
12694,464
12694,741
12694,774
12695,60
12695,163
12695,245
12695,438
12695,661
12695,714
12695,762
12695,774
12695,789
12695,829
12696,200
12696,211
12696,606
12696,718
12696,814
12697,197
12697,606
12697,718
12697,814
12697,904
12697,968
12698,60
12698,186
12698,755
12698,774
12699,360
12699,474
12699,533
12699,774
12699,926
12699,928
12700,32
12700,319
12700,503
12700,663
12700,780
12700,894
12701,52
12701,225
12701,292
12701,303
12701,471
12701,741
12701,759
12701,774
12702,32
12702,98
12702,503
12702,533
12702,780
12702,920
12703,44
12703,60
12703,135
12703,718
12703,751
12703,755
12704,150
12704,474
12704,533
12704,741
12704,774
12705,150
12705,236
12705,474
12705,533
12705,774
12706,60
12706,135
12706,245
12706,718
12706,762
12706,862
12706,876
12706,981
12707,150
12707,236
12707,474
12707,533
12707,774
12708,337
12708,774
12708,908
12709,84
12709,198
12709,220
12709,327
12709,337
12709,562
12709,774
12709,928
12710,53
12710,337
12710,562
12710,741
12710,774
12710,908
12711,295
12711,337
12711,774
12711,908
12711,934
12712,295
12712,337
12712,380
12712,774
12712,908
12713,32
12713,72
12713,98
12713,195
12713,418
12713,437
12713,670
12713,770
12714,181
12714,225
12714,344
12714,552
12714,780
12715,30
12715,32
12715,57
12715,62
12715,72
12715,213
12715,366
12715,457
12715,670
12715,858
12715,965
12716,181
12716,225
12716,344
12716,552
12716,780
12717,255
12717,295
12717,464
12717,596
12717,774
12717,780
12717,846
12717,877
12718,337
12718,562
12718,780
12718,899
12718,986
12719,295
12719,303
12719,337
12719,464
12719,562
12719,774
12720,295
12720,303
12720,337
12720,464
12720,562
12720,774
12721,69
12721,295
12721,337
12721,353
12721,464
12721,562
12721,685
12721,774
12722,23
12722,32
12722,57
12722,146
12722,258
12722,260
12722,503
12722,743
12722,780
12722,827
12722,979
12723,60
12723,340
12723,613
12723,876
12724,60
12724,340
12724,876
12725,474
12725,533
12725,741
12725,774
12725,827
12726,32
12726,57
12726,325
12726,503
12726,780
12726,894
12727,295
12727,303
12727,337
12727,464
12727,562
12727,741
12727,774
12728,295
12728,303
12728,337
12728,464
12728,562
12728,774
12729,60
12729,163
12729,235
12729,658
12729,755
12729,774
12730,32
12730,55
12730,72
12730,98
12730,156
12730,195
12730,204
12730,366
12730,418
12730,437
12730,613
12730,670
12730,911
12731,2
12731,32
12731,55
12731,72
12731,98
12731,156
12731,195
12731,204
12731,366
12731,418
12731,437
12731,613
12731,670
12731,911
12732,32
12732,55
12732,72
12732,98
12732,156
12732,195
12732,204
12732,366
12732,418
12732,437
12732,613
12732,670
12732,911
12733,32
12733,55
12733,72
12733,98
12733,156
12733,195
12733,204
12733,366
12733,418
12733,437
12733,613
12733,670
12733,911
12734,2
12734,32
12734,55
12734,72
12734,98
12734,156
12734,195
12734,204
12734,366
12734,418
12734,437
12734,613
12734,670
12734,911
12735,32
12735,55
12735,72
12735,98
12735,156
12735,195
12735,204
12735,366
12735,418
12735,437
12735,613
12735,670
12735,911
12736,32
12736,55
12736,72
12736,98
12736,156
12736,195
12736,204
12736,366
12736,418
12736,437
12736,613
12736,670
12736,911
12737,32
12737,55
12737,72
12737,98
12737,156
12737,195
12737,204
12737,366
12737,418
12737,437
12737,613
12737,670
12737,911
12738,32
12738,55
12738,72
12738,98
12738,156
12738,195
12738,204
12738,366
12738,418
12738,437
12738,613
12738,670
12738,911
12739,32
12739,55
12739,72
12739,98
12739,156
12739,195
12739,204
12739,366
12739,418
12739,437
12739,613
12739,670
12739,911
12740,32
12740,55
12740,72
12740,98
12740,195
12740,204
12740,366
12740,418
12740,437
12740,613
12740,670
12740,911
12741,2
12741,32
12741,55
12741,72
12741,98
12741,156
12741,195
12741,204
12741,366
12741,418
12741,437
12741,613
12741,670
12741,911
12742,32
12742,55
12742,72
12742,98
12742,156
12742,195
12742,204
12742,366
12742,418
12742,437
12742,613
12742,670
12742,911
12743,32
12743,55
12743,72
12743,98
12743,156
12743,195
12743,204
12743,366
12743,418
12743,437
12743,613
12743,670
12743,911
12744,32
12744,55
12744,72
12744,98
12744,156
12744,195
12744,204
12744,366
12744,418
12744,437
12744,613
12744,670
12744,911
12745,32
12745,55
12745,72
12745,98
12745,156
12745,195
12745,204
12745,366
12745,388
12745,418
12745,437
12745,613
12745,670
12745,911
12746,32
12746,55
12746,72
12746,98
12746,156
12746,195
12746,204
12746,366
12746,418
12746,437
12746,613
12746,670
12746,911
12747,32
12747,72
12747,98
12747,156
12747,195
12747,204
12747,366
12747,418
12747,437
12747,613
12747,670
12747,911
12748,32
12748,55
12748,72
12748,98
12748,156
12748,195
12748,204
12748,366
12748,418
12748,437
12748,613
12748,670
12748,911
12749,32
12749,55
12749,72
12749,98
12749,156
12749,195
12749,204
12749,366
12749,418
12749,437
12749,613
12749,670
12749,911
12750,32
12750,55
12750,72
12750,98
12750,156
12750,195
12750,204
12750,366
12750,418
12750,437
12750,613
12750,670
12750,911
12751,32
12751,55
12751,72
12751,98
12751,156
12751,195
12751,204
12751,366
12751,418
12751,437
12751,613
12751,670
12751,911
12752,32
12752,55
12752,72
12752,98
12752,156
12752,195
12752,204
12752,366
12752,418
12752,437
12752,613
12752,670
12752,911
12753,32
12753,55
12753,72
12753,98
12753,156
12753,195
12753,204
12753,366
12753,418
12753,437
12753,613
12753,670
12753,911
12754,32
12754,55
12754,72
12754,98
12754,156
12754,195
12754,204
12754,366
12754,418
12754,437
12754,613
12754,670
12754,911
12755,6
12755,34
12755,337
12755,464
12755,562
12755,658
12755,685
12755,774
12756,292
12756,759
12756,774
12757,123
12757,293
12757,613
12758,60
12758,136
12758,235
12758,238
12758,272
12758,326
12758,595
12758,723
12758,818
12759,447
12759,473
12759,613
12759,887
12760,60
12760,245
12760,256
12760,438
12760,462
12760,682
12760,762
12760,871
12760,876
12760,945
12761,32
12761,62
12761,503
12761,595
12761,598
12761,780
12761,803
12762,77
12762,116
12762,208
12762,222
12762,851
12763,30
12763,227
12763,488
12763,644
12763,729
12763,757
12763,814
12763,851
12763,965
12764,474
12764,595
12764,598
12764,857
12764,872
12765,474
12765,595
12765,598
12765,857
12765,958
12766,60
12766,163
12766,205
12766,245
12766,438
12766,595
12766,647
12766,762
12767,477
12767,673
12768,60
12768,163
12768,299
12768,569
12768,595
12768,684
12768,738
12768,790
12768,875
12769,205
12769,292
12769,595
12769,759
12770,108
12770,985
12771,6
12771,36
12771,107
12771,146
12771,289
12771,567
12771,595
12771,647
12772,184
12772,214
12772,613
12773,60
12773,205
12773,292
12773,595
12773,759
12774,184
12774,201
12774,214
12774,293
12774,613
12774,691
12775,77
12775,116
12775,144
12776,30
12776,227
12776,488
12776,965
12777,184
12777,214
12777,293
12777,613
12778,60
12778,136
12778,299
12778,303
12778,595
12778,723
12778,933
12779,125
12779,197
12779,430
12779,606
12779,609
12779,642
12779,693
12779,814
12779,879
12780,36
12780,107
12780,289
12780,595
12781,60
12781,235
12781,524
12781,776
12782,184
12782,214
12782,447
12782,613
12783,60
12783,235
12783,524
12783,546
12783,776
12784,5
12784,21
12784,77
12784,115
12784,144
12784,304
12784,462
12784,606
12784,659
12784,682
12784,757
12784,814
12785,84
12785,107
12785,220
12785,289
12785,327
12785,519
12785,562
12785,595
12786,60
12786,682
12786,723
12787,25
12787,115
12787,293
12787,606
12787,613
12787,814
12788,60
12788,348
12788,371
12788,682
12788,876
12789,32
12789,291
12789,503
12789,816
12790,291
12790,360
12790,598
12790,820
12790,920
12791,190
12792,292
12792,499
12792,595
12792,596
12792,759
12792,877
12793,36
12793,107
12793,289
12793,595
12794,184
12794,214
12794,293
12794,613
12795,60
12795,245
12795,256
12795,438
12795,462
12795,762
12795,871
12796,184
12796,214
12796,293
12796,613
12797,60
12797,205
12797,595
12797,647
12797,762
12798,32
12798,291
12798,503
12798,894
12798,979
12799,46
12799,91
12799,289
12799,519
12799,562
12799,595
12799,817
12800,25
12800,112
12800,184
12800,214
12800,613
12801,60
12801,242
12801,299
12801,682
12802,60
12802,115
12802,682
12802,876
12803,30
12803,32
12803,57
12803,213
12803,457
12803,545
12803,570
12803,816
12803,851
12803,858
12803,965
12804,23
12804,69
12804,106
12804,188
12804,291
12804,319
12804,328
12804,503
12804,518
12804,552
12804,899
12805,107
12805,220
12805,289
12805,327
12805,519
12805,562
12805,595
12805,908
12806,291
12806,477
12806,986
12807,184
12807,205
12807,214
12807,220
12807,595
12807,613
12808,32
12808,291
12808,441
12808,503
12808,816
12808,894
12809,77
12809,116
12809,144
12809,387
12809,851
12810,30
12810,48
12810,137
12810,426
12810,436
12810,554
12810,636
12810,682
12810,791
12810,858
12811,125
12811,202
12811,354
12811,591
12811,729
12811,732
12811,810
12811,814
12811,828
12811,851
12811,957
12812,125
12812,202
12812,354
12812,591
12812,729
12812,732
12812,810
12812,814
12812,828
12812,851
12812,957
12813,7
12813,52
12813,181
12813,225
12813,291
12813,344
12813,415
12814,366
12814,729
12814,757
12814,814
12814,851
12815,354
12815,366
12815,373
12815,591
12815,710
12815,729
12815,732
12815,810
12815,814
12815,828
12815,851
12815,924
12815,957
12816,77
12816,116
12816,208
12816,222
12816,851
12817,291
12817,337
12817,518
12817,562
12817,986
12818,208
12818,213
12818,222
12818,231
12818,366
12818,851
12818,858
12818,902
12819,49
12819,69
12819,146
12819,291
12819,337
12819,477
12819,986
12820,32
12820,98
12820,315
12820,526
12820,570
12820,795
12820,851
12821,32
12821,98
12821,315
12821,526
12821,570
12821,795
12821,851
12822,32
12822,98
12822,315
12822,570
12822,636
12822,795
12822,851
12823,220
12823,289
12823,449
12823,583
12823,595
12824,60
12824,136
12824,595
12824,790
12825,60
12825,109
12825,197
12825,682
12826,190
12827,354
12828,49
12828,107
12828,289
12828,560
12828,595
12828,780
12828,899
12829,84
12829,107
12829,184
12829,214
12829,220
12829,595
12830,184
12830,214
12830,613
12831,107
12831,289
12831,595
12831,908
12832,2
12832,315
12832,355
12832,360
12832,526
12832,613
12832,626
12832,787
12832,928
12833,2
12833,35
12833,45
12833,55
12833,315
12833,360
12833,526
12833,609
12833,613
12833,626
12833,795
12833,928
12834,107
12834,289
12834,519
12834,562
12834,595
12834,908
12835,107
12835,289
12835,595
12835,908
12836,198
12836,476
12836,928
12837,573
12837,595
12837,748
12837,846
12838,220
12838,595
12838,768
12838,771
12838,780
12838,899
12839,295
12839,337
12839,595
12839,908
12840,2
12840,182
12840,315
12840,371
12840,609
12840,613
12840,795
12840,949
12841,295
12841,337
12841,339
12841,595
12842,30
12842,227
12842,538
12842,606
12842,674
12842,682
12842,757
12842,791
12842,814
12842,897
12843,337
12843,386
12843,595
12844,337
12844,386
12844,595
12845,184
12845,447
12845,613
12845,964
12846,112
12846,184
12846,613
12846,964
12847,157
12847,171
12847,595
12847,964
12848,87
12848,133
12848,474
12848,533
12848,595
12848,741
12848,872
12849,87
12849,133
12849,360
12849,474
12849,533
12849,595
12849,741
12849,928
12849,958
12850,595
12850,812
12850,877
12851,337
12851,562
12851,595
12851,665
12851,908
12852,184
12852,201
12852,293
12852,613
12852,964
12853,337
12853,595
12853,908
12854,125
12854,228
12854,256
12854,336
12854,609
12854,613
12854,691
12854,814
12854,946
12854,963
12854,980
12855,1
12855,25
12855,112
12855,216
12855,242
12855,293
12855,430
12855,613
12855,718
12856,146
12856,310
12856,337
12856,567
12856,595
12857,184
12857,613
12857,964
12858,337
12858,595
12858,908
12859,138
12859,337
12859,339
12859,562
12859,595
12860,337
12860,339
12860,567
12860,595
12861,474
12861,533
12861,595
12861,741
12861,983
12862,97
12862,595
12862,683
12862,734
12862,751
12862,877
12863,295
12863,337
12863,595
12863,741
12863,908
12864,337
12864,595
12864,908
12865,442
12865,595
12865,683
12865,741
12865,877
12866,295
12866,337
12866,595
12866,908
12867,295
12867,337
12867,595
12867,908
12868,729
12868,757
12868,814
12868,851
12869,77
12869,116
12869,144
12869,729
12869,757
12869,814
12869,851
12870,24
12870,309
12870,354
12870,606
12870,718
12870,814
12870,828
12871,54
12871,138
12871,295
12871,310
12871,327
12871,337
12871,562
12871,567
12871,595
12871,741
12872,474
12872,533
12872,595
12873,360
12873,474
12873,533
12873,595
12873,820
12873,928
12873,983
12874,133
12874,474
12874,533
12874,595
12874,741
12875,32
12875,503
12875,533
12875,595
12876,474
12876,533
12876,595
12877,474
12877,533
12877,595
12878,474
12878,533
12878,595
12879,474
12879,533
12879,595
12879,983
12880,533
12880,595
12880,741
12881,133
12881,474
12881,533
12881,595
12881,741
12882,474
12882,533
12882,595
12883,474
12883,533
12883,595
12884,474
12884,533
12884,595
12884,820
12885,474
12885,533
12885,595
12886,474
12886,533
12886,595
12887,184
12887,613
12887,964
12888,60
12888,299
12889,670
12889,725
12889,756
12889,814
12889,986
12890,60
12890,235
12890,299
12890,310
12890,595
12890,762
12890,925
12891,184
12891,201
12891,293
12891,613
12891,964
12892,25
12892,184
12892,293
12892,613
12892,964
12893,208
12893,222
12893,366
12893,851
12893,902
12894,25
12894,184
12894,613
12894,964
12895,16
12895,396
12895,613
12896,188
12896,725
12896,810
12896,986
12897,725
12897,986
12898,725
12898,986
12899,32
12899,98
12899,503
12899,533
12899,725
12899,820
12899,920
12899,983
12900,115
12900,277
12900,814
12901,337
12901,353
12901,380
12901,537
12901,595
12902,337
12902,353
12902,380
12902,537
12902,595
12903,60
12903,256
12903,462
12903,718
12903,762
12903,871
12903,945
12904,337
12904,477
12904,518
12904,562
12904,685
12904,725
12904,986
12905,60
12905,163
12905,310
12905,438
12905,595
12905,683
12905,762
12906,138
12906,337
12906,562
12906,595
12906,837
12906,908
12907,32
12907,474
12907,503
12907,533
12907,595
12908,78
12908,474
12908,487
12908,533
12908,595
12908,758
12908,820
12909,184
12909,201
12909,613
12909,964
12910,289
12910,908
12911,295
12911,337
12911,595
12911,908
12912,138
12912,295
12912,337
12912,562
12912,595
12912,908
12913,295
12913,337
12913,595
12913,908
12914,16
12914,293
12914,348
12914,396
12914,613
12914,834
12915,32
12915,177
12915,319
12915,503
12915,725
12915,768
12915,894
12916,573
12916,595
12917,293
12917,352
12917,354
12917,613
12917,718
12917,736
12918,184
12918,399
12918,613
12918,626
12918,691
12918,928
12918,964
12919,6
12919,78
12919,146
12919,310
12919,337
12919,567
12919,595
12919,837
12920,310
12920,337
12920,353
12920,537
12920,567
12920,595
12921,533
12921,725
12921,820
12921,920
12922,32
12922,57
12922,503
12922,545
12922,725
12922,816
12923,60
12923,299
12923,340
12923,595
12923,683
12923,751
12923,876
12924,60
12924,299
12924,340
12924,462
12924,762
12924,833
12924,876
12925,171
12925,295
12925,337
12925,339
12925,595
12925,777
12926,295
12926,337
12926,339
12926,595
12927,288
12927,336
12927,354
12927,430
12927,606
12927,642
12927,693
12927,718
12927,814
12927,828
12927,973
12928,32
12928,54
12928,503
12928,595
12929,25
12929,184
12929,613
12929,964
12930,474
12930,533
12930,595
12931,30
12931,227
12931,366
12931,488
12931,644
12931,729
12931,757
12931,814
12931,851
12931,965
12932,30
12932,227
12932,488
12932,644
12932,729
12932,757
12932,814
12932,851
12932,965
12933,32
12933,57
12933,319
12933,503
12933,725
12933,894
12934,397
12934,433
12934,552
12934,725
12934,741
12934,899
12935,54
12935,415
12935,595
12935,751
12935,877
12936,25
12936,184
12936,595
12936,613
12936,741
12936,925
12937,32
12937,106
12937,146
12937,260
12937,319
12937,503
12937,725
12937,894
12937,899
12938,84
12938,295
12938,337
12938,595
12938,817
12938,837
12938,934
12939,84
12939,295
12939,337
12939,595
12939,934
12940,112
12940,184
12940,293
12940,613
12941,337
12941,339
12941,380
12941,595
12942,138
12942,337
12942,339
12942,562
12942,595
12943,310
12943,337
12943,339
12943,567
12943,595
12944,337
12944,339
12944,595
12945,310
12945,337
12945,339
12945,567
12945,595
12946,138
12946,327
12946,337
12946,339
12946,562
12946,595
12946,741
12947,138
12947,337
12947,339
12947,562
12947,595
12948,337
12948,339
12948,595
12949,474
12949,533
12949,595
12949,683
12950,474
12950,533
12950,595
12950,683
12951,66
12951,256
12951,613
12951,871
12952,77
12952,108
12952,116
12952,729
12952,814
12952,851
12953,360
12953,533
12953,725
12953,820
12953,920
12954,30
12954,227
12954,488
12954,644
12954,851
12954,965
12955,353
12955,474
12955,533
12955,595
12956,33
12956,60
12956,235
12956,546
12956,776
12957,32
12957,98
12957,315
12957,570
12957,795
12957,816
12957,851
12958,54
12958,101
12958,146
12958,295
12958,337
12958,595
12959,54
12959,138
12959,295
12959,337
12959,562
12959,595
12960,54
12960,138
12960,295
12960,337
12960,562
12960,595
12961,293
12961,352
12961,354
12961,613
12961,691
12961,980
12962,33
12962,60
12962,235
12962,546
12963,33
12963,60
12963,245
12963,546
12964,33
12964,60
12964,235
12964,245
12964,790
12965,33
12965,60
12965,235
12965,245
12966,337
12966,339
12966,595
12967,181
12967,225
12967,344
12967,725
12968,108
12968,489
12968,729
12968,814
12968,851
12969,32
12969,98
12969,503
12969,533
12969,725
12969,920
12970,60
12970,124
12970,163
12970,299
12970,595
12971,59
12971,184
12971,293
12971,411
12971,613
12971,718
12971,964
12972,60
12972,235
12972,245
12972,340
12972,546
12972,876
12973,32
12973,98
12973,204
12973,388
12973,503
12973,533
12973,725
12973,920
12974,220
12974,295
12974,327
12974,337
12974,583
12974,595
12974,777
12975,32
12975,98
12975,503
12975,533
12975,725
12975,820
12975,920
12976,7
12976,52
12976,54
12976,595
12976,964
12977,190
12978,54
12978,178
12978,295
12978,337
12978,665
12978,929
12979,54
12979,595
12979,964
12980,315
12980,348
12980,360
12980,371
12980,626
12980,795
12980,928
12980,983
12981,315
12981,360
12981,371
12981,626
12981,795
12981,928
12981,983
12982,32
12982,57
12982,199
12982,287
12982,503
12982,545
12982,725
12983,433
12983,477
12983,725
12983,986
12984,595
12984,658
12984,877
12985,32
12985,57
12985,199
12985,372
12985,503
12985,725
12985,816
12985,899
12986,32
12986,98
12986,315
12986,526
12986,570
12986,787
12986,795
12986,851
12987,181
12987,552
12987,725
12987,964
12988,32
12988,98
12988,503
12988,533
12988,725
12988,820
12988,920
12989,32
12989,98
12989,315
12989,526
12989,570
12989,787
12989,795
12989,851
12990,32
12990,98
12990,315
12990,526
12990,570
12990,787
12990,795
12990,851
12991,32
12991,98
12991,315
12991,526
12991,570
12991,787
12991,795
12991,851
12992,181
12992,184
12992,225
12992,344
12992,552
12992,725
12992,741
12992,964
12993,32
12993,98
12993,315
12993,526
12993,570
12993,787
12993,795
12993,851
12994,32
12994,98
12994,315
12994,526
12994,570
12994,787
12994,795
12994,851
12995,32
12995,98
12995,315
12995,360
12995,526
12995,570
12995,626
12995,787
12995,795
12995,851
12995,928
12996,32
12996,98
12996,315
12996,526
12996,570
12996,787
12996,795
12996,851
12997,354
12997,366
12997,851
12997,957
12997,985
12998,32
12998,98
12998,315
12998,526
12998,570
12998,787
12998,795
12998,851
12999,32
12999,98
12999,315
12999,526
12999,570
12999,787
12999,795
12999,851
13000,32
13000,98
13001,32
13001,98
13001,315
13001,526
13001,570
13001,787
13001,795
13001,851
13002,32
13002,98
13002,315
13002,526
13002,570
13002,787
13002,795
13002,851
13003,32
13003,98
13003,315
13003,526
13003,570
13003,787
13003,795
13003,851
13004,352
13004,354
13004,359
13004,536
13004,613
13004,715
13005,184
13005,318
13005,613
13006,108
13006,366
13006,729
13006,814
13006,851
13007,729
13007,814
13007,851
13008,32
13008,204
13008,239
13008,503
13008,725
13008,732
13008,894
13009,37
13009,503
13009,595
13009,780
13009,863
13010,190
13011,453
13011,595
13011,596
13011,877
13011,925
13012,595
13012,925
13013,453
13013,596
13013,665
13013,877
13013,925
13014,453
13014,595
13014,596
13014,877
13014,925
13015,54
13015,138
13015,295
13015,327
13015,337
13015,562
13015,595
13015,741
13015,837
13016,54
13016,101
13016,146
13016,337
13016,595
13017,125
13017,613
13017,698
13017,814
13018,112
13018,184
13018,201
13018,293
13018,359
13018,411
13018,613
13018,718
13018,964
13019,33
13019,77
13019,615
13019,814
13020,613
13020,638
13020,781
13020,814
13021,125
13021,814
13022,135
13022,352
13022,354
13022,359
13022,613
13022,715
13022,756
13022,814
13022,828
13022,864
13023,190
13024,42
13024,354
13024,366
13024,373
13024,591
13024,710
13024,732
13024,851
13024,957
13025,190
13026,595
13026,741
13027,474
13027,533
13027,595
13027,970
13028,595
13028,751
13028,877
13028,925
13029,474
13029,533
13029,595
13030,60
13030,299
13031,533
13031,595
13031,837
13032,184
13032,293
13032,613
13032,718
13032,964
13033,108
13033,729
13033,814
13033,851
13034,108
13034,729
13034,814
13034,851
13035,108
13035,125
13035,729
13035,757
13035,814
13035,851
13036,352
13036,354
13036,613
13036,851
13036,911
13036,957
13036,985
13037,77
13037,116
13037,208
13037,222
13037,851
13038,133
13038,360
13038,474
13038,533
13038,595
13038,741
13039,77
13039,144
13039,462
13040,31
13040,66
13040,366
13040,613
13040,729
13040,814
13040,851
13040,911
13041,366
13041,613
13041,729
13041,814
13041,851
13041,911
13042,66
13042,366
13042,613
13042,729
13042,814
13042,851
13042,911
13043,32
13043,319
13043,816
13043,894
13044,595
13044,877
13044,925
13045,360
13045,820
13046,360
13046,820
13047,32
13047,98
13047,820
13048,32
13048,98
13048,360
13048,820
13049,169
13049,315
13049,787
13049,820
13049,980
13050,54
13050,138
13050,171
13050,337
13050,595
13051,32
13051,57
13051,503
13051,725
13051,979
13052,208
13052,222
13052,851
13052,893
13053,32
13053,503
13053,725
13053,979
13054,184
13054,613
13054,718
13054,964
13055,54
13055,138
13055,327
13055,337
13055,562
13055,595
13055,741
13056,54
13056,138
13056,327
13056,595
13056,741
13057,54
13057,138
13057,337
13057,562
13057,595
13058,25
13058,184
13058,201
13058,293
13058,613
13059,32
13059,98
13059,204
13059,315
13059,441
13059,570
13059,613
13059,911
13060,18
13060,84
13060,138
13060,157
13060,295
13060,327
13060,595
13060,741
13060,827
13061,2
13061,315
13061,497
13061,541
13061,636
13061,795
13062,60
13062,235
13062,272
13062,299
13062,326
13062,627
13062,914
13063,474
13063,533
13063,595
13064,495
13064,613
13064,729
13064,814
13064,851
13064,878
13064,911
13065,30
13065,32
13065,57
13065,213
13065,441
13065,457
13065,545
13065,749
13065,816
13065,858
13065,965
13066,77
13066,108
13066,116
13066,729
13066,814
13066,851
13067,613
13067,851
13067,911
13068,18
13068,84
13068,138
13068,295
13068,327
13068,595
13068,741
13069,25
13069,184
13069,201
13069,293
13069,613
13069,718
13069,964
13070,32
13070,315
13070,319
13070,663
13070,894
13071,181
13071,552
13071,725
13072,60
13072,163
13072,569
13072,595
13072,683
13072,790
13073,112
13073,184
13073,613
13074,474
13074,533
13074,595
13074,683
13074,820
13075,477
13075,725
13075,986
13076,60
13076,235
13076,595
13076,925
13077,32
13077,98
13077,315
13077,816
13078,32
13078,98
13078,315
13078,816
13079,60
13079,299
13079,595
13079,790
13080,60
13080,163
13080,235
13080,493
13080,524
13080,595
13080,723
13081,184
13081,613
13081,964
13082,84
13082,327
13082,537
13082,595
13082,741
13083,518
13083,552
13083,725
13084,84
13084,327
13084,537
13084,595
13084,741
13085,133
13085,150
13085,372
13085,474
13085,533
13085,595
13085,741
13086,181
13086,725
13087,474
13087,533
13087,595
13087,741
13088,27
13088,278
13088,387
13088,613
13088,718
13089,32
13089,140
13089,204
13089,503
13089,725
13089,816
13090,32
13090,69
13090,106
13090,319
13090,453
13090,503
13090,663
13090,725
13090,894
13090,899
13091,32
13091,72
13091,106
13091,319
13091,663
13091,670
13091,784
13091,894
13092,32
13092,72
13092,106
13092,319
13092,663
13092,670
13092,784
13092,894
13093,295
13093,337
13093,595
13094,359
13094,536
13094,613
13094,984
13095,359
13095,536
13095,613
13096,16
13096,293
13096,532
13096,613
13096,627
13096,704
13096,718
13096,891
13097,60
13097,163
13097,438
13097,595
13097,683
13097,762
13097,789
13098,54
13098,327
13098,337
13098,562
13098,595
13098,741
13099,360
13099,474
13099,533
13099,595
13099,820
13100,30
13100,115
13100,227
13100,523
13100,613
13100,906
13100,943
13100,945
13101,138
13101,327
13101,337
13101,395
13101,562
13101,595
13101,741
13102,474
13102,533
13102,595
13102,794
13103,84
13103,327
13103,537
13103,595
13103,741
13104,84
13104,337
13104,537
13104,562
13104,595
13105,84
13105,327
13105,537
13105,595
13105,741
13106,84
13106,337
13106,537
13106,562
13106,595
13107,489
13107,606
13107,615
13107,707
13107,718
13107,781
13107,814
13108,84
13108,327
13108,537
13108,595
13108,741
13109,84
13109,327
13109,537
13109,595
13109,741
13110,595
13110,877
13110,926
13111,60
13111,161
13111,245
13111,256
13111,272
13111,326
13111,490
13111,784
13111,876
13112,6
13112,337
13112,395
13112,595
13112,817
13113,184
13113,201
13113,220
13113,230
13113,613
13114,184
13114,201
13114,220
13114,230
13114,613
13115,184
13115,201
13115,220
13115,230
13115,613
13116,184
13116,201
13116,220
13116,230
13116,613
13117,184
13117,201
13117,220
13117,230
13117,613
13118,184
13118,201
13118,220
13118,230
13118,613
13119,146
13119,310
13119,337
13119,395
13119,567
13119,595
13120,184
13120,371
13120,447
13120,613
13120,667
13121,32
13121,204
13121,613
13121,894
13121,911
13122,184
13122,201
13122,293
13122,613
13122,667
13122,718
13122,966
13123,222
13123,444
13123,467
13123,538
13123,718
13123,893
13124,360
13124,474
13124,533
13124,595
13125,11
13125,60
13125,595
13125,751
13126,134
13126,474
13126,533
13126,595
13126,745
13127,30
13127,125
13127,227
13127,729
13127,757
13127,814
13127,851
13127,965
13128,725
13128,986
13129,477
13129,725
13129,986
13130,30
13130,125
13130,227
13130,729
13130,757
13130,814
13130,851
13130,965
13131,60
13131,299
13131,340
13131,348
13131,876
13132,84
13132,138
13132,295
13132,327
13132,537
13132,595
13132,741
13133,84
13133,295
13133,337
13133,537
13133,595
13133,741
13134,84
13134,138
13134,295
13134,327
13134,337
13134,537
13134,562
13134,595
13134,741
13135,613
13135,921
13135,944
13136,725
13136,986
13137,77
13137,116
13137,125
13137,387
13137,729
13137,814
13137,851
13138,477
13138,725
13138,986
13139,77
13139,116
13139,125
13139,387
13139,729
13139,814
13139,851
13140,33
13140,60
13140,438
13140,462
13140,762
13140,833
13141,84
13141,138
13141,327
13141,337
13141,537
13141,562
13141,595
13141,741
13142,84
13142,327
13142,337
13142,537
13142,562
13142,595
13142,741
13143,60
13143,163
13143,453
13143,569
13143,595
13143,790
13143,875
13143,925
13144,60
13144,163
13144,235
13144,595
13144,762
13144,925
13145,33
13145,60
13146,208
13146,222
13146,851
13147,32
13147,57
13147,79
13147,106
13147,204
13147,319
13147,325
13147,503
13147,725
13147,899
13148,725
13149,725
13150,725
13151,729
13151,814
13151,851
13152,151
13152,316
13152,807
13152,814
13152,858
13153,184
13153,256
13153,293
13153,515
13153,613
13153,650
13153,667
13153,718
13154,184
13154,613
13154,667
13154,718
13155,52
13155,220
13155,552
13155,725
13156,87
13156,171
13156,337
13156,595
13156,645
13156,685
13156,958
13157,60
13157,87
13157,163
13157,299
13157,595
13157,751
13157,958
13158,60
13158,163
13158,453
13158,569
13158,595
13158,790
13158,875
13158,970
13159,60
13159,242
13159,299
13159,718
13159,723
13160,32
13160,98
13160,503
13160,533
13160,725
13160,820
13160,920
13161,184
13161,613
13161,667
13161,718
13162,184
13162,613
13162,667
13162,718
13163,32
13163,98
13163,503
13163,533
13163,725
13163,820
13163,920
13164,14
13164,141
13164,169
13164,315
13164,787
13164,980
13165,36
13165,337
13165,562
13165,665
13165,692
13165,817
13165,929
13165,960
13166,32
13166,57
13166,62
13166,79
13166,503
13166,780
13167,32
13167,57
13167,62
13167,79
13167,319
13167,503
13167,780
13168,32
13168,37
13168,62
13168,106
13168,480
13168,503
13168,774
13168,780
13168,899
13169,190
13170,184
13170,613
13170,718
13171,184
13171,613
13171,718
13172,184
13172,613
13172,718
13173,184
13173,613
13173,718
13174,184
13174,613
13174,718
13175,32
13175,98
13175,503
13175,533
13175,780
13175,920
13175,983
13176,69
13176,741
13176,774
13177,32
13177,98
13177,503
13177,533
13177,780
13177,894
13177,920
13178,474
13178,533
13178,774
13178,794
13179,184
13179,293
13179,613
13179,650
13180,77
13180,116
13180,379
13180,670
13181,53
13181,337
13181,741
13181,774
13182,30
13182,530
13182,538
13182,674
13182,718
13182,791
13182,897
13182,912
13183,30
13183,243
13183,246
13183,457
13183,646
13183,655
13183,750
13183,858
13183,897
13183,912
13184,30
13184,243
13184,246
13184,457
13184,646
13184,655
13184,750
13184,858
13184,897
13184,912
13185,186
13185,415
13185,603
13185,774
13185,877
13186,60
13186,774
13186,877
13186,926
13187,133
13187,474
13187,533
13187,741
13187,774
13187,983
13188,2
13188,182
13188,195
13188,418
13188,437
13188,613
13188,983
13189,32
13189,474
13189,503
13189,533
13189,774
13190,184
13190,613
13191,60
13191,234
13191,418
13191,790
13191,876
13192,32
13192,62
13192,204
13193,32
13193,62
13193,204
13194,32
13194,62
13194,204
13195,32
13195,62
13195,204
13196,32
13196,62
13196,204
13197,32
13197,62
13197,204
13197,503
13197,780
13198,613
13198,842
13199,263
13199,474
13199,533
13199,665
13199,741
13199,827
13199,983
13200,1
13200,68
13200,333
13200,335
13200,356
13200,390
13200,450
13200,613
13200,642
13200,788
13200,814
13200,836
13200,901
13200,940
13201,1
13201,25
13201,68
13201,333
13201,335
13201,356
13201,390
13201,450
13201,531
13201,613
13201,642
13201,788
13201,814
13201,836
13201,901
13201,940
13202,1
13202,68
13202,333
13202,335
13202,356
13202,390
13202,450
13202,613
13202,642
13202,788
13202,814
13202,836
13202,901
13202,940
13203,236
13203,533
13203,780
13203,920
13204,236
13204,533
13204,780
13204,920
13205,236
13205,533
13205,780
13205,920
13206,552
13206,613
13206,670
13206,780
13206,911
13207,182
13207,195
13207,348
13207,418
13207,437
13208,23
13208,32
13208,204
13208,258
13208,319
13208,503
13208,780
13209,42
13209,213
13209,373
13209,379
13209,436
13209,531
13209,591
13209,670
13209,710
13209,729
13209,732
13209,814
13209,858
13209,901
13210,337
13210,687
13210,780
13210,986
13211,45
13211,55
13211,315
13211,526
13211,795
13211,959
13211,983
13212,30
13212,125
13212,613
13212,729
13212,814
13212,851
13212,906
13212,911
13212,965
13213,220
13213,258
13213,327
13213,552
13213,725
13214,552
13214,725
13214,986
13215,552
13215,725
13216,32
13216,37
13216,47
13216,72
13216,213
13216,240
13216,260
13216,387
13216,527
13216,670
13216,750
13216,803
13216,858
13216,894
13217,222
13217,851
13218,533
13218,595
13219,96
13219,474
13219,533
13219,595
13220,552
13220,725
13220,986
13221,30
13221,729
13221,814
13221,851
13221,965
13222,665
13222,929
13223,36
13223,337
13223,665
13223,929
13224,88
13224,125
13224,489
13224,729
13224,814
13224,851
13225,30
13225,32
13225,894
13225,965
13226,32
13226,204
13226,503
13226,725
13227,725
13227,986
13228,315
13228,360
13228,526
13228,787
13228,851
13229,30
13229,227
13229,851
13229,965
13230,220
13230,552
13230,725
13230,771
13230,777
13231,552
13231,725
13231,986
13232,552
13232,725
13232,986
13233,729
13233,814
13233,851
13234,315
13234,795
13234,851
13235,11
13235,60
13235,595
13235,648
13235,790
13236,474
13236,533
13236,595
13236,827
13237,442
13237,471
13237,595
13237,683
13237,741
13238,474
13238,533
13238,595
13239,60
13239,595
13239,925
13240,70
13240,533
13240,595
13240,685
13241,474
13241,533
13241,595
13242,360
13242,474
13242,533
13242,595
13242,661
13242,820
13242,983
13243,278
13243,315
13243,526
13243,787
13244,533
13244,595
13245,60
13245,163
13245,315
13245,453
13245,569
13245,595
13245,738
13245,790
13245,875
13246,184
13246,447
13246,613
13247,60
13247,163
13247,315
13247,453
13247,569
13247,595
13247,738
13247,790
13247,875
13248,60
13248,163
13248,235
13248,595
13248,684
13248,738
13248,776
13249,190
13250,474
13250,533
13250,595
13251,203
13251,741
13251,774
13252,2
13252,55
13252,315
13252,526
13252,613
13252,636
13252,795
13253,352
13253,354
13253,609
13253,613
13254,15
13254,30
13254,227
13254,240
13254,372
13254,457
13254,462
13254,750
13254,858
13254,912
13254,913
13255,324
13255,390
13255,541
13255,613
13255,635
13255,718
13255,788
13255,814
13256,284
13256,352
13256,354
13256,390
13256,541
13256,613
13256,635
13256,718
13257,96
13257,310
13257,337
13257,567
13257,595
13258,77
13258,82
13258,144
13258,243
13258,462
13258,535
13258,870
13259,2
13259,55
13259,315
13259,613
13259,921
13260,336
13260,352
13260,354
13260,525
13260,613
13261,30
13261,222
13261,307
13261,554
13261,655
13261,912
13262,525
13262,532
13262,613
13262,849
13263,30
13263,33
13263,50
13263,147
13263,240
13263,287
13263,314
13263,348
13263,372
13263,385
13263,389
13263,414
13263,457
13263,483
13263,498
13263,505
13263,506
13263,531
13263,656
13263,718
13263,750
13263,814
13263,831
13263,858
13263,912
13264,33
13264,77
13264,144
13264,193
13264,219
13264,348
13264,430
13264,462
13264,609
13264,718
13264,945
13265,30
13265,130
13265,227
13265,304
13265,462
13265,525
13265,609
13265,912
13266,462
13266,468
13266,469
13266,635
13266,718
13266,757
13266,788
13266,814
13267,182
13267,278
13267,315
13267,635
13267,636
13267,795
13268,182
13268,278
13268,315
13268,635
13268,636
13268,795
13269,182
13269,278
13269,315
13269,635
13269,636
13269,795
13270,278
13270,455
13270,462
13270,468
13270,635
13270,757
13270,788
13270,814
13270,836
13270,945
13271,324
13271,352
13271,354
13271,492
13271,525
13271,613
13271,985
13272,77
13272,119
13272,144
13272,462
13272,468
13272,469
13272,635
13272,718
13273,324
13273,613
13273,921
13274,390
13274,462
13274,468
13274,469
13274,502
13274,613
13274,635
13274,718
13274,945
13275,125
13275,354
13275,541
13275,635
13275,718
13275,788
13275,814
13275,817
13275,828
13276,182
13276,278
13276,315
13276,635
13276,636
13276,795
13277,182
13277,278
13277,315
13277,635
13277,636
13277,795
13278,228
13278,278
13278,354
13278,635
13278,788
13278,814
13278,828
13278,836
13279,55
13279,114
13279,182
13279,315
13279,541
13279,635
13279,636
13279,788
13279,795
13279,814
13279,949
13280,125
13280,469
13280,635
13280,718
13280,788
13280,814
13281,430
13281,462
13281,475
13281,642
13281,757
13281,814
13281,913
13282,324
13282,352
13282,354
13282,613
13282,921
13283,35
13283,55
13283,114
13283,125
13283,182
13283,315
13283,389
13283,496
13283,582
13283,609
13283,636
13283,795
13283,814
13283,949
13284,96
13284,474
13284,533
13284,595
13285,504
13285,794
13285,936
13285,942
13286,125
13286,210
13286,354
13286,431
13286,479
13286,492
13286,609
13286,632
13286,678
13286,814
13286,817
13286,828
13286,878
13286,931
13287,33
13287,160
13287,352
13287,354
13287,613
13287,718
13288,30
13288,63
13288,125
13288,227
13288,430
13288,462
13288,507
13288,531
13288,536
13288,642
13288,718
13288,757
13288,814
13288,864
13288,912
13288,913
13289,352
13289,354
13289,390
13289,469
13289,613
13289,635
13289,718
13290,30
13290,179
13290,346
13290,489
13290,694
13290,707
13290,814
13290,817
13291,356
13291,430
13291,541
13291,635
13291,642
13291,718
13291,788
13291,814
13292,2
13292,55
13292,182
13292,278
13292,315
13292,635
13292,636
13292,795
13293,77
13293,82
13293,119
13293,144
13293,462
13293,468
13293,541
13293,635
13293,718
13294,35
13294,55
13294,114
13294,125
13294,315
13294,389
13294,496
13294,525
13294,531
13294,632
13294,636
13294,781
13294,795
13294,814
13295,290
13295,297
13295,489
13295,525
13295,627
13295,693
13295,707
13295,781
13295,800
13295,814
13296,2
13296,45
13296,55
13296,182
13296,315
13296,501
13296,526
13296,613
13296,786
13296,795
13296,983
13297,30
13297,227
13297,304
13297,324
13297,462
13297,502
13297,613
13297,906
13297,913
13297,921
13297,984
13298,30
13298,63
13298,227
13298,462
13298,525
13298,656
13298,752
13298,912
13299,356
13299,430
13299,462
13299,468
13299,469
13299,635
13299,642
13299,718
13299,757
13299,781
13299,788
13299,814
13300,55
13300,182
13300,315
13300,636
13300,795
13300,949
13301,77
13301,82
13301,119
13301,144
13301,462
13301,468
13301,469
13301,635
13301,718
13301,757
13301,788
13301,814
13302,6
13302,30
13302,96
13302,125
13302,337
13302,469
13302,595
13302,635
13302,718
13302,788
13302,814
13303,30
13303,222
13303,554
13303,655
13303,912
13304,77
13304,144
13304,387
13304,462
13305,55
13305,418
13305,525
13305,653
13305,814
13306,15
13306,30
13306,55
13306,114
13306,228
13306,297
13306,315
13306,636
13306,784
13306,814
13306,915
13307,30
13307,222
13307,525
13307,554
13307,655
13307,912
13308,30
13308,147
13308,227
13308,389
13308,462
13308,468
13308,505
13308,541
13308,635
13308,718
13308,912
13308,945
13309,30
13309,227
13309,462
13309,525
13309,752
13309,912
13310,15
13310,30
13310,147
13310,240
13310,389
13310,457
13310,525
13310,629
13310,831
13310,858
13311,222
13311,541
13311,635
13311,718
13311,870
13311,893
13312,15
13312,30
13312,227
13312,462
13312,609
13312,718
13312,891
13312,912
13312,945
13313,222
13313,538
13313,718
13313,893
13314,222
13314,538
13314,718
13314,870
13314,893
13315,60
13315,245
13315,299
13315,546
13316,30
13316,63
13316,77
13316,82
13316,227
13316,387
13316,462
13316,609
13316,912
13317,30
13317,227
13317,462
13317,833
13317,912
13318,337
13318,595
13318,741
13318,925
13319,30
13319,227
13319,340
13319,462
13319,833
13319,912
13320,77
13320,82
13320,144
13320,387
13320,462
13320,525
13320,757
13320,814
13321,15
13321,30
13321,137
13321,139
13321,240
13321,287
13321,372
13321,457
13321,525
13321,554
13321,750
13321,805
13321,858
13321,912
13322,15
13322,30
13322,231
13322,457
13322,525
13322,554
13322,817
13322,858
13323,15
13323,30
13323,137
13323,139
13323,231
13323,240
13323,457
13323,525
13323,554
13323,629
13323,752
13323,858
13324,324
13324,462
13324,502
13324,525
13324,613
13325,352
13325,354
13325,613
13326,146
13326,337
13326,573
13326,595
13327,471
13327,595
13327,683
13327,741
13327,960
13328,77
13328,82
13328,144
13328,243
13328,280
13328,387
13328,462
13328,531
13329,2
13329,418
13329,525
13329,613
13329,626
13329,710
13329,928
13329,946
13330,67
13330,131
13330,324
13330,352
13330,354
13330,525
13330,613
13330,850
13330,984
13331,236
13331,453
13331,533
13331,595
13331,683
13331,685
13331,741
13332,125
13332,462
13332,525
13332,531
13332,757
13332,814
13332,817
13332,945
13333,77
13333,82
13333,222
13333,262
13333,893
13334,77
13334,240
13334,385
13334,525
13334,750
13334,814
13334,858
13335,573
13335,595
13335,741
13336,77
13336,82
13336,144
13336,262
13336,387
13336,462
13336,757
13336,814
13337,30
13337,307
13337,313
13337,457
13337,538
13337,718
13337,858
13338,30
13338,88
13338,125
13338,489
13338,531
13338,784
13338,814
13339,471
13339,595
13339,683
13339,741
13340,125
13340,352
13340,354
13340,609
13340,613
13340,814
13340,828
13341,30
13341,912
13342,125
13342,334
13342,638
13342,814
13343,77
13343,82
13343,108
13343,125
13343,338
13343,525
13343,531
13343,619
13343,814
13343,931
13344,30
13344,227
13344,462
13344,525
13344,912
13345,30
13345,806
13345,912
13346,471
13346,595
13346,683
13346,741
13347,33
13347,77
13347,144
13347,387
13347,462
13348,77
13348,82
13348,144
13348,222
13348,387
13348,531
13348,535
13348,862
13349,216
13349,525
13349,613
13349,928
13350,30
13350,231
13350,457
13350,629
13350,858
13350,912
13351,352
13351,379
13351,492
13351,525
13351,613
13352,2
13352,35
13352,315
13352,531
13352,613
13352,795
13352,949
13353,77
13353,81
13353,222
13353,262
13353,893
13354,352
13354,354
13354,492
13354,525
13354,613
13354,814
13354,828
13355,30
13355,227
13355,352
13355,354
13355,462
13355,492
13355,502
13355,525
13355,613
13355,752
13355,849
13355,906
13356,222
13356,538
13356,718
13357,30
13357,130
13357,227
13357,240
13357,304
13357,457
13357,462
13357,502
13357,525
13357,613
13357,752
13357,805
13357,858
13357,906
13358,88
13358,430
13358,489
13358,506
13358,642
13358,693
13358,814
13359,2
13359,182
13359,315
13359,613
13359,795
13359,983
13360,25
13360,324
13360,525
13360,613
13361,15
13361,30
13361,111
13361,227
13361,457
13361,462
13361,750
13361,752
13361,858
13361,912
13362,573
13362,595
13362,741
13363,35
13363,55
13363,182
13363,315
13363,525
13363,531
13363,949
13364,77
13364,82
13364,144
13364,462
13364,757
13364,814
13365,35
13365,315
13365,787
13366,35
13366,315
13366,787
13367,284
13367,352
13367,354
13367,492
13367,613
13368,190
13369,352
13369,354
13369,411
13369,613
13369,677
13369,718
13369,891
13370,125
13370,430
13370,531
13370,642
13370,814
13371,55
13371,182
13371,315
13371,795
13372,35
13372,55
13372,315
13372,531
13372,795
13372,949
13373,613
13373,638
13373,898
13374,77
13374,82
13374,222
13374,262
13374,387
13374,531
13374,535
13374,821
13374,826
13374,893
13375,222
13375,280
13375,525
13375,893
13376,30
13376,37
13376,72
13376,106
13376,325
13376,457
13376,656
13376,670
13376,858
13376,863
13377,25
13377,462
13377,502
13377,613
13377,628
13378,15
13378,30
13378,88
13378,525
13378,554
13378,749
13378,752
13379,30
13379,457
13379,750
13379,858
13379,912
13380,222
13380,893
13380,902
13381,15
13381,30
13381,231
13381,307
13381,457
13381,498
13381,525
13381,554
13381,629
13381,858
13382,30
13382,83
13382,227
13382,313
13382,462
13382,538
13382,718
13382,791
13382,912
13382,915
13382,945
13383,30
13383,227
13383,240
13383,457
13383,462
13383,502
13383,525
13383,613
13383,805
13383,858
13383,906
13384,77
13384,222
13384,262
13384,893
13385,15
13385,30
13385,55
13385,182
13385,231
13385,315
13385,457
13385,525
13385,554
13385,609
13385,752
13385,795
13385,858
13385,949
13386,30
13386,227
13386,324
13386,462
13386,502
13386,613
13386,906
13387,30
13387,125
13387,194
13387,210
13387,290
13387,466
13387,489
13387,554
13387,609
13387,752
13387,814
13387,903
13388,30
13388,227
13388,462
13388,502
13388,613
13388,628
13388,656
13388,752
13388,906
13388,912
13389,30
13389,227
13389,462
13389,502
13389,613
13389,628
13389,752
13389,906
13390,60
13390,245
13390,546
13391,109
13391,197
13391,293
13391,352
13391,354
13391,613
13391,718
13391,968
13392,77
13392,125
13392,185
13392,314
13392,333
13392,814
13393,430
13393,606
13393,642
13393,718
13393,814
13393,817
13394,288
13394,354
13394,430
13394,642
13394,814
13394,828
13395,30
13395,525
13395,749
13395,752
13395,912
13396,757
13396,814
13397,30
13397,227
13397,862
13397,912
13398,174
13398,210
13398,290
13398,489
13398,606
13398,693
13398,707
13398,718
13398,814
13398,891
13399,197
13399,354
13399,626
13399,643
13399,718
13400,21
13400,24
13400,77
13400,286
13400,454
13400,718
13401,314
13401,489
13401,536
13401,606
13401,718
13401,757
13401,814
13402,33
13402,77
13402,125
13402,219
13402,262
13402,333
13402,385
13402,430
13402,642
13402,750
13402,805
13402,814
13402,858
13403,30
13403,130
13403,227
13403,304
13403,462
13403,525
13403,628
13403,656
13403,912
13404,33
13404,60
13404,245
13404,272
13404,326
13404,627
13404,876
13405,352
13405,354
13405,492
13405,525
13405,613
13405,814
13405,828
13406,30
13406,137
13406,372
13406,457
13406,525
13406,554
13406,858
13407,324
13407,613
13407,921
13408,30
13408,227
13408,475
13408,862
13408,912
13409,197
13409,293
13409,352
13409,354
13409,613
13409,643
13409,718
13410,77
13410,82
13410,144
13410,462
13411,30
13411,55
13411,182
13411,315
13411,627
13411,636
13411,795
13411,912
13412,30
13412,206
13412,240
13412,287
13412,372
13412,387
13412,457
13412,531
13412,656
13412,750
13412,858
13412,912
13413,30
13413,297
13413,627
13413,814
13414,222
13414,900
13415,2
13415,231
13415,315
13415,525
13415,613
13415,858
13415,921
13415,949
13416,35
13416,125
13416,228
13416,531
13416,613
13416,636
13416,710
13416,814
13417,77
13417,82
13417,286
13418,352
13418,354
13418,613
13419,15
13419,30
13419,240
13419,457
13419,609
13419,750
13419,858
13419,912
13420,30
13420,125
13420,554
13420,752
13420,814
13420,989
13421,30
13421,227
13421,613
13421,906
13422,2
13422,35
13422,55
13422,315
13422,526
13422,613
13422,636
13422,795
13422,983
13423,30
13423,131
13423,352
13423,354
13423,525
13423,613
13423,806
13423,906
13424,133
13424,151
13424,595
13424,741
13425,536
13425,606
13425,718
13425,814
13425,864
13426,288
13426,354
13426,430
13426,606
13426,642
13426,718
13426,814
13426,828
13426,891
13427,2
13427,35
13427,55
13427,315
13427,613
13427,636
13427,795
13428,77
13428,82
13428,144
13428,462
13429,352
13429,354
13429,492
13429,613
13430,131
13430,354
13430,387
13430,536
13430,606
13430,718
13430,814
13430,828
13431,30
13431,63
13431,227
13431,656
13431,757
13431,814
13431,862
13431,912
13432,33
13432,352
13432,354
13432,475
13432,613
13433,30
13433,372
13433,426
13433,457
13433,718
13433,750
13433,791
13433,858
13433,891
13433,912
13434,30
13434,531
13434,554
13434,613
13434,814
13435,354
13435,536
13435,606
13435,718
13435,814
13435,828
13436,30
13436,231
13436,426
13436,457
13436,531
13436,554
13436,718
13436,791
13436,858
13436,891
13437,30
13437,231
13437,307
13437,457
13437,554
13437,656
13437,718
13437,858
13437,912
13438,2
13438,55
13438,315
13438,352
13438,354
13438,492
13438,613
13438,636
13438,921
13439,197
13439,293
13439,352
13439,354
13439,613
13439,626
13439,643
13439,718
13440,352
13440,354
13440,492
13440,611
13440,613
13441,159
13441,474
13441,533
13441,595
13441,827
13442,25
13442,352
13442,354
13442,492
13442,613
13442,839
13443,352
13443,354
13443,613
13443,781
13444,525
13444,546
13444,755
13444,876
13445,30
13445,457
13445,750
13445,858
13445,912
13446,30
13446,227
13446,613
13446,906
13447,222
13447,280
13447,387
13447,870
13447,893
13448,197
13448,354
13448,506
13448,606
13448,643
13448,718
13448,814
13448,828
13449,222
13449,276
13449,525
13449,640
13449,902
13450,1
13450,430
13450,506
13450,613
13450,642
13450,814
13451,49
13451,146
13451,186
13451,380
13451,595
13451,685
13452,30
13452,227
13452,313
13452,444
13452,462
13452,718
13452,752
13452,778
13452,791
13452,912
13452,915
13452,945
13453,197
13453,293
13453,352
13453,354
13453,613
13453,626
13453,643
13453,718
13454,5
13454,77
13454,125
13454,144
13454,304
13454,333
13454,387
13454,462
13454,525
13454,531
13454,566
13454,615
13454,659
13454,757
13454,773
13454,814
13455,33
13455,88
13455,125
13455,131
13455,210
13455,267
13455,333
13455,354
13455,414
13455,466
13455,486
13455,531
13455,718
13455,814
13455,817
13455,828
13456,32
13456,37
13456,47
13456,146
13456,204
13456,260
13456,503
13456,595
13456,780
13456,803
13456,894
13457,30
13457,525
13457,609
13457,656
13457,749
13457,912
13458,15
13458,30
13458,130
13458,206
13458,227
13458,304
13458,462
13458,525
13458,609
13458,659
13458,757
13458,814
13458,912
13458,945
13459,77
13459,144
13459,222
13459,276
13459,387
13459,525
13459,862
13460,30
13460,466
13460,912
13460,915
13461,509
13461,626
13461,781
13461,814
13461,878
13461,903
13461,928
13461,931
13462,290
13462,430
13462,462
13462,489
13462,506
13462,525
13462,642
13462,693
13462,757
13462,814
13463,35
13463,126
13463,182
13463,315
13463,636
13463,795
13463,949
13464,525
13464,613
13465,352
13465,354
13465,492
13465,525
13465,613
13466,125
13466,228
13466,333
13466,336
13466,354
13466,506
13466,814
13466,828
13467,337
13467,449
13467,471
13467,595
13467,741
13468,1
13468,242
13468,293
13468,324
13468,430
13468,613
13468,718
13469,141
13469,151
13469,256
13469,408
13469,606
13469,718
13469,814
13469,823
13469,973
13470,186
13470,471
13470,595
13470,741
13471,30
13471,125
13471,525
13471,531
13471,615
13471,749
13471,781
13471,814
13472,125
13472,290
13472,333
13472,354
13472,489
13472,492
13472,506
13472,609
13472,814
13472,828
13473,125
13473,288
13473,297
13473,354
13473,430
13473,531
13473,606
13473,627
13473,642
13473,718
13473,814
13473,828
13473,891
13474,462
13474,502
13474,525
13474,613
13474,628
13475,23
13475,32
13475,62
13475,177
13475,204
13475,291
13475,319
13475,503
13475,578
13475,774
13476,30
13476,227
13476,462
13476,757
13476,814
13477,125
13477,333
13477,525
13477,531
13477,814
13478,222
13478,307
13478,655
13478,893
13479,15
13479,30
13479,63
13479,227
13479,290
13479,862
13479,912
13480,228
13480,354
13480,492
13480,525
13480,710
13480,814
13480,828
13480,895
13481,25
13481,216
13481,324
13481,525
13481,613
13481,984
13482,315
13482,526
13482,795
13483,197
13483,354
13483,606
13483,718
13483,814
13483,828
13484,15
13484,30
13484,240
13484,372
13484,457
13484,609
13484,627
13484,750
13484,858
13484,912
13485,35
13485,55
13485,182
13485,315
13485,609
13485,636
13485,795
13485,949
13486,55
13486,315
13486,330
13486,525
13486,609
13486,949
13487,474
13487,533
13487,595
13487,741
13488,77
13488,144
13488,862
13489,354
13489,416
13489,492
13489,814
13489,828
13490,30
13490,231
13490,457
13490,656
13490,858
13490,912
13491,216
13491,525
13491,613
13491,805
13491,858
13492,157
13492,337
13492,562
13492,595
13492,764
13492,925
13493,2
13493,35
13493,55
13493,315
13493,526
13493,531
13493,613
13493,795
13493,949
13493,983
13493,984
13494,77
13494,262
13494,525
13494,750
13494,858
13495,186
13495,471
13495,595
13495,741
13496,33
13496,77
13496,219
13496,262
13496,430
13497,2
13497,55
13497,315
13497,336
13497,611
13497,613
13497,636
13497,795
13497,946
13498,15
13498,30
13498,240
13498,457
13498,554
13498,613
13498,858
13499,430
13499,642
13499,757
13499,814
13499,862
13500,352
13500,354
13500,531
13500,611
13500,613
13501,2
13501,35
13501,45
13501,55
13501,182
13501,315
13501,525
13501,526
13501,609
13501,613
13501,795
13502,30
13502,324
13502,613
13502,906
13502,921
13503,2
13503,315
13503,526
13503,613
13503,795
13504,1
13504,25
13504,430
13504,613
13504,642
13504,814
13505,1
13505,430
13505,613
13505,642
13505,814
13506,30
13506,227
13506,912
13507,88
13507,125
13507,164
13507,297
13507,489
13507,525
13507,531
13507,627
13507,814
13508,77
13508,125
13508,228
13508,231
13508,262
13508,333
13508,354
13508,492
13508,525
13508,609
13508,814
13508,828
13508,858
13509,250
13509,354
13509,492
13509,626
13509,698
13509,731
13509,814
13509,828
13509,928
13510,88
13510,489
13510,606
13510,707
13510,718
13510,814
13510,817
13510,953
13511,1
13511,430
13511,613
13511,781
13512,30
13512,227
13512,462
13512,502
13512,525
13512,613
13512,849
13512,906
13513,532
13513,613
13513,627
13513,710
13513,946
13514,30
13514,227
13514,457
13514,462
13514,629
13514,750
13514,752
13514,858
13514,912
13515,15
13515,30
13515,222
13515,372
13515,457
13515,750
13515,858
13515,900
13515,902
13515,912
13515,935
13516,2
13516,55
13516,112
13516,141
13516,216
13516,315
13516,408
13516,613
13516,636
13516,795
13517,2
13517,33
13517,45
13517,55
13517,114
13517,182
13517,315
13517,318
13517,348
13517,526
13517,613
13517,795
13517,814
13517,834
13518,15
13518,30
13518,231
13518,457
13518,858
13518,912
13519,2
13519,297
13519,315
13519,526
13519,532
13519,582
13519,613
13519,627
13519,652
13519,795
13519,814
13519,983
13520,474
13520,533
13520,595
13520,683
13521,30
13521,137
13521,457
13521,525
13521,531
13521,554
13521,656
13521,858
13522,352
13522,354
13522,492
13522,609
13522,611
13522,613
13523,2
13523,55
13523,315
13523,613
13523,636
13524,30
13524,131
13524,227
13524,352
13524,354
13524,613
13524,906
13525,25
13525,112
13525,151
13525,216
13525,324
13525,613
13525,626
13525,826
13525,928
13526,77
13526,185
13526,254
13526,290
13526,314
13526,489
13526,525
13526,814
13527,125
13527,131
13527,333
13527,352
13527,354
13527,416
13527,531
13527,613
13527,814
13527,828
13528,324
13528,525
13528,613
13528,921
13528,984
13529,30
13529,240
13529,457
13529,629
13529,656
13529,858
13530,216
13530,243
13530,246
13530,324
13530,400
13530,613
13530,984
13531,15
13531,30
13531,63
13531,130
13531,227
13531,304
13531,462
13531,525
13531,627
13531,752
13531,912
13532,15
13532,30
13532,63
13532,130
13532,227
13532,304
13532,462
13532,627
13532,752
13532,912
13533,15
13533,30
13533,137
13533,240
13533,457
13533,525
13533,554
13533,750
13533,752
13533,805
13533,858
13533,912
13534,293
13534,613
13534,718
13534,839
13534,891
13535,222
13535,276
13535,322
13535,525
13535,640
13535,893
13536,15
13536,30
13536,231
13536,307
13536,457
13536,525
13536,554
13536,752
13536,858
13536,912
13537,15
13537,30
13537,137
13537,457
13537,525
13537,554
13537,629
13537,858
13538,30
13538,227
13538,457
13538,502
13538,613
13538,752
13538,805
13538,858
13538,862
13538,906
13539,25
13539,30
13539,227
13539,324
13539,502
13539,613
13539,628
13539,862
13539,906
13539,984
13540,30
13540,109
13540,197
13540,227
13540,462
13540,626
13540,656
13540,718
13540,791
13540,912
13540,968
13541,30
13541,130
13541,227
13541,304
13541,462
13541,488
13541,525
13541,912
13541,945
13542,352
13542,354
13542,492
13542,525
13542,613
13543,11
13543,60
13543,235
13543,323
13543,546
13543,595
13543,683
13543,776
13543,790
13543,934
13544,2
13544,45
13544,55
13544,182
13544,315
13544,525
13544,526
13544,613
13544,636
13544,795
13544,983
13545,30
13545,63
13545,206
13545,227
13545,525
13545,862
13545,912
13546,15
13546,30
13546,63
13546,130
13546,227
13546,304
13546,462
13546,752
13546,912
13546,945
13547,525
13547,531
13547,613
13547,849
13548,30
13548,137
13548,457
13548,554
13548,805
13548,858
13549,30
13549,227
13549,462
13549,502
13549,613
13549,628
13549,656
13549,752
13549,906
13549,912
13550,30
13550,227
13550,912
13551,125
13551,210
13551,290
13551,489
13551,506
13551,525
13551,609
13551,693
13551,707
13551,814
13551,817
13552,30
13552,197
13552,227
13552,293
13552,475
13552,502
13552,606
13552,613
13552,718
13552,757
13552,791
13552,814
13552,815
13552,862
13552,906
13553,77
13553,82
13553,144
13553,387
13553,525
13553,862
13554,24
13554,125
13554,333
13554,430
13554,462
13554,506
13554,606
13554,609
13554,642
13554,718
13554,757
13554,814
13554,852
13555,190
13556,21
13556,77
13556,82
13556,109
13556,144
13556,200
13556,206
13556,217
13556,262
13556,387
13556,606
13556,626
13556,718
13556,757
13556,814
13557,30
13557,115
13557,313
13557,718
13557,791
13557,912
13558,25
13558,216
13558,525
13558,609
13558,613
13558,847
13558,858
13559,222
13559,276
13559,893
13560,30
13560,222
13560,307
13560,457
13560,559
13560,655
13560,656
13560,750
13560,805
13560,858
13560,912
13560,935
13561,30
13561,109
13561,130
13561,200
13561,217
13561,227
13561,304
13561,626
13561,659
13561,718
13561,757
13561,791
13561,814
13561,862
13561,945
13562,30
13562,130
13562,227
13562,304
13562,462
13562,525
13562,912
13563,134
13563,350
13563,453
13563,474
13563,533
13563,595
13564,30
13564,77
13564,144
13564,227
13564,462
13564,628
13564,757
13564,814
13564,912
13565,1
13565,88
13565,198
13565,430
13565,489
13565,613
13565,638
13565,642
13565,693
13565,698
13565,781
13565,814
13565,928
13566,314
13566,430
13566,600
13566,814
13567,109
13567,197
13567,314
13567,606
13567,693
13567,718
13567,814
13567,968
13568,88
13568,489
13568,506
13568,707
13568,814
13569,77
13569,222
13569,401
13569,750
13569,858
13569,900
13569,935
13570,25
13570,30
13570,109
13570,197
13570,293
13570,613
13570,718
13570,791
13570,906
13570,968
13571,60
13571,299
13571,638
13571,751
13572,17
13572,30
13572,200
13572,227
13572,426
13572,457
13572,629
13572,653
13572,656
13572,718
13572,791
13572,858
13573,30
13573,82
13573,125
13573,144
13573,227
13573,333
13573,338
13573,462
13573,525
13573,527
13573,609
13573,757
13573,760
13573,814
13573,878
13573,912
13573,931
13574,21
13574,77
13574,222
13574,242
13574,280
13574,531
13574,568
13574,571
13574,718
13574,773
13575,125
13575,430
13575,606
13575,642
13575,718
13575,814
13576,282
13576,354
13576,401
13576,589
13576,781
13576,814
13576,825
13576,828
13577,197
13577,293
13577,352
13577,354
13577,613
13577,626
13577,718
13577,868
13578,77
13578,82
13578,219
13578,286
13578,430
13578,642
13578,814
13579,125
13579,333
13579,525
13579,531
13579,693
13579,814
13580,109
13580,197
13580,284
13580,293
13580,352
13580,354
13580,613
13580,626
13580,718
13580,968
13581,25
13581,184
13581,201
13581,613
13582,539
13582,757
13582,814
13583,354
13583,492
13583,781
13583,814
13583,828
13584,30
13584,222
13584,231
13584,278
13584,307
13584,426
13584,457
13584,635
13584,655
13584,718
13584,791
13584,858
13584,870
13585,21
13585,77
13585,82
13585,115
13585,144
13585,387
13585,718
13586,11
13586,60
13586,299
13586,595
13586,877
13587,30
13587,109
13587,197
13587,293
13587,613
13587,626
13587,718
13587,791
13587,906
13587,968
13588,25
13588,33
13588,184
13588,198
13588,318
13588,579
13588,613
13588,928
13588,952
13589,88
13589,148
13589,297
13589,489
13589,506
13589,627
13589,707
13589,814
13590,256
13590,282
13590,354
13590,589
13590,606
13590,718
13590,814
13590,825
13590,828
13590,963
13590,980
13591,190
13592,109
13592,197
13592,293
13592,352
13592,354
13592,613
13592,626
13592,718
13592,731
13592,968
13593,88
13593,489
13593,693
13593,757
13593,814
13594,200
13594,217
13594,304
13594,613
13594,904
13594,921
13595,77
13595,82
13595,219
13595,430
13596,21
13596,25
13596,77
13596,109
13596,144
13596,197
13596,293
13596,462
13596,502
13596,613
13596,628
13596,718
13596,968
13597,30
13597,137
13597,457
13597,554
13597,805
13597,858
13598,115
13598,293
13598,606
13598,613
13598,718
13598,814
13599,506
13599,539
13599,693
13599,757
13599,814
13600,60
13600,235
13600,245
13600,299
13600,876
13601,24
13601,814
13601,852
13602,1
13602,430
13602,613
13603,1
13603,288
13603,352
13603,354
13603,430
13603,613
13603,642
13603,814
13603,828
13604,84
13604,289
13604,537
13604,562
13605,77
13605,125
13605,144
13605,333
13605,387
13605,525
13605,531
13605,539
13605,757
13605,814
13605,862
13606,30
13606,227
13606,313
13606,426
13606,457
13606,629
13606,674
13606,718
13606,791
13606,847
13606,858
13606,915
13607,1
13607,25
13607,33
13607,125
13607,333
13607,430
13607,613
13607,642
13607,814
13608,125
13608,314
13608,489
13608,606
13608,635
13608,707
13608,718
13608,814
13609,30
13609,115
13609,227
13609,293
13609,313
13609,613
13609,718
13609,791
13609,906
13610,814
13611,77
13611,254
13611,781
13612,30
13612,227
13612,375
13612,912
13613,222
13613,276
13613,387
13613,893
13614,293
13614,352
13614,354
13614,492
13614,606
13614,613
13614,718
13614,814
13614,828
13614,851
13615,606
13615,718
13615,814
13615,851
13616,30
13616,112
13616,125
13616,293
13616,313
13616,387
13616,530
13616,606
13616,609
13616,613
13616,674
13616,718
13616,781
13616,791
13616,814
13616,906
13617,77
13618,222
13618,821
13618,870
13618,893
13619,354
13619,525
13619,814
13619,828
13620,190
13621,25
13621,184
13621,613
13621,620
13622,29
13622,282
13622,288
13622,354
13622,416
13622,430
13622,446
13622,642
13622,705
13622,814
13622,825
13622,828
13623,354
13623,431
13623,492
13623,506
13623,536
13623,606
13623,718
13623,781
13623,814
13623,828
13623,878
13623,931
13624,256
13624,606
13624,693
13624,718
13624,757
13624,814
13624,862
13625,190
13626,30
13626,115
13626,313
13626,718
13626,791
13626,806
13626,912
13627,184
13627,515
13627,613
13627,690
13628,25
13628,30
13628,525
13628,554
13628,613
13628,906
13629,430
13629,606
13629,642
13629,718
13629,814
13629,953
13630,109
13630,197
13630,293
13630,352
13630,354
13630,606
13630,613
13630,718
13630,814
13630,828
13630,968
13631,2
13631,55
13631,315
13631,609
13631,613
13631,921
13632,33
13632,267
13632,318
13632,352
13632,354
13632,532
13632,613
13632,627
13633,30
13633,313
13633,444
13633,551
13633,718
13633,778
13633,791
13633,814
13633,915
13634,293
13634,352
13634,354
13634,613
13634,718
13634,891
13635,109
13635,197
13635,354
13635,606
13635,698
13635,718
13635,814
13635,828
13635,968
13636,21
13636,77
13636,144
13636,173
13636,219
13636,286
13636,387
13636,430
13636,718
13636,825
13636,862
13636,891
13637,109
13637,200
13637,217
13637,293
13637,352
13637,354
13637,613
13637,626
13637,718
13637,850
13638,430
13638,642
13638,814
13639,21
13639,77
13639,115
13639,144
13639,718
13640,30
13640,109
13640,131
13640,200
13640,217
13640,227
13640,293
13640,352
13640,354
13640,502
13640,613
13640,626
13640,718
13640,791
13640,862
13640,906
13640,945
13641,88
13641,125
13641,200
13641,217
13641,304
13641,314
13641,333
13641,489
13641,531
13641,606
13641,659
13641,718
13641,757
13641,781
13641,814
13641,862
13642,30
13642,115
13642,227
13642,313
13642,718
13642,791
13642,912
13643,354
13643,492
13643,606
13643,674
13643,718
13643,814
13643,828
13644,30
13644,115
13644,313
13644,718
13644,791
13644,806
13644,912
13645,25
13645,184
13645,201
13645,515
13645,613
13646,8
13646,77
13646,82
13646,219
13646,222
13646,262
13646,430
13646,535
13646,638
13646,821
13646,893
13647,401
13647,430
13647,642
13647,814
13648,109
13648,200
13648,217
13648,606
13648,698
13648,718
13648,814
13649,109
13649,197
13649,217
13649,293
13649,352
13649,354
13649,613
13649,626
13649,718
13649,731
13649,928
13650,109
13650,197
13650,293
13650,352
13650,354
13650,492
13650,606
13650,613
13650,718
13650,814
13650,828
13650,968
13651,30
13651,227
13651,313
13651,322
13651,718
13651,791
13651,851
13651,912
13652,33
13652,77
13652,222
13652,262
13652,893
13653,84
13653,289
13653,537
13653,562
13654,1
13654,288
13654,352
13654,354
13654,430
13654,613
13654,642
13654,814
13654,828
13655,21
13655,77
13655,144
13655,354
13655,606
13655,674
13655,718
13655,757
13655,814
13655,828
13655,945
13656,306
13656,446
13656,456
13656,606
13656,635
13656,705
13656,718
13656,793
13656,814
13656,928
13656,961
13657,60
13657,635
13657,718
13657,723
13658,30
13658,109
13658,197
13658,293
13658,352
13658,354
13658,613
13658,791
13658,906
13658,910
13658,921
13658,932
13658,968
13658,984
13659,293
13659,352
13659,354
13659,613
13659,718
13659,891
13660,60
13660,160
13660,226
13660,245
13661,222
13661,276
13661,280
13661,401
13661,870
13662,354
13662,416
13662,606
13662,718
13662,814
13662,828
13662,953
13663,165
13663,503
13663,529
13663,802
13663,863
13664,88
13664,489
13664,506
13664,693
13664,707
13664,757
13664,814
13665,55
13665,182
13665,315
13665,444
13665,636
13666,30
13666,293
13666,313
13666,530
13666,554
13666,613
13666,674
13666,718
13666,791
13666,806
13666,906
13666,912
13666,915
13667,2
13667,55
13667,109
13667,197
13667,293
13667,315
13667,352
13667,354
13667,613
13667,626
13667,718
13667,968
13668,109
13668,197
13668,293
13668,352
13668,354
13668,606
13668,613
13668,718
13668,814
13668,828
13668,968
13669,321
13669,354
13669,431
13669,492
13669,509
13669,626
13669,718
13669,878
13669,891
13669,928
13670,77
13670,219
13670,430
13670,642
13670,814
13671,88
13671,489
13671,615
13671,707
13671,781
13671,814
13672,30
13672,554
13672,613
13672,906
13672,984
13673,30
13673,290
13673,313
13673,489
13673,530
13673,554
13673,606
13673,674
13673,707
13673,718
13673,781
13673,791
13673,814
13673,915
13674,125
13674,489
13674,606
13674,707
13674,718
13674,814
13674,891
13675,6
13675,54
13675,289
13675,310
13675,313
13675,567
13675,595
13675,741
13676,30
13676,313
13676,530
13676,554
13676,674
13676,718
13676,791
13676,915
13677,109
13677,197
13677,506
13677,606
13677,718
13677,814
13677,968
13678,2
13678,55
13678,315
13678,352
13678,354
13678,369
13678,431
13678,509
13678,604
13678,613
13678,626
13678,636
13678,795
13678,878
13678,928
13679,60
13679,245
13679,256
13679,299
13679,718
13679,723
13680,282
13680,430
13680,606
13680,642
13680,718
13680,814
13680,825
13681,30
13681,137
13681,151
13681,313
13681,426
13681,457
13681,554
13681,609
13681,718
13681,736
13681,791
13681,805
13681,858
13682,322
13682,324
13682,525
13682,574
13682,613
13682,849
13682,850
13682,910
13682,928
13682,952
13683,157
13683,171
13683,337
13683,453
13683,595
13683,683
13683,712
13683,764
13683,777
13684,30
13684,222
13684,240
13684,457
13684,525
13684,609
13684,656
13684,750
13684,752
13684,844
13684,858
13684,900
13684,912
13685,310
13685,337
13685,567
13685,573
13685,595
13686,506
13686,814
13687,21
13687,77
13687,115
13687,144
13687,718
13688,33
13688,125
13688,354
13688,632
13688,781
13688,814
13688,828
13689,442
13689,471
13689,595
13689,683
13689,741
13690,282
13690,288
13690,354
13690,430
13690,589
13690,642
13690,698
13690,781
13690,814
13690,825
13690,828
13691,293
13691,371
13691,606
13691,613
13691,718
13691,814
13692,77
13692,144
13692,757
13692,814
13693,125
13693,288
13693,354
13693,430
13693,536
13693,606
13693,615
13693,642
13693,718
13693,814
13693,828
13694,134
13694,533
13694,595
13694,745
13695,46
13695,71
13695,337
13695,562
13695,595
13695,782
13696,354
13696,536
13696,606
13696,718
13696,814
13696,828
13697,190
13698,21
13698,77
13698,82
13698,115
13698,144
13698,718
13699,68
13699,354
13699,606
13699,615
13699,718
13699,814
13699,828
13699,891
13699,903
13700,68
13700,340
13700,506
13700,613
13700,814
13701,30
13701,457
13701,749
13701,858
13702,88
13702,125
13702,489
13702,506
13702,531
13702,539
13702,757
13702,814
13703,60
13703,148
13703,245
13703,272
13703,326
13703,627
13703,876
13704,30
13704,354
13704,492
13704,506
13704,525
13704,554
13704,693
13704,781
13704,814
13704,817
13704,828
13704,903
13704,989
13705,131
13705,352
13705,354
13705,525
13705,613
13706,6
13706,171
13706,186
13706,453
13706,595
13706,805
13706,951
13707,30
13707,63
13707,227
13707,462
13707,628
13707,656
13707,912
13708,30
13708,63
13708,227
13708,475
13708,656
13708,757
13708,814
13708,862
13708,912
13709,337
13709,595
13709,633
13710,474
13710,533
13710,595
13710,792
13710,820
13711,337
13711,442
13711,449
13711,595
13711,683
13711,712
13711,741
13712,6
13712,171
13712,186
13712,403
13712,453
13712,595
13712,625
13712,805
13713,109
13713,197
13713,217
13713,606
13713,626
13713,698
13713,718
13713,814
13713,928
13714,21
13714,77
13714,109
13714,185
13714,200
13714,217
13714,314
13714,606
13714,718
13714,814
13715,77
13715,82
13715,222
13715,262
13715,338
13715,525
13715,531
13715,535
13715,821
13715,826
13715,878
13715,893
13716,60
13716,198
13716,401
13716,476
13716,798
13716,928
13716,952
13717,15
13717,30
13717,287
13717,372
13717,457
13717,609
13717,750
13717,752
13717,858
13717,912
13718,324
13718,613
13719,30
13719,63
13719,109
13719,130
13719,197
13719,227
13719,304
13719,626
13719,656
13719,718
13719,791
13719,862
13719,912
13719,968
13720,337
13720,449
13720,567
13720,573
13720,595
13720,607
13720,741
13721,55
13721,114
13721,148
13721,290
13721,297
13721,315
13721,489
13721,506
13721,525
13721,627
13721,636
13721,707
13721,781
13721,795
13721,814
13722,30
13722,227
13722,462
13722,912
13722,945
13723,157
13723,186
13723,337
13723,595
13723,764
13723,817
13723,960
13724,88
13724,148
13724,297
13724,489
13724,506
13724,627
13724,707
13724,814
13725,190
13726,109
13726,200
13726,217
13726,293
13726,446
13726,606
13726,613
13726,626
13726,705
13726,718
13726,814
13726,866
13727,25
13727,324
13727,401
13727,502
13727,534
13727,613
13727,842
13727,862
13727,910
13727,932
13728,77
13728,82
13728,144
13728,286
13728,387
13729,77
13729,222
13729,262
13729,525
13729,870
13729,893
13730,442
13730,471
13730,595
13730,625
13730,683
13730,741
13731,109
13731,197
13731,506
13731,606
13731,693
13731,718
13731,814
13731,968
13732,32
13732,37
13732,47
13732,146
13732,260
13732,287
13732,310
13732,372
13732,503
13732,595
13732,780
13732,816
13733,595
13733,741
13733,845
13734,91
13734,337
13734,449
13734,595
13734,741
13735,606
13735,718
13735,814
13735,851
13736,109
13736,200
13736,216
13736,217
13736,293
13736,539
13736,606
13736,613
13736,626
13736,693
13736,718
13736,814
13737,171
13737,403
13737,595
13737,625
13737,805
13738,77
13738,82
13738,219
13738,430
13739,236
13739,474
13739,533
13739,595
13739,683
13739,685
13739,745
13739,792
13739,983
13740,68
13740,77
13740,82
13740,222
13740,262
13740,535
13740,893
13741,115
13741,231
13741,354
13741,426
13741,606
13741,718
13741,814
13741,828
13741,858
13742,30
13742,227
13742,313
13742,674
13742,718
13742,791
13742,912
13743,30
13743,115
13743,227
13743,313
13743,718
13743,791
13743,912
13743,945
13744,474
13744,533
13744,595
13744,683
13744,745
13744,792
13744,837
13745,506
13745,814
13746,32
13746,37
13746,106
13746,503
13746,595
13746,780
13746,860
13746,863
13746,899
13747,77
13747,222
13747,276
13747,902
13748,125
13748,506
13748,609
13748,814
13749,198
13749,476
13749,574
13749,579
13749,928
13749,952
13750,352
13750,354
13750,492
13750,505
13750,506
13750,604
13750,613
13750,678
13750,814
13750,828
13750,878
13750,931
13751,49
13751,310
13751,337
13751,567
13751,595
13751,781
13752,60
13752,198
13752,245
13752,476
13752,742
13752,798
13752,854
13752,876
13752,928
13752,952
13753,131
13753,288
13753,354
13753,385
13753,426
13753,430
13753,606
13753,642
13753,718
13753,814
13753,828
13753,858
13753,891
13754,2
13754,33
13754,55
13754,315
13754,613
13754,636
13754,795
13754,921
13755,430
13755,642
13755,814
13756,30
13756,227
13756,387
13756,525
13756,531
13756,806
13756,862
13756,912
13757,84
13757,220
13757,289
13757,327
13757,537
13757,562
13758,30
13758,313
13758,530
13758,629
13758,674
13758,718
13758,749
13758,791
13758,806
13758,912
13758,915
13759,131
13759,337
13759,562
13759,595
13759,683
13759,712
13760,131
13760,379
13760,431
13760,506
13760,531
13760,619
13760,678
13760,814
13760,828
13760,903
13760,931
13761,290
13761,430
13761,489
13761,642
13761,698
13761,707
13761,814
13762,30
13762,55
13762,182
13762,315
13762,322
13762,554
13762,636
13762,795
13762,807
13762,819
13762,858
13762,949
13763,30
13763,227
13763,862
13763,912
13764,148
13764,324
13764,525
13764,532
13764,613
13764,627
13765,310
13765,337
13765,567
13765,595
13766,222
13766,307
13766,322
13766,400
13766,613
13766,640
13766,655
13766,893
13767,60
13767,235
13767,245
13767,546
13767,876
13768,109
13768,197
13768,217
13768,293
13768,531
13768,613
13768,718
13769,30
13769,227
13769,293
13769,313
13769,613
13769,718
13769,791
13769,851
13769,906
13770,1
13770,288
13770,352
13770,354
13770,430
13770,613
13771,109
13771,200
13771,217
13771,293
13771,352
13771,354
13771,613
13771,718
13772,30
13772,313
13772,530
13772,674
13772,718
13772,791
13773,30
13773,115
13773,313
13773,314
13773,606
13773,693
13773,718
13773,791
13773,814
13773,817
13773,989
13774,489
13774,554
13774,635
13774,718
13774,814
13775,23
13775,32
13775,37
13775,258
13775,291
13775,380
13775,503
13775,595
13775,753
13775,816
13775,860
13775,894
13776,314
13776,606
13776,711
13776,718
13776,814
13776,953
13777,282
13777,354
13777,589
13777,606
13777,635
13777,718
13777,814
13777,825
13777,828
13778,30
13778,912
13779,77
13779,144
13779,206
13779,475
13779,531
13779,757
13779,814
13779,862
13779,945
13780,2
13780,24
13780,45
13780,55
13780,182
13780,315
13780,613
13780,795
13780,983
13781,25
13781,184
13781,613
13782,25
13782,184
13782,201
13782,613
13782,690
13783,184
13783,613
13784,21
13784,30
13784,144
13784,166
13784,227
13784,313
13784,527
13784,606
13784,674
13784,718
13784,757
13784,791
13784,814
13784,862
13784,912
13784,945
13785,30
13785,554
13785,613
13785,906
13786,125
13786,489
13786,707
13786,814
13787,154
13787,606
13787,635
13787,718
13787,814
13788,21
13788,77
13788,115
13788,144
13788,387
13788,718
13789,30
13789,313
13789,530
13789,606
13789,674
13789,718
13789,791
13789,814
13789,912
13790,25
13790,184
13790,515
13790,613
13791,30
13791,115
13791,293
13791,313
13791,554
13791,613
13791,718
13791,791
13791,906
13792,30
13792,227
13792,313
13792,462
13792,530
13792,554
13792,628
13792,674
13792,718
13792,791
13792,915
13792,989
13793,30
13793,313
13793,674
13793,718
13793,791
13793,912
13793,915
13794,131
13794,200
13794,217
13794,352
13794,379
13794,613
13794,904
13795,108
13795,430
13795,606
13795,642
13795,718
13795,814
13795,891
13796,222
13796,322
13796,640
13796,718
13796,851
13796,893
13797,14
13797,35
13797,55
13797,114
13797,141
13797,182
13797,315
13797,360
13797,626
13797,636
13797,795
13797,814
13797,928
13798,88
13798,489
13798,525
13798,707
13798,781
13798,814
13799,30
13799,525
13799,656
13799,752
13799,806
13799,912
13800,30
13800,63
13800,130
13800,227
13800,304
13800,462
13800,525
13800,609
13800,656
13800,912
13800,945
13801,77
13801,144
13801,219
13801,430
13801,642
13801,757
13801,814
13802,134
13802,350
13802,474
13802,533
13802,595
13802,745
13803,102
13803,352
13803,354
13803,492
13803,506
13803,604
13803,613
13803,619
13803,814
13803,828
13803,931
13804,33
13804,352
13804,354
13804,613
13805,184
13805,613
13806,108
13806,125
13806,354
13806,416
13806,492
13806,506
13806,525
13806,609
13806,814
13806,828
13806,924
13806,985
13807,352
13807,354
13807,492
13807,613
13808,109
13808,197
13808,354
13808,606
13808,718
13808,814
13808,828
13808,968
13809,430
13809,600
13809,606
13809,693
13809,718
13809,814
13810,33
13810,60
13810,235
13810,245
13810,272
13810,326
13810,627
13810,697
13810,755
13810,841
13810,876
13810,976
13811,154
13811,430
13811,606
13811,635
13811,642
13811,718
13811,814
13812,77
13812,88
13812,125
13812,144
13812,489
13812,531
13812,757
13812,781
13812,814
13812,862
13812,945
13813,1
13813,284
13813,288
13813,352
13813,354
13813,430
13813,613
13813,642
13813,814
13813,828
13814,32
13814,134
13814,350
13814,503
13814,533
13814,595
13814,780
13814,803
13814,816
13814,860
13815,30
13815,227
13815,290
13815,313
13815,488
13815,530
13815,674
13815,718
13815,781
13815,791
13815,862
13815,915
13815,945
13816,25
13816,30
13816,216
13816,613
13816,906
13817,595
13817,596
13817,877
13818,30
13818,33
13818,554
13818,817
13818,912
13819,49
13819,310
13819,337
13819,567
13819,595
13820,30
13820,313
13820,314
13820,354
13820,492
13820,554
13820,606
13820,674
13820,718
13820,791
13820,814
13820,828
13820,915
13821,375
13821,451
13821,609
13821,878
13822,30
13822,115
13822,227
13822,313
13822,718
13822,791
13822,912
13823,109
13823,197
13823,606
13823,698
13823,718
13823,814
13823,968
13824,49
13824,310
13824,337
13824,567
13824,595
13824,683
13824,712
13825,2
13825,315
13825,525
13825,526
13825,613
13825,636
13825,795
13826,30
13826,33
13826,227
13826,912
13826,945
13827,30
13827,227
13827,531
13827,862
13827,912
13828,77
13828,125
13828,144
13828,231
13828,243
13828,246
13828,262
13828,531
13828,757
13828,814
13828,858
13829,30
13829,525
13829,531
13829,656
13829,752
13829,806
13829,912
13830,109
13830,197
13830,354
13830,506
13830,606
13830,626
13830,718
13830,814
13830,828
13830,968
13831,21
13831,77
13831,115
13831,144
13831,718
13832,2
13832,33
13832,55
13832,315
13832,613
13832,636
13832,795
13832,949
13833,184
13833,613
13834,613
13835,337
13835,595
13835,683
13835,712
13836,30
13836,32
13836,37
13836,47
13836,227
13836,287
13836,310
13836,457
13836,462
13836,503
13836,517
13836,570
13836,595
13836,743
13836,806
13836,816
13836,851
13836,858
13837,115
13837,222
13837,307
13837,322
13837,426
13837,640
13837,655
13837,718
13837,819
13837,858
13837,935
13838,30
13838,115
13838,313
13838,554
13838,718
13838,791
13838,817
13839,216
13839,324
13839,462
13839,502
13839,525
13839,613
13839,921
13840,525
13840,613
13841,30
13841,32
13841,37
13841,47
13841,227
13841,287
13841,310
13841,457
13841,462
13841,503
13841,517
13841,570
13841,595
13841,743
13841,806
13841,816
13841,851
13841,858
13842,25
13842,30
13842,227
13842,462
13842,502
13842,525
13842,613
13842,906
13842,945
13843,141
13843,408
13843,698
13843,814
13844,30
13844,354
13844,419
13844,431
13844,492
13844,525
13844,615
13844,619
13844,749
13844,760
13844,814
13844,828
13844,931
13845,327
13845,337
13845,449
13845,471
13845,562
13845,595
13845,741
13846,30
13846,32
13846,106
13846,570
13846,656
13846,670
13846,816
13847,30
13847,32
13847,37
13847,106
13847,457
13847,570
13847,656
13847,670
13847,816
13847,858
13847,860
13848,184
13848,613
13849,33
13849,35
13849,315
13849,526
13849,609
13849,787
13849,949
13849,983
13850,354
13850,431
13850,492
13850,506
13850,525
13850,814
13850,828
13850,878
13850,903
13850,931
13851,30
13851,137
13851,216
13851,554
13851,613
13851,805
13851,858
13852,6
13852,171
13852,186
13852,595
13852,805
13852,951
13853,32
13853,106
13853,134
13853,258
13853,291
13853,350
13853,503
13853,533
13853,595
13854,216
13854,324
13854,613
13854,921
13855,49
13855,220
13855,360
13855,474
13855,533
13855,595
13855,745
13855,919
13856,430
13856,506
13856,642
13856,707
13856,814
13857,30
13857,307
13857,457
13857,858
13858,69
13858,186
13858,327
13858,337
13858,449
13858,562
13858,595
13858,741
13859,30
13859,227
13859,293
13859,313
13859,462
13859,502
13859,530
13859,613
13859,674
13859,718
13859,791
13859,906
13859,912
13859,915
13860,68
13860,125
13860,293
13860,324
13860,333
13860,371
13860,447
13860,531
13860,606
13860,613
13860,718
13860,814
13861,77
13861,82
13861,286
13861,338
13861,525
13861,619
13862,184
13862,192
13862,201
13862,613
13863,30
13863,227
13863,313
13863,462
13863,530
13863,628
13863,674
13863,718
13863,791
13863,912
13864,190
13865,474
13865,533
13865,595
13865,745
13865,792
13865,820
13866,30
13866,32
13866,37
13866,106
13866,307
13866,457
13866,570
13866,816
13866,851
13866,858
13866,860
13867,474
13867,533
13867,595
13867,745
13867,792
13867,820
13868,30
13868,227
13868,912
13869,60
13869,326
13869,627
13870,49
13870,310
13870,337
13870,567
13870,573
13870,595
13870,817
13870,837
13871,77
13871,82
13871,144
13871,290
13871,462
13871,489
13871,525
13871,757
13871,814
13872,30
13872,227
13872,462
13872,912
13873,11
13873,60
13873,235
13873,595
13873,633
13873,776
13874,25
13874,30
13874,227
13874,462
13874,502
13874,609
13874,613
13874,906
13874,912
13874,945
13875,30
13875,63
13875,227
13875,525
13875,862
13875,912
13875,915
13875,945
13876,2
13876,315
13876,613
13876,795
13876,983
13877,474
13877,533
13877,595
13877,733
13877,745
13877,766
13877,792
13877,988
13878,30
13878,222
13878,231
13878,307
13878,457
13878,655
13878,750
13878,858
13878,893
13878,912
13878,935
13879,30
13879,693
13879,814
13880,157
13880,337
13880,595
13880,764
13881,108
13881,242
13881,282
13881,288
13881,354
13881,416
13881,430
13881,589
13881,606
13881,642
13881,718
13881,814
13881,825
13881,828
13881,985
13882,54
13882,171
13882,337
13882,562
13882,595
13882,645
13882,685
13882,692
13882,817
13882,960
13883,35
13883,315
13883,360
13883,526
13883,626
13883,795
13883,928
13883,949
13884,190
13885,54
13885,337
13885,595
13885,692
13886,109
13886,197
13886,293
13886,352
13886,354
13886,613
13886,718
13886,968
13887,222
13887,256
13887,718
13887,893
13888,77
13888,82
13888,144
13888,387
13888,757
13888,814
13888,862
13889,125
13889,354
13889,492
13889,525
13889,609
13889,626
13889,814
13889,817
13889,828
13889,928
13890,14
13890,55
13890,114
13890,141
13890,182
13890,315
13890,330
13890,360
13890,525
13890,626
13890,636
13890,795
13890,814
13890,928
13891,32
13891,106
13891,503
13891,595
13891,780
13891,816
13891,860
13891,899
13892,184
13892,613
13892,690
13893,6
13893,171
13893,595
13893,625
13893,805
13894,125
13894,290
13894,462
13894,489
13894,539
13894,609
13894,693
13894,757
13894,814
13895,30
13895,227
13895,760
13895,878
13895,912
13896,190
13897,430
13897,462
13897,642
13897,718
13897,757
13897,814
13897,891
13898,91
13898,337
13898,442
13898,449
13898,595
13898,683
13898,712
13898,741
13899,30
13899,227
13899,862
13899,912
13899,945
13900,25
13900,184
13900,201
13900,613
13901,222
13901,525
13901,893
13902,77
13902,82
13902,222
13902,262
13902,525
13902,535
13902,826
13902,893
13903,30
13903,115
13903,293
13903,313
13903,426
13903,457
13903,613
13903,718
13903,791
13903,858
13903,906
13903,915
13904,77
13904,222
13904,246
13904,750
13904,805
13904,858
13904,935
13905,125
13905,333
13905,354
13905,531
13905,781
13905,814
13905,828
13906,30
13906,137
13906,147
13906,240
13906,372
13906,457
13906,525
13906,554
13906,656
13906,705
13906,752
13906,831
13906,858
13907,2
13907,55
13907,315
13907,613
13907,636
13907,795
13908,474
13908,533
13908,595
13908,792
13908,820
13909,112
13909,184
13909,201
13909,613
13910,25
13910,33
13910,112
13910,184
13910,201
13910,318
13910,613
13911,35
13911,182
13911,315
13911,360
13911,609
13911,626
13911,636
13911,928
13911,949
13912,15
13912,30
13912,314
13912,525
13912,531
13912,752
13912,806
13912,814
13912,912
13913,77
13913,82
13913,219
13913,222
13913,430
13913,750
13913,858
13913,870
13913,902
13913,935
13914,33
13914,35
13914,315
13914,526
13914,609
13914,983
13915,30
13915,77
13915,525
13915,554
13915,609
13915,752
13916,30
13916,554
13916,604
13916,613
13916,638
13916,760
13916,878
13916,906
13917,32
13917,204
13917,503
13917,595
13917,894
13918,146
13918,287
13918,310
13918,337
13918,567
13918,595
13918,960
13918,970
13919,222
13919,276
13919,280
13920,474
13920,533
13920,595
13920,683
13920,745
13920,792
13921,15
13921,30
13921,115
13921,313
13921,372
13921,385
13921,426
13921,457
13921,606
13921,718
13921,750
13921,791
13921,814
13921,819
13921,858
13921,912
13922,352
13922,354
13922,613
13922,693
13922,814
13923,2
13923,45
13923,55
13923,182
13923,315
13923,613
13923,636
13923,795
13924,77
13924,144
13924,219
13924,430
13924,462
13925,30
13925,130
13925,227
13925,304
13925,502
13925,525
13925,604
13925,613
13925,619
13925,724
13925,760
13925,862
13925,906
13926,30
13926,200
13926,217
13926,227
13926,293
13926,488
13926,502
13926,606
13926,613
13926,757
13926,791
13926,814
13926,862
13926,904
13926,906
13926,981
13927,78
13927,377
13927,474
13927,533
13927,595
13927,745
13927,792
13927,983
13928,32
13928,37
13928,106
13928,204
13928,319
13928,503
13928,860
13929,814
13930,25
13930,216
13930,322
13930,324
13930,613
13930,910
13931,442
13931,471
13931,595
13931,683
13931,741
13932,33
13932,131
13932,267
13932,318
13932,352
13932,354
13932,531
13932,613
13933,288
13933,354
13933,430
13933,642
13933,814
13933,828
13934,30
13934,290
13934,627
13934,912
13934,915
13935,33
13935,125
13935,131
13935,352
13935,354
13935,531
13935,613
13935,814
13935,828
13936,2
13936,182
13936,315
13936,526
13936,613
13936,636
13936,795
13936,921
13937,184
13937,613
13938,30
13938,290
13938,314
13938,489
13938,506
13938,525
13938,554
13938,615
13938,693
13938,749
13938,814
13938,817
13938,989
13939,33
13939,68
13939,315
13939,526
13939,531
13939,983
13940,77
13940,82
13940,144
13940,387
13940,462
13940,571
13941,134
13941,350
13941,474
13941,533
13941,595
13941,745
13942,30
13942,33
13942,227
13942,531
13942,912
13943,203
13943,474
13943,533
13943,595
13943,745
13943,792
13943,801
13943,837
13943,983
13944,1
13944,284
13944,288
13944,352
13944,354
13944,430
13944,613
13944,814
13944,828
13945,310
13945,337
13945,567
13945,595
13945,683
13945,712
13945,781
13945,817
13946,30
13946,32
13946,37
13946,106
13946,457
13946,570
13946,670
13946,816
13946,858
13946,860
13947,30
13947,227
13947,396
13947,401
13947,462
13947,656
13947,791
13947,912
13948,30
13948,32
13948,37
13948,106
13948,159
13948,457
13948,503
13948,570
13948,595
13948,670
13948,816
13948,858
13948,860
13949,171
13949,337
13949,595
13949,683
13949,712
13950,186
13950,595
13950,877
13951,352
13951,354
13951,401
13951,416
13951,534
13951,613
13952,184
13952,201
13952,613
13953,134
13953,159
13953,474
13953,533
13953,595
13954,25
13954,184
13954,613
13955,182
13955,315
13955,795
13955,966
13955,983
13956,32
13956,37
13956,177
13956,204
13956,503
13956,595
13956,780
13956,860
13957,337
13957,595
13958,354
13958,506
13958,814
13958,828
13959,25
13959,324
13959,613
13959,921
13960,15
13960,30
13960,32
13960,37
13960,457
13960,570
13960,743
13960,816
13960,851
13960,858
13960,860
13961,32
13961,37
13961,47
13961,106
13961,325
13961,503
13961,595
13961,780
13961,816
13961,894
13961,899
13962,182
13962,315
13962,526
13962,795
13962,983
13963,2
13963,182
13963,242
13963,315
13963,613
13963,636
13963,795
13963,906
13964,352
13964,354
13964,492
13964,525
13964,613
13965,30
13965,227
13965,401
13965,912
13966,131
13966,352
13966,354
13966,613
13967,11
13967,60
13967,251
13967,299
13967,415
13967,595
13967,751
13967,925
13968,5
13968,30
13968,77
13968,144
13968,227
13968,304
13968,475
13968,862
13968,912
13969,2
13969,55
13969,315
13969,613
13969,636
13969,921
13970,474
13970,533
13970,595
13970,685
13970,745
13970,820
13970,926
13970,983
13971,2
13971,35
13971,114
13971,125
13971,315
13971,613
13971,636
13971,795
13971,814
13972,184
13972,613
13972,690
13973,11
13973,60
13973,186
13973,299
13973,595
13974,25
13974,30
13974,88
13974,130
13974,227
13974,304
13974,502
13974,613
13974,862
13974,906
13975,471
13975,595
13975,741
13976,324
13976,336
13976,525
13976,613
13977,32
13977,37
13977,106
13977,380
13977,503
13977,595
13977,753
13977,780
13977,816
13977,860
13977,894
13977,899
13978,186
13978,471
13978,595
13978,625
13978,741
13979,6
13979,171
13979,186
13979,595
13979,805
13979,951
13980,32
13980,47
13980,503
13980,595
13980,816
13980,894
13981,25
13981,324
13981,613
13981,921
13982,30
13982,137
13982,372
13982,457
13982,554
13982,805
13982,858
13983,26
13983,126
13983,151
13983,426
13983,718
13983,858
13984,222
13984,276
13984,280
13984,862
13985,25
13985,30
13985,227
13985,324
13985,462
13985,502
13985,525
13985,613
13985,752
13985,906
13986,315
13986,526
13986,795
13986,949
13986,983
13987,30
13987,231
13987,401
13987,457
13987,554
13987,656
13987,858
13988,30
13988,227
13988,502
13988,525
13988,613
13988,862
13988,906
13988,913
13989,30
13989,63
13989,227
13989,462
13989,656
13989,806
13989,912
13990,45
13990,55
13990,182
13990,315
13990,330
13990,526
13990,795
13990,966
13991,30
13991,227
13991,256
13991,314
13991,606
13991,718
13991,757
13991,791
13991,814
13991,912
13992,222
13992,276
13992,280
13992,401
13993,30
13993,313
13993,322
13993,718
13993,791
13993,851
13993,912
13994,30
13994,112
13994,227
13994,293
13994,313
13994,613
13994,674
13994,718
13994,791
13994,906
13994,915
13995,222
13995,322
13995,640
13995,718
13995,851
13995,893
13996,30
13996,109
13996,197
13996,227
13996,475
13996,626
13996,656
13996,718
13996,791
13996,862
13996,912
13996,928
13996,945
13996,968
13997,30
13997,227
13997,313
13997,718
13997,791
13997,912
13997,915
13998,5
13998,21
13998,144
13998,194
13998,200
13998,217
13998,304
13998,475
13998,527
13998,606
13998,659
13998,757
13998,814
13998,862
13998,904
13999,33
13999,354
13999,710
13999,814
13999,828
14000,30
14000,313
14000,444
14000,718
14000,778
14000,791
14000,912
14000,915
14001,222
14001,276
14001,638
14002,30
14002,392
14002,554
14002,613
14002,906
14003,30
14003,130
14003,227
14003,304
14003,502
14003,525
14003,613
14003,862
14003,906
14004,2
14004,315
14004,336
14004,352
14004,354
14004,525
14004,613
14004,626
14004,847
14004,928
14005,77
14005,222
14005,262
14005,401
14005,870
14005,893
14006,315
14006,613
14006,946
14007,77
14007,655
14008,216
14008,324
14008,525
14008,613
14008,984
14009,2
14009,30
14009,33
14009,55
14009,216
14009,315
14009,363
14009,613
14009,806
14009,906
14009,921
14009,984
14010,2
14010,55
14010,182
14010,315
14010,613
14010,795
14010,949
14011,77
14011,222
14011,262
14011,525
14011,821
14011,893
14012,35
14012,45
14012,55
14012,182
14012,315
14012,531
14012,636
14012,795
14012,949
14013,2
14013,35
14013,45
14013,55
14013,182
14013,315
14013,525
14013,526
14013,609
14013,613
14013,636
14013,795
14013,984
14014,33
14014,222
14014,285
14014,307
14014,655
14014,805
14014,858
14014,935
14015,222
14015,600
14015,718
14015,893
14016,60
14016,198
14016,245
14016,412
14016,476
14016,798
14016,928
14016,952
14017,1
14017,282
14017,368
14017,430
14017,613
14017,642
14017,814
14017,825
14018,60
14018,245
14018,299
14018,876
14019,216
14019,462
14019,502
14019,525
14019,613
14019,921
14019,984
14020,67
14020,216
14020,304
14020,324
14020,502
14020,613
14020,631
14020,862
14020,921
14020,984
14021,60
14021,148
14021,272
14021,326
14021,491
14021,627
14021,914
14022,21
14022,77
14022,144
14022,387
14022,718
14022,891
14023,1
14023,25
14023,288
14023,352
14023,354
14023,430
14023,613
14023,642
14023,814
14023,828
14024,30
14024,227
14024,656
14024,718
14024,791
14024,891
14024,912
14025,30
14025,166
14025,313
14025,674
14025,718
14025,791
14025,912
14025,915
14026,77
14026,219
14026,222
14026,262
14026,401
14026,430
14026,609
14026,893
14027,77
14027,82
14027,144
14027,222
14027,525
14028,6
14028,171
14028,337
14028,372
14028,595
14028,837
14028,925
14028,934
14028,951
14029,77
14029,82
14029,206
14029,286
14029,387
14029,756
14029,814
14030,315
14030,795
14030,949
14031,21
14031,77
14031,185
14031,254
14031,371
14031,718
14032,30
14032,130
14032,227
14032,304
14032,912
14033,32
14033,182
14033,315
14033,570
14033,851
14033,860
14033,949
14033,983
14034,77
14034,82
14034,243
14034,387
14035,30
14035,489
14035,606
14035,615
14035,635
14035,707
14035,718
14035,749
14035,781
14035,791
14035,806
14035,814
14036,30
14036,166
14036,538
14036,674
14036,718
14036,791
14036,912
14036,915
14037,30
14037,227
14037,313
14037,462
14037,538
14037,718
14037,791
14037,851
14037,945
14038,6
14038,30
14038,151
14038,159
14038,171
14038,231
14038,457
14038,595
14038,629
14038,805
14038,858
14038,925
14039,30
14039,307
14039,426
14039,457
14039,538
14039,718
14039,791
14039,851
14039,858
14040,32
14040,55
14040,182
14040,315
14040,570
14040,851
14040,983
14041,1
14041,131
14041,288
14041,352
14041,354
14041,430
14041,525
14041,613
14042,1
14042,282
14042,368
14042,430
14042,613
14042,642
14042,814
14042,825
14043,174
14043,210
14043,606
14043,615
14043,718
14043,814
14043,891
14044,30
14044,125
14044,183
14044,609
14044,615
14044,632
14044,749
14044,760
14044,814
14044,878
14044,931
14045,324
14045,352
14045,354
14045,613
14046,30
14046,372
14046,457
14046,525
14046,750
14046,858
14046,912
14047,30
14047,609
14047,613
14047,906
14048,125
14048,256
14048,290
14048,304
14048,489
14048,609
14048,659
14048,693
14048,757
14048,814
14048,963
14048,980
14049,38
14049,77
14049,82
14049,430
14049,718
14049,891
14050,2
14050,315
14050,613
14051,25
14051,324
14051,430
14051,462
14051,502
14051,525
14051,613
14051,642
14051,757
14051,814
14052,430
14052,642
14052,707
14052,781
14052,814
14053,135
14053,375
14053,656
14054,16
14054,125
14054,174
14054,293
14054,333
14054,531
14054,606
14054,613
14054,718
14054,814
14054,891
14055,125
14055,290
14055,314
14055,354
14055,489
14055,492
14055,541
14055,606
14055,609
14055,635
14055,718
14055,814
14055,817
14055,828
14056,256
14056,282
14056,354
14056,416
14056,814
14056,825
14056,828
14057,324
14057,613
14057,910
14058,125
14058,333
14058,506
14058,531
14058,606
14058,718
14058,814
14058,891
14059,108
14059,174
14059,282
14059,288
14059,321
14059,354
14059,416
14059,430
14059,606
14059,642
14059,718
14059,814
14059,825
14059,828
14059,891
14060,3
14060,30
14060,313
14060,538
14060,656
14060,718
14060,778
14060,791
14060,912
14060,915
14061,282
14061,293
14061,368
14061,606
14061,613
14061,635
14061,718
14061,814
14061,825
14062,15
14062,30
14062,227
14062,525
14062,531
14062,619
14062,760
14062,862
14062,912
14063,354
14063,814
14063,828
14064,88
14064,125
14064,462
14064,531
14064,757
14064,814
14064,981
14065,77
14065,144
14065,335
14065,462
14065,531
14065,718
14066,15
14066,30
14066,37
14066,62
14066,199
14066,287
14066,372
14066,457
14066,570
14066,819
14066,851
14066,858
14067,37
14067,106
14067,325
14067,503
14067,595
14067,780
14067,863
14067,899
14068,354
14068,814
14068,828
14069,337
14069,595
14069,738
14069,782
14069,934
14070,38
14070,462
14070,502
14070,613
14070,718
14070,757
14070,814
14070,944
14071,288
14071,354
14071,430
14071,814
14071,828
14072,15
14072,30
14072,63
14072,227
14072,462
14072,531
14072,628
14072,757
14072,814
14072,912
14072,981
14073,33
14073,77
14073,554
14073,718
14073,750
14073,858
14074,25
14074,38
14074,352
14074,379
14074,430
14074,531
14074,613
14074,700
14074,814
14074,828
14075,88
14075,114
14075,125
14075,141
14075,297
14075,315
14075,489
14075,525
14075,531
14075,636
14075,784
14075,814
14075,962
14076,471
14076,595
14076,738
14076,741
14077,38
14077,88
14077,489
14077,678
14077,814
14077,838
14077,903
14078,33
14078,198
14078,430
14078,613
14078,718
14078,814
14078,928
14079,15
14079,30
14079,457
14079,750
14079,858
14079,912
14080,77
14080,82
14080,262
14080,387
14080,525
14081,354
14081,635
14081,718
14081,814
14081,828
14082,112
14082,371
14082,447
14082,609
14082,613
14082,814
14083,363
14083,525
14083,613
14083,705
14083,866
14084,30
14084,139
14084,227
14084,231
14084,457
14084,462
14084,502
14084,613
14084,752
14084,858
14084,906
14084,981
14084,984
14085,352
14085,354
14085,613
14085,710
14086,38
14086,60
14086,245
14086,299
14087,77
14087,82
14087,144
14087,387
14087,430
14087,462
14088,352
14088,354
14088,613
14088,718
14088,891
14089,371
14089,447
14089,613
14090,595
14090,738
14090,741
14091,69
14091,198
14091,328
14091,453
14091,503
14091,595
14091,780
14091,899
14091,928
14092,15
14092,63
14092,462
14092,912
14093,371
14093,447
14093,613
14093,814
14094,33
14094,38
14094,88
14094,314
14094,489
14094,678
14094,718
14094,814
14094,838
14094,903
14095,15
14095,30
14095,372
14095,457
14095,525
14095,750
14095,858
14095,912
14096,38
14096,77
14096,185
14096,314
14096,814
14097,33
14097,125
14097,267
14097,288
14097,354
14097,414
14097,430
14097,486
14097,609
14097,693
14097,718
14097,814
14097,817
14097,828
14098,222
14098,246
14098,387
14099,371
14099,811
14099,814
14100,371
14100,447
14100,609
14100,613
14100,814
14101,33
14101,131
14101,267
14101,318
14101,352
14101,354
14101,613
14101,718
14102,60
14102,235
14102,245
14102,371
14102,546
14103,15
14103,30
14103,63
14103,462
14103,912
14104,37
14104,380
14104,503
14104,511
14104,595
14104,780
14104,827
14104,863
14104,899
14105,337
14105,453
14105,595
14105,685
14105,926
14106,37
14106,62
14106,258
14106,291
14106,310
14106,503
14106,595
14107,430
14107,814
14108,38
14108,88
14108,183
14108,210
14108,466
14108,506
14108,531
14108,615
14108,619
14108,678
14108,693
14108,814
14108,817
14108,838
14108,903
14108,931
14109,15
14109,30
14109,231
14109,354
14109,457
14109,525
14109,554
14109,752
14109,858
14110,15
14110,30
14110,88
14110,693
14110,749
14110,814
14110,912
14111,15
14111,30
14111,139
14111,629
14111,912
14112,15
14112,30
14112,137
14112,139
14112,240
14112,457
14112,525
14112,554
14112,629
14112,750
14112,752
14112,805
14112,858
14112,912
14113,315
14113,526
14113,635
14113,795
14114,814
14115,37
14115,177
14115,319
14115,503
14115,595
14115,780
14115,863
14116,33
14116,236
14116,315
14116,526
14116,787
14117,222
14118,371
14118,447
14118,613
14119,15
14119,30
14119,531
14119,554
14119,749
14119,912
14120,15
14120,30
14120,33
14120,63
14120,227
14120,462
14120,718
14120,912
14121,15
14121,30
14121,231
14121,336
14121,457
14121,525
14121,554
14121,609
14121,858
14122,38
14122,77
14122,82
14122,144
14122,206
14122,338
14122,462
14122,619
14122,814
14122,931
14123,33
14123,77
14123,144
14123,231
14123,262
14123,462
14123,531
14123,718
14123,757
14123,814
14123,817
14123,858
14124,106
14124,380
14124,503
14124,511
14124,595
14124,780
14124,863
14124,899
14125,146
14125,260
14125,503
14125,595
14125,780
14125,863
14125,899
14126,77
14126,82
14126,144
14126,387
14126,462
14126,525
14127,33
14127,222
14127,280
14127,400
14127,613
14127,718
14128,474
14128,533
14128,595
14128,685
14128,983
14129,15
14129,30
14129,137
14129,240
14129,372
14129,457
14129,525
14129,554
14129,609
14129,750
14129,805
14129,858
14129,912
14130,2
14130,33
14130,182
14130,315
14130,318
14130,609
14130,613
14130,636
14130,795
14131,38
14131,88
14131,314
14131,430
14131,489
14131,536
14131,718
14131,814
14131,864
14131,903
14132,125
14132,430
14132,531
14132,536
14132,718
14132,814
14132,864
14133,718
14133,814
14133,891
14134,112
14134,371
14134,462
14134,502
14134,613
14134,814
14135,281
14135,298
14135,409
14135,587
14135,606
14135,675
14135,693
14136,288
14136,324
14136,336
14136,352
14136,354
14136,430
14136,613
14137,29
14137,38
14137,88
14137,419
14137,430
14137,446
14137,489
14137,506
14137,606
14137,615
14137,705
14137,718
14137,814
14137,838
14137,891
14137,903
14138,77
14138,222
14138,246
14138,262
14138,718
14138,944
14139,77
14139,144
14139,206
14139,462
14139,531
14139,539
14139,757
14139,814
14140,112
14140,371
14140,447
14140,613
14141,38
14141,354
14141,814
14141,828
14141,903
14142,595
14142,738
14142,741
14143,174
14143,354
14143,606
14143,718
14143,814
14143,828
14143,878
14143,891
14143,931
14144,15
14144,30
14144,538
14144,718
14144,881
14144,915
14145,77
14145,82
14146,62
14146,106
14146,503
14146,894
14147,38
14147,77
14147,144
14147,300
14147,462
14147,531
14147,536
14147,718
14147,757
14147,814
14147,864
14147,981
14148,533
14148,595
14149,49
14149,77
14149,144
14149,146
14149,218
14149,337
14149,462
14149,567
14149,635
14149,685
14149,718
14149,733
14149,988
14150,471
14150,499
14150,595
14150,741
14151,38
14151,125
14151,462
14151,525
14151,609
14151,678
14151,757
14151,814
14151,903
14151,945
14151,989
14152,16
14152,25
14152,174
14152,288
14152,293
14152,321
14152,352
14152,354
14152,430
14152,431
14152,492
14152,604
14152,606
14152,613
14152,718
14152,814
14152,828
14152,878
14152,891
14152,931
14153,5
14153,77
14153,82
14153,144
14153,206
14153,286
14153,304
14153,338
14153,387
14153,419
14153,462
14153,525
14153,566
14153,619
14153,724
14154,474
14154,533
14154,595
14154,758
14154,919
14155,77
14155,222
14155,430
14156,15
14156,30
14156,37
14156,72
14156,457
14156,670
14156,858
14156,863
14157,2
14157,38
14157,114
14157,315
14157,526
14157,531
14157,613
14157,636
14157,638
14157,678
14157,795
14157,814
14157,983
14158,216
14158,525
14158,532
14158,613
14158,627
14158,984
14159,60
14159,299
14159,876
14160,525
14160,613
14161,37
14161,380
14161,503
14161,511
14161,595
14161,780
14161,899
14162,125
14162,231
14162,336
14162,354
14162,609
14162,814
14162,828
14162,858
14163,77
14163,144
14163,462
14163,538
14163,718
14164,25
14164,30
14164,293
14164,375
14164,538
14164,609
14164,613
14164,674
14164,718
14164,791
14164,906
14165,222
14165,246
14165,538
14165,670
14165,718
14165,870
14166,430
14166,613
14166,814
14167,174
14167,198
14167,506
14167,590
14167,606
14167,718
14167,814
14167,878
14167,891
14167,928
14167,931
14168,15
14168,30
14168,532
14168,538
14168,613
14168,627
14168,718
14168,853
14168,906
14168,915
14169,184
14169,447
14169,613
14170,352
14170,354
14170,613
14170,718
14170,891
14171,38
14171,613
14171,718
14171,814
14171,891
14172,198
14172,371
14172,606
14172,811
14172,814
14172,928
14173,38
14173,430
14173,613
14173,797
14173,814
14174,2
14174,182
14174,315
14174,526
14174,636
14174,795
14174,949
14175,25
14175,430
14175,613
14175,814
14176,352
14176,354
14176,613
14176,635
14176,718
14177,613
14177,635
14177,718
14178,55
14178,315
14178,526
14178,636
14178,795
14178,949
14178,983
14179,2
14179,315
14179,526
14179,613
14179,795
14179,959
14180,25
14180,216
14180,525
14180,613
14181,30
14181,38
14181,139
14181,525
14181,554
14181,609
14181,615
14181,749
14181,752
14181,814
14181,817
14181,838
14181,989
14182,33
14182,288
14182,354
14182,430
14182,718
14182,814
14182,828
14183,2
14183,55
14183,114
14183,315
14183,379
14183,636
14183,795
14183,814
14183,828
14184,33
14184,38
14184,352
14184,354
14184,613
14184,718
14185,30
14185,139
14185,227
14185,462
14185,502
14185,613
14185,752
14185,906
14186,216
14186,609
14186,613
14187,15
14187,30
14187,63
14187,227
14187,462
14187,531
14187,757
14187,814
14187,912
14188,25
14188,30
14188,38
14188,430
14188,554
14188,613
14188,678
14189,533
14189,595
14190,288
14190,352
14190,354
14190,430
14190,613
14191,33
14191,352
14191,354
14191,613
14191,710
14191,718
14192,2
14192,33
14192,55
14192,315
14192,318
14192,531
14192,613
14192,636
14192,795
14192,949
14193,25
14193,216
14193,222
14193,234
14193,280
14193,400
14193,613
14194,533
14194,595
14195,536
14195,613
14195,718
14196,25
14196,216
14196,324
14196,613
14197,533
14197,595
14197,837
14198,310
14198,595
14198,738
14198,741
14199,60
14199,163
14199,569
14199,595
14199,738
14199,741
14199,790
14200,38
14200,88
14200,489
14200,678
14200,814
14200,838
14200,903
14201,352
14201,354
14201,525
14201,613
14202,216
14202,613
14203,15
14203,30
14203,137
14203,457
14203,554
14203,582
14203,629
14203,750
14203,858
14203,912
14204,33
14204,38
14204,125
14204,131
14204,210
14204,290
14204,354
14204,489
14204,609
14204,619
14204,718
14204,814
14204,828
14204,903
14204,931
14205,15
14205,457
14205,858
14206,222
14206,276
14207,15
14207,62
14207,570
14207,851
14208,15
14208,30
14208,240
14208,314
14208,372
14208,385
14208,457
14208,498
14208,525
14208,693
14208,750
14208,814
14208,858
14208,912
14209,216
14209,613
14210,2
14210,55
14210,182
14210,315
14210,613
14210,636
14210,795
14210,906
14211,190
14212,474
14212,533
14212,595
14213,222
14213,276
14214,60
14214,163
14214,235
14214,245
14214,595
14214,684
14214,738
14214,776
14215,33
14215,182
14215,315
14215,526
14215,795
14215,949
14216,15
14216,30
14216,151
14216,231
14216,457
14216,554
14216,752
14216,858
14217,15
14217,30
14217,38
14217,139
14217,457
14217,498
14217,619
14217,750
14217,760
14217,858
14217,912
14218,2
14218,55
14218,315
14218,526
14218,613
14218,626
14218,638
14218,758
14218,795
14218,928
14218,983
14219,222
14219,276
14220,15
14220,63
14220,462
14220,912
14221,15
14221,25
14221,30
14221,33
14221,38
14221,63
14221,227
14221,430
14221,462
14221,502
14221,507
14221,613
14221,628
14221,718
14221,906
14221,912
14222,60
14222,163
14222,223
14222,235
14222,595
14223,30
14223,139
14223,216
14223,227
14223,324
14223,462
14223,502
14223,613
14223,906
14224,30
14224,33
14224,222
14224,457
14224,718
14224,858
14224,902
14225,38
14225,77
14225,82
14225,430
14226,77
14226,222
14226,240
14226,750
14226,805
14226,844
14226,858
14227,15
14227,62
14227,457
14227,570
14227,851
14227,858
14228,231
14228,336
14228,525
14228,613
14228,810
14228,858
14229,15
14229,30
14229,538
14229,613
14229,718
14229,881
14229,906
14229,915
14230,38
14230,88
14230,125
14230,378
14230,430
14230,489
14230,531
14230,642
14230,718
14230,814
14230,903
14231,77
14231,144
14231,462
14231,531
14231,757
14231,814
14232,533
14232,595
14232,827
14232,837
14233,38
14233,125
14233,161
14233,256
14233,275
14233,430
14233,609
14233,642
14233,718
14233,814
14234,613
14234,814
14235,162
14235,243
14235,280
14235,525
14236,49
14236,146
14236,337
14236,567
14236,595
14236,658
14236,685
14237,595
14237,741
14237,925
14238,2
14238,182
14238,315
14239,30
14239,227
14239,231
14239,457
14239,858
14239,912
14240,30
14240,38
14240,227
14240,290
14240,378
14240,462
14240,466
14240,525
14240,609
14240,678
14240,760
14240,817
14240,838
14240,878
14240,912
14240,945
14241,474
14241,533
14241,595
14241,820
14242,30
14242,227
14242,752
14242,862
14242,912
14243,25
14243,38
14243,378
14243,613
14243,678
14243,698
14243,814
14244,30
14244,554
14244,912
14245,324
14245,352
14245,354
14245,492
14245,525
14245,613
14246,55
14246,240
14246,315
14246,404
14246,795
14246,858
14246,949
14247,30
14247,531
14247,554
14247,613
14247,906
14247,912
14248,30
14248,222
14248,240
14248,457
14248,750
14248,805
14248,858
14248,912
14249,1
14249,25
14249,38
14249,125
14249,131
14249,352
14249,354
14249,378
14249,430
14249,525
14249,531
14249,613
14249,642
14249,678
14249,814
14249,828
14249,838
14250,1
14250,340
14250,352
14250,354
14250,430
14250,613
14251,29
14251,38
14251,77
14251,144
14251,378
14251,387
14251,419
14251,430
14251,446
14251,462
14251,475
14251,525
14251,705
14251,757
14251,814
14251,838
14252,30
14252,240
14252,287
14252,457
14252,858
14252,912
14253,30
14253,656
14253,806
14253,912
14254,2
14254,55
14254,182
14254,315
14254,404
14254,526
14254,613
14255,222
14256,2
14256,182
14256,315
14256,526
14256,613
14256,795
14256,983
14257,38
14257,125
14257,354
14257,378
14257,531
14257,678
14257,814
14257,828
14257,838
14258,30
14258,749
14258,912
14259,352
14259,354
14259,613
14260,30
14260,137
14260,222
14260,227
14260,240
14260,307
14260,372
14260,457
14260,462
14260,554
14260,805
14260,858
14260,912
14261,77
14261,222
14261,392
14261,430
14261,655
14261,718
14261,859
14262,474
14262,533
14262,595
14262,738
14263,77
14263,222
14264,146
14264,337
14264,595
14264,925
14265,613
14266,38
14266,77
14266,378
14266,838
14267,315
14267,360
14267,404
14267,526
14267,626
14267,795
14267,928
14267,949
14268,30
14268,38
14268,378
14268,506
14268,525
14268,615
14268,678
14268,749
14268,752
14268,814
14268,838
14269,533
14269,595
14270,533
14270,595
14270,658
14271,30
14271,222
14271,640
14271,912
14272,30
14272,525
14272,554
14272,613
14273,363
14273,525
14273,613
14273,705
14273,866
14273,928
14273,984
14274,131
14274,352
14274,354
14274,613
14275,30
14275,137
14275,240
14275,287
14275,354
14275,372
14275,457
14275,525
14275,554
14275,656
14275,858
14275,912
14276,77
14276,144
14276,430
14276,462
14277,352
14277,354
14277,492
14277,525
14277,613
14278,38
14278,125
14278,290
14278,378
14278,489
14278,609
14278,678
14278,814
14278,838
14279,595
14279,741
14280,30
14280,38
14280,83
14280,227
14280,538
14280,653
14280,656
14280,718
14280,791
14280,862
14280,897
14280,912
14280,981
14281,88
14281,210
14281,354
14281,489
14281,525
14281,531
14281,814
14281,817
14281,828
14282,33
14282,38
14282,88
14282,125
14282,210
14282,354
14282,466
14282,489
14282,531
14282,678
14282,698
14282,718
14282,814
14282,828
14283,38
14283,77
14283,82
14283,144
14283,387
14283,462
14283,609
14283,678
14283,757
14283,814
14283,838
14284,2
14284,55
14284,315
14284,360
14284,526
14284,613
14284,795
14284,959
14285,352
14285,354
14285,492
14285,525
14285,609
14285,613
14285,921
14286,38
14286,430
14286,489
14286,642
14286,814
14286,838
14287,30
14287,227
14287,862
14287,912
14288,2
14288,55
14288,182
14288,315
14288,526
14288,613
14288,795
14288,949
14289,15
14289,30
14289,240
14289,287
14289,372
14289,457
14289,498
14289,525
14289,653
14289,752
14289,858
14290,15
14290,30
14290,240
14290,287
14290,372
14290,457
14290,525
14290,653
14290,752
14290,858
14291,15
14291,30
14291,38
14291,240
14291,287
14291,372
14291,378
14291,457
14291,525
14291,653
14291,752
14291,858
14292,146
14292,337
14292,595
14292,925
14293,1
14293,352
14293,354
14293,430
14293,613
14293,700
14294,2
14294,182
14294,315
14294,526
14294,609
14294,613
14294,758
14294,795
14295,175
14295,322
14295,613
14295,910
14295,921
14295,984
14296,533
14296,595
14296,837
14297,38
14297,77
14297,144
14297,222
14297,312
14297,338
14297,378
14297,387
14297,462
14297,609
14297,678
14297,838
14297,878
14298,30
14298,314
14298,525
14298,554
14298,615
14298,749
14298,752
14298,814
14298,817
14299,49
14299,146
14299,337
14299,567
14299,595
14299,658
14300,2
14300,182
14300,315
14300,525
14300,526
14300,531
14300,613
14300,795
14300,983
14301,2
14301,315
14301,609
14301,613
14301,795
14302,30
14302,77
14302,82
14302,240
14302,609
14302,750
14302,858
14302,912
14303,131
14303,352
14303,354
14303,613
14303,710
14304,471
14304,595
14304,658
14304,741
14304,842
14305,77
14305,82
14305,222
14305,246
14305,262
14305,338
14305,525
14305,531
14305,535
14305,619
14305,640
14305,773
14306,324
14306,352
14306,354
14306,492
14306,525
14306,613
14306,705
14306,849
14306,866
14307,30
14307,316
14307,613
14307,718
14307,906
14308,30
14308,231
14308,457
14308,525
14308,554
14308,858
14308,915
14309,30
14309,222
14309,316
14309,400
14309,613
14309,718
14309,906
14310,33
14310,38
14310,88
14310,210
14310,378
14310,414
14310,489
14310,678
14310,718
14310,814
14310,838
14311,30
14311,114
14311,297
14311,315
14311,322
14311,627
14311,656
14311,760
14311,814
14311,878
14311,915
14311,931
14312,184
14312,613
14313,101
14313,125
14313,146
14313,264
14313,337
14313,462
14313,567
14313,595
14313,718
14313,757
14313,814
14313,837
14314,38
14314,354
14314,378
14314,814
14314,828
14315,430
14315,642
14315,718
14315,814
14316,55
14316,182
14316,315
14316,609
14316,795
14316,949
14317,2
14317,182
14317,315
14317,404
14317,525
14317,526
14317,613
14317,795
14318,38
14318,154
14318,275
14318,430
14318,626
14318,642
14318,814
14318,928
14319,30
14319,462
14319,502
14319,525
14319,613
14319,631
14319,849
14319,906
14320,1
14320,29
14320,38
14320,363
14320,378
14320,419
14320,430
14320,446
14320,613
14320,642
14320,678
14320,705
14320,814
14320,838
14320,866
14321,30
14321,137
14321,240
14321,457
14321,554
14321,858
14322,131
14322,352
14322,354
14322,525
14322,613
14323,60
14323,299
14324,30
14324,912
14325,38
14325,352
14325,354
14325,492
14325,613
14325,678
14325,838
14326,1
14326,25
14326,430
14326,531
14326,613
14326,756
14327,125
14327,131
14327,354
14327,506
14327,531
14327,814
14327,828
14328,316
14328,352
14328,354
14328,613
14328,718
14329,125
14329,290
14329,489
14329,609
14329,693
14329,814
14330,77
14330,173
14330,718
14330,891
14331,30
14331,231
14331,457
14331,554
14331,858
14331,912
14332,30
14332,38
14332,40
14332,63
14332,77
14332,227
14332,240
14332,287
14332,378
14332,457
14332,462
14332,525
14332,628
14332,656
14332,750
14332,806
14332,838
14332,858
14332,912
14333,182
14333,315
14333,795
14333,949
14334,30
14334,613
14334,906
14334,984
14335,609
14335,613
14336,354
14336,506
14336,525
14336,814
14336,828
14337,15
14337,30
14337,227
14337,502
14337,525
14337,613
14337,653
14337,752
14337,862
14337,906
14337,912
14338,30
14338,63
14338,227
14338,656
14338,806
14338,862
14338,912
14339,474
14339,533
14339,595
14339,658
14339,685
14339,741
14340,112
14340,184
14340,613
14340,718
14340,928
14341,131
14341,352
14341,354
14341,531
14341,613
14342,30
14342,38
14342,63
14342,227
14342,387
14342,462
14342,525
14342,531
14342,613
14342,656
14342,678
14342,752
14342,906
14342,912
14343,2
14343,45
14343,55
14343,315
14343,613
14343,636
14343,795
14343,949
14344,33
14344,68
14344,88
14344,210
14344,489
14344,634
14344,693
14344,718
14344,814
14345,30
14345,613
14345,906
14345,921
14346,38
14346,77
14347,352
14347,354
14347,613
14347,814
14347,828
14348,68
14348,88
14348,174
14348,210
14348,489
14348,718
14348,814
14348,891
14348,928
14349,352
14349,354
14349,613
14349,814
14349,828
14350,77
14350,144
14350,387
14350,462
14351,38
14351,525
14351,693
14351,814
14351,903
14352,30
14352,531
14352,554
14352,912
14353,203
14353,337
14353,595
14354,33
14354,38
14354,210
14354,290
14354,314
14354,378
14354,489
14354,678
14354,693
14354,718
14354,814
14354,817
14354,838
14354,878
14354,931
14354,989
14355,77
14355,240
14355,858
14356,324
14356,613
14356,928
14356,984
14357,38
14357,88
14357,125
14357,378
14357,462
14357,489
14357,531
14357,619
14357,757
14357,814
14357,838
14357,931
14357,981
14358,30
14358,216
14358,227
14358,462
14358,502
14358,613
14358,906
14359,15
14359,30
14359,63
14359,227
14359,862
14359,912
14359,981
14360,33
14360,125
14360,288
14360,336
14360,354
14360,430
14360,609
14360,642
14360,718
14360,814
14360,828
14361,1
14361,33
14361,352
14361,354
14361,430
14361,613
14361,700
14361,718
14361,985
14362,471
14362,595
14362,741
14362,925
14363,131
14363,352
14363,354
14363,431
14363,509
14363,604
14363,613
14363,619
14363,626
14363,710
14363,928
14364,363
14364,525
14364,613
14364,921
14365,125
14365,174
14365,531
14365,718
14365,814
14365,891
14366,30
14366,231
14366,240
14366,457
14366,554
14366,653
14366,858
14367,2
14367,55
14367,315
14367,525
14367,613
14367,795
14367,949
14368,30
14368,38
14368,231
14368,378
14368,457
14368,554
14368,609
14368,752
14368,838
14368,858
14368,989
14369,33
14369,38
14369,378
14369,414
14369,430
14369,642
14369,718
14369,814
14370,30
14370,240
14370,387
14370,457
14370,656
14370,750
14370,858
14370,912
14371,184
14371,613
14372,352
14372,354
14372,492
14372,613
14373,352
14373,354
14373,609
14373,613
14374,60
14374,163
14374,438
14374,595
14374,762
14374,790
14374,925
14375,322
14375,324
14375,613
14375,910
14375,984
14376,125
14376,419
14376,446
14376,525
14376,531
14376,615
14376,619
14376,705
14376,724
14376,814
14376,931
14377,30
14377,37
14377,62
14377,457
14377,570
14377,656
14377,851
14377,858
14378,146
14378,337
14378,567
14378,595
14378,741
14378,925
14379,37
14379,106
14379,503
14379,595
14379,780
14379,827
14379,863
14379,899
14380,1
14380,25
14380,352
14380,354
14380,430
14380,613
14380,700
14381,30
14381,222
14381,240
14381,457
14381,656
14381,750
14381,858
14381,912
14382,38
14382,222
14382,525
14382,531
14382,619
14382,678
14382,838
14382,870
14383,33
14383,125
14383,210
14383,267
14383,348
14383,354
14383,414
14383,483
14383,486
14383,492
14383,506
14383,609
14383,672
14383,693
14383,718
14383,814
14383,817
14383,828
14384,55
14384,182
14384,315
14384,404
14384,525
14384,526
14384,609
14384,795
14384,949
14385,2
14385,137
14385,182
14385,240
14385,315
14385,404
14385,613
14385,795
14385,858
14385,949
14386,613
14387,30
14387,114
14387,125
14387,315
14387,554
14387,635
14387,718
14387,814
14388,1
14388,38
14388,240
14388,284
14388,288
14388,352
14388,354
14388,378
14388,385
14388,430
14388,492
14388,613
14388,642
14388,814
14388,828
14388,838
14388,858
14389,30
14389,63
14389,227
14389,525
14389,862
14389,912
14390,324
14390,336
14390,613
14390,984
14391,337
14391,595
14391,782
14392,222
14392,280
14392,525
14392,893
14393,613
14393,921
14393,984
14394,613
14394,718
14394,891
14395,30
14395,88
14395,430
14395,615
14395,749
14395,814
14396,222
14396,531
14396,805
14396,858
14397,77
14397,185
14397,314
14397,429
14397,531
14397,814
14398,33
14398,414
14398,693
14398,718
14398,814
14399,352
14399,354
14399,609
14399,613
14399,921
14400,70
14400,533
14400,595
14400,685
14401,38
14401,77
14401,144
14401,462
14401,525
14401,678
14401,757
14401,814
14401,838
14401,945
14402,146
14402,337
14402,567
14402,595
14402,685
14402,766
14402,988
14403,352
14403,354
14403,492
14403,525
14403,613
14403,849
14404,30
14404,222
14404,240
14404,280
14404,307
14404,372
14404,457
14404,525
14404,655
14404,844
14404,858
14404,900
14404,912
14405,38
14405,60
14405,315
14405,526
14405,718
14405,790
14405,795
14405,875
14405,876
14405,959
14406,2
14406,38
14406,55
14406,315
14406,526
14406,613
14406,959
14407,30
14407,387
14407,806
14407,912
14408,337
14408,567
14408,595
14408,925
14409,2
14409,38
14409,182
14409,315
14409,316
14409,526
14409,531
14409,613
14409,795
14410,146
14410,595
14410,925
14411,30
14411,538
14411,718
14411,912
14412,182
14412,316
14412,418
14412,531
14412,949
14413,2
14413,315
14413,371
14413,404
14413,526
14413,609
14413,613
14413,795
14414,30
14414,525
14414,554
14414,613
14414,921
14415,184
14415,613
14415,718
14416,77
14416,82
14416,531
14416,718
14416,814
14416,887
14417,88
14417,125
14417,210
14417,489
14417,531
14417,718
14417,814
14417,887
14418,182
14418,315
14418,404
14418,795
14419,30
14419,38
14419,77
14419,144
14419,275
14419,430
14419,462
14419,609
14419,628
14419,757
14419,814
14419,912
14420,30
14420,227
14420,375
14420,462
14420,525
14420,693
14420,757
14420,814
14420,817
14420,903
14421,125
14421,174
14421,387
14421,506
14421,606
14421,609
14421,718
14421,814
14421,891
14422,33
14422,38
14422,77
14422,378
14422,678
14422,718
14422,838
14423,131
14423,352
14423,354
14423,613
14424,77
14424,144
14424,462
14424,538
14424,718
14425,77
14425,144
14425,240
14425,462
14425,750
14425,858
14426,316
14426,352
14426,354
14426,613
14426,718
14427,125
14427,174
14427,321
14427,354
14427,531
14427,718
14427,814
14427,828
14427,891
14428,112
14428,184
14428,201
14428,613
14429,70
14429,533
14429,595
14429,685
14430,49
14430,146
14430,337
14430,595
14430,658
14431,77
14431,430
14431,693
14431,814
14432,462
14432,489
14432,757
14432,814
14433,77
14433,144
14433,387
14433,462
14433,609
14434,30
14434,33
14434,50
14434,554
14434,656
14434,718
14434,749
14434,912
14435,15
14435,30
14435,111
14435,231
14435,457
14435,525
14435,554
14435,752
14435,858
14435,912
14436,114
14436,182
14436,315
14436,375
14436,404
14436,526
14436,795
14436,814
14436,983
14437,70
14437,474
14437,533
14437,595
14437,685
14437,983
14438,2
14438,38
14438,55
14438,182
14438,315
14438,363
14438,378
14438,475
14438,525
14438,531
14438,613
14438,795
14438,949
14438,984
14439,30
14439,231
14439,307
14439,457
14439,554
14439,656
14439,858
14440,533
14440,595
14440,741
14441,533
14441,595
14441,741
14441,837
14442,429
14442,613
14442,814
14443,337
14443,595
14443,658
14443,685
14443,782
14444,315
14444,404
14444,609
14444,949
14445,30
14445,227
14445,525
14445,656
14445,862
14445,912
14445,981
14446,38
14446,125
14446,387
14446,430
14446,609
14446,642
14446,693
14446,814
14447,174
14447,718
14447,814
14447,891
14448,2
14448,55
14448,315
14448,525
14448,532
14448,613
14448,627
14448,636
14448,795
14449,30
14449,37
14449,72
14449,106
14449,325
14449,457
14449,656
14449,670
14449,858
14449,863
14450,38
14450,125
14450,297
14450,506
14450,531
14450,678
14450,784
14450,800
14450,814
14450,838
14451,38
14451,125
14451,131
14451,354
14451,378
14451,531
14451,678
14451,756
14451,814
14451,828
14451,838
14452,30
14452,538
14452,613
14452,718
14452,906
14452,912
14453,2
14453,137
14453,182
14453,240
14453,315
14453,404
14453,526
14453,613
14453,795
14453,858
14453,949
14454,30
14454,912
14455,38
14455,222
14455,231
14455,307
14455,525
14455,609
14455,655
14455,813
14455,858
14455,893
14456,175
14456,324
14456,613
14456,921
14456,984
14457,33
14457,77
14457,222
14457,609
14457,718
14457,821
14457,893
14458,354
14458,430
14458,642
14458,814
14458,828
14459,38
14459,174
14459,321
14459,354
14459,718
14459,814
14459,828
14459,891
14460,30
14460,525
14460,749
14460,912
14461,2
14461,114
14461,315
14461,336
14461,814
14462,1
14462,38
14462,108
14462,232
14462,288
14462,352
14462,354
14462,378
14462,430
14462,492
14462,613
14462,642
14462,678
14462,814
14462,828
14462,838
14462,903
14463,533
14463,595
14464,38
14464,125
14464,354
14464,378
14464,492
14464,506
14464,609
14464,814
14464,828
14465,1
14465,25
14465,352
14465,379
14465,430
14465,613
14465,700
14466,30
14466,125
14466,554
14466,609
14466,760
14466,814
14466,878
14466,931
14467,231
14467,315
14467,626
14467,758
14467,858
14467,928
14467,949
14468,15
14468,30
14468,693
14468,814
14468,912
14469,37
14469,146
14469,325
14469,503
14469,595
14469,780
14469,899
14470,352
14470,354
14470,492
14470,613
14471,525
14471,613
14471,814
14472,33
14472,77
14472,144
14472,462
14472,475
14472,718
14473,506
14473,525
14473,613
14473,814
14474,1
14474,38
14474,125
14474,131
14474,352
14474,354
14474,378
14474,430
14474,525
14474,531
14474,613
14474,642
14474,678
14474,700
14474,814
14474,828
14474,838
14475,77
14475,144
14475,185
14475,314
14475,387
14475,525
14475,757
14475,814
14475,862
14476,33
14476,324
14476,613
14477,38
14477,125
14477,290
14477,297
14477,489
14477,525
14477,609
14477,627
14477,678
14477,814
14477,838
14478,49
14478,146
14478,218
14478,337
14478,595
14478,988
14479,15
14479,30
14479,38
14479,206
14479,227
14479,240
14479,378
14479,462
14479,525
14479,629
14479,678
14479,752
14479,838
14479,858
14479,912
14480,101
14480,146
14480,337
14480,499
14480,567
14480,595
14481,15
14481,30
14481,111
14481,206
14481,227
14481,240
14481,462
14481,525
14481,554
14481,752
14481,858
14481,912
14482,471
14482,595
14482,741
14482,925
14483,1
14483,131
14483,324
14483,352
14483,379
14483,430
14483,613
14484,250
14484,324
14484,613
14485,38
14485,125
14485,378
14485,430
14485,525
14485,531
14485,642
14485,756
14485,814
14485,923
14486,2
14486,33
14486,38
14486,182
14486,315
14486,378
14486,404
14486,526
14486,613
14486,795
14486,983
14487,1
14487,38
14487,430
14487,613
14487,642
14487,678
14487,814
14488,240
14488,287
14488,531
14488,814
14488,858
14489,2
14489,231
14489,315
14489,336
14489,352
14489,354
14489,609
14489,613
14489,858
14490,77
14490,144
14490,462
14491,33
14491,38
14491,240
14491,372
14491,385
14491,462
14491,609
14491,718
14491,757
14491,814
14491,819
14491,832
14491,858
14491,878
14491,931
14492,25
14492,184
14492,613
14493,489
14493,814
14494,25
14494,30
14494,111
14494,227
14494,340
14494,502
14494,613
14494,862
14494,906
14495,30
14495,131
14495,352
14495,354
14495,554
14495,613
14495,906
14496,182
14496,315
14496,404
14496,531
14496,795
14496,949
14497,182
14497,315
14497,404
14497,526
14497,531
14497,795
14497,949
14498,613
14498,921
14499,131
14499,352
14499,354
14499,525
14499,613
14499,928
14500,49
14500,146
14500,218
14500,595
14500,685
14500,988
14501,2
14501,182
14501,315
14501,526
14501,613
14501,795
14501,983
14502,30
14502,240
14502,287
14502,385
14502,426
14502,457
14502,531
14502,554
14502,606
14502,693
14502,718
14502,791
14502,814
14502,819
14502,858
14502,887
14502,932
14503,33
14503,125
14503,210
14503,337
14503,354
14503,486
14503,562
14503,595
14503,658
14503,685
14503,718
14503,782
14503,814
14503,817
14503,828
14504,2
14504,33
14504,315
14504,318
14504,404
14504,526
14504,613
14504,795
14505,30
14505,55
14505,137
14505,182
14505,231
14505,240
14505,315
14505,457
14505,525
14505,554
14505,656
14505,795
14505,858
14505,949
14506,33
14506,267
14506,318
14506,348
14506,352
14506,354
14506,531
14506,613
14506,672
14506,710
14506,718
14506,834
14507,216
14507,324
14507,336
14507,613
14508,2
14508,315
14508,613
14508,795
14509,533
14509,595
14509,741
14509,827
14510,70
14510,533
14510,595
14510,685
14511,2
14511,315
14511,526
14511,582
14511,613
14511,795
14511,983
14512,6
14512,453
14512,474
14512,533
14512,595
14512,827
14513,184
14513,613
14513,718
14514,533
14514,595
14515,30
14515,240
14515,372
14515,457
14515,525
14515,609
14515,656
14515,750
14515,752
14515,858
14515,912
14516,352
14516,354
14516,492
14516,525
14516,613
14516,814
14516,828
14517,15
14517,30
14517,137
14517,240
14517,457
14517,554
14517,858
14517,912
14518,533
14518,595
14518,658
14519,429
14519,613
14520,114
14520,315
14520,316
14520,531
14521,77
14521,88
14521,144
14521,304
14521,462
14521,525
14521,659
14521,757
14521,814
14521,981
14522,2
14522,315
14522,509
14522,526
14522,604
14522,613
14522,626
14522,758
14522,795
14522,878
14522,928
14523,77
14523,387
14523,609
14524,471
14524,595
14524,741
14524,925
14525,1
14525,430
14525,506
14525,525
14525,613
14525,642
14525,814
14526,2
14526,30
14526,38
14526,240
14526,315
14526,378
14526,457
14526,525
14526,604
14526,613
14526,760
14526,832
14526,858
14526,878
14526,906
14526,949
14527,352
14527,354
14527,525
14527,613
14528,613
14529,324
14529,352
14529,354
14529,492
14529,525
14529,613
14529,705
14529,866
14530,2
14530,315
14530,526
14530,532
14530,582
14530,613
14530,627
14530,795
14530,983
14531,30
14531,718
14531,891
14531,912
14532,15
14532,30
14532,457
14532,629
14532,750
14532,858
14532,912
14533,25
14533,67
14533,324
14533,532
14533,613
14533,627
14533,921
14534,30
14534,240
14534,457
14534,525
14534,750
14534,858
14534,912
14535,30
14535,531
14535,554
14535,656
14535,814
14535,817
14535,912
14536,30
14536,38
14536,314
14536,378
14536,525
14536,615
14536,678
14536,749
14536,806
14536,814
14536,912
14537,2
14537,55
14537,182
14537,315
14537,363
14537,525
14537,613
14537,915
14538,222
14538,246
14538,280
14538,718
14538,944
14539,81
14539,222
14539,525
14539,813
14539,893
14539,902
14540,30
14540,313
14540,444
14540,538
14540,718
14540,749
14540,791
14541,30
14541,72
14541,106
14541,656
14541,670
14541,863
14542,2
14542,182
14542,315
14542,330
14542,404
14542,429
14542,526
14542,795
14542,983
14543,2
14543,55
14543,182
14543,315
14543,387
14543,525
14543,613
14543,795
14543,921
14543,949
14544,67
14544,324
14544,336
14544,613
14544,850
14545,336
14545,525
14545,613
14545,810
14546,324
14546,613
14547,25
14547,324
14547,613
14547,921
14548,25
14548,324
14548,613
14549,30
14549,525
14549,554
14549,656
14549,752
14549,912
14550,354
14550,701
14550,814
14550,828
14551,25
14551,89
14551,222
14551,525
14551,613
14551,640
14552,222
14552,718
14552,944
14553,2
14553,30
14553,240
14553,315
14553,457
14553,525
14553,613
14553,795
14553,858
14553,906
14553,949
14554,525
14554,613
14555,33
14555,222
14555,718
14555,858
14555,902
14556,25
14556,112
14556,184
14556,201
14556,613
14557,125
14557,354
14557,506
14557,525
14557,531
14557,814
14557,828
14558,2
14558,182
14558,315
14558,404
14558,526
14558,613
14558,795
14558,984
14559,135
14559,359
14559,613
14559,718
14559,814
14559,864
14560,30
14560,912
14561,30
14561,554
14561,656
14561,912
14562,112
14562,314
14562,352
14562,354
14562,492
14562,506
14562,525
14562,613
14562,814
14562,828
14563,30
14563,525
14563,613
14563,656
14563,806
14563,906
14563,915
14564,77
14564,81
14564,222
14564,262
14564,525
14564,609
14564,893
14565,15
14565,30
14565,749
14565,912
14566,30
14566,137
14566,457
14566,525
14566,554
14566,750
14566,858
14566,912
14567,125
14567,210
14567,354
14567,466
14567,492
14567,506
14567,531
14567,619
14567,632
14567,781
14567,814
14567,828
14568,77
14568,82
14568,185
14568,254
14568,525
14568,609
14569,30
14569,227
14569,525
14569,615
14569,693
14569,749
14569,757
14569,814
14569,862
14570,30
14570,77
14570,82
14570,125
14570,333
14570,525
14570,531
14570,554
14570,814
14571,25
14571,30
14571,112
14571,216
14571,324
14571,613
14571,906
14571,910
14571,984
14572,25
14572,131
14572,352
14572,354
14572,525
14572,613
14572,849
14572,921
14573,15
14573,30
14573,63
14573,227
14573,322
14573,457
14573,525
14573,629
14573,750
14573,819
14573,858
14573,862
14573,912
14574,77
14574,82
14574,354
14574,492
14574,525
14575,77
14575,82
14575,222
14575,262
14575,472
14575,870
14575,893
14576,30
14576,63
14576,130
14576,227
14576,304
14576,525
14576,656
14576,862
14576,912
14576,915
14577,25
14577,67
14577,324
14577,352
14577,354
14577,525
14577,613
14577,631
14577,849
14577,850
14578,30
14578,33
14578,131
14578,231
14578,354
14578,554
14578,609
14578,858
14579,15
14579,30
14579,137
14579,372
14579,457
14579,525
14579,554
14579,752
14579,858
14580,5
14580,77
14580,144
14580,304
14580,525
14580,531
14580,757
14580,773
14580,814
14580,862
14580,945
14581,2
14581,45
14581,55
14581,182
14581,315
14581,613
14581,795
14581,983
14582,15
14582,30
14582,63
14582,227
14582,387
14582,462
14582,609
14582,912
14583,337
14583,567
14583,595
14583,789
14583,925
14583,934
14584,337
14584,595
14584,741
14584,925
14585,125
14585,489
14585,531
14585,615
14585,632
14585,814
14585,903
14586,15
14586,30
14586,63
14586,137
14586,227
14586,372
14586,457
14586,462
14586,554
14586,750
14586,805
14586,819
14586,858
14586,912
14587,125
14587,333
14587,354
14587,506
14587,525
14587,531
14587,781
14587,814
14587,828
14588,77
14588,222
14588,262
14588,387
14588,525
14588,821
14588,893
14589,324
14589,525
14589,613
14589,710
14589,984
14590,2
14590,45
14590,55
14590,315
14590,525
14590,526
14590,613
14590,795
14590,858
14590,949
14591,2
14591,45
14591,55
14591,182
14591,315
14591,375
14591,525
14591,526
14591,613
14591,795
14592,77
14592,82
14592,125
14592,333
14592,387
14592,525
14592,531
14592,781
14592,814
14593,30
14593,137
14593,457
14593,525
14593,531
14593,554
14593,752
14593,805
14593,858
14594,25
14594,613
14594,921
14595,30
14595,372
14595,387
14595,457
14595,525
14595,531
14595,750
14595,858
14595,912
14596,352
14596,354
14596,613
14597,77
14597,82
14597,222
14597,276
14597,312
14597,338
14597,525
14597,535
14597,609
14597,724
14597,878
14598,2
14598,45
14598,55
14598,182
14598,315
14598,613
14598,949
14599,125
14599,333
14599,525
14599,609
14599,724
14599,814
14599,878
14599,931
14600,77
14600,262
14600,387
14600,781
14601,1
14601,216
14601,430
14601,613
14601,910
14602,88
14602,102
14602,125
14602,210
14602,354
14602,489
14602,492
14602,506
14602,531
14602,619
14602,632
14602,707
14602,781
14602,814
14602,817
14602,828
14602,931
14603,324
14603,525
14603,613
14603,921
14603,984
14604,471
14604,595
14604,741
14605,30
14605,137
14605,287
14605,457
14605,554
14605,805
14605,858
14606,190
14607,6
14607,157
14607,171
14607,337
14607,453
14607,595
14607,951
14607,970
14608,131
14608,324
14608,352
14608,354
14608,613
14608,921
14609,352
14609,354
14609,363
14609,525
14609,609
14609,613
14609,626
14609,850
14609,928
14610,190
14611,354
14611,492
14611,525
14611,626
14611,698
14611,814
14611,817
14611,828
14611,928
14612,15
14612,30
14612,130
14612,147
14612,206
14612,227
14612,287
14612,304
14612,372
14612,419
14612,457
14612,525
14612,609
14612,705
14612,750
14612,752
14612,831
14612,858
14612,862
14612,912
14613,1
14613,430
14613,613
14613,642
14613,757
14613,814
14613,945
14614,2
14614,45
14614,55
14614,137
14614,182
14614,240
14614,315
14614,526
14614,613
14614,795
14614,858
14614,949
14615,2
14615,45
14615,55
14615,182
14615,315
14615,526
14615,613
14615,795
14615,983
14616,67
14616,131
14616,324
14616,352
14616,354
14616,525
14616,613
14616,850
14617,2
14617,55
14617,315
14617,525
14617,532
14617,613
14617,627
14617,921
14618,125
14618,290
14618,354
14618,489
14618,525
14618,609
14618,698
14618,707
14618,814
14618,828
14618,903
14618,928
14619,88
14619,125
14619,183
14619,210
14619,333
14619,351
14619,419
14619,446
14619,489
14619,506
14619,525
14619,531
14619,615
14619,619
14619,678
14619,705
14619,707
14619,724
14619,781
14619,814
14619,903
14619,931
14620,125
14620,340
14620,354
14620,506
14620,531
14620,626
14620,632
14620,693
14620,814
14620,817
14620,828
14620,928
14620,989
14621,1
14621,288
14621,352
14621,354
14621,430
14621,492
14621,613
14621,642
14621,814
14621,828
14622,125
14622,210
14622,333
14622,506
14622,531
14622,619
14622,757
14622,781
14622,814
14622,862
14622,903
14622,931
14623,60
14623,245
14623,315
14623,476
14623,580
14623,928
14624,352
14624,354
14624,613
14625,30
14625,137
14625,457
14625,554
14625,609
14625,750
14625,752
14625,760
14625,832
14625,858
14625,878
14625,912
14626,60
14626,198
14626,245
14626,476
14626,525
14626,579
14626,580
14626,795
14626,928
14627,30
14627,40
14627,63
14627,227
14627,475
14627,525
14627,752
14627,806
14627,862
14627,912
14628,2
14628,55
14628,231
14628,315
14628,526
14628,613
14628,795
14628,858
14628,949
14629,525
14629,613
14630,77
14630,222
14630,262
14630,531
14630,807
14630,813
14630,821
14630,858
14630,893
14631,15
14631,30
14631,63
14631,130
14631,227
14631,304
14631,475
14631,525
14631,752
14631,862
14631,912
14632,15
14632,30
14632,63
14632,130
14632,147
14632,206
14632,227
14632,304
14632,475
14632,705
14632,862
14632,912
14633,525
14633,613
14633,849
14633,921
14634,5
14634,77
14634,82
14634,144
14634,206
14634,304
14634,387
14634,462
14634,531
14634,566
14634,781
14635,30
14635,88
14635,125
14635,333
14635,489
14635,531
14635,554
14635,707
14635,814
14636,15
14636,30
14636,457
14636,629
14636,750
14636,858
14636,912
14637,2
14637,55
14637,315
14637,525
14637,613
14637,795
14637,921
14637,983
14638,30
14638,210
14638,554
14638,615
14638,749
14638,814
14638,817
14638,989
14639,30
14639,210
14639,466
14639,525
14639,554
14639,693
14639,752
14639,814
14639,817
14640,25
14640,324
14640,352
14640,354
14640,492
14640,609
14640,613
14641,222
14641,231
14641,276
14641,387
14641,525
14641,531
14641,858
14641,893
14642,125
14642,609
14642,613
14642,814
14643,30
14643,222
14643,231
14643,457
14643,525
14643,554
14643,609
14643,752
14643,858
14643,893
14644,131
14644,352
14644,354
14644,525
14644,613
14644,849
14645,125
14645,210
14645,531
14645,615
14645,814
14646,489
14646,615
14646,693
14646,707
14646,814
14647,190
14648,77
14648,82
14648,144
14648,387
14649,131
14649,352
14649,354
14649,531
14649,613
14650,324
14650,525
14650,532
14650,613
14650,627
14650,921
14651,15
14651,30
14651,457
14651,525
14651,629
14651,752
14651,858
14652,2
14652,45
14652,55
14652,315
14652,526
14652,613
14652,795
14652,983
14653,35
14653,55
14653,114
14653,125
14653,182
14653,315
14653,525
14653,531
14653,795
14653,814
14654,125
14654,333
14654,506
14654,531
14654,693
14654,781
14654,814
14654,959
14655,2
14655,45
14655,55
14655,315
14655,613
14655,795
14656,15
14656,30
14656,457
14656,525
14656,629
14656,752
14656,858
14657,6
14657,171
14657,337
14657,595
14657,925
14658,6
14658,49
14658,146
14658,337
14658,595
14658,789
14658,925
14658,960
14659,125
14659,363
14659,375
14659,446
14659,462
14659,525
14659,609
14659,632
14659,705
14659,757
14659,814
14659,817
14660,525
14660,613
14661,532
14661,613
14661,627
14661,921
14662,1
14662,284
14662,288
14662,352
14662,354
14662,430
14662,613
14663,15
14663,30
14663,525
14663,752
14663,806
14663,912
14664,77
14664,82
14664,387
14665,525
14665,531
14665,613
14665,710
14665,849
14665,910
14665,946
14666,30
14666,137
14666,457
14666,554
14666,749
14666,752
14666,858
14666,912
14667,30
14667,147
14667,210
14667,351
14667,419
14667,446
14667,466
14667,525
14667,554
14667,678
14667,705
14667,752
14667,814
14667,817
14667,989
14668,30
14668,457
14668,531
14668,627
14668,800
14668,858
14669,157
14669,337
14669,595
14669,741
14669,925
14669,928
14670,30
14670,525
14670,531
14670,554
14670,656
14670,749
14670,752
14670,806
14670,912
14671,525
14671,613
14672,30
14672,531
14672,752
14672,806
14672,912
14673,25
14673,525
14673,613
14673,807
14673,858
14673,984
14674,5
14674,77
14674,125
14674,144
14674,206
14674,304
14674,333
14674,351
14674,419
14674,446
14674,462
14674,525
14674,609
14674,659
14674,678
14674,705
14674,757
14674,781
14674,814
14675,25
14675,30
14675,33
14675,50
14675,130
14675,147
14675,216
14675,227
14675,304
14675,318
14675,348
14675,462
14675,502
14675,613
14675,705
14675,833
14675,834
14675,866
14675,906
14675,913
14676,55
14676,114
14676,125
14676,315
14676,333
14676,489
14676,795
14676,814
14677,5
14677,77
14677,125
14677,144
14677,304
14677,387
14677,446
14677,462
14677,525
14677,539
14677,566
14677,609
14677,659
14677,678
14677,705
14677,757
14677,814
14678,30
14678,77
14678,130
14678,144
14678,227
14678,304
14678,338
14678,419
14678,446
14678,462
14678,525
14678,705
14678,724
14678,757
14678,814
14678,878
14678,912
14678,931
14678,945
14679,336
14679,525
14679,604
14679,613
14679,878
14679,910
14679,946
14680,5
14680,77
14680,144
14680,276
14680,304
14680,387
14680,566
14680,817
14681,2
14681,45
14681,55
14681,182
14681,315
14681,526
14681,613
14681,795
14681,906
14681,915
14682,30
14682,137
14682,240
14682,457
14682,525
14682,554
14682,656
14682,752
14682,805
14682,858
14683,693
14683,710
14683,814
14684,25
14684,322
14684,525
14684,609
14684,613
14684,910
14685,19
14685,471
14685,595
14685,741
14685,842
14685,925
14686,125
14686,333
14686,352
14686,354
14686,431
14686,492
14686,506
14686,604
14686,609
14686,613
14686,781
14686,814
14686,828
14686,878
14686,931
14687,151
14687,471
14687,595
14687,741
14687,925
14688,15
14688,30
14688,137
14688,231
14688,457
14688,525
14688,554
14688,629
14688,817
14688,858
14689,2
14689,35
14689,55
14689,182
14689,315
14689,525
14689,531
14689,613
14689,949
14690,77
14690,82
14690,144
14690,525
14690,531
14691,352
14691,354
14691,492
14691,525
14691,613
14691,814
14691,828
14692,222
14692,372
14692,525
14692,858
14692,893
14692,902
14692,935
14693,77
14693,82
14693,125
14693,144
14693,333
14693,609
14693,757
14693,814
14694,30
14694,387
14694,525
14694,656
14694,752
14694,806
14694,912
14695,352
14695,354
14695,492
14695,525
14695,609
14695,613
14696,35
14696,45
14696,55
14696,182
14696,315
14696,531
14696,795
14696,949
14697,125
14697,210
14697,304
14697,333
14697,462
14697,525
14697,609
14697,659
14697,757
14697,814
14697,878
14697,931
14697,945
14698,125
14698,290
14698,333
14698,489
14698,609
14698,698
14698,707
14698,814
14698,915
14699,5
14699,77
14699,144
14699,304
14699,336
14699,462
14699,525
14699,757
14699,814
14700,2
14700,35
14700,315
14700,526
14700,609
14700,613
14700,795
14700,983
14701,304
14701,659
14701,701
14701,707
14701,757
14701,814
14701,862
14701,928
14701,945
14702,30
14702,385
14702,457
14702,525
14702,750
14702,814
14702,858
14702,912
14703,33
14703,125
14703,290
14703,333
14703,354
14703,489
14703,609
14703,814
14703,817
14703,828
14704,336
14704,352
14704,354
14704,613
14704,946
14705,30
14705,222
14705,457
14705,640
14705,819
14705,858
14705,900
14705,902
14705,935
14706,15
14706,30
14706,137
14706,240
14706,457
14706,525
14706,554
14706,752
14706,805
14706,858
14707,55
14707,88
14707,114
14707,297
14707,315
14707,489
14707,627
14707,781
14707,795
14707,814
14707,959
14708,131
14708,352
14708,354
14708,525
14708,613
14709,35
14709,45
14709,55
14709,182
14709,315
14709,526
14709,609
14709,795
14709,949
14710,2
14710,45
14710,55
14710,315
14710,525
14710,526
14710,613
14710,795
14711,30
14711,137
14711,457
14711,525
14711,554
14711,749
14711,858
14711,912
14712,5
14712,77
14712,82
14712,144
14712,304
14713,30
14713,88
14713,489
14713,506
14713,525
14713,814
14714,35
14714,55
14714,182
14714,315
14714,525
14714,531
14714,795
14714,949
14715,88
14715,174
14715,210
14715,489
14715,606
14715,707
14715,718
14715,814
14715,891
14715,928
14716,30
14716,227
14716,375
14716,451
14716,536
14716,718
14716,760
14716,791
14716,862
14716,878
14716,989
14717,15
14717,30
14717,137
14717,240
14717,375
14717,457
14717,554
14717,752
14717,805
14717,858
14718,290
14718,297
14718,489
14718,627
14718,693
14718,707
14718,814
14719,5
14719,77
14719,144
14719,206
14719,304
14719,525
14719,659
14719,757
14719,814
14719,862
14720,352
14720,354
14720,492
14720,613
14721,125
14721,231
14721,333
14721,354
14721,492
14721,506
14721,609
14721,814
14721,828
14721,858
14722,15
14722,30
14722,231
14722,457
14722,554
14722,629
14722,752
14722,858
14722,912
14723,2
14723,55
14723,315
14723,526
14723,582
14723,613
14723,795
14723,983
14724,125
14724,210
14724,290
14724,304
14724,462
14724,489
14724,525
14724,609
14724,659
14724,707
14724,757
14724,781
14724,814
14724,903
14725,25
14725,89
14725,216
14725,222
14725,276
14725,280
14725,307
14725,613
14725,655
14725,870
14725,893
14726,30
14726,222
14726,307
14726,457
14726,525
14726,655
14726,750
14726,858
14726,912
14726,935
14727,532
14727,613
14727,627
14728,49
14728,337
14728,567
14728,595
14728,741
14728,789
14728,925
14729,470
14729,710
14729,937
14730,327
14730,471
14730,492
14730,595
14730,741
14730,925
14731,49
14731,337
14731,567
14731,595
14731,789
14731,925
14732,55
14732,418
14732,506
14732,531
14732,814
14733,30
14733,227
14733,387
14733,462
14733,525
14733,752
14733,757
14733,814
14734,430
14734,506
14734,642
14734,693
14734,814
14734,903
14735,25
14735,216
14735,525
14735,613
14735,842
14735,849
14736,322
14736,336
14736,604
14736,613
14736,814
14736,878
14736,910
14736,931
14737,525
14737,613
14737,910
14737,921
14738,2
14738,55
14738,315
14738,526
14738,613
14738,795
14738,983
14739,15
14739,30
14739,63
14739,227
14739,387
14739,462
14739,554
14739,609
14739,752
14739,806
14739,912
14740,33
14740,613
14740,921
14740,984
14741,2
14741,45
14741,55
14741,182
14741,315
14741,526
14741,613
14741,795
14741,983
14742,2
14742,30
14742,38
14742,55
14742,137
14742,147
14742,182
14742,240
14742,315
14742,363
14742,419
14742,436
14742,525
14742,554
14742,604
14742,613
14742,705
14742,724
14742,760
14742,795
14742,831
14742,832
14742,849
14742,858
14742,866
14742,878
14742,949
14743,5
14743,77
14743,125
14743,144
14743,231
14743,304
14743,333
14743,506
14743,609
14743,659
14743,757
14743,814
14743,858
14743,862
14744,30
14744,137
14744,240
14744,457
14744,525
14744,554
14744,656
14744,805
14744,858
14745,2
14745,45
14745,55
14745,182
14745,315
14745,526
14745,613
14745,795
14745,983
14746,6
14746,337
14746,567
14746,595
14746,789
14746,925
14747,15
14747,30
14747,63
14747,227
14747,462
14747,609
14747,752
14747,806
14747,912
14748,15
14748,30
14748,387
14748,609
14748,752
14748,806
14748,912
14749,182
14749,315
14749,526
14749,795
14750,2
14750,315
14750,525
14750,613
14750,795
14751,15
14751,30
14751,63
14751,227
14751,387
14751,462
14751,525
14751,609
14751,752
14751,806
14751,912
14752,30
14752,147
14752,351
14752,419
14752,525
14752,656
14752,678
14752,705
14752,749
14752,752
14752,806
14752,912
14753,49
14753,337
14753,380
14753,595
14753,789
14753,837
14753,925
14754,125
14754,333
14754,352
14754,354
14754,492
14754,525
14754,531
14754,613
14754,814
14754,828
14755,30
14755,35
14755,55
14755,182
14755,315
14755,340
14755,348
14755,531
14755,554
14755,807
14755,858
14755,949
14756,216
14756,324
14756,525
14756,613
14756,910
14756,984
14757,216
14757,525
14757,604
14757,613
14757,878
14757,910
14757,932
14758,525
14758,532
14758,613
14758,627
14758,849
14758,921
14759,125
14759,352
14759,354
14759,431
14759,492
14759,604
14759,609
14759,613
14759,632
14759,814
14759,828
14759,878
14759,931
14760,77
14760,82
14760,144
14760,387
14760,462
14760,609
14761,131
14761,352
14761,354
14761,525
14761,613
14761,814
14761,828
14761,985
14762,33
14762,125
14762,267
14762,333
14762,354
14762,414
14762,446
14762,462
14762,492
14762,609
14762,615
14762,678
14762,705
14762,757
14762,781
14762,814
14762,828
14762,833
14763,25
14763,525
14763,613
14764,6
14764,146
14764,337
14764,595
14764,925
14765,60
14765,299
14765,525
14765,790
14765,875
14765,876
14766,33
14766,125
14766,210
14766,267
14766,354
14766,414
14766,486
14766,492
14766,609
14766,632
14766,814
14766,817
14766,828
14767,2
14767,315
14767,360
14767,526
14767,613
14767,795
14767,983
14768,2
14768,33
14768,182
14768,315
14768,318
14768,348
14768,526
14768,613
14768,795
14768,834
14768,983
14769,525
14769,814
14770,324
14770,336
14770,613
14770,984
14771,315
14771,404
14771,525
14771,526
14771,626
14771,758
14771,795
14771,928
14772,2
14772,35
14772,45
14772,55
14772,182
14772,315
14772,526
14772,531
14772,613
14772,795
14772,949
14773,131
14773,352
14773,354
14773,613
14773,814
14773,828
14774,324
14774,613
14774,984
14775,6
14775,171
14775,595
14775,827
14775,925
14775,951
14776,336
14776,532
14776,613
14776,627
14776,946
14777,122
14777,336
14777,609
14777,676
14777,686
14777,932
14777,937
14777,974
14778,533
14778,595
14778,741
14779,15
14779,30
14779,231
14779,457
14779,498
14779,525
14779,531
14779,554
14779,752
14779,858
14780,125
14780,210
14780,340
14780,354
14780,446
14780,466
14780,492
14780,531
14780,632
14780,693
14780,705
14780,814
14780,817
14780,828
14781,6
14781,337
14781,567
14781,595
14781,789
14781,925
14782,35
14782,45
14782,55
14782,315
14782,526
14782,531
14782,795
14782,949
14782,959
14783,613
14784,171
14784,337
14784,595
14784,645
14784,925
14785,337
14785,492
14785,562
14785,595
14785,925
14786,131
14786,352
14786,354
14786,613
14787,471
14787,595
14787,741
14787,925
14788,49
14788,380
14788,595
14788,925
14789,30
14789,77
14789,137
14789,240
14789,385
14789,387
14789,457
14789,525
14789,554
14789,656
14789,750
14789,752
14789,805
14789,814
14789,858
14789,912
14790,382
14790,446
14790,693
14790,705
14790,707
14790,814
14791,131
14791,352
14791,354
14791,525
14791,613
14792,15
14792,30
14792,63
14792,130
14792,227
14792,304
14792,462
14792,628
14792,752
14792,912
14793,284
14793,324
14793,352
14793,354
14793,492
14793,613
14794,30
14794,227
14794,525
14794,757
14794,814
14794,862
14794,912
14795,304
14795,462
14795,525
14795,659
14795,757
14795,814
14795,945
14795,989
14796,30
14796,525
14796,554
14796,752
14796,806
14796,912
14797,2
14797,30
14797,55
14797,137
14797,147
14797,182
14797,315
14797,363
14797,375
14797,419
14797,436
14797,451
14797,525
14797,554
14797,604
14797,613
14797,619
14797,705
14797,724
14797,752
14797,760
14797,795
14797,831
14797,832
14797,849
14797,858
14797,866
14797,949
14798,324
14798,525
14798,613
14798,710
14799,77
14799,222
14799,262
14799,525
14799,821
14799,893
14800,2
14800,35
14800,45
14800,55
14800,182
14800,315
14800,526
14800,531
14800,613
14800,795
14800,949
14801,15
14801,30
14801,63
14801,227
14801,462
14801,912
14802,2
14802,45
14802,55
14802,315
14802,525
14802,526
14802,613
14802,795
14802,983
14803,77
14803,222
14803,262
14803,387
14803,525
14803,646
14803,655
14803,893
14804,131
14804,354
14804,701
14804,814
14804,828
14805,25
14805,30
14805,324
14805,613
14805,906
14805,910
14805,932
14806,35
14806,55
14806,114
14806,125
14806,315
14806,525
14806,526
14806,609
14806,795
14806,814
14806,983
14807,30
14807,525
14807,554
14807,752
14807,806
14807,912
14808,77
14808,81
14808,222
14808,262
14808,609
14808,893
14809,125
14809,304
14809,333
14809,462
14809,525
14809,609
14809,659
14809,757
14809,814
14809,878
14809,931
14809,945
14810,77
14810,222
14810,262
14810,525
14810,821
14810,870
14810,893
14811,30
14811,130
14811,227
14811,304
14811,525
14811,912
14811,915
14812,2
14812,30
14812,55
14812,137
14812,182
14812,315
14812,363
14812,372
14812,419
14812,525
14812,554
14812,604
14812,613
14812,760
14812,832
14812,849
14812,858
14812,878
14812,949
14813,2
14813,45
14813,55
14813,182
14813,315
14813,526
14813,613
14813,795
14813,906
14813,915
14814,2
14814,45
14814,55
14814,182
14814,315
14814,525
14814,526
14814,613
14814,795
14814,983
14815,30
14815,137
14815,457
14815,525
14815,554
14815,752
14815,805
14815,858
14816,15
14816,30
14816,457
14816,629
14816,750
14816,858
14816,912
14817,30
14817,147
14817,457
14817,525
14817,609
14817,705
14817,750
14817,752
14817,805
14817,831
14817,858
14817,912
14818,6
14818,49
14818,146
14818,337
14818,567
14818,595
14818,789
14818,925
14819,360
14819,474
14819,533
14819,595
14820,222
14820,276
14820,525
14820,893
14821,222
14821,276
14821,280
14822,352
14822,354
14822,492
14822,525
14822,609
14822,613
14823,77
14823,82
14823,287
14823,436
14823,525
14823,678
14823,705
14823,750
14823,819
14823,831
14823,858
14824,222
14824,276
14825,77
14825,82
14825,222
14825,262
14825,387
14825,893
14826,2
14826,35
14826,55
14826,315
14826,360
14826,526
14826,609
14826,613
14826,626
14826,795
14826,804
14826,928
14827,25
14827,324
14827,401
14827,613
14828,25
14828,401
14828,613
14829,77
14829,82
14829,222
14829,262
14829,307
14829,655
14829,826
14829,893
14830,68
14830,131
14830,293
14830,345
14830,352
14830,354
14830,466
14830,606
14830,613
14830,698
14830,700
14830,718
14830,814
14830,817
14830,828
14830,891
14831,2
14831,315
14831,609
14831,613
14831,949
14832,30
14832,525
14832,627
14832,656
14832,752
14832,806
14832,912
14833,595
14833,741
14834,125
14834,210
14834,430
14834,531
14834,632
14834,642
14834,814
14834,989
14835,297
14835,430
14835,506
14835,627
14835,642
14835,814
14836,184
14836,613
14837,613
14838,297
14838,506
14838,627
14838,814
14838,915
14839,474
14839,533
14839,595
14840,77
14840,185
14840,254
14840,290
14840,314
14840,489
14840,615
14840,814
14841,30
14841,222
14841,813
14842,360
14842,471
14842,533
14842,595
14842,741
14843,6
14843,337
14843,595
14843,817
14843,919
14843,925
14843,934
14843,989
14844,5
14844,77
14844,82
14844,144
14844,304
14844,462
14845,30
14845,531
14845,615
14845,749
14845,752
14845,814
14846,30
14846,130
14846,227
14846,304
14846,462
14846,912
14847,533
14847,595
14847,683
14847,820
14848,88
14848,131
14848,593
14848,623
14848,657
14848,814
14848,903
14848,916
14848,974
14849,352
14849,354
14849,492
14849,525
14849,613
14850,30
14850,63
14850,130
14850,131
14850,227
14850,304
14850,354
14850,387
14850,566
14850,656
14850,806
14850,862
14850,912
14851,6
14851,157
14851,337
14851,380
14851,595
14851,925
14852,77
14852,750
14852,858
14853,30
14853,125
14853,210
14853,531
14853,615
14853,749
14853,814
14854,474
14854,533
14854,595
14854,741
14854,827
14855,77
14855,125
14855,254
14855,333
14855,340
14855,387
14855,531
14855,781
14855,814
14856,216
14856,322
14856,324
14856,604
14856,613
14856,878
14856,910
14857,77
14857,82
14857,144
14857,531
14857,862
14858,2
14858,182
14858,315
14858,401
14858,613
14858,795
14858,983
14859,1
14859,125
14859,333
14859,430
14859,613
14859,642
14859,814
14859,910
14860,352
14860,354
14860,492
14860,613
14860,781
14861,354
14861,814
14861,828
14862,33
14862,336
14862,354
14862,814
14862,828
14863,2
14863,45
14863,55
14863,315
14863,526
14863,532
14863,613
14863,627
14863,795
14863,842
14863,983
14864,60
14864,141
14864,461
14864,696
14865,69
14865,474
14865,533
14865,595
14866,354
14866,525
14866,701
14866,710
14866,814
14866,828
14867,25
14867,33
14867,304
14867,318
14867,322
14867,462
14867,502
14867,613
14867,628
14867,833
14867,910
14867,945
14868,352
14868,354
14868,613
14869,340
14869,430
14869,642
14869,814
14870,131
14870,352
14870,354
14870,525
14870,609
14870,613
14871,2
14871,55
14871,182
14871,315
14871,525
14871,526
14871,613
14871,795
14871,949
14872,324
14872,613
14873,49
14873,337
14873,567
14873,595
14873,683
14873,685
14873,789
14874,81
14874,222
14874,276
14874,387
14874,525
14874,893
14875,6
14875,49
14875,171
14875,380
14875,595
14875,925
14876,157
14876,337
14876,595
14876,683
14877,6
14877,337
14877,595
14877,925
14878,184
14878,201
14878,613
14879,5
14879,77
14879,144
14879,304
14879,387
14879,566
14879,817
14879,862
14880,49
14880,337
14880,595
14880,683
14880,789
14881,77
14881,82
14881,222
14881,276
14881,430
14881,535
14882,474
14882,533
14882,595
14882,820
14883,2
14883,35
14883,315
14883,526
14883,531
14883,613
14883,795
14883,959
14884,77
14884,82
14884,219
14884,222
14884,430
14884,870
14885,30
14885,222
14885,392
14886,30
14886,130
14886,227
14886,304
14886,462
14886,628
14886,806
14886,912
14887,222
14887,242
14887,640
14887,718
14887,900
14888,25
14888,30
14888,63
14888,227
14888,502
14888,613
14888,806
14888,862
14888,906
14888,912
14889,2
14889,55
14889,315
14889,525
14889,613
14889,795
14890,30
14890,297
14890,627
14890,760
14890,814
14890,878
14890,931
14891,151
14891,157
14891,453
14891,595
14891,741
14891,925
14892,352
14892,354
14892,492
14892,613
14893,77
14893,82
14893,243
14893,246
14893,262
14893,387
14893,525
14893,531
14893,535
14894,30
14894,387
14894,806
14894,912
14895,30
14895,210
14895,615
14895,749
14895,814
14895,817
14896,15
14896,30
14896,63
14896,111
14896,227
14896,862
14896,912
14897,77
14897,82
14897,262
14897,387
14898,77
14898,82
14898,144
14898,462
14899,5
14899,77
14899,82
14899,144
14899,304
14899,387
14899,566
14899,862
14900,125
14900,131
14900,354
14900,531
14900,632
14900,814
14900,817
14900,828
14901,30
14901,615
14901,619
14901,749
14901,781
14901,814
14902,77
14902,82
14902,219
14902,430
14902,750
14902,858
14903,533
14903,595
14903,820
14904,35
14904,55
14904,182
14904,315
14904,609
14904,795
14904,949
14905,30
14905,222
14905,457
14905,807
14905,813
14905,858
14905,912
14906,474
14906,533
14906,595
14907,77
14907,222
14907,262
14907,525
14907,826
14907,893
14908,1
14908,99
14908,256
14908,288
14908,352
14908,354
14908,430
14908,613
14908,650
14908,660
14908,973
14909,2
14909,35
14909,55
14909,315
14909,340
14909,348
14909,526
14909,531
14909,613
14909,795
14909,834
14909,983
14910,474
14910,533
14910,595
14910,983
14911,46
14911,474
14911,533
14911,595
14911,820
14912,30
14912,615
14912,749
14912,814
14912,912
14913,30
14913,130
14913,227
14913,304
14913,806
14913,912
14914,30
14914,231
14914,457
14914,817
14914,858
14914,912
14915,2
14915,45
14915,55
14915,182
14915,315
14915,526
14915,613
14915,795
14915,983
14916,1
14916,288
14916,352
14916,354
14916,430
14916,613
14916,921
14917,337
14917,380
14917,595
14917,685
14917,925
14918,222
14918,276
14918,870
14919,2
14919,35
14919,55
14919,315
14919,531
14919,613
14919,795
14920,2
14920,55
14920,315
14920,318
14920,340
14920,613
14920,795
14921,613
14921,921
14922,60
14922,595
14922,877
14922,925
14923,60
14923,595
14923,925
14924,595
14924,741
14924,842
14925,30
14925,130
14925,227
14925,304
14925,912
14925,915
14926,184
14926,613
14927,30
14927,130
14927,227
14927,304
14927,502
14927,613
14927,862
14927,906
14927,912
14928,184
14928,613
14929,60
14929,235
14929,272
14929,326
14929,627
14930,33
14930,60
14930,299
14930,790
14930,875
14931,533
14931,595
14931,741
14932,77
14932,144
14932,206
14932,219
14932,430
14932,642
14932,757
14932,814
14932,862
14933,6
14933,380
14933,595
14933,925
14934,32
14934,37
14934,106
14934,140
14934,157
14934,237
14934,258
14934,291
14934,453
14934,503
14934,595
14934,816
14934,827
14934,860
14935,32
14935,106
14935,140
14935,237
14935,258
14935,291
14935,503
14935,595
14935,816
14936,30
14936,227
14936,231
14936,457
14936,525
14936,554
14936,613
14936,858
14936,906
14936,915
14937,77
14937,222
14937,280
14937,307
14937,531
14937,655
14937,750
14937,858
14937,935
14938,25
14938,184
14938,613
14939,506
14939,814
14940,2
14940,30
14940,55
14940,227
14940,315
14940,526
14940,613
14940,795
14940,906
14940,915
14940,949
14941,288
14941,354
14941,430
14941,642
14941,814
14941,828
14942,6
14942,337
14942,595
14942,683
14943,1
14943,131
14943,288
14943,352
14943,354
14943,430
14943,613
14943,642
14943,814
14943,828
14944,60
14945,15
14945,30
14945,240
14945,457
14945,525
14945,629
14945,752
14945,858
14946,32
14946,37
14946,503
14946,595
14946,780
14946,860
14946,863
14946,894
14947,2
14947,35
14947,182
14947,315
14947,526
14947,609
14947,613
14948,60
14948,245
14948,299
14948,525
14948,546
14948,876
14949,474
14949,533
14949,595
14949,820
14949,926
14950,536
14950,606
14950,718
14950,814
14950,864
14951,2
14951,35
14951,182
14951,315
14951,613
14951,795
14951,906
14952,15
14952,30
14952,137
14952,457
14952,525
14952,554
14952,629
14952,752
14952,858
14953,533
14953,595
14954,474
14954,533
14954,595
14955,354
14955,506
14955,525
14955,814
14955,828
14956,89
14956,216
14956,222
14956,525
14956,613
14956,870
14956,902
14956,984
14957,2
14957,35
14957,315
14957,531
14957,613
14957,795
14957,949
14958,533
14958,595
14958,683
14958,820
14959,613
14959,698
14959,814
14960,6
14960,171
14960,337
14960,595
14960,645
14960,683
14961,60
14961,525
14961,709
14961,876
14962,32
14962,37
14962,106
14962,140
14962,258
14962,291
14962,503
14962,595
14962,816
14962,860
14963,182
14963,234
14963,315
14963,526
14963,795
14964,30
14964,525
14964,806
14964,912
14965,30
14965,227
14965,757
14965,814
14965,862
14965,912
14966,474
14966,533
14966,595
14966,683
14966,685
14967,49
14967,146
14967,337
14967,567
14967,595
14967,683
14967,789
14968,99
14968,256
14968,352
14968,354
14968,416
14968,613
14968,973
14969,30
14969,81
14969,222
14969,231
14969,457
14969,858
14969,912
14970,324
14970,613
14970,910
14971,474
14971,533
14971,595
14971,827
14971,919
14972,30
14972,130
14972,206
14972,227
14972,304
14972,606
14972,659
14972,718
14972,757
14972,760
14972,791
14972,814
14972,878
14972,891
14972,912
14972,931
14973,474
14973,533
14973,595
14973,983
14974,324
14974,475
14974,525
14974,613
14974,921
14975,352
14975,354
14975,613
14976,30
14976,206
14976,227
14976,287
14976,372
14976,385
14976,457
14976,525
14976,750
14976,757
14976,814
14976,858
14976,862
14976,912
14976,945
14977,25
14977,89
14977,222
14977,525
14977,613
14977,870
14977,900
14977,902
14977,984
14978,30
14978,88
14978,125
14978,489
14978,531
14978,615
14978,749
14978,814
14979,49
14979,157
14979,337
14979,562
14979,567
14979,595
14979,685
14979,925
14980,77
14980,82
14980,222
14981,337
14981,567
14981,595
14981,658
14981,951
14982,23
14982,32
14982,69
14982,204
14982,319
14982,503
14982,595
14982,780
14982,899
14983,360
14983,474
14983,533
14983,595
14983,820
14984,30
14984,627
14984,656
14984,912
14984,915
14985,77
14985,286
14985,354
14985,387
14985,416
14986,474
14986,533
14986,595
14986,820
14986,983
14987,77
14987,387
14987,750
14987,805
14987,858
14988,125
14988,333
14988,506
14988,525
14988,531
14988,539
14988,814
14989,15
14989,30
14989,130
14989,227
14989,304
14989,912
14990,25
14990,30
14990,131
14990,227
14990,352
14990,354
14990,502
14990,613
14990,806
14990,862
14990,906
14991,32
14991,37
14991,47
14991,319
14991,503
14991,595
14991,780
14991,816
14992,2
14992,55
14992,182
14992,315
14992,613
14992,795
14992,906
14993,157
14993,453
14993,474
14993,533
14993,595
14993,645
14994,55
14994,114
14994,315
14994,525
14994,814
14994,915
14995,595
14995,741
14995,925
14996,77
14996,144
14996,525
14996,693
14996,757
14996,814
14997,474
14997,533
14997,595
14998,474
14998,533
14998,595
14998,820
14999,2
14999,55
14999,240
14999,315
14999,525
14999,526
14999,532
14999,613
14999,627
14999,795
14999,858
14999,949
15000,125
15000,131
15000,333
15000,352
15000,354
15000,506
15000,525
15000,531
15000,613
15000,814
15000,828
15001,2
15001,45
15001,55
15001,182
15001,234
15001,315
15001,613
15001,628
15001,795
15001,983
15002,30
15002,227
15002,502
15002,554
15002,613
15002,862
15002,906
15002,912
15003,6
15003,49
15003,171
15003,337
15003,595
15003,925
15004,30
15004,63
15004,130
15004,227
15004,304
15004,862
15004,912
15005,1
15005,430
15005,613
15005,642
15005,814
15006,304
15006,613
15006,842
15007,184
15007,613
15008,25
15008,125
15008,290
15008,333
15008,489
15008,609
15008,613
15008,693
15008,781
15008,814
15009,5
15009,33
15009,77
15009,144
15009,206
15009,304
15009,613
15009,659
15009,757
15009,814
15009,945
15010,77
15010,82
15010,387
15011,60
15011,245
15011,315
15011,476
15011,525
15011,579
15011,580
15011,928
15012,337
15012,595
15012,741
15013,32
15013,146
15013,260
15013,503
15013,595
15013,780
15013,789
15014,36
15014,337
15014,562
15014,595
15015,1
15015,288
15015,352
15015,354
15015,401
15015,430
15015,613
15016,88
15016,242
15016,489
15016,506
15016,525
15016,606
15016,718
15016,814
15017,222
15017,821
15017,893
15018,360
15018,453
15018,533
15018,595
15018,741
15019,30
15019,88
15019,166
15019,538
15019,656
15019,674
15019,718
15019,781
15019,791
15019,814
15019,817
15019,897
15019,915
15020,60
15020,245
15020,299
15020,476
15020,580
15020,928
15021,30
15021,130
15021,227
15021,304
15021,322
15021,912
15022,125
15022,333
15022,354
15022,506
15022,606
15022,718
15022,781
15022,814
15022,828
15023,30
15023,615
15023,749
15023,814
15023,912
15024,314
15024,489
15024,506
15024,615
15024,693
15024,781
15024,814
15025,234
15025,288
15025,354
15025,430
15025,642
15025,756
15025,814
15025,828
15026,141
15026,474
15026,533
15026,595
15027,182
15027,315
15027,609
15027,795
15027,949
15028,474
15028,533
15028,595
15028,983
15029,88
15029,489
15029,506
15029,693
15029,814
15029,903
15030,68
15030,77
15030,82
15030,242
15030,531
15030,718
15030,814
15031,15
15031,30
15031,32
15031,37
15031,47
15031,137
15031,240
15031,457
15031,570
15031,805
15031,816
15031,851
15031,858
15032,337
15032,567
15032,595
15032,741
15032,789
15032,925
15033,216
15033,613
15033,629
15033,984
15034,352
15034,354
15034,492
15034,613
15035,1
15035,288
15035,352
15035,354
15035,430
15035,613
15035,642
15035,814
15035,828
15036,25
15036,30
15036,525
15036,613
15036,629
15036,752
15036,906
15036,912
15037,15
15037,30
15037,227
15037,806
15037,912
15038,2
15038,45
15038,55
15038,182
15038,315
15038,387
15038,613
15038,949
15039,30
15039,231
15039,457
15039,554
15039,629
15039,858
15040,125
15040,354
15040,492
15040,506
15040,525
15040,609
15040,814
15040,828
15041,182
15041,315
15041,474
15041,533
15041,595
15042,25
15042,324
15042,525
15042,613
15043,304
15043,613
15043,842
15043,910
15044,184
15044,201
15044,225
15044,613
15045,184
15045,201
15045,225
15045,613
15046,55
15046,60
15046,245
15046,272
15046,315
15046,326
15046,627
15046,795
15047,36
15047,171
15047,327
15047,337
15047,492
15047,562
15047,595
15047,645
15047,741
15048,60
15048,299
15049,2
15049,30
15049,55
15049,182
15049,315
15049,554
15049,613
15049,906
15049,946
15050,352
15050,354
15050,492
15050,613
15051,15
15051,25
15051,30
15051,63
15051,227
15051,462
15051,488
15051,502
15051,525
15051,613
15051,629
15051,752
15051,906
15051,915
15051,945
15052,32
15052,37
15052,47
15052,204
15052,291
15052,503
15052,595
15052,816
15053,297
15053,417
15053,627
15053,814
15054,32
15054,37
15054,47
15054,106
15054,204
15054,503
15054,595
15054,780
15054,805
15054,816
15054,827
15054,899
15055,49
15055,380
15055,595
15055,685
15055,925
15056,125
15056,210
15056,290
15056,333
15056,489
15056,609
15056,781
15056,814
15057,182
15057,315
15057,635
15057,795
15057,949
15058,13
15058,25
15058,324
15058,401
15058,532
15058,534
15058,609
15058,613
15058,627
15059,182
15059,315
15059,526
15059,635
15059,795
15060,35
15060,45
15060,55
15060,137
15060,182
15060,315
15060,526
15060,609
15060,795
15060,819
15060,858
15060,949
15061,131
15061,352
15061,354
15061,525
15061,613
15061,807
15061,858
15062,272
15062,569
15062,595
15062,683
15062,877
15063,190
15064,430
15064,506
15064,642
15064,814
15065,141
15065,408
15065,525
15065,814
15065,817
15065,989
15066,30
15066,33
15066,130
15066,227
15066,297
15066,304
15066,414
15066,430
15066,462
15066,507
15066,627
15066,642
15066,659
15066,757
15066,814
15066,833
15067,30
15067,125
15067,228
15067,333
15067,372
15067,385
15067,457
15067,525
15067,531
15067,750
15067,752
15067,814
15067,858
15067,912
15068,474
15068,533
15068,595
15068,766
15068,988
15069,613
15069,921
15070,352
15070,354
15070,492
15070,525
15070,613
15071,25
15071,222
15071,307
15071,400
15071,525
15071,613
15071,640
15071,655
15071,807
15071,858
15071,870
15071,910
15072,30
15072,457
15072,750
15072,858
15072,912
15073,337
15073,595
15073,741
15073,925
15074,595
15074,741
15074,842
15074,925
15075,184
15075,613
15076,352
15076,354
15076,492
15076,613
15076,814
15076,828
15077,35
15077,315
15077,787
15077,820
15078,35
15078,315
15078,787
15079,288
15079,354
15079,430
15079,642
15079,814
15079,828
15080,125
15080,333
15080,354
15080,431
15080,492
15080,506
15080,609
15080,781
15080,814
15080,828
15080,878
15080,931
15081,146
15081,171
15081,337
15081,595
15081,683
15081,951
15082,77
15082,144
15082,525
15082,757
15082,814
15082,862
15083,352
15083,354
15083,492
15083,613
15084,290
15084,297
15084,489
15084,627
15084,707
15084,814
15085,1
15085,25
15085,430
15085,613
15085,814
15086,2
15086,45
15086,55
15086,315
15086,351
15086,360
15086,525
15086,526
15086,613
15086,626
15086,678
15086,705
15086,795
15086,866
15086,928
15086,983
15087,1
15087,288
15087,352
15087,354
15087,430
15087,613
15087,985
15088,430
15088,506
15088,642
15088,814
15089,55
15089,114
15089,182
15089,315
15089,526
15089,795
15089,814
15089,983
15090,36
15090,327
15090,337
15090,595
15090,741
15091,15
15091,30
15091,63
15091,462
15091,718
15091,791
15091,806
15091,891
15091,912
15092,1
15092,288
15092,352
15092,354
15092,430
15092,613
15092,642
15092,814
15092,828
15093,77
15093,88
15093,125
15093,185
15093,314
15093,489
15093,531
15093,814
15094,5
15094,77
15094,144
15094,206
15094,219
15094,304
15094,430
15094,619
15094,642
15094,659
15094,757
15094,814
15094,862
15094,931
15094,945
15095,474
15095,533
15095,595
15096,352
15096,354
15096,532
15096,613
15096,627
15097,474
15097,533
15097,595
15098,474
15098,533
15098,595
15098,983
15099,30
15099,718
15099,749
15099,791
15099,891
15099,912
15100,141
15100,354
15100,408
15100,814
15100,828
15101,146
15101,337
15101,567
15101,595
15101,683
15101,789
15102,32
15102,37
15102,503
15102,595
15102,780
15102,803
15102,816
15102,860
15103,471
15103,595
15103,741
15103,925
15104,184
15104,613
15105,30
15105,130
15105,227
15105,304
15105,912
15106,125
15106,288
15106,333
15106,354
15106,430
15106,492
15106,506
15106,642
15106,814
15106,828
15107,125
15107,333
15107,354
15107,814
15107,817
15107,828
15108,242
15108,314
15108,606
15108,693
15108,698
15108,718
15108,814
15109,30
15109,130
15109,227
15109,304
15109,324
15109,462
15109,502
15109,613
15109,906
15110,60
15110,299
15110,546
15111,1
15111,125
15111,430
15111,613
15111,642
15111,814
15112,30
15112,525
15112,554
15112,749
15112,912
15113,184
15113,201
15113,613
15114,2
15114,55
15114,315
15114,363
15114,526
15114,613
15114,795
15115,30
15115,77
15115,137
15115,554
15115,750
15115,805
15115,858
15116,77
15116,82
15116,144
15116,525
15116,814
15117,77
15117,222
15117,262
15117,893
15118,30
15118,130
15118,227
15118,304
15118,912
15119,377
15119,474
15119,533
15119,595
15119,661
15119,820
15120,15
15120,30
15120,231
15120,457
15120,498
15120,525
15120,554
15120,609
15120,752
15120,858
15120,989
15121,30
15121,137
15121,372
15121,457
15121,531
15121,554
15121,656
15121,752
15121,805
15121,858
15122,25
15122,38
15122,67
15122,105
15122,125
15122,194
15122,290
15122,324
15122,446
15122,489
15122,502
15122,525
15122,609
15122,613
15122,678
15122,705
15122,757
15122,814
15122,862
15122,866
15123,35
15123,55
15123,88
15123,114
15123,125
15123,315
15123,489
15123,506
15123,531
15123,814
15123,983
15124,184
15124,613
15125,146
15125,337
15125,567
15125,595
15125,683
15125,789
15126,25
15126,184
15126,613
15127,5
15127,77
15127,125
15127,144
15127,185
15127,304
15127,314
15127,371
15127,489
15127,539
15127,606
15127,659
15127,718
15127,757
15127,781
15127,814
15128,30
15128,375
15129,125
15129,506
15129,781
15129,814
15130,30
15130,130
15130,227
15130,304
15130,531
15130,912
15131,2
15131,30
15131,55
15131,315
15131,525
15131,613
15131,795
15131,806
15131,906
15131,915
15132,33
15132,38
15132,125
15132,131
15132,354
15132,378
15132,430
15132,531
15132,642
15132,678
15132,700
15132,718
15132,814
15132,828
15132,838
15133,36
15133,337
15133,562
15133,595
15133,685
15134,352
15134,354
15134,492
15134,613
15134,814
15134,828
15135,36
15135,337
15135,595
15136,5
15136,77
15136,144
15136,304
15136,462
15136,659
15136,693
15136,757
15136,814
15137,49
15137,310
15137,337
15137,442
15137,449
15137,567
15137,595
15137,683
15137,712
15137,741
15138,32
15138,140
15138,165
15138,388
15138,453
15138,503
15138,533
15138,595
15138,802
15139,5
15139,77
15139,144
15139,206
15139,219
15139,304
15139,322
15139,338
15139,430
15139,462
15139,628
15139,878
15139,945
15140,60
15140,163
15140,315
15140,453
15140,569
15140,595
15140,683
15140,709
15140,795
15141,337
15141,595
15141,683
15141,741
15142,231
15142,242
15142,314
15142,426
15142,606
15142,718
15142,814
15142,858
15143,2
15143,315
15143,613
15143,795
15143,983
15144,2
15144,99
15144,256
15144,315
15144,320
15144,526
15144,613
15144,618
15144,650
15144,795
15144,928
15144,973
15145,30
15145,130
15145,227
15145,304
15145,613
15145,906
15145,945
15146,222
15146,870
15146,893
15146,902
15147,2
15147,35
15147,315
15147,371
15147,609
15147,613
15147,946
15147,949
15148,324
15148,531
15148,613
15148,710
15149,15
15149,30
15149,227
15149,457
15149,858
15150,220
15150,453
15150,474
15150,533
15150,595
15150,919
15151,453
15151,474
15151,533
15151,595
15151,645
15151,685
15152,595
15152,596
15152,877
15152,925
15153,2
15153,45
15153,55
15153,315
15153,525
15153,526
15153,613
15153,795
15153,915
15153,984
15154,474
15154,533
15154,595
15154,820
15155,2
15155,315
15155,526
15155,613
15155,795
15155,983
15156,30
15156,112
15156,216
15156,324
15156,613
15156,906
15156,984
15157,30
15157,88
15157,125
15157,333
15157,489
15157,531
15157,615
15157,749
15157,781
15157,814
15158,30
15158,525
15158,749
15158,912
15159,474
15159,533
15159,595
15160,33
15160,125
15160,267
15160,290
15160,314
15160,354
15160,414
15160,489
15160,609
15160,707
15160,781
15160,814
15160,828
15161,35
15161,45
15161,55
15161,182
15161,315
15161,609
15161,795
15161,949
15162,125
15162,354
15162,506
15162,609
15162,814
15162,828
15163,2
15163,30
15163,55
15163,182
15163,231
15163,315
15163,387
15163,525
15163,554
15163,613
15163,752
15163,858
15163,921
15163,946
15163,949
15164,141
15164,408
15164,814
15165,1
15165,288
15165,352
15165,354
15165,416
15165,430
15165,525
15165,613
15165,814
15165,828
15165,985
15166,5
15166,77
15166,125
15166,144
15166,206
15166,287
15166,304
15166,333
15166,387
15166,525
15166,566
15166,609
15166,659
15166,757
15166,814
15166,862
15167,337
15167,595
15167,661
15168,2
15168,45
15168,55
15168,315
15168,525
15168,526
15168,613
15168,636
15168,795
15169,6
15169,171
15169,337
15169,380
15169,595
15169,827
15169,925
15170,32
15170,106
15170,325
15170,503
15170,533
15170,595
15170,780
15170,803
15170,863
15171,474
15171,533
15171,595
15171,820
15172,157
15172,171
15172,337
15172,595
15172,777
15172,837
15172,925
15173,32
15173,106
15173,146
15173,258
15173,260
15173,291
15173,503
15173,595
15173,680
15173,753
15173,816
15173,860
15173,894
15174,99
15174,112
15174,216
15174,256
15174,314
15174,514
15174,613
15174,757
15174,814
15174,973
15175,6
15175,595
15175,789
15175,925
15176,77
15176,185
15176,314
15176,539
15176,693
15176,814
15177,125
15177,354
15177,632
15177,781
15177,814
15177,828
15178,25
15178,216
15178,525
15178,613
15178,910
15179,35
15179,315
15179,787
15179,820
15180,55
15180,182
15180,315
15180,360
15180,526
15180,626
15180,928
15180,949
15181,2
15181,55
15181,315
15181,613
15181,795
15182,30
15182,387
15182,525
15182,752
15182,806
15182,912
15183,216
15183,375
15183,613
15184,30
15184,227
15184,862
15184,912
15185,131
15185,228
15185,336
15185,379
15185,525
15185,814
15185,828
15186,36
15186,131
15186,327
15186,337
15186,562
15186,595
15186,685
15186,741
15187,222
15187,276
15187,280
15187,870
15188,324
15188,352
15188,354
15188,492
15188,613
15189,5
15189,77
15189,144
15189,290
15189,304
15189,462
15190,68
15190,77
15190,82
15190,222
15190,234
15190,240
15190,287
15190,535
15190,568
15190,571
15190,640
15190,750
15190,819
15190,858
15190,935
15191,36
15191,327
15191,595
15191,741
15192,15
15192,30
15192,231
15192,457
15192,525
15192,609
15192,826
15192,858
15192,912
15193,231
15193,525
15193,613
15193,858
15194,15
15194,30
15194,130
15194,227
15194,304
15194,912
15195,324
15195,352
15195,354
15195,492
15195,609
15195,613
15195,985
15196,32
15196,37
15196,106
15196,370
15196,503
15196,595
15196,780
15196,816
15196,860
15196,899
15197,77
15197,222
15197,307
15197,655
15198,474
15198,533
15198,595
15198,820
15198,837
15199,77
15199,82
15199,144
15199,206
15199,242
15199,387
15199,571
15199,718
15199,862
15200,153
15200,474
15200,533
15200,595
15201,32
15201,106
15201,258
15201,291
15201,503
15201,533
15201,595
15201,816
15202,88
15202,125
15202,210
15202,489
15202,506
15202,531
15202,615
15202,781
15202,814
15203,141
15203,304
15203,408
15203,462
15203,525
15203,659
15203,757
15203,814
15204,304
15204,324
15204,613
15204,921
15205,30
15205,125
15205,228
15205,333
15205,336
15205,372
15205,385
15205,457
15205,525
15205,609
15205,750
15205,752
15205,814
15205,858
15205,912
15206,30
15206,130
15206,227
15206,304
15206,462
15206,656
15206,718
15206,791
15206,891
15206,912
15207,30
15207,130
15207,227
15207,240
15207,304
15207,457
15207,629
15207,656
15207,750
15207,858
15207,912
15208,30
15208,32
15208,37
15208,72
15208,457
15208,656
15208,670
15208,816
15208,858
15208,860
15209,170
15209,337
15209,393
15209,567
15209,595
15209,661
15209,717
15209,771
15210,32
15210,37
15210,106
15210,503
15210,595
15210,780
15210,816
15210,860
15210,899
15211,81
15211,222
15211,280
15211,525
15211,531
15211,535
15211,870
15211,893
15212,99
15212,256
15212,352
15212,354
15212,613
15212,650
15212,660
15212,973
15213,125
15213,228
15213,333
15213,354
15213,492
15213,525
15213,531
15213,710
15213,814
15213,828
15214,337
15214,508
15214,567
15214,595
15214,661
15214,771
15214,789
15214,837
15215,125
15215,131
15215,228
15215,333
15215,354
15215,525
15215,531
15215,710
15215,814
15215,828
15216,30
15216,125
15216,131
15216,354
15216,525
15216,531
15216,710
15216,814
15216,828
15217,1
15217,430
15217,525
15217,613
15218,25
15218,184
15218,201
15218,364
15218,613
15219,25
15219,184
15219,201
15219,364
15219,613
15220,6
15220,84
15220,337
15220,595
15221,60
15221,245
15222,474
15222,533
15222,595
15222,685
15222,820
15223,60
15223,790
15224,6
15224,54
15224,171
15224,313
15224,337
15224,562
15224,595
15224,645
15224,692
15224,817
15224,915
15224,989
15225,290
15225,489
15225,506
15225,693
15225,707
15225,814
15226,5
15226,77
15226,82
15226,144
15226,304
15226,862
15227,30
15227,231
15227,457
15227,525
15227,554
15227,858
15227,912
15228,30
15228,130
15228,227
15228,304
15228,656
15228,912
15228,945
15229,613
15229,910
15230,595
15230,741
15230,842
15231,25
15231,184
15231,201
15231,364
15231,613
15232,30
15232,125
15232,210
15232,531
15232,554
15232,615
15232,632
15232,749
15232,814
15233,88
15233,125
15233,144
15233,304
15233,489
15233,527
15233,531
15233,659
15233,707
15233,757
15233,781
15233,814
15233,862
15233,945
15234,30
15234,227
15234,462
15234,502
15234,613
15234,906
15234,915
15234,921
15235,30
15235,313
15235,444
15235,538
15235,718
15235,778
15235,791
15235,912
15235,915
15236,5
15236,77
15236,144
15236,206
15236,304
15236,387
15236,566
15236,609
15237,77
15237,82
15237,750
15237,858
15238,2
15238,55
15238,182
15238,315
15238,613
15238,795
15238,949
15239,324
15239,613
15239,921
15240,693
15240,757
15240,814
15241,474
15241,533
15241,595
15241,683
15241,820
15242,151
15242,595
15242,741
15242,925
15243,25
15243,89
15243,222
15243,312
15243,322
15243,525
15243,604
15243,613
15243,640
15243,849
15243,878
15243,893
15243,910
15244,151
15244,595
15244,741
15244,925
15245,2
15245,55
15245,198
15245,315
15245,360
15245,613
15245,795
15245,906
15245,928
15245,946
15246,30
15246,227
15246,352
15246,354
15246,462
15246,492
15246,502
15246,525
15246,613
15246,906
15247,25
15247,30
15247,130
15247,227
15247,304
15247,502
15247,525
15247,613
15247,849
15247,862
15247,906
15247,921
15248,304
15248,462
15248,506
15248,659
15248,693
15248,757
15248,814
15248,878
15248,903
15248,931
15249,1
15249,160
15249,216
15249,336
15249,430
15249,613
15250,125
15250,231
15250,333
15250,506
15250,609
15250,781
15250,814
15250,858
15251,125
15251,141
15251,333
15251,354
15251,408
15251,609
15251,814
15251,828
15252,131
15252,352
15252,354
15252,613
15253,49
15253,146
15253,171
15253,337
15253,595
15253,926
15253,951
15254,32
15254,503
15254,533
15254,595
15254,780
15254,899
15255,171
15255,337
15255,380
15255,595
15255,645
15255,685
15255,926
15256,77
15256,115
15256,144
15256,206
15256,387
15256,538
15256,718
15257,30
15257,125
15257,290
15257,489
15257,609
15257,615
15257,749
15257,752
15257,814
15258,125
15258,333
15258,430
15258,506
15258,642
15258,693
15258,814
15259,54
15259,157
15259,337
15259,449
15259,562
15259,595
15259,692
15259,741
15259,764
15259,782
15259,827
15259,899
15260,533
15260,595
15260,685
15260,926
15261,532
15261,613
15261,627
15261,921
15262,474
15262,533
15262,595
15262,820
15262,919
15263,60
15263,299
15263,525
15263,790
15263,875
15264,336
15264,532
15264,613
15264,627
15264,946
15265,2
15265,45
15265,55
15265,137
15265,315
15265,526
15265,613
15265,795
15265,858
15265,983
15266,30
15266,137
15266,372
15266,457
15266,525
15266,554
15266,750
15266,858
15266,912
15267,613
15267,921
15268,474
15268,533
15268,595
15269,25
15269,324
15269,525
15269,613
15270,30
15270,627
15270,814
15270,912
15270,915
15271,125
15271,210
15271,333
15271,354
15271,492
15271,506
15271,525
15271,609
15271,781
15271,814
15271,828
15272,131
15272,352
15272,354
15272,531
15272,613
15272,814
15272,828
15273,337
15273,595
15273,741
15273,925
15274,30
15274,130
15274,227
15274,304
15274,502
15274,613
15274,752
15274,862
15274,906
15274,912
15274,981
15275,2
15275,30
15275,55
15275,227
15275,315
15275,475
15275,502
15275,613
15275,862
15275,906
15275,921
15276,88
15276,125
15276,333
15276,462
15276,489
15276,525
15276,531
15276,707
15276,757
15276,781
15276,814
15277,30
15277,457
15277,629
15277,750
15277,858
15277,912
15278,111
15278,182
15278,315
15279,32
15279,37
15279,106
15279,503
15279,595
15279,780
15279,816
15279,827
15279,860
15279,899
15280,337
15280,595
15280,817
15280,926
15280,960
15281,474
15281,533
15281,595
15282,337
15282,595
15282,661
15282,717
15283,30
15283,227
15283,231
15283,457
15283,462
15283,629
15283,858
15283,912
15284,49
15284,337
15284,595
15284,925
15285,474
15285,533
15285,595
15285,741
15286,337
15286,567
15286,595
15286,741
15286,925
15287,30
15287,231
15287,371
15287,426
15287,457
15287,554
15287,718
15287,791
15287,858
15288,471
15288,595
15288,683
15288,741
15289,15
15289,30
15289,63
15289,227
15289,525
15289,862
15289,912
15290,30
15290,227
15290,375
15290,451
15290,536
15290,718
15290,760
15290,791
15290,878
15291,2
15291,182
15291,315
15291,525
15291,526
15291,613
15291,795
15291,983
15292,2
15292,182
15292,315
15292,613
15292,949
15293,16
15293,293
15293,321
15293,352
15293,354
15293,613
15293,718
15293,891
15294,77
15294,240
15294,385
15294,750
15294,805
15294,814
15294,858
15295,2
15295,55
15295,182
15295,315
15295,360
15295,526
15295,613
15295,787
15295,949
15296,15
15296,30
15296,63
15296,130
15296,227
15296,304
15296,462
15296,752
15296,912
15297,36
15297,327
15297,337
15297,562
15297,595
15297,741
15298,15
15298,30
15298,32
15298,37
15298,72
15298,106
15298,457
15298,670
15298,816
15298,858
15298,860
15299,184
15299,613
15300,1
15300,288
15300,352
15300,354
15300,430
15300,613
15300,642
15300,814
15300,828
15301,30
15301,216
15301,525
15301,613
15301,806
15301,906
15302,182
15302,315
15302,526
15302,795
15302,983
15303,88
15303,125
15303,333
15303,489
15303,525
15303,531
15303,613
15303,707
15303,814
15303,849
15304,2
15304,35
15304,55
15304,315
15304,360
15304,369
15304,509
15304,604
15304,609
15304,613
15304,626
15304,795
15304,878
15304,928
15305,24
15305,60
15305,212
15305,299
15305,513
15305,546
15305,718
15305,723
15306,125
15306,333
15306,430
15306,642
15306,814
15307,352
15307,354
15307,492
15307,506
15307,613
15307,814
15307,828
15308,32
15308,37
15308,69
15308,177
15308,319
15308,503
15308,595
15308,780
15308,860
15308,863
15309,30
15309,216
15309,613
15309,806
15309,906
15309,984
15310,2
15310,182
15310,315
15310,613
15310,795
15310,949
15311,2
15311,182
15311,315
15311,401
15311,582
15311,613
15311,946
15311,949
15312,184
15312,613
15313,474
15313,533
15313,595
15313,683
15314,77
15314,82
15314,144
15314,219
15314,430
15315,151
15315,595
15315,741
15315,925
15316,35
15316,55
15316,231
15316,315
15316,531
15316,858
15316,949
15317,2
15317,45
15317,55
15317,114
15317,182
15317,315
15317,613
15317,795
15317,814
15317,983
15318,352
15318,354
15318,613
15318,710
15318,946
15319,77
15319,144
15319,322
15319,462
15319,609
15319,757
15319,814
15320,30
15320,35
15320,55
15320,231
15320,315
15320,531
15320,554
15320,858
15320,949
15321,2
15321,182
15321,315
15321,526
15321,613
15321,795
15321,921
15321,984
15322,5
15322,77
15322,144
15322,304
15322,387
15322,566
15322,862
15323,35
15323,55
15323,231
15323,315
15323,531
15323,858
15323,949
15324,55
15324,88
15324,114
15324,315
15324,489
15324,506
15324,795
15324,814
15324,983
15325,25
15325,30
15325,227
15325,502
15325,613
15325,862
15325,906
15325,910
15325,984
15326,146
15326,171
15326,337
15326,562
15326,567
15326,595
15326,789
15326,925
15326,951
15327,32
15327,37
15327,106
15327,151
15327,291
15327,319
15327,503
15327,595
15327,816
15327,827
15327,860
15327,899
15328,6
15328,380
15328,595
15328,645
15328,925
15329,330
15329,474
15329,533
15329,595
15329,827
15330,2
15330,55
15330,315
15330,336
15330,613
15330,946
15331,525
15331,693
15331,757
15331,814
15332,2
15332,45
15332,55
15332,182
15332,315
15332,526
15332,613
15332,626
15332,758
15332,795
15332,921
15332,928
15332,983
15333,125
15333,304
15333,333
15333,531
15333,606
15333,659
15333,718
15333,757
15333,814
15333,817
15333,891
15334,60
15334,163
15334,235
15334,595
15334,683
15334,776
15335,33
15335,125
15335,210
15335,267
15335,351
15335,354
15335,414
15335,419
15335,446
15335,486
15335,492
15335,609
15335,632
15335,678
15335,693
15335,705
15335,814
15335,817
15335,828
15336,35
15336,55
15336,231
15336,315
15336,531
15336,858
15336,949
15337,474
15337,533
15337,595
15337,820
15338,474
15338,533
15338,595
15338,683
15338,837
15339,125
15339,419
15339,446
15339,506
15339,609
15339,705
15339,814
15339,878
15339,931
15340,35
15340,55
15340,231
15340,315
15340,609
15340,858
15340,949
15341,453
15341,474
15341,533
15341,595
15341,741
15342,474
15342,533
15342,595
15343,30
15343,231
15343,457
15343,531
15343,613
15343,710
15343,858
15343,906
15344,604
15344,613
15344,878
15344,910
15344,921
15344,932
15345,533
15345,595
15345,741
15345,926
15346,77
15346,82
15346,144
15346,243
15346,387
15346,525
15346,710
15346,870
15347,157
15347,337
15347,453
15347,562
15347,573
15347,595
15348,474
15348,533
15348,595
15349,30
15349,130
15349,227
15349,304
15349,475
15349,862
15349,912
15350,77
15350,125
15350,254
15350,387
15350,531
15350,814
15351,32
15351,37
15351,47
15351,177
15351,503
15351,595
15351,780
15351,816
15352,474
15352,533
15352,595
15352,683
15352,685
15352,820
15353,2
15353,45
15353,55
15353,182
15353,315
15353,613
15353,781
15353,795
15354,324
15354,613
15355,56
15355,391
15355,622
15355,886
15355,975
15356,30
15356,130
15356,227
15356,304
15356,525
15356,659
15356,757
15356,814
15356,862
15356,912
15356,981
15357,474
15357,533
15357,595
15357,685
15357,926
15357,983
15358,125
15358,228
15358,354
15358,506
15358,531
15358,710
15358,814
15358,828
15359,30
15359,137
15359,240
15359,457
15359,525
15359,554
15359,656
15359,805
15359,858
15360,99
15360,256
15360,320
15360,613
15360,618
15360,626
15360,650
15360,928
15360,973
15361,153
15361,474
15361,533
15361,595
15362,474
15362,533
15362,595
15362,741
15363,533
15363,595
15363,741
15363,970
15364,55
15364,137
15364,182
15364,315
15364,795
15364,858
15364,949
15365,352
15365,354
15365,416
15365,492
15365,609
15365,613
15365,814
15365,828
15365,985
15366,30
15366,525
15366,749
15366,912
15367,30
15367,387
15367,525
15367,912
15368,336
15368,352
15368,354
15368,492
15368,613
15368,946
15369,474
15369,533
15369,595
15370,453
15370,471
15370,595
15370,741
15370,925
15371,15
15371,63
15371,231
15371,457
15371,462
15371,858
15372,352
15372,354
15372,525
15372,613
15372,814
15372,828
15373,474
15373,533
15373,595
15373,741
15373,983
15374,337
15374,533
15374,595
15375,2
15375,35
15375,55
15375,182
15375,315
15375,525
15375,609
15375,613
15375,795
15375,949
15376,2
15376,35
15376,45
15376,55
15376,182
15376,240
15376,315
15376,526
15376,609
15376,613
15376,795
15376,858
15376,949
15377,474
15377,533
15377,595
15377,741
15378,474
15378,533
15378,595
15378,741
15379,125
15379,228
15379,333
15379,525
15379,531
15379,613
15379,710
15379,781
15379,814
15379,946
15380,533
15380,595
15380,741
15381,157
15381,337
15381,595
15381,685
15381,925
15382,2
15382,45
15382,55
15382,137
15382,182
15382,315
15382,613
15382,795
15382,858
15382,949
15382,983
15383,1
15383,99
15383,256
15383,430
15383,506
15383,514
15383,613
15383,642
15383,650
15383,814
15383,823
15383,973
15384,6
15384,151
15384,471
15384,595
15384,741
15384,925
15385,16
15385,293
15385,321
15385,352
15385,354
15385,492
15385,613
15385,718
15385,891
15386,474
15386,533
15386,595
15386,741
15387,324
15387,336
15387,613
15388,595
15388,596
15388,877
15388,925
15389,6
15389,171
15389,595
15389,827
15389,925
15390,453
15390,474
15390,533
15390,595
15390,771
15390,777
15391,2
15391,30
15391,40
15391,55
15391,227
15391,315
15391,462
15391,475
15391,502
15391,525
15391,531
15391,554
15391,613
15391,636
15391,795
15391,906
15392,2
15392,55
15392,231
15392,293
15392,315
15392,426
15392,538
15392,613
15392,674
15392,718
15392,795
15392,805
15392,858
15392,949
15393,30
15393,88
15393,141
15393,210
15393,408
15393,489
15393,525
15393,554
15393,707
15393,781
15393,814
15394,25
15394,30
15394,33
15394,50
15394,130
15394,227
15394,304
15394,318
15394,462
15394,502
15394,613
15394,833
15394,906
15394,945
15395,5
15395,77
15395,82
15395,144
15395,206
15395,304
15395,387
15395,462
15395,525
15395,566
15396,131
15396,354
15396,506
15396,814
15396,828
15396,903
15397,30
15397,457
15397,525
15397,750
15397,858
15397,912
15398,30
15398,290
15398,749
15399,60
15399,235
15399,245
15399,546
15399,876
15400,30
15400,297
15400,627
15400,814
15401,216
15401,243
15401,246
15401,324
15401,400
15401,525
15401,613
15401,984
15402,533
15402,573
15402,595
15402,758
15402,820
15403,2
15403,45
15403,55
15403,137
15403,182
15403,240
15403,315
15403,613
15403,795
15403,858
15403,949
15404,30
15404,297
15404,627
15404,814
15405,146
15405,337
15405,567
15405,595
15405,789
15405,925
15406,30
15406,354
15406,492
15406,538
15406,674
15406,718
15406,791
15406,915
15407,146
15407,337
15407,567
15407,595
15407,925
15408,352
15408,354
15408,492
15408,613
15409,6
15409,337
15409,595
15409,915
15409,925
15409,989
15410,146
15410,337
15410,595
15410,925
15410,960
15411,15
15411,30
15411,32
15411,37
15411,72
15411,106
15411,457
15411,670
15411,816
15411,858
15411,860
15412,49
15412,171
15412,337
15412,595
15412,925
15412,951
15413,2
15413,182
15413,315
15413,526
15413,613
15413,795
15413,983
15414,30
15414,457
15414,525
15414,629
15414,858
15415,222
15415,276
15415,640
15415,902
15416,30
15416,297
15416,627
15416,814
15417,25
15417,89
15417,216
15417,222
15417,525
15417,613
15417,893
15417,921
15417,984
15418,15
15418,30
15418,32
15418,37
15418,72
15418,106
15418,457
15418,670
15418,816
15418,858
15418,860
15419,2
15419,55
15419,182
15419,315
15419,613
15419,795
15419,906
15420,222
15420,531
15420,538
15420,718
15420,851
15420,893
15421,77
15421,144
15421,525
15421,757
15421,814
15421,862
15422,2
15422,55
15422,182
15422,315
15422,318
15422,340
15422,613
15422,795
15423,15
15423,30
15423,749
15423,752
15423,989
15424,55
15424,114
15424,182
15424,315
15424,795
15424,814
15424,983
15425,2
15425,182
15425,315
15425,526
15425,613
15425,635
15425,795
15425,983
15426,30
15426,130
15426,227
15426,304
15426,502
15426,613
15426,862
15426,906
15427,3
15427,30
15427,313
15427,538
15427,656
15427,718
15427,778
15427,791
15427,912
15427,915
15428,30
15428,457
15428,629
15428,750
15428,752
15428,858
15428,912
15429,35
15429,182
15429,315
15429,531
15429,795
15429,949
15430,15
15430,30
15430,231
15430,457
15430,554
15430,609
15430,752
15430,858
15430,989
15431,2
15431,35
15431,182
15431,315
15431,525
15431,526
15431,609
15431,613
15431,795
15431,983
15432,30
15432,297
15432,627
15432,814
15433,222
15433,870
15433,893
15434,30
15434,88
15434,166
15434,538
15434,656
15434,674
15434,718
15434,781
15434,791
15434,897
15434,915
15435,15
15435,30
15435,63
15435,130
15435,227
15435,304
15435,462
15435,502
15435,613
15435,752
15435,906
15435,912
15435,945
15436,89
15436,216
15436,222
15436,525
15436,613
15436,870
15436,984
15437,2
15437,220
15437,315
15437,453
15437,474
15437,526
15437,529
15437,613
15437,795
15438,2
15438,55
15438,182
15438,315
15438,613
15438,795
15438,906
15439,352
15439,354
15439,492
15439,525
15439,609
15439,613
15440,125
15440,228
15440,333
15440,336
15440,354
15440,492
15440,525
15440,609
15440,814
15440,828
15441,89
15441,216
15441,222
15441,324
15441,613
15441,893
15442,15
15442,30
15442,32
15442,37
15442,72
15442,106
15442,457
15442,670
15442,816
15442,858
15442,860
15443,2
15443,315
15443,526
15443,613
15443,795
15443,906
15443,915
15443,949
15444,15
15444,30
15444,297
15444,525
15444,627
15444,814
15444,912
15444,915
15445,32
15445,37
15445,106
15445,258
15445,291
15445,503
15445,595
15445,816
15445,827
15445,860
15446,222
15446,531
15446,538
15446,718
15446,851
15446,893
15447,595
15447,741
15447,925
15448,55
15448,114
15448,297
15448,315
15448,526
15448,627
15448,638
15448,795
15448,814
15449,60
15449,245
15450,30
15450,137
15450,457
15450,554
15450,750
15450,858
15450,912
15451,25
15451,184
15451,201
15451,364
15451,613
15452,6
15452,171
15452,595
15452,625
15452,805
15452,925
15453,5
15453,21
15453,24
15453,76
15453,77
15453,82
15453,144
15453,304
15453,387
15453,566
15453,606
15453,659
15453,718
15453,757
15453,814
15453,862
15454,30
15454,375
15454,609
15454,912
15455,32
15455,503
15455,533
15455,595
15455,780
15455,803
15456,60
15456,245
15456,476
15456,579
15456,580
15456,795
15456,928
15457,352
15457,354
15457,492
15457,613
15458,125
15458,304
15458,333
15458,462
15458,525
15458,609
15458,659
15458,757
15458,814
15459,25
15459,30
15459,216
15459,324
15459,554
15459,613
15459,921
15460,88
15460,340
15460,489
15460,613
15460,707
15460,814
15460,928
15461,125
15461,228
15461,333
15461,336
15461,354
15461,492
15461,525
15461,609
15461,814
15461,828
15462,30
15462,130
15462,227
15462,304
15462,352
15462,354
15462,502
15462,531
15462,613
15462,862
15462,906
15463,5
15463,77
15463,144
15463,286
15463,304
15464,5
15464,77
15464,144
15464,304
15464,862
15464,945
15465,30
15465,130
15465,227
15465,304
15465,656
15465,718
15465,791
15465,891
15465,912
15466,336
15466,352
15466,354
15466,492
15466,613
15467,60
15467,245
15467,299
15467,790
15468,352
15468,354
15468,613
15468,638
15468,898
15469,84
15469,220
15469,289
15469,327
15469,537
15469,562
15470,169
15470,315
15470,360
15470,526
15470,787
15470,980
15470,983
15471,184
15471,613
15471,718
15472,453
15472,474
15472,533
15472,595
15472,741
15473,453
15473,474
15473,533
15473,595
15473,685
15473,741
15473,983
15474,184
15474,613
15474,718
15475,70
15475,533
15475,595
15475,685
15476,36
15476,327
15476,337
15476,595
15476,741
15476,928
15477,2
15477,35
15477,182
15477,220
15477,315
15477,453
15477,474
15477,526
15477,529
15477,613
15477,771
15477,795
15477,837
15477,983
15478,131
15478,453
15478,474
15478,533
15478,595
15478,741
15478,983
15479,453
15479,474
15479,533
15479,595
15479,741
15480,453
15480,474
15480,533
15480,595
15480,741
15480,771
15480,983
