TrailerID,TMDbTrailer,TrailerSite
1,,
2,https://www.youtube.com/watch?v=eIbcxPy4okQ,YouTube
3,https://www.youtube.com/watch?v=0RvV7TNUlkQ,YouTube
4,,
5,,
6,https://www.youtube.com/watch?v=md3CmFLGK6Y,YouTube
7,,
8,,
9,,
10,,
11,,
12,https://www.youtube.com/watch?v=yDB3Ha3vxyc,YouTube
13,,
14,,
15,,
16,https://www.youtube.com/watch?v=t433PEQGErc,YouTube
17,https://www.youtube.com/watch?v=bD7bpG-zDJQ,YouTube
18,https://www.youtube.com/watch?v=5NYt1qirBWg,YouTube
19,,
20,,
21,,
22,,
23,,
24,,
25,,
26,,
27,,
28,,
29,https://www.youtube.com/watch?v=ou9YG0fUztA,YouTube
30,https://www.youtube.com/watch?v=3aCoSub1Ch0,YouTube
31,https://www.youtube.com/watch?v=KhX3dWbok0c,YouTube
32,,
33,https://www.youtube.com/watch?v=CZXzgt6NkhE,YouTube
34,https://www.youtube.com/watch?v=ooW3aSKfsVA,YouTube
35,https://www.youtube.com/watch?v=22O_q-ux5Tw,YouTube
36,https://www.youtube.com/watch?v=vcn5_hwG694,YouTube
37,,
38,,
39,,
40,,
41,,
42,https://www.youtube.com/watch?v=rrq6SOwyr5s,YouTube
43,,
44,https://www.youtube.com/watch?v=TmBcSoz86vA,YouTube
45,,
46,,
47,,
48,,
49,,
50,,
51,https://www.youtube.com/watch?v=hROwySjzLj8,YouTube
52,https://www.youtube.com/watch?v=FhyaYaK9lC4,YouTube
53,https://www.youtube.com/watch?v=kuIc4yd7ZpU,YouTube
54,,
55,,
56,https://www.youtube.com/watch?v=Otq5XzH5p8Y,YouTube
57,,
58,https://www.youtube.com/watch?v=nObwABpmHgI,YouTube
59,https://www.youtube.com/watch?v=gFJS8M2SjWo,YouTube
60,,
61,https://www.youtube.com/watch?v=BdjlLq1tqmU,YouTube
62,https://www.youtube.com/watch?v=uTYNR1ei7Pk,YouTube
63,https://www.youtube.com/watch?v=yfKZFJSYMK8,YouTube
64,,
65,https://www.youtube.com/watch?v=hjt3J9mM7aE,YouTube
66,https://www.youtube.com/watch?v=qNR4ER9tC6A,YouTube
67,,
68,,
69,https://www.youtube.com/watch?v=QeEgib0FZbI,YouTube
70,https://www.youtube.com/watch?v=KCxBHM17y-4,YouTube
71,https://www.youtube.com/watch?v=VMts_VkwmR0,YouTube
72,https://www.youtube.com/watch?v=hAyFWTAAtgI,YouTube
73,,
74,https://www.youtube.com/watch?v=o1vV0oorclg,YouTube
75,https://www.youtube.com/watch?v=OlmeTbRBIkE,YouTube
76,https://www.youtube.com/watch?v=34YVqhsyDzA,YouTube
77,https://www.youtube.com/watch?v=vyUJd5UyVoo,YouTube
78,,
79,https://www.youtube.com/watch?v=BQAt3VAKCfM,YouTube
80,https://www.youtube.com/watch?v=gwNVJHETGvI,YouTube
81,https://www.youtube.com/watch?v=HB2e_6D7SDI,YouTube
82,https://www.youtube.com/watch?v=u7R3zjLXSp4,YouTube
83,,
84,,
85,https://www.youtube.com/watch?v=xgxV282gySw,YouTube
86,https://vimeo.com/159401775,Vimeo
87,https://www.youtube.com/watch?v=ays4pgVr7Go,YouTube
88,,
89,https://www.youtube.com/watch?v=FO7-JUv6t8o,YouTube
90,https://vimeo.com/217112051,Vimeo
91,https://www.youtube.com/watch?v=9xHWrdxZQa0,YouTube
92,https://www.youtube.com/watch?v=jxL67tUPt7Q,YouTube
93,https://www.youtube.com/watch?v=eTzBIH51Irc,YouTube
94,https://www.youtube.com/watch?v=t1znaQEs3Kc,YouTube
95,,
96,https://www.youtube.com/watch?v=z6eZplmUEFY,YouTube
97,https://www.youtube.com/watch?v=-CKPj4O5_9s,YouTube
98,,
99,https://www.youtube.com/watch?v=Cl1AI-3zcnk,YouTube
100,,
101,,
102,,
103,,
104,https://www.youtube.com/watch?v=LHYlKQSc7rA,YouTube
105,,
106,,
107,,
108,https://www.youtube.com/watch?v=6JNIyuZJjdQ,YouTube
109,https://www.youtube.com/watch?v=TbZgLKjrdnA,YouTube
110,https://www.youtube.com/watch?v=-JZ_moituIo,YouTube
111,,
112,,
113,,
114,,
115,,
116,https://www.youtube.com/watch?v=5Z1hPH3b5RA,YouTube
117,,
118,https://www.youtube.com/watch?v=D40uHmTSPew,YouTube
119,https://www.youtube.com/watch?v=Uh3tp39sao8,YouTube
120,https://www.youtube.com/watch?v=Oip39g3bWrA,YouTube
121,https://www.youtube.com/watch?v=xKv_Ic8b1VE,YouTube
122,,
123,https://www.youtube.com/watch?v=SATynwll5fE,YouTube
124,https://www.youtube.com/watch?v=Q-NaUTg45I4,YouTube
125,https://www.youtube.com/watch?v=EDzuG0UrQ2g,YouTube
126,,
127,https://www.youtube.com/watch?v=EW3Em8VT3CM,YouTube
128,,
129,https://www.youtube.com/watch?v=1B_aTgD5a7A,YouTube
130,,
131,,
132,,
133,,
134,,
135,,
136,https://www.youtube.com/watch?v=0dnOJnJVjyk,YouTube
137,https://www.youtube.com/watch?v=8LYIcXs4HV0,YouTube
138,,
139,,
140,,
141,https://www.youtube.com/watch?v=oUXUm6he2-s,YouTube
142,,
143,https://www.youtube.com/watch?v=vNJ0szhjvdM,YouTube
144,https://www.youtube.com/watch?v=z_oEkOdIXdo,YouTube
145,https://www.youtube.com/watch?v=DLGrXGEMOSo,YouTube
146,https://www.youtube.com/watch?v=KtlP12MaeuA,YouTube
147,,
148,https://www.youtube.com/watch?v=b7MgC6pAcTI,YouTube
149,https://www.youtube.com/watch?v=ijsNMCnVHQ4,YouTube
150,https://www.youtube.com/watch?v=gZzr4m8BKd8,YouTube
151,https://www.youtube.com/watch?v=LHFDWd8VMkM,YouTube
152,https://www.youtube.com/watch?v=SIkRfCKd7Lc,YouTube
153,https://www.youtube.com/watch?v=lyUi4u541ro,YouTube
154,,
155,,
156,https://www.youtube.com/watch?v=La-clCmfWGo,YouTube
157,https://www.youtube.com/watch?v=-Xa08bewnYI,YouTube
158,,
159,,
160,,
161,,
162,https://www.youtube.com/watch?v=kmicB3J1emw,YouTube
163,https://www.youtube.com/watch?v=nzQAwwsD8TE,YouTube
164,https://www.youtube.com/watch?v=a-phXZel83o,YouTube
165,,
166,,
167,,
168,,
169,https://www.youtube.com/watch?v=dxuotAcy0g8,YouTube
170,https://www.youtube.com/watch?v=sp7a2jYftp0,YouTube
171,https://www.youtube.com/watch?v=Q6iK6DjV_iE,YouTube
172,,
173,https://www.youtube.com/watch?v=5L5yMXAeEVg,YouTube
174,,
175,,
176,https://www.youtube.com/watch?v=FwLzSpS-JVY,YouTube
177,,
178,https://www.youtube.com/watch?v=zTZDb_iKooI,YouTube
179,,
180,,
181,,
182,,
183,,
184,https://www.youtube.com/watch?v=mGvYFB6GHRY,YouTube
185,https://www.youtube.com/watch?v=TWB_icm5M38,YouTube
186,https://www.youtube.com/watch?v=JRV8VSyz08E,YouTube
187,https://www.youtube.com/watch?v=jX7Qq-o4lkY,YouTube
188,,
189,https://www.youtube.com/watch?v=2djoAcqfNaQ,YouTube
190,,
191,https://www.youtube.com/watch?v=H1WYnJF1Pwo,YouTube
192,https://www.youtube.com/watch?v=0MMXqjMe1WQ,YouTube
193,https://www.youtube.com/watch?v=XlaA_TPMXqY,YouTube
194,https://www.youtube.com/watch?v=TPxtIK7bug0,YouTube
195,,
196,https://www.youtube.com/watch?v=zPYogxzKNT4,YouTube
197,,
198,https://www.youtube.com/watch?v=K-jqUUD8R2g,YouTube
199,https://www.youtube.com/watch?v=vDO_5dridLc,YouTube
200,,
201,,
202,https://www.youtube.com/watch?v=IgkzY80Pxeo,YouTube
203,,
204,,
205,https://www.youtube.com/watch?v=o2aqaHt9Z5A,YouTube
206,,
207,,
208,,
209,,
210,,
211,,
212,,
213,,
214,,
215,,
216,https://www.youtube.com/watch?v=quhutIZpYSA,YouTube
217,,
218,,
219,,
220,,
221,,
222,,
223,,
224,,
225,,
226,,
227,,
228,,
229,,
230,https://www.youtube.com/watch?v=VH_lWjowTgk,YouTube
231,,
232,,
233,,
234,https://www.youtube.com/watch?v=uVN4aVYA2eA,YouTube
235,https://www.youtube.com/watch?v=szFSdLzXpto,YouTube
236,https://www.youtube.com/watch?v=4zwzH2MLydw,YouTube
237,,
238,https://www.youtube.com/watch?v=KdQ2qPfL8JE,YouTube
239,,
240,,
241,https://www.youtube.com/watch?v=Qng4rP5xjDE,YouTube
242,https://www.youtube.com/watch?v=n0s0FJfyqGk,YouTube
243,,
244,https://www.youtube.com/watch?v=sop4qVw2AI0,YouTube
245,https://www.youtube.com/watch?v=bD7bpG-zDJQ,YouTube
246,https://www.youtube.com/watch?v=pJ5T5rVBGHA,YouTube
247,,
248,,
249,https://www.youtube.com/watch?v=Jfyc6PJ5Dug,YouTube
250,,
251,https://www.youtube.com/watch?v=hox3ulTPFbc,YouTube
252,https://www.youtube.com/watch?v=8RcExsA-8FI,YouTube
253,https://www.youtube.com/watch?v=SyTg7RIn-X8,YouTube
254,,
255,,
256,https://www.youtube.com/watch?v=vCZllFjy7_w,YouTube
257,,
258,,
259,,
260,,
261,,
262,https://www.youtube.com/watch?v=szby7ZHLnkA,YouTube
263,https://www.youtube.com/watch?v=Bw0-cV_J9q4,YouTube
264,,
265,,
266,,
267,,
268,,
269,,
270,https://www.youtube.com/watch?v=q7eZEZHRrVg,YouTube
271,,
272,https://www.youtube.com/watch?v=bRcaPFEtwog,YouTube
273,https://www.youtube.com/watch?v=TWiwVCx3II4,YouTube
274,,
275,,
276,,
277,,
278,https://www.youtube.com/watch?v=ywhTeWg8970,YouTube
279,https://www.youtube.com/watch?v=vSHeKwLnp8o,YouTube
280,,
281,https://www.youtube.com/watch?v=HYT8GiD1sa4,YouTube
282,https://www.youtube.com/watch?v=OnEUGtfvfI0,YouTube
283,,
284,https://www.youtube.com/watch?v=6PktLxhgkKQ,YouTube
285,https://www.youtube.com/watch?v=fQ8IKnYwK1I,YouTube
286,https://www.youtube.com/watch?v=-d1OoT5r_PU,YouTube
287,,
288,,
289,,
290,https://www.youtube.com/watch?v=j6GvCvAS22Q,YouTube
291,https://www.youtube.com/watch?v=uX5xgulyIxg,YouTube
292,https://www.youtube.com/watch?v=9wRhsWA_ATc,YouTube
293,https://www.youtube.com/watch?v=wHGdGAu3P9Q,YouTube
294,https://www.youtube.com/watch?v=X4yjTxzXMtI,YouTube
295,https://www.youtube.com/watch?v=9Umv4CyxTdg,YouTube
296,https://www.youtube.com/watch?v=ZH7gZUSoUds,YouTube
297,,
298,,
299,,
300,https://www.youtube.com/watch?v=YnxHyBbYwQQ,YouTube
301,https://www.youtube.com/watch?v=oM-Nw9XzqVM,YouTube
302,,
303,https://www.youtube.com/watch?v=fe6xIOCbcR8,YouTube
304,,
305,https://www.youtube.com/watch?v=87r31Z_d4LQ,YouTube
306,,
307,,
308,https://www.youtube.com/watch?v=FXGL3uU0lxY,YouTube
309,https://www.youtube.com/watch?v=yBvzSs2qo1c,YouTube
310,,
311,,
312,https://www.youtube.com/watch?v=MFgihXtiWbE,YouTube
313,https://www.youtube.com/watch?v=TO3_WO2YfGo,YouTube
314,,
315,,
316,https://www.youtube.com/watch?v=oOAFdru_lQs,YouTube
317,,
318,,
319,https://www.youtube.com/watch?v=7RxnIriKLRk,YouTube
320,,
321,,
322,https://www.youtube.com/watch?v=mxKoOGstEmo,YouTube
323,,
324,https://www.youtube.com/watch?v=wUP3UjHp8Js,YouTube
325,,
326,,
327,,
328,https://www.youtube.com/watch?v=hSM-t2haL6g,YouTube
329,https://www.youtube.com/watch?v=rLAVxKOfHaA,YouTube
330,https://www.youtube.com/watch?v=kNyEosZQJiA,YouTube
331,https://www.youtube.com/watch?v=cFE7Pjcoqs4,YouTube
332,https://www.youtube.com/watch?v=iwYhA5YvdNc,YouTube
333,https://www.youtube.com/watch?v=Yjq-LSl98Lg,YouTube
334,,
335,,
336,,
337,,
338,,
339,,
340,https://www.youtube.com/watch?v=5Zy5JXQUvUM,YouTube
341,,
342,https://www.youtube.com/watch?v=AYZdyNo1GWM,YouTube
343,,
344,,
345,,
346,,
347,https://www.youtube.com/watch?v=S06abmL_lS0,YouTube
348,https://www.youtube.com/watch?v=C3amadHyLyI,YouTube
349,https://www.youtube.com/watch?v=l6jqZSAwHaE,YouTube
350,https://www.youtube.com/watch?v=Ikgy2Xukwng,YouTube
351,,
352,,
353,,
354,,
355,https://www.youtube.com/watch?v=xhLORcya9GU,YouTube
356,https://www.youtube.com/watch?v=23eYIFi4gNw,YouTube
357,https://www.youtube.com/watch?v=IsHa90rKM_Q,YouTube
358,,
359,,
360,,
361,,
362,https://www.youtube.com/watch?v=RbYdjyxDNtQ,YouTube
363,,
364,,
365,https://www.youtube.com/watch?v=mOl6cQcLr8c,YouTube
366,,
367,https://www.youtube.com/watch?v=yBhUWv5Hzqc,YouTube
368,,
369,,
370,,
371,,
372,https://www.youtube.com/watch?v=ryHmKssMGak,YouTube
373,https://www.youtube.com/watch?v=jZw8ORyIbLI,YouTube
374,https://www.youtube.com/watch?v=1zLKbMAZNGI,YouTube
375,,
376,,
377,,
378,,
379,,
380,,
381,,
382,https://www.youtube.com/watch?v=_-UxxDvFoHc,YouTube
383,,
384,,
385,https://www.youtube.com/watch?v=zwvgKTP2Zb0,YouTube
386,https://www.youtube.com/watch?v=VzppRgjHPaw,YouTube
387,,
388,,
389,,
390,,
391,,
392,https://www.youtube.com/watch?v=naYQ7C4EZcU,YouTube
393,https://www.youtube.com/watch?v=q03zOoH-hGo,YouTube
394,,
395,https://www.youtube.com/watch?v=-kyPYf8Mlok,YouTube
396,https://www.youtube.com/watch?v=KWueu0lz5TM,YouTube
397,,
398,https://www.youtube.com/watch?v=9Qu4LuSdbTo,YouTube
399,https://vimeo.com/393122782,Vimeo
400,https://www.youtube.com/watch?v=R-i4TXyjHN8,YouTube
401,https://www.youtube.com/watch?v=d7ZP8ywcn8g,YouTube
402,https://www.youtube.com/watch?v=jn-xbOCZOiQ,YouTube
403,,
404,,
405,,
406,,
407,,
408,,
409,https://www.youtube.com/watch?v=oKWoHJkY5Z8,YouTube
410,,
411,,
412,,
413,,
414,https://www.youtube.com/watch?v=atP04pojujg,YouTube
415,https://www.youtube.com/watch?v=V5z3cr8AB5g,YouTube
416,https://www.youtube.com/watch?v=-BgWppq25xI,YouTube
417,https://www.youtube.com/watch?v=EV5OpotW6S8,YouTube
418,,
419,,
420,https://www.youtube.com/watch?v=uwZEdpe3N9g,YouTube
421,https://www.youtube.com/watch?v=um517-E9AvY,YouTube
422,,
423,,
424,,
425,https://www.youtube.com/watch?v=CkA6DpQEKTU,YouTube
426,,
427,,
428,,
429,https://www.youtube.com/watch?v=jtOdLDXCfyM,YouTube
430,https://www.youtube.com/watch?v=V48qhATHklc,YouTube
431,,
432,,
433,https://vimeo.com/334605259,Vimeo
434,https://www.youtube.com/watch?v=zUSw6kdApY0,YouTube
435,https://www.youtube.com/watch?v=ba40pACGBZ0,YouTube
436,,
437,https://www.youtube.com/watch?v=0oLPTdEqKA4,YouTube
438,https://www.youtube.com/watch?v=u4Tf7bLOErI,YouTube
439,https://www.youtube.com/watch?v=erM9PAi_QYQ,YouTube
440,https://www.youtube.com/watch?v=JarbtubycQg,YouTube
441,https://www.youtube.com/watch?v=7qgyihbN4oo,YouTube
442,https://www.youtube.com/watch?v=KqKfxEGuxtE,YouTube
443,https://www.youtube.com/watch?v=jYW8Qjhx3KM,YouTube
444,https://www.youtube.com/watch?v=8SFhBakU7A0,YouTube
445,https://www.youtube.com/watch?v=oAP1fA-bp5k,YouTube
446,,
447,,
448,https://www.youtube.com/watch?v=cf5mD-Q05_8,YouTube
449,https://www.youtube.com/watch?v=WasrL2THRjk,YouTube
450,,
451,,
452,,
453,,
454,,
455,,
456,,
457,,
458,,
459,,
460,https://www.youtube.com/watch?v=hwxhEp-CtnI,YouTube
461,https://www.youtube.com/watch?v=Iu7iscd5jJ0,YouTube
462,https://www.youtube.com/watch?v=mwgUesU1pz4,YouTube
463,https://www.youtube.com/watch?v=Bix9NDyF35U,YouTube
464,,
465,https://www.youtube.com/watch?v=i4n6U6iNk0A,YouTube
466,,
467,https://www.youtube.com/watch?v=2QkcVDRlAEI,YouTube
468,,
469,,
470,,
471,,
472,,
473,https://www.youtube.com/watch?v=gezK7mz5oY4,YouTube
474,,
475,https://www.youtube.com/watch?v=ujAmNgVoKYE,YouTube
476,,
477,https://www.youtube.com/watch?v=wNgXl7sSVsI,YouTube
478,https://www.youtube.com/watch?v=A79ziwolkr4,YouTube
479,,
480,,
481,,
482,https://www.youtube.com/watch?v=cjTw9qaiE5w,YouTube
483,https://www.youtube.com/watch?v=CORH7SmURQg,YouTube
484,https://www.youtube.com/watch?v=JSgUBrnRpAk,YouTube
485,https://www.youtube.com/watch?v=90g2HLcjVLI,YouTube
486,https://www.youtube.com/watch?v=0_u_cZkvVHQ,YouTube
487,https://www.youtube.com/watch?v=AtOwfo1ypOw,YouTube
488,,
489,,
490,,
491,,
492,,
493,,
494,,
495,https://www.youtube.com/watch?v=veUqfcyZ_Bo,YouTube
496,https://www.youtube.com/watch?v=8BLkCIifOi4,YouTube
497,,
498,https://www.youtube.com/watch?v=9ESkyRFEso4,YouTube
499,,
500,https://www.youtube.com/watch?v=u9sW5L_32BU,YouTube
501,https://www.youtube.com/watch?v=Go8zI2sytEc,YouTube
502,https://www.youtube.com/watch?v=tnCkn5xD2jg,YouTube
503,https://www.youtube.com/watch?v=GVQbeG5yW78,YouTube
504,,
505,,
506,,
507,https://www.youtube.com/watch?v=A9KC14avdxA,YouTube
508,,
509,https://www.youtube.com/watch?v=yzO9OCAW_7c,YouTube
510,,
511,,
512,https://www.youtube.com/watch?v=yYxRF2IkCtM,YouTube
513,,
514,https://www.youtube.com/watch?v=iCfGxxLXJYc,YouTube
515,,
516,https://www.youtube.com/watch?v=Ritye-tf1-g,YouTube
517,https://www.youtube.com/watch?v=3q7JOLZxjqY,YouTube
518,https://www.youtube.com/watch?v=42LWD25z9bI,YouTube
519,,
520,,
521,https://www.youtube.com/watch?v=iSQDBYhJzJQ,YouTube
522,https://www.youtube.com/watch?v=iSQDBYhJzJQ,YouTube
523,https://www.youtube.com/watch?v=ViUFEs5cyhY,YouTube
524,,
525,https://www.youtube.com/watch?v=BFx00dpfApQ,YouTube
526,,
527,https://www.youtube.com/watch?v=h0sSW3xBPUQ,YouTube
528,https://www.youtube.com/watch?v=I0hJ7NHDglU,YouTube
529,,
530,https://www.youtube.com/watch?v=METYULrKZYk,YouTube
531,,
532,,
533,,
534,https://www.youtube.com/watch?v=66fBNmD0t00,YouTube
535,,
536,,
537,,
538,,
539,,
540,,
541,,
542,https://www.youtube.com/watch?v=oXBNHR_XztM,YouTube
543,,
544,https://www.youtube.com/watch?v=_A-6qcgExA4,YouTube
545,https://www.youtube.com/watch?v=DXUUqr3AFKs,YouTube
546,https://www.youtube.com/watch?v=mzfVBg54BGw,YouTube
547,https://www.youtube.com/watch?v=s7UyA4w6a7A,YouTube
548,,
549,,
550,,
551,https://www.youtube.com/watch?v=-3hucyd-s9U,YouTube
552,https://www.youtube.com/watch?v=66PCXNziOTs,YouTube
553,https://www.youtube.com/watch?v=3x0aZS6uY7E,YouTube
554,,
555,,
556,https://www.youtube.com/watch?v=MhQvkPMNt70,YouTube
557,,
558,,
559,,
560,https://www.youtube.com/watch?v=ywzmicMitN0,YouTube
561,https://www.youtube.com/watch?v=7PZCAbeShow,YouTube
562,https://www.youtube.com/watch?v=M6E8gPmz7n4,YouTube
563,https://www.youtube.com/watch?v=f6lmd2N3lr0,YouTube
564,,
565,,
566,,
567,https://www.youtube.com/watch?v=zHwcvnyiolA,YouTube
568,https://www.youtube.com/watch?v=Q_C9mWxFaY4,YouTube
569,,
570,,
571,,
572,,
573,https://www.youtube.com/watch?v=yoXFhob6AmI,YouTube
574,https://www.youtube.com/watch?v=dSBsNeYqh-k,YouTube
575,,
576,,
577,https://www.youtube.com/watch?v=SZ3tPnAeCwA,YouTube
578,https://www.youtube.com/watch?v=1gUhnyNORjY,YouTube
579,,
580,https://www.youtube.com/watch?v=J364vYbwpzo,YouTube
581,,
582,,
583,,
584,https://www.youtube.com/watch?v=dR8jUzLI5_E,YouTube
585,,
586,https://www.youtube.com/watch?v=aoWCjGOuw1k,YouTube
587,https://www.youtube.com/watch?v=3zsLC8PJQpg,YouTube
588,,
589,https://www.youtube.com/watch?v=Exq_SlzHrfw,YouTube
590,https://www.youtube.com/watch?v=bKzaX24LYs8,YouTube
591,,
592,,
593,,
594,,
595,,
596,,
597,https://www.youtube.com/watch?v=67dXfeWvE1s,YouTube
598,https://www.youtube.com/watch?v=AZ4kMo2ATdI,YouTube
599,,
600,,
601,,
602,https://www.youtube.com/watch?v=FNrw1UzJoBw,YouTube
603,,
604,,
605,,
606,,
607,https://www.youtube.com/watch?v=3g2NVAB97Ws,YouTube
608,,
609,,
610,,
611,,
612,https://www.youtube.com/watch?v=RhLw3GmHQqA,YouTube
613,,
614,https://www.youtube.com/watch?v=XO4Q1p7rGWA,YouTube
615,https://www.youtube.com/watch?v=6ekTiaVlv-A,YouTube
616,,
617,,
618,,
619,https://www.youtube.com/watch?v=0_oHRNXZZeI,YouTube
620,,
621,,
622,https://www.youtube.com/watch?v=28MO3ngJNto,YouTube
623,https://www.youtube.com/watch?v=cIbRs6jwU_c,YouTube
624,,
625,https://www.youtube.com/watch?v=NHq2RYHoJnI,YouTube
626,,
627,,
628,https://www.youtube.com/watch?v=7w40MXvMUoM,YouTube
629,,
630,,
631,,
632,,
633,,
634,,
635,https://www.youtube.com/watch?v=KnFo7-MwPhY,YouTube
636,,
637,https://www.youtube.com/watch?v=-lOUnBsjGuY,YouTube
638,,
639,,
640,,
641,https://www.youtube.com/watch?v=Rii9IGX28Hg,YouTube
642,https://www.youtube.com/watch?v=HMmMqWkudgA,YouTube
643,,
644,,
645,https://www.youtube.com/watch?v=fpkJDT2d59Y,YouTube
646,https://www.youtube.com/watch?v=-VJmjBYvc6Q,YouTube
647,https://www.youtube.com/watch?v=BywNIZm6GeA,YouTube
648,,
649,,
650,,
651,,
652,https://www.youtube.com/watch?v=EQgqgY5MHac,YouTube
653,,
654,,
655,,
656,,
657,,
658,,
659,,
660,,
661,,
662,https://www.youtube.com/watch?v=_DKaeSlhXSA,YouTube
663,,
664,,
665,https://www.youtube.com/watch?v=RyzhdE6AJes,YouTube
666,https://www.youtube.com/watch?v=07Lm_PAx8us,YouTube
667,,
668,,
669,https://www.youtube.com/watch?v=Chnl8RdG09Q,YouTube
670,,
671,https://www.youtube.com/watch?v=8Ri2xL8aDY8,YouTube
672,https://www.youtube.com/watch?v=IltEpqKKmVk,YouTube
673,https://www.youtube.com/watch?v=pYso9CkLgjM,YouTube
674,https://www.youtube.com/watch?v=NTX29bZLsew,YouTube
675,,
676,https://www.youtube.com/watch?v=FLa3XVMfUzo,YouTube
677,https://www.youtube.com/watch?v=7mGT_IC4oxM,YouTube
678,,
679,https://www.youtube.com/watch?v=KIkOAgxkAc8,YouTube
680,,
681,,
682,,
683,,
684,,
685,,
686,,
687,,
688,,
689,,
690,,
691,,
692,,
693,,
694,,
695,,
696,,
697,https://www.youtube.com/watch?v=71rDQ7z4eFg,YouTube
698,https://www.youtube.com/watch?v=eNvZZz2jPEo,YouTube
699,https://www.youtube.com/watch?v=lhn090icbpM,YouTube
700,https://www.youtube.com/watch?v=3orQ5tjegLs,YouTube
701,,
702,https://www.youtube.com/watch?v=stmEZ2OgJX0,YouTube
703,,
704,https://www.youtube.com/watch?v=1WVgHZyRY7Y,YouTube
705,,
706,https://www.youtube.com/watch?v=ONz6R4LF5nY,YouTube
707,,
708,,
709,,
710,,
711,,
712,,
713,https://www.youtube.com/watch?v=mMRJonfmQY0,YouTube
714,https://www.youtube.com/watch?v=E56OYUV7BWw,YouTube
715,,
716,https://www.youtube.com/watch?v=3VXB9QEainA,YouTube
717,,
718,,
719,https://www.youtube.com/watch?v=-Xa08bewnYI,YouTube
720,https://www.youtube.com/watch?v=82N4-Qa-hWs,YouTube
721,,
722,,
723,https://www.youtube.com/watch?v=czVH-0FVnGM,YouTube
724,,
725,https://www.youtube.com/watch?v=34p8-5g9OSI,YouTube
726,https://www.youtube.com/watch?v=xKJmEC5ieOk,YouTube
727,,
728,https://www.youtube.com/watch?v=ven-8PkDcaU,YouTube
729,,
730,,
731,https://www.youtube.com/watch?v=jDLRcKYppPI,YouTube
732,,
733,https://www.youtube.com/watch?v=fdDSss3IBL0,YouTube
734,https://www.youtube.com/watch?v=qS2NtbEoIc8,YouTube
735,https://www.youtube.com/watch?v=HVeehZwgm9Y,YouTube
736,,
737,https://www.youtube.com/watch?v=umvFBoLOOgo,YouTube
738,https://www.youtube.com/watch?v=H8FimFGv-es,YouTube
739,,
740,,
741,https://www.youtube.com/watch?v=_J2WoJx5azM,YouTube
742,,
743,,
744,,
745,,
746,https://www.youtube.com/watch?v=5HYJ6CjOzi8,YouTube
747,https://www.youtube.com/watch?v=8N0bzQ-qzCg,YouTube
748,,
749,,
750,,
751,https://www.youtube.com/watch?v=S3qxgFbThIU,YouTube
752,,
753,,
754,,
755,,
756,,
757,,
758,,
759,,
760,,
761,https://www.youtube.com/watch?v=PBtnPuB0x3U,YouTube
762,https://www.youtube.com/watch?v=P94PLpNzKiE,YouTube
763,https://www.youtube.com/watch?v=1SpDZ1eErzM,YouTube
764,,
765,,
766,,
767,,
768,,
769,,
770,,
771,,
772,,
773,,
774,,
775,,
776,,
777,,
778,,
779,,
780,,
781,https://www.youtube.com/watch?v=Kj9jAHUIH_8,YouTube
782,,
783,https://www.youtube.com/watch?v=Qqt3MYX2i0I,YouTube
784,https://www.youtube.com/watch?v=Ap0NRJD-2ts,YouTube
785,,
786,,
787,https://www.youtube.com/watch?v=cVmuY0DZSlk,YouTube
788,https://www.youtube.com/watch?v=aSfX-nrg-lI,YouTube
789,,
790,,
791,,
792,https://www.youtube.com/watch?v=NiZeMNPNrDw,YouTube
793,,
794,https://www.youtube.com/watch?v=d_EP4DGBBxk,YouTube
795,,
796,,
797,https://www.youtube.com/watch?v=Idq3lJEfS2c,YouTube
798,https://www.youtube.com/watch?v=zgSjiwdZSSM,YouTube
799,,
800,https://www.youtube.com/watch?v=IOFunu19cWI,YouTube
801,,
802,https://www.youtube.com/watch?v=T_5if3k79g0,YouTube
803,https://www.youtube.com/watch?v=Nx2NrCNhsHM,YouTube
804,https://www.youtube.com/watch?v=XWhZDQkq0bw,YouTube
805,https://www.youtube.com/watch?v=LoNoOn6c0gA,YouTube
806,,
807,,
808,,
809,,
810,,
811,https://www.youtube.com/watch?v=RraCB1nJK2w,YouTube
812,,
813,https://www.youtube.com/watch?v=2SvwX3ux_-8,YouTube
814,https://www.youtube.com/watch?v=yy54Q4rcJuk,YouTube
815,,
816,,
817,,
818,,
819,,
820,https://www.youtube.com/watch?v=lpFczF-P4sI,YouTube
821,https://www.youtube.com/watch?v=cooYPruKl78,YouTube
822,https://www.youtube.com/watch?v=RVs_LXtBvgQ,YouTube
823,https://www.youtube.com/watch?v=ClEMnj1ZGa4,YouTube
824,https://www.youtube.com/watch?v=9-dIdFXeFhs,YouTube
825,https://www.youtube.com/watch?v=gUTtJjV852c,YouTube
826,https://www.youtube.com/watch?v=l_O9hsfl6Bo,YouTube
827,,
828,,
829,,
830,,
831,https://www.youtube.com/watch?v=0Uq_5bYGYoY,YouTube
832,https://www.youtube.com/watch?v=lFge42pX4dI,YouTube
833,https://www.youtube.com/watch?v=Tjyn_PNaFHY,YouTube
834,https://www.youtube.com/watch?v=tgpxRVCNEoI,YouTube
835,https://www.youtube.com/watch?v=KtjxWff8cmc,YouTube
836,,
837,https://www.youtube.com/watch?v=kAD-0-PUhag,YouTube
838,https://www.youtube.com/watch?v=AFLxzN87hhM,YouTube
839,https://www.youtube.com/watch?v=Oc8oCFE5tCI,YouTube
840,https://www.youtube.com/watch?v=o7iPn4W9oeI,YouTube
841,https://www.youtube.com/watch?v=NEHDDxNOybk,YouTube
842,https://www.youtube.com/watch?v=ZypCEzH9OKk,YouTube
843,https://www.youtube.com/watch?v=2GWl-wrwN2g,YouTube
844,https://www.youtube.com/watch?v=oHKGx1pzczg,YouTube
845,https://www.youtube.com/watch?v=hH7MA-KlUBo,YouTube
846,https://www.youtube.com/watch?v=TvbWZB1k5t0,YouTube
847,https://www.youtube.com/watch?v=8sb7e0iKqWI,YouTube
848,https://www.youtube.com/watch?v=a6c_LuvJRuQ,YouTube
849,https://www.youtube.com/watch?v=GslZKWemeEs,YouTube
850,https://www.youtube.com/watch?v=oHKGx1pzczg,YouTube
851,https://www.youtube.com/watch?v=TdNlfZfIdF4,YouTube
852,https://www.youtube.com/watch?v=O_pi5tw7SpQ,YouTube
853,https://www.youtube.com/watch?v=CGYd4TbO3KI,YouTube
854,https://www.youtube.com/watch?v=8TYkCw5-BMA,YouTube
855,https://www.youtube.com/watch?v=T_qgNNecm38,YouTube
856,,
857,https://www.youtube.com/watch?v=Nn8rVEFurBE,YouTube
858,,
859,https://www.youtube.com/watch?v=bDnkmnx3cig,YouTube
860,https://www.youtube.com/watch?v=8NXC7dohbeU,YouTube
861,,
862,,
863,,
864,,
865,https://www.youtube.com/watch?v=tGpTpVyI_OQ,YouTube
866,,
867,,
868,https://www.youtube.com/watch?v=SPUJy2DYRZw,YouTube
869,https://www.youtube.com/watch?v=ozUuAcGOhPs,YouTube
870,https://www.youtube.com/watch?v=5sLIwhkWS3c,YouTube
871,https://www.youtube.com/watch?v=IycoX5vR0WQ,YouTube
872,https://www.youtube.com/watch?v=7Gbu2ZE6tZs,YouTube
873,https://www.youtube.com/watch?v=VVatlBgu3Ns,YouTube
874,,
875,,
876,,
877,,
878,,
879,,
880,,
881,,
882,,
883,,
884,,
885,https://www.youtube.com/watch?v=I7-c66mbzXA,YouTube
886,,
887,,
888,https://www.youtube.com/watch?v=WtF8Fka5NOI,YouTube
889,,
890,,
891,,
892,,
893,,
894,,
895,,
896,https://www.youtube.com/watch?v=kUNYgQATnF8,YouTube
897,,
898,,
899,,
900,,
901,,
902,https://www.youtube.com/watch?v=Mo7TqUFrnLw,YouTube
903,https://www.youtube.com/watch?v=wtp9sQ9nmV4,YouTube
904,,
905,https://www.youtube.com/watch?v=c9FGAVCDRMA,YouTube
906,,
907,,
908,,
909,https://www.youtube.com/watch?v=oZdsbVRYEn8,YouTube
910,,
911,,
912,https://www.youtube.com/watch?v=xEQ-JdiHdbc,YouTube
913,https://www.youtube.com/watch?v=Z1XBIQjTLOw,YouTube
914,,
915,https://www.youtube.com/watch?v=D98KzvT4ioo,YouTube
916,https://www.youtube.com/watch?v=ksYSMR-JZ44,YouTube
917,https://www.youtube.com/watch?v=31NhsT4JfwU,YouTube
918,,
919,https://www.youtube.com/watch?v=shoWFRnNoWw,YouTube
920,,
921,,
922,https://www.youtube.com/watch?v=w0Ll0wAVwYk,YouTube
923,,
924,https://www.youtube.com/watch?v=8P7--YGED0I,YouTube
925,,
926,,
927,,
928,,
929,,
930,https://www.youtube.com/watch?v=ouq3d3sXSFQ,YouTube
931,https://www.youtube.com/watch?v=cqudLHta5rI,YouTube
932,https://www.youtube.com/watch?v=OtTUEdaD39c,YouTube
933,https://www.youtube.com/watch?v=jTiHbwUWkns,YouTube
934,,
935,,
936,,
937,,
938,,
939,https://www.youtube.com/watch?v=oc7XozMbR9A,YouTube
940,,
941,https://www.youtube.com/watch?v=3OwvqKwTKmE,YouTube
942,https://www.youtube.com/watch?v=BNqJEsdZmJU,YouTube
943,https://www.youtube.com/watch?v=9Y1DkQr2EHU,YouTube
944,https://www.youtube.com/watch?v=CmscmzjFLdc,YouTube
945,https://www.youtube.com/watch?v=wogZZ5TuNuo,YouTube
946,,
947,,
948,,
949,https://www.youtube.com/watch?v=e4U-23TOKms,YouTube
950,,
951,https://www.youtube.com/watch?v=zm-wwAyeb44,YouTube
952,https://www.youtube.com/watch?v=MgkUxUU8tAg,YouTube
953,,
954,https://www.youtube.com/watch?v=uH62jI2_vLE,YouTube
955,https://www.youtube.com/watch?v=tbSCZ7SLfpM,YouTube
956,https://www.youtube.com/watch?v=iQKaY8G9VpQ,YouTube
957,,
958,https://www.youtube.com/watch?v=ITtwi36HwWs,YouTube
959,,
960,,
961,https://www.youtube.com/watch?v=VxKrdJLa4w0,YouTube
962,https://www.youtube.com/watch?v=169jD2LiH1A,YouTube
963,https://www.youtube.com/watch?v=1QRHFazHpuc,YouTube
964,https://www.youtube.com/watch?v=pah2u9AXsHU,YouTube
965,https://www.youtube.com/watch?v=RHayO7NVl9I,YouTube
966,https://www.youtube.com/watch?v=7WzNmia-Iqk,YouTube
967,,
968,,
969,https://www.youtube.com/watch?v=nN2yBBSRC78,YouTube
970,,
971,,
972,https://vimeo.com/425749995,Vimeo
973,https://www.youtube.com/watch?v=kNBcTM9so8k,YouTube
974,,
975,,
976,,
977,https://www.youtube.com/watch?v=ALaOGyK6FhM,YouTube
978,,
979,https://www.youtube.com/watch?v=-Xa08bewnYI,YouTube
980,,
981,https://www.youtube.com/watch?v=Q1XQqordpaI,YouTube
982,,
983,https://www.youtube.com/watch?v=w9dshlVBrSg,YouTube
984,https://www.youtube.com/watch?v=pEQDc6T-sak,YouTube
985,https://www.youtube.com/watch?v=tIgNomYUO4c,YouTube
986,https://www.youtube.com/watch?v=LrQZpeMcM5g,YouTube
987,,
988,https://www.youtube.com/watch?v=kRWygxReD_w,YouTube
989,,
990,,
991,,
992,,
993,,
994,,
995,,
996,,
997,,
998,,
999,,
1000,,
1001,,
1002,,
1003,,
1004,,
1005,,
1006,,
1007,https://www.youtube.com/watch?v=Fru8IkuDp_k,YouTube
1008,https://www.youtube.com/watch?v=IWU3gF1_3xk,YouTube
1009,,
1010,,
1011,https://www.youtube.com/watch?v=vhA9prZ_1jY,YouTube
1012,,
1013,https://www.youtube.com/watch?v=SllHJHiSwpo,YouTube
1014,https://www.youtube.com/watch?v=hm1ZPrfMBDg,YouTube
1015,https://www.youtube.com/watch?v=sDLsLfgHxGE,YouTube
1016,https://www.youtube.com/watch?v=EJAoqPYrW8Q,YouTube
1017,https://www.youtube.com/watch?v=339mmgIG8Ik,YouTube
1018,https://www.youtube.com/watch?v=uX7xjVMsexk,YouTube
1019,https://www.youtube.com/watch?v=gSMxBLlA8qY,YouTube
1020,https://www.youtube.com/watch?v=fONQK87h1X0,YouTube
1021,,
1022,,
1023,,
1024,,
1025,,
1026,https://www.youtube.com/watch?v=QE_NgXe2M1g,YouTube
1027,https://www.youtube.com/watch?v=uarm88E9pmg,YouTube
1028,https://www.youtube.com/watch?v=kYO1fU0hfjc,YouTube
1029,https://www.youtube.com/watch?v=plKG-d2DgFs,YouTube
1030,,
1031,https://www.youtube.com/watch?v=3Z9lRC50PyM,YouTube
1032,,
1033,,
1034,,
1035,,
1036,https://www.youtube.com/watch?v=0w3IYoCDUGs,YouTube
1037,,
1038,https://www.youtube.com/watch?v=Zm9WHB3_uaU,YouTube
1039,https://www.youtube.com/watch?v=1etFJUCE0zo,YouTube
1040,,
1041,,
1042,,
1043,,
1044,https://vimeo.com/33434910,Vimeo
1045,https://vimeo.com/33434910,Vimeo
1046,,
1047,,
1048,https://www.youtube.com/watch?v=9L72nTa3kFI,YouTube
1049,,
1050,https://www.youtube.com/watch?v=kGM4uYZzfu0,YouTube
1051,https://www.youtube.com/watch?v=ldjNA0_7mIk,YouTube
1052,,
1053,https://www.youtube.com/watch?v=jIAH3h_rSUA,YouTube
1054,https://www.youtube.com/watch?v=SKvPVvy2Kn8,YouTube
1055,,
1056,,
1057,,
1058,https://www.youtube.com/watch?v=y38-AqKArlM,YouTube
1059,,
1060,,
1061,,
1062,,
1063,,
1064,https://www.youtube.com/watch?v=TKkA8eNFDSQ,YouTube
1065,https://www.youtube.com/watch?v=aUCRSvEtXtk,YouTube
1066,https://www.youtube.com/watch?v=7Y6-w5Psupw,YouTube
1067,https://www.youtube.com/watch?v=-3Ig4PrrqbY,YouTube
1068,https://www.youtube.com/watch?v=LHrZxG9W3RI,YouTube
1069,https://www.youtube.com/watch?v=eOkK00ncgV0,YouTube
1070,https://www.youtube.com/watch?v=DJLfSgQaxu0,YouTube
1071,,
1072,,
1073,https://www.youtube.com/watch?v=VGRwwS0-eQg,YouTube
1074,https://www.youtube.com/watch?v=sNvReY8clSU,YouTube
1075,https://www.youtube.com/watch?v=KW_3aaoSOYg,YouTube
1076,https://www.youtube.com/watch?v=LF-C5js2iAQ,YouTube
1077,,
1078,https://www.youtube.com/watch?v=n6b2il1O55U,YouTube
1079,,
1080,https://www.youtube.com/watch?v=XBl2-4EaLLs,YouTube
1081,,
1082,,
1083,,
1084,https://www.youtube.com/watch?v=n18AbC8qfiw,YouTube
1085,,
1086,,
1087,https://www.youtube.com/watch?v=bJgFuw0-KdE,YouTube
1088,https://www.youtube.com/watch?v=S3vO8E2e6G0,YouTube
1089,https://www.youtube.com/watch?v=f9OVdmIxkso,YouTube
1090,https://www.youtube.com/watch?v=AbyJignbSj0,YouTube
1091,https://www.youtube.com/watch?v=H6MLJG0RdDE,YouTube
1092,,
1093,,
1094,,
1095,,
1096,,
1097,,
1098,,
1099,,
1100,,
1101,,
1102,https://www.youtube.com/watch?v=Szj8NN6Z-hw,YouTube
1103,,
1104,,
1105,,
1106,,
1107,https://vimeo.com/217727899,Vimeo
1108,,
1109,https://www.youtube.com/watch?v=y4-Y2KIDNmE,YouTube
1110,https://www.youtube.com/watch?v=G041OQyIMPc,YouTube
1111,https://www.youtube.com/watch?v=jL_5_opc21k,YouTube
1112,,
1113,,
1114,,
1115,https://www.youtube.com/watch?v=0ZI67ux7aJY,YouTube
1116,,
1117,,
1118,https://www.youtube.com/watch?v=a0ejncDxgCc,YouTube
1119,https://www.youtube.com/watch?v=aYPUYVgwLWY,YouTube
1120,https://www.youtube.com/watch?v=-IoeS5470Dg,YouTube
1121,https://www.youtube.com/watch?v=JRCOFVj-gck,YouTube
1122,,
1123,,
1124,,
1125,,
1126,,
1127,,
1128,,
1129,https://www.youtube.com/watch?v=MJb-eUFqzP8,YouTube
1130,https://www.youtube.com/watch?v=QJmYyYKUKik,YouTube
1131,https://www.youtube.com/watch?v=kJDFdNzk9-c,YouTube
1132,https://www.youtube.com/watch?v=xiW1nxB1fxY,YouTube
1133,https://www.youtube.com/watch?v=a4N57w1nbZc,YouTube
1134,https://www.youtube.com/watch?v=wcTQ9Ey-lY4,YouTube
1135,,
1136,,
1137,,
1138,,
1139,https://www.youtube.com/watch?v=2-_-1nJf8Vg,YouTube
1140,https://www.youtube.com/watch?v=1eMAYynMc1w,YouTube
1141,,
1142,,
1143,https://www.youtube.com/watch?v=HfiH_526qhY,YouTube
1144,https://www.youtube.com/watch?v=JTHWAQG6Gxw,YouTube
1145,,
1146,,
1147,,
1148,,
1149,https://www.youtube.com/watch?v=8Mx8cUNfNCE,YouTube
1150,https://www.youtube.com/watch?v=dVVEzx7ap-o,YouTube
1151,,
1152,https://www.youtube.com/watch?v=t130FLX_ke0,YouTube
1153,https://www.youtube.com/watch?v=5ebv3i_9Ltc,YouTube
1154,https://www.youtube.com/watch?v=xHvaWulHk5E,YouTube
1155,https://www.youtube.com/watch?v=GqoEs4cG6Uw,YouTube
1156,https://www.youtube.com/watch?v=FEf412bSPLs,YouTube
1157,https://www.youtube.com/watch?v=FtSd844cI7U,YouTube
1158,,
1159,,
1160,https://www.youtube.com/watch?v=hW0rqgwHgCE,YouTube
1161,,
1162,,
1163,,
1164,,
1165,https://www.youtube.com/watch?v=UvMk7Z0Sp7E,YouTube
1166,https://www.youtube.com/watch?v=Hq6E7x-0YQY,YouTube
1167,,
1168,https://www.youtube.com/watch?v=IxAgstJVrtk,YouTube
1169,https://www.youtube.com/watch?v=sRAB7pMFhRw,YouTube
1170,,
1171,,
1172,,
1173,,
1174,,
1175,https://www.youtube.com/watch?v=0oBwQHWeYxo,YouTube
1176,,
1177,,
1178,,
1179,,
1180,,
1181,,
1182,,
1183,,
1184,,
1185,,
1186,https://www.youtube.com/watch?v=f4LM9a02q9Q,YouTube
1187,,
1188,,
1189,https://www.youtube.com/watch?v=SJv6PticavQ,YouTube
1190,,
1191,https://www.youtube.com/watch?v=IwR21Om7dfI,YouTube
1192,,
1193,https://www.youtube.com/watch?v=qTIVfJBTXgo,YouTube
1194,https://www.youtube.com/watch?v=YNqnUv7uY_A,YouTube
1195,https://www.youtube.com/watch?v=MkBxxKWsZjs,YouTube
1196,https://www.youtube.com/watch?v=6WLMz8Qeg4A,YouTube
1197,https://www.youtube.com/watch?v=3-IlhKbakFA,YouTube
1198,,
1199,https://www.youtube.com/watch?v=TqkjyI1QD2A,YouTube
1200,,
1201,,
1202,,
1203,,
1204,,
1205,,
1206,https://www.youtube.com/watch?v=PcaXIWYDo-4,YouTube
1207,https://www.youtube.com/watch?v=3dYDOzV1MEA,YouTube
1208,https://www.youtube.com/watch?v=3jyzGKXBOxA,YouTube
1209,,
1210,https://www.youtube.com/watch?v=bD7bpG-zDJQ,YouTube
1211,,
1212,https://www.youtube.com/watch?v=YwIXZLEki_Q,YouTube
1213,,
1214,,
1215,,
1216,,
1217,https://www.youtube.com/watch?v=TLwh4vgAyy8,YouTube
1218,https://www.youtube.com/watch?v=UcmZN0Mbl04,YouTube
1219,,
1220,,
1221,,
1222,https://www.youtube.com/watch?v=Tv7HyNSCCBo,YouTube
1223,,
1224,https://www.youtube.com/watch?v=tmQYt9bvd5w,YouTube
1225,,
1226,,
1227,https://www.youtube.com/watch?v=FsW7QVh7aAc,YouTube
1228,https://www.youtube.com/watch?v=7gMbbkyJwTE,YouTube
1229,,
1230,,
1231,,
1232,,
1233,https://www.youtube.com/watch?v=AkAEzQ33hGQ,YouTube
1234,,
1235,,
1236,,
1237,https://www.youtube.com/watch?v=77_UeHKMB-I,YouTube
1238,https://www.youtube.com/watch?v=kji5F02FemY,YouTube
1239,https://www.youtube.com/watch?v=DYY0QJhlXjc,YouTube
1240,,
1241,https://www.youtube.com/watch?v=otScvpH7oxc,YouTube
1242,,
1243,,
1244,,
1245,,
1246,,
1247,,
1248,,
1249,https://www.youtube.com/watch?v=Yap7JhcSvdk,YouTube
1250,https://www.youtube.com/watch?v=bD7bpG-zDJQ,YouTube
1251,,
1252,,
1253,,
1254,,
1255,,
1256,https://www.youtube.com/watch?v=3VZmc5gasPU,YouTube
1257,https://www.youtube.com/watch?v=t3YJcW2UQiw,YouTube
1258,https://www.youtube.com/watch?v=9C5w28q6JgA,YouTube
1259,https://www.youtube.com/watch?v=yvX8axLtwPI,YouTube
1260,,
1261,https://www.youtube.com/watch?v=CGIJM4aO0hw,YouTube
1262,https://www.youtube.com/watch?v=xEiYIObmrpM,YouTube
1263,https://www.youtube.com/watch?v=CmTf4mo21vE,YouTube
1264,https://www.youtube.com/watch?v=zpiPxGgA3Mg,YouTube
1265,,
1266,,
1267,,
1268,,
1269,,
1270,,
1271,,
1272,,
1273,,
1274,https://www.youtube.com/watch?v=7kTHNuNBtK4,YouTube
1275,,
1276,https://www.youtube.com/watch?v=eGkDvVlFXbk,YouTube
1277,,
1278,,
1279,,
1280,https://www.youtube.com/watch?v=A9MHwIN_07E,YouTube
1281,,
1282,,
1283,,
1284,,
1285,https://www.youtube.com/watch?v=OAaZIfeQzT0,YouTube
1286,https://www.youtube.com/watch?v=ECPfXUW0zt8,YouTube
1287,,
1288,,
1289,https://www.youtube.com/watch?v=IA8GXpQDtSA,YouTube
1290,https://www.youtube.com/watch?v=UI7Bhq2zDb8,YouTube
1291,,
1292,,
1293,,
1294,,
1295,https://www.youtube.com/watch?v=n_jMCYdnOYA,YouTube
1296,,
1297,https://www.youtube.com/watch?v=pTCZ0Jl0u4c,YouTube
1298,,
1299,https://www.youtube.com/watch?v=Yom532K0MK4,YouTube
1300,,
1301,,
1302,,
1303,,
1304,https://www.youtube.com/watch?v=7jx_vdvxWu0,YouTube
1305,https://www.youtube.com/watch?v=crkJRROXosc,YouTube
1306,,
1307,,
1308,,
1309,,
1310,,
1311,https://www.youtube.com/watch?v=RRpGNnaDzeE,YouTube
1312,https://www.youtube.com/watch?v=21xdmUQUjTk,YouTube
1313,,
1314,,
1315,,
1316,,
1317,,
1318,,
1319,,
1320,,
1321,,
1322,,
1323,https://www.youtube.com/watch?v=MgyYXttafuw,YouTube
1324,,
1325,https://www.youtube.com/watch?v=kY3SuNvqQPw,YouTube
1326,https://www.youtube.com/watch?v=RalfvRfCIp8,YouTube
1327,https://vimeo.com/406253741,Vimeo
1328,,
1329,,
1330,,
1331,,
1332,https://www.youtube.com/watch?v=5RR8WTQzwSk,YouTube
1333,,
1334,https://www.youtube.com/watch?v=ufCj6iUM_zY,YouTube
1335,,
1336,,
1337,https://www.youtube.com/watch?v=sbUNXyOQr40,YouTube
1338,,
1339,https://www.youtube.com/watch?v=iCfGxxLXJYc,YouTube
1340,,
1341,,
1342,,
1343,https://www.youtube.com/watch?v=HNPKS1Xar_I,YouTube
1344,,
1345,https://www.youtube.com/watch?v=k2yfp6oj2hw,YouTube
1346,,
1347,https://www.youtube.com/watch?v=wfTmT6C5DnM,YouTube
1348,,
1349,https://www.youtube.com/watch?v=bbqRZ6LhSHY,YouTube
1350,,
1351,https://www.youtube.com/watch?v=id61hcbdMZA,YouTube
1352,,
1353,,
1354,https://www.youtube.com/watch?v=eK9Wal9Dvic,YouTube
1355,https://www.youtube.com/watch?v=pJ5EoVp0okw,YouTube
1356,https://www.youtube.com/watch?v=-Xa08bewnYI,YouTube
1357,https://www.youtube.com/watch?v=MlrGwBusxU0,YouTube
1358,,
1359,,
1360,https://www.youtube.com/watch?v=lJPIpYnb1tQ,YouTube
1361,,
1362,,
1363,,
1364,,
1365,https://www.youtube.com/watch?v=xlOzp6vqbIs,YouTube
1366,,
1367,,
1368,,
1369,,
1370,https://www.youtube.com/watch?v=bD7bpG-zDJQ,YouTube
1371,https://www.youtube.com/watch?v=862Pb9oDDAo,YouTube
1372,https://www.youtube.com/watch?v=ep8iKiQNSrY,YouTube
1373,https://www.youtube.com/watch?v=u0mrzMQJMQ8,YouTube
1374,https://www.youtube.com/watch?v=WeLMOaf-4k4,YouTube
1375,https://www.youtube.com/watch?v=jwI3iR28DgQ,YouTube
1376,,
1377,,
1378,,
1379,,
1380,,
1381,,
1382,,
1383,,
1384,https://www.youtube.com/watch?v=oIWLTh7fdeI,YouTube
1385,https://www.youtube.com/watch?v=f03FuymXWBs,YouTube
1386,,
1387,https://www.youtube.com/watch?v=1d0Zf9sXlHk,YouTube
1388,,
1389,,
1390,,
1391,,
1392,https://www.youtube.com/watch?v=-Xa08bewnYI,YouTube
1393,https://www.youtube.com/watch?v=K3-V1j-zMZw,YouTube
1394,https://www.youtube.com/watch?v=xCvjaaqqVzU,YouTube
1395,,
1396,,
1397,https://www.youtube.com/watch?v=7sDR_0ToJnI,YouTube
1398,,
1399,,
1400,,
1401,https://www.youtube.com/watch?v=zVuuooZqVaU,YouTube
1402,,
1403,https://www.youtube.com/watch?v=SEJuBrGzPZ4,YouTube
1404,https://www.youtube.com/watch?v=SEJuBrGzPZ4,YouTube
1405,https://www.youtube.com/watch?v=OsNWYPaezIo,YouTube
1406,https://www.youtube.com/watch?v=SEJuBrGzPZ4,YouTube
1407,https://www.youtube.com/watch?v=SEJuBrGzPZ4,YouTube
1408,https://www.youtube.com/watch?v=SEJuBrGzPZ4,YouTube
1409,,
1410,https://www.youtube.com/watch?v=KUHwOK-Ch_A,YouTube
1411,,
1412,https://www.youtube.com/watch?v=V56OAcTy7QQ,YouTube
1413,,
1414,,
1415,,
1416,,
1417,,
1418,,
1419,,
1420,https://www.youtube.com/watch?v=-j6hkcYl52k,YouTube
1421,https://www.youtube.com/watch?v=8mvyBJMuUBM,YouTube
1422,https://www.youtube.com/watch?v=xFyQTtD6BzM,YouTube
1423,https://www.youtube.com/watch?v=IpPiM8-1Ss4,YouTube
1424,https://www.youtube.com/watch?v=XROLxJNmgoY,YouTube
1425,,
1426,,
1427,https://www.youtube.com/watch?v=EIzazUv2gtI,YouTube
1428,https://www.youtube.com/watch?v=WA2NvFSHchk,YouTube
1429,https://www.youtube.com/watch?v=Smd_xZHCCzI,YouTube
1430,https://www.youtube.com/watch?v=BiGgH2nymc8,YouTube
1431,https://www.youtube.com/watch?v=5AWP1K7FaFI,YouTube
1432,https://www.youtube.com/watch?v=L-591Dqa48g,YouTube
1433,https://www.youtube.com/watch?v=PzbJbxkah3s,YouTube
1434,,
1435,,
1436,,
1437,https://www.youtube.com/watch?v=-Wjjo30JJck,YouTube
1438,https://www.youtube.com/watch?v=nw8z8OqedGU,YouTube
1439,https://www.youtube.com/watch?v=9o996V_puWU,YouTube
1440,,
1441,,
1442,,
1443,,
1444,https://www.youtube.com/watch?v=FpgMRU6yzwE,YouTube
1445,,
1446,https://www.youtube.com/watch?v=To3XKAWNUYg,YouTube
1447,https://www.youtube.com/watch?v=vtweWmBfXSM,YouTube
1448,https://www.youtube.com/watch?v=85b7B7kWq0A,YouTube
1449,,
1450,https://www.youtube.com/watch?v=Hyag7lR8CPA,YouTube
1451,https://www.youtube.com/watch?v=z9CEIcmWmtA,YouTube
1452,,
1453,https://www.youtube.com/watch?v=_cJRiAfr2PE,YouTube
1454,,
1455,https://www.youtube.com/watch?v=l_Ths6k7qXk,YouTube
1456,https://www.youtube.com/watch?v=l5VKjgVI00A,YouTube
1457,,
1458,,
1459,https://www.youtube.com/watch?v=nAJH0HmkaAU,YouTube
1460,https://www.youtube.com/watch?v=KvZqiCEIG0s,YouTube
1461,https://www.youtube.com/watch?v=sjBGHSL2CvE,YouTube
1462,,
1463,,
1464,,
1465,https://www.youtube.com/watch?v=ggn0nvKCd2w,YouTube
1466,,
1467,,
1468,https://www.youtube.com/watch?v=Oz56r4fOXHQ,YouTube
1469,https://www.youtube.com/watch?v=rHEXyV5LXhM,YouTube
1470,https://www.youtube.com/watch?v=i2XGBtvSzJM,YouTube
1471,https://www.youtube.com/watch?v=mYVb4OLk4NQ,YouTube
1472,https://www.youtube.com/watch?v=qF_13qTiV5s,YouTube
1473,https://www.youtube.com/watch?v=FRm0jeCl8js,YouTube
1474,https://www.youtube.com/watch?v=cwzm84a-zVU,YouTube
1475,,
1476,,
1477,,
1478,https://www.youtube.com/watch?v=3WTTa4HfuHc,YouTube
1479,https://www.youtube.com/watch?v=R9qPcj_AGU0,YouTube
1480,https://www.youtube.com/watch?v=M0O7lLe4SmA,YouTube
1481,,
1482,https://www.youtube.com/watch?v=uaaC57tcci0,YouTube
1483,,
1484,https://www.youtube.com/watch?v=P5sfLO81dHU,YouTube
1485,,
1486,,
1487,https://www.youtube.com/watch?v=T6YU88mix5w,YouTube
1488,,
1489,https://www.youtube.com/watch?v=j8JMRl96yeY,YouTube
1490,https://www.youtube.com/watch?v=ndRqqf8w1Jo,YouTube
1491,,
1492,https://www.youtube.com/watch?v=AptgBFd3LQc,YouTube
1493,,
1494,https://www.youtube.com/watch?v=0eSdOPcHum8,YouTube
1495,,
1496,,
1497,https://www.youtube.com/watch?v=eQXXuC9eaYQ,YouTube
1498,https://www.youtube.com/watch?v=u5qZOqrPr_A,YouTube
1499,,
1500,,
1501,,
1502,https://www.youtube.com/watch?v=zEIDwdlrjyo,YouTube
1503,,
1504,https://www.youtube.com/watch?v=U4BNdAaa948,YouTube
1505,https://www.youtube.com/watch?v=kkfzi1PBS2s,YouTube
1506,,
1507,https://www.youtube.com/watch?v=f6acw690AqQ,YouTube
1508,,
1509,https://www.youtube.com/watch?v=-vKHLk2hU5U,YouTube
1510,https://www.youtube.com/watch?v=ZGOCLeC2MNA,YouTube
1511,https://www.youtube.com/watch?v=5EynFdirgmY,YouTube
1512,https://www.youtube.com/watch?v=f8KxvR6Uir4,YouTube
1513,,
1514,,
1515,,
1516,https://www.youtube.com/watch?v=SOhRCIv-VOE,YouTube
1517,,
1518,,
1519,,
1520,https://www.youtube.com/watch?v=W1TCaha4zbk,YouTube
1521,https://www.youtube.com/watch?v=NsFVI0GR38M,YouTube
1522,https://www.youtube.com/watch?v=PhTjYefSkuc,YouTube
1523,https://www.youtube.com/watch?v=_vSY7dW0CJs,YouTube
1524,,
1525,https://vimeo.com/133015479,Vimeo
1526,,
1527,https://www.youtube.com/watch?v=tLCIHiIYiLY,YouTube
1528,https://www.youtube.com/watch?v=P4k7XIdk7Vk,YouTube
1529,,
1530,,
1531,,
1532,,
1533,https://www.youtube.com/watch?v=uYpbWRx1cRs,YouTube
1534,https://www.youtube.com/watch?v=_A0AcF7XGDs,YouTube
1535,,
1536,,
1537,,
1538,https://www.youtube.com/watch?v=FitDCMmT3Ks,YouTube
1539,,
1540,,
1541,,
1542,,
1543,,
1544,,
1545,https://www.youtube.com/watch?v=dA7JW9Zj2-g,YouTube
1546,https://www.youtube.com/watch?v=8uRSm5IwmtY,YouTube
1547,https://www.youtube.com/watch?v=9uicvPZSKIM,YouTube
1548,https://www.youtube.com/watch?v=1TSo4GBi1xI,YouTube
1549,https://www.youtube.com/watch?v=gmNHRCcNIbI,YouTube
1550,,
1551,https://www.youtube.com/watch?v=vmH61rvDQxU,YouTube
1552,,
1553,,
1554,https://www.youtube.com/watch?v=1t3SXlPo-WA,YouTube
1555,,
1556,,
1557,,
1558,https://www.youtube.com/watch?v=S1NIap4p9y8,YouTube
1559,https://www.youtube.com/watch?v=bHpVeD9kJEI,YouTube
1560,https://www.youtube.com/watch?v=5ceGRIWDRoA,YouTube
1561,https://www.youtube.com/watch?v=Sbcxs_73ijo,YouTube
1562,,
1563,,
1564,,
1565,,
1566,https://www.youtube.com/watch?v=7BFJw1J9qMU,YouTube
1567,,
1568,,
1569,,
1570,,
1571,,
1572,,
1573,,
1574,https://www.youtube.com/watch?v=mli1_K0JvTs,YouTube
1575,,
1576,,
1577,,
1578,,
1579,,
1580,,
1581,,
1582,https://www.youtube.com/watch?v=So9le5tsgAo,YouTube
1583,,
1584,https://www.youtube.com/watch?v=-VLEPhfEN2M,YouTube
1585,https://www.youtube.com/watch?v=UAp-HXY7y6E,YouTube
1586,,
1587,,
1588,https://www.youtube.com/watch?v=U2xDIe01fFY,YouTube
1589,,
1590,https://www.youtube.com/watch?v=eNj53-mu7xw,YouTube
1591,,
1592,https://www.youtube.com/watch?v=bD7bpG-zDJQ,YouTube
1593,,
1594,https://www.youtube.com/watch?v=xyYcuvAaTDM,YouTube
1595,https://www.youtube.com/watch?v=isOGD_7hNIY,YouTube
1596,,
1597,https://www.youtube.com/watch?v=k2aVBot4DNY,YouTube
1598,https://www.youtube.com/watch?v=ug4pvvfDkDo,YouTube
1599,https://www.youtube.com/watch?v=nGemRR9gOQw,YouTube
1600,https://www.youtube.com/watch?v=-Xt_6-oJFqk,YouTube
1601,,
1602,https://www.youtube.com/watch?v=TcilGWIzvdE,YouTube
1603,,
1604,https://www.youtube.com/watch?v=mYVb4OLk4NQ,YouTube
1605,,
1606,https://www.youtube.com/watch?v=_cJRiAfr2PE,YouTube
1607,https://www.youtube.com/watch?v=B8u5AZfY_uw,YouTube
1608,https://www.youtube.com/watch?v=anP8ALC-05s,YouTube
1609,,
1610,,
1611,https://www.youtube.com/watch?v=hZqGbP817TQ,YouTube
1612,https://www.youtube.com/watch?v=I05IlfKXzEw,YouTube
1613,,
1614,,
1615,https://www.youtube.com/watch?v=P_dfc0iqmig,YouTube
1616,https://www.youtube.com/watch?v=7joR5V_T3wQ,YouTube
1617,,
1618,https://www.youtube.com/watch?v=28sX6MExVDE,YouTube
1619,,
1620,https://www.youtube.com/watch?v=Q4_6HP7krZ8,YouTube
1621,,
1622,,
1623,https://www.youtube.com/watch?v=_lpuc162YpI,YouTube
1624,https://www.youtube.com/watch?v=eMmC6z4NMIc,YouTube
1625,https://www.youtube.com/watch?v=2TKo_HOfKMI,YouTube
1626,,
1627,,
1628,,
1629,https://www.youtube.com/watch?v=5NdX5Mn0V7U,YouTube
1630,,
1631,,
1632,,
1633,https://www.youtube.com/watch?v=i2LdlqW26zc,YouTube
1634,https://www.youtube.com/watch?v=limQX9SHaVc,YouTube
1635,https://www.youtube.com/watch?v=EmUvs7sDAqQ,YouTube
1636,https://www.youtube.com/watch?v=JpMOCEZcwXk,YouTube
1637,https://www.youtube.com/watch?v=CdkxJ8BD0EI,YouTube
1638,,
1639,,
1640,https://www.youtube.com/watch?v=R1b5AIc5Cqw,YouTube
1641,,
1642,https://www.youtube.com/watch?v=2-B0HD1jcyY,YouTube
1643,,
1644,https://www.youtube.com/watch?v=NA4Wa9E5Kpo,YouTube
1645,,
1646,https://www.youtube.com/watch?v=4-joBE3I3WY,YouTube
1647,,
1648,https://www.youtube.com/watch?v=-W7Bek4jvos,YouTube
1649,,
1650,https://www.youtube.com/watch?v=g-7DFKBJajg,YouTube
1651,,
1652,https://vimeo.com/306216078,Vimeo
1653,,
1654,,
1655,https://www.youtube.com/watch?v=fyLFcvIrN20,YouTube
1656,https://www.youtube.com/watch?v=X8TH38WFi2s,YouTube
1657,,
1658,https://www.youtube.com/watch?v=t64H3S7r4wo,YouTube
1659,,
1660,,
1661,https://www.youtube.com/watch?v=UWLQnSDV0ak,YouTube
1662,https://www.youtube.com/watch?v=EzvTMm3lPr4,YouTube
1663,https://www.youtube.com/watch?v=zqhfd79fbFs,YouTube
1664,,
1665,,
1666,,
1667,https://www.youtube.com/watch?v=u2ncERi6TgU,YouTube
1668,https://www.youtube.com/watch?v=LdwdI6JH8lE,YouTube
1669,https://www.youtube.com/watch?v=vOUVVDWdXbo,YouTube
1670,https://www.youtube.com/watch?v=vP9QCAcGy7Y,YouTube
1671,,
1672,,
1673,,
1674,https://www.youtube.com/watch?v=nYZPkHzf48Q,YouTube
1675,https://www.youtube.com/watch?v=mBdYn-ffxSw,YouTube
1676,https://www.youtube.com/watch?v=g09a9laLh0k,YouTube
1677,,
1678,,
1679,,
1680,https://www.youtube.com/watch?v=G79lVdP01Fs,YouTube
1681,https://www.youtube.com/watch?v=mgIvdJkypNs,YouTube
1682,https://www.youtube.com/watch?v=7mHOG5LCZDI,YouTube
1683,https://www.youtube.com/watch?v=Nbjks9yrtcY,YouTube
1684,https://www.youtube.com/watch?v=dzQXNZFwKoQ,YouTube
1685,https://www.youtube.com/watch?v=xLrYXoeanxQ,YouTube
1686,https://www.youtube.com/watch?v=WAEoJkL_8zU,YouTube
1687,,
1688,,
1689,,
1690,,
1691,,
1692,,
1693,,
1694,https://www.youtube.com/watch?v=yvFGs-Ob8OA,YouTube
1695,,
1696,,
1697,,
1698,,
1699,,
1700,,
1701,,
1702,,
1703,,
1704,https://www.youtube.com/watch?v=xw1vQgVaYNQ,YouTube
1705,https://www.youtube.com/watch?v=d1SSn64xeTg,YouTube
1706,,
1707,,
1708,https://www.youtube.com/watch?v=x0h2qlZNY2A,YouTube
1709,https://www.youtube.com/watch?v=Fbj8Db5ipTE,YouTube
1710,,
1711,,
1712,,
1713,,
1714,,
1715,https://www.youtube.com/watch?v=dAXedVj_jGI,YouTube
1716,,
1717,https://www.youtube.com/watch?v=PZcvQoqMVw0,YouTube
1718,https://www.youtube.com/watch?v=LP4yqd90BT0,YouTube
1719,,
1720,,
1721,,
1722,https://www.youtube.com/watch?v=t433PEQGErc,YouTube
1723,,
1724,,
1725,https://www.youtube.com/watch?v=OqcP_wkcl2I,YouTube
1726,,
1727,,
1728,,
1729,,
1730,,
1731,https://www.youtube.com/watch?v=R_ReqzPKYUc,YouTube
1732,,
1733,,
1734,,
1735,,
1736,,
1737,,
1738,https://www.youtube.com/watch?v=28rO1X01svc,YouTube
1739,https://www.youtube.com/watch?v=--aQSO_NjYw,YouTube
1740,https://www.youtube.com/watch?v=2msJTFvhkU4,YouTube
1741,https://www.youtube.com/watch?v=h-m1hKqMfaU,YouTube
1742,,
1743,,
1744,,
1745,https://www.youtube.com/watch?v=lnPxHu6Sx5s,YouTube
1746,,
1747,,
1748,https://www.youtube.com/watch?v=T2Dj6ktPU5c,YouTube
1749,https://www.youtube.com/watch?v=_dOsJFhJNGc,YouTube
1750,https://www.youtube.com/watch?v=D2EcvFfzu-o,YouTube
1751,,
1752,https://www.youtube.com/watch?v=UNl9RqjLCwc,YouTube
1753,https://www.youtube.com/watch?v=3IM1vSNJw3Y,YouTube
1754,https://www.youtube.com/watch?v=c16v_rAOsvs,YouTube
1755,https://www.youtube.com/watch?v=4vPeTSRd580,YouTube
1756,,
1757,https://www.youtube.com/watch?v=Yf4S8z6496w,YouTube
1758,https://www.youtube.com/watch?v=SlXN87OYnqE,YouTube
1759,,
1760,,
1761,,
1762,,
1763,,
1764,https://www.youtube.com/watch?v=IgkzY80Pxeo,YouTube
1765,https://www.youtube.com/watch?v=E-Nnh_5Yb50,YouTube
1766,,
1767,https://www.youtube.com/watch?v=CG8zAQHWxIM,YouTube
1768,https://www.youtube.com/watch?v=qZ2OYb1wxZc,YouTube
1769,,
1770,https://www.youtube.com/watch?v=QxWQqhoqUYY,YouTube
1771,https://www.youtube.com/watch?v=qGqiHJTsRkQ,YouTube
1772,https://www.youtube.com/watch?v=v5H6wE47FrI,YouTube
1773,https://www.youtube.com/watch?v=K03geKk5hW4,YouTube
1774,,
1775,,
1776,,
1777,https://www.youtube.com/watch?v=SURPbfYqNt0,YouTube
1778,,
1779,https://www.youtube.com/watch?v=p8ffMMdQw2c,YouTube
1780,https://www.youtube.com/watch?v=wNYQJabj0B0,YouTube
1781,,
1782,,
1783,https://www.youtube.com/watch?v=TOs4HzmFb_E,YouTube
1784,https://www.youtube.com/watch?v=AYEBE211TAQ,YouTube
1785,,
1786,,
1787,,
1788,https://www.youtube.com/watch?v=PBMFfQRvMPs,YouTube
1789,,
1790,,
1791,https://www.youtube.com/watch?v=MaEskLaaVgA,YouTube
1792,https://www.youtube.com/watch?v=9SrAVSD0DBE,YouTube
1793,https://www.youtube.com/watch?v=SYWECvmqXts,YouTube
1794,https://www.youtube.com/watch?v=WRf46RzvZKQ,YouTube
1795,https://www.youtube.com/watch?v=lwz3T274gU0,YouTube
1796,https://www.youtube.com/watch?v=tvac_Q4k_pQ,YouTube
1797,https://www.youtube.com/watch?v=LiYLqM8xAKE,YouTube
1798,,
1799,https://www.youtube.com/watch?v=NigSUgfMAG0,YouTube
1800,,
1801,,
1802,,
1803,https://www.youtube.com/watch?v=d07bLgyG1F4,YouTube
1804,https://www.youtube.com/watch?v=7qDCszLrX-Y,YouTube
1805,,
1806,https://www.youtube.com/watch?v=hnnv5BsNxTM,YouTube
1807,,
1808,https://www.youtube.com/watch?v=pfAhQSz-j_o,YouTube
1809,,
1810,,
1811,,
1812,https://www.youtube.com/watch?v=3P8N7oDGF1g,YouTube
1813,,
1814,,
1815,https://www.youtube.com/watch?v=YuP8g_GQIgI,YouTube
1816,,
1817,,
1818,https://www.youtube.com/watch?v=qaZoSTG10lw,YouTube
1819,,
1820,,
1821,,
1822,https://www.youtube.com/watch?v=ricwlqGvZDA,YouTube
1823,,
1824,,
1825,https://www.youtube.com/watch?v=LxRQmu2sIMo,YouTube
1826,,
1827,https://www.youtube.com/watch?v=tqn2t3PefdY,YouTube
1828,https://www.youtube.com/watch?v=jKCj3XuPG8M,YouTube
1829,,
1830,https://www.youtube.com/watch?v=F2mk5MZwksg,YouTube
1831,,
1832,https://www.youtube.com/watch?v=NQiv6aFe6M8,YouTube
1833,,
1834,https://www.youtube.com/watch?v=LzAF_No9hk4,YouTube
1835,,
1836,,
1837,,
1838,,
1839,,
1840,,
1841,https://www.youtube.com/watch?v=6lDcA_aGPh8,YouTube
1842,,
1843,https://www.youtube.com/watch?v=cWSJ4_WtCoE,YouTube
1844,,
1845,https://www.youtube.com/watch?v=V2SVIVkP2_U,YouTube
1846,https://www.youtube.com/watch?v=-wrTIWx_Z6k,YouTube
1847,,
1848,https://www.youtube.com/watch?v=n3Uv-9mvgis,YouTube
1849,,
1850,https://www.youtube.com/watch?v=3vH9KphNm2c,YouTube
1851,https://www.youtube.com/watch?v=LHrZxG9W3RI,YouTube
1852,,
1853,,
1854,https://www.youtube.com/watch?v=ZN7PWE2dyAY,YouTube
1855,https://www.youtube.com/watch?v=9ItBvH5J6ss,YouTube
1856,https://www.youtube.com/watch?v=ys9njXUXCIk,YouTube
1857,https://www.youtube.com/watch?v=8c77ONP5QnM,YouTube
1858,https://vimeo.com/408918536,Vimeo
1859,https://www.youtube.com/watch?v=xKJmEC5ieOk,YouTube
1860,,
1861,,
1862,https://www.youtube.com/watch?v=RAyEV3Mhvl0,YouTube
1863,https://www.youtube.com/watch?v=zO8xbYx6tco,YouTube
1864,,
1865,https://www.youtube.com/watch?v=i4das8_tUUY,YouTube
1866,https://www.youtube.com/watch?v=auc632vdPAY,YouTube
1867,https://www.youtube.com/watch?v=0ykYqkECz9E,YouTube
1868,https://www.youtube.com/watch?v=btpK02HkGps,YouTube
1869,https://www.youtube.com/watch?v=Pn4P1IYdQuU,YouTube
1870,,
1871,https://www.youtube.com/watch?v=fjVonI2oVeM,YouTube
1872,,
1873,https://www.youtube.com/watch?v=7UVMsz2cP3E,YouTube
1874,,
1875,https://www.youtube.com/watch?v=cMLF8uFomRg,YouTube
1876,https://www.youtube.com/watch?v=BlNyQk2W83k,YouTube
1877,https://www.youtube.com/watch?v=HikYI0jIAwU,YouTube
1878,,
1879,,
1880,https://www.youtube.com/watch?v=OrSh2CHmEW4,YouTube
1881,,
1882,https://www.youtube.com/watch?v=f40JahDi1Uc,YouTube
1883,,
1884,,
1885,,
1886,,
1887,,
1888,,
1889,,
1890,,
1891,https://www.youtube.com/watch?v=Qct17KcHlx8,YouTube
1892,https://www.youtube.com/watch?v=gCEYXnDNcrg,YouTube
1893,,
1894,,
1895,https://www.youtube.com/watch?v=EQY3iNOiSN0,YouTube
1896,https://www.youtube.com/watch?v=fNcvaWHS95o,YouTube
1897,https://www.youtube.com/watch?v=UBdLrdX-Ov4,YouTube
1898,,
1899,https://www.youtube.com/watch?v=Xbg2FwCBzU4,YouTube
1900,https://www.youtube.com/watch?v=Xd8LZEaXszM,YouTube
1901,,
1902,,
1903,,
1904,,
1905,,
1906,,
1907,,
1908,https://www.youtube.com/watch?v=k2aVBot4DNY,YouTube
1909,https://www.youtube.com/watch?v=szD0fAobjDk,YouTube
1910,https://www.youtube.com/watch?v=0rBnkBIhoFE,YouTube
1911,https://www.youtube.com/watch?v=VxzO8Qx96O4,YouTube
1912,,
1913,https://www.youtube.com/watch?v=bxWPPrDpqr8,YouTube
1914,https://www.youtube.com/watch?v=nGqjav-KbDU,YouTube
1915,https://www.youtube.com/watch?v=qSALRP1mZNQ,YouTube
1916,,
1917,,
1918,https://www.youtube.com/watch?v=WetlFffGSFA,YouTube
1919,,
1920,,
1921,https://www.youtube.com/watch?v=nQFwgx0z2Uk,YouTube
1922,,
1923,https://www.youtube.com/watch?v=zAzbNQZya9o,YouTube
1924,,
1925,,
1926,https://www.youtube.com/watch?v=ezbyCizczY8,YouTube
1927,,
1928,https://www.youtube.com/watch?v=KoREt4C6l3k,YouTube
1929,https://www.youtube.com/watch?v=EH1aAPsPftc,YouTube
1930,,
1931,https://www.youtube.com/watch?v=rPK5dnE9CS4,YouTube
1932,,
1933,,
1934,,
1935,,
1936,https://www.youtube.com/watch?v=FeAJwJwqNQo,YouTube
1937,https://www.youtube.com/watch?v=kexKFYX44lw,YouTube
1938,https://www.youtube.com/watch?v=xS9FDyR-cJc,YouTube
1939,https://www.youtube.com/watch?v=C7jPsACD-O0,YouTube
1940,,
1941,,
1942,https://www.youtube.com/watch?v=agnpaFLo0to,YouTube
1943,https://www.youtube.com/watch?v=jBrd2tQMWJg,YouTube
1944,https://www.youtube.com/watch?v=xjIeJlBQoYQ,YouTube
1945,,
1946,,
1947,,
1948,,
1949,,
1950,,
1951,https://www.youtube.com/watch?v=QnaIlsHLgMA,YouTube
1952,https://www.youtube.com/watch?v=r3-l1achSeQ,YouTube
1953,https://www.youtube.com/watch?v=fzDoaPaKbbs,YouTube
1954,https://www.youtube.com/watch?v=2_XF_4l_E-8,YouTube
1955,https://www.youtube.com/watch?v=Smg3sicyLh4,YouTube
1956,https://www.youtube.com/watch?v=iA3jEfxq9OY,YouTube
1957,,
1958,https://www.youtube.com/watch?v=BZ3foRHgRVo,YouTube
1959,https://www.youtube.com/watch?v=2u6rZ9U-o-A,YouTube
1960,https://www.youtube.com/watch?v=QWKJ-avtMWQ,YouTube
1961,,
1962,https://www.youtube.com/watch?v=YknK1G-g-qc,YouTube
1963,https://www.youtube.com/watch?v=OQIAdsmS-D4,YouTube
1964,https://www.youtube.com/watch?v=QJmYyYKUKik,YouTube
1965,,
1966,,
1967,https://www.youtube.com/watch?v=bg3Woy94lEs,YouTube
1968,https://www.youtube.com/watch?v=aQZ8R7VWTfw,YouTube
1969,,
1970,,
1971,https://www.youtube.com/watch?v=qtYpG02Iokc,YouTube
1972,https://www.youtube.com/watch?v=dzgFHMfOtdw,YouTube
1973,https://www.youtube.com/watch?v=R99kKdznIlI,YouTube
1974,https://www.youtube.com/watch?v=k72fdSYHHvQ,YouTube
1975,https://www.youtube.com/watch?v=gvjlYUzhijQ,YouTube
1976,,
1977,,
1978,https://www.youtube.com/watch?v=aK-X2d0lJ_s,YouTube
1979,https://www.youtube.com/watch?v=Qfu7pEAtvHw,YouTube
1980,,
1981,,
1982,,
1983,https://www.youtube.com/watch?v=YoI7k49__kY,YouTube
1984,,
1985,https://www.youtube.com/watch?v=AST2-4db4ic,YouTube
1986,,
1987,https://www.youtube.com/watch?v=I7_CLVoGkgA,YouTube
1988,https://www.youtube.com/watch?v=pAMUldixCu4,YouTube
1989,,
1990,,
1991,https://www.youtube.com/watch?v=SdXoSlGuf3c,YouTube
1992,,
1993,,
1994,,
1995,,
1996,,
1997,https://www.youtube.com/watch?v=XEJqiucxyrs,YouTube
1998,,
1999,https://www.youtube.com/watch?v=Wva0OyWVRsM,YouTube
2000,,
2001,,
2002,https://www.youtube.com/watch?v=D5I3Lt8PwyQ,YouTube
2003,,
2004,https://www.youtube.com/watch?v=hXrW6pJyySk,YouTube
2005,,
2006,,
2007,,
2008,,
2009,,
2010,,
2011,,
2012,,
2013,,
2014,,
2015,https://www.youtube.com/watch?v=zm-wwAyeb44,YouTube
2016,https://www.youtube.com/watch?v=33g-ZHBQdNU,YouTube
2017,,
2018,,
2019,https://www.youtube.com/watch?v=4cBZvNJHupk,YouTube
2020,https://www.youtube.com/watch?v=XNIHIZt4_6M,YouTube
2021,https://www.youtube.com/watch?v=1b7jupQbi7w,YouTube
2022,https://www.youtube.com/watch?v=s3_5WZSOsn8,YouTube
2023,,
2024,,
2025,https://www.youtube.com/watch?v=TImAMCQbwJo,YouTube
2026,,
2027,https://www.youtube.com/watch?v=8AWqOBj_BqA,YouTube
2028,,
2029,,
2030,https://www.youtube.com/watch?v=DsOXacenEk8,YouTube
2031,,
2032,,
2033,https://www.youtube.com/watch?v=Ygwpeun2qOQ,YouTube
2034,https://www.youtube.com/watch?v=fKwsz6ua5EM,YouTube
2035,https://www.youtube.com/watch?v=DcLG3AfyVDI,YouTube
2036,https://www.youtube.com/watch?v=J9X0pEsJshU,YouTube
2037,,
2038,,
2039,,
2040,https://www.youtube.com/watch?v=P1GRO31ve5Q,YouTube
2041,,
2042,,
2043,,
2044,,
2045,,
2046,https://www.youtube.com/watch?v=uoDBvGF9pPU,YouTube
2047,https://www.youtube.com/watch?v=6PxgaRlEoAk,YouTube
2048,,
2049,,
2050,https://www.youtube.com/watch?v=UHNEtSJIep0,YouTube
2051,https://www.youtube.com/watch?v=W9uddyaqAPE,YouTube
2052,https://www.youtube.com/watch?v=sjphe2tlKKw,YouTube
2053,https://www.youtube.com/watch?v=l787QxuR51I,YouTube
2054,https://www.youtube.com/watch?v=7ooplmVXs7k,YouTube
2055,,
2056,,
2057,,
2058,https://www.youtube.com/watch?v=gpt3LANFwp0,YouTube
2059,https://www.youtube.com/watch?v=8AphzwiB8sE,YouTube
2060,,
2061,,
2062,https://www.youtube.com/watch?v=Aey-tx_dEaM,YouTube
2063,https://www.youtube.com/watch?v=Tw1jwFTDrSU,YouTube
2064,,
2065,,
2066,,
2067,,
2068,,
2069,https://www.youtube.com/watch?v=IaWDH-5aTHg,YouTube
2070,,
2071,,
2072,https://www.youtube.com/watch?v=wkBw_pphRqs,YouTube
2073,https://www.youtube.com/watch?v=HzNlrpabXw0,YouTube
2074,,
2075,,
2076,,
2077,,
2078,https://www.youtube.com/watch?v=r23TBcYxNnM,YouTube
2079,,
2080,,
2081,,
2082,https://www.youtube.com/watch?v=XVU2RIOgSJg,YouTube
2083,,
2084,,
2085,https://www.youtube.com/watch?v=R94MIJXMjB8,YouTube
2086,https://www.youtube.com/watch?v=gLn7UOw-tF8,YouTube
2087,https://www.youtube.com/watch?v=zsB1sYSHEAM,YouTube
2088,,
2089,https://www.youtube.com/watch?v=8uc30b4kZws,YouTube
2090,https://www.youtube.com/watch?v=vTmFKZmp1aE,YouTube
2091,,
2092,https://www.youtube.com/watch?v=iCcz2e2eGyk,YouTube
2093,,
2094,,
2095,https://www.youtube.com/watch?v=7q6Co-nd0lM,YouTube
2096,,
2097,https://www.youtube.com/watch?v=efenlo9Zc1s,YouTube
2098,https://www.youtube.com/watch?v=Z1nk0zEdCRQ,YouTube
2099,https://www.youtube.com/watch?v=pgStO6o9JLc,YouTube
2100,,
2101,,
2102,,
2103,https://www.youtube.com/watch?v=qOUbfbSFZwY,YouTube
2104,,
2105,,
2106,https://www.youtube.com/watch?v=iid80O0-Mjc,YouTube
2107,https://www.youtube.com/watch?v=BdjlLq1tqmU,YouTube
2108,,
2109,,
2110,,
2111,,
2112,https://www.youtube.com/watch?v=d37xycwqPzs,YouTube
2113,,
2114,,
2115,https://www.youtube.com/watch?v=4MGReT9-cAg,YouTube
2116,https://www.youtube.com/watch?v=JzeP0DKSqdQ,YouTube
2117,,
2118,,
2119,https://www.youtube.com/watch?v=-JZ_moituIo,YouTube
2120,https://www.youtube.com/watch?v=AT8i93-dYE0,YouTube
2121,https://www.youtube.com/watch?v=kLLsqYK4rm0,YouTube
2122,https://www.youtube.com/watch?v=yP4puq7dgC4,YouTube
2123,https://www.youtube.com/watch?v=RpscZ_YD-ns,YouTube
2124,,
2125,https://www.youtube.com/watch?v=0RfZ4gqdKiE,YouTube
2126,https://www.youtube.com/watch?v=ZS9OU-NXlmg,YouTube
2127,https://www.youtube.com/watch?v=6YIbLhaYjfo,YouTube
2128,,
2129,https://www.youtube.com/watch?v=RZSeK851vZY,YouTube
2130,https://www.youtube.com/watch?v=BrbTmk1Thag,YouTube
2131,https://www.youtube.com/watch?v=XhMG-3KR1L8,YouTube
2132,https://www.youtube.com/watch?v=Em3-1_zzJC0,YouTube
2133,,
2134,,
2135,https://www.youtube.com/watch?v=rBxcF-r9Ibs,YouTube
2136,,
2137,,
2138,https://www.youtube.com/watch?v=taMNuQDTUr4,YouTube
2139,,
2140,,
2141,,
2142,https://www.youtube.com/watch?v=_UtApAxpjJ0,YouTube
2143,https://www.youtube.com/watch?v=PhLSDnxLp-M,YouTube
2144,https://www.youtube.com/watch?v=Nq-CaORClVE,YouTube
2145,https://www.youtube.com/watch?v=qD6FDkUXSZQ,YouTube
2146,,
2147,,
2148,,
2149,,
2150,https://www.youtube.com/watch?v=pz9f2HQZ85s,YouTube
2151,https://www.youtube.com/watch?v=0Yhpttg_8No,YouTube
2152,https://www.youtube.com/watch?v=zJCPLIROS8w,YouTube
2153,https://www.youtube.com/watch?v=J0HZnLFAW3M,YouTube
2154,https://www.youtube.com/watch?v=AklmyWnpinM,YouTube
2155,https://www.youtube.com/watch?v=t3yFQPwV4so,YouTube
2156,https://www.youtube.com/watch?v=C3MhunXKwxE,YouTube
2157,https://www.youtube.com/watch?v=YfSCY4n-rtk,YouTube
2158,,
2159,,
2160,,
2161,https://www.youtube.com/watch?v=5XuY0CktY-0,YouTube
2162,https://www.youtube.com/watch?v=oYxtLNJJ54Y,YouTube
2163,https://www.youtube.com/watch?v=svVykTznk9Q,YouTube
2164,,
2165,,
2166,,
2167,,
2168,https://www.youtube.com/watch?v=yIVRldiVDL8,YouTube
2169,https://www.youtube.com/watch?v=Vlya92LZqZw,YouTube
2170,https://www.youtube.com/watch?v=IcG06hZooHM,YouTube
2171,https://www.youtube.com/watch?v=EcaNxEVqsnM,YouTube
2172,https://www.youtube.com/watch?v=3PQrvcH9W8Q,YouTube
2173,,
2174,,
2175,,
2176,https://www.youtube.com/watch?v=fBaO5C4Jz5s,YouTube
2177,https://www.youtube.com/watch?v=aXc9DVfLTGo,YouTube
2178,https://www.youtube.com/watch?v=5LXDVO-sSqk,YouTube
2179,,
2180,https://www.youtube.com/watch?v=RvAOuhyunhY,YouTube
2181,,
2182,,
2183,,
2184,https://www.youtube.com/watch?v=bOJpiUZphTE,YouTube
2185,,
2186,,
2187,,
2188,,
2189,,
2190,,
2191,,
2192,,
2193,,
2194,,
2195,,
2196,,
2197,,
2198,,
2199,,
2200,,
2201,,
2202,,
2203,,
2204,,
2205,,
2206,,
2207,,
2208,,
2209,,
2210,,
2211,,
2212,,
2213,,
2214,,
2215,,
2216,,
2217,,
2218,,
2219,,
2220,,
2221,,
2222,,
2223,,
2224,,
2225,,
2226,,
2227,,
2228,,
2229,,
2230,,
2231,,
2232,,
2233,,
2234,,
2235,,
2236,,
2237,,
2238,,
2239,,
2240,,
2241,,
2242,,
2243,,
2244,,
2245,,
2246,,
2247,,
2248,,
2249,,
2250,,
2251,,
2252,,
2253,,
2254,,
2255,,
2256,,
2257,,
2258,,
2259,,
2260,,
2261,,
2262,,
2263,,
2264,,
2265,,
2266,,
2267,,
2268,,
2269,,
2270,,
2271,,
2272,,
2273,,
2274,,
2275,,
2276,,
2277,,
2278,,
2279,,
2280,,
2281,,
2282,,
2283,,
2284,,
2285,,
2286,,
2287,,
2288,,
2289,,
2290,,
2291,,
2292,,
2293,,
2294,,
2295,,
2296,,
2297,,
2298,,
2299,,
2300,,
2301,,
2302,,
2303,,
2304,,
2305,,
2306,,
2307,,
2308,,
2309,,
2310,,
2311,,
2312,,
2313,,
2314,,
2315,,
2316,,
2317,,
2318,,
2319,,
2320,,
2321,,
2322,,
2323,,
2324,,
2325,,
2326,,
2327,,
2328,,
2329,,
2330,,
2331,,
2332,,
2333,,
2334,,
2335,,
2336,,
2337,,
2338,,
2339,,
2340,,
2341,,
2342,,
2343,,
2344,,
2345,,
2346,,
2347,,
2348,,
2349,,
2350,,
2351,,
2352,,
2353,,
2354,,
2355,,
2356,,
2357,,
2358,,
2359,,
2360,,
2361,,
2362,,
2363,,
2364,,
2365,,
2366,,
2367,,
2368,,
2369,,
2370,,
2371,,
2372,,
2373,,
2374,,
2375,,
2376,,
2377,,
2378,,
2379,,
2380,,
2381,,
2382,,
2383,,
2384,,
2385,,
2386,,
2387,,
2388,,
2389,,
2390,,
2391,,
2392,,
2393,,
2394,,
2395,,
2396,,
2397,,
2398,,
2399,,
2400,,
2401,,
2402,,
2403,,
2404,,
2405,,
2406,,
2407,,
2408,,
2409,,
2410,,
2411,,
2412,,
2413,,
2414,,
2415,,
2416,,
2417,,
2418,,
2419,,
2420,,
2421,,
2422,,
2423,,
2424,,
2425,,
2426,,
2427,,
2428,,
2429,,
2430,,
2431,,
2432,,
2433,,
2434,,
2435,,
2436,,
2437,,
2438,,
2439,,
2440,,
2441,,
2442,,
2443,,
2444,,
2445,,
2446,,
2447,,
2448,,
2449,,
2450,,
2451,,
2452,,
2453,,
2454,,
2455,,
2456,,
2457,,
2458,,
2459,,
2460,,
2461,,
2462,,
2463,,
2464,,
2465,,
2466,,
2467,,
2468,,
2469,,
2470,,
2471,,
2472,,
2473,,
2474,,
2475,,
2476,,
2477,,
2478,,
2479,,
2480,,
2481,,
2482,,
2483,,
2484,,
2485,,
2486,,
2487,,
2488,,
2489,,
2490,,
2491,,
2492,,
2493,,
2494,,
2495,,
2496,,
2497,,
2498,,
2499,,
2500,,
2501,,
2502,,
2503,,
2504,,
2505,,
2506,,
2507,,
2508,,
2509,,
2510,,
2511,,
2512,,
2513,,
2514,,
2515,,
2516,,
2517,,
2518,,
2519,,
2520,,
2521,,
2522,,
2523,,
2524,,
2525,,
2526,,
2527,,
2528,,
2529,,
2530,,
2531,,
2532,,
2533,,
2534,,
2535,,
2536,,
2537,,
2538,,
2539,,
2540,,
2541,,
2542,,
2543,,
2544,,
2545,,
2546,,
2547,,
2548,,
2549,,
2550,,
2551,,
2552,,
2553,,
2554,,
2555,,
2556,,
2557,,
2558,,
2559,,
2560,,
2561,,
2562,,
2563,,
2564,,
2565,,
2566,,
2567,,
2568,,
2569,,
2570,,
2571,,
2572,,
2573,,
2574,,
2575,,
2576,,
2577,,
2578,,
2579,,
2580,,
2581,,
2582,,
2583,,
2584,,
2585,,
2586,,
2587,,
2588,,
2589,,
2590,,
2591,,
2592,,
2593,,
2594,,
2595,,
2596,,
2597,,
2598,,
2599,,
2600,,
2601,,
2602,,
2603,,
2604,,
2605,,
2606,,
2607,,
2608,,
2609,,
2610,,
2611,,
2612,,
2613,,
2614,,
2615,,
2616,,
2617,,
2618,,
2619,,
2620,,
2621,,
2622,,
2623,,
2624,,
2625,,
2626,,
2627,,
2628,,
2629,,
2630,,
2631,,
2632,,
2633,,
2634,,
2635,,
2636,,
2637,,
2638,,
2639,,
2640,,
2641,,
2642,,
2643,,
2644,,
2645,,
2646,,
2647,,
2648,,
2649,,
2650,,
2651,,
2652,,
2653,,
2654,,
2655,,
2656,,
2657,,
2658,,
2659,,
2660,,
2661,,
2662,,
2663,,
2664,,
2665,,
2666,,
2667,,
2668,,
2669,,
2670,,
2671,,
2672,,
2673,,
2674,,
2675,,
2676,,
2677,,
2678,,
2679,,
2680,,
2681,,
2682,,
2683,,
2684,,
2685,,
2686,,
2687,,
2688,,
2689,,
2690,,
2691,,
2692,,
2693,,
2694,,
2695,,
2696,,
2697,,
2698,,
2699,,
2700,,
2701,,
2702,,
2703,,
2704,,
2705,,
2706,,
2707,,
2708,,
2709,,
2710,,
2711,,
2712,,
2713,,
2714,,
2715,,
2716,,
2717,,
2718,,
2719,,
2720,,
2721,,
2722,,
2723,,
2724,,
2725,,
2726,,
2727,,
2728,,
2729,,
2730,,
2731,,
2732,,
2733,,
2734,,
2735,,
2736,,
2737,,
2738,,
2739,,
2740,,
2741,,
2742,,
2743,,
2744,,
2745,,
2746,,
2747,,
2748,,
2749,,
2750,,
2751,,
2752,,
2753,,
2754,,
2755,,
2756,,
2757,,
2758,,
2759,,
2760,,
2761,,
2762,,
2763,,
2764,,
2765,,
2766,,
2767,,
2768,,
2769,,
2770,,
2771,,
2772,,
2773,,
2774,,
2775,,
2776,,
2777,,
2778,,
2779,,
2780,,
2781,,
2782,,
2783,,
2784,,
2785,,
2786,,
2787,,
2788,,
2789,,
2790,,
2791,,
2792,,
2793,,
2794,,
2795,,
2796,,
2797,,
2798,,
2799,,
2800,,
2801,,
2802,,
2803,,
2804,,
2805,,
2806,,
2807,,
2808,,
2809,,
2810,,
2811,,
2812,,
2813,,
2814,,
2815,,
2816,,
2817,,
2818,,
2819,,
2820,,
2821,,
2822,,
2823,,
2824,,
2825,,
2826,,
2827,,
2828,,
2829,,
2830,,
2831,,
2832,,
2833,,
2834,,
2835,,
2836,,
2837,,
2838,,
2839,,
2840,,
2841,,
2842,,
2843,,
2844,,
2845,,
2846,,
2847,,
2848,,
2849,,
2850,,
2851,,
2852,,
2853,,
2854,,
2855,,
2856,,
2857,,
2858,,
2859,,
2860,,
2861,,
2862,,
2863,,
2864,,
2865,,
2866,,
2867,,
2868,,
2869,,
2870,,
2871,,
2872,,
2873,,
2874,,
2875,,
2876,,
2877,,
2878,,
2879,,
2880,,
2881,,
2882,,
2883,,
2884,,
2885,,
2886,,
2887,,
2888,,
2889,,
2890,,
2891,,
2892,,
2893,,
2894,,
2895,,
2896,,
2897,,
2898,,
2899,,
2900,,
2901,,
2902,,
2903,,
2904,,
2905,,
2906,,
2907,,
2908,,
2909,,
2910,,
2911,,
2912,,
2913,,
2914,,
2915,,
2916,,
2917,,
2918,,
2919,,
2920,,
2921,,
2922,,
2923,,
2924,,
2925,,
2926,,
2927,,
2928,,
2929,,
2930,,
2931,,
2932,,
2933,,
2934,,
2935,,
2936,,
2937,,
2938,,
2939,,
2940,,
2941,,
2942,,
2943,,
2944,,
2945,,
2946,,
2947,,
2948,,
2949,,
2950,,
2951,,
2952,,
2953,,
2954,,
2955,,
2956,,
2957,,
2958,,
2959,,
2960,,
2961,,
2962,,
2963,,
2964,,
2965,,
2966,,
2967,,
2968,,
2969,,
2970,,
2971,,
2972,,
2973,,
2974,,
2975,,
2976,,
2977,,
2978,,
2979,,
2980,,
2981,,
2982,,
2983,,
2984,,
2985,,
2986,,
2987,,
2988,,
2989,,
2990,,
2991,,
2992,,
2993,,
2994,,
2995,,
2996,,
2997,,
2998,,
2999,,
3000,,
3001,,
3002,,
3003,,
3004,,
3005,,
3006,,
3007,,
3008,,
3009,,
3010,,
3011,,
3012,,
3013,,
3014,,
3015,,
3016,,
3017,,
3018,,
3019,,
3020,,
3021,,
3022,,
3023,,
3024,,
3025,,
3026,,
3027,,
3028,,
3029,,
3030,,
3031,,
3032,,
3033,,
3034,,
3035,,
3036,,
3037,,
3038,,
3039,,
3040,,
3041,,
3042,,
3043,,
3044,,
3045,,
3046,,
3047,,
3048,,
3049,,
3050,,
3051,,
3052,,
3053,,
3054,,
3055,,
3056,,
3057,,
3058,,
3059,,
3060,,
3061,,
3062,,
3063,,
3064,,
3065,,
3066,,
3067,,
3068,,
3069,,
3070,,
3071,,
3072,,
3073,,
3074,,
3075,,
3076,,
3077,,
3078,,
3079,,
3080,,
3081,,
3082,,
3083,,
3084,,
3085,,
3086,,
3087,,
3088,,
3089,,
3090,,
3091,,
3092,,
3093,,
3094,,
3095,,
3096,,
3097,,
3098,,
3099,,
3100,,
3101,,
3102,,
3103,https://www.youtube.com/watch?v=wd0QK0gqfUA,YouTube
3104,,
3105,https://www.youtube.com/watch?v=7s61QDw4oSY,YouTube
3106,https://www.youtube.com/watch?v=jGIDN4XRbXQ,YouTube
3107,,
3108,https://www.youtube.com/watch?v=IegWT3kml-E,YouTube
3109,,
3110,,
3111,,
3112,,
3113,https://www.youtube.com/watch?v=oZSMV-NDH4w,YouTube
3114,,
3115,,
3116,,
3117,,
3118,,
3119,https://www.youtube.com/watch?v=UCzygs_gVbE,YouTube
3120,,
3121,https://www.youtube.com/watch?v=BklqjGWxNMs,YouTube
3122,https://www.youtube.com/watch?v=eIvbEC8N3cA,YouTube
3123,https://www.youtube.com/watch?v=C0FnJDhY9-0,YouTube
3124,https://www.youtube.com/watch?v=rNJqjSf2QaY,YouTube
3125,https://www.youtube.com/watch?v=C_puVuHoR6o,YouTube
3126,,
3127,https://www.youtube.com/watch?v=7Bms6Hba-3A,YouTube
3128,,
3129,https://www.youtube.com/watch?v=KVzK1UVuc-4,YouTube
3130,https://www.youtube.com/watch?v=idxQWXSar14,YouTube
3131,https://www.youtube.com/watch?v=Z_7eN5iloyk,YouTube
3132,https://www.youtube.com/watch?v=hIb2_I-dPY8,YouTube
3133,https://www.youtube.com/watch?v=4bawKF8Cg3k,YouTube
3134,,
3135,,
3136,https://www.youtube.com/watch?v=V0mijnT3ntI,YouTube
3137,https://www.youtube.com/watch?v=C2yFJaXmdQs,YouTube
3138,https://www.youtube.com/watch?v=AKqHhXQ-UeU,YouTube
3139,,
3140,https://www.youtube.com/watch?v=D5RDTPfsLAI,YouTube
3141,https://www.youtube.com/watch?v=yw3wp_tJlqk,YouTube
3142,,
3143,,
3144,,
3145,https://www.youtube.com/watch?v=rbNd7edNPa0,YouTube
3146,https://www.youtube.com/watch?v=_cJRiAfr2PE,YouTube
3147,https://www.youtube.com/watch?v=_cJRiAfr2PE,YouTube
3148,https://www.youtube.com/watch?v=_cJRiAfr2PE,YouTube
3149,https://www.youtube.com/watch?v=jAW1U8PLwY0,YouTube
3150,,
3151,https://www.youtube.com/watch?v=IjFfPcbXMeA,YouTube
3152,,
3153,,
3154,https://www.youtube.com/watch?v=FtSd844cI7U,YouTube
3155,,
3156,,
3157,,
3158,,
3159,,
3160,,
3161,,
3162,https://www.youtube.com/watch?v=wJA5QMot-J4,YouTube
3163,https://www.youtube.com/watch?v=qEZiIGT1WFU,YouTube
3164,https://www.youtube.com/watch?v=jTWkeiIMncI,YouTube
3165,https://www.youtube.com/watch?v=O3x9a9ydpj4,YouTube
3166,,
3167,https://www.youtube.com/watch?v=lqqaK_0rHnQ,YouTube
3168,,
3169,https://www.youtube.com/watch?v=BRwRcZNyfi4,YouTube
3170,https://www.youtube.com/watch?v=5SavZnXyix4,YouTube
3171,,
3172,https://www.youtube.com/watch?v=PwzEGwpql3M,YouTube
3173,,
3174,,
3175,https://www.youtube.com/watch?v=xf6qk93WHf0,YouTube
3176,https://www.youtube.com/watch?v=YiPRIs0OTMU,YouTube
3177,https://www.youtube.com/watch?v=JCuD_dHLJAo,YouTube
3178,,
3179,,
3180,https://www.youtube.com/watch?v=FAbA5KCnPYg,YouTube
3181,https://www.youtube.com/watch?v=qZJp381jgLs,YouTube
3182,,
3183,,
3184,,
3185,,
3186,,
3187,https://www.youtube.com/watch?v=YUSSUpTGhZw,YouTube
3188,https://www.youtube.com/watch?v=KKktQFFcXL0,YouTube
3189,,
3190,,
3191,,
3192,,
3193,https://www.youtube.com/watch?v=flDC7Ar2Deg,YouTube
3194,,
3195,,
3196,https://www.youtube.com/watch?v=nzlazAyylw8,YouTube
3197,,
3198,,
3199,,
3200,https://www.youtube.com/watch?v=gdWxGwiuhnU,YouTube
3201,https://www.youtube.com/watch?v=zqUopiAYdRg,YouTube
3202,,
3203,https://www.youtube.com/watch?v=upvgZ3CmZ-0,YouTube
3204,,
3205,https://www.youtube.com/watch?v=4t2tdKD9tPs,YouTube
3206,,
3207,,
3208,,
3209,,
3210,https://www.youtube.com/watch?v=jS0St2NMk1Q,YouTube
3211,https://www.youtube.com/watch?v=f-e6oHWJHzs,YouTube
3212,https://www.youtube.com/watch?v=n6ihJIjVGLo,YouTube
3213,https://www.youtube.com/watch?v=wAKvvUv_wck,YouTube
3214,https://www.youtube.com/watch?v=OMBM10cBhIs,YouTube
3215,https://www.youtube.com/watch?v=jTKbXWGjSe0,YouTube
3216,https://www.youtube.com/watch?v=ue_NxLRGeOw,YouTube
3217,https://www.youtube.com/watch?v=6ljM52nZTAs,YouTube
3218,,
3219,https://www.youtube.com/watch?v=uEA2l6dt8Bc,YouTube
3220,https://www.youtube.com/watch?v=XVU2RIOgSJg,YouTube
3221,https://www.youtube.com/watch?v=kujLHv1A-sQ,YouTube
3222,https://www.youtube.com/watch?v=0mab6h2sE5g,YouTube
3223,https://www.youtube.com/watch?v=Pbc3iujW6Oc,YouTube
3224,https://www.youtube.com/watch?v=FtL9ApLf1aU,YouTube
3225,,
3226,,
3227,,
3228,,
3229,,
3230,,
3231,,
3232,,
3233,,
3234,,
3235,,
3236,https://www.youtube.com/watch?v=gG3pQsE3IXk,YouTube
3237,https://www.youtube.com/watch?v=10BRYI5WrJs,YouTube
3238,https://www.youtube.com/watch?v=GfFrVE8RFKY,YouTube
3239,,
3240,https://www.youtube.com/watch?v=WV3eT0fC0zE,YouTube
3241,https://www.youtube.com/watch?v=b-1fKna9l38,YouTube
3242,,
3243,,
3244,https://www.youtube.com/watch?v=vE4k9-4-1bg,YouTube
3245,,
3246,https://www.youtube.com/watch?v=1Upgl-MYCFM,YouTube
3247,,
3248,https://www.youtube.com/watch?v=BdaFOcn84mM,YouTube
3249,https://www.youtube.com/watch?v=YXu7kqD1JLs,YouTube
3250,,
3251,,
3252,,
3253,,
3254,,
3255,https://www.youtube.com/watch?v=bD7bpG-zDJQ,YouTube
3256,,
3257,https://www.youtube.com/watch?v=kEou_FYdIpA,YouTube
3258,https://www.youtube.com/watch?v=ziIwxPCeByU,YouTube
3259,,
3260,https://www.youtube.com/watch?v=HMmMqWkudgA,YouTube
3261,,
3262,,
3263,https://www.youtube.com/watch?v=8NpzOgSSDvc,YouTube
3264,,
3265,,
3266,https://www.youtube.com/watch?v=nTlUxNzt5Kw,YouTube
3267,,
3268,https://www.youtube.com/watch?v=Bsaq-DED_Gc,YouTube
3269,,
3270,,
3271,,
3272,,
3273,,
3274,,
3275,,
3276,,
3277,,
3278,https://www.youtube.com/watch?v=Mr6bsJwYGp4,YouTube
3279,,
3280,,
3281,,
3282,,
3283,https://www.youtube.com/watch?v=txiV1NL0Ueo,YouTube
3284,,
3285,https://www.youtube.com/watch?v=joe2vkRdBjw,YouTube
3286,https://www.youtube.com/watch?v=2B0RpUGss2c,YouTube
3287,,
3288,,
3289,,
3290,,
3291,,
3292,,
3293,,
3294,,
3295,https://www.youtube.com/watch?v=eSpuQB2E7NQ,YouTube
3296,https://www.youtube.com/watch?v=JRIFR3hkIpo,YouTube
3297,https://www.youtube.com/watch?v=VFwHs7fEUNs,YouTube
3298,,
3299,https://www.youtube.com/watch?v=LeLsJfGmY_Y,YouTube
3300,https://www.youtube.com/watch?v=ICp4g9p_rgo,YouTube
3301,https://www.youtube.com/watch?v=vsvBqtg2RM0,YouTube
3302,https://www.youtube.com/watch?v=vVQNUZGYFWY,YouTube
3303,,
3304,https://www.youtube.com/watch?v=2y5wzBjrFZ4,YouTube
3305,,
3306,https://www.youtube.com/watch?v=ApoZm-VJnpc,YouTube
3307,,
3308,,
3309,,
3310,https://www.youtube.com/watch?v=mSzmNFTlyrc,YouTube
3311,,
3312,,
3313,,
3314,,
3315,https://www.youtube.com/watch?v=kexKFYX44lw,YouTube
3316,https://www.youtube.com/watch?v=D3ny94YHMx0,YouTube
3317,,
3318,https://www.youtube.com/watch?v=EtpBbRsNr-M,YouTube
3319,https://www.youtube.com/watch?v=wGPO15FSepQ,YouTube
3320,https://www.youtube.com/watch?v=iDNFlPxqd2o,YouTube
3321,,
3322,,
3323,,
3324,https://www.youtube.com/watch?v=S6O4iy3Twwo,YouTube
3325,https://www.youtube.com/watch?v=c_8U7gjb2k4,YouTube
3326,https://www.youtube.com/watch?v=sWwJIT67C3Y,YouTube
3327,,
3328,https://www.youtube.com/watch?v=nwhB2Hb7g5c,YouTube
3329,https://www.youtube.com/watch?v=X_b-wNkz4DU,YouTube
3330,,
3331,https://www.youtube.com/watch?v=LZWmRUxOj9g,YouTube
3332,,
3333,https://www.youtube.com/watch?v=4HooryZXjcE,YouTube
3334,https://www.youtube.com/watch?v=2Cwaneq2w-4,YouTube
3335,,
3336,https://www.youtube.com/watch?v=FmQygtqDLHs,YouTube
3337,,
3338,,
3339,https://www.youtube.com/watch?v=RcaxmZ-jLP4,YouTube
3340,,
3341,,
3342,https://www.youtube.com/watch?v=H1B6csp4JWo,YouTube
3343,https://www.youtube.com/watch?v=j9_zQcG1FxM,YouTube
3344,,
3345,https://www.youtube.com/watch?v=Nis-CHC785Q,YouTube
3346,https://www.youtube.com/watch?v=9GGIvr_7gy4,YouTube
3347,,
3348,,
3349,,
3350,https://www.youtube.com/watch?v=MP1PTOiPVQo,YouTube
3351,https://www.youtube.com/watch?v=vFncV2U5PHw,YouTube
3352,https://www.youtube.com/watch?v=wePNJGL7nDU,YouTube
3353,,
3354,https://www.youtube.com/watch?v=8uc30b4kZws,YouTube
3355,https://www.youtube.com/watch?v=b7f1asbYiug,YouTube
3356,,
3357,,
3358,,
3359,https://www.youtube.com/watch?v=YEIzkT1eFgc,YouTube
3360,https://www.youtube.com/watch?v=kDlEvaKBkhU,YouTube
3361,https://www.youtube.com/watch?v=eND72dzh7EU,YouTube
3362,https://www.youtube.com/watch?v=VDsK_nAlY-A,YouTube
3363,https://www.youtube.com/watch?v=7vl7F8S4cpQ,YouTube
3364,https://www.youtube.com/watch?v=Lxw0ea_UiZ4,YouTube
3365,https://www.youtube.com/watch?v=RCS7yVh4LhA,YouTube
3366,https://www.youtube.com/watch?v=1zQ-K64hD0c,YouTube
3367,https://www.youtube.com/watch?v=ZYjLvyhxGls,YouTube
3368,,
3369,,
3370,https://www.youtube.com/watch?v=YsRzc5MnogI,YouTube
3371,https://www.youtube.com/watch?v=RwZEKJ-37-4,YouTube
3372,,
3373,https://www.youtube.com/watch?v=MhaVziFh1ws,YouTube
3374,,
3375,,
3376,,
3377,,
3378,,
3379,https://www.youtube.com/watch?v=zF3-l__N2SM,YouTube
3380,,
3381,https://www.youtube.com/watch?v=b_LUu5ANWMI,YouTube
3382,https://www.youtube.com/watch?v=B-bywGTkNhs,YouTube
3383,https://www.youtube.com/watch?v=ZngxYCDt-Vw,YouTube
3384,,
3385,https://www.youtube.com/watch?v=8KwQkxW1bVc,YouTube
3386,,
3387,,
3388,,
3389,https://www.youtube.com/watch?v=BC9Kk8Np9-Y,YouTube
3390,,
3391,,
3392,,
3393,https://www.youtube.com/watch?v=B-yhF7IScUE,YouTube
3394,,
3395,,
3396,,
3397,https://www.youtube.com/watch?v=uVN4aVYA2eA,YouTube
3398,,
3399,,
3400,https://www.youtube.com/watch?v=KQXz_wJl-Zw,YouTube
3401,https://www.youtube.com/watch?v=ZDKX8C5CQwA,YouTube
3402,https://www.youtube.com/watch?v=gqvrcT3A0co,YouTube
3403,,
3404,,
3405,https://www.youtube.com/watch?v=0d5KdM4tzvI,YouTube
3406,,
3407,,
3408,https://www.youtube.com/watch?v=EzJJo0whbJ4,YouTube
3409,,
3410,,
3411,,
3412,,
3413,,
3414,,
3415,,
3416,,
3417,,
3418,,
3419,,
3420,,
3421,https://www.youtube.com/watch?v=ghv3-lpFOcc,YouTube
3422,,
3423,https://www.youtube.com/watch?v=eb2Ce6mj-iI,YouTube
3424,,
3425,,
3426,https://www.youtube.com/watch?v=xC8qJFoTCp0,YouTube
3427,https://www.youtube.com/watch?v=MRmfqgvmiuo,YouTube
3428,https://vimeo.com/218031655,Vimeo
3429,https://www.youtube.com/watch?v=jUEKye3MxfA,YouTube
3430,,
3431,https://www.youtube.com/watch?v=EZ8lTqDmSyQ,YouTube
3432,,
3433,,
3434,,
3435,,
3436,,
3437,,
3438,https://www.youtube.com/watch?v=kqKJhFpH0vQ,YouTube
3439,https://www.youtube.com/watch?v=L6P3nI6VnlY,YouTube
3440,,
3441,,
3442,https://www.youtube.com/watch?v=i89oN8v7RdY,YouTube
3443,https://www.youtube.com/watch?v=nB3UyhrfyDU,YouTube
3444,,
3445,https://www.youtube.com/watch?v=awkemUBoswM,YouTube
3446,https://www.youtube.com/watch?v=QahUqMmhDx4,YouTube
3447,https://www.youtube.com/watch?v=0N2BfFD1QTo,YouTube
3448,https://www.youtube.com/watch?v=7cQ-yGCyjyM,YouTube
3449,https://www.youtube.com/watch?v=-PNKgCsQsUc,YouTube
3450,,
3451,https://www.youtube.com/watch?v=z9_pNmzcGGk,YouTube
3452,,
3453,,
3454,,
3455,https://www.youtube.com/watch?v=RpiGmtkGYIs,YouTube
3456,https://www.youtube.com/watch?v=QCfSeVCr7ng,YouTube
3457,,
3458,https://www.youtube.com/watch?v=2BYJaVz_wpM,YouTube
3459,https://www.youtube.com/watch?v=FuC8H8eXZFU,YouTube
3460,https://www.youtube.com/watch?v=aM-HV2GI2qw,YouTube
3461,,
3462,https://www.youtube.com/watch?v=HnG4ag3Nkes,YouTube
3463,https://www.youtube.com/watch?v=q3nLPb3yzqA,YouTube
3464,,
3465,https://www.youtube.com/watch?v=Cxksd8ytFJg,YouTube
3466,,
3467,,
3468,https://www.youtube.com/watch?v=4jNBbzK0RX4,YouTube
3469,https://www.youtube.com/watch?v=1kBGxsyp__o,YouTube
3470,,
3471,https://www.youtube.com/watch?v=7764OsNo2O4,YouTube
3472,https://www.youtube.com/watch?v=ZlW9yhUKlkQ,YouTube
3473,,
3474,,
3475,,
3476,https://www.youtube.com/watch?v=M3i-VGCY69c,YouTube
3477,,
3478,,
3479,,
3480,https://www.youtube.com/watch?v=3On0BXzGnuI,YouTube
3481,https://www.youtube.com/watch?v=h03jLiWIXVI,YouTube
3482,https://www.youtube.com/watch?v=CG_Kpr9NCAk,YouTube
3483,,
3484,,
3485,https://www.youtube.com/watch?v=prchZUT26KM,YouTube
3486,https://www.youtube.com/watch?v=cJl2EvFO_fE,YouTube
3487,,
3488,,
3489,https://www.youtube.com/watch?v=TIGN3XdWDUw,YouTube
3490,,
3491,,
3492,,
3493,,
3494,https://www.youtube.com/watch?v=uvs691Oah6c,YouTube
3495,https://www.youtube.com/watch?v=xgyP9GG9Ecw,YouTube
3496,https://www.youtube.com/watch?v=FfoKkIYYKx8,YouTube
3497,https://www.youtube.com/watch?v=euQya9Y9nJQ,YouTube
3498,,
3499,https://www.youtube.com/watch?v=YPuhNtG47M0,YouTube
3500,https://www.youtube.com/watch?v=Br3bgLHq-Ro,YouTube
3501,https://www.youtube.com/watch?v=L1YXB7rn5Ks,YouTube
3502,,
3503,,
3504,,
3505,,
3506,,
3507,,
3508,,
3509,,
3510,,
3511,,
3512,,
3513,,
3514,,
3515,,
3516,,
3517,,
3518,,
3519,https://www.youtube.com/watch?v=HB1i0ZYfDzM,YouTube
3520,https://www.youtube.com/watch?v=DZ9cN01ILXM,YouTube
3521,https://www.youtube.com/watch?v=UY5rHUpG3tI,YouTube
3522,https://www.youtube.com/watch?v=dtaBwYQ3ZFw,YouTube
3523,,
3524,,
3525,,
3526,,
3527,https://www.youtube.com/watch?v=bGUFoLX55gc,YouTube
3528,,
3529,https://www.youtube.com/watch?v=Qz65no3WnJk,YouTube
3530,,
3531,https://www.youtube.com/watch?v=mLXWCG92s2k,YouTube
3532,https://www.youtube.com/watch?v=PrX1JJ5dduA,YouTube
3533,https://www.youtube.com/watch?v=XPYjNfP0Mxk,YouTube
3534,https://www.youtube.com/watch?v=fxv73Lo1iBE,YouTube
3535,https://www.youtube.com/watch?v=qt1sP3TBgPk,YouTube
3536,https://www.youtube.com/watch?v=6losYoR9Ytw,YouTube
3537,https://www.youtube.com/watch?v=y_01QJYDavw,YouTube
3538,https://www.youtube.com/watch?v=x6CyqhYsLqo,YouTube
3539,,
3540,,
3541,,
3542,,
3543,https://www.youtube.com/watch?v=sJQR1FESfKM,YouTube
3544,https://www.youtube.com/watch?v=qPvbmCPki9c,YouTube
3545,https://www.youtube.com/watch?v=aDD9jy4xACQ,YouTube
3546,,
3547,,
3548,,
3549,,
3550,,
3551,,
3552,,
3553,https://www.youtube.com/watch?v=PoyVV6Px-uU,YouTube
3554,,
3555,https://www.youtube.com/watch?v=82cJQOfAA1I,YouTube
3556,https://www.youtube.com/watch?v=yfSVedoOKjE,YouTube
3557,,
3558,https://www.youtube.com/watch?v=NEvLJ2y90vw,YouTube
3559,https://www.youtube.com/watch?v=UI51rZmd66Y,YouTube
3560,,
3561,,
3562,,
3563,,
3564,,
3565,,
3566,,
3567,,
3568,,
3569,,
3570,,
3571,,
3572,,
3573,,
3574,https://www.youtube.com/watch?v=caJ88BwQHmY,YouTube
3575,,
3576,https://vimeo.com/294807332,Vimeo
3577,,
3578,https://www.youtube.com/watch?v=7ZdeZsKwT9k,YouTube
3579,,
3580,,
3581,https://www.youtube.com/watch?v=zUOneia4y6A,YouTube
3582,,
3583,,
3584,,
3585,,
3586,,
3587,https://www.youtube.com/watch?v=aGcYHaFaj8s,YouTube
3588,,
3589,,
3590,,
3591,https://www.youtube.com/watch?v=yW-O7nKITB0,YouTube
3592,,
3593,,
3594,,
3595,https://www.youtube.com/watch?v=N-G-XGG7xno,YouTube
3596,https://www.youtube.com/watch?v=J79D3hny-e8,YouTube
3597,https://www.youtube.com/watch?v=uLT3Qu76-bw,YouTube
3598,https://www.youtube.com/watch?v=02cyFlnvA4s,YouTube
3599,,
3600,,
3601,https://www.youtube.com/watch?v=So9rGSzLt24,YouTube
3602,https://www.youtube.com/watch?v=uIY_Hfgh08U,YouTube
3603,https://www.youtube.com/watch?v=cyglpQU5sJ0,YouTube
3604,,
3605,,
3606,,
3607,https://www.youtube.com/watch?v=QuRSCU0tOKs,YouTube
3608,,
3609,https://www.youtube.com/watch?v=mgp20VbsFBI,YouTube
3610,,
3611,,
3612,,
3613,,
3614,https://www.youtube.com/watch?v=ZSrHgFgM3os,YouTube
3615,,
3616,,
3617,,
3618,https://www.youtube.com/watch?v=BAOYDcnVx6E,YouTube
3619,https://www.youtube.com/watch?v=qp9sbE8-1y8,YouTube
3620,,
3621,https://www.youtube.com/watch?v=hbtuMeANSf8,YouTube
3622,https://www.youtube.com/watch?v=gUepLHaY760,YouTube
3623,https://www.youtube.com/watch?v=CVwIElayaK8,YouTube
3624,https://www.youtube.com/watch?v=oMjSNkAaABs,YouTube
3625,https://www.youtube.com/watch?v=1I5cKmiONDI,YouTube
3626,https://www.youtube.com/watch?v=ImmfcSOilPo,YouTube
3627,,
3628,https://www.youtube.com/watch?v=ksNEwaQN53g,YouTube
3629,https://www.youtube.com/watch?v=0pVkiod6V0U,YouTube
3630,https://www.youtube.com/watch?v=33msTt1jAu8,YouTube
3631,,
3632,https://www.youtube.com/watch?v=rekuTKEg7ZU,YouTube
3633,https://www.youtube.com/watch?v=iwROgK94zcM,YouTube
3634,https://www.youtube.com/watch?v=1vXQT24F3dU,YouTube
3635,https://www.youtube.com/watch?v=k-vfzhfq5JA,YouTube
3636,,
3637,https://www.youtube.com/watch?v=g8GOAofQJHQ,YouTube
3638,https://www.youtube.com/watch?v=bud1fkxsbik,YouTube
3639,https://www.youtube.com/watch?v=QEQDZL6bAXo,YouTube
3640,,
3641,https://www.youtube.com/watch?v=uEozRm_wmLU,YouTube
3642,,
3643,https://www.youtube.com/watch?v=l_dSZVd5srY,YouTube
3644,https://www.youtube.com/watch?v=a8hspczg-R4,YouTube
3645,https://www.youtube.com/watch?v=AvXjx8SZbv8,YouTube
3646,https://www.youtube.com/watch?v=1D6nHWjU84o,YouTube
3647,https://www.youtube.com/watch?v=xA4t75QJ34Q,YouTube
3648,https://www.youtube.com/watch?v=hPybzXeEWSI,YouTube
3649,,
3650,https://www.youtube.com/watch?v=FeAJwJwqNQo,YouTube
3651,https://www.youtube.com/watch?v=WBRpQzbUMP0,YouTube
3652,https://www.youtube.com/watch?v=s0sZtjE2MXg,YouTube
3653,,
3654,https://www.youtube.com/watch?v=wP5S9YAFfdE,YouTube
3655,https://www.youtube.com/watch?v=Cc4SrtApxxA,YouTube
3656,https://www.youtube.com/watch?v=FXBs-r9t5Hw,YouTube
3657,,
3658,,
3659,,
3660,https://www.youtube.com/watch?v=nKhIYFDnCoY,YouTube
3661,,
3662,https://www.youtube.com/watch?v=g9rUUsnWIDo,YouTube
3663,https://www.youtube.com/watch?v=6zDXU3sVjuk,YouTube
3664,https://www.youtube.com/watch?v=Q799yzWcuGk,YouTube
3665,https://www.youtube.com/watch?v=eDTFhrpE5FM,YouTube
3666,https://www.youtube.com/watch?v=VuHNsCDmetQ,YouTube
3667,https://www.youtube.com/watch?v=rF6Kuxr0Txw,YouTube
3668,,
3669,,
3670,,
3671,,
3672,https://www.youtube.com/watch?v=Qu5aQeh7VT0,YouTube
3673,https://www.youtube.com/watch?v=O5MsXjUQLYM,YouTube
3674,,
3675,https://www.youtube.com/watch?v=bCxm7cTpBAs,YouTube
3676,https://www.youtube.com/watch?v=p_sumQ-gHyM,YouTube
3677,https://www.youtube.com/watch?v=6j9BgCd-1FU,YouTube
3678,https://www.youtube.com/watch?v=zeloNMTaJZI,YouTube
3679,,
3680,,
3681,https://www.youtube.com/watch?v=VShfZ7XjDcM,YouTube
3682,https://www.youtube.com/watch?v=aq7bglR5Zc0,YouTube
3683,,
3684,,
3685,,
3686,,
3687,https://www.youtube.com/watch?v=Ez0rXJfjnsc,YouTube
3688,https://www.youtube.com/watch?v=i-99BoYyUoI,YouTube
3689,https://www.youtube.com/watch?v=F1vm_qMDn-I,YouTube
3690,,
3691,,
3692,,
3693,,
3694,,
3695,,
3696,,
3697,https://www.youtube.com/watch?v=5U2AJvU3bl4,YouTube
3698,https://www.youtube.com/watch?v=VkvmdLoO4Wk,YouTube
3699,https://www.youtube.com/watch?v=ha97EhHQdeE,YouTube
3700,,
3701,,
3702,https://www.youtube.com/watch?v=MI0Gaofv9PY,YouTube
3703,https://www.youtube.com/watch?v=6t8Chcw_FpY,YouTube
3704,https://www.youtube.com/watch?v=HmDxxoFslzs,YouTube
3705,,
3706,,
3707,,
3708,,
3709,https://www.youtube.com/watch?v=kBkeYEN6aG4,YouTube
3710,https://www.youtube.com/watch?v=n1TlI2Huig8,YouTube
3711,,
3712,,
3713,,
3714,https://www.youtube.com/watch?v=hF1yb5qQvt8,YouTube
3715,,
3716,https://www.youtube.com/watch?v=zDdcAcJS3ZY,YouTube
3717,https://www.youtube.com/watch?v=rayI38YhpEc,YouTube
3718,https://www.youtube.com/watch?v=VKnR6uryWz8,YouTube
3719,https://www.youtube.com/watch?v=x1TvL5ZL6Sc,YouTube
3720,https://www.youtube.com/watch?v=-0-yMdKZk5w,YouTube
3721,,
3722,,
3723,,
3724,https://www.youtube.com/watch?v=m8oh2qHujX4,YouTube
3725,,
3726,https://www.youtube.com/watch?v=4jwp2kE8UxU,YouTube
3727,https://www.youtube.com/watch?v=k2a-KSOCIeY,YouTube
3728,https://www.youtube.com/watch?v=OTu9N40E_MI,YouTube
3729,https://www.youtube.com/watch?v=huXCTt-lYzs,YouTube
3730,https://www.youtube.com/watch?v=AGQ7OkmIx4Q,YouTube
3731,,
3732,https://www.youtube.com/watch?v=eXl1vjK4040,YouTube
3733,,
3734,https://www.youtube.com/watch?v=bO2BmUW3yoY,YouTube
3735,https://www.youtube.com/watch?v=UJzGE00wncU,YouTube
3736,,
3737,,
3738,,
3739,,
3740,,
3741,https://www.youtube.com/watch?v=AEWvRqZQ0RU,YouTube
3742,https://www.youtube.com/watch?v=MmoBvmJA9XI,YouTube
3743,https://www.youtube.com/watch?v=-Y_K6rnCuB0,YouTube
3744,https://www.youtube.com/watch?v=RCd66rWy26Y,YouTube
3745,,
3746,https://www.youtube.com/watch?v=rivB0DjQixs,YouTube
3747,https://www.youtube.com/watch?v=v2Ay_K2zlR4,YouTube
3748,,
3749,https://www.youtube.com/watch?v=d_WMOmFoJGw,YouTube
3750,https://www.youtube.com/watch?v=oH_dWk6sZBc,YouTube
3751,,
3752,,
3753,https://www.youtube.com/watch?v=sp7a2jYftp0,YouTube
3754,,
3755,https://www.youtube.com/watch?v=3oyZETfIIrQ,YouTube
3756,https://www.youtube.com/watch?v=8IZYdCasLEs,YouTube
3757,https://www.youtube.com/watch?v=ELeMaP8EPAA,YouTube
3758,https://www.youtube.com/watch?v=PdgrEGFu44E,YouTube
3759,,
3760,,
3761,,
3762,https://www.youtube.com/watch?v=UZ-9hyOkbaI,YouTube
3763,https://www.youtube.com/watch?v=07jnFUoVzFg,YouTube
3764,,
3765,,
3766,,
3767,,
3768,https://www.youtube.com/watch?v=HHigllswzSc,YouTube
3769,https://www.youtube.com/watch?v=6sQ85MrpOPI,YouTube
3770,https://www.youtube.com/watch?v=bgKEoHNi3Uc,YouTube
3771,https://www.youtube.com/watch?v=1hKoxlJIhPU,YouTube
3772,,
3773,https://www.youtube.com/watch?v=Tc-JxsEBUZI,YouTube
3774,https://www.youtube.com/watch?v=q62fP0kgw5w,YouTube
3775,,
3776,https://www.youtube.com/watch?v=ue2Hi_wzsDk,YouTube
3777,,
3778,https://www.youtube.com/watch?v=eyg8_HBfVB0,YouTube
3779,https://www.youtube.com/watch?v=d0VH8IaGiFw,YouTube
3780,,
3781,,
3782,,
3783,https://www.youtube.com/watch?v=sBQF9t1qKkA,YouTube
3784,,
3785,,
3786,https://www.youtube.com/watch?v=eQrZ26kPSpM,YouTube
3787,https://www.youtube.com/watch?v=OB5BktF00_Y,YouTube
3788,https://www.youtube.com/watch?v=Dj3px5kc0_Y,YouTube
3789,https://www.youtube.com/watch?v=zdWB61bTikI,YouTube
3790,https://www.youtube.com/watch?v=JIDx8xUNZPA,YouTube
3791,,
3792,https://www.youtube.com/watch?v=M4_DXRyz8D0,YouTube
3793,https://www.youtube.com/watch?v=YErbLF5Q09o,YouTube
3794,https://www.youtube.com/watch?v=b6wmw6EVt6g,YouTube
3795,https://www.youtube.com/watch?v=C7b0TAg0xMU,YouTube
3796,https://www.youtube.com/watch?v=4cmMukCFyd8,YouTube
3797,https://www.youtube.com/watch?v=RnAHmSxtVYA,YouTube
3798,https://www.youtube.com/watch?v=Qo6F19tC59o,YouTube
3799,https://www.youtube.com/watch?v=dpaCRJ_u600,YouTube
3800,,
3801,,
3802,,
3803,,
3804,https://www.youtube.com/watch?v=WK82Y6TKHg8,YouTube
3805,https://www.youtube.com/watch?v=3Co8Z8BQgWc,YouTube
3806,,
3807,https://www.youtube.com/watch?v=_d0w0aCgE00,YouTube
3808,https://www.youtube.com/watch?v=F6szJsykTQw,YouTube
3809,https://www.youtube.com/watch?v=zDhZI4WiQ78,YouTube
3810,,
3811,,
3812,https://www.youtube.com/watch?v=6zhLBe319KE,YouTube
3813,https://www.youtube.com/watch?v=x9itwuJ6iMQ,YouTube
3814,,
3815,https://www.youtube.com/watch?v=ERWls7j_K-s,YouTube
3816,https://www.youtube.com/watch?v=p_-_MPVg968,YouTube
3817,https://www.youtube.com/watch?v=qUVrH4BI-Cw,YouTube
3818,https://www.youtube.com/watch?v=zfQXKVCudec,YouTube
3819,,
3820,,
3821,,
3822,,
3823,https://www.youtube.com/watch?v=wVDtmouV9kM,YouTube
3824,https://www.youtube.com/watch?v=egDqXpwKwnk,YouTube
3825,,
3826,,
3827,,
3828,,
3829,,
3830,,
3831,https://www.youtube.com/watch?v=0qx23hrn5YQ,YouTube
3832,,
3833,,
3834,https://vimeo.com/316454544,Vimeo
3835,,
3836,https://www.youtube.com/watch?v=WI9O5FROXOE,YouTube
3837,,
3838,,
3839,https://www.youtube.com/watch?v=sSjjEi2A1Tg,YouTube
3840,,
3841,https://www.youtube.com/watch?v=9HQyUdiyrAU,YouTube
3842,,
3843,https://www.youtube.com/watch?v=KmrU6gMc1Lc,YouTube
3844,,
3845,,
3846,,
3847,,
3848,https://www.youtube.com/watch?v=ho-bSNAdYlU,YouTube
3849,https://www.youtube.com/watch?v=jMRNnTQ_P8g,YouTube
3850,,
3851,,
3852,https://www.youtube.com/watch?v=NjvfqZLbyG8,YouTube
3853,,
3854,https://www.youtube.com/watch?v=dTZioOwZEew,YouTube
3855,https://www.youtube.com/watch?v=315_92dJyrY,YouTube
3856,https://www.youtube.com/watch?v=wZKyyVLlmzE,YouTube
3857,https://www.youtube.com/watch?v=qOUUA7JTIEo,YouTube
3858,,
3859,,
3860,,
3861,,
3862,,
3863,,
3864,https://www.youtube.com/watch?v=YlYN4UjMXA0,YouTube
3865,,
3866,,
3867,,
3868,,
3869,https://www.youtube.com/watch?v=pUFO5uE2FeM,YouTube
3870,https://www.youtube.com/watch?v=wl_SoMNi0rw,YouTube
3871,,
3872,https://www.youtube.com/watch?v=22pa0wpGa9Q,YouTube
3873,https://www.youtube.com/watch?v=JUmZ3NfiHDI,YouTube
3874,,
3875,https://www.youtube.com/watch?v=uo-EO3toOeo,YouTube
3876,,
3877,https://www.youtube.com/watch?v=6WMaYHCmV1k,YouTube
3878,https://www.youtube.com/watch?v=8UG0-caYLfc,YouTube
3879,https://www.youtube.com/watch?v=mKXa10VDQj4,YouTube
3880,,
3881,,
3882,https://www.youtube.com/watch?v=nf44UVkkM50,YouTube
3883,https://www.youtube.com/watch?v=lN_Xb7A2QpI,YouTube
3884,https://www.youtube.com/watch?v=BVV1KYj8D7g,YouTube
3885,https://www.youtube.com/watch?v=aFnuLpVxl9w,YouTube
3886,https://www.youtube.com/watch?v=k0s0_o3z3t0,YouTube
3887,https://www.youtube.com/watch?v=Sv2khM97ylU,YouTube
3888,,
3889,,
3890,https://www.youtube.com/watch?v=ieqemSsMxek,YouTube
3891,,
3892,,
3893,,
3894,https://www.youtube.com/watch?v=DxefiCjQirw,YouTube
3895,https://www.youtube.com/watch?v=1roy4o4tqQM,YouTube
3896,,
3897,,
3898,,
3899,https://www.youtube.com/watch?v=I0hJ7NHDglU,YouTube
3900,,
3901,,
3902,,
3903,https://www.youtube.com/watch?v=XKwfDjfO9Pw,YouTube
3904,,
3905,https://www.youtube.com/watch?v=GQtt2OKmH5o,YouTube
3906,,
3907,https://www.youtube.com/watch?v=ogpTTHLprFs,YouTube
3908,https://www.youtube.com/watch?v=EqiGtnWS7fo,YouTube
3909,,
3910,https://www.youtube.com/watch?v=ALQdKx8sPKk,YouTube
3911,,
3912,https://www.youtube.com/watch?v=hIdFuyqN_PA,YouTube
3913,,
3914,,
3915,https://www.youtube.com/watch?v=x3FTwrG5WRA,YouTube
3916,https://www.youtube.com/watch?v=PmUL6wMpMWw,YouTube
3917,https://www.youtube.com/watch?v=cvxlMNI_lpk,YouTube
3918,,
3919,https://www.youtube.com/watch?v=prLzYwv-L1Q,YouTube
3920,,
3921,https://www.youtube.com/watch?v=qjoomsFNgwg,YouTube
3922,,
3923,,
3924,,
3925,,
3926,,
3927,,
3928,,
3929,,
3930,https://www.youtube.com/watch?v=fPN0OTwM3Oo,YouTube
3931,,
3932,,
3933,,
3934,,
3935,,
3936,,
3937,,
3938,https://www.youtube.com/watch?v=aQSSjYm8Aws,YouTube
3939,,
3940,https://www.youtube.com/watch?v=fmyrWYrvF5s,YouTube
3941,https://www.youtube.com/watch?v=OfkQlZArxw0,YouTube
3942,,
3943,https://www.youtube.com/watch?v=tfkHiHjrqa8,YouTube
3944,https://www.youtube.com/watch?v=5igcvnS9Hho,YouTube
3945,https://www.youtube.com/watch?v=jI8nfT5RaO4,YouTube
3946,https://www.youtube.com/watch?v=4bG17OYs-GA,YouTube
3947,https://www.youtube.com/watch?v=8ykEy-yPBFc,YouTube
3948,,
3949,https://www.youtube.com/watch?v=vTfJp2Ts9X8,YouTube
3950,,
3951,https://www.youtube.com/watch?v=40RsbcFRwNA,YouTube
3952,,
3953,,
3954,,
3955,,
3956,,
3957,,
3958,https://www.youtube.com/watch?v=PSKwnuzYAYM,YouTube
3959,https://www.youtube.com/watch?v=84uzAEJbiAk,YouTube
3960,,
3961,,
3962,,
3963,https://www.youtube.com/watch?v=iSwvdvRx8cg,YouTube
3964,https://www.youtube.com/watch?v=v74l9673xrY,YouTube
3965,https://www.youtube.com/watch?v=0J-_v38DBgU,YouTube
3966,,
3967,,
3968,,
3969,,
3970,,
3971,,
3972,,
3973,https://www.youtube.com/watch?v=rI054ow6KJk,YouTube
3974,,
3975,,
3976,,
3977,https://www.youtube.com/watch?v=ZFy8ZgLd574,YouTube
3978,,
3979,,
3980,,
3981,https://www.youtube.com/watch?v=MvDe9fKyK14,YouTube
3982,,
3983,,
3984,,
3985,,
3986,,
3987,,
3988,https://www.youtube.com/watch?v=s-VkNVRj14w,YouTube
3989,,
3990,https://www.youtube.com/watch?v=8LgcwhgObRQ,YouTube
3991,https://www.youtube.com/watch?v=MOVJfn3OMlw,YouTube
3992,https://www.youtube.com/watch?v=yUEWCf3IJN4,YouTube
3993,https://www.youtube.com/watch?v=SeXrIZqMAfY,YouTube
3994,,
3995,,
3996,,
3997,,
3998,,
3999,https://www.youtube.com/watch?v=gnQSrZwE_78,YouTube
4000,,
4001,,
4002,,
4003,https://www.youtube.com/watch?v=2Jn3s33ca44,YouTube
4004,https://www.youtube.com/watch?v=aFkw7nOOJhA,YouTube
4005,https://www.youtube.com/watch?v=yqkeKwWvKt0,YouTube
4006,https://www.youtube.com/watch?v=HRzCKrrLbXs,YouTube
4007,,
4008,https://www.youtube.com/watch?v=AdZdXR5ZPXE,YouTube
4009,https://www.youtube.com/watch?v=WCvY6vmSLUs,YouTube
4010,,
4011,https://www.youtube.com/watch?v=pulpyo84rdg,YouTube
4012,,
4013,https://www.youtube.com/watch?v=uG2zKk5xVBs,YouTube
4014,,
4015,,
4016,,
4017,,
4018,,
4019,,
4020,,
4021,,
4022,,
4023,,
4024,,
4025,,
4026,,
4027,,
4028,,
4029,,
4030,https://www.youtube.com/watch?v=ALhy6XTpMlk,YouTube
4031,,
4032,,
4033,https://www.youtube.com/watch?v=wvrodm7zIZQ,YouTube
4034,https://www.youtube.com/watch?v=BaxyOLLe_LE,YouTube
4035,https://www.youtube.com/watch?v=J5kOJmcTn8Y,YouTube
4036,https://www.youtube.com/watch?v=8O50vy5kPME,YouTube
4037,,
4038,https://www.youtube.com/watch?v=fEiX_69tu2I,YouTube
4039,https://www.youtube.com/watch?v=zqEJGznRnkk,YouTube
4040,https://www.youtube.com/watch?v=tTov2nVgXaU,YouTube
4041,,
4042,https://www.youtube.com/watch?v=sYzDlLiuKaQ,YouTube
4043,https://www.youtube.com/watch?v=HCg3jVRX85A,YouTube
4044,,
4045,,
4046,https://www.youtube.com/watch?v=SD2QOCja3P8,YouTube
4047,,
4048,,
4049,https://www.youtube.com/watch?v=6DsjnhSR9ww,YouTube
4050,,
4051,https://www.youtube.com/watch?v=BC4cyYRxjFk,YouTube
4052,,
4053,https://www.youtube.com/watch?v=QGgtO0WP9KU,YouTube
4054,,
4055,https://www.youtube.com/watch?v=eJW4cv8V9vA,YouTube
4056,,
4057,,
4058,,
4059,,
4060,,
4061,https://www.youtube.com/watch?v=YKgHB4b-wiE,YouTube
4062,,
4063,,
4064,,
4065,,
4066,,
4067,,
4068,,
4069,,
4070,,
4071,,
4072,,
4073,,
4074,,
4075,,
4076,,
4077,,
4078,,
4079,,
4080,,
4081,,
4082,https://www.youtube.com/watch?v=d-2rYQhoUDo,YouTube
4083,https://www.youtube.com/watch?v=D6R_HGs4qgw,YouTube
4084,,
4085,https://www.youtube.com/watch?v=sG1LOWnos9s,YouTube
4086,https://www.youtube.com/watch?v=rtmYnk0J3Ks,YouTube
4087,https://www.youtube.com/watch?v=s1gr3KGxUjc,YouTube
4088,https://www.youtube.com/watch?v=MxDfyw_dHOs,YouTube
4089,,
4090,https://www.youtube.com/watch?v=Orp0MoLkpSU,YouTube
4091,https://www.youtube.com/watch?v=V-ujJsqxtZU,YouTube
4092,,
4093,,
4094,,
4095,,
4096,,
4097,,
4098,https://www.youtube.com/watch?v=ZKsc2I4Tgsk,YouTube
4099,https://www.youtube.com/watch?v=0Y4fpd5W80g,YouTube
4100,https://www.youtube.com/watch?v=vM5VC7nCv_Y,YouTube
4101,,
4102,,
4103,https://www.youtube.com/watch?v=LFoz8ZJWmPs,YouTube
4104,https://www.youtube.com/watch?v=go6GEIrcvFY,YouTube
4105,https://www.youtube.com/watch?v=_j5hwooOHVE,YouTube
4106,,
4107,,
4108,https://www.youtube.com/watch?v=nfzKXkL_i54,YouTube
4109,,
4110,https://www.youtube.com/watch?v=wxgudLt9Cio,YouTube
4111,,
4112,https://www.youtube.com/watch?v=GV1M6qf0Fts,YouTube
4113,,
4114,,
4115,,
4116,,
4117,,
4118,,
4119,https://www.youtube.com/watch?v=t2Xnv2nV0lI,YouTube
4120,,
4121,,
4122,https://www.youtube.com/watch?v=N4-E4JpXpps,YouTube
4123,https://www.youtube.com/watch?v=u7trHXjb19I,YouTube
4124,,
4125,,
4126,,
4127,,
4128,,
4129,https://www.youtube.com/watch?v=oL-IXKPYXv0,YouTube
4130,,
4131,,
4132,https://www.youtube.com/watch?v=B5NdFfsEzqc,YouTube
4133,,
4134,https://www.youtube.com/watch?v=5XyMy7Z5SO4,YouTube
4135,,
4136,,
4137,https://www.youtube.com/watch?v=UZBVE6YWvxY,YouTube
4138,https://www.youtube.com/watch?v=oOoZgb7mycg,YouTube
4139,,
4140,,
4141,https://vimeo.com/344754714,Vimeo
4142,,
4143,https://www.youtube.com/watch?v=gkecgBW-Y80,YouTube
4144,https://www.youtube.com/watch?v=M7XM597XO94,YouTube
4145,https://www.youtube.com/watch?v=CTLwBeyjPWI,YouTube
4146,,
4147,,
4148,,
4149,,
4150,,
4151,https://www.youtube.com/watch?v=cQEYE65ncSA,YouTube
4152,,
4153,,
4154,https://www.youtube.com/watch?v=9d5Nt7It5iA,YouTube
4155,,
4156,https://www.youtube.com/watch?v=hNCmb-4oXJA,YouTube
4157,https://www.youtube.com/watch?v=mYVb4OLk4NQ,YouTube
4158,https://www.youtube.com/watch?v=aYhIcaTSpB0,YouTube
4159,https://www.youtube.com/watch?v=dghEmuAjUPY,YouTube
4160,,
4161,https://www.youtube.com/watch?v=Fs1TbRCHBs4,YouTube
4162,,
4163,,
4164,,
4165,,
4166,https://www.youtube.com/watch?v=zLDRAaCzwl4,YouTube
4167,https://www.youtube.com/watch?v=9ioJQL7NW6I,YouTube
4168,,
4169,https://www.youtube.com/watch?v=AS_Ux9G45yo,YouTube
4170,,
4171,,
4172,,
4173,,
4174,https://www.youtube.com/watch?v=Bh4acilsrvA,YouTube
4175,,
4176,,
4177,https://www.youtube.com/watch?v=iqAubfcC2oM,YouTube
4178,,
4179,https://www.youtube.com/watch?v=DjQjUgoTyHc,YouTube
4180,https://www.youtube.com/watch?v=pKLGUuJftl0,YouTube
4181,https://www.youtube.com/watch?v=Y1IdgK-YtGQ,YouTube
4182,,
4183,,
4184,,
4185,,
4186,,
4187,https://www.youtube.com/watch?v=m1-XREnty30,YouTube
4188,,
4189,,
4190,,
4191,,
4192,https://www.youtube.com/watch?v=eH1Z5J_freg,YouTube
4193,,
4194,https://www.youtube.com/watch?v=5dW-FEZvTrk,YouTube
4195,https://www.youtube.com/watch?v=sog9bvuYZHI,YouTube
4196,,
4197,https://www.youtube.com/watch?v=6gLHaepximo,YouTube
4198,https://www.youtube.com/watch?v=lLvzvgwaVWM,YouTube
4199,,
4200,https://www.youtube.com/watch?v=BHG8WON_MEQ,YouTube
4201,,
4202,https://www.youtube.com/watch?v=wlJwxYmfSuo,YouTube
4203,https://www.youtube.com/watch?v=5UFL9PV81h0,YouTube
4204,https://www.youtube.com/watch?v=nat3u3gAVLE,YouTube
4205,https://www.youtube.com/watch?v=r0N997WtPgA,YouTube
4206,https://www.youtube.com/watch?v=qBBQSP_ACUU,YouTube
4207,https://www.youtube.com/watch?v=DA_EYdx6jqY,YouTube
4208,https://www.youtube.com/watch?v=JTjYRFZOf4I,YouTube
4209,https://www.youtube.com/watch?v=WqF3VTv0cqU,YouTube
4210,https://www.youtube.com/watch?v=Zoamf7DPxVw,YouTube
4211,https://www.youtube.com/watch?v=8DlkJ5Vwuqo,YouTube
4212,https://www.youtube.com/watch?v=-P4BJdOMce8,YouTube
4213,,
4214,https://www.youtube.com/watch?v=OoJb5jHkx7k,YouTube
4215,,
4216,https://www.youtube.com/watch?v=BlPBFmJ-bE0,YouTube
4217,,
4218,,
4219,,
4220,https://www.youtube.com/watch?v=hCF5Y8dQpR4,YouTube
4221,,
4222,,
4223,,
4224,https://www.youtube.com/watch?v=Xtt2pZrjm6M,YouTube
4225,https://www.youtube.com/watch?v=relhTa-Jl34,YouTube
4226,https://www.youtube.com/watch?v=9bj6pxX-EgU,YouTube
4227,https://www.youtube.com/watch?v=VllcgXSIJkE,YouTube
4228,https://www.youtube.com/watch?v=Hui0KpDzAwY,YouTube
4229,https://www.youtube.com/watch?v=UuYUBK2_p9Y,YouTube
4230,https://www.youtube.com/watch?v=T5OhkFY1PQE,YouTube
4231,,
4232,,
4233,,
4234,,
4235,,
4236,,
4237,,
4238,https://www.youtube.com/watch?v=uC5pBIP7kig,YouTube
4239,,
4240,,
4241,https://www.youtube.com/watch?v=y_ZPkIDv3NY,YouTube
4242,,
4243,,
4244,https://www.youtube.com/watch?v=nEd3SREHcIw,YouTube
4245,,
4246,,
4247,,
4248,,
4249,,
4250,,
4251,,
4252,,
4253,,
4254,,
4255,,
4256,,
4257,https://www.youtube.com/watch?v=RQkVrN9C-FI,YouTube
4258,,
4259,,
4260,https://www.youtube.com/watch?v=ZOiPQ8nqB1s,YouTube
4261,https://www.youtube.com/watch?v=FBHvhwEA-mM,YouTube
4262,,
4263,,
4264,https://www.youtube.com/watch?v=fT3F58UeI_g,YouTube
4265,,
4266,,
4267,https://www.youtube.com/watch?v=uCUI7xqkZwc,YouTube
4268,https://www.youtube.com/watch?v=ZwCynlcm1PM,YouTube
4269,https://www.youtube.com/watch?v=eMa45ZOKVP0,YouTube
4270,,
4271,,
4272,,
4273,,
4274,https://www.youtube.com/watch?v=N5iK22QOd24,YouTube
4275,,
4276,https://www.youtube.com/watch?v=-b2t_HjmQeo,YouTube
4277,https://www.youtube.com/watch?v=6Ed2KEaPLk8,YouTube
4278,,
4279,https://www.youtube.com/watch?v=ckN2Gn34ORw,YouTube
4280,https://www.youtube.com/watch?v=P4jvR6MiFFI,YouTube
4281,https://www.youtube.com/watch?v=3m0wSULMXKg,YouTube
4282,,
4283,https://www.youtube.com/watch?v=YoKGmYyljmc,YouTube
4284,,
4285,https://www.youtube.com/watch?v=m13b25V0B10,YouTube
4286,https://www.youtube.com/watch?v=ZlIaiLoBEvk,YouTube
4287,https://www.youtube.com/watch?v=_cJRiAfr2PE,YouTube
4288,,
4289,https://www.youtube.com/watch?v=V9qgeeO7tMk,YouTube
4290,https://www.youtube.com/watch?v=dIZ2OwW7HJU,YouTube
4291,,
4292,,
4293,,
4294,,
4295,https://www.youtube.com/watch?v=pOFrr1cR0v8,YouTube
4296,,
4297,,
4298,,
4299,https://www.youtube.com/watch?v=YLE85olJjp8,YouTube
4300,,
4301,,
4302,,
4303,,
4304,https://www.youtube.com/watch?v=XAYjBHUIS7A,YouTube
4305,https://www.youtube.com/watch?v=GjnN1TpOIeU,YouTube
4306,https://www.youtube.com/watch?v=9WWXlBqkFw0,YouTube
4307,https://www.youtube.com/watch?v=wnqjSgMU36U,YouTube
4308,https://www.youtube.com/watch?v=IeXqWDFJZiw,YouTube
4309,,
4310,,
4311,,
4312,https://www.youtube.com/watch?v=-ivnDPzW8y0,YouTube
4313,,
4314,https://www.youtube.com/watch?v=1Vnghdsjmd0,YouTube
4315,,
4316,https://www.youtube.com/watch?v=sRykPQQ7QF0,YouTube
4317,https://www.youtube.com/watch?v=HGm9_izXMkM,YouTube
4318,,
4319,,
4320,https://www.youtube.com/watch?v=Q8KqeolPt2w,YouTube
4321,https://www.youtube.com/watch?v=B_gMxBcX62I,YouTube
4322,,
4323,https://www.youtube.com/watch?v=CCLP6-oRP5o,YouTube
4324,https://www.youtube.com/watch?v=0634FHGtLz8,YouTube
4325,https://www.youtube.com/watch?v=quiGVK95C7k,YouTube
4326,,
4327,https://www.youtube.com/watch?v=k8Nfw75QASU,YouTube
4328,https://www.youtube.com/watch?v=o1dIBngRnFc,YouTube
4329,https://www.youtube.com/watch?v=FtVUKoAwL2E,YouTube
4330,https://www.youtube.com/watch?v=rU2iJgtztEg,YouTube
4331,https://www.youtube.com/watch?v=HCE1Bsl3L2s,YouTube
4332,https://www.youtube.com/watch?v=nWkAtNpSIrY,YouTube
4333,https://www.youtube.com/watch?v=81Siq4fZAIQ,YouTube
4334,https://www.youtube.com/watch?v=AZ7MfFB14xo,YouTube
4335,https://www.youtube.com/watch?v=Vd0kNZ1oluU,YouTube
4336,https://www.youtube.com/watch?v=Fodx-hZvohU,YouTube
4337,,
4338,,
4339,,
4340,,
4341,,
4342,,
4343,,
4344,https://www.youtube.com/watch?v=44ujYa2QcLc,YouTube
4345,,
4346,https://www.youtube.com/watch?v=lOUrPTdg3bc,YouTube
4347,https://www.youtube.com/watch?v=27RtJp-rhHk,YouTube
4348,https://www.youtube.com/watch?v=28dHbIR_NB4,YouTube
4349,https://www.youtube.com/watch?v=YCwCdQK2Qss,YouTube
4350,https://www.youtube.com/watch?v=BHi-a1n8t7M,YouTube
4351,,
4352,https://www.youtube.com/watch?v=L1hTqRcbgLU,YouTube
4353,,
4354,,
4355,,
4356,,
4357,,
4358,https://www.youtube.com/watch?v=quj8sK3Phh8,YouTube
4359,,
4360,,
4361,,
4362,https://www.youtube.com/watch?v=6ldTW4oJTaY,YouTube
4363,https://www.youtube.com/watch?v=RK0zCsxBG3U,YouTube
4364,,
4365,,
4366,,
4367,,
4368,,
4369,https://www.youtube.com/watch?v=8wukVcKn1sA,YouTube
4370,,
4371,https://www.youtube.com/watch?v=40ghX7dNuKI,YouTube
4372,https://www.youtube.com/watch?v=AkQHNgeg--Q,YouTube
4373,https://www.youtube.com/watch?v=iY-8qtNwTFA,YouTube
4374,,
4375,https://www.youtube.com/watch?v=NnjJmpzW5Aw,YouTube
4376,https://www.youtube.com/watch?v=RP7Xv0utRNQ,YouTube
4377,https://www.youtube.com/watch?v=Znm7vc-cjlw,YouTube
4378,https://www.youtube.com/watch?v=ySzFF0utiE8,YouTube
4379,,
4380,,
4381,https://www.youtube.com/watch?v=j74F5rT8DLA,YouTube
4382,https://www.youtube.com/watch?v=XFYWazblaUA,YouTube
4383,https://www.youtube.com/watch?v=AXCTMGYUg9A,YouTube
4384,https://www.youtube.com/watch?v=oQGA42-U0Ro,YouTube
4385,https://www.youtube.com/watch?v=BxY2vnJiByw,YouTube
4386,https://www.youtube.com/watch?v=F0WNgGtRwy8,YouTube
4387,https://www.youtube.com/watch?v=88w-xtEzibY,YouTube
4388,https://www.youtube.com/watch?v=hBiGo2A-1Qg,YouTube
4389,,
4390,,
4391,,
4392,,
4393,,
4394,,
4395,,
4396,,
4397,https://www.youtube.com/watch?v=EflGhkNvWPM,YouTube
4398,,
4399,https://www.youtube.com/watch?v=Zxag9p-63RU,YouTube
4400,https://www.youtube.com/watch?v=nm2QHKByRQQ,YouTube
4401,,
4402,,
4403,https://www.youtube.com/watch?v=a0-Upg5Q-6s,YouTube
4404,https://www.youtube.com/watch?v=vkZRq147OK8,YouTube
4405,,
4406,,
4407,,
4408,https://www.youtube.com/watch?v=jp-icL6onC0,YouTube
4409,https://www.youtube.com/watch?v=xgQcYRakbms,YouTube
4410,,
4411,,
4412,,
4413,,
4414,,
4415,https://www.youtube.com/watch?v=_LzD6UtBgZk,YouTube
4416,https://www.youtube.com/watch?v=0Bj8voOPacE,YouTube
4417,,
4418,,
4419,https://www.youtube.com/watch?v=MD6u7h7Z8uo,YouTube
4420,https://www.youtube.com/watch?v=7EotTxCNtsA,YouTube
4421,https://www.youtube.com/watch?v=vhcXyK8s-io,YouTube
4422,,
4423,,
4424,,
4425,https://www.youtube.com/watch?v=ioUE_5wpg_E,YouTube
4426,https://www.youtube.com/watch?v=2p5pdWyyZoc,YouTube
4427,,
4428,,
4429,,
4430,https://www.youtube.com/watch?v=lLtNiDDb5yk,YouTube
4431,https://www.youtube.com/watch?v=pAzdupiUWp0,YouTube
4432,https://www.youtube.com/watch?v=b3LLrx3Z4DM,YouTube
4433,,
4434,https://www.youtube.com/watch?v=c2U6diYTnxA,YouTube
4435,,
4436,,
4437,,
4438,,
4439,https://www.youtube.com/watch?v=H1UVQP-G758,YouTube
4440,https://www.youtube.com/watch?v=zqizkKDpxRE,YouTube
4441,https://www.youtube.com/watch?v=T4VBAqh7_GU,YouTube
4442,,
4443,https://www.youtube.com/watch?v=XvHSlHhh1gk,YouTube
4444,,
4445,https://www.youtube.com/watch?v=5dOZpivfNxw,YouTube
4446,https://www.youtube.com/watch?v=Xk-ED5Q3wqo,YouTube
4447,,
4448,https://www.youtube.com/watch?v=d6U9JOOG3IA,YouTube
4449,,
4450,,
4451,https://www.youtube.com/watch?v=WHXxVmeGQUc,YouTube
4452,,
4453,https://www.youtube.com/watch?v=nRiBXtKXFU4,YouTube
4454,,
4455,https://www.youtube.com/watch?v=MWBQ_0Ad7hw,YouTube
4456,,
4457,,
4458,,
4459,,
4460,,
4461,,
4462,,
4463,https://www.youtube.com/watch?v=n8ZMB4BEnfE,YouTube
4464,https://www.youtube.com/watch?v=RXtOe68j2cg,YouTube
4465,https://www.youtube.com/watch?v=5tDu3z07LU4,YouTube
4466,https://www.youtube.com/watch?v=W6dy7xQ8NeE,YouTube
4467,https://www.youtube.com/watch?v=qLTDtbYmdWM,YouTube
4468,,
4469,,
4470,,
4471,,
4472,,
4473,,
4474,,
4475,https://www.youtube.com/watch?v=7GJRElIo2K8,YouTube
4476,https://www.youtube.com/watch?v=g6eB0JT1DI4,YouTube
4477,,
4478,https://www.youtube.com/watch?v=s8MfhVxwo7Y,YouTube
4479,https://www.youtube.com/watch?v=-JtwROpSVWc,YouTube
4480,,
4481,,
4482,,
4483,,
4484,,
4485,,
4486,,
4487,https://www.youtube.com/watch?v=wclo6KMZr28,YouTube
4488,https://www.youtube.com/watch?v=AbsaUHdxGHg,YouTube
4489,,
4490,,
4491,https://www.youtube.com/watch?v=zBMra4fJE3E,YouTube
4492,https://www.youtube.com/watch?v=5Sk2aODaTrI,YouTube
4493,https://www.youtube.com/watch?v=DH6tJVCk6Q4,YouTube
4494,https://www.youtube.com/watch?v=SbaXSqBAaTU,YouTube
4495,,
4496,,
4497,https://www.youtube.com/watch?v=o4T3yNsQgRs,YouTube
4498,https://www.youtube.com/watch?v=huveY6NEa2Q,YouTube
4499,,
4500,,
4501,,
4502,https://www.youtube.com/watch?v=nmaKuf64I1I,YouTube
4503,,
4504,https://www.youtube.com/watch?v=ATDhYdHbvc0,YouTube
4505,,
4506,https://www.youtube.com/watch?v=YC8Z6i59s7o,YouTube
4507,,
4508,,
4509,,
4510,,
4511,https://www.youtube.com/watch?v=YRS6V8RXIKE,YouTube
4512,https://www.youtube.com/watch?v=JNaRrDX8MUc,YouTube
4513,,
4514,https://www.youtube.com/watch?v=RQYNVWQe9no,YouTube
4515,,
4516,https://www.youtube.com/watch?v=L50zp0Qu8yI,YouTube
4517,https://vimeo.com/364741498,Vimeo
4518,,
4519,https://www.youtube.com/watch?v=T65fTy5SE54,YouTube
4520,,
4521,,
4522,,
4523,,
4524,,
4525,,
4526,,
4527,https://www.youtube.com/watch?v=uhF5bqHTkA4,YouTube
4528,https://www.youtube.com/watch?v=uFu2GHBVioE,YouTube
4529,,
4530,,
4531,,
4532,,
4533,,
4534,,
4535,,
4536,,
4537,,
4538,,
4539,,
4540,,
4541,,
4542,,
4543,https://www.youtube.com/watch?v=FHgm89hKpXU,YouTube
4544,,
4545,https://www.youtube.com/watch?v=rf6sFXLimQk,YouTube
4546,,
4547,https://www.youtube.com/watch?v=wPmxXeO40BQ,YouTube
4548,https://www.youtube.com/watch?v=Rt9_JB5Xk4w,YouTube
4549,,
4550,,
4551,https://www.youtube.com/watch?v=dmtfpB6MUi0,YouTube
4552,https://www.youtube.com/watch?v=M_J88w5D_-g,YouTube
4553,,
4554,,
4555,,
4556,,
4557,,
4558,https://www.youtube.com/watch?v=nJCc5HRPxYA,YouTube
4559,,
4560,https://www.youtube.com/watch?v=-B71eyB_Onw,YouTube
4561,https://www.youtube.com/watch?v=pitxxQYZcug,YouTube
4562,https://www.youtube.com/watch?v=zv1TknopvBY,YouTube
4563,,
4564,,
4565,,
4566,,
4567,,
4568,https://www.youtube.com/watch?v=QV0uWf72ZQw,YouTube
4569,,
4570,,
4571,https://www.youtube.com/watch?v=eKM6fSTs-A0,YouTube
4572,,
4573,https://www.youtube.com/watch?v=ubrquR6i0WQ,YouTube
4574,https://www.youtube.com/watch?v=dU8n0sy4mOE,YouTube
4575,,
4576,https://www.youtube.com/watch?v=7FrHgiO2Jpo,YouTube
4577,,
4578,https://www.youtube.com/watch?v=TPcV_3D3V2A,YouTube
4579,https://www.youtube.com/watch?v=O2x8gaL5Omw,YouTube
4580,,
4581,,
4582,https://www.youtube.com/watch?v=SpinCcd6u7I,YouTube
4583,https://www.youtube.com/watch?v=U7eHPW7n7Ko,YouTube
4584,https://www.youtube.com/watch?v=Mq4m3yAoW8E,YouTube
4585,,
4586,,
4587,,
4588,https://www.youtube.com/watch?v=gAXZVDc2mXo,YouTube
4589,,
4590,,
4591,https://www.youtube.com/watch?v=jW6fxkn16AQ,YouTube
4592,https://www.youtube.com/watch?v=M1nOp0Poom4,YouTube
4593,,
4594,https://www.youtube.com/watch?v=CuAhsnUPAk8,YouTube
4595,,
4596,,
4597,,
4598,https://www.youtube.com/watch?v=U7xr_Id3WTw,YouTube
4599,https://www.youtube.com/watch?v=b8OJxshQUJM,YouTube
4600,,
4601,https://www.youtube.com/watch?v=MN0iLUj64zs,YouTube
4602,https://www.youtube.com/watch?v=ojNTJOKN7hM,YouTube
4603,https://www.youtube.com/watch?v=Jit3YhGx5pU,YouTube
4604,https://www.youtube.com/watch?v=HBXVM7oUPVk,YouTube
4605,https://www.youtube.com/watch?v=5KNAl23NwME,YouTube
4606,https://www.youtube.com/watch?v=8miCh30GcGU,YouTube
4607,https://www.youtube.com/watch?v=dbKZlSwAS3M,YouTube
4608,,
4609,,
4610,,
4611,,
4612,https://www.youtube.com/watch?v=svVykTznk9Q,YouTube
4613,https://www.youtube.com/watch?v=ReF2xxKGqwo,YouTube
4614,,
4615,https://www.youtube.com/watch?v=wy7uzo_Vlu8,YouTube
4616,,
4617,,
4618,,
4619,,
4620,,
4621,https://www.youtube.com/watch?v=TwLVxayxgTw,YouTube
4622,https://www.youtube.com/watch?v=R8oYYg75Qvg,YouTube
4623,,
4624,https://www.youtube.com/watch?v=dKVoJbvnOZI,YouTube
4625,,
4626,https://www.youtube.com/watch?v=R7pP9opthdU,YouTube
4627,https://www.youtube.com/watch?v=MvPaDziB-ac,YouTube
4628,,
4629,,
4630,,
4631,https://www.youtube.com/watch?v=tL21Pdv3tGQ,YouTube
4632,https://www.youtube.com/watch?v=TvOshh8ziIQ,YouTube
4633,,
4634,https://www.youtube.com/watch?v=8rB079RdP5k,YouTube
4635,,
4636,,
4637,,
4638,https://www.youtube.com/watch?v=QYLHvDZvnWs,YouTube
4639,https://www.youtube.com/watch?v=XvdIQXyOOxI,YouTube
4640,https://www.youtube.com/watch?v=7OnvdECygtY,YouTube
4641,https://www.youtube.com/watch?v=ZiBq35bg794,YouTube
4642,,
4643,https://www.youtube.com/watch?v=Iz5npCGo494,YouTube
4644,,
4645,,
4646,,
4647,,
4648,https://www.youtube.com/watch?v=2drmxfsLnJw,YouTube
4649,https://www.youtube.com/watch?v=kM8I4yDQS5w,YouTube
4650,,
4651,https://www.youtube.com/watch?v=yMOT553AyAE,YouTube
4652,https://www.youtube.com/watch?v=GfJI4LzLBUw,YouTube
4653,https://www.youtube.com/watch?v=Bi3Fid3hrNg,YouTube
4654,https://www.youtube.com/watch?v=Igc0Jp62kEg,YouTube
4655,,
4656,https://www.youtube.com/watch?v=BiCiphrgQcw,YouTube
4657,,
4658,,
4659,,
4660,https://www.youtube.com/watch?v=_EtFRhzFvDM,YouTube
4661,https://www.youtube.com/watch?v=Ws1YIKsuTjQ,YouTube
4662,https://www.youtube.com/watch?v=87lzqE7DLqk,YouTube
4663,,
4664,https://www.youtube.com/watch?v=LhklHFwmBYw,YouTube
4665,https://www.youtube.com/watch?v=nl7KRMpcuEM,YouTube
4666,,
4667,,
4668,,
4669,,
4670,,
4671,https://www.youtube.com/watch?v=QRVFBQHBUls,YouTube
4672,,
4673,https://www.youtube.com/watch?v=dt5g5_1cKVk,YouTube
4674,https://www.youtube.com/watch?v=N_QksSzK7sI,YouTube
4675,https://www.youtube.com/watch?v=CAUIUw91Tfc,YouTube
4676,https://www.youtube.com/watch?v=i6po8dWuvCI,YouTube
4677,,
4678,,
4679,https://www.youtube.com/watch?v=p02P8HRtPFc,YouTube
4680,,
4681,,
4682,,
4683,https://www.youtube.com/watch?v=CwQOncE8O6k,YouTube
4684,,
4685,,
4686,,
4687,https://www.youtube.com/watch?v=KdQ2qPfL8JE,YouTube
4688,,
4689,,
4690,,
4691,https://www.youtube.com/watch?v=mb5mku4Tg6w,YouTube
4692,https://www.youtube.com/watch?v=vJAQKZ-byw4,YouTube
4693,,
4694,https://www.youtube.com/watch?v=qfSTiAw1rkM,YouTube
4695,,
4696,https://www.youtube.com/watch?v=81uxmIO_lps,YouTube
4697,https://www.youtube.com/watch?v=fMCTQ3ZKDdw,YouTube
4698,https://www.youtube.com/watch?v=R8DoE6iIEq4,YouTube
4699,https://www.youtube.com/watch?v=wuBRcfe4bSo,YouTube
4700,,
4701,,
4702,https://www.youtube.com/watch?v=OLjaRjaGjRc,YouTube
4703,,
4704,,
4705,,
4706,,
4707,,
4708,https://www.youtube.com/watch?v=64sY7v5dW_8,YouTube
4709,,
4710,,
4711,https://www.youtube.com/watch?v=yxxefLRlWSY,YouTube
4712,,
4713,https://www.youtube.com/watch?v=JZTCM5y0Azg,YouTube
4714,https://www.youtube.com/watch?v=yvnCunm7MHY,YouTube
4715,,
4716,https://www.youtube.com/watch?v=GeXbKOe6r9U,YouTube
4717,,
4718,,
4719,https://www.youtube.com/watch?v=lPeNgs6bMkY,YouTube
4720,https://www.youtube.com/watch?v=wyZ_Gu8rSZE,YouTube
4721,,
4722,,
4723,,
4724,https://www.youtube.com/watch?v=zMve0pwh5EY,YouTube
4725,https://www.youtube.com/watch?v=ewh0lBcEb2U,YouTube
4726,https://www.youtube.com/watch?v=ZcWsJoHNd4Q,YouTube
4727,,
4728,https://www.youtube.com/watch?v=YKT-wxUgIyQ,YouTube
4729,,
4730,,
4731,,
4732,https://www.youtube.com/watch?v=2lPs92v0qGA,YouTube
4733,,
4734,https://www.youtube.com/watch?v=srX2VNiy2iY,YouTube
4735,,
4736,,
4737,,
4738,,
4739,https://www.youtube.com/watch?v=n59mfwv8ycs,YouTube
4740,,
4741,https://www.youtube.com/watch?v=iCsOB8fw2Tw,YouTube
4742,,
4743,https://www.youtube.com/watch?v=kGPv_-i2Cr4,YouTube
4744,,
4745,https://www.youtube.com/watch?v=c991IDTFr0g,YouTube
4746,https://www.youtube.com/watch?v=w4qvHnFT3-E,YouTube
4747,,
4748,https://www.youtube.com/watch?v=Ui9woY0lHKA,YouTube
4749,,
4750,https://www.youtube.com/watch?v=N5aD9ppoQIo,YouTube
4751,,
4752,https://www.youtube.com/watch?v=1JLUn2DFW4w,YouTube
4753,https://www.youtube.com/watch?v=z6TNDOKEyUs,YouTube
4754,https://www.youtube.com/watch?v=sCimThZW-Ew,YouTube
4755,https://www.youtube.com/watch?v=PyFlfbtq-lU,YouTube
4756,,
4757,,
4758,,
4759,,
4760,https://www.youtube.com/watch?v=rO-l5p0RXz0,YouTube
4761,,
4762,,
4763,,
4764,,
4765,https://www.youtube.com/watch?v=D6Do1p1CWyc,YouTube
4766,,
4767,https://www.youtube.com/watch?v=3_yobkhvzJk,YouTube
4768,https://www.youtube.com/watch?v=gdeOs02BXEk,YouTube
4769,https://www.youtube.com/watch?v=AJTz9VozSYI,YouTube
4770,,
4771,,
4772,,
4773,https://www.youtube.com/watch?v=1aGUOjVCMwM,YouTube
4774,,
4775,,
4776,https://www.youtube.com/watch?v=MZk4AbdcSvE,YouTube
4777,https://www.youtube.com/watch?v=_10VAhMTzSM,YouTube
4778,,
4779,,
4780,https://www.youtube.com/watch?v=scUSH9e0PZ0,YouTube
4781,,
4782,,
4783,,
4784,https://www.youtube.com/watch?v=Y6mh1QiMPDE,YouTube
4785,,
4786,https://www.youtube.com/watch?v=V-yJZGQAl1U,YouTube
4787,,
4788,,
4789,https://www.youtube.com/watch?v=wlz0pTWjUz4,YouTube
4790,,
4791,https://www.youtube.com/watch?v=mebIhXK8srA,YouTube
4792,,
4793,,
4794,https://www.youtube.com/watch?v=IRsFc2gguEg,YouTube
4795,https://www.youtube.com/watch?v=Du2XfUDfjN0,YouTube
4796,,
4797,,
4798,https://www.youtube.com/watch?v=7afc9gTbVFI,YouTube
4799,,
4800,,
4801,,
4802,,
4803,,
4804,,
4805,,
4806,https://www.youtube.com/watch?v=P_AlCgcH9x0,YouTube
4807,https://www.youtube.com/watch?v=a2e0NiP-TAs,YouTube
4808,,
4809,https://www.youtube.com/watch?v=_g8oL5Zk3fU,YouTube
4810,https://www.youtube.com/watch?v=2yy0IkVEBLg,YouTube
4811,,
4812,,
4813,https://www.youtube.com/watch?v=JC1geNwvCYI,YouTube
4814,,
4815,,
4816,,
4817,,
4818,https://www.youtube.com/watch?v=BLV4t3VIBh8,YouTube
4819,https://www.youtube.com/watch?v=RrWRSzUEcig,YouTube
4820,,
4821,https://www.youtube.com/watch?v=EYsv-rSW3n0,YouTube
4822,https://www.youtube.com/watch?v=kQi3iY2oTXE,YouTube
4823,https://www.youtube.com/watch?v=IzqkYisY5UQ,YouTube
4824,https://www.youtube.com/watch?v=7eIbm4cfA8M,YouTube
4825,https://www.youtube.com/watch?v=Kwg07npuJhw,YouTube
4826,https://www.youtube.com/watch?v=FxqhywhPGL4,YouTube
4827,https://www.youtube.com/watch?v=oUIT64m-jmw,YouTube
4828,,
4829,https://www.youtube.com/watch?v=tSRBugiu78Q,YouTube
4830,,
4831,https://www.youtube.com/watch?v=f4SdP_N01RY,YouTube
4832,,
4833,,
4834,,
4835,,
4836,,
4837,,
4838,,
4839,,
4840,,
4841,https://www.youtube.com/watch?v=vYm7mYd0SgE,YouTube
4842,https://www.youtube.com/watch?v=HeoLiTirRp4,YouTube
4843,https://www.youtube.com/watch?v=qeSZOLdtlW4,YouTube
4844,https://www.youtube.com/watch?v=pW9_y6gWa6U,YouTube
4845,,
4846,,
4847,,
4848,,
4849,,
4850,https://www.youtube.com/watch?v=npOov_1reAQ,YouTube
4851,,
4852,,
4853,,
4854,https://www.youtube.com/watch?v=FpChZtmlKL8,YouTube
4855,,
4856,https://www.youtube.com/watch?v=t9QtXGirWf0,YouTube
4857,https://www.youtube.com/watch?v=zlNpUzTGpuY,YouTube
4858,,
4859,,
4860,,
4861,,
4862,,
4863,,
4864,https://www.youtube.com/watch?v=XfFt9RfO9Bc,YouTube
4865,,
4866,,
4867,,
4868,,
4869,https://www.youtube.com/watch?v=QkZxoko_HC0,YouTube
4870,https://www.youtube.com/watch?v=2HWOb4skqTI,YouTube
4871,,
4872,https://www.youtube.com/watch?v=YT9hPCuncug,YouTube
4873,https://www.youtube.com/watch?v=xNsiQMeSvMk,YouTube
4874,,
4875,https://www.youtube.com/watch?v=eba20dxqEQA,YouTube
4876,https://www.youtube.com/watch?v=tlg4BQqhn3I,YouTube
4877,,
4878,https://www.youtube.com/watch?v=-xvlFoLw1Rk,YouTube
4879,,
4880,https://www.youtube.com/watch?v=FtGwAnLzsOk,YouTube
4881,https://www.youtube.com/watch?v=zuxhW18tHXU,YouTube
4882,,
4883,https://www.youtube.com/watch?v=ZVHc0HLVtMQ,YouTube
4884,,
4885,,
4886,https://www.youtube.com/watch?v=cF-FQLKaUCk,YouTube
4887,https://www.youtube.com/watch?v=dC_S4oKFZ6Q,YouTube
4888,,
4889,,
4890,https://www.youtube.com/watch?v=OjljgkCQv5c,YouTube
4891,,
4892,,
4893,,
4894,,
4895,,
4896,,
4897,https://www.youtube.com/watch?v=N4m3t3G3Zqc,YouTube
4898,,
4899,,
4900,,
4901,https://www.youtube.com/watch?v=MFWf4o9X_x8,YouTube
4902,https://www.youtube.com/watch?v=xVzhqPC-CCM,YouTube
4903,,
4904,,
4905,https://www.youtube.com/watch?v=RaYqX-0AwRw,YouTube
4906,,
4907,,
4908,https://www.youtube.com/watch?v=oxPBsOlWabc,YouTube
4909,https://www.youtube.com/watch?v=CSbdaGkFLJ8,YouTube
4910,,
4911,,
4912,https://www.youtube.com/watch?v=U5DE3bjfqZA,YouTube
4913,,
4914,,
4915,,
4916,,
4917,,
4918,https://www.youtube.com/watch?v=mCzmve4jrW4,YouTube
4919,,
4920,,
4921,https://www.youtube.com/watch?v=NQg-nUoMCBo,YouTube
4922,https://www.youtube.com/watch?v=DfImT3_2G34,YouTube
4923,https://www.youtube.com/watch?v=66aOpcEchZk,YouTube
4924,,
4925,,
4926,,
4927,https://www.youtube.com/watch?v=tPsLcrVlwt4,YouTube
4928,,
4929,,
4930,,
4931,,
4932,https://www.youtube.com/watch?v=LVVlSIrpoak,YouTube
4933,https://www.youtube.com/watch?v=NfpXeLVzJIw,YouTube
4934,https://www.youtube.com/watch?v=MU6pkGpUOiQ,YouTube
4935,https://www.youtube.com/watch?v=mZmDTA4wdIc,YouTube
4936,https://www.youtube.com/watch?v=mCjB85s5BE0,YouTube
4937,https://www.youtube.com/watch?v=dgmvqHfiDPg,YouTube
4938,https://www.youtube.com/watch?v=cakbpFsxCIo,YouTube
4939,https://www.youtube.com/watch?v=s9aIuPSvXX8,YouTube
4940,https://www.youtube.com/watch?v=X3UNY3ICBZI,YouTube
4941,https://www.youtube.com/watch?v=2QIPy2CfVrk,YouTube
4942,https://www.youtube.com/watch?v=zWDKP-tOXJE,YouTube
4943,,
4944,https://www.youtube.com/watch?v=SI6oDOMCbfo,YouTube
4945,https://www.youtube.com/watch?v=bB7z4Xn5oNA,YouTube
4946,,
4947,,
4948,https://www.youtube.com/watch?v=BLhUyTYlKnM,YouTube
4949,,
4950,,
4951,,
4952,https://www.youtube.com/watch?v=ICp4g9p_rgo,YouTube
4953,https://www.youtube.com/watch?v=4c4I68vl1jQ,YouTube
4954,,
4955,,
4956,,
4957,,
4958,,
4959,,
4960,,
4961,https://www.youtube.com/watch?v=c078AVNTjM4,YouTube
4962,https://www.youtube.com/watch?v=RJBfsiqc98o,YouTube
4963,,
4964,https://www.youtube.com/watch?v=CRmDJIENnHI,YouTube
4965,https://www.youtube.com/watch?v=1VsjpxziGXk,YouTube
4966,,
4967,,
4968,https://www.youtube.com/watch?v=TWQz0p550Do,YouTube
4969,https://www.youtube.com/watch?v=47RxfLj6KBg,YouTube
4970,https://www.youtube.com/watch?v=HvPmJQiDr_Y,YouTube
4971,https://www.youtube.com/watch?v=5sEaYB4rLFQ,YouTube
4972,https://www.youtube.com/watch?v=_jrhye68b3M,YouTube
4973,,
4974,,
4975,,
4976,,
4977,https://www.youtube.com/watch?v=DmmHvnS0IKM,YouTube
4978,https://www.youtube.com/watch?v=1pKdCHvH310,YouTube
4979,,
4980,https://www.youtube.com/watch?v=zeJF1lUD6ms,YouTube
4981,,
4982,https://www.youtube.com/watch?v=Ar7ZegCxDlA,YouTube
4983,https://www.youtube.com/watch?v=WDkg3h8PCVU,YouTube
4984,https://www.youtube.com/watch?v=6Nxc-3WpMbg,YouTube
4985,https://www.youtube.com/watch?v=_n0Dt07fK2E,YouTube
4986,,
4987,,
4988,,
4989,,
4990,https://www.youtube.com/watch?v=WNh4yYXrbEg,YouTube
4991,,
4992,https://www.youtube.com/watch?v=wEP94VWQdPs,YouTube
4993,,
4994,https://www.youtube.com/watch?v=OBwb7GuKVgA,YouTube
4995,https://www.youtube.com/watch?v=XIc-4AwGKgM,YouTube
4996,,
4997,,
4998,https://www.youtube.com/watch?v=4UhclY-nMgA,YouTube
4999,,
5000,https://www.youtube.com/watch?v=tIj6DHUhgD8,YouTube
5001,https://www.youtube.com/watch?v=VFM0UqX9MJ8,YouTube
5002,,
5003,,
5004,,
5005,https://www.youtube.com/watch?v=cNjTwMRYOnM,YouTube
5006,,
5007,,
5008,https://www.youtube.com/watch?v=Hpg10V0v-7E,YouTube
5009,https://www.youtube.com/watch?v=4z1L8KYCjqw,YouTube
5010,,
5011,,
5012,,
5013,,
5014,,
5015,https://www.youtube.com/watch?v=_wOqzduTqts,YouTube
5016,https://www.youtube.com/watch?v=Hbg69unPhrA,YouTube
5017,,
5018,https://www.youtube.com/watch?v=GcxJnet2Smg,YouTube
5019,https://www.youtube.com/watch?v=kP0Rm5QnK14,YouTube
5020,,
5021,https://www.youtube.com/watch?v=bvclbV_F45A,YouTube
5022,,
5023,,
5024,,
5025,,
5026,,
5027,https://www.youtube.com/watch?v=P9vXNloQfTM,YouTube
5028,https://www.youtube.com/watch?v=Kqp2J0Lmoo8,YouTube
5029,https://www.youtube.com/watch?v=uy6CdFschfk,YouTube
5030,https://www.youtube.com/watch?v=oB1t-ckIsXE,YouTube
5031,https://www.youtube.com/watch?v=ySmX9qNN_9c,YouTube
5032,https://www.youtube.com/watch?v=CpR3rI_rjtg,YouTube
5033,https://www.youtube.com/watch?v=jsC03DVTrpk,YouTube
5034,https://www.youtube.com/watch?v=BV0UFvoixe4,YouTube
5035,,
5036,https://www.youtube.com/watch?v=u0arfUb0YCs,YouTube
5037,,
5038,,
5039,,
5040,,
5041,,
5042,https://www.youtube.com/watch?v=luthzRi4ChI,YouTube
5043,https://www.youtube.com/watch?v=z1JICa6kiOQ,YouTube
5044,,
5045,,
5046,https://www.youtube.com/watch?v=ffAsK9hRwFw,YouTube
5047,https://www.youtube.com/watch?v=ek1ePFp-nBI,YouTube
5048,https://www.youtube.com/watch?v=x-H0P2zLIvY,YouTube
5049,,
5050,https://www.youtube.com/watch?v=n2yzIlrbteE,YouTube
5051,,
5052,,
5053,,
5054,https://www.youtube.com/watch?v=0s_HurN9ktc,YouTube
5055,,
5056,https://www.youtube.com/watch?v=g5JPqJ1Z9bo,YouTube
5057,https://www.youtube.com/watch?v=m36QeKOJ2Fc,YouTube
5058,https://www.youtube.com/watch?v=tJfDBSWYqU8,YouTube
5059,https://www.youtube.com/watch?v=wA2KZ8jtHOA,YouTube
5060,https://www.youtube.com/watch?v=2KLLkj84GAo,YouTube
5061,https://www.youtube.com/watch?v=Oel2iMjh1g8,YouTube
5062,https://www.youtube.com/watch?v=O9Y7DTCn7Cc,YouTube
5063,,
5064,https://www.youtube.com/watch?v=IUfZq3DUd3Y,YouTube
5065,,
5066,,
5067,,
5068,,
5069,,
5070,https://www.youtube.com/watch?v=e0LJNn-GcnY,YouTube
5071,,
5072,,
5073,,
5074,https://www.youtube.com/watch?v=vOl4E5lKT2Q,YouTube
5075,https://www.youtube.com/watch?v=dJTH2NxMhxI,YouTube
5076,,
5077,https://www.youtube.com/watch?v=6dSKUoV0SNI,YouTube
5078,,
5079,,
5080,https://www.youtube.com/watch?v=p7kq17Dzt-k,YouTube
5081,https://www.youtube.com/watch?v=hh312rVLiio,YouTube
5082,https://www.youtube.com/watch?v=lH-5qyinikE,YouTube
5083,https://www.youtube.com/watch?v=QCoYXJ701WI,YouTube
5084,https://www.youtube.com/watch?v=_QzYZpSKgys,YouTube
5085,https://www.youtube.com/watch?v=DV2Ae3JwqWU,YouTube
5086,,
5087,https://www.youtube.com/watch?v=kiTP5h0uZj8,YouTube
5088,https://www.youtube.com/watch?v=KTmHUA4q0wE,YouTube
5089,,
5090,,
5091,,
5092,,
5093,https://www.youtube.com/watch?v=zXtf-vsb-tg,YouTube
5094,,
5095,,
5096,,
5097,,
5098,https://www.youtube.com/watch?v=pqKS8FD4PFw,YouTube
5099,https://www.youtube.com/watch?v=IfKhTnK_IBA,YouTube
5100,,
5101,,
5102,,
5103,https://www.youtube.com/watch?v=8DNPhwwdfKE,YouTube
5104,,
5105,,
5106,,
5107,,
5108,,
5109,,
5110,https://www.youtube.com/watch?v=qV2E8_R9kkI,YouTube
5111,https://www.youtube.com/watch?v=cuF9aZxoipE,YouTube
5112,,
5113,,
5114,,
5115,https://www.youtube.com/watch?v=5v1iUSyViyo,YouTube
5116,https://www.youtube.com/watch?v=bF4Yp0EgQeU,YouTube
5117,https://www.youtube.com/watch?v=WRQv9xMQ3E0,YouTube
5118,https://www.youtube.com/watch?v=mSlgu8AQAd4,YouTube
5119,,
5120,https://www.youtube.com/watch?v=XJUhgT65r8M,YouTube
5121,https://www.youtube.com/watch?v=Vu4UPet8Nyc,YouTube
5122,https://www.youtube.com/watch?v=tU8RZ8tN2d0,YouTube
5123,,
5124,,
5125,https://www.youtube.com/watch?v=nSbzyEJ8X9E,YouTube
5126,,
5127,,
5128,https://www.youtube.com/watch?v=q2b8MKsUloc,YouTube
5129,,
5130,,
5131,,
5132,https://www.youtube.com/watch?v=e-kPf-n4Mto,YouTube
5133,https://www.youtube.com/watch?v=RQLVzTtt2Ws,YouTube
5134,https://www.youtube.com/watch?v=ADjYDl1RCGs,YouTube
5135,,
5136,https://www.youtube.com/watch?v=qoYPN12CHrM,YouTube
5137,,
5138,https://www.youtube.com/watch?v=ToN2G3K5pOE,YouTube
5139,https://www.youtube.com/watch?v=Q_LfR6mZ5o0,YouTube
5140,,
5141,https://www.youtube.com/watch?v=3jocFB7TZaQ,YouTube
5142,https://www.youtube.com/watch?v=Q_LfR6mZ5o0,YouTube
5143,https://www.youtube.com/watch?v=4nTLr6Uf9Ug,YouTube
5144,https://www.youtube.com/watch?v=4lt0rT_nmvg,YouTube
5145,https://www.youtube.com/watch?v=Z6KDXUM-ZRE,YouTube
5146,https://www.youtube.com/watch?v=fl3eZkQs0Lk,YouTube
5147,https://www.youtube.com/watch?v=cXWvfd7HqBw,YouTube
5148,https://www.youtube.com/watch?v=enH3xA4mYcY,YouTube
5149,,
5150,https://www.youtube.com/watch?v=BVIDsaiahsU,YouTube
5151,,
5152,,
5153,https://www.youtube.com/watch?v=jeyYFGmvwG4,YouTube
5154,https://www.youtube.com/watch?v=T4Zxmg3w1lA,YouTube
5155,https://www.youtube.com/watch?v=LbD7QAY8aFQ,YouTube
5156,https://www.youtube.com/watch?v=A6UxrZe7QMI,YouTube
5157,https://www.youtube.com/watch?v=U3ndnN643Ko,YouTube
5158,https://www.youtube.com/watch?v=m5FsR7eQZoA,YouTube
5159,https://www.youtube.com/watch?v=IddUF8zpDVE,YouTube
5160,,
5161,https://www.youtube.com/watch?v=USPd0vX2sdc,YouTube
5162,https://www.youtube.com/watch?v=r-61yYjKHHc,YouTube
5163,https://www.youtube.com/watch?v=ax7QxE7um-g,YouTube
5164,https://www.youtube.com/watch?v=hH2ISISHNv0,YouTube
5165,,
5166,https://www.youtube.com/watch?v=A6UxrZe7QMI,YouTube
5167,,
5168,https://www.youtube.com/watch?v=99yCJwP97Uo,YouTube
5169,,
5170,,
5171,https://www.youtube.com/watch?v=fAIX12F6958,YouTube
5172,,
5173,,
5174,https://www.youtube.com/watch?v=n4pHZ_IrKDk,YouTube
5175,,
5176,,
5177,,
5178,https://www.youtube.com/watch?v=Op8AlTe5Js8,YouTube
5179,,
5180,,
5181,https://www.youtube.com/watch?v=h_up54KfOY4,YouTube
5182,,
5183,https://www.youtube.com/watch?v=80WflPMzAcw,YouTube
5184,https://www.youtube.com/watch?v=w8qvdfdQ9xA,YouTube
5185,https://www.youtube.com/watch?v=VkvmdLoO4Wk,YouTube
5186,https://www.youtube.com/watch?v=6kXgLm2tGoM,YouTube
5187,,
5188,,
5189,https://www.youtube.com/watch?v=xqj7XOv9mC8,YouTube
5190,https://www.youtube.com/watch?v=MsFbMw9LO5M,YouTube
5191,https://www.youtube.com/watch?v=dfWIfwKJ7vA,YouTube
5192,https://www.youtube.com/watch?v=9X0GMOcZnYw,YouTube
5193,,
5194,,
5195,,
5196,,
5197,https://www.youtube.com/watch?v=bKdpGHazAqs,YouTube
5198,,
5199,,
5200,,
5201,,
5202,,
5203,https://www.youtube.com/watch?v=eFFj2gS9UWs,YouTube
5204,,
5205,,
5206,,
5207,,
5208,,
5209,,
5210,https://www.youtube.com/watch?v=4DJAWGXkvq8,YouTube
5211,https://www.youtube.com/watch?v=BNOWnm_2zps,YouTube
5212,https://www.youtube.com/watch?v=CIcuh3Eiqgg,YouTube
5213,https://www.youtube.com/watch?v=6FQxPacvC0U,YouTube
5214,https://www.youtube.com/watch?v=Vhqt1ynaoq0,YouTube
5215,https://www.youtube.com/watch?v=KFMMDOXtJy8,YouTube
5216,,
5217,,
5218,,
5219,,
5220,https://www.youtube.com/watch?v=aAWOQbOPJIg,YouTube
5221,https://www.youtube.com/watch?v=F7MR5MsIoSQ,YouTube
5222,https://www.youtube.com/watch?v=qMIFVTD0kw0,YouTube
5223,,
5224,https://www.youtube.com/watch?v=rSfNg0kosTM,YouTube
5225,https://www.youtube.com/watch?v=ObXJvC49_4k,YouTube
5226,https://www.youtube.com/watch?v=DGd9kaD1-Eo,YouTube
5227,,
5228,https://www.youtube.com/watch?v=8M7mXu_0gP4,YouTube
5229,https://www.youtube.com/watch?v=h5YiO1kSZdQ,YouTube
5230,,
5231,https://www.youtube.com/watch?v=U0ztWWBI1uM,YouTube
5232,https://www.youtube.com/watch?v=s_GBy9vx2PQ,YouTube
5233,https://www.youtube.com/watch?v=G-Z-Mw4dkA0,YouTube
5234,,
5235,https://www.youtube.com/watch?v=L8s2c86_9cY,YouTube
5236,,
5237,,
5238,https://www.youtube.com/watch?v=Nc6loZU3kjQ,YouTube
5239,https://www.youtube.com/watch?v=-Qv6p6pTz5I,YouTube
5240,,
5241,,
5242,https://www.youtube.com/watch?v=fqXkBRGAEnI,YouTube
5243,,
5244,https://www.youtube.com/watch?v=uaJcZ6yAejI,YouTube
5245,,
5246,,
5247,,
5248,,
5249,https://www.youtube.com/watch?v=rAqMlh0b2HU,YouTube
5250,,
5251,,
5252,https://www.youtube.com/watch?v=5Z7TGpgiCzA,YouTube
5253,https://www.youtube.com/watch?v=-9PypHxfY_M,YouTube
5254,https://www.youtube.com/watch?v=eU7FlWNWr8o,YouTube
5255,https://www.youtube.com/watch?v=2ZAdcWHuCmY,YouTube
5256,https://www.youtube.com/watch?v=hIMJ0_S-x40,YouTube
5257,,
5258,,
5259,,
5260,,
5261,,
5262,,
5263,,
5264,,
5265,,
5266,https://www.youtube.com/watch?v=84HObZ0Daa4,YouTube
5267,,
5268,,
5269,,
5270,,
5271,,
5272,https://www.youtube.com/watch?v=OM2rHIyY64A,YouTube
5273,https://www.youtube.com/watch?v=t_UqIMUgmZs,YouTube
5274,,
5275,,
5276,,
5277,https://www.youtube.com/watch?v=1hTLGlgZ4Z8,YouTube
5278,,
5279,https://www.youtube.com/watch?v=zxdVqr4hmZU,YouTube
5280,https://www.youtube.com/watch?v=a0WTZ9WtRog,YouTube
5281,,
5282,https://www.youtube.com/watch?v=CQN6dlYXC7Q,YouTube
5283,,
5284,https://www.youtube.com/watch?v=Hihto8onbUU,YouTube
5285,https://www.youtube.com/watch?v=RHAgri92JP8,YouTube
5286,,
5287,,
5288,,
5289,https://www.youtube.com/watch?v=G8xRYwnYRBA,YouTube
5290,,
5291,https://www.youtube.com/watch?v=jXkVQm0QPyY,YouTube
5292,https://www.youtube.com/watch?v=hm-q_w0bYLc,YouTube
5293,https://www.youtube.com/watch?v=JDcAlo8i2y8,YouTube
5294,,
5295,https://www.youtube.com/watch?v=DIQWyUhFh-k,YouTube
5296,,
5297,,
5298,,
5299,https://www.youtube.com/watch?v=SkqZd3h3f2U,YouTube
5300,,
5301,,
5302,https://www.youtube.com/watch?v=pgtm4D9c87s,YouTube
5303,https://www.youtube.com/watch?v=vI-QLWNlTas,YouTube
5304,https://www.youtube.com/watch?v=TPNpfRAfPLk,YouTube
5305,https://www.youtube.com/watch?v=IjsEgD0EJEU,YouTube
5306,https://www.youtube.com/watch?v=qZ4v4RW-jV4,YouTube
5307,,
5308,,
5309,,
5310,,
5311,,
5312,,
5313,https://www.youtube.com/watch?v=XJf3lqjosUo,YouTube
5314,https://www.youtube.com/watch?v=vAHhmKMmaMw,YouTube
5315,https://www.youtube.com/watch?v=3pdPOqN06ec,YouTube
5316,,
5317,https://www.youtube.com/watch?v=x7jc8dM0JZI,YouTube
5318,https://www.youtube.com/watch?v=GzwDqFPRSLo,YouTube
5319,,
5320,,
5321,,
5322,,
5323,,
5324,,
5325,,
5326,https://www.youtube.com/watch?v=_e0IXY8V3SA,YouTube
5327,https://vimeo.com/322262874,Vimeo
5328,,
5329,https://www.youtube.com/watch?v=cPNVNqn4T9I,YouTube
5330,https://www.youtube.com/watch?v=uM5TQ4f7ycw,YouTube
5331,,
5332,https://www.youtube.com/watch?v=H_LdsRdSoXk,YouTube
5333,https://www.youtube.com/watch?v=lD41XdWcmbY,YouTube
5334,,
5335,,
5336,,
5337,,
5338,,
5339,,
5340,,
5341,https://www.youtube.com/watch?v=g4Hbz2jLxvQ,YouTube
5342,,
5343,,
5344,,
5345,,
5346,,
5347,https://www.youtube.com/watch?v=kk1M_HwmFMM,YouTube
5348,,
5349,https://www.youtube.com/watch?v=bw7m7VeVy5Y,YouTube
5350,https://www.youtube.com/watch?v=UWB2KZbndUk,YouTube
5351,https://www.youtube.com/watch?v=Ba0fm-6q6QQ,YouTube
5352,,
5353,https://www.youtube.com/watch?v=YfxMlxvvxA0,YouTube
5354,https://www.youtube.com/watch?v=y56z6DcQVww,YouTube
5355,,
5356,https://www.youtube.com/watch?v=WYGbCQG-x6o,YouTube
5357,https://www.youtube.com/watch?v=zPRFKk3gYBE,YouTube
5358,,
5359,https://www.youtube.com/watch?v=ZX4L9VOUIQU,YouTube
5360,https://www.youtube.com/watch?v=DMU6Z63Npfs,YouTube
5361,,
5362,,
5363,,
5364,,
5365,,
5366,https://www.youtube.com/watch?v=bXWNyHwryUo,YouTube
5367,,
5368,,
5369,https://www.youtube.com/watch?v=a9Gz7Bg07u8,YouTube
5370,,
5371,,
5372,,
5373,,
5374,,
5375,,
5376,https://www.youtube.com/watch?v=QWr97BMof4Q,YouTube
5377,,
5378,https://www.youtube.com/watch?v=0o2xteiJt94,YouTube
5379,https://www.youtube.com/watch?v=xLe24M_PB5E,YouTube
5380,https://www.youtube.com/watch?v=pzD9zGcUNrw,YouTube
5381,https://www.youtube.com/watch?v=uBw6EvIxIS8,YouTube
5382,,
5383,https://www.youtube.com/watch?v=xKJmEC5ieOk,YouTube
5384,https://www.youtube.com/watch?v=O2F7aBZs3Mo,YouTube
5385,https://www.youtube.com/watch?v=qHkelMSSCgA,YouTube
5386,https://www.youtube.com/watch?v=F8NuSFX-ltE,YouTube
5387,https://www.youtube.com/watch?v=Ig706g1Hk14,YouTube
5388,https://www.youtube.com/watch?v=9sAVasuXW5A,YouTube
5389,https://www.youtube.com/watch?v=FbdV5n-Ull0,YouTube
5390,https://www.youtube.com/watch?v=ELb4S8P3q20,YouTube
5391,,
5392,https://www.youtube.com/watch?v=RPjfTTgirRM,YouTube
5393,https://www.youtube.com/watch?v=4UVWG50G_uQ,YouTube
5394,https://www.youtube.com/watch?v=sYx9g1629Cs,YouTube
5395,https://vimeo.com/227372092,Vimeo
5396,,
5397,https://www.youtube.com/watch?v=N9ymyIhAUV0,YouTube
5398,https://www.youtube.com/watch?v=uYggOWZ89FA,YouTube
5399,https://www.youtube.com/watch?v=Olt8TSrBlGs,YouTube
5400,https://www.youtube.com/watch?v=ZH6kK9oiy4E,YouTube
5401,,
5402,,
5403,https://www.youtube.com/watch?v=x7CAjpdRaXU,YouTube
5404,,
5405,,
5406,https://vimeo.com/290200666,Vimeo
5407,,
5408,https://www.youtube.com/watch?v=n2KrqgfsXuU,YouTube
5409,,
5410,,
5411,,
5412,https://www.youtube.com/watch?v=5YEVQDr2f3Q,YouTube
5413,,
5414,https://www.youtube.com/watch?v=UY-8G-EY2Ck,YouTube
5415,,
5416,,
5417,,
5418,,
5419,https://www.youtube.com/watch?v=OILVviwLfUM,YouTube
5420,,
5421,,
5422,https://www.youtube.com/watch?v=Ka_sXVHV17Y,YouTube
5423,https://www.youtube.com/watch?v=pFc6I0rgmgY,YouTube
5424,,
5425,,
5426,,
5427,,
5428,,
5429,,
5430,https://www.youtube.com/watch?v=INDleu1aHyE,YouTube
5431,https://www.youtube.com/watch?v=ifG60XP8M3o,YouTube
5432,https://www.youtube.com/watch?v=PS4gsWDSn68,YouTube
5433,https://www.youtube.com/watch?v=ZQ-YX-5bAs0,YouTube
5434,,
5435,https://www.youtube.com/watch?v=XcSMdhfKga4,YouTube
5436,,
5437,https://www.youtube.com/watch?v=Gp_MsziYf4s,YouTube
5438,,
5439,,
5440,,
5441,https://www.youtube.com/watch?v=N5BKctcZxrM,YouTube
5442,https://www.youtube.com/watch?v=ZzgUvkxYNvQ,YouTube
5443,https://www.youtube.com/watch?v=SVj26LvQMPA,YouTube
5444,https://www.youtube.com/watch?v=gzeaGcLLl_A,YouTube
5445,https://www.youtube.com/watch?v=L68mUxKuAnA,YouTube
5446,https://www.youtube.com/watch?v=wlyc0NxmRYs,YouTube
5447,,
5448,https://www.youtube.com/watch?v=TzFsPrnSaW4,YouTube
5449,,
5450,https://www.youtube.com/watch?v=tYgrQSYjsrQ,YouTube
5451,https://www.youtube.com/watch?v=xKJmEC5ieOk,YouTube
5452,,
5453,,
5454,https://www.youtube.com/watch?v=vjnqABgxfO0,YouTube
5455,https://www.youtube.com/watch?v=Hi69nL_VrTE,YouTube
5456,https://www.youtube.com/watch?v=YTDz_dKAdns,YouTube
5457,https://www.youtube.com/watch?v=1NTaDm3atkc,YouTube
5458,,
5459,,
5460,,
5461,https://www.youtube.com/watch?v=bWsh10ZVrH4,YouTube
5462,,
5463,,
5464,https://www.youtube.com/watch?v=9382rwoMiRc,YouTube
5465,https://www.youtube.com/watch?v=094n7ami6N0,YouTube
5466,https://www.youtube.com/watch?v=a6qR2K7NLhs,YouTube
5467,https://www.youtube.com/watch?v=SIkRfCKd7Lc,YouTube
5468,https://www.youtube.com/watch?v=wQYLp_iftiI,YouTube
5469,https://www.youtube.com/watch?v=bkCqmAxZXvg,YouTube
5470,https://www.youtube.com/watch?v=KZau4zsOtyM,YouTube
5471,,
5472,https://www.youtube.com/watch?v=sdL70wkf_H0,YouTube
5473,https://www.youtube.com/watch?v=nrXlY6gzTTM,YouTube
5474,,
5475,https://www.youtube.com/watch?v=PJmpSMRQhhs,YouTube
5476,,
5477,,
5478,https://www.youtube.com/watch?v=muk33nlCnQk,YouTube
5479,,
5480,https://www.youtube.com/watch?v=4hzfdq-aFpU,YouTube
5481,https://www.youtube.com/watch?v=INbW_i30TPI,YouTube
5482,https://www.youtube.com/watch?v=gMNUl-gQsJ4,YouTube
5483,https://www.youtube.com/watch?v=-9-HBqVbtTo,YouTube
5484,https://www.youtube.com/watch?v=dZCy8fhSFOQ,YouTube
5485,,
5486,https://www.youtube.com/watch?v=iGqRJGhH0LQ,YouTube
5487,,
5488,,
5489,https://www.youtube.com/watch?v=hbDb1aTcpLs,YouTube
5490,https://www.youtube.com/watch?v=rbUDPbCznSo,YouTube
5491,https://www.youtube.com/watch?v=fyZAu-cKDA0,YouTube
5492,,
5493,https://www.youtube.com/watch?v=B3I0f7kBooc,YouTube
5494,,
5495,https://www.youtube.com/watch?v=dxbCuuc-jp4,YouTube
5496,https://www.youtube.com/watch?v=iHBcWHY9lN4,YouTube
5497,,
5498,,
5499,,
5500,,
5501,https://www.youtube.com/watch?v=Ue3dLlHPWiY,YouTube
5502,https://www.youtube.com/watch?v=sat1Esuf6UM,YouTube
5503,https://www.youtube.com/watch?v=81L3-bhRabE,YouTube
5504,https://www.youtube.com/watch?v=mnP_z3qXDCQ,YouTube
5505,,
5506,https://www.youtube.com/watch?v=bsLk0NPRFAc,YouTube
5507,,
5508,,
5509,,
5510,https://www.youtube.com/watch?v=JqfuKsoEEms,YouTube
5511,,
5512,https://www.youtube.com/watch?v=5-ttVzAcn24,YouTube
5513,https://www.youtube.com/watch?v=xkvBpKHL99k,YouTube
5514,https://www.youtube.com/watch?v=gL3KgfHnJwI,YouTube
5515,https://www.youtube.com/watch?v=q57D6kF5B1k,YouTube
5516,,
5517,,
5518,https://www.youtube.com/watch?v=tX2MvB0kyA0,YouTube
5519,,
5520,https://www.youtube.com/watch?v=SXiWz0yLLdE,YouTube
5521,https://www.youtube.com/watch?v=oAMqmsvYrHM,YouTube
5522,,
5523,https://www.youtube.com/watch?v=x7z4PB0jwbo,YouTube
5524,https://www.youtube.com/watch?v=wb49-oV0F78,YouTube
5525,https://www.youtube.com/watch?v=-4YDUDhMcvM,YouTube
5526,https://www.youtube.com/watch?v=UDaYckxMgpM,YouTube
5527,https://www.youtube.com/watch?v=oXM1MSmWJLA,YouTube
5528,https://www.youtube.com/watch?v=ERj3KafjfRk,YouTube
5529,,
5530,,
5531,,
5532,https://www.youtube.com/watch?v=f4HlL0PlBrc,YouTube
5533,https://www.youtube.com/watch?v=zsb1dgsFvpM,YouTube
5534,,
5535,https://www.youtube.com/watch?v=YdzdsWkMfVg,YouTube
5536,,
5537,https://www.youtube.com/watch?v=8MVRWQ1PnMo,YouTube
5538,,
5539,,
5540,,
5541,,
5542,,
5543,,
5544,,
5545,https://www.youtube.com/watch?v=7KZIFgBX5jo,YouTube
5546,,
5547,,
5548,,
5549,https://www.youtube.com/watch?v=JW8sZWR4tpI,YouTube
5550,,
5551,,
5552,,
5553,https://www.youtube.com/watch?v=gp-8oB53P7k,YouTube
5554,https://www.youtube.com/watch?v=biIRlcQqmOc,YouTube
5555,,
5556,,
5557,https://www.youtube.com/watch?v=8ImvkXgGVWw,YouTube
5558,https://www.youtube.com/watch?v=qfV5MBCh0MM,YouTube
5559,https://www.youtube.com/watch?v=YWdG3LjHVOw,YouTube
5560,,
5561,,
5562,https://www.youtube.com/watch?v=bZdR1OQqTIY,YouTube
5563,,
5564,,
5565,https://www.youtube.com/watch?v=Cp_GNt0EGNk,YouTube
5566,,
5567,https://www.youtube.com/watch?v=w_7fP3T8Xbc,YouTube
5568,https://www.youtube.com/watch?v=3Qa_DNWlYlA,YouTube
5569,https://www.youtube.com/watch?v=AbLtdPmKyL4,YouTube
5570,https://www.youtube.com/watch?v=nI7HVnZlleo,YouTube
5571,,
5572,https://www.youtube.com/watch?v=Rlqs75o9vOk,YouTube
5573,https://www.youtube.com/watch?v=W8rChpLYf_Q,YouTube
5574,,
5575,https://www.youtube.com/watch?v=kHlRTGeNO3g,YouTube
5576,,
5577,https://www.youtube.com/watch?v=IUdOY_tEEec,YouTube
5578,https://www.youtube.com/watch?v=d81IM0loH7o,YouTube
5579,,
5580,https://www.youtube.com/watch?v=vvIqilKjsEE,YouTube
5581,https://www.youtube.com/watch?v=Ac5wrM2uYbk,YouTube
5582,https://www.youtube.com/watch?v=c44kam_8N3I,YouTube
5583,,
5584,,
5585,https://www.youtube.com/watch?v=_pIEzZVqwFs,YouTube
5586,https://www.youtube.com/watch?v=DsDVOt3M7OM,YouTube
5587,,
5588,,
5589,https://www.youtube.com/watch?v=aW_0MO-XKog,YouTube
5590,https://www.youtube.com/watch?v=SvrA1pdA7wc,YouTube
5591,,
5592,,
5593,,
5594,,
5595,,
5596,https://www.youtube.com/watch?v=MH87LbPwC_Q,YouTube
5597,,
5598,https://www.youtube.com/watch?v=-4Mu7Qe8A78,YouTube
5599,,
5600,,
5601,https://www.youtube.com/watch?v=I90Pp_tggpM,YouTube
5602,,
5603,https://www.youtube.com/watch?v=_nuet1q58z8,YouTube
5604,https://www.youtube.com/watch?v=L2rekx-k5X0,YouTube
5605,https://www.youtube.com/watch?v=E7klEngDb10,YouTube
5606,https://vimeo.com/293321607,Vimeo
5607,,
5608,https://www.youtube.com/watch?v=IET4K5npNOg,YouTube
5609,https://www.youtube.com/watch?v=LSBK_HI3i8Q,YouTube
5610,,
5611,https://www.youtube.com/watch?v=jTRpQCgzksk,YouTube
5612,,
5613,,
5614,https://www.youtube.com/watch?v=qt3iK9XwKiE,YouTube
5615,https://www.youtube.com/watch?v=jPv_gCK7m5c,YouTube
5616,https://www.youtube.com/watch?v=yuMFhHTOAiY,YouTube
5617,https://www.youtube.com/watch?v=gkNCITzUA3U,YouTube
5618,https://www.youtube.com/watch?v=U4-C5L0TupE,YouTube
5619,,
5620,,
5621,https://www.youtube.com/watch?v=DHtlpn60jYA,YouTube
5622,https://www.youtube.com/watch?v=MBDaON4IPnc,YouTube
5623,https://www.youtube.com/watch?v=hjJVKstnHug,YouTube
5624,,
5625,,
5626,https://www.youtube.com/watch?v=dQTIQCMNiac,YouTube
5627,https://www.youtube.com/watch?v=NO079o58Vgg,YouTube
5628,,
5629,,
5630,https://www.youtube.com/watch?v=9qhIsFW3_H0,YouTube
5631,https://www.youtube.com/watch?v=MT2dnCgLJZM,YouTube
5632,,
5633,https://www.youtube.com/watch?v=QTgS1SXr0nc,YouTube
5634,,
5635,,
5636,,
5637,,
5638,https://www.youtube.com/watch?v=O-7s-4bK9PQ,YouTube
5639,https://www.youtube.com/watch?v=R9mJQjjs3Cg,YouTube
5640,,
5641,https://www.youtube.com/watch?v=w9Rx6-GaSIE,YouTube
5642,https://www.youtube.com/watch?v=1ZIcL95jWSA,YouTube
5643,https://www.youtube.com/watch?v=ODj3DYpA5PA,YouTube
5644,https://www.youtube.com/watch?v=abcHCpXz_Tg,YouTube
5645,,
5646,https://www.youtube.com/watch?v=emkSNaAAsEk,YouTube
5647,https://www.youtube.com/watch?v=_OgrPtRhdnY,YouTube
5648,,
5649,,
5650,,
5651,,
5652,https://www.youtube.com/watch?v=mSJL57Gq2OQ,YouTube
5653,,
5654,https://www.youtube.com/watch?v=f9Q6oOWtgiI,YouTube
5655,https://www.youtube.com/watch?v=S5DLx-WN1M4,YouTube
5656,https://www.youtube.com/watch?v=R9JFD50C83Y,YouTube
5657,https://www.youtube.com/watch?v=mdMtnvMJcDA,YouTube
5658,https://www.youtube.com/watch?v=Qe9B8kzlFjM,YouTube
5659,,
5660,https://www.youtube.com/watch?v=lXiSr8I39fM,YouTube
5661,https://www.youtube.com/watch?v=yLTTEkgsBEc,YouTube
5662,,
5663,,
5664,,
5665,,
5666,,
5667,,
5668,,
5669,https://www.youtube.com/watch?v=nlI3Ykm3HV4,YouTube
5670,,
5671,https://www.youtube.com/watch?v=8LVBq5ep4AQ,YouTube
5672,,
5673,https://www.youtube.com/watch?v=gz3IHOTwZZg,YouTube
5674,https://www.youtube.com/watch?v=JA4NR0y_Z6A,YouTube
5675,,
5676,,
5677,https://www.youtube.com/watch?v=p6B76_LcZmw,YouTube
5678,https://www.youtube.com/watch?v=ASR04zW4K8w,YouTube
5679,https://www.youtube.com/watch?v=OoJpVQTY_t4,YouTube
5680,https://www.youtube.com/watch?v=viUFB3Oitnk,YouTube
5681,https://www.youtube.com/watch?v=xXXVIQ4_Bwk,YouTube
5682,https://www.youtube.com/watch?v=_wGZc8ZjFY4,YouTube
5683,https://www.youtube.com/watch?v=Cq-YWo0HKuc,YouTube
5684,https://www.youtube.com/watch?v=keLfmgMLsT8,YouTube
5685,,
5686,https://www.youtube.com/watch?v=qns48PtK2io,YouTube
5687,,
5688,,
5689,,
5690,https://www.youtube.com/watch?v=xuwA48sCT5g,YouTube
5691,https://www.youtube.com/watch?v=GArnBIeRF4A,YouTube
5692,,
5693,,
5694,,
5695,,
5696,,
5697,,
5698,https://www.youtube.com/watch?v=yFTZoHtuct4,YouTube
5699,,
5700,,
5701,https://www.youtube.com/watch?v=Sios7xQUDO0,YouTube
5702,,
5703,https://www.youtube.com/watch?v=sZu3sVK3JOE,YouTube
5704,https://www.youtube.com/watch?v=4hUm4vLI9-A,YouTube
5705,https://www.youtube.com/watch?v=kCl8DuUUNSw,YouTube
5706,,
5707,https://www.youtube.com/watch?v=CbCKB3GP0l4,YouTube
5708,,
5709,,
5710,https://www.youtube.com/watch?v=0TDII5IkI3Y,YouTube
5711,https://www.youtube.com/watch?v=G-QRXw_WzmM,YouTube
5712,,
5713,,
5714,https://www.youtube.com/watch?v=5FQbuxgKZ7o,YouTube
5715,,
5716,https://www.youtube.com/watch?v=oihHs2Errwk,YouTube
5717,,
5718,https://www.youtube.com/watch?v=uGiJ7iVP1FY,YouTube
5719,,
5720,,
5721,,
5722,,
5723,https://www.youtube.com/watch?v=E1cIgRy7hUE,YouTube
5724,https://www.youtube.com/watch?v=gcH0KPQVVH4,YouTube
5725,,
5726,,
5727,https://www.youtube.com/watch?v=4zIGWylZXfI,YouTube
5728,,
5729,,
5730,,
5731,https://www.youtube.com/watch?v=nQeOzfm-lps,YouTube
5732,https://www.youtube.com/watch?v=u5tlmpF_Fco,YouTube
5733,https://www.youtube.com/watch?v=rNd9Xp4lGcE,YouTube
5734,https://www.youtube.com/watch?v=PSqLoAYbUmk,YouTube
5735,https://www.youtube.com/watch?v=kMsQ2npN9hg,YouTube
5736,,
5737,,
5738,https://www.youtube.com/watch?v=HVdFM3lFOXY,YouTube
5739,,
5740,,
5741,,
5742,,
5743,,
5744,,
5745,,
5746,https://www.youtube.com/watch?v=E-8e0cqUGTw,YouTube
5747,https://www.youtube.com/watch?v=a-Aur6X0QJ8,YouTube
5748,,
5749,,
5750,https://www.youtube.com/watch?v=TwHoY2dVZLE,YouTube
5751,https://www.youtube.com/watch?v=KZmUiq66nYI,YouTube
5752,https://www.youtube.com/watch?v=MFWF9dU5Zc0,YouTube
5753,,
5754,,
5755,https://www.youtube.com/watch?v=KFpBmxoVT4g,YouTube
5756,https://www.youtube.com/watch?v=YwIA8r2Kpbk,YouTube
5757,https://www.youtube.com/watch?v=WhHYfqfg-B8,YouTube
5758,,
5759,https://www.youtube.com/watch?v=h2-_WUdzw54,YouTube
5760,,
5761,https://www.youtube.com/watch?v=IET4K5npNOg,YouTube
5762,https://www.youtube.com/watch?v=FrXPIZN2ehY,YouTube
5763,,
5764,https://www.youtube.com/watch?v=lYtmxZ1f_gk,YouTube
5765,https://www.youtube.com/watch?v=OJ4Frv6JQtU,YouTube
5766,https://www.youtube.com/watch?v=LgRTMFPQ63s,YouTube
5767,https://www.youtube.com/watch?v=BBd9gcrj2Wk,YouTube
5768,,
5769,https://www.youtube.com/watch?v=gr-WvA7uFDQ,YouTube
5770,,
5771,,
5772,,
5773,https://www.youtube.com/watch?v=gzlZJQ4yY9Y,YouTube
5774,https://www.youtube.com/watch?v=qsijix35ORE,YouTube
5775,,
5776,,
5777,https://www.youtube.com/watch?v=QrB7tmqWrAY,YouTube
5778,,
5779,,
5780,,
5781,https://www.youtube.com/watch?v=hNCroZ9E4Gg,YouTube
5782,,
5783,,
5784,,
5785,,
5786,,
5787,,
5788,,
5789,,
5790,https://www.youtube.com/watch?v=b5kwtJkUdpA,YouTube
5791,https://www.youtube.com/watch?v=fB8qvx0HOlI,YouTube
5792,,
5793,,
5794,https://www.youtube.com/watch?v=457t5kaiOYI,YouTube
5795,,
5796,https://www.youtube.com/watch?v=xUHrxetGW_c,YouTube
5797,https://www.youtube.com/watch?v=rtJxvqQa4kc,YouTube
5798,https://www.youtube.com/watch?v=3CVV8X01824,YouTube
5799,https://www.youtube.com/watch?v=-eks8LG72uo,YouTube
5800,,
5801,,
5802,,
5803,https://www.youtube.com/watch?v=BjRNY3u3bUw,YouTube
5804,,
5805,https://www.youtube.com/watch?v=9nwUFUOfigk,YouTube
5806,,
5807,https://www.youtube.com/watch?v=sXvwFdTTwhI,YouTube
5808,,
5809,,
5810,,
5811,,
5812,,
5813,,
5814,,
5815,https://www.youtube.com/watch?v=-cjmjh7FKIk,YouTube
5816,https://www.youtube.com/watch?v=wEiJecKrFBw,YouTube
5817,,
5818,,
5819,,
5820,https://www.youtube.com/watch?v=jL7U30ESYWk,YouTube
5821,,
5822,https://www.youtube.com/watch?v=bkgEIZiuqeM,YouTube
5823,,
5824,https://www.youtube.com/watch?v=ZoKXZAbRW8U,YouTube
5825,https://www.youtube.com/watch?v=GnduZWRT-rs,YouTube
5826,,
5827,https://www.youtube.com/watch?v=eWUONpOAHpY,YouTube
5828,https://www.youtube.com/watch?v=Hld-7oBn3Rk,YouTube
5829,,
5830,https://www.youtube.com/watch?v=bCSZ1-lQnhs,YouTube
5831,https://www.youtube.com/watch?v=8J3TQV-ngko,YouTube
5832,https://www.youtube.com/watch?v=UKRLkJBrP0s,YouTube
5833,,
5834,,
5835,,
5836,,
5837,,
5838,,
5839,,
5840,,
5841,,
5842,,
5843,https://www.youtube.com/watch?v=FINISWcn1ow,YouTube
5844,,
5845,,
5846,https://www.youtube.com/watch?v=1PLhwhQX2iQ,YouTube
5847,,
5848,,
5849,,
5850,,
5851,,
5852,,
5853,,
5854,https://www.youtube.com/watch?v=fdXSyeLN2WY,YouTube
5855,,
5856,,
5857,,
5858,,
5859,https://www.youtube.com/watch?v=e5D3O4yCmCg,YouTube
5860,https://www.youtube.com/watch?v=RfFcaV5O7SU,YouTube
5861,https://www.youtube.com/watch?v=CvhcxbHl7pg,YouTube
5862,https://www.youtube.com/watch?v=4I8x79pgqok,YouTube
5863,https://www.youtube.com/watch?v=H7JfixV8WBY,YouTube
5864,,
5865,,
5866,,
5867,,
5868,https://www.youtube.com/watch?v=mqA5T-s8tAw,YouTube
5869,https://www.youtube.com/watch?v=ckkL3dZEGSA,YouTube
5870,https://www.youtube.com/watch?v=r_51UsTDBAE,YouTube
5871,,
5872,,
5873,,
5874,,
5875,,
5876,,
5877,,
5878,,
5879,,
5880,https://www.youtube.com/watch?v=FxhUuHzULcM,YouTube
5881,,
5882,,
5883,,
5884,https://www.youtube.com/watch?v=_r_FSRbuZ9Y,YouTube
5885,https://www.youtube.com/watch?v=vn9mMeWcgoM,YouTube
5886,,
5887,,
5888,https://www.youtube.com/watch?v=rCAzipdiY6c,YouTube
5889,https://www.youtube.com/watch?v=LyOqQZUDdO4,YouTube
5890,,
5891,,
5892,,
5893,,
5894,https://www.youtube.com/watch?v=_07ktacEGo8,YouTube
5895,https://www.youtube.com/watch?v=HlHg8aUCmtw,YouTube
5896,https://www.youtube.com/watch?v=pKcamCgBvMo,YouTube
5897,,
5898,,
5899,https://www.youtube.com/watch?v=PsBWnst8f7w,YouTube
5900,,
5901,,
5902,https://www.youtube.com/watch?v=8kKexutLfE0,YouTube
5903,,
5904,https://www.youtube.com/watch?v=BmD6BAQjDzY,YouTube
5905,https://www.youtube.com/watch?v=PyvOfEzwies,YouTube
5906,,
5907,,
5908,https://www.youtube.com/watch?v=SKsep1bLh4Q,YouTube
5909,,
5910,https://www.youtube.com/watch?v=DQsUp2JYZO8,YouTube
5911,https://www.youtube.com/watch?v=H8-SFAbDu3w,YouTube
5912,https://www.youtube.com/watch?v=dqYMKOV4lBs,YouTube
5913,https://www.youtube.com/watch?v=qj-ag6YA0Hw,YouTube
5914,,
5915,,
5916,,
5917,https://www.youtube.com/watch?v=c_8U7gjb2k4,YouTube
5918,https://www.youtube.com/watch?v=ZKBlKsx4N38,YouTube
5919,,
5920,https://www.youtube.com/watch?v=kWqAJE-Yshs,YouTube
5921,,
5922,https://www.youtube.com/watch?v=-vMdN0nv7Ow,YouTube
5923,https://www.youtube.com/watch?v=lqDTpKAtxrs,YouTube
5924,https://www.youtube.com/watch?v=lJezTw0t4gk,YouTube
5925,,
5926,,
5927,https://www.youtube.com/watch?v=yEovw2UNEMk,YouTube
5928,,
5929,https://www.youtube.com/watch?v=b6Jev1S75LU,YouTube
5930,https://www.youtube.com/watch?v=4gC6hSnui7A,YouTube
5931,,
5932,https://www.youtube.com/watch?v=6DHjuzqjIgk,YouTube
5933,https://www.youtube.com/watch?v=crzPqyo1TVU,YouTube
5934,,
5935,,
5936,,
5937,https://vimeo.com/218702982,Vimeo
5938,https://www.youtube.com/watch?v=Iz7cNvFY3w0,YouTube
5939,,
5940,https://www.youtube.com/watch?v=eadU3o9hpS0,YouTube
5941,https://www.youtube.com/watch?v=Pymm6cmE9uQ,YouTube
5942,https://www.youtube.com/watch?v=CXkUaaVrB_s,YouTube
5943,https://www.youtube.com/watch?v=q1W1DLwg3lk,YouTube
5944,https://www.youtube.com/watch?v=HFeWsDpy9y0,YouTube
5945,,
5946,,
5947,,
5948,,
5949,https://www.youtube.com/watch?v=2l7gC3fa3m0,YouTube
5950,,
5951,,
5952,,
5953,,
5954,https://www.youtube.com/watch?v=u9Mv98Gr5pY,YouTube
5955,https://www.youtube.com/watch?v=4OjX3ZbsfbU,YouTube
5956,https://www.youtube.com/watch?v=YZ0ZBXt6rZU,YouTube
5957,,
5958,,
5959,https://www.youtube.com/watch?v=kK3c1zXnQgU,YouTube
5960,,
5961,,
5962,https://www.youtube.com/watch?v=aH6vC-BBKOc,YouTube
5963,,
5964,,
5965,,
5966,,
5967,https://www.youtube.com/watch?v=0wLLD16zAts,YouTube
5968,https://www.youtube.com/watch?v=YLU6Qfi0cDY,YouTube
5969,https://www.youtube.com/watch?v=NHlkP0E62MU,YouTube
5970,,
5971,,
5972,https://www.youtube.com/watch?v=AEBIJRAkujM,YouTube
5973,https://www.youtube.com/watch?v=g_TL8Tc_rFM,YouTube
5974,https://www.youtube.com/watch?v=cPqMhO165fg,YouTube
5975,https://www.youtube.com/watch?v=2PwWoBSYkh4,YouTube
5976,https://www.youtube.com/watch?v=DovnHrIwfTY,YouTube
5977,https://www.youtube.com/watch?v=ukJ5dMYx2no,YouTube
5978,https://www.youtube.com/watch?v=3NCOwTBWYdE,YouTube
5979,,
5980,,
5981,https://www.youtube.com/watch?v=cbqtbmYbibc,YouTube
5982,https://www.youtube.com/watch?v=-NOp5ROn1HE,YouTube
5983,,
5984,,
5985,,
5986,,
5987,,
5988,https://www.youtube.com/watch?v=by2gw8LshqQ,YouTube
5989,,
5990,,
5991,https://www.youtube.com/watch?v=gukQ1AkP1Us,YouTube
5992,,
5993,https://www.youtube.com/watch?v=CYBa0GkDzk0,YouTube
5994,,
5995,,
5996,,
5997,https://www.youtube.com/watch?v=YeooSEbDB5I,YouTube
5998,,
5999,https://www.youtube.com/watch?v=SdOtvQkrNZY,YouTube
6000,https://www.youtube.com/watch?v=EiFGL9OM0fs,YouTube
6001,https://www.youtube.com/watch?v=qRSCWqUdAwU,YouTube
6002,https://www.youtube.com/watch?v=ySy8mcceTno,YouTube
6003,https://www.youtube.com/watch?v=HyNJ3UrGk_I,YouTube
6004,https://www.youtube.com/watch?v=mS-BYN5FC1Q,YouTube
6005,https://www.youtube.com/watch?v=iONXwg6tfSw,YouTube
6006,https://www.youtube.com/watch?v=DMnDGIHI5fE,YouTube
6007,,
6008,https://www.youtube.com/watch?v=kjC1zmZo30U,YouTube
6009,https://www.youtube.com/watch?v=wlpunOUxYSo,YouTube
6010,https://www.youtube.com/watch?v=CigA17cKUyY,YouTube
6011,https://www.youtube.com/watch?v=8ldB5pUUOVg,YouTube
6012,https://www.youtube.com/watch?v=zCX8zb4y1b4,YouTube
6013,,
6014,,
6015,,
6016,,
6017,,
6018,,
6019,,
6020,,
6021,,
6022,https://www.youtube.com/watch?v=heia42Dii0w,YouTube
6023,https://www.youtube.com/watch?v=1biE4cOrDPE,YouTube
6024,https://www.youtube.com/watch?v=YNO0N31ohpM,YouTube
6025,https://www.youtube.com/watch?v=9py2OnojPz4,YouTube
6026,https://www.youtube.com/watch?v=IEMDgLQALws,YouTube
6027,,
6028,https://www.youtube.com/watch?v=IAdlEdkYrew,YouTube
6029,https://www.youtube.com/watch?v=hzO2BjNna90,YouTube
6030,,
6031,https://www.youtube.com/watch?v=JS3rRHwrOpM,YouTube
6032,,
6033,,
6034,,
6035,,
6036,https://www.youtube.com/watch?v=T8WroCcrbBc,YouTube
6037,,
6038,https://www.youtube.com/watch?v=Fo3yRLLrXQA,YouTube
6039,https://vimeo.com/154993862,Vimeo
6040,https://www.youtube.com/watch?v=g5GRHlhBSDY,YouTube
6041,https://www.youtube.com/watch?v=F9d5w1AxfPs,YouTube
6042,https://www.youtube.com/watch?v=IaMfIvCTY-o,YouTube
6043,https://www.youtube.com/watch?v=4shpW9bq2sE,YouTube
6044,https://www.youtube.com/watch?v=j0EcWB7m358,YouTube
6045,https://www.youtube.com/watch?v=lYRTpbtX6yQ,YouTube
6046,https://www.youtube.com/watch?v=ZR6DWDfMDlM,YouTube
6047,https://www.youtube.com/watch?v=k3zMlsEK8xA,YouTube
6048,https://www.youtube.com/watch?v=40KU_bLzrqo,YouTube
6049,,
6050,https://www.youtube.com/watch?v=BK0rbzLk0YI,YouTube
6051,https://www.youtube.com/watch?v=kg5uqDh00H4,YouTube
6052,,
6053,,
6054,,
6055,,
6056,,
6057,https://www.youtube.com/watch?v=uIxnTi4GmCo,YouTube
6058,,
6059,,
6060,https://www.youtube.com/watch?v=ajsCQyTJZE4,YouTube
6061,https://www.youtube.com/watch?v=KvLVWTaUT5w,YouTube
6062,https://www.youtube.com/watch?v=tsSlOyOknSs,YouTube
6063,https://www.youtube.com/watch?v=LFyGDtFIt5U,YouTube
6064,,
6065,,
6066,,
6067,,
6068,,
6069,,
6070,https://www.youtube.com/watch?v=fUjicxMPDzs,YouTube
6071,https://www.youtube.com/watch?v=edfw9ip9sCQ,YouTube
6072,https://www.youtube.com/watch?v=WF-PUiKSn54,YouTube
6073,https://www.youtube.com/watch?v=SWhYUF6MCTM,YouTube
6074,,
6075,,
6076,,
6077,,
6078,,
6079,,
6080,https://www.youtube.com/watch?v=Y1ZK_okNmxQ,YouTube
6081,https://www.youtube.com/watch?v=RmVj0zaTL5s,YouTube
6082,https://www.youtube.com/watch?v=S85jFoQHqX4,YouTube
6083,,
6084,,
6085,,
6086,https://www.youtube.com/watch?v=wWwzPk5JSxE,YouTube
6087,https://www.youtube.com/watch?v=oW7GVR2c80k,YouTube
6088,https://www.youtube.com/watch?v=-jLLXKW385g,YouTube
6089,https://www.youtube.com/watch?v=ZaaJ8NF57fY,YouTube
6090,,
6091,https://www.youtube.com/watch?v=y8lFgF_IjPw,YouTube
6092,https://www.youtube.com/watch?v=bCE39OeR4Js,YouTube
6093,,
6094,https://www.youtube.com/watch?v=nPkr9HmglG0,YouTube
6095,https://www.youtube.com/watch?v=Njba2wx28v8,YouTube
6096,,
6097,,
6098,,
6099,https://www.youtube.com/watch?v=TnJSWXip0_g,YouTube
6100,,
6101,https://www.youtube.com/watch?v=nWzHaRM8jeo,YouTube
6102,https://www.youtube.com/watch?v=mqA5T-s8tAw,YouTube
6103,,
6104,,
6105,https://www.youtube.com/watch?v=Nt2sbtg9Yfk,YouTube
6106,https://www.youtube.com/watch?v=VKAbx4BLCrs,YouTube
6107,,
6108,,
6109,https://www.youtube.com/watch?v=J_ct_v3tcqw,YouTube
6110,https://www.youtube.com/watch?v=8ZwgoVmILQU,YouTube
6111,https://www.youtube.com/watch?v=IgG_ncWc3js,YouTube
6112,https://www.youtube.com/watch?v=dcObJoZftaI,YouTube
6113,,
6114,https://www.youtube.com/watch?v=BWmHi_1yaPE,YouTube
6115,https://www.youtube.com/watch?v=3Ro9ebQxEOY,YouTube
6116,,
6117,https://www.youtube.com/watch?v=mPOQxwSBm54,YouTube
6118,https://www.youtube.com/watch?v=aPDMAH-mbSM,YouTube
6119,,
6120,https://www.youtube.com/watch?v=DLSj41DteOU,YouTube
6121,,
6122,,
6123,,
6124,,
6125,,
6126,,
6127,,
6128,https://www.youtube.com/watch?v=iDpqasfWF9k,YouTube
6129,,
6130,https://www.youtube.com/watch?v=s3xyjzfj-Wo,YouTube
6131,,
6132,https://www.youtube.com/watch?v=kGqlmZQ0Rrs,YouTube
6133,,
6134,https://www.youtube.com/watch?v=7Qe4LOkJi4k,YouTube
6135,https://www.youtube.com/watch?v=qh5VWtX3muw,YouTube
6136,https://www.youtube.com/watch?v=XgmYpZMjDl0,YouTube
6137,,
6138,,
6139,,
6140,https://www.youtube.com/watch?v=jNJAKIQmpRU,YouTube
6141,,
6142,,
6143,https://www.youtube.com/watch?v=fS0vGsNY99E,YouTube
6144,https://www.youtube.com/watch?v=JAR3WAyIJ0o,YouTube
6145,https://www.youtube.com/watch?v=Me2eIhSRtc4,YouTube
6146,,
6147,https://www.youtube.com/watch?v=YsVo5necW6Q,YouTube
6148,https://www.youtube.com/watch?v=Emth-wTtsNM,YouTube
6149,https://www.youtube.com/watch?v=vMvg6LtskNc,YouTube
6150,https://www.youtube.com/watch?v=rs9YpUktrWw,YouTube
6151,https://www.youtube.com/watch?v=NYCLXB5JNv8,YouTube
6152,https://www.youtube.com/watch?v=aqXBQcO_Qa8,YouTube
6153,https://www.youtube.com/watch?v=nO0yqFSRo0Y,YouTube
6154,,
6155,,
6156,https://www.youtube.com/watch?v=jM8vM7rOaZw,YouTube
6157,,
6158,https://www.youtube.com/watch?v=i7fxfyixMRA,YouTube
6159,,
6160,,
6161,https://www.youtube.com/watch?v=iruX5aGznlI,YouTube
6162,https://www.youtube.com/watch?v=yw0Ip5XoXyw,YouTube
6163,,
6164,https://www.youtube.com/watch?v=RXJn5xDc_lI,YouTube
6165,https://www.youtube.com/watch?v=nJ9hnMPQKwY,YouTube
6166,https://www.youtube.com/watch?v=TMy_oIOCT7s,YouTube
6167,https://www.youtube.com/watch?v=Ru4lEmhHTF4,YouTube
6168,,
6169,,
6170,https://www.youtube.com/watch?v=wsJv_bJBHSY,YouTube
6171,https://www.youtube.com/watch?v=T1B1CxmAXLk,YouTube
6172,https://www.youtube.com/watch?v=rW-eehvrJnI,YouTube
6173,https://www.youtube.com/watch?v=1utk__TPZ1s,YouTube
6174,https://www.youtube.com/watch?v=ZKpirbRbF4I,YouTube
6175,,
6176,,
6177,https://www.youtube.com/watch?v=V6wWKNij_1M,YouTube
6178,https://www.youtube.com/watch?v=qKVhDbe9VOo,YouTube
6179,,
6180,https://www.youtube.com/watch?v=F64Y0LaTadM,YouTube
6181,,
6182,,
6183,,
6184,https://www.youtube.com/watch?v=8DQJIoyqn7w,YouTube
6185,https://www.youtube.com/watch?v=6XM4LpL1iMc,YouTube
6186,,
6187,https://www.youtube.com/watch?v=cxcegktcxSM,YouTube
6188,,
6189,https://www.youtube.com/watch?v=TfjQThw-RAk,YouTube
6190,https://www.youtube.com/watch?v=T77PDm3e1iE,YouTube
6191,,
6192,,
6193,https://www.youtube.com/watch?v=Gnsm81gjo1E,YouTube
6194,,
6195,https://www.youtube.com/watch?v=xOEscQChX7M,YouTube
6196,,
6197,https://www.youtube.com/watch?v=otKcvjhj6B4,YouTube
6198,https://www.youtube.com/watch?v=UYQV1GnPQAU,YouTube
6199,,
6200,https://www.youtube.com/watch?v=ZrPaMJWF1tg,YouTube
6201,https://www.youtube.com/watch?v=PXNOg_SK7Vs,YouTube
6202,,
6203,,
6204,https://www.youtube.com/watch?v=P2sYRVhO9VA,YouTube
6205,https://www.youtube.com/watch?v=KocJP8dG1OA,YouTube
6206,https://www.youtube.com/watch?v=gn0IEE3-Zn8,YouTube
6207,https://www.youtube.com/watch?v=8IOw3z-sRNI,YouTube
6208,https://www.youtube.com/watch?v=jTRZsrj28C4,YouTube
6209,,
6210,https://www.youtube.com/watch?v=RYY_DPJwB8o,YouTube
6211,https://www.youtube.com/watch?v=oI_mCZ7ksCY,YouTube
6212,https://www.youtube.com/watch?v=Pl23tHlA41U,YouTube
6213,https://www.youtube.com/watch?v=QJjOb5PQEwc,YouTube
6214,https://www.youtube.com/watch?v=0iL1K_l8Jyo,YouTube
6215,,
6216,,
6217,,
6218,,
6219,https://www.youtube.com/watch?v=aEVO0ucZ_kE,YouTube
6220,https://www.youtube.com/watch?v=PycUqhQxR1Y,YouTube
6221,,
6222,https://www.youtube.com/watch?v=ri1Cc3Yz09U,YouTube
6223,https://www.youtube.com/watch?v=kuTBea8_-LY,YouTube
6224,,
6225,https://www.youtube.com/watch?v=u6E8isRedHo,YouTube
6226,https://www.youtube.com/watch?v=cExGHt350NE,YouTube
6227,,
6228,https://www.youtube.com/watch?v=KG770hOuT2k,YouTube
6229,,
6230,https://www.youtube.com/watch?v=3WgXGgTNjS8,YouTube
6231,https://www.youtube.com/watch?v=AfMUuwjg1qs,YouTube
6232,https://www.youtube.com/watch?v=M4zebygSaZE,YouTube
6233,https://www.youtube.com/watch?v=46oR6zCCwMQ,YouTube
6234,,
6235,https://www.youtube.com/watch?v=hLg-IaVoaJY,YouTube
6236,,
6237,https://www.youtube.com/watch?v=U4NT78c-pYs,YouTube
6238,https://www.youtube.com/watch?v=b4lpXne8L0g,YouTube
6239,https://www.youtube.com/watch?v=EAwR54HrVW8,YouTube
6240,https://www.youtube.com/watch?v=pwX4tY4oHdo,YouTube
6241,,
6242,,
6243,https://www.youtube.com/watch?v=cZuDMECORFE,YouTube
6244,,
6245,,
6246,https://www.youtube.com/watch?v=XdAR-lK43YU,YouTube
6247,https://www.youtube.com/watch?v=gwxHtv4zSao,YouTube
6248,https://www.youtube.com/watch?v=jXZHThLMb4M,YouTube
6249,https://www.youtube.com/watch?v=Uh6vK6_9b1w,YouTube
6250,,
6251,https://www.youtube.com/watch?v=YOL_BQO286U,YouTube
6252,,
6253,,
6254,https://www.youtube.com/watch?v=IuE3-D1AfDE,YouTube
6255,https://www.youtube.com/watch?v=EmkpvXJ8laQ,YouTube
6256,https://www.youtube.com/watch?v=YPxYAbZIVSw,YouTube
6257,,
6258,https://www.youtube.com/watch?v=6UYgy4TerDE,YouTube
6259,,
6260,https://www.youtube.com/watch?v=4ttHc_a3ids,YouTube
6261,,
6262,,
6263,,
6264,https://www.youtube.com/watch?v=685ynVLLd2o,YouTube
6265,https://www.youtube.com/watch?v=N3Bzv0ao3Bc,YouTube
6266,,
6267,,
6268,,
6269,,
6270,https://www.youtube.com/watch?v=zjFvlBjYQjo,YouTube
6271,,
6272,https://www.youtube.com/watch?v=KUtd_-3ytlc,YouTube
6273,https://www.youtube.com/watch?v=l_tsBQw7qAw,YouTube
6274,,
6275,https://www.youtube.com/watch?v=9O3jonKIc2w,YouTube
6276,,
6277,https://www.youtube.com/watch?v=r5LReY7l3mQ,YouTube
6278,,
6279,https://www.youtube.com/watch?v=2apnlrZmv28,YouTube
6280,,
6281,,
6282,https://www.youtube.com/watch?v=J5N_dUvpEa8,YouTube
6283,https://www.youtube.com/watch?v=tsOvwYmfTdA,YouTube
6284,,
6285,,
6286,,
6287,,
6288,https://www.youtube.com/watch?v=IJXsgjKe9no,YouTube
6289,https://www.youtube.com/watch?v=JeNk4ie0IQA,YouTube
6290,https://www.youtube.com/watch?v=ylGxMH87MO8,YouTube
6291,https://www.youtube.com/watch?v=-C7PqJbh4nU,YouTube
6292,https://www.youtube.com/watch?v=ABhh1HifqJY,YouTube
6293,,
6294,https://www.youtube.com/watch?v=XTBlnxEiDpE,YouTube
6295,https://www.youtube.com/watch?v=G4HH8kVI4OY,YouTube
6296,,
6297,https://www.youtube.com/watch?v=DpUXJVbb894,YouTube
6298,,
6299,,
6300,,
6301,,
6302,,
6303,,
6304,https://www.youtube.com/watch?v=oMHwRal-AR8,YouTube
6305,,
6306,,
6307,,
6308,https://www.youtube.com/watch?v=AitBsc0lNYw,YouTube
6309,https://www.youtube.com/watch?v=GTl5SHYJxz4,YouTube
6310,https://www.youtube.com/watch?v=Ku52zNnft8k,YouTube
6311,,
6312,https://www.youtube.com/watch?v=m290GmN-Q7Q,YouTube
6313,,
6314,https://www.youtube.com/watch?v=coOKvrsmQiI,YouTube
6315,https://www.youtube.com/watch?v=FfADKNDJcP8,YouTube
6316,,
6317,https://www.youtube.com/watch?v=xanjwExEnJw,YouTube
6318,https://www.youtube.com/watch?v=GNxVaj8y9Fs,YouTube
6319,https://www.youtube.com/watch?v=cSp1dM2Vj48,YouTube
6320,,
6321,https://www.youtube.com/watch?v=LDxgPIsv6sY,YouTube
6322,,
6323,https://www.youtube.com/watch?v=K1X5fvNrK3A,YouTube
6324,,
6325,https://www.youtube.com/watch?v=03NAGSuhXss,YouTube
6326,https://www.youtube.com/watch?v=YXK9qEU-oXI,YouTube
6327,https://www.youtube.com/watch?v=BGtf81pNTnc,YouTube
6328,,
6329,https://www.youtube.com/watch?v=928gFVXgEPQ,YouTube
6330,,
6331,https://www.youtube.com/watch?v=y3GLhAumiec,YouTube
6332,https://www.youtube.com/watch?v=uZ0KNVU2fV0,YouTube
6333,https://www.youtube.com/watch?v=qWKsiHEpiJM,YouTube
6334,,
6335,,
6336,,
6337,,
6338,,
6339,,
6340,,
6341,,
6342,,
6343,https://www.youtube.com/watch?v=OTosCy89z7A,YouTube
6344,https://www.youtube.com/watch?v=74-ek46BMV4,YouTube
6345,https://www.youtube.com/watch?v=h5pBxB_X0l8,YouTube
6346,,
6347,https://www.youtube.com/watch?v=PQKu78NnyvU,YouTube
6348,https://www.youtube.com/watch?v=Ux2BZuL3KMo,YouTube
6349,,
6350,https://www.youtube.com/watch?v=b7Hqp8-6Tbw,YouTube
6351,https://www.youtube.com/watch?v=bLNJdceGgQ4,YouTube
6352,,
6353,https://www.youtube.com/watch?v=71Q79fqQu7g,YouTube
6354,https://www.youtube.com/watch?v=82eBYqRfC58,YouTube
6355,https://www.youtube.com/watch?v=EJn2rHsT2Qg,YouTube
6356,https://www.youtube.com/watch?v=MLxvR-UNz68,YouTube
6357,,
6358,https://www.youtube.com/watch?v=Pb7iJnIWzNk,YouTube
6359,,
6360,,
6361,https://www.youtube.com/watch?v=GN_M3u7GWgo,YouTube
6362,,
6363,,
6364,https://www.youtube.com/watch?v=he3DPldzW8I,YouTube
6365,,
6366,https://www.youtube.com/watch?v=hTPZW28r_K0,YouTube
6367,,
6368,,
6369,,
6370,https://www.youtube.com/watch?v=dMqgPVxCV9Y,YouTube
6371,,
6372,,
6373,,
6374,https://www.youtube.com/watch?v=O6cQCgktxQc,YouTube
6375,https://www.youtube.com/watch?v=ZkIe8xlfolU,YouTube
6376,https://www.youtube.com/watch?v=TMLaw2_c1TA,YouTube
6377,https://www.youtube.com/watch?v=oCFgGA55Gow,YouTube
6378,https://www.youtube.com/watch?v=XnMo_5ovSGE,YouTube
6379,,
6380,https://www.youtube.com/watch?v=8nHhQwZkKc0,YouTube
6381,,
6382,https://www.youtube.com/watch?v=pnj52hLeDyU,YouTube
6383,https://www.youtube.com/watch?v=mepAvFdUJag,YouTube
6384,https://www.youtube.com/watch?v=wuLJHROphdM,YouTube
6385,,
6386,https://www.youtube.com/watch?v=tREjNCHsk18,YouTube
6387,https://www.youtube.com/watch?v=7LEDE-YPR0g,YouTube
6388,,
6389,https://www.youtube.com/watch?v=JH0WldpM8Hw,YouTube
6390,,
6391,,
6392,https://www.youtube.com/watch?v=v45GprEyM7U,YouTube
6393,,
6394,https://www.youtube.com/watch?v=MOmY8i-uBcY,YouTube
6395,https://www.youtube.com/watch?v=ImW9ijMIuoQ,YouTube
6396,,
6397,https://www.youtube.com/watch?v=WR7cc5t7tv8,YouTube
6398,,
6399,https://www.youtube.com/watch?v=n9ukI7khQpE,YouTube
6400,https://www.youtube.com/watch?v=d_ZyqaN_XNM,YouTube
6401,https://www.youtube.com/watch?v=lK3qmEe2cJg,YouTube
6402,https://www.youtube.com/watch?v=WOTDGACjzcY,YouTube
6403,,
6404,,
6405,,
6406,,
6407,,
6408,https://www.youtube.com/watch?v=uSEVHO_k9Z8,YouTube
6409,https://www.youtube.com/watch?v=Nd60i3ZnLOE,YouTube
6410,,
6411,,
6412,,
6413,https://www.youtube.com/watch?v=ZzlwxYFWCfg,YouTube
6414,https://www.youtube.com/watch?v=r_sf0-o9tS0,YouTube
6415,https://www.youtube.com/watch?v=r12w4iRBLp4,YouTube
6416,https://www.youtube.com/watch?v=DGbchTBSkV4,YouTube
6417,https://www.youtube.com/watch?v=hwXQrbI9vTk,YouTube
6418,https://www.youtube.com/watch?v=ZbTbHNtYV_4,YouTube
6419,https://www.youtube.com/watch?v=7FnAhrJDTqs,YouTube
6420,,
6421,https://www.youtube.com/watch?v=rWFXT4bCFv4,YouTube
6422,https://www.youtube.com/watch?v=oz-XiYNCo7o,YouTube
6423,https://www.youtube.com/watch?v=HzILu6yyA20,YouTube
6424,https://www.youtube.com/watch?v=dRvKm__GrqU,YouTube
6425,https://www.youtube.com/watch?v=HIb_TlK2HAI,YouTube
6426,,
6427,,
6428,,
6429,https://www.youtube.com/watch?v=94CozNqV0Zk,YouTube
6430,,
6431,https://www.youtube.com/watch?v=ElbEomGet4Q,YouTube
6432,,
6433,https://www.youtube.com/watch?v=kmqEmhkKeaA,YouTube
6434,,
6435,,
6436,,
6437,,
6438,https://vimeo.com/301902269,Vimeo
6439,,
6440,,
6441,,
6442,https://www.youtube.com/watch?v=wxcvbL6o55M,YouTube
6443,https://www.youtube.com/watch?v=Wd36U2cQyRk,YouTube
6444,https://www.youtube.com/watch?v=W0XTxOs-_Os,YouTube
6445,https://www.youtube.com/watch?v=oAfQh7v4Kbs,YouTube
6446,,
6447,,
6448,,
6449,,
6450,,
6451,,
6452,https://www.youtube.com/watch?v=64zhsUsSWAI,YouTube
6453,https://www.youtube.com/watch?v=QEGVTj7Mjko,YouTube
6454,,
6455,,
6456,,
6457,,
6458,https://www.youtube.com/watch?v=bbClPVP-3hE,YouTube
6459,,
6460,,
6461,,
6462,https://www.youtube.com/watch?v=VSqugpJmwMI,YouTube
6463,,
6464,https://www.youtube.com/watch?v=3VRoe5onQjg,YouTube
6465,https://www.youtube.com/watch?v=naZtHJ8eAtc,YouTube
6466,,
6467,https://www.youtube.com/watch?v=qF8jHJO7_g8,YouTube
6468,,
6469,,
6470,https://www.youtube.com/watch?v=8KpdS8O-a4s,YouTube
6471,,
6472,https://www.youtube.com/watch?v=qt5KrRfSdzg,YouTube
6473,,
6474,https://www.youtube.com/watch?v=UBNymeViWFo,YouTube
6475,https://www.youtube.com/watch?v=xTQv5vJMJjo,YouTube
6476,https://www.youtube.com/watch?v=ia_Wf7o3gjM,YouTube
6477,,
6478,https://www.youtube.com/watch?v=_BJgeZUBC7I,YouTube
6479,https://www.youtube.com/watch?v=om2mSgknmhI,YouTube
6480,https://www.youtube.com/watch?v=vMXBYih_I9o,YouTube
6481,,
6482,https://www.youtube.com/watch?v=6F6bD3vYuw0,YouTube
6483,,
6484,,
6485,https://www.youtube.com/watch?v=x95gXieo3f0,YouTube
6486,https://www.youtube.com/watch?v=ZEhWdWjKjNA,YouTube
6487,https://www.youtube.com/watch?v=gH0LaV8BYcQ,YouTube
6488,https://www.youtube.com/watch?v=fV2k8Al8w4M,YouTube
6489,https://www.youtube.com/watch?v=4TPJyx2Xljg,YouTube
6490,https://www.youtube.com/watch?v=IrcQhTm2h2I,YouTube
6491,https://www.youtube.com/watch?v=GC5FIWUFfUY,YouTube
6492,,
6493,https://www.youtube.com/watch?v=-76o69txkZs,YouTube
6494,,
6495,https://www.youtube.com/watch?v=8VToxlkKH1A,YouTube
6496,,
6497,https://www.youtube.com/watch?v=fEskVQgtwaI,YouTube
6498,https://www.youtube.com/watch?v=kGHbjduijiw,YouTube
6499,,
6500,https://www.youtube.com/watch?v=VvGUA1JmERw,YouTube
6501,,
6502,,
6503,,
6504,https://www.youtube.com/watch?v=o2AsIXSh2xo,YouTube
6505,,
6506,,
6507,https://www.youtube.com/watch?v=sPkoW4cmqT8,YouTube
6508,,
6509,,
6510,,
6511,,
6512,,
6513,,
6514,https://www.youtube.com/watch?v=ClIqHsYQB6A,YouTube
6515,,
6516,,
6517,,
6518,,
6519,,
6520,,
6521,,
6522,,
6523,,
6524,,
6525,,
6526,,
6527,https://www.youtube.com/watch?v=yoIBXVm_B9Y,YouTube
6528,https://www.youtube.com/watch?v=9HKoPnraoLk,YouTube
6529,,
6530,,
6531,https://www.youtube.com/watch?v=IjHgzkQM2Sg,YouTube
6532,https://www.youtube.com/watch?v=b6tINlquCKU,YouTube
6533,https://www.youtube.com/watch?v=ULK1yd7lYHI,YouTube
6534,https://www.youtube.com/watch?v=AnVWuKKgpm0,YouTube
6535,,
6536,,
6537,,
6538,https://www.youtube.com/watch?v=Va0YjPTh6tE,YouTube
6539,https://www.youtube.com/watch?v=QU8yU6fd6Kg,YouTube
6540,,
6541,,
6542,,
6543,,
6544,,
6545,https://www.youtube.com/watch?v=wO1SDGHdQas,YouTube
6546,,
6547,,
6548,,
6549,https://www.youtube.com/watch?v=KPRCZDLuJl4,YouTube
6550,,
6551,,
6552,,
6553,,
6554,,
6555,https://www.youtube.com/watch?v=0oLPTdEqKA4,YouTube
6556,https://www.youtube.com/watch?v=K08UTl2IBfk,YouTube
6557,https://www.youtube.com/watch?v=MJlLKz7hI5E,YouTube
6558,,
6559,,
6560,,
6561,,
6562,,
6563,,
6564,https://www.youtube.com/watch?v=__GGulXNJw8,YouTube
6565,,
6566,https://www.youtube.com/watch?v=arPtWLzIt5A,YouTube
6567,,
6568,,
6569,,
6570,,
6571,,
6572,,
6573,,
6574,,
6575,https://www.youtube.com/watch?v=8ndhidEmUbI,YouTube
6576,https://www.youtube.com/watch?v=M1xDzgob1JI,YouTube
6577,,
6578,https://www.youtube.com/watch?v=2iVYI99VGaw,YouTube
6579,https://www.youtube.com/watch?v=84AwdzEg1RI,YouTube
6580,,
6581,,
6582,,
6583,,
6584,https://www.youtube.com/watch?v=-u7dVzaU4Uc,YouTube
6585,,
6586,,
6587,,
6588,,
6589,,
6590,,
6591,,
6592,,
6593,,
6594,https://www.youtube.com/watch?v=BrEQPe7l6zU,YouTube
6595,,
6596,https://www.youtube.com/watch?v=RtcIFzpLYqM,YouTube
6597,https://www.youtube.com/watch?v=QbHpyjrGdpc,YouTube
6598,,
6599,,
6600,,
6601,,
6602,,
6603,,
6604,,
6605,,
6606,https://www.youtube.com/watch?v=ieSLDaAQGKI,YouTube
6607,https://www.youtube.com/watch?v=tcK1vl36dUs,YouTube
6608,https://www.youtube.com/watch?v=hJWzyi0le7k,YouTube
6609,https://www.youtube.com/watch?v=LTDB7IXyZnA,YouTube
6610,https://www.youtube.com/watch?v=ep4bmXjneUM,YouTube
6611,https://www.youtube.com/watch?v=qtswR_SW8S0,YouTube
6612,https://www.youtube.com/watch?v=Zqa57fATkew,YouTube
6613,,
6614,,
6615,,
6616,https://www.youtube.com/watch?v=nNuuSsnxDBo,YouTube
6617,https://www.youtube.com/watch?v=McqJFP6y0DU,YouTube
6618,,
6619,https://www.youtube.com/watch?v=oKnnZTj0HmI,YouTube
6620,https://www.youtube.com/watch?v=k86KDFh_q6E,YouTube
6621,,
6622,,
6623,https://www.youtube.com/watch?v=ms8OdjWJRPY,YouTube
6624,https://www.youtube.com/watch?v=-qbxFT8-gt4,YouTube
6625,https://www.youtube.com/watch?v=OVBjPpUlQrE,YouTube
6626,,
6627,,
6628,https://www.youtube.com/watch?v=V7mAAuO1yx0,YouTube
6629,,
6630,,
6631,,
6632,,
6633,,
6634,https://www.youtube.com/watch?v=ff1V6ywnWcY,YouTube
6635,https://www.youtube.com/watch?v=AQL9hRRYDIw,YouTube
6636,https://www.youtube.com/watch?v=XVEQuxrqoa8,YouTube
6637,,
6638,https://www.youtube.com/watch?v=4eU52Gh3P08,YouTube
6639,,
6640,https://www.youtube.com/watch?v=fjWdwAg0n2o,YouTube
6641,https://www.youtube.com/watch?v=atBa3S_FzPQ,YouTube
6642,https://www.youtube.com/watch?v=c34BtMNwTzE,YouTube
6643,,
6644,https://www.youtube.com/watch?v=72MoMUxP43E,YouTube
6645,https://www.youtube.com/watch?v=eGMM9NYef6U,YouTube
6646,,
6647,https://www.youtube.com/watch?v=i6j4u8DeaK4,YouTube
6648,https://www.youtube.com/watch?v=EUwWAmQ_smw,YouTube
6649,,
6650,,
6651,https://www.youtube.com/watch?v=jw5dTVTX9zo,YouTube
6652,https://www.youtube.com/watch?v=o9x3Z6b0Z1g,YouTube
6653,,
6654,https://www.youtube.com/watch?v=72kzXKprMYk,YouTube
6655,https://www.youtube.com/watch?v=cFCP5SFHs14,YouTube
6656,https://www.youtube.com/watch?v=MnKbM9Zxtn8,YouTube
6657,,
6658,https://www.youtube.com/watch?v=TavaOZG3jBw,YouTube
6659,https://www.youtube.com/watch?v=XbVcZgDcazc,YouTube
6660,https://www.youtube.com/watch?v=3KgMW3rowXY,YouTube
6661,https://www.youtube.com/watch?v=T-WGaZaojFc,YouTube
6662,https://www.youtube.com/watch?v=rNQrKls7k-Q,YouTube
6663,https://www.youtube.com/watch?v=4GfC59OoRog,YouTube
6664,,
6665,https://www.youtube.com/watch?v=bAHAwesTLB4,YouTube
6666,https://www.youtube.com/watch?v=kwZrErWoWNc,YouTube
6667,https://www.youtube.com/watch?v=8HDrmdveRE0,YouTube
6668,https://www.youtube.com/watch?v=Lxj0mgS3fRg,YouTube
6669,,
6670,https://www.youtube.com/watch?v=QEijgVViWpw,YouTube
6671,https://www.youtube.com/watch?v=LjaPysWCux0,YouTube
6672,,
6673,https://www.youtube.com/watch?v=CREm4BB_c9g,YouTube
6674,https://www.youtube.com/watch?v=ZsE97uwjkEo,YouTube
6675,https://www.youtube.com/watch?v=90B6OQTQWYU,YouTube
6676,,
6677,,
6678,,
6679,https://www.youtube.com/watch?v=g-vOgecWA3Y,YouTube
6680,https://www.youtube.com/watch?v=WC4gSgAl6Yw,YouTube
6681,https://www.youtube.com/watch?v=usl5u9ruA0U,YouTube
6682,,
6683,https://www.youtube.com/watch?v=8KJKgAefkwA,YouTube
6684,https://www.youtube.com/watch?v=cInb2TyTnAA,YouTube
6685,https://www.youtube.com/watch?v=6rfzPErD1C0,YouTube
6686,,
6687,,
6688,https://www.youtube.com/watch?v=VTsJ40tyj-Q,YouTube
6689,https://www.youtube.com/watch?v=4OlRFeTw_pU,YouTube
6690,,
6691,,
6692,https://www.youtube.com/watch?v=vS3pJ8j9L6g,YouTube
6693,https://www.youtube.com/watch?v=LGzPwgVMV1A,YouTube
6694,,
6695,https://www.youtube.com/watch?v=YrTXTb03Ixc,YouTube
6696,,
6697,,
6698,https://www.youtube.com/watch?v=e3gS7BDmZlw,YouTube
6699,https://www.youtube.com/watch?v=RnrkwZBnbLs,YouTube
6700,https://www.youtube.com/watch?v=WRFwJS7pu80,YouTube
6701,https://www.youtube.com/watch?v=0wkCfRiC4F0,YouTube
6702,https://www.youtube.com/watch?v=WqJhm6pJZ5k,YouTube
6703,https://www.youtube.com/watch?v=Y6U-eMDmMoc,YouTube
6704,,
6705,,
6706,,
6707,,
6708,https://www.youtube.com/watch?v=QFbUei2DDhc,YouTube
6709,,
6710,,
6711,,
6712,https://www.youtube.com/watch?v=3ZaMk8t98H8,YouTube
6713,,
6714,,
6715,https://www.youtube.com/watch?v=UC0cnDhB7MQ,YouTube
6716,,
6717,https://www.youtube.com/watch?v=nRNZjtOUpto,YouTube
6718,https://www.youtube.com/watch?v=gfmygLVJETU,YouTube
6719,,
6720,,
6721,,
6722,https://www.youtube.com/watch?v=EiFGL9OM0fs,YouTube
6723,https://www.youtube.com/watch?v=nuohk0jJ2Nc,YouTube
6724,,
6725,,
6726,https://www.youtube.com/watch?v=qLCZ5l674pA,YouTube
6727,,
6728,https://www.youtube.com/watch?v=CQ_9UbnbZUk,YouTube
6729,,
6730,,
6731,https://www.youtube.com/watch?v=fTR8GL5mf-A,YouTube
6732,,
6733,https://www.youtube.com/watch?v=YaeDa_Uempk,YouTube
6734,,
6735,,
6736,,
6737,https://www.youtube.com/watch?v=lZMu5ezNJAo,YouTube
6738,https://www.youtube.com/watch?v=m6fseZL2uwM,YouTube
6739,,
6740,,
6741,,
6742,https://www.youtube.com/watch?v=amRsImdsMkE,YouTube
6743,,
6744,https://www.youtube.com/watch?v=dHZ00pg2I4A,YouTube
6745,https://www.youtube.com/watch?v=6h5GuecUU-Q,YouTube
6746,https://www.youtube.com/watch?v=bPrd2eWCgjc,YouTube
6747,,
6748,,
6749,,
6750,https://www.youtube.com/watch?v=WdNJnwC6enI,YouTube
6751,,
6752,,
6753,https://www.youtube.com/watch?v=FbhaeiIb5ss,YouTube
6754,https://www.youtube.com/watch?v=-WBhj57fHeI,YouTube
6755,https://www.youtube.com/watch?v=pN8xZ5WDonk,YouTube
6756,https://www.youtube.com/watch?v=_2PyxzSH1HM,YouTube
6757,,
6758,,
6759,,
6760,,
6761,,
6762,,
6763,,
6764,,
6765,https://www.youtube.com/watch?v=ww2r72OR6ME,YouTube
6766,,
6767,https://www.youtube.com/watch?v=_vJ49Lg__a8,YouTube
6768,https://www.youtube.com/watch?v=g5Cu46Hf-o4,YouTube
6769,,
6770,https://www.youtube.com/watch?v=yEbvc32n7bU,YouTube
6771,,
6772,https://www.youtube.com/watch?v=WyOdg8psCxI,YouTube
6773,https://www.youtube.com/watch?v=S_1kv27NBa0,YouTube
6774,,
6775,https://www.youtube.com/watch?v=KvukQXpI3Ws,YouTube
6776,https://www.youtube.com/watch?v=-q-xl87iYfs,YouTube
6777,https://www.youtube.com/watch?v=Nh2zKF6Ucv8,YouTube
6778,https://www.youtube.com/watch?v=QCx-9CKw5yE,YouTube
6779,,
6780,,
6781,https://www.youtube.com/watch?v=_YKogCotcz0,YouTube
6782,,
6783,,
6784,https://www.youtube.com/watch?v=Sun3D8VqkGY,YouTube
6785,https://www.youtube.com/watch?v=T_ZZY8CAiiA,YouTube
6786,,
6787,,
6788,,
6789,https://www.youtube.com/watch?v=qlq0vlsnwB4,YouTube
6790,https://www.youtube.com/watch?v=HS9x40rE5Cs,YouTube
6791,https://www.youtube.com/watch?v=XatqS7MCUGc,YouTube
6792,,
6793,,
6794,https://www.youtube.com/watch?v=grDVLOhBvFQ,YouTube
6795,https://www.youtube.com/watch?v=33XZIrH2Hk8,YouTube
6796,,
6797,,
6798,,
6799,,
6800,https://www.youtube.com/watch?v=Q-G1BME8FKw,YouTube
6801,,
6802,,
6803,,
6804,,
6805,,
6806,,
6807,https://www.youtube.com/watch?v=duQA-i0HQqE,YouTube
6808,,
6809,,
6810,,
6811,https://www.youtube.com/watch?v=jvx4Kmf7_gY,YouTube
6812,,
6813,,
6814,https://www.youtube.com/watch?v=IC_lnyn2R2Q,YouTube
6815,,
6816,,
6817,,
6818,,
6819,https://www.youtube.com/watch?v=23Q2-1AYJCs,YouTube
6820,,
6821,,
6822,,
6823,https://www.youtube.com/watch?v=zko-42g3oos,YouTube
6824,https://www.youtube.com/watch?v=Rlmxohf1i_8,YouTube
6825,https://www.youtube.com/watch?v=8HbHa5fNLqA,YouTube
6826,https://www.youtube.com/watch?v=6Q7vVt-MeXk,YouTube
6827,,
6828,https://www.youtube.com/watch?v=km7gv28_uX0,YouTube
6829,,
6830,https://www.youtube.com/watch?v=nMWHBUTHmf0,YouTube
6831,,
6832,https://www.youtube.com/watch?v=H_kOsnGzfYY,YouTube
6833,https://www.youtube.com/watch?v=XBLJ18gcOjY,YouTube
6834,https://www.youtube.com/watch?v=2_bry6eUjRE,YouTube
6835,,
6836,,
6837,https://www.youtube.com/watch?v=CxBOwhANpcw,YouTube
6838,,
6839,,
6840,,
6841,https://www.youtube.com/watch?v=b7vqsoqKW4Y,YouTube
6842,,
6843,https://www.youtube.com/watch?v=kBPjOTalYBQ,YouTube
6844,https://www.youtube.com/watch?v=K87nFzlw-M4,YouTube
6845,https://www.youtube.com/watch?v=AJiud-ngt54,YouTube
6846,https://www.youtube.com/watch?v=daeBFjd9FX0,YouTube
6847,https://www.youtube.com/watch?v=HEVonh8bjC0,YouTube
6848,,
6849,https://www.youtube.com/watch?v=5iEOQn8UUHI,YouTube
6850,,
6851,,
6852,https://www.youtube.com/watch?v=xE-NAtAbwr4,YouTube
6853,,
6854,,
6855,,
6856,https://www.youtube.com/watch?v=8rB079RdP5k,YouTube
6857,,
6858,,
6859,https://www.youtube.com/watch?v=MNZPs5AKibU,YouTube
6860,,
6861,,
6862,https://www.youtube.com/watch?v=sf1BsDj8Huk,YouTube
6863,https://www.youtube.com/watch?v=pZuohkUN2Ls,YouTube
6864,,
6865,,
6866,,
6867,,
6868,,
6869,,
6870,,
6871,https://www.youtube.com/watch?v=A0cT7ukL4GI,YouTube
6872,,
6873,,
6874,https://www.youtube.com/watch?v=MZRC3xfhxnY,YouTube
6875,https://www.youtube.com/watch?v=-sk2lUJr0SE,YouTube
6876,https://www.youtube.com/watch?v=S06XYdgARRE,YouTube
6877,,
6878,https://www.youtube.com/watch?v=ErbBU0gZnzI,YouTube
6879,https://www.youtube.com/watch?v=FvdQdjw-NT0,YouTube
6880,https://www.youtube.com/watch?v=fPZ-VRD6IMs,YouTube
6881,https://www.youtube.com/watch?v=qLZC67-NfOI,YouTube
6882,,
6883,https://www.youtube.com/watch?v=ymHfHpVBdME,YouTube
6884,,
6885,https://www.youtube.com/watch?v=hpypxQNwvJI,YouTube
6886,,
6887,https://www.youtube.com/watch?v=8lb7xal3lrg,YouTube
6888,,
6889,https://www.youtube.com/watch?v=a23GO0NXOtg,YouTube
6890,,
6891,,
6892,https://www.youtube.com/watch?v=I_T1ykhy3Fg,YouTube
6893,https://www.youtube.com/watch?v=vHgYGTvMpBw,YouTube
6894,https://www.youtube.com/watch?v=GYCgqSpj5Pg,YouTube
6895,https://www.youtube.com/watch?v=QS0YgbeJ8E0,YouTube
6896,https://www.youtube.com/watch?v=a1s3YIagZOo,YouTube
6897,,
6898,https://www.youtube.com/watch?v=LGfwASavWNQ,YouTube
6899,,
6900,,
6901,https://www.youtube.com/watch?v=fZjE-0D4ShA,YouTube
6902,,
6903,,
6904,,
6905,,
6906,,
6907,https://www.youtube.com/watch?v=VTMGI2s5VNs,YouTube
6908,,
6909,https://www.youtube.com/watch?v=--8nr2kt4uk,YouTube
6910,https://www.youtube.com/watch?v=ZHRxdXr4y74,YouTube
6911,https://www.youtube.com/watch?v=bWvwdxJeYCc,YouTube
6912,,
6913,https://www.youtube.com/watch?v=u3wPWCj2L6I,YouTube
6914,https://www.youtube.com/watch?v=tflC2Jr6scs,YouTube
6915,,
6916,,
6917,,
6918,https://www.youtube.com/watch?v=ay5sm4rNfp8,YouTube
6919,,
6920,,
6921,https://www.youtube.com/watch?v=RikFHUvlFGM,YouTube
6922,https://vimeo.com/240213939,Vimeo
6923,https://www.youtube.com/watch?v=s3hr0sXT8qo,YouTube
6924,,
6925,https://www.youtube.com/watch?v=qfQwgLHHr54,YouTube
6926,,
6927,https://www.youtube.com/watch?v=JwMKRevYa_M,YouTube
6928,https://www.youtube.com/watch?v=sRfnevzM9kQ,YouTube
6929,https://www.youtube.com/watch?v=HqV1nhrtEOw,YouTube
6930,,
6931,https://www.youtube.com/watch?v=3NQRhE772b0,YouTube
6932,https://www.youtube.com/watch?v=08dHXfIprYE,YouTube
6933,https://www.youtube.com/watch?v=gRycjPiqiNg,YouTube
6934,https://www.youtube.com/watch?v=5s61Ca0RNE0,YouTube
6935,,
6936,https://www.youtube.com/watch?v=fSutgzDY_I4,YouTube
6937,,
6938,https://www.youtube.com/watch?v=Y9jPUvijVa4,YouTube
6939,,
6940,,
6941,,
6942,https://www.youtube.com/watch?v=P1LU_M4qL9w,YouTube
6943,https://www.youtube.com/watch?v=AdSAW3kfkKw,YouTube
6944,,
6945,,
6946,,
6947,,
6948,https://www.youtube.com/watch?v=bpUpNv9uNSI,YouTube
6949,https://www.youtube.com/watch?v=HfSisHrUTLM,YouTube
6950,https://www.youtube.com/watch?v=OlI7wWCLMNM,YouTube
6951,https://www.youtube.com/watch?v=0AygWH8EMqM,YouTube
6952,,
6953,,
6954,,
6955,,
6956,,
6957,,
6958,,
6959,,
6960,,
6961,https://www.youtube.com/watch?v=z3v1CYYKwdU,YouTube
6962,https://www.youtube.com/watch?v=VNZEtLfShMQ,YouTube
6963,https://www.youtube.com/watch?v=68hvA_vR-0Q,YouTube
6964,,
6965,https://www.youtube.com/watch?v=5vlYw3HZK_E,YouTube
6966,https://www.youtube.com/watch?v=b8_dBOzufWQ,YouTube
6967,,
6968,,
6969,,
6970,,
6971,,
6972,,
6973,https://www.youtube.com/watch?v=uRygw2aAwLY,YouTube
6974,https://www.youtube.com/watch?v=1J76wN0TPI4,YouTube
6975,,
6976,,
6977,https://www.youtube.com/watch?v=pTDjvuk5sMk,YouTube
6978,https://www.youtube.com/watch?v=8n1NP6w5lXs,YouTube
6979,https://www.youtube.com/watch?v=uAgeCLYnwNg,YouTube
6980,https://www.youtube.com/watch?v=J1JdWOqc9Q8,YouTube
6981,https://www.youtube.com/watch?v=3ilPSuen3KI,YouTube
6982,,
6983,,
6984,,
6985,https://www.youtube.com/watch?v=V1E240HdoR0,YouTube
6986,,
6987,https://www.youtube.com/watch?v=7M3KttB8pyk,YouTube
6988,https://www.youtube.com/watch?v=V8LWfc29J_E,YouTube
6989,,
6990,https://www.youtube.com/watch?v=fGQtuyUF8II,YouTube
6991,,
6992,https://www.youtube.com/watch?v=EsozpEE543w,YouTube
6993,https://www.youtube.com/watch?v=7vpwzvqkZps,YouTube
6994,https://www.youtube.com/watch?v=ZVpUZGmHJB8,YouTube
6995,https://www.youtube.com/watch?v=SCLjS-owEig,YouTube
6996,,
6997,https://www.youtube.com/watch?v=p93ArHyvzLw,YouTube
6998,https://www.youtube.com/watch?v=XqpR_ZhAwAQ,YouTube
6999,,
7000,https://www.youtube.com/watch?v=Uw2Styd2RAU,YouTube
7001,https://www.youtube.com/watch?v=PjOwsZt_z_4,YouTube
7002,https://www.youtube.com/watch?v=e32QpMQUuAc,YouTube
7003,,
7004,,
7005,,
7006,https://www.youtube.com/watch?v=J1orjA9Z8g4,YouTube
7007,,
7008,,
7009,,
7010,,
7011,,
7012,https://www.youtube.com/watch?v=6_umhEEi-dU,YouTube
7013,https://www.youtube.com/watch?v=I6DKNWM6EVo,YouTube
7014,,
7015,,
7016,https://www.youtube.com/watch?v=8Js1oHlxuMw,YouTube
7017,https://www.youtube.com/watch?v=PoP0QokQNH0,YouTube
7018,https://www.youtube.com/watch?v=p2wflHSDY7I,YouTube
7019,,
7020,https://www.youtube.com/watch?v=07Y4_6PD0Z4,YouTube
7021,,
7022,,
7023,https://www.youtube.com/watch?v=g5bx5DGr1o8,YouTube
7024,https://www.youtube.com/watch?v=Fz5kxN6q1dM,YouTube
7025,https://www.youtube.com/watch?v=dhmW8oE6pAg,YouTube
7026,,
7027,,
7028,,
7029,,
7030,,
7031,,
7032,,
7033,,
7034,,
7035,https://www.youtube.com/watch?v=mYVb4OLk4NQ,YouTube
7036,https://www.youtube.com/watch?v=K0u6LwKYBhI,YouTube
7037,https://www.youtube.com/watch?v=3NLbDgyMusk,YouTube
7038,https://www.youtube.com/watch?v=xpu9yRO_rvU,YouTube
7039,https://www.youtube.com/watch?v=KT8D7h-IT-s,YouTube
7040,https://www.youtube.com/watch?v=CItEtnp3nPY,YouTube
7041,,
7042,https://www.youtube.com/watch?v=JfGpTWM-TNk,YouTube
7043,,
7044,,
7045,https://www.youtube.com/watch?v=7RCFfbS5xAE,YouTube
7046,https://www.youtube.com/watch?v=0-DZHoxW3UY,YouTube
7047,https://www.youtube.com/watch?v=svb5qFVN2-Q,YouTube
7048,https://www.youtube.com/watch?v=5Tsb6D61nJk,YouTube
7049,,
7050,https://www.youtube.com/watch?v=RFiaZ5VHY7w,YouTube
7051,,
7052,,
7053,https://www.youtube.com/watch?v=kQ1Zcv54USA,YouTube
7054,,
7055,,
7056,https://www.youtube.com/watch?v=C3G85mG_OlM,YouTube
7057,,
7058,,
7059,,
7060,https://www.youtube.com/watch?v=1Er_EeF2Ozc,YouTube
7061,https://www.youtube.com/watch?v=F4k1YgfC_wg,YouTube
7062,https://www.youtube.com/watch?v=GjwfqXTebIY,YouTube
7063,https://www.youtube.com/watch?v=EOZWxGbQlzY,YouTube
7064,https://www.youtube.com/watch?v=1BvKZMg2LjU,YouTube
7065,https://www.youtube.com/watch?v=AxhYMgToq5Y,YouTube
7066,,
7067,,
7068,https://www.youtube.com/watch?v=U5nqfFcohn4,YouTube
7069,,
7070,,
7071,https://www.youtube.com/watch?v=lLPkLaAWObA,YouTube
7072,https://www.youtube.com/watch?v=oIB4jNYeRY4,YouTube
7073,,
7074,https://www.youtube.com/watch?v=fDhYGAIv4V8,YouTube
7075,https://www.youtube.com/watch?v=M89VLZgo1Vg,YouTube
7076,,
7077,,
7078,,
7079,,
7080,https://www.youtube.com/watch?v=C_bfOWof0Sg,YouTube
7081,https://www.youtube.com/watch?v=Z9AYPxH5NTM,YouTube
7082,https://www.youtube.com/watch?v=XPsCteTWFQg,YouTube
7083,https://www.youtube.com/watch?v=02T7l0stH5M,YouTube
7084,,
7085,,
7086,https://www.youtube.com/watch?v=OWtiC1JFRnE,YouTube
7087,https://www.youtube.com/watch?v=ubn4zeM40tk,YouTube
7088,,
7089,https://www.youtube.com/watch?v=DORsZsHy1zA,YouTube
7090,https://www.youtube.com/watch?v=_2hiqv57RUU,YouTube
7091,,
7092,https://www.youtube.com/watch?v=532jNiqhhpU,YouTube
7093,,
7094,https://www.youtube.com/watch?v=bJHwMCMU0fs,YouTube
7095,https://www.youtube.com/watch?v=puC3uxno4_Q,YouTube
7096,,
7097,https://www.youtube.com/watch?v=acQyrwQyCOk,YouTube
7098,https://www.youtube.com/watch?v=gCcx85zbxz4,YouTube
7099,,
7100,https://www.youtube.com/watch?v=obdKk_sYQNI,YouTube
7101,,
7102,,
7103,https://www.youtube.com/watch?v=FxuwDDt8ON4,YouTube
7104,,
7105,,
7106,https://www.youtube.com/watch?v=jTzPXc2DW2k,YouTube
7107,,
7108,https://www.youtube.com/watch?v=NBR7JxBHl-E,YouTube
7109,https://www.youtube.com/watch?v=zTvJJnoWIPk,YouTube
7110,,
7111,,
7112,,
7113,,
7114,https://www.youtube.com/watch?v=dmESD2CKXAE,YouTube
7115,,
7116,https://www.youtube.com/watch?v=1slY2GI6EtU,YouTube
7117,,
7118,https://www.youtube.com/watch?v=HeMYsTS4JKU,YouTube
7119,https://www.youtube.com/watch?v=3HRUQzOCKN8,YouTube
7120,https://www.youtube.com/watch?v=77jcXDGi7RU,YouTube
7121,https://www.youtube.com/watch?v=dad4-gQfhMs,YouTube
7122,https://www.youtube.com/watch?v=333cCxNembY,YouTube
7123,,
7124,,
7125,,
7126,,
7127,https://www.youtube.com/watch?v=Z3_4N1DoFbg,YouTube
7128,,
7129,,
7130,,
7131,,
7132,https://www.youtube.com/watch?v=uB599LrV6AQ,YouTube
7133,https://www.youtube.com/watch?v=qGUDicLATTg,YouTube
7134,,
7135,https://www.youtube.com/watch?v=bFzb1pBCRSg,YouTube
7136,,
7137,,
7138,https://www.youtube.com/watch?v=njxT9lmhhvs,YouTube
7139,,
7140,,
7141,,
7142,https://www.youtube.com/watch?v=MJxEQPMh_io,YouTube
7143,https://www.youtube.com/watch?v=ePS3msSp9aQ,YouTube
7144,,
7145,https://www.youtube.com/watch?v=JIQNsPiv4Cw,YouTube
7146,https://www.youtube.com/watch?v=xtm48kJwL1I,YouTube
7147,,
7148,https://www.youtube.com/watch?v=Hf3pttO87es,YouTube
7149,https://www.youtube.com/watch?v=sq21uDe5Zok,YouTube
7150,,
7151,,
7152,https://www.youtube.com/watch?v=_7tWbhAi4L8,YouTube
7153,https://www.youtube.com/watch?v=lArn9Lh85sg,YouTube
7154,https://www.youtube.com/watch?v=Fo2pXEsQhAQ,YouTube
7155,,
7156,https://www.youtube.com/watch?v=wEJxe2bE-cE,YouTube
7157,,
7158,https://www.youtube.com/watch?v=595DS1aPoI4,YouTube
7159,https://www.youtube.com/watch?v=pOreDBy1YfI,YouTube
7160,https://www.youtube.com/watch?v=gD1KhjplXEQ,YouTube
7161,,
7162,https://www.youtube.com/watch?v=bygwMO5c90M,YouTube
7163,,
7164,,
7165,,
7166,https://www.youtube.com/watch?v=5B_X2xOBpFc,YouTube
7167,,
7168,https://www.youtube.com/watch?v=rahLN2TUAqc,YouTube
7169,,
7170,,
7171,,
7172,,
7173,,
7174,,
7175,https://www.youtube.com/watch?v=9KULkl394hQ,YouTube
7176,https://www.youtube.com/watch?v=sYOmwFQVdFU,YouTube
7177,,
7178,https://www.youtube.com/watch?v=Iw8p8LKBPRw,YouTube
7179,,
7180,https://www.youtube.com/watch?v=6cn-I6gALuU,YouTube
7181,https://www.youtube.com/watch?v=BCPwCAJYtAo,YouTube
7182,https://www.youtube.com/watch?v=OFAwDO6b5KI,YouTube
7183,,
7184,https://www.youtube.com/watch?v=0g2C7kU-Vu0,YouTube
7185,https://www.youtube.com/watch?v=gLJAQuyuYkw,YouTube
7186,https://www.youtube.com/watch?v=dA7JW9Zj2-g,YouTube
7187,,
7188,https://www.youtube.com/watch?v=jl715Our5Jg,YouTube
7189,https://www.youtube.com/watch?v=LeLsJfGmY_Y,YouTube
7190,https://www.youtube.com/watch?v=ngiK1gQKgK8,YouTube
7191,https://www.youtube.com/watch?v=KP4sl0_pN68,YouTube
7192,,
7193,,
7194,https://www.youtube.com/watch?v=e-pMVkg7wHg,YouTube
7195,https://www.youtube.com/watch?v=WT7gn6nhsAc,YouTube
7196,,
7197,,
7198,,
7199,,
7200,,
7201,,
7202,https://www.youtube.com/watch?v=4MZY1kQgP8w,YouTube
7203,https://www.youtube.com/watch?v=28q-bSBvsXE,YouTube
7204,https://www.youtube.com/watch?v=52x5HJ9H8DM,YouTube
7205,https://www.youtube.com/watch?v=QBai0KLPCXY,YouTube
7206,https://www.youtube.com/watch?v=qMHpWCN0byw,YouTube
7207,https://www.youtube.com/watch?v=nTnciJk9Z28,YouTube
7208,https://www.youtube.com/watch?v=aNfhhHGifo0,YouTube
7209,,
7210,,
7211,https://www.youtube.com/watch?v=6bfooooTKyM,YouTube
7212,,
7213,,
7214,,
7215,https://www.youtube.com/watch?v=oUKEjCeJQmE,YouTube
7216,,
7217,,
7218,,
7219,https://www.youtube.com/watch?v=-LIckWCIaJU,YouTube
7220,,
7221,,
7222,,
7223,,
7224,https://www.youtube.com/watch?v=Z9J2Pr0BOGA,YouTube
7225,,
7226,https://www.youtube.com/watch?v=-2qGKp-Jp8c,YouTube
7227,https://www.youtube.com/watch?v=F6hYbAgL8-U,YouTube
7228,,
7229,https://www.youtube.com/watch?v=ZbKDFMW8hGE,YouTube
7230,https://www.youtube.com/watch?v=z0q2WbXQWbw,YouTube
7231,,
7232,,
7233,,
7234,,
7235,https://www.youtube.com/watch?v=u8SDFDDuR5A,YouTube
7236,,
7237,https://www.youtube.com/watch?v=VkNxjThiln4,YouTube
7238,https://www.youtube.com/watch?v=CF3EBFcdebQ,YouTube
7239,https://www.youtube.com/watch?v=ihN7DR1Ce6g,YouTube
7240,https://www.youtube.com/watch?v=tI9wa-Y9O8s,YouTube
7241,https://www.youtube.com/watch?v=FRlUJrEUn0Y,YouTube
7242,,
7243,https://www.youtube.com/watch?v=i7bKkoT3p4I,YouTube
7244,https://www.youtube.com/watch?v=8PWMTSHc8qg,YouTube
7245,,
7246,,
7247,https://www.youtube.com/watch?v=Mp88Nuci68c,YouTube
7248,https://www.youtube.com/watch?v=MNy0MG_iy0Y,YouTube
7249,https://www.youtube.com/watch?v=uf3ALGKgpGU,YouTube
7250,https://www.youtube.com/watch?v=q9Pk_Eq4BUc,YouTube
7251,,
7252,,
7253,,
7254,https://www.youtube.com/watch?v=xacSes-zouQ,YouTube
7255,https://www.youtube.com/watch?v=9a6aoRI2eO8,YouTube
7256,https://www.youtube.com/watch?v=DSHk_BHQxp0,YouTube
7257,https://www.youtube.com/watch?v=ckg_4DGHh0A,YouTube
7258,https://www.youtube.com/watch?v=ueBcBWrwR0o,YouTube
7259,,
7260,https://www.youtube.com/watch?v=bRQZehNbHjw,YouTube
7261,https://www.youtube.com/watch?v=quBYvHjcN30,YouTube
7262,https://www.youtube.com/watch?v=mW7MxACDjHI,YouTube
7263,,
7264,,
7265,https://www.youtube.com/watch?v=N0O5iwmXzXM,YouTube
7266,,
7267,,
7268,https://www.youtube.com/watch?v=snDP66_WjrM,YouTube
7269,https://www.youtube.com/watch?v=0Juc2cL26mg,YouTube
7270,https://www.youtube.com/watch?v=x9SvEAm7S6Y,YouTube
7271,https://www.youtube.com/watch?v=ROusT3QDlZ0,YouTube
7272,https://www.youtube.com/watch?v=j3fL63AKrmU,YouTube
7273,https://www.youtube.com/watch?v=4IbHh9ixyxQ,YouTube
7274,,
7275,,
7276,,
7277,,
7278,,
7279,,
7280,,
7281,https://www.youtube.com/watch?v=9rRVCNffvKk,YouTube
7282,https://www.youtube.com/watch?v=2Qc7ytObV5Y,YouTube
7283,https://www.youtube.com/watch?v=UccsdQfohSc,YouTube
7284,,
7285,https://www.youtube.com/watch?v=w_Xxsl_PEZ0,YouTube
7286,,
7287,https://www.youtube.com/watch?v=B9xbj_UK1pc,YouTube
7288,https://www.youtube.com/watch?v=HY2T1MFhGAE,YouTube
7289,https://www.youtube.com/watch?v=gfaDDXoT1Ro,YouTube
7290,,
7291,https://www.youtube.com/watch?v=KBcfQNMR180,YouTube
7292,,
7293,,
7294,https://www.youtube.com/watch?v=sPbkDS5ls6I,YouTube
7295,,
7296,,
7297,https://www.youtube.com/watch?v=NXUtq-7dRMY,YouTube
7298,,
7299,,
7300,https://www.youtube.com/watch?v=OP_dV87Vj5Q,YouTube
7301,https://www.youtube.com/watch?v=GIzMJ3atybQ,YouTube
7302,https://www.youtube.com/watch?v=MU4QL-VwDlc,YouTube
7303,,
7304,,
7305,https://www.youtube.com/watch?v=33g-ZHBQdNU,YouTube
7306,https://www.youtube.com/watch?v=coG5LwaHp3c,YouTube
7307,https://www.youtube.com/watch?v=7q4PLdoy3n8,YouTube
7308,,
7309,,
7310,,
7311,,
7312,https://www.youtube.com/watch?v=3cxixDgHUYw,YouTube
7313,https://www.youtube.com/watch?v=rwM8ScDycYY,YouTube
7314,,
7315,,
7316,,
7317,,
7318,https://www.youtube.com/watch?v=mjLL73LeoKE,YouTube
7319,https://www.youtube.com/watch?v=YLSV-41h2LQ,YouTube
7320,https://www.youtube.com/watch?v=ym4EJQ7XORk,YouTube
7321,,
7322,https://www.youtube.com/watch?v=-K9ujx8vO_A,YouTube
7323,https://www.youtube.com/watch?v=yl_JsDRfkbs,YouTube
7324,https://www.youtube.com/watch?v=Ds2JXPKZB6s,YouTube
7325,,
7326,https://www.youtube.com/watch?v=o3VOZUiehpA,YouTube
7327,https://www.youtube.com/watch?v=7Pa_Weidt08,YouTube
7328,https://www.youtube.com/watch?v=jbtmW3ydOkU,YouTube
7329,https://www.youtube.com/watch?v=HusPt_1-qto,YouTube
7330,https://www.youtube.com/watch?v=5TgxS_BMu7w,YouTube
7331,https://www.youtube.com/watch?v=555oiY9RWM4,YouTube
7332,,
7333,,
7334,,
7335,,
7336,https://www.youtube.com/watch?v=mWAs26OCovg,YouTube
7337,,
7338,,
7339,,
7340,,
7341,,
7342,https://www.youtube.com/watch?v=btUdTE45o_8,YouTube
7343,,
7344,https://www.youtube.com/watch?v=5o-91y9B2DI,YouTube
7345,https://www.youtube.com/watch?v=RYsdZHc7MI8,YouTube
7346,,
7347,,
7348,https://www.youtube.com/watch?v=209euW23Tus,YouTube
7349,https://www.youtube.com/watch?v=RMHXGi7AUvk,YouTube
7350,,
7351,,
7352,https://www.youtube.com/watch?v=XNDBHd6gJ-s,YouTube
7353,https://www.youtube.com/watch?v=1SbjWjVSEK4,YouTube
7354,https://www.youtube.com/watch?v=lrD0I-vLsXM,YouTube
7355,,
7356,,
7357,,
7358,,
7359,https://www.youtube.com/watch?v=Yg83DR3qIPM,YouTube
7360,https://www.youtube.com/watch?v=vJXaIgTNeg4,YouTube
7361,,
7362,,
7363,,
7364,https://www.youtube.com/watch?v=iQZL28DywEA,YouTube
7365,https://www.youtube.com/watch?v=HTDNGv61-Dk,YouTube
7366,https://www.youtube.com/watch?v=feRTw6OK_Ks,YouTube
7367,https://www.youtube.com/watch?v=O8beQPnPhtU,YouTube
7368,,
7369,,
7370,,
7371,,
7372,,
7373,,
7374,https://www.youtube.com/watch?v=FWo0MN_tY1E,YouTube
7375,,
7376,https://www.youtube.com/watch?v=FA_K9QPuKuM,YouTube
7377,,
7378,,
7379,,
7380,,
7381,,
7382,,
7383,,
7384,,
7385,,
7386,,
7387,,
7388,,
7389,,
7390,,
7391,,
7392,,
7393,,
7394,,
7395,,
7396,,
7397,,
7398,,
7399,,
7400,,
7401,,
7402,,
7403,,
7404,,
7405,,
7406,,
7407,,
7408,,
7409,,
7410,,
7411,,
7412,,
7413,,
7414,,
7415,,
7416,,
7417,,
7418,,
7419,,
7420,,
7421,,
7422,,
7423,,
7424,,
7425,,
7426,,
7427,,
7428,,
7429,,
7430,,
7431,,
7432,,
7433,,
7434,,
7435,,
7436,,
7437,,
7438,,
7439,,
7440,,
7441,,
7442,,
7443,,
7444,,
7445,,
7446,,
7447,,
7448,,
7449,,
7450,,
7451,,
7452,,
7453,,
7454,,
7455,,
7456,,
7457,,
7458,,
7459,,
7460,,
7461,,
7462,,
7463,,
7464,,
7465,,
7466,,
7467,,
7468,,
7469,,
7470,,
7471,,
7472,,
7473,,
7474,,
7475,,
7476,,
7477,,
7478,,
7479,,
7480,,
7481,,
7482,,
7483,,
7484,,
7485,,
7486,,
7487,,
7488,,
7489,,
7490,,
7491,,
7492,,
7493,,
7494,,
7495,,
7496,,
7497,,
7498,,
7499,,
7500,,
7501,,
7502,,
7503,,
7504,,
7505,,
7506,,
7507,,
7508,,
7509,,
7510,,
7511,,
7512,,
7513,,
7514,,
7515,,
7516,,
7517,,
7518,,
7519,,
7520,,
7521,,
7522,,
7523,,
7524,,
7525,,
7526,,
7527,,
7528,,
7529,,
7530,,
7531,,
7532,,
7533,,
7534,,
7535,,
7536,,
7537,,
7538,,
7539,,
7540,,
7541,,
7542,,
7543,,
7544,,
7545,,
7546,,
7547,,
7548,,
7549,,
7550,,
7551,,
7552,,
7553,,
7554,,
7555,,
7556,,
7557,,
7558,,
7559,,
7560,,
7561,,
7562,,
7563,,
7564,,
7565,,
7566,,
7567,,
7568,,
7569,,
7570,,
7571,,
7572,,
7573,,
7574,,
7575,,
7576,,
7577,,
7578,,
7579,,
7580,,
7581,,
7582,,
7583,,
7584,,
7585,,
7586,,
7587,,
7588,,
7589,,
7590,,
7591,,
7592,,
7593,,
7594,,
7595,,
7596,,
7597,,
7598,,
7599,,
7600,,
7601,,
7602,,
7603,,
7604,,
7605,,
7606,,
7607,,
7608,,
7609,,
7610,,
7611,,
7612,,
7613,,
7614,,
7615,,
7616,,
7617,,
7618,,
7619,,
7620,,
7621,,
7622,,
7623,,
7624,,
7625,,
7626,,
7627,,
7628,,
7629,,
7630,,
7631,,
7632,,
7633,,
7634,,
7635,,
7636,,
7637,,
7638,,
7639,,
7640,,
7641,,
7642,,
7643,,
7644,,
7645,,
7646,,
7647,,
7648,,
7649,,
7650,,
7651,,
7652,,
7653,,
7654,,
7655,,
7656,,
7657,,
7658,,
7659,,
7660,,
7661,,
7662,,
7663,,
7664,,
7665,,
7666,,
7667,,
7668,,
7669,,
7670,,
7671,,
7672,,
7673,,
7674,,
7675,,
7676,,
7677,,
7678,,
7679,,
7680,,
7681,,
7682,,
7683,,
7684,,
7685,,
7686,,
7687,,
7688,,
7689,,
7690,,
7691,,
7692,,
7693,,
7694,,
7695,,
7696,,
7697,,
7698,,
7699,,
7700,,
7701,,
7702,,
7703,,
7704,,
7705,,
7706,,
7707,,
7708,,
7709,,
7710,,
7711,,
7712,,
7713,,
7714,,
7715,,
7716,,
7717,,
7718,,
7719,,
7720,,
7721,,
7722,,
7723,,
7724,,
7725,,
7726,,
7727,,
7728,,
7729,,
7730,,
7731,,
7732,,
7733,,
7734,,
7735,,
7736,,
7737,,
7738,,
7739,,
7740,,
7741,,
7742,,
7743,,
7744,,
7745,,
7746,,
7747,,
7748,,
7749,,
7750,,
7751,,
7752,,
7753,,
7754,,
7755,,
7756,,
7757,,
7758,,
7759,,
7760,,
7761,,
7762,,
7763,,
7764,,
7765,,
7766,,
7767,,
7768,,
7769,,
7770,,
7771,,
7772,,
7773,,
7774,,
7775,,
7776,,
7777,,
7778,,
7779,,
7780,,
7781,,
7782,,
7783,,
7784,,
7785,,
7786,,
7787,,
7788,,
7789,,
7790,,
7791,,
7792,,
7793,,
7794,,
7795,,
7796,,
7797,,
7798,,
7799,,
7800,,
7801,,
7802,,
7803,,
7804,,
7805,,
7806,,
7807,,
7808,,
7809,,
7810,,
7811,,
7812,,
7813,,
7814,,
7815,,
7816,,
7817,,
7818,,
7819,,
7820,,
7821,,
7822,,
7823,,
7824,,
7825,,
7826,,
7827,,
7828,,
7829,,
7830,,
7831,,
7832,,
7833,,
7834,,
7835,,
7836,,
7837,,
7838,,
7839,,
7840,,
7841,,
7842,,
7843,,
7844,,
7845,,
7846,,
7847,,
7848,,
7849,,
7850,,
7851,,
7852,,
7853,,
7854,,
7855,,
7856,,
7857,,
7858,,
7859,,
7860,,
7861,,
7862,,
7863,,
7864,,
7865,,
7866,,
7867,,
7868,,
7869,,
7870,,
7871,,
7872,,
7873,,
7874,,
7875,,
7876,,
7877,,
7878,,
7879,,
7880,,
7881,,
7882,,
7883,,
7884,,
7885,,
7886,,
7887,,
7888,,
7889,,
7890,,
7891,,
7892,,
7893,,
7894,,
7895,,
7896,,
7897,,
7898,,
7899,,
7900,,
7901,,
7902,,
7903,,
7904,,
7905,,
7906,,
7907,,
7908,,
7909,,
7910,,
7911,,
7912,,
7913,,
7914,,
7915,,
7916,,
7917,,
7918,,
7919,,
7920,,
7921,,
7922,,
7923,,
7924,,
7925,,
7926,,
7927,,
7928,,
7929,,
7930,,
7931,,
7932,,
7933,,
7934,,
7935,,
7936,,
7937,,
7938,,
7939,,
7940,,
7941,,
7942,,
7943,,
7944,,
7945,,
7946,,
7947,,
7948,,
7949,,
7950,,
7951,,
7952,,
7953,,
7954,,
7955,,
7956,,
7957,,
7958,,
7959,,
7960,,
7961,,
7962,,
7963,,
7964,,
7965,,
7966,,
7967,,
7968,,
7969,,
7970,,
7971,,
7972,,
7973,,
7974,,
7975,,
7976,,
7977,,
7978,,
7979,,
7980,,
7981,,
7982,,
7983,,
7984,,
7985,,
7986,,
7987,,
7988,,
7989,,
7990,,
7991,,
7992,,
7993,,
7994,,
7995,,
7996,,
7997,,
7998,,
7999,,
8000,,
8001,,
8002,,
8003,,
8004,,
8005,,
8006,,
8007,,
8008,,
8009,,
8010,,
8011,,
8012,,
8013,,
8014,,
8015,,
8016,,
8017,,
8018,,
8019,,
8020,,
8021,,
8022,,
8023,,
8024,,
8025,,
8026,,
8027,,
8028,,
8029,,
8030,,
8031,,
8032,,
8033,,
8034,,
8035,,
8036,,
8037,,
8038,,
8039,,
8040,,
8041,,
8042,,
8043,,
8044,,
8045,,
8046,,
8047,,
8048,,
8049,,
8050,,
8051,,
8052,,
8053,,
8054,,
8055,,
8056,,
8057,,
8058,,
8059,,
8060,,
8061,,
8062,,
8063,,
8064,,
8065,,
8066,,
8067,,
8068,,
8069,,
8070,,
8071,,
8072,,
8073,,
8074,,
8075,,
8076,,
8077,,
8078,,
8079,,
8080,,
8081,,
8082,,
8083,,
8084,,
8085,,
8086,,
8087,,
8088,,
8089,,
8090,,
8091,,
8092,,
8093,,
8094,,
8095,,
8096,,
8097,,
8098,,
8099,,
8100,,
8101,,
8102,,
8103,,
8104,,
8105,,
8106,,
8107,,
8108,,
8109,,
8110,,
8111,,
8112,,
8113,,
8114,,
8115,,
8116,,
8117,,
8118,,
8119,,
8120,,
8121,,
8122,,
8123,,
8124,,
8125,,
8126,,
8127,,
8128,,
8129,,
8130,,
8131,,
8132,,
8133,,
8134,,
8135,,
8136,,
8137,,
8138,,
8139,,
8140,,
8141,,
8142,,
8143,,
8144,,
8145,,
8146,,
8147,,
8148,,
8149,,
8150,,
8151,,
8152,https://www.youtube.com/watch?v=v6zH-DNLZCM,YouTube
8153,https://www.youtube.com/watch?v=UPZ5FKEB02I,YouTube
8154,,
8155,,
8156,,
8157,https://www.youtube.com/watch?v=ls7hxjVnHNQ,YouTube
8158,https://www.youtube.com/watch?v=ZmN_VSo8DOo,YouTube
8159,https://www.youtube.com/watch?v=FZLDoF7VfaQ,YouTube
8160,,
8161,,
8162,https://www.youtube.com/watch?v=m9SO72sNo1s,YouTube
8163,,
8164,https://www.youtube.com/watch?v=190S3XjMueg,YouTube
8165,,
8166,https://www.youtube.com/watch?v=jzCQccKp1ts,YouTube
8167,,
8168,,
8169,,
8170,,
8171,,
8172,https://www.youtube.com/watch?v=HA_GcPdw0tk,YouTube
8173,https://www.youtube.com/watch?v=YqjGz5wDhF0,YouTube
8174,https://www.youtube.com/watch?v=Q-WcW9bJHmI,YouTube
8175,https://www.youtube.com/watch?v=k38tWBrbKK4,YouTube
8176,,
8177,https://www.youtube.com/watch?v=s35SL-O3bBw,YouTube
8178,,
8179,https://www.youtube.com/watch?v=OYfd_tY_M9k,YouTube
8180,,
8181,,
8182,https://www.youtube.com/watch?v=F-f_ja_FPB0,YouTube
8183,https://www.youtube.com/watch?v=aUv8295fLhc,YouTube
8184,https://www.youtube.com/watch?v=MBlZjbmxJQ4,YouTube
8185,,
8186,https://www.youtube.com/watch?v=EHyaTJGmN4k,YouTube
8187,https://www.youtube.com/watch?v=7TZfqVfqk5I,YouTube
8188,https://www.youtube.com/watch?v=OoFNhcl-gXA,YouTube
8189,,
8190,https://www.youtube.com/watch?v=KbcJ54a1tIw,YouTube
8191,https://www.youtube.com/watch?v=HDDjNs2Bb28,YouTube
8192,,
8193,,
8194,https://www.youtube.com/watch?v=OGzrNKySTG0,YouTube
8195,,
8196,https://www.youtube.com/watch?v=f-SP8iSCbKM,YouTube
8197,https://www.youtube.com/watch?v=hzUj42eaHEc,YouTube
8198,https://www.youtube.com/watch?v=Jh5UHA1gPq0,YouTube
8199,,
8200,https://www.youtube.com/watch?v=ME_vxenlMzM,YouTube
8201,,
8202,,
8203,,
8204,,
8205,,
8206,,
8207,https://www.youtube.com/watch?v=slmilObZl28,YouTube
8208,,
8209,,
8210,,
8211,https://www.youtube.com/watch?v=vl60ggCL1KA,YouTube
8212,,
8213,https://www.youtube.com/watch?v=X5BnhugnRR8,YouTube
8214,https://www.youtube.com/watch?v=UCrBICYM0yM,YouTube
8215,https://www.youtube.com/watch?v=SgdyPCAWhsM,YouTube
8216,,
8217,https://www.youtube.com/watch?v=ijp4RKLeEL0,YouTube
8218,https://www.youtube.com/watch?v=e3tL11Ddejg,YouTube
8219,,
8220,https://www.youtube.com/watch?v=HSxXDcrrPtg,YouTube
8221,,
8222,https://www.youtube.com/watch?v=qN_9DnBh3hM,YouTube
8223,https://www.youtube.com/watch?v=ILXsQiXPB00,YouTube
8224,,
8225,https://www.youtube.com/watch?v=lyPzk_2t8ik,YouTube
8226,,
8227,https://www.youtube.com/watch?v=FHsfMVRuKbE,YouTube
8228,,
8229,https://www.youtube.com/watch?v=MfL5cIu7HMQ,YouTube
8230,https://www.youtube.com/watch?v=jpjRQokeQNo,YouTube
8231,,
8232,,
8233,https://www.youtube.com/watch?v=zUYVRPpzM70,YouTube
8234,https://www.youtube.com/watch?v=yW65EgrxbUI,YouTube
8235,,
8236,https://www.youtube.com/watch?v=FjX1MK646Zk,YouTube
8237,,
8238,https://www.youtube.com/watch?v=MwjNsKXbcpo,YouTube
8239,,
8240,,
8241,,
8242,https://www.youtube.com/watch?v=EuOlYPSEzSc,YouTube
8243,,
8244,,
8245,https://www.youtube.com/watch?v=cVx9EFK3DWE,YouTube
8246,,
8247,https://www.youtube.com/watch?v=zBk5KHjtbmM,YouTube
8248,,
8249,https://www.youtube.com/watch?v=ydfVpx9-V2o,YouTube
8250,,
8251,https://www.youtube.com/watch?v=45MzzFoEASQ,YouTube
8252,https://www.youtube.com/watch?v=eYFezrCkbAQ,YouTube
8253,,
8254,,
8255,,
8256,https://www.youtube.com/watch?v=FtbM_W9iNjg,YouTube
8257,https://www.youtube.com/watch?v=jSeXR0gQHQI,YouTube
8258,https://www.youtube.com/watch?v=yeMYbwCk91g,YouTube
8259,https://www.youtube.com/watch?v=zBvTd9iFqG8,YouTube
8260,https://www.youtube.com/watch?v=vu1tVYGsJ1Q,YouTube
8261,https://www.youtube.com/watch?v=XvGjrOLjG-s,YouTube
8262,,
8263,,
8264,https://www.youtube.com/watch?v=gDMa68ptp2w,YouTube
8265,https://www.youtube.com/watch?v=rAvpVS31hB8,YouTube
8266,https://www.youtube.com/watch?v=u8tsjNYEYKQ,YouTube
8267,https://www.youtube.com/watch?v=OuW6HURwKWg,YouTube
8268,,
8269,,
8270,https://www.youtube.com/watch?v=zlEeGaTfFK4,YouTube
8271,,
8272,,
8273,,
8274,https://www.youtube.com/watch?v=yq3qMWjzMa0,YouTube
8275,,
8276,,
8277,https://www.youtube.com/watch?v=JB2O4HH9fa8,YouTube
8278,,
8279,https://www.youtube.com/watch?v=ytrtpPpXmBM,YouTube
8280,https://www.youtube.com/watch?v=3-6WpyRrOOg,YouTube
8281,,
8282,https://www.youtube.com/watch?v=25DljJromt0,YouTube
8283,,
8284,,
8285,https://www.youtube.com/watch?v=WJyyJ7lexnM,YouTube
8286,https://www.youtube.com/watch?v=pwLZSyIRuAc,YouTube
8287,,
8288,https://www.youtube.com/watch?v=e3xDr6fwsR0,YouTube
8289,https://www.youtube.com/watch?v=v8MWxtpjVp8,YouTube
8290,https://www.youtube.com/watch?v=Nt1tyH9AVgg,YouTube
8291,https://www.youtube.com/watch?v=huaGQdrkrK0,YouTube
8292,,
8293,,
8294,https://www.youtube.com/watch?v=-lOUnBsjGuY,YouTube
8295,,
8296,https://www.youtube.com/watch?v=OLSyJT4y_I8,YouTube
8297,,
8298,,
8299,,
8300,,
8301,https://www.youtube.com/watch?v=bC-RRdSbJpw,YouTube
8302,,
8303,,
8304,https://www.youtube.com/watch?v=9XIpCpfA_JA,YouTube
8305,https://www.youtube.com/watch?v=d2iy5y0YjGM,YouTube
8306,https://www.youtube.com/watch?v=hxLEAFbsjsY,YouTube
8307,https://www.youtube.com/watch?v=TIwccgV2whM,YouTube
8308,,
8309,,
8310,,
8311,https://www.youtube.com/watch?v=kIv_ConaZ1c,YouTube
8312,https://www.youtube.com/watch?v=zmQxM32PWRM,YouTube
8313,,
8314,,
8315,,
8316,,
8317,,
8318,https://www.youtube.com/watch?v=SU-bdMPV0V4,YouTube
8319,,
8320,,
8321,,
8322,,
8323,,
8324,https://www.youtube.com/watch?v=Pxscjv1kXME,YouTube
8325,https://www.youtube.com/watch?v=zOJjWigYI7g,YouTube
8326,https://www.youtube.com/watch?v=TU0caOeu_Ag,YouTube
8327,https://www.youtube.com/watch?v=C78BQFDq6hM,YouTube
8328,https://www.youtube.com/watch?v=uHOEqF3Mmjs,YouTube
8329,,
8330,,
8331,https://www.youtube.com/watch?v=2azl54Bp5Ts,YouTube
8332,https://www.youtube.com/watch?v=RNBpBv_FtiI,YouTube
8333,,
8334,,
8335,https://www.youtube.com/watch?v=6Tu0M0XKQMU,YouTube
8336,,
8337,,
8338,,
8339,,
8340,,
8341,https://www.youtube.com/watch?v=3B7HG8_xbDw,YouTube
8342,https://www.youtube.com/watch?v=6PKq7YSpO6c,YouTube
8343,,
8344,,
8345,,
8346,https://www.youtube.com/watch?v=olyI7wIdPkw,YouTube
8347,,
8348,,
8349,https://www.youtube.com/watch?v=w7jrHCB8CZw,YouTube
8350,https://www.youtube.com/watch?v=MhhjFx8LGwc,YouTube
8351,,
8352,https://www.youtube.com/watch?v=CZShn0PZiYU,YouTube
8353,,
8354,https://www.youtube.com/watch?v=gIOcOfxgVp0,YouTube
8355,,
8356,,
8357,https://www.youtube.com/watch?v=MQOFO5JQir0,YouTube
8358,https://www.youtube.com/watch?v=UZDyGjziC78,YouTube
8359,https://www.youtube.com/watch?v=tFDZm3nXHAM,YouTube
8360,https://www.youtube.com/watch?v=3DNs99fqfes,YouTube
8361,,
8362,https://www.youtube.com/watch?v=PFRAHJ-3HY4,YouTube
8363,https://www.youtube.com/watch?v=FFO-Ea1WezE,YouTube
8364,https://www.youtube.com/watch?v=zxVCUx2Y0mQ,YouTube
8365,https://www.youtube.com/watch?v=Bvr06kGl4CA,YouTube
8366,https://www.youtube.com/watch?v=Ml_hklgKMnM,YouTube
8367,https://www.youtube.com/watch?v=huVNsT8BIM8,YouTube
8368,https://www.youtube.com/watch?v=DTDuOkNSJA4,YouTube
8369,https://www.youtube.com/watch?v=mz0sPwPbcHI,YouTube
8370,,
8371,,
8372,https://www.youtube.com/watch?v=vSYmgkcGX3g,YouTube
8373,https://www.youtube.com/watch?v=Jz3E_CCaAXo,YouTube
8374,https://www.youtube.com/watch?v=KFz03nj0DAw,YouTube
8375,https://www.youtube.com/watch?v=pDbvA9pORLE,YouTube
8376,,
8377,https://www.youtube.com/watch?v=dP-xFvTIdNk,YouTube
8378,,
8379,https://www.youtube.com/watch?v=-zhZACOLFLk,YouTube
8380,https://www.youtube.com/watch?v=jfCrXyHrtDk,YouTube
8381,https://www.youtube.com/watch?v=KicXy115HSI,YouTube
8382,https://www.youtube.com/watch?v=ieOfXPzRfTk,YouTube
8383,https://www.youtube.com/watch?v=IXoYKaIAKlE,YouTube
8384,,
8385,https://www.youtube.com/watch?v=xK0CVwINbgU,YouTube
8386,,
8387,https://www.youtube.com/watch?v=IYga2m0V2O0,YouTube
8388,,
8389,https://www.youtube.com/watch?v=XSS9kYipRLk,YouTube
8390,,
8391,https://www.youtube.com/watch?v=U7sA2VRTLp8,YouTube
8392,,
8393,,
8394,,
8395,,
8396,,
8397,https://www.youtube.com/watch?v=h9nrBkQ2YBo,YouTube
8398,https://www.youtube.com/watch?v=x6yaSYAk2KU,YouTube
8399,https://www.youtube.com/watch?v=9vYfXvbMH6E,YouTube
8400,https://www.youtube.com/watch?v=-0p30ykVgJw,YouTube
8401,https://www.youtube.com/watch?v=dyh_OY1DgqU,YouTube
8402,,
8403,https://www.youtube.com/watch?v=ETcTzlea94k,YouTube
8404,,
8405,,
8406,,
8407,,
8408,https://www.youtube.com/watch?v=MCJp8-MebGY,YouTube
8409,,
8410,https://www.youtube.com/watch?v=3umKOEw49oE,YouTube
8411,https://www.youtube.com/watch?v=8eN5QnoNhx0,YouTube
8412,,
8413,https://www.youtube.com/watch?v=lAvHoeClyc4,YouTube
8414,,
8415,https://www.youtube.com/watch?v=e87x_slO544,YouTube
8416,,
8417,,
8418,https://www.youtube.com/watch?v=-xSs_xsf5sI,YouTube
8419,https://www.youtube.com/watch?v=xKJmEC5ieOk,YouTube
8420,https://www.youtube.com/watch?v=sZSYYiATFTI,YouTube
8421,,
8422,https://www.youtube.com/watch?v=5aE29fiatQ0,YouTube
8423,,
8424,,
8425,,
8426,https://www.youtube.com/watch?v=7BWWWQzTpNU,YouTube
8427,https://www.youtube.com/watch?v=SagsqxiVStM,YouTube
8428,https://www.youtube.com/watch?v=BPB8AgQjCYA,YouTube
8429,,
8430,https://www.youtube.com/watch?v=DjkzIcBaIow,YouTube
8431,,
8432,https://www.youtube.com/watch?v=X-eRc9PF3TU,YouTube
8433,https://www.youtube.com/watch?v=sYKBG1znk4A,YouTube
8434,,
8435,https://www.youtube.com/watch?v=cH4mYC91omg,YouTube
8436,,
8437,,
8438,,
8439,,
8440,,
8441,https://www.youtube.com/watch?v=F-eMt3SrfFU,YouTube
8442,https://www.youtube.com/watch?v=vVkHXGt-vzg,YouTube
8443,,
8444,,
8445,https://www.youtube.com/watch?v=zTTaFg2Sq9Y,YouTube
8446,https://www.youtube.com/watch?v=JEMeZDmvYhs,YouTube
8447,,
8448,,
8449,https://www.youtube.com/watch?v=V-1KhZiQs3U,YouTube
8450,,
8451,,
8452,,
8453,https://www.youtube.com/watch?v=WnLpZOJpc4I,YouTube
8454,https://www.youtube.com/watch?v=q_pB-ipqoKI,YouTube
8455,https://www.youtube.com/watch?v=mUULFJ_I048,YouTube
8456,https://www.youtube.com/watch?v=3jcb0y-KLRs,YouTube
8457,https://www.youtube.com/watch?v=drWWjIhugik,YouTube
8458,https://www.youtube.com/watch?v=cNi_HC839Wo,YouTube
8459,,
8460,,
8461,https://www.youtube.com/watch?v=26Y8rv9f0d8,YouTube
8462,https://www.youtube.com/watch?v=DRnFncoDmww,YouTube
8463,,
8464,https://www.youtube.com/watch?v=vgQMHG9SGlU,YouTube
8465,https://www.youtube.com/watch?v=YGRc3v4Ss_4,YouTube
8466,https://www.youtube.com/watch?v=cMKX2tE5Luk,YouTube
8467,https://www.youtube.com/watch?v=FaA9qLZViPk,YouTube
8468,https://www.youtube.com/watch?v=C-ZQGRM7GW0,YouTube
8469,,
8470,,
8471,,
8472,https://www.youtube.com/watch?v=hWT0hJhMZwk,YouTube
8473,https://www.youtube.com/watch?v=CLdhN4oMxCQ,YouTube
8474,,
8475,,
8476,,
8477,https://www.youtube.com/watch?v=jvVrNI_WuNo,YouTube
8478,,
8479,,
8480,https://www.youtube.com/watch?v=q9KxtC71gAc,YouTube
8481,https://www.youtube.com/watch?v=A4NjPVRuSEw,YouTube
8482,,
8483,https://www.youtube.com/watch?v=joXKjKuYWBg,YouTube
8484,https://www.youtube.com/watch?v=XpICoc65uh0,YouTube
8485,,
8486,https://www.youtube.com/watch?v=KQrPyiBcjEM,YouTube
8487,,
8488,https://www.youtube.com/watch?v=KQlpjJ-hA0Q,YouTube
8489,,
8490,https://www.youtube.com/watch?v=6k0mm_cxzy0,YouTube
8491,https://www.youtube.com/watch?v=rLbvGtzwZvo,YouTube
8492,https://www.youtube.com/watch?v=pumf6m7d14w,YouTube
8493,https://www.youtube.com/watch?v=wcTQ9Ey-lY4,YouTube
8494,https://www.youtube.com/watch?v=QtvpPu7bRtE,YouTube
8495,https://www.youtube.com/watch?v=bCLNTmNj5bI,YouTube
8496,https://www.youtube.com/watch?v=02r_CsbecLI,YouTube
8497,,
8498,,
8499,,
8500,,
8501,https://www.youtube.com/watch?v=bPwtLQInK6g,YouTube
8502,,
8503,,
8504,,
8505,https://www.youtube.com/watch?v=QJyXuldtLOQ,YouTube
8506,https://www.youtube.com/watch?v=TKNYU_M6O5Y,YouTube
8507,,
8508,https://www.youtube.com/watch?v=KcWXKmnZZVo,YouTube
8509,https://www.youtube.com/watch?v=_jlVhEs75Fo,YouTube
8510,https://www.youtube.com/watch?v=6bB_XlzERp4,YouTube
8511,,
8512,https://www.youtube.com/watch?v=TMmJEdik8qo,YouTube
8513,https://www.youtube.com/watch?v=7bfS6seiLhk,YouTube
8514,,
8515,,
8516,https://www.youtube.com/watch?v=5rV1oDmGV6I,YouTube
8517,,
8518,,
8519,https://www.youtube.com/watch?v=VJFRjL8_Dvs,YouTube
8520,https://www.youtube.com/watch?v=kvSsvigjLEY,YouTube
8521,https://www.youtube.com/watch?v=R4pckD4HyY0,YouTube
8522,,
8523,https://www.youtube.com/watch?v=tmr6VSOW4zU,YouTube
8524,https://www.youtube.com/watch?v=KisPhy7T__Q,YouTube
8525,https://www.youtube.com/watch?v=P7rFMO7ODBk,YouTube
8526,https://www.youtube.com/watch?v=lZZolKtQWJ0,YouTube
8527,https://www.youtube.com/watch?v=7fVgX6GFGeg,YouTube
8528,https://www.youtube.com/watch?v=ld4eE2HU-ig,YouTube
8529,,
8530,https://www.youtube.com/watch?v=1RqQr-nUy18,YouTube
8531,https://www.youtube.com/watch?v=4zaJ1f2_D94,YouTube
8532,https://www.youtube.com/watch?v=FgJD6ksdkWY,YouTube
8533,,
8534,,
8535,https://www.youtube.com/watch?v=LG7TNJ1sgoE,YouTube
8536,,
8537,,
8538,,
8539,,
8540,,
8541,,
8542,,
8543,,
8544,,
8545,https://www.youtube.com/watch?v=Oo3k1wVPARc,YouTube
8546,https://www.youtube.com/watch?v=eJQWL74p02Q,YouTube
8547,,
8548,https://www.youtube.com/watch?v=vtADEKSAvvY,YouTube
8549,https://www.youtube.com/watch?v=V-xUD7pmh5I,YouTube
8550,https://www.youtube.com/watch?v=Dn2hSvhkkRY,YouTube
8551,https://www.youtube.com/watch?v=csefrECbfes,YouTube
8552,https://www.youtube.com/watch?v=fyYHSElyJVQ,YouTube
8553,https://www.youtube.com/watch?v=aY0KlIsM3ks,YouTube
8554,https://www.youtube.com/watch?v=UqkXCILU_oE,YouTube
8555,https://www.youtube.com/watch?v=ntrCbhQw8yg,YouTube
8556,,
8557,,
8558,https://www.youtube.com/watch?v=MQZ7_Uo0OI0,YouTube
8559,,
8560,https://www.youtube.com/watch?v=hFYwmBzqoac,YouTube
8561,https://www.youtube.com/watch?v=4Jn8t3tzhkg,YouTube
8562,https://www.youtube.com/watch?v=giV9VK9MQqs,YouTube
8563,,
8564,,
8565,https://www.youtube.com/watch?v=gnhjPLAkF4Q,YouTube
8566,,
8567,,
8568,https://www.youtube.com/watch?v=_oUl9NfYlS8,YouTube
8569,https://www.youtube.com/watch?v=OlsM8Nwb6nA,YouTube
8570,https://www.youtube.com/watch?v=b6nSGbvxucE,YouTube
8571,https://www.youtube.com/watch?v=B5l1dyZJXBo,YouTube
8572,https://www.youtube.com/watch?v=fhnbNJacdAQ,YouTube
8573,https://www.youtube.com/watch?v=Wxow_2bUNZA,YouTube
8574,https://www.youtube.com/watch?v=56BaU33u0Zg,YouTube
8575,https://www.youtube.com/watch?v=f5nvCp0QFdA,YouTube
8576,,
8577,,
8578,https://www.youtube.com/watch?v=rou4dKAvN34,YouTube
8579,https://www.youtube.com/watch?v=cVqwwYy3_rA,YouTube
8580,https://www.youtube.com/watch?v=LH-Uug1dy-k,YouTube
8581,https://www.youtube.com/watch?v=B5l1dyZJXBo,YouTube
8582,https://www.youtube.com/watch?v=D9uAuQCc3IE,YouTube
8583,https://www.youtube.com/watch?v=o02BaU486do,YouTube
8584,https://www.youtube.com/watch?v=PhKoIWwU-xQ,YouTube
8585,,
8586,,
8587,https://www.youtube.com/watch?v=nDyOftZyVeA,YouTube
8588,,
8589,,
8590,https://www.youtube.com/watch?v=MDAQjpBH9NM,YouTube
8591,,
8592,https://www.youtube.com/watch?v=HPKESG-j6J8,YouTube
8593,https://www.youtube.com/watch?v=1lXLGwe_DUU,YouTube
8594,,
8595,https://www.youtube.com/watch?v=vc0fb3xhFHY,YouTube
8596,,
8597,,
8598,,
8599,,
8600,https://www.youtube.com/watch?v=18yT09uykrY,YouTube
8601,,
8602,,
8603,https://www.youtube.com/watch?v=1EkIWVjBBc0,YouTube
8604,,
8605,https://www.youtube.com/watch?v=HGmGNqPpMqU,YouTube
8606,https://www.youtube.com/watch?v=D-Y_LlZw-eI,YouTube
8607,,
8608,,
8609,,
8610,https://www.youtube.com/watch?v=eIBQaDlR0tA,YouTube
8611,,
8612,https://www.youtube.com/watch?v=g3IvVejktJE,YouTube
8613,https://www.youtube.com/watch?v=jpiVx2mQhKI,YouTube
8614,,
8615,,
8616,,
8617,,
8618,,
8619,,
8620,https://www.youtube.com/watch?v=O4Kb40pnoOY,YouTube
8621,,
8622,,
8623,,
8624,,
8625,,
8626,,
8627,https://www.youtube.com/watch?v=qBZPCE0jr6M,YouTube
8628,,
8629,https://www.youtube.com/watch?v=w5jeBvjcJe4,YouTube
8630,,
8631,,
8632,,
8633,,
8634,,
8635,https://www.youtube.com/watch?v=wCqP4d0tXb0,YouTube
8636,https://www.youtube.com/watch?v=bpWlcIlb-Q4,YouTube
8637,,
8638,,
8639,https://www.youtube.com/watch?v=z7bNziRXDuE,YouTube
8640,,
8641,,
8642,,
8643,,
8644,,
8645,https://www.youtube.com/watch?v=uSyO8vnOKe0,YouTube
8646,https://www.youtube.com/watch?v=RDM75-oXGmQ,YouTube
8647,https://www.youtube.com/watch?v=TKPmGjVFbrY,YouTube
8648,https://www.youtube.com/watch?v=iTKc3pFKsL0,YouTube
8649,https://www.youtube.com/watch?v=-2DugohmEC8,YouTube
8650,,
8651,https://www.youtube.com/watch?v=wt8wybR4sfk,YouTube
8652,,
8653,,
8654,,
8655,https://www.youtube.com/watch?v=2bFHdkzqSZA,YouTube
8656,,
8657,https://www.youtube.com/watch?v=pVQFWvm_fbU,YouTube
8658,,
8659,,
8660,,
8661,,
8662,,
8663,https://www.youtube.com/watch?v=a2PW7a9ViDc,YouTube
8664,https://www.youtube.com/watch?v=vwVyAYc0Qig,YouTube
8665,https://www.youtube.com/watch?v=YyqSHKH-E4c,YouTube
8666,,
8667,,
8668,https://www.youtube.com/watch?v=S1S4mWgbhIk,YouTube
8669,,
8670,,
8671,,
8672,https://www.youtube.com/watch?v=da9xhQOcoHk,YouTube
8673,https://www.youtube.com/watch?v=WwQ-NH1rRT4,YouTube
8674,,
8675,https://www.youtube.com/watch?v=2HTxk13yP3M,YouTube
8676,https://www.youtube.com/watch?v=0cQ3sBXpNtw,YouTube
8677,https://www.youtube.com/watch?v=MKUybI1xul8,YouTube
8678,,
8679,,
8680,,
8681,https://www.youtube.com/watch?v=CQFdGfwChtw,YouTube
8682,https://www.youtube.com/watch?v=zktLwAfuqog,YouTube
8683,https://www.youtube.com/watch?v=9uF4XjvS_Z0,YouTube
8684,https://www.youtube.com/watch?v=idu_LCBxjQo,YouTube
8685,,
8686,https://www.youtube.com/watch?v=sgwtZE9hJNM,YouTube
8687,,
8688,https://www.youtube.com/watch?v=euz-KBBfAAo,YouTube
8689,,
8690,https://www.youtube.com/watch?v=3hhFT3vCeko,YouTube
8691,https://www.youtube.com/watch?v=Gfc3WPlXe9Q,YouTube
8692,https://www.youtube.com/watch?v=4NRQPTE2Y-c,YouTube
8693,https://www.youtube.com/watch?v=qJYljBrFNs0,YouTube
8694,,
8695,,
8696,https://www.youtube.com/watch?v=8JpIvl5oFtw,YouTube
8697,,
8698,,
8699,,
8700,,
8701,https://www.youtube.com/watch?v=QYc8jt_cVrM,YouTube
8702,,
8703,https://www.youtube.com/watch?v=UQcOLSaDd1w,YouTube
8704,https://www.youtube.com/watch?v=mvfvoCdPrII,YouTube
8705,,
8706,https://www.youtube.com/watch?v=huX1bmfdkyA,YouTube
8707,,
8708,,
8709,https://www.youtube.com/watch?v=oPLSventoUI,YouTube
8710,,
8711,https://www.youtube.com/watch?v=nm8jpRigBgc,YouTube
8712,https://www.youtube.com/watch?v=xbNBB1D37U8,YouTube
8713,https://www.youtube.com/watch?v=7t3J4Ya7Um4,YouTube
8714,https://www.youtube.com/watch?v=GBRKO1sH8ZQ,YouTube
8715,https://www.youtube.com/watch?v=py5ogsYFUU8,YouTube
8716,https://www.youtube.com/watch?v=ESMIOnDD3Gg,YouTube
8717,https://www.youtube.com/watch?v=3exHtIOscGo,YouTube
8718,https://www.youtube.com/watch?v=QletIGfOPuc,YouTube
8719,https://www.youtube.com/watch?v=1Wnap8ICi2g,YouTube
8720,https://www.youtube.com/watch?v=pCN3Ouo-Hys,YouTube
8721,https://www.youtube.com/watch?v=l6ATFt4eE30,YouTube
8722,https://www.youtube.com/watch?v=wWV2hK4HVEk,YouTube
8723,https://www.youtube.com/watch?v=IAra4mxDRYs,YouTube
8724,,
8725,,
8726,https://www.youtube.com/watch?v=oh9PmOZQJpM,YouTube
8727,,
8728,https://www.youtube.com/watch?v=-4ND1MUvcXA,YouTube
8729,,
8730,https://www.youtube.com/watch?v=PXQQG8_vIpQ,YouTube
8731,https://www.youtube.com/watch?v=mcw3h0gwsCU,YouTube
8732,https://www.youtube.com/watch?v=7-cuy7pait0,YouTube
8733,https://www.youtube.com/watch?v=M1nKB8k2Um8,YouTube
8734,,
8735,https://www.youtube.com/watch?v=varm8aIKiLU,YouTube
8736,,
8737,,
8738,,
8739,,
8740,https://www.youtube.com/watch?v=gq19hpbwH0A,YouTube
8741,,
8742,https://www.youtube.com/watch?v=RvLnsWCTcNE,YouTube
8743,https://www.youtube.com/watch?v=4Cd6fa6M_Z8,YouTube
8744,https://www.youtube.com/watch?v=Ct6hXDt_yqM,YouTube
8745,https://www.youtube.com/watch?v=2w82_SE5LKQ,YouTube
8746,,
8747,,
8748,,
8749,,
8750,https://www.youtube.com/watch?v=HodjskGbdTc,YouTube
8751,,
8752,,
8753,,
8754,,
8755,https://www.youtube.com/watch?v=_shrCoqWh9k,YouTube
8756,,
8757,,
8758,,
8759,,
8760,https://www.youtube.com/watch?v=IuhgTsDtYK0,YouTube
8761,,
8762,,
8763,,
8764,https://www.youtube.com/watch?v=ki3B3C2tGBQ,YouTube
8765,,
8766,,
8767,,
8768,https://www.youtube.com/watch?v=ctM8zpe3BHo,YouTube
8769,,
8770,,
8771,https://www.youtube.com/watch?v=cAowbM5a58Q,YouTube
8772,,
8773,https://www.youtube.com/watch?v=Xva2FWNdcD0,YouTube
8774,,
8775,https://www.youtube.com/watch?v=55892jT06aI,YouTube
8776,,
8777,,
8778,,
8779,,
8780,https://www.youtube.com/watch?v=7k8h_X3GjgM,YouTube
8781,https://www.youtube.com/watch?v=1NaoX3E1C38,YouTube
8782,https://www.youtube.com/watch?v=VOhRKseKN2E,YouTube
8783,https://www.youtube.com/watch?v=uecHqZx_wrs,YouTube
8784,,
8785,,
8786,,
8787,https://www.youtube.com/watch?v=IKA8H_LolNM,YouTube
8788,https://www.youtube.com/watch?v=u7ZHi_dDSnQ,YouTube
8789,,
8790,,
8791,,
8792,https://www.youtube.com/watch?v=P6jaRsnchro,YouTube
8793,,
8794,https://www.youtube.com/watch?v=syOgWwz2fiE,YouTube
8795,https://www.youtube.com/watch?v=1Q8fG0TtVAY,YouTube
8796,https://www.youtube.com/watch?v=0fFyZzqPDws,YouTube
8797,https://www.youtube.com/watch?v=76yBTNDB6vU,YouTube
8798,https://www.youtube.com/watch?v=ZaaJ8NF57fY,YouTube
8799,,
8800,,
8801,,
8802,,
8803,https://www.youtube.com/watch?v=UqtFvSKhKmA,YouTube
8804,https://www.youtube.com/watch?v=X6Xebo1pngM,YouTube
8805,,
8806,https://www.youtube.com/watch?v=waor8dbDhBQ,YouTube
8807,,
8808,,
8809,https://www.youtube.com/watch?v=5UMvOdzYpHo,YouTube
8810,https://www.youtube.com/watch?v=-jBe-uHhlNs,YouTube
8811,,
8812,https://www.youtube.com/watch?v=0b1Kp493E-w,YouTube
8813,https://www.youtube.com/watch?v=r1sKvrrg-TM,YouTube
8814,,
8815,https://www.youtube.com/watch?v=U8taGHEoXGY,YouTube
8816,,
8817,https://www.youtube.com/watch?v=yk7gD8nBF4M,YouTube
8818,https://www.youtube.com/watch?v=vN8mT5iXK5I,YouTube
8819,https://www.youtube.com/watch?v=HIogf7UGMUY,YouTube
8820,https://www.youtube.com/watch?v=vdaRGnrkWF0,YouTube
8821,https://www.youtube.com/watch?v=XAwU3Lyn--U,YouTube
8822,,
8823,https://www.youtube.com/watch?v=89OP78l9oF0,YouTube
8824,https://www.youtube.com/watch?v=cludvHBlLHs,YouTube
8825,https://www.youtube.com/watch?v=WtF4TUxIOZk,YouTube
8826,,
8827,https://www.youtube.com/watch?v=iYzEAbjwF7w,YouTube
8828,,
8829,https://www.youtube.com/watch?v=juFmTNbFh8g,YouTube
8830,,
8831,,
8832,https://www.youtube.com/watch?v=QNNcl2mEHzQ,YouTube
8833,,
8834,https://www.youtube.com/watch?v=cB7BYhMgEQs,YouTube
8835,,
8836,https://www.youtube.com/watch?v=id_ZyNdvXKQ,YouTube
8837,https://www.youtube.com/watch?v=t9GxvJxiJSI,YouTube
8838,https://www.youtube.com/watch?v=Ab9UrcHewh0,YouTube
8839,,
8840,https://www.youtube.com/watch?v=Ouc9W0GRlQw,YouTube
8841,,
8842,https://www.youtube.com/watch?v=K8X6yTa92VY,YouTube
8843,,
8844,https://www.youtube.com/watch?v=Olo-3Wbxte4,YouTube
8845,,
8846,,
8847,,
8848,,
8849,https://www.youtube.com/watch?v=cbjjHtS5lTc,YouTube
8850,,
8851,https://www.youtube.com/watch?v=XNAh3ps_TKU,YouTube
8852,,
8853,https://www.youtube.com/watch?v=tdQPTedi6wE,YouTube
8854,,
8855,https://www.youtube.com/watch?v=AhtAqjCsi18,YouTube
8856,,
8857,,
8858,https://www.youtube.com/watch?v=C6ekbiAlxpU,YouTube
8859,https://www.youtube.com/watch?v=mOPsrKZyskg,YouTube
8860,https://www.youtube.com/watch?v=xY2HSYeep88,YouTube
8861,https://www.youtube.com/watch?v=bS2JzsXRZ04,YouTube
8862,https://www.youtube.com/watch?v=2ZX7OANSoAg,YouTube
8863,https://www.youtube.com/watch?v=CZgN0dpFoaE,YouTube
8864,,
8865,https://www.youtube.com/watch?v=jIM4-HLtUM0,YouTube
8866,https://www.youtube.com/watch?v=cW7xb-FgXqs,YouTube
8867,,
8868,https://www.youtube.com/watch?v=_r1mijXe5T8,YouTube
8869,https://www.youtube.com/watch?v=Z_BbcCQSe-M,YouTube
8870,,
8871,https://www.youtube.com/watch?v=Cki6JSRtFxM,YouTube
8872,,
8873,https://www.youtube.com/watch?v=D1eE-lCKcxI,YouTube
8874,,
8875,,
8876,,
8877,,
8878,https://www.youtube.com/watch?v=1jLOOCADTGs,YouTube
8879,https://www.youtube.com/watch?v=4mXIcCYjr-s,YouTube
8880,,
8881,https://www.youtube.com/watch?v=5C-8ScWuquw,YouTube
8882,,
8883,https://www.youtube.com/watch?v=isQVAHBOwVQ,YouTube
8884,https://www.youtube.com/watch?v=DcFuY_lPwh8,YouTube
8885,https://www.youtube.com/watch?v=4LPJQVFgY-4,YouTube
8886,,
8887,,
8888,https://www.youtube.com/watch?v=wk-kciG2hOk,YouTube
8889,https://www.youtube.com/watch?v=df0TQJBkPP4,YouTube
8890,https://www.youtube.com/watch?v=Up-oN4NtvbM,YouTube
8891,https://www.youtube.com/watch?v=qP_wHtDUA3M,YouTube
8892,https://www.youtube.com/watch?v=oMQ-RoCKa6o,YouTube
8893,https://www.youtube.com/watch?v=rJNFeHHGGN4,YouTube
8894,,
8895,https://www.youtube.com/watch?v=ma8te7ywEio,YouTube
8896,,
8897,,
8898,https://www.youtube.com/watch?v=qiSAbAuLhqs,YouTube
8899,,
8900,https://www.youtube.com/watch?v=RnCxa0Ea0CE,YouTube
8901,,
8902,,
8903,,
8904,https://www.youtube.com/watch?v=IX2ra9-DXFo,YouTube
8905,https://vimeo.com/254449964,Vimeo
8906,https://www.youtube.com/watch?v=p64O8KAHHaQ,YouTube
8907,https://www.youtube.com/watch?v=8za6hJfAulk,YouTube
8908,https://www.youtube.com/watch?v=QAGZ9srTHDM,YouTube
8909,,
8910,https://www.youtube.com/watch?v=asTxh9kuEvE,YouTube
8911,,
8912,,
8913,,
8914,https://www.youtube.com/watch?v=4UUpnqvIwF4,YouTube
8915,,
8916,,
8917,,
8918,,
8919,,
8920,,
8921,https://www.youtube.com/watch?v=LKnQVCCX8vU,YouTube
8922,https://www.youtube.com/watch?v=qtk7HEDDbTM,YouTube
8923,https://www.youtube.com/watch?v=LZrX9mffH8Y,YouTube
8924,https://www.youtube.com/watch?v=9ygWtIjenoI,YouTube
8925,,
8926,,
8927,https://www.youtube.com/watch?v=ettsG15TD2Q,YouTube
8928,,
8929,,
8930,https://www.youtube.com/watch?v=Iz46th3HSMU,YouTube
8931,https://www.youtube.com/watch?v=2I_eypETmKo,YouTube
8932,https://www.youtube.com/watch?v=mJW305CadBg,YouTube
8933,https://www.youtube.com/watch?v=xKPHz4fGuIM,YouTube
8934,,
8935,,
8936,https://www.youtube.com/watch?v=dqpfdS0SkZs,YouTube
8937,https://www.youtube.com/watch?v=iFXIBL617yc,YouTube
8938,https://www.youtube.com/watch?v=t719hhEdWJc,YouTube
8939,https://www.youtube.com/watch?v=aBFyixPE7zA,YouTube
8940,https://www.youtube.com/watch?v=SC8Eg0odTfY,YouTube
8941,https://www.youtube.com/watch?v=d2sJNee7FQ4,YouTube
8942,https://www.youtube.com/watch?v=r8pJt4dK_s4,YouTube
8943,,
8944,https://www.youtube.com/watch?v=lvBO2qNJ3Mk,YouTube
8945,,
8946,https://www.youtube.com/watch?v=KgR0T1ugSgo,YouTube
8947,https://www.youtube.com/watch?v=9tyAA22yuJc,YouTube
8948,,
8949,,
8950,,
8951,https://www.youtube.com/watch?v=GAhvJMcLShU,YouTube
8952,,
8953,,
8954,https://www.youtube.com/watch?v=8brYvhEg5Aw,YouTube
8955,,
8956,,
8957,,
8958,,
8959,https://www.youtube.com/watch?v=gxHgiycczy0,YouTube
8960,https://www.youtube.com/watch?v=jK5tIkuTKbA,YouTube
8961,https://www.youtube.com/watch?v=3F6pqD2pqr4,YouTube
8962,https://www.youtube.com/watch?v=0p8Cl8_wQew,YouTube
8963,,
8964,,
8965,,
8966,https://www.youtube.com/watch?v=Yixiv6A0BbU,YouTube
8967,,
8968,https://www.youtube.com/watch?v=UkKEiK9l-Vg,YouTube
8969,https://www.youtube.com/watch?v=cC2rkQThgX0,YouTube
8970,,
8971,,
8972,https://www.youtube.com/watch?v=eyKOgnaf0BU,YouTube
8973,https://www.youtube.com/watch?v=6Vtf0MszgP8,YouTube
8974,https://www.youtube.com/watch?v=-NfKTtTozWg,YouTube
8975,https://www.youtube.com/watch?v=IIP7KHBtA-o,YouTube
8976,https://www.youtube.com/watch?v=EtBhKTuPjEk,YouTube
8977,https://www.youtube.com/watch?v=hcdTN5soeQw,YouTube
8978,,
8979,,
8980,,
8981,,
8982,,
8983,,
8984,,
8985,,
8986,,
8987,,
8988,,
8989,,
8990,,
8991,https://www.youtube.com/watch?v=33dztfqRu_k,YouTube
8992,,
8993,https://www.youtube.com/watch?v=9WNBGzyPD0U,YouTube
8994,,
8995,,
8996,https://www.youtube.com/watch?v=q96aGwtnIOw,YouTube
8997,,
8998,https://www.youtube.com/watch?v=XG8EKsfmf5E,YouTube
8999,,
9000,,
9001,https://www.youtube.com/watch?v=qMXO6Up6pvE,YouTube
9002,https://www.youtube.com/watch?v=tMSu3Gyz1jU,YouTube
9003,https://www.youtube.com/watch?v=A7w4fSATmhc,YouTube
9004,,
9005,https://www.youtube.com/watch?v=rqAmglk317k,YouTube
9006,,
9007,,
9008,https://www.youtube.com/watch?v=j2JAW7L04C0,YouTube
9009,,
9010,https://www.youtube.com/watch?v=uy3n1sZQL7c,YouTube
9011,,
9012,https://www.youtube.com/watch?v=Eca1gMpVbys,YouTube
9013,,
9014,,
9015,https://www.youtube.com/watch?v=-CKPj4O5_9s,YouTube
9016,https://www.youtube.com/watch?v=EWxFf5oCi0k,YouTube
9017,,
9018,https://www.youtube.com/watch?v=hdA7iA32XaA,YouTube
9019,,
9020,https://www.youtube.com/watch?v=w3ugHP-yZXw,YouTube
9021,https://www.youtube.com/watch?v=y-oFOgFB2uM,YouTube
9022,https://www.youtube.com/watch?v=ZWGh7si0Y50,YouTube
9023,https://www.youtube.com/watch?v=kYYINJM3lPA,YouTube
9024,,
9025,,
9026,https://www.youtube.com/watch?v=jNJAKIQmpRU,YouTube
9027,,
9028,,
9029,,
9030,,
9031,,
9032,https://www.youtube.com/watch?v=NKbvYs_-Sto,YouTube
9033,,
9034,,
9035,https://www.youtube.com/watch?v=vSAppKS214U,YouTube
9036,https://www.youtube.com/watch?v=zs2SrqLum1M,YouTube
9037,,
9038,https://www.youtube.com/watch?v=AVyGCxHZ_Ko,YouTube
9039,,
9040,,
9041,https://www.youtube.com/watch?v=Ft1KvQNteYY,YouTube
9042,,
9043,,
9044,https://www.youtube.com/watch?v=ivM1K9IJyd0,YouTube
9045,https://www.youtube.com/watch?v=DKN9tt17RlA,YouTube
9046,https://www.youtube.com/watch?v=geby7Ene7dY,YouTube
9047,,
9048,,
9049,,
9050,,
9051,https://www.youtube.com/watch?v=VTg3zrSsZjU,YouTube
9052,,
9053,,
9054,https://www.youtube.com/watch?v=6TELqLPj_IM,YouTube
9055,,
9056,https://www.youtube.com/watch?v=8wzfyymIrgQ,YouTube
9057,https://www.youtube.com/watch?v=eGvTRG-iud8,YouTube
9058,https://www.youtube.com/watch?v=165NXvc4JIw,YouTube
9059,,
9060,,
9061,https://www.youtube.com/watch?v=c_3NMtxeyfk,YouTube
9062,https://www.youtube.com/watch?v=gYXfARbezcA,YouTube
9063,https://www.youtube.com/watch?v=EgdxIlSuB70,YouTube
9064,https://www.youtube.com/watch?v=xT3SLHlnEUI,YouTube
9065,,
9066,https://www.youtube.com/watch?v=Ft1KvQNteYY,YouTube
9067,,
9068,https://www.youtube.com/watch?v=86ss__OIscQ,YouTube
9069,https://www.youtube.com/watch?v=aY8pZ68nbrc,YouTube
9070,https://www.youtube.com/watch?v=znGOUeToqiY,YouTube
9071,https://www.youtube.com/watch?v=tE9wYQo94_M,YouTube
9072,https://www.youtube.com/watch?v=mksl3tYdyK4,YouTube
9073,https://www.youtube.com/watch?v=Qyonn5Vbg7s,YouTube
9074,,
9075,https://www.youtube.com/watch?v=1LiNufQjSGc,YouTube
9076,https://www.youtube.com/watch?v=0AQXwOOqNNw,YouTube
9077,https://www.youtube.com/watch?v=lXy5GTk7_c0,YouTube
9078,https://www.youtube.com/watch?v=3GyVqaPBvyE,YouTube
9079,https://www.youtube.com/watch?v=0-t9iIpsbgA,YouTube
9080,https://www.youtube.com/watch?v=7Ln9yRHVshQ,YouTube
9081,,
9082,,
9083,https://www.youtube.com/watch?v=XqdV-i81PsE,YouTube
9084,https://www.youtube.com/watch?v=2M7jj-SgyaI,YouTube
9085,https://www.youtube.com/watch?v=ZZIfPnzk6QQ,YouTube
9086,,
9087,https://www.youtube.com/watch?v=decNIcBXCqM,YouTube
9088,,
9089,,
9090,https://www.youtube.com/watch?v=_JSuoxVuNm0,YouTube
9091,https://www.youtube.com/watch?v=ESvyMS8zyXo,YouTube
9092,https://www.youtube.com/watch?v=3OCo0jqStWo,YouTube
9093,https://www.youtube.com/watch?v=pC5tszUZ7PM,YouTube
9094,,
9095,,
9096,https://www.youtube.com/watch?v=asVcjwpwMgU,YouTube
9097,https://www.youtube.com/watch?v=nJ-woBqC05w,YouTube
9098,,
9099,https://www.youtube.com/watch?v=KzNbXg77GFQ,YouTube
9100,https://www.youtube.com/watch?v=vOkJFMu7t3A,YouTube
9101,,
9102,https://www.youtube.com/watch?v=5zxz7JqyPyY,YouTube
9103,https://www.youtube.com/watch?v=n3vXgDTDPdg,YouTube
9104,https://www.youtube.com/watch?v=eAdDciuOYqI,YouTube
9105,https://www.youtube.com/watch?v=FRAGnFK-Ch8,YouTube
9106,,
9107,,
9108,,
9109,,
9110,,
9111,https://www.youtube.com/watch?v=lnAe9vLryVU,YouTube
9112,,
9113,,
9114,,
9115,,
9116,,
9117,,
9118,,
9119,https://www.youtube.com/watch?v=r757aSgW0tg,YouTube
9120,,
9121,,
9122,,
9123,,
9124,https://www.youtube.com/watch?v=LNFgbQF9HLY,YouTube
9125,,
9126,,
9127,,
9128,https://www.youtube.com/watch?v=Bl97yo30XS8,YouTube
9129,,
9130,,
9131,,
9132,https://www.youtube.com/watch?v=KHxrASXnuMk,YouTube
9133,,
9134,,
9135,,
9136,,
9137,,
9138,,
9139,https://www.youtube.com/watch?v=g9K8ofhmOqk,YouTube
9140,https://www.youtube.com/watch?v=w5QNKcwe_lM,YouTube
9141,,
9142,,
9143,,
9144,https://www.youtube.com/watch?v=snL4iY6O5NY,YouTube
9145,,
9146,https://www.youtube.com/watch?v=Hgi0a_kGTvo,YouTube
9147,https://www.youtube.com/watch?v=pBSz2W-FtyI,YouTube
9148,https://www.youtube.com/watch?v=JFwwv8FvLgU,YouTube
9149,https://www.youtube.com/watch?v=hK6bw4-2saE,YouTube
9150,https://www.youtube.com/watch?v=TQr-fnhGUes,YouTube
9151,https://www.youtube.com/watch?v=wtMZKYnLg5c,YouTube
9152,https://www.youtube.com/watch?v=7kI_ACTcdEw,YouTube
9153,,
9154,,
9155,,
9156,,
9157,,
9158,,
9159,https://www.youtube.com/watch?v=NV7295rnrHs,YouTube
9160,,
9161,https://www.youtube.com/watch?v=uxAQovDxMK8,YouTube
9162,https://www.youtube.com/watch?v=PEMyQN6nKqo,YouTube
9163,,
9164,,
9165,https://www.youtube.com/watch?v=NPXMtJNdxaQ,YouTube
9166,,
9167,https://www.youtube.com/watch?v=44LdLqgOpjo,YouTube
9168,,
9169,,
9170,https://www.youtube.com/watch?v=GbvcbQn1Zqc,YouTube
9171,https://www.youtube.com/watch?v=TVlrzj-ytbw,YouTube
9172,,
9173,https://www.youtube.com/watch?v=B0gPBB0NGuQ,YouTube
9174,https://www.youtube.com/watch?v=wtNFYitVFKg,YouTube
9175,,
9176,,
9177,,
9178,,
9179,https://www.youtube.com/watch?v=6Pc5ikveEjA,YouTube
9180,,
9181,,
9182,https://www.youtube.com/watch?v=aBJyp2LFHgk,YouTube
9183,,
9184,https://www.youtube.com/watch?v=Gb62EQyJFyo,YouTube
9185,https://www.youtube.com/watch?v=NkcqA7AoqZo,YouTube
9186,https://www.youtube.com/watch?v=ongIVkGwyp8,YouTube
9187,https://www.youtube.com/watch?v=1_D1ktoKGnA,YouTube
9188,https://www.youtube.com/watch?v=aPzvKH8AVf0,YouTube
9189,https://www.youtube.com/watch?v=FWHAsFpfDnM,YouTube
9190,https://www.youtube.com/watch?v=OcTVLfn5i8g,YouTube
9191,,
9192,https://www.youtube.com/watch?v=GqEcud97r7A,YouTube
9193,https://www.youtube.com/watch?v=nmgeiznfdLI,YouTube
9194,https://www.youtube.com/watch?v=UJi4zObBpp4,YouTube
9195,https://www.youtube.com/watch?v=GMieh0zJ32g,YouTube
9196,https://www.youtube.com/watch?v=GVHw9HhVd4s,YouTube
9197,https://www.youtube.com/watch?v=lQaGazGtaZw,YouTube
9198,,
9199,https://www.youtube.com/watch?v=vse9mg7AnGM,YouTube
9200,https://www.youtube.com/watch?v=l_0sBk50Qr0,YouTube
9201,,
9202,,
9203,https://www.youtube.com/watch?v=6EZCBSsBxko,YouTube
9204,,
9205,,
9206,https://www.youtube.com/watch?v=cS9k4C5M4AY,YouTube
9207,https://www.youtube.com/watch?v=Legzr_ED9R8,YouTube
9208,https://www.youtube.com/watch?v=dZoMgN0zRSI,YouTube
9209,https://www.youtube.com/watch?v=nYif5QTYI9w,YouTube
9210,,
9211,https://www.youtube.com/watch?v=sWR5uF-WK9c,YouTube
9212,https://www.youtube.com/watch?v=DcDaD9uQPsQ,YouTube
9213,https://www.youtube.com/watch?v=Xm157yQ7g1E,YouTube
9214,https://www.youtube.com/watch?v=fBnYotAiLNk,YouTube
9215,,
9216,https://www.youtube.com/watch?v=uwdZUFYiJU0,YouTube
9217,,
9218,,
9219,https://www.youtube.com/watch?v=r_rSAbYyIq0,YouTube
9220,https://www.youtube.com/watch?v=CUBIDu3OHlM,YouTube
9221,,
9222,https://www.youtube.com/watch?v=FpfDTg4lbNE,YouTube
9223,https://www.youtube.com/watch?v=BBzIoP9EgEU,YouTube
9224,https://www.youtube.com/watch?v=a_y11BREqlU,YouTube
9225,https://www.youtube.com/watch?v=K4STcvndzbE,YouTube
9226,,
9227,,
9228,https://www.youtube.com/watch?v=83UoZcdX__Y,YouTube
9229,https://www.youtube.com/watch?v=CoysCVxAEPk,YouTube
9230,,
9231,,
9232,https://www.youtube.com/watch?v=5buvvd5z7Gw,YouTube
9233,,
9234,https://www.youtube.com/watch?v=Jqf8h5Uip6U,YouTube
9235,https://www.youtube.com/watch?v=j6jGNtql0YQ,YouTube
9236,https://www.youtube.com/watch?v=9aIzXYo6VCE,YouTube
9237,,
9238,https://www.youtube.com/watch?v=W5f-N_KrRlw,YouTube
9239,,
9240,,
9241,https://www.youtube.com/watch?v=8h5tAhXwma8,YouTube
9242,https://www.youtube.com/watch?v=ht0-gqvFor0,YouTube
9243,,
9244,,
9245,,
9246,https://www.youtube.com/watch?v=AqVjWevMrAg,YouTube
9247,https://www.youtube.com/watch?v=tn_2Ie_jtX8,YouTube
9248,https://www.youtube.com/watch?v=erIzry9cHpI,YouTube
9249,https://www.youtube.com/watch?v=YyYq4rrvjdQ,YouTube
9250,https://www.youtube.com/watch?v=LRXPszwv4Uc,YouTube
9251,https://www.youtube.com/watch?v=oFkulzWMotY,YouTube
9252,https://www.youtube.com/watch?v=xU47nhruN-Q,YouTube
9253,,
9254,https://www.youtube.com/watch?v=hYY_GOu79IE,YouTube
9255,https://www.youtube.com/watch?v=2BrKGHl5EXQ,YouTube
9256,https://www.youtube.com/watch?v=jjPxlzjuLww,YouTube
9257,https://www.youtube.com/watch?v=4kSitY2Mta4,YouTube
9258,https://www.youtube.com/watch?v=fzOpgENP_w0,YouTube
9259,,
9260,,
9261,,
9262,,
9263,https://www.youtube.com/watch?v=kTAYqsT05Dc,YouTube
9264,,
9265,https://www.youtube.com/watch?v=OZ9Gp6Qc8LQ,YouTube
9266,https://www.youtube.com/watch?v=CDWJmrt-5I4,YouTube
9267,,
9268,https://www.youtube.com/watch?v=5vnjheCqRIs,YouTube
9269,https://www.youtube.com/watch?v=AvKARpGWztE,YouTube
9270,https://www.youtube.com/watch?v=dNkYUX8-gJ0,YouTube
9271,https://www.youtube.com/watch?v=OF22iX0yocg,YouTube
9272,https://www.youtube.com/watch?v=zB1IcKu-vBs,YouTube
9273,,
9274,,
9275,,
9276,,
9277,,
9278,https://www.youtube.com/watch?v=E00DODio0Wk,YouTube
9279,https://www.youtube.com/watch?v=RR2Mx4w-4Gs,YouTube
9280,,
9281,https://www.youtube.com/watch?v=lMRyAvkdCu0,YouTube
9282,,
9283,,
9284,,
9285,https://www.youtube.com/watch?v=3DwDgIHWWio,YouTube
9286,,
9287,https://www.youtube.com/watch?v=4AP8NcW7I1w,YouTube
9288,https://www.youtube.com/watch?v=lsZ8hDutkeM,YouTube
9289,,
9290,https://www.youtube.com/watch?v=lpQ0DvCFBf0,YouTube
9291,https://www.youtube.com/watch?v=Ud8j5GaqH3c,YouTube
9292,https://www.youtube.com/watch?v=K_Ev_Es7onw,YouTube
9293,https://www.youtube.com/watch?v=O4SrVkj84zc,YouTube
9294,https://www.youtube.com/watch?v=dKOs-2bKOGc,YouTube
9295,https://www.youtube.com/watch?v=8T9E2DBzAaI,YouTube
9296,https://www.youtube.com/watch?v=afRwlDRej_o,YouTube
9297,https://www.youtube.com/watch?v=dpFyds_pS2E,YouTube
9298,,
9299,https://www.youtube.com/watch?v=vAZWhFI9lLQ,YouTube
9300,https://www.youtube.com/watch?v=tG4Fbj1B1bY,YouTube
9301,https://www.youtube.com/watch?v=kB15UFO5ebA,YouTube
9302,,
9303,,
9304,https://www.youtube.com/watch?v=Im7n8HGOQMs,YouTube
9305,https://www.youtube.com/watch?v=B1_N28DA3gY,YouTube
9306,,
9307,https://www.youtube.com/watch?v=On6RM27qSFc,YouTube
9308,https://www.youtube.com/watch?v=SQXfnM8C8kY,YouTube
9309,https://www.youtube.com/watch?v=1_tbqnzJspo,YouTube
9310,https://www.youtube.com/watch?v=ZJVcI6tw5jo,YouTube
9311,,
9312,https://www.youtube.com/watch?v=JQ-1Ts3BChM,YouTube
9313,https://www.youtube.com/watch?v=2UGepY7Z8lE,YouTube
9314,https://www.youtube.com/watch?v=oDD3I0uOlqY,YouTube
9315,https://www.youtube.com/watch?v=IGGcFbW__XI,YouTube
9316,https://www.youtube.com/watch?v=mMh1EvAQOQ8,YouTube
9317,https://www.youtube.com/watch?v=oFwBOvlQpU4,YouTube
9318,,
9319,https://www.youtube.com/watch?v=JQSLhbRcaZY,YouTube
9320,,
9321,https://www.youtube.com/watch?v=PypMOEKJuh8,YouTube
9322,https://www.youtube.com/watch?v=jDXIGpMzX3A,YouTube
9323,https://www.youtube.com/watch?v=POnayAHs0vw,YouTube
9324,https://www.youtube.com/watch?v=CtFZcAuH-qI,YouTube
9325,https://www.youtube.com/watch?v=_eVo7aBze1w,YouTube
9326,https://www.youtube.com/watch?v=0pdqf4P9MB8,YouTube
9327,,
9328,,
9329,,
9330,,
9331,https://www.youtube.com/watch?v=6JGY-GjzKp4,YouTube
9332,https://www.youtube.com/watch?v=vLG4PRq6FAo,YouTube
9333,https://www.youtube.com/watch?v=aYXNMaBQrwU,YouTube
9334,https://www.youtube.com/watch?v=kGsUHbq3yUY,YouTube
9335,,
9336,https://www.youtube.com/watch?v=OcGUIEz6SHA,YouTube
9337,,
9338,,
9339,,
9340,,
9341,,
9342,,
9343,,
9344,,
9345,,
9346,https://vimeo.com/187497701,Vimeo
9347,https://www.youtube.com/watch?v=JF1rLFCdewU,YouTube
9348,https://www.youtube.com/watch?v=vw6C6loqrvE,YouTube
9349,,
9350,https://www.youtube.com/watch?v=LKPDNKdpys8,YouTube
9351,https://www.youtube.com/watch?v=ZoqGGLcw608,YouTube
9352,https://www.youtube.com/watch?v=hPqXuATvA4w,YouTube
9353,https://www.youtube.com/watch?v=sHTsQ9qePrQ,YouTube
9354,https://www.youtube.com/watch?v=6VqApvhJ1CM,YouTube
9355,https://www.youtube.com/watch?v=fg06VmJhgfI,YouTube
9356,https://www.youtube.com/watch?v=DdmFD81pBWw,YouTube
9357,https://www.youtube.com/watch?v=wXvubYRnVWE,YouTube
9358,,
9359,,
9360,,
9361,https://www.youtube.com/watch?v=RW0B0HvVW4Q,YouTube
9362,,
9363,,
9364,https://www.youtube.com/watch?v=SpCmlE5nEhI,YouTube
9365,,
9366,,
9367,https://www.youtube.com/watch?v=NbUZirzbG7Q,YouTube
9368,https://www.youtube.com/watch?v=IDL4ouPmMmc,YouTube
9369,https://www.youtube.com/watch?v=99NaRJQzXiM,YouTube
9370,,
9371,https://www.youtube.com/watch?v=4vPeTSRd580,YouTube
9372,https://www.youtube.com/watch?v=nk-T71VhP8I,YouTube
9373,https://www.youtube.com/watch?v=068VBBZt1Pc,YouTube
9374,https://www.youtube.com/watch?v=p7a1h0V1AhI,YouTube
9375,,
9376,https://www.youtube.com/watch?v=R4d1_D90BwU,YouTube
9377,https://www.youtube.com/watch?v=6YOYHCBQn9g,YouTube
9378,,
9379,https://www.youtube.com/watch?v=GgTSEE5PGBs,YouTube
9380,https://www.youtube.com/watch?v=MFOaolQR6jk,YouTube
9381,https://www.youtube.com/watch?v=V30a_TSeWOI,YouTube
9382,https://www.youtube.com/watch?v=aqcAdkSKJDM,YouTube
9383,,
9384,,
9385,https://www.youtube.com/watch?v=3E_fT0aTsjI,YouTube
9386,https://www.youtube.com/watch?v=q6hODbsUE7Y,YouTube
9387,https://www.youtube.com/watch?v=9NO8wk4n1Cs,YouTube
9388,https://www.youtube.com/watch?v=amdsTt1tBSY,YouTube
9389,https://www.youtube.com/watch?v=nsrOCzUwcjE,YouTube
9390,https://www.youtube.com/watch?v=LRqCFSrHPWA,YouTube
9391,,
9392,https://www.youtube.com/watch?v=4hZi5QaMBFc,YouTube
9393,,
9394,,
9395,,
9396,https://www.youtube.com/watch?v=kBPjOTalYBQ,YouTube
9397,https://www.youtube.com/watch?v=KAQvmBSzHlI,YouTube
9398,https://www.youtube.com/watch?v=WYPcLYPoaxo,YouTube
9399,,
9400,,
9401,https://www.youtube.com/watch?v=uXufovkWoh4,YouTube
9402,,
9403,https://www.youtube.com/watch?v=eKjF05yXlks,YouTube
9404,,
9405,,
9406,,
9407,,
9408,,
9409,https://www.youtube.com/watch?v=fc8_spETMBY,YouTube
9410,https://www.youtube.com/watch?v=CQTEUd-5JMQ,YouTube
9411,,
9412,,
9413,https://www.youtube.com/watch?v=MYzFieit8dI,YouTube
9414,,
9415,,
9416,,
9417,,
9418,,
9419,https://www.youtube.com/watch?v=TZMCfZq3qc4,YouTube
9420,https://www.youtube.com/watch?v=ATCgNkSrXTo,YouTube
9421,https://www.youtube.com/watch?v=5gscAT6LALk,YouTube
9422,https://www.youtube.com/watch?v=WKKx5rG5mSI,YouTube
9423,https://www.youtube.com/watch?v=1NDyzCzg40E,YouTube
9424,,
9425,https://www.youtube.com/watch?v=cLD83jvbyz4,YouTube
9426,https://www.youtube.com/watch?v=pADsuuPd79E,YouTube
9427,,
9428,,
9429,https://www.youtube.com/watch?v=Y5XmMCRNoM0,YouTube
9430,,
9431,,
9432,https://www.youtube.com/watch?v=zbOqeh8VYCI,YouTube
9433,https://www.youtube.com/watch?v=q_zib0eFQQE,YouTube
9434,https://www.youtube.com/watch?v=K7SLexWe6ko,YouTube
9435,https://www.youtube.com/watch?v=hfYKJdIPvRA,YouTube
9436,https://www.youtube.com/watch?v=vGGlDdeBrVU,YouTube
9437,,
9438,,
9439,,
9440,,
9441,https://www.youtube.com/watch?v=PJqi2rj6LDo,YouTube
9442,https://www.youtube.com/watch?v=ykwSo64RYao,YouTube
9443,,
9444,https://www.youtube.com/watch?v=dO3U2dBwuWA,YouTube
9445,,
9446,https://www.youtube.com/watch?v=fmT_vnJ1jzw,YouTube
9447,,
9448,,
9449,https://www.youtube.com/watch?v=Km6r3MrNc-I,YouTube
9450,,
9451,https://www.youtube.com/watch?v=iMWqCzTRNJc,YouTube
9452,,
9453,,
9454,,
9455,https://www.youtube.com/watch?v=YOkVdoVMc-g,YouTube
9456,,
9457,,
9458,,
9459,https://www.youtube.com/watch?v=Q8-oU2Fb5ro,YouTube
9460,https://www.youtube.com/watch?v=H1oF7bLKBEc,YouTube
9461,https://www.youtube.com/watch?v=oUXUm6he2-s,YouTube
9462,,
9463,https://www.youtube.com/watch?v=ls6_sLGtcwM,YouTube
9464,https://www.youtube.com/watch?v=7l8apC2X5Fo,YouTube
9465,https://www.youtube.com/watch?v=whldChqCsYk,YouTube
9466,https://www.youtube.com/watch?v=tCOe1kHQqFI,YouTube
9467,https://www.youtube.com/watch?v=XNUgMiE-36E,YouTube
9468,,
9469,,
9470,,
9471,https://www.youtube.com/watch?v=twbGU2CqqQU,YouTube
9472,,
9473,https://www.youtube.com/watch?v=PDxISykYRc4,YouTube
9474,,
9475,https://www.youtube.com/watch?v=lci71HjGvaM,YouTube
9476,,
9477,,
9478,https://www.youtube.com/watch?v=V5tVHHz7N0Q,YouTube
9479,,
9480,https://www.youtube.com/watch?v=m3hc85bitFQ,YouTube
9481,,
9482,,
9483,,
9484,https://www.youtube.com/watch?v=wcOqUb5Z7xg,YouTube
9485,,
9486,https://www.youtube.com/watch?v=IxI1iOi0t-c,YouTube
9487,,
9488,https://www.youtube.com/watch?v=tOk5M2uKJBI,YouTube
9489,https://www.youtube.com/watch?v=1NrjKgwqNOU,YouTube
9490,,
9491,,
9492,https://www.youtube.com/watch?v=uqT0ayeR8Ps,YouTube
9493,https://www.youtube.com/watch?v=i1fq-aaEKPw,YouTube
9494,,
9495,https://www.youtube.com/watch?v=YdgQj7xcDJo,YouTube
9496,https://www.youtube.com/watch?v=7KWbLummuMI,YouTube
9497,https://www.youtube.com/watch?v=uPCyjqGH914,YouTube
9498,,
9499,https://www.youtube.com/watch?v=uS3Vp_quGCw,YouTube
9500,,
9501,,
9502,https://www.youtube.com/watch?v=h64qugj_iDg,YouTube
9503,,
9504,https://www.youtube.com/watch?v=QZ3JYLriWaE,YouTube
9505,https://www.youtube.com/watch?v=YfQnRjkuvaY,YouTube
9506,,
9507,https://www.youtube.com/watch?v=p17DJbPRLc0,YouTube
9508,https://www.youtube.com/watch?v=mspnr56tnLA,YouTube
9509,https://www.youtube.com/watch?v=HTrT6QSqnGs,YouTube
9510,https://www.youtube.com/watch?v=O-MRLGxczj8,YouTube
9511,,
9512,https://www.youtube.com/watch?v=MJsDuGRiLqM,YouTube
9513,https://www.youtube.com/watch?v=KPbrtb0COK8,YouTube
9514,,
9515,https://www.youtube.com/watch?v=nHrDy8-e-wo,YouTube
9516,,
9517,https://www.youtube.com/watch?v=6lsnYP-8zd4,YouTube
9518,,
9519,https://www.youtube.com/watch?v=3Sy7RofBmrs,YouTube
9520,,
9521,,
9522,https://www.youtube.com/watch?v=gP0NIi65Jv8,YouTube
9523,,
9524,https://www.youtube.com/watch?v=S7uxLt7oPHs,YouTube
9525,https://www.youtube.com/watch?v=nrG6Zk7UV-U,YouTube
9526,https://www.youtube.com/watch?v=gubU4V3ewQw,YouTube
9527,,
9528,https://www.youtube.com/watch?v=nLiUc1OKKQk,YouTube
9529,https://www.youtube.com/watch?v=i49iyn7FN6Y,YouTube
9530,https://www.youtube.com/watch?v=aBcPXnLR6Oc,YouTube
9531,,
9532,,
9533,,
9534,,
9535,,
9536,,
9537,,
9538,https://www.youtube.com/watch?v=4haJD6W136c,YouTube
9539,https://www.youtube.com/watch?v=KRYURVuIC3o,YouTube
9540,https://www.youtube.com/watch?v=cuTjBL28l0U,YouTube
9541,https://www.youtube.com/watch?v=5wfrDhgUMGI,YouTube
9542,https://www.youtube.com/watch?v=0yfWnRKXRac,YouTube
9543,https://www.youtube.com/watch?v=jOOuCJ-3ufc,YouTube
9544,,
9545,,
9546,https://www.youtube.com/watch?v=6UKWEZ1LnhM,YouTube
9547,,
9548,,
9549,https://www.youtube.com/watch?v=Mnj-MXs1yVU,YouTube
9550,,
9551,,
9552,https://www.youtube.com/watch?v=WZZ9QHJD2_U,YouTube
9553,,
9554,,
9555,,
9556,,
9557,https://www.youtube.com/watch?v=AOfFh0e6DvQ,YouTube
9558,,
9559,,
9560,https://www.youtube.com/watch?v=afo_N20zeUU,YouTube
9561,,
9562,,
9563,,
9564,,
9565,,
9566,https://www.youtube.com/watch?v=06ZGnJAd84U,YouTube
9567,,
9568,https://www.youtube.com/watch?v=LvTw9XJWwWE,YouTube
9569,,
9570,,
9571,https://www.youtube.com/watch?v=1DNXCdWZuHs,YouTube
9572,,
9573,https://www.youtube.com/watch?v=2f5La9q2_k8,YouTube
9574,https://www.youtube.com/watch?v=PSOazX_RiOI,YouTube
9575,https://www.youtube.com/watch?v=Pd9oTGr_1DA,YouTube
9576,,
9577,,
9578,https://www.youtube.com/watch?v=QsyzkkI_g14,YouTube
9579,https://www.youtube.com/watch?v=sPbkDS5ls6I,YouTube
9580,https://www.youtube.com/watch?v=tvw8qcf4kv8,YouTube
9581,https://www.youtube.com/watch?v=4ord940o470,YouTube
9582,https://www.youtube.com/watch?v=vRnhEjP3R-c,YouTube
9583,https://www.youtube.com/watch?v=xC8AjoqpBAY,YouTube
9584,https://www.youtube.com/watch?v=3GgKghKUOnw,YouTube
9585,https://www.youtube.com/watch?v=nxKOMAfZjgM,YouTube
9586,https://www.youtube.com/watch?v=IpKmt4MpctM,YouTube
9587,https://www.youtube.com/watch?v=wIp6sUaOqI8,YouTube
9588,,
9589,,
9590,https://www.youtube.com/watch?v=gvxNaSIB_WI,YouTube
9591,https://www.youtube.com/watch?v=3JqMlLqlz0o,YouTube
9592,,
9593,https://www.youtube.com/watch?v=_AO17SgWAKA,YouTube
9594,https://www.youtube.com/watch?v=GQw-IX9yqXw,YouTube
9595,https://www.youtube.com/watch?v=YfBnF484Qc0,YouTube
9596,https://www.youtube.com/watch?v=a2m6Jvp0bUw,YouTube
9597,,
9598,,
9599,https://www.youtube.com/watch?v=o6bjjr51tGc,YouTube
9600,https://www.youtube.com/watch?v=kMqeoW3XRa0,YouTube
9601,,
9602,,
9603,https://www.youtube.com/watch?v=saj3EzrDw1Y,YouTube
9604,,
9605,,
9606,https://www.youtube.com/watch?v=idZPTuwcMJA,YouTube
9607,,
9608,,
9609,,
9610,https://www.youtube.com/watch?v=dpL-YGK_E68,YouTube
9611,https://www.youtube.com/watch?v=toRRACvGp60,YouTube
9612,https://www.youtube.com/watch?v=aNGhnNMSopI,YouTube
9613,,
9614,,
9615,,
9616,,
9617,https://www.youtube.com/watch?v=QkEhyS6kfbs,YouTube
9618,https://www.youtube.com/watch?v=GVDTSfyFTTY,YouTube
9619,,
9620,,
9621,https://www.youtube.com/watch?v=-hQGiozwHiI,YouTube
9622,https://www.youtube.com/watch?v=nIgeVoVMv90,YouTube
9623,,
9624,,
9625,,
9626,https://www.youtube.com/watch?v=q3b_luiZ8bo,YouTube
9627,,
9628,,
9629,https://www.youtube.com/watch?v=3NQRhE772b0,YouTube
9630,https://www.youtube.com/watch?v=3NQRhE772b0,YouTube
9631,https://www.youtube.com/watch?v=3NQRhE772b0,YouTube
9632,https://www.youtube.com/watch?v=qD-6d8Wo3do,YouTube
9633,https://www.youtube.com/watch?v=qD-6d8Wo3do,YouTube
9634,https://www.youtube.com/watch?v=qD-6d8Wo3do,YouTube
9635,,
9636,https://www.youtube.com/watch?v=vcyef27rZ-w,YouTube
9637,https://www.youtube.com/watch?v=DTixFRwNKq4,YouTube
9638,https://www.youtube.com/watch?v=kmxLybfGNC4,YouTube
9639,https://www.youtube.com/watch?v=H2T3FMTEI-Q,YouTube
9640,,
9641,,
9642,https://www.youtube.com/watch?v=qXoRdSTrR-4,YouTube
9643,https://www.youtube.com/watch?v=CDpXhlJd6WQ,YouTube
9644,,
9645,https://www.youtube.com/watch?v=Zvjmt4pwtdg,YouTube
9646,,
9647,https://www.youtube.com/watch?v=yz55D5k6FkA,YouTube
9648,https://www.youtube.com/watch?v=coOxcnfBr9s,YouTube
9649,https://www.youtube.com/watch?v=fNibbOj7mOk,YouTube
9650,https://www.youtube.com/watch?v=p0abWuHBJRg,YouTube
9651,https://www.youtube.com/watch?v=yW6HIUHkKPk,YouTube
9652,https://www.youtube.com/watch?v=htyIs6HuzOQ,YouTube
9653,https://www.youtube.com/watch?v=FSfWGcD78v4,YouTube
9654,https://www.youtube.com/watch?v=pu_TmXgGEG8,YouTube
9655,https://www.youtube.com/watch?v=yDWj_g6haNw,YouTube
9656,https://www.youtube.com/watch?v=S2DwrJ9S3f4,YouTube
9657,https://www.youtube.com/watch?v=BNxsaFCzqxc,YouTube
9658,https://www.youtube.com/watch?v=Vz8-MGVDs2M,YouTube
9659,https://www.youtube.com/watch?v=l8yfW7LHYbk,YouTube
9660,https://www.youtube.com/watch?v=WAVj7WQfMaI,YouTube
9661,,
9662,,
9663,,
9664,,
9665,,
9666,,
9667,,
9668,,
9669,https://www.youtube.com/watch?v=75nPyu36QiE,YouTube
9670,,
9671,https://www.youtube.com/watch?v=ovPjr71pkjY,YouTube
9672,,
9673,,
9674,https://www.youtube.com/watch?v=Lo-OXY1iXVU,YouTube
9675,,
9676,,
9677,,
9678,https://www.youtube.com/watch?v=vX5tltuCJMk,YouTube
9679,https://www.youtube.com/watch?v=AJvOkeJQB5o,YouTube
9680,https://www.youtube.com/watch?v=PkS1Q_Ik5BM,YouTube
9681,,
9682,https://www.youtube.com/watch?v=qAnU7VzJFCA,YouTube
9683,,
9684,https://www.youtube.com/watch?v=7eUFkeKHRwk,YouTube
9685,,
9686,https://www.youtube.com/watch?v=_qDaxkLUcTM,YouTube
9687,https://www.youtube.com/watch?v=tFMo3UJ4B4g,YouTube
9688,,
9689,https://www.youtube.com/watch?v=zEkYAzSpHnA,YouTube
9690,https://www.youtube.com/watch?v=9I2z4YPuMZ0,YouTube
9691,https://www.youtube.com/watch?v=bRToMXs4eas,YouTube
9692,,
9693,https://www.youtube.com/watch?v=bt8p8G7GY6s,YouTube
9694,https://www.youtube.com/watch?v=N6nNSzhTiUw,YouTube
9695,https://www.youtube.com/watch?v=yxLByThNvWU,YouTube
9696,,
9697,https://www.youtube.com/watch?v=_eOytniKelk,YouTube
9698,,
9699,,
9700,,
9701,https://www.youtube.com/watch?v=O8DbQTjzMKs,YouTube
9702,,
9703,,
9704,https://www.youtube.com/watch?v=g_itBfEC_TI,YouTube
9705,https://www.youtube.com/watch?v=9CM3idbIFaA,YouTube
9706,,
9707,,
9708,,
9709,https://www.youtube.com/watch?v=xTLsFUk5fTk,YouTube
9710,https://www.youtube.com/watch?v=uBbJrpSOGLo,YouTube
9711,https://www.youtube.com/watch?v=ahWgxw9E_h4,YouTube
9712,https://www.youtube.com/watch?v=rNUYdgIyaPM,YouTube
9713,https://www.youtube.com/watch?v=4kcnBmwrXGY,YouTube
9714,https://www.youtube.com/watch?v=FRDRfQ_mZnA,YouTube
9715,,
9716,https://www.youtube.com/watch?v=aoCP_JHzBUM,YouTube
9717,,
9718,https://www.youtube.com/watch?v=5W4PfXCKBPc,YouTube
9719,https://www.youtube.com/watch?v=705yRfs6Dbs,YouTube
9720,,
9721,,
9722,,
9723,https://www.youtube.com/watch?v=AX2uz2XYkbo,YouTube
9724,,
9725,https://www.youtube.com/watch?v=x-YtgwGAJTw,YouTube
9726,https://www.youtube.com/watch?v=l7CP5ipqqwU,YouTube
9727,https://www.youtube.com/watch?v=9XEh7arNSms,YouTube
9728,https://www.youtube.com/watch?v=kEu7BS8IsuA,YouTube
9729,https://www.youtube.com/watch?v=ADj35gDqM90,YouTube
9730,,
9731,https://www.youtube.com/watch?v=635JhSGKeR8,YouTube
9732,https://www.youtube.com/watch?v=S4tBEVvSzSk,YouTube
9733,,
9734,,
9735,https://www.youtube.com/watch?v=dGLMpdoEuSw,YouTube
9736,https://www.youtube.com/watch?v=fVBoOYI2yVM,YouTube
9737,,
9738,https://www.youtube.com/watch?v=S8xQLN181kY,YouTube
9739,,
9740,,
9741,,
9742,https://www.youtube.com/watch?v=WPZDpKFWa4c,YouTube
9743,https://www.youtube.com/watch?v=39Jv7zbo8Qk,YouTube
9744,,
9745,https://www.youtube.com/watch?v=w-QyjD_x5EM,YouTube
9746,,
9747,https://www.youtube.com/watch?v=gWfnoGuHZqM,YouTube
9748,,
9749,,
9750,,
9751,https://www.youtube.com/watch?v=nPfYXXg65qA,YouTube
9752,,
9753,https://www.youtube.com/watch?v=BLH0JjhBe8g,YouTube
9754,https://www.youtube.com/watch?v=h2eV-cSMpIU,YouTube
9755,https://www.youtube.com/watch?v=rT7_bbyI7PA,YouTube
9756,https://www.youtube.com/watch?v=AY1Ws1_r_X0,YouTube
9757,https://www.youtube.com/watch?v=HGcZxBNNpKM,YouTube
9758,,
9759,,
9760,,
9761,,
9762,,
9763,,
9764,,
9765,,
9766,,
9767,,
9768,https://www.youtube.com/watch?v=HjRqok3v72U,YouTube
9769,https://www.youtube.com/watch?v=ytDp30vuiCo,YouTube
9770,https://www.youtube.com/watch?v=epCg2RbyF80,YouTube
9771,,
9772,https://www.youtube.com/watch?v=BxayeK871hk,YouTube
9773,https://www.youtube.com/watch?v=JdLcKgRsIRo,YouTube
9774,https://www.youtube.com/watch?v=T9g73G7WMsk,YouTube
9775,https://www.youtube.com/watch?v=WgPQ7_xsm3o,YouTube
9776,https://www.youtube.com/watch?v=SfTQdLYSu0w,YouTube
9777,https://www.youtube.com/watch?v=VF3FfZxPX7U,YouTube
9778,,
9779,,
9780,https://www.youtube.com/watch?v=VF3FfZxPX7U,YouTube
9781,https://www.youtube.com/watch?v=U5fzQI6UMvc,YouTube
9782,https://www.youtube.com/watch?v=6GUZ5G72rh4,YouTube
9783,,
9784,,
9785,,
9786,https://www.youtube.com/watch?v=QUlr8Am4zQ0,YouTube
9787,,
9788,,
9789,,
9790,,
9791,,
9792,,
9793,https://www.youtube.com/watch?v=fivOhPjX9YM,YouTube
9794,https://www.youtube.com/watch?v=gM96ne-XiH0,YouTube
9795,https://www.youtube.com/watch?v=AjCebKn4iic,YouTube
9796,https://www.youtube.com/watch?v=mfa9t-TeeVU,YouTube
9797,https://www.youtube.com/watch?v=ie8v-dGK8rI,YouTube
9798,,
9799,https://www.youtube.com/watch?v=LIwWa-WkCak,YouTube
9800,https://www.youtube.com/watch?v=UI19hoTNaC4,YouTube
9801,https://www.youtube.com/watch?v=nubDFeiUAsI,YouTube
9802,,
9803,https://www.youtube.com/watch?v=PHow1B32WZw,YouTube
9804,https://www.youtube.com/watch?v=IQZuAWcxm2c,YouTube
9805,,
9806,,
9807,https://www.youtube.com/watch?v=mjKEXxO2KNE,YouTube
9808,https://www.youtube.com/watch?v=JIe6_e2ICzQ,YouTube
9809,https://www.youtube.com/watch?v=3ubGgmaexv8,YouTube
9810,,
9811,https://www.youtube.com/watch?v=J-jWH0tIrak,YouTube
9812,https://www.youtube.com/watch?v=x_7YlGv9u1g,YouTube
9813,https://www.youtube.com/watch?v=i0lr6hfRG9s,YouTube
9814,,
9815,https://www.youtube.com/watch?v=kyajJPH2YBM,YouTube
9816,https://www.youtube.com/watch?v=uftuhKxMxhY,YouTube
9817,https://www.youtube.com/watch?v=Pmg168t67Vs,YouTube
9818,,
9819,,
9820,https://www.youtube.com/watch?v=7LviGTHud5w,YouTube
9821,,
9822,,
9823,https://www.youtube.com/watch?v=E6-XUIS3DUw,YouTube
9824,https://www.youtube.com/watch?v=p1Q4cfiho-4,YouTube
9825,,
9826,,
9827,https://www.youtube.com/watch?v=4oeW9sflsdg,YouTube
9828,,
9829,,
9830,,
9831,https://www.youtube.com/watch?v=Jf44vLndiRM,YouTube
9832,,
9833,https://www.youtube.com/watch?v=p62SjhAdeK0,YouTube
9834,https://www.youtube.com/watch?v=sm35mEBsqQM,YouTube
9835,https://www.youtube.com/watch?v=zu8ZVlycwtI,YouTube
9836,https://www.youtube.com/watch?v=0oBwQHWeYxo,YouTube
9837,,
9838,https://www.youtube.com/watch?v=YPQL8RbwckU,YouTube
9839,,
9840,,
9841,,
9842,,
9843,,
9844,,
9845,https://www.youtube.com/watch?v=Ws74Ie4fMc8,YouTube
9846,https://www.youtube.com/watch?v=sm_hwxNTAa0,YouTube
9847,https://www.youtube.com/watch?v=oj6gYbvbc-0,YouTube
9848,,
9849,,
9850,,
9851,,
9852,https://www.youtube.com/watch?v=lLPkLaAWObA,YouTube
9853,https://www.youtube.com/watch?v=b8GjECVTdBk,YouTube
9854,,
9855,https://www.youtube.com/watch?v=xyjm5VQ11TQ,YouTube
9856,https://www.youtube.com/watch?v=aw9hlZ2uiII,YouTube
9857,https://www.youtube.com/watch?v=Ge8zlpiSQa4,YouTube
9858,,
9859,,
9860,https://www.youtube.com/watch?v=eQrZ26kPSpM,YouTube
9861,https://www.youtube.com/watch?v=079zFCh81L4,YouTube
9862,,
9863,https://www.youtube.com/watch?v=I9KAoTQlEWs,YouTube
9864,https://www.youtube.com/watch?v=x73-573aWfs,YouTube
9865,https://www.youtube.com/watch?v=uDQFd1iQyjw,YouTube
9866,https://www.youtube.com/watch?v=qKhqKQboTn0,YouTube
9867,https://www.youtube.com/watch?v=yU0ySLiZP14,YouTube
9868,https://www.youtube.com/watch?v=ibHi56GSD1o,YouTube
9869,,
9870,,
9871,,
9872,https://www.youtube.com/watch?v=tV_IhWE4LP0,YouTube
9873,https://www.youtube.com/watch?v=YkQgZGNMdv4,YouTube
9874,https://www.youtube.com/watch?v=XlA6XIj1sPk,YouTube
9875,https://www.youtube.com/watch?v=CF1rtd8_pxA,YouTube
9876,https://www.youtube.com/watch?v=9rfW8Eui4AQ,YouTube
9877,,
9878,,
9879,,
9880,,
9881,,
9882,,
9883,,
9884,https://www.youtube.com/watch?v=40NSEn733iU,YouTube
9885,,
9886,,
9887,https://www.youtube.com/watch?v=QDaG0IF7ucc,YouTube
9888,,
9889,,
9890,https://www.youtube.com/watch?v=9vxeBJY0sVQ,YouTube
9891,,
9892,,
9893,https://www.youtube.com/watch?v=exmQsRfx3TA,YouTube
9894,https://www.youtube.com/watch?v=a5ulfQrF578,YouTube
9895,https://www.youtube.com/watch?v=zIkzuXDhCcQ,YouTube
9896,https://www.youtube.com/watch?v=HSzx-zryEgM,YouTube
9897,https://www.youtube.com/watch?v=xNstK5rbzcw,YouTube
9898,https://www.youtube.com/watch?v=KWs5qnZnhfo,YouTube
9899,https://www.youtube.com/watch?v=02IAhy5OKT0,YouTube
9900,,
9901,https://www.youtube.com/watch?v=B-tC0wcIu24,YouTube
9902,https://www.youtube.com/watch?v=a9Jg20Ukf4E,YouTube
9903,https://www.youtube.com/watch?v=7lN9_mQq2mQ,YouTube
9904,https://www.youtube.com/watch?v=J7_1MU3gDk0,YouTube
9905,https://www.youtube.com/watch?v=HjGkB_oWTe0,YouTube
9906,,
9907,,
9908,https://www.youtube.com/watch?v=bL6K1hviqaQ,YouTube
9909,https://www.youtube.com/watch?v=YfQnRjkuvaY,YouTube
9910,https://www.youtube.com/watch?v=Fu-u5VldxVY,YouTube
9911,,
9912,https://www.youtube.com/watch?v=CmRih_VtVAs,YouTube
9913,,
9914,https://www.youtube.com/watch?v=9NJj12tJzqc,YouTube
9915,,
9916,https://www.youtube.com/watch?v=psbRRURnsmA,YouTube
9917,https://www.youtube.com/watch?v=aQdOUbHTvvA,YouTube
9918,,
9919,,
9920,https://www.youtube.com/watch?v=1iB_Gfw__AQ,YouTube
9921,,
9922,https://www.youtube.com/watch?v=8GANy6lZ1X4,YouTube
9923,,
9924,,
9925,,
9926,,
9927,,
9928,https://www.youtube.com/watch?v=ieBmy6qjiCI,YouTube
9929,https://www.youtube.com/watch?v=3wEJ_T8hovw,YouTube
9930,https://www.youtube.com/watch?v=oquZifON8Eg,YouTube
9931,https://www.youtube.com/watch?v=wl0koy0NkG8,YouTube
9932,https://www.youtube.com/watch?v=QlSAiI3xMh4,YouTube
9933,,
9934,https://www.youtube.com/watch?v=XvsJd6tEyBE,YouTube
9935,,
9936,,
9937,https://www.youtube.com/watch?v=lCiNOr5nlP0,YouTube
9938,,
9939,https://www.youtube.com/watch?v=hn1j2AywoJw,YouTube
9940,,
9941,https://www.youtube.com/watch?v=PcnrD15mqf4,YouTube
9942,https://www.youtube.com/watch?v=90EyWL5eTcA,YouTube
9943,https://www.youtube.com/watch?v=lA5njebTiZY,YouTube
9944,,
9945,https://www.youtube.com/watch?v=5IPyv4KgTAA,YouTube
9946,,
9947,https://www.youtube.com/watch?v=3nXblCMnetI,YouTube
9948,https://www.youtube.com/watch?v=fEXHUtXA53g,YouTube
9949,https://www.youtube.com/watch?v=JNQKBXaHbA0,YouTube
9950,https://www.youtube.com/watch?v=S-UPJyEHmM0,YouTube
9951,,
9952,https://www.youtube.com/watch?v=Tw1jwFTDrSU,YouTube
9953,https://www.youtube.com/watch?v=dLmKio67pVQ,YouTube
9954,,
9955,https://www.youtube.com/watch?v=uW_GNKVuZ1c,YouTube
9956,,
9957,,
9958,https://www.youtube.com/watch?v=T95zFC4Z2pY,YouTube
9959,https://www.youtube.com/watch?v=Hy6op7S1fCo,YouTube
9960,https://www.youtube.com/watch?v=U0-jiWeRr9g,YouTube
9961,https://www.youtube.com/watch?v=JNQKBXaHbA0,YouTube
9962,,
9963,https://www.youtube.com/watch?v=gmU2Hq8AsYY,YouTube
9964,https://www.youtube.com/watch?v=q2FEblUV-o4,YouTube
9965,https://www.youtube.com/watch?v=ex0LBV4NS4c,YouTube
9966,,
9967,,
9968,https://www.youtube.com/watch?v=8MIQvB-xDSE,YouTube
9969,,
9970,https://www.youtube.com/watch?v=doZfHO8f82k,YouTube
9971,https://www.youtube.com/watch?v=eFxiY7Iq2RA,YouTube
9972,,
9973,https://www.youtube.com/watch?v=EZY7_dCQRgk,YouTube
9974,,
9975,,
9976,https://www.youtube.com/watch?v=s2-1hz1juBI,YouTube
9977,https://www.youtube.com/watch?v=KPppxWCnlMM,YouTube
9978,https://www.youtube.com/watch?v=RbM6FIgZZg0,YouTube
9979,https://www.youtube.com/watch?v=tC-HGUhxyyc,YouTube
9980,https://www.youtube.com/watch?v=olxto6CgFPo,YouTube
9981,,
9982,,
9983,https://www.youtube.com/watch?v=g9pW3B8Ycc4,YouTube
9984,https://www.youtube.com/watch?v=nD9-RU6plbU,YouTube
9985,,
9986,,
9987,https://www.youtube.com/watch?v=-PYV3VH4xUM,YouTube
9988,https://www.youtube.com/watch?v=AuuX2j14NBg,YouTube
9989,https://www.youtube.com/watch?v=qNripK67rH0,YouTube
9990,https://www.youtube.com/watch?v=rjEPjJuHlL8,YouTube
9991,,
9992,https://www.youtube.com/watch?v=njzTBH8mZLU,YouTube
9993,,
9994,https://www.youtube.com/watch?v=757-QKEfHao,YouTube
9995,https://www.youtube.com/watch?v=AdEFqon_dmM,YouTube
9996,https://www.youtube.com/watch?v=YGft9XiX4bs,YouTube
9997,https://www.youtube.com/watch?v=CUj73MLqZoQ,YouTube
9998,,
9999,,
10000,https://www.youtube.com/watch?v=xU84MpyXwTE,YouTube
10001,,
10002,,
10003,https://www.youtube.com/watch?v=UEvAAbZcSVs,YouTube
10004,,
10005,,
10006,https://www.youtube.com/watch?v=TRR51GjL8cA,YouTube
10007,https://www.youtube.com/watch?v=BNHyTnzxeyk,YouTube
10008,https://www.youtube.com/watch?v=QIKenCq5cjw,YouTube
10009,,
10010,https://www.youtube.com/watch?v=HAEI3DWfd3k,YouTube
10011,https://www.youtube.com/watch?v=-uyVJX60RM4,YouTube
10012,https://www.youtube.com/watch?v=DkPluechlNY,YouTube
10013,,
10014,https://www.youtube.com/watch?v=0nhGGQ_PYyE,YouTube
10015,,
10016,,
10017,,
10018,https://www.youtube.com/watch?v=-KMEOaMCJss,YouTube
10019,,
10020,,
10021,,
10022,,
10023,https://www.youtube.com/watch?v=9Nyp-LGHj8o,YouTube
10024,https://www.youtube.com/watch?v=yhd-yvMjImU,YouTube
10025,https://www.youtube.com/watch?v=KPoTSIbf2_Y,YouTube
10026,https://www.youtube.com/watch?v=QclTi3xNS-s,YouTube
10027,https://www.youtube.com/watch?v=3ByHsnR2zoo,YouTube
10028,https://www.youtube.com/watch?v=iPVOtTJ4qHI,YouTube
10029,https://www.youtube.com/watch?v=besOe0maHfw,YouTube
10030,https://www.youtube.com/watch?v=mN83l9Des3M,YouTube
10031,https://www.youtube.com/watch?v=6LiKKFZyhRU,YouTube
10032,,
10033,,
10034,,
10035,https://www.youtube.com/watch?v=8hq28cZ938E,YouTube
10036,https://www.youtube.com/watch?v=6GYHnhcH7Ns,YouTube
10037,,
10038,,
10039,,
10040,https://www.youtube.com/watch?v=JPIQLjUByXU,YouTube
10041,,
10042,,
10043,,
10044,,
10045,https://www.youtube.com/watch?v=R3Unq55oBxQ,YouTube
10046,https://www.youtube.com/watch?v=j9AyPrtxN1c,YouTube
10047,https://www.youtube.com/watch?v=6zrn4-FfbXw,YouTube
10048,,
10049,https://www.youtube.com/watch?v=YucH0KgvV0c,YouTube
10050,https://www.youtube.com/watch?v=ktr1a2p36Cw,YouTube
10051,https://www.youtube.com/watch?v=ai3hleBXRpo,YouTube
10052,https://www.youtube.com/watch?v=w51IR_BFGyc,YouTube
10053,https://www.youtube.com/watch?v=797KnoCgnOY,YouTube
10054,,
10055,,
10056,,
10057,,
10058,https://www.youtube.com/watch?v=NLGRKAuI7Bo,YouTube
10059,,
10060,https://www.youtube.com/watch?v=MBQbkbnj780,YouTube
10061,,
10062,,
10063,,
10064,https://www.youtube.com/watch?v=wBPBSroi_VE,YouTube
10065,,
10066,,
10067,https://www.youtube.com/watch?v=erTdFJzN2rQ,YouTube
10068,,
10069,https://www.youtube.com/watch?v=4W6byFcD5uE,YouTube
10070,https://www.youtube.com/watch?v=btj7FNzT2j8,YouTube
10071,https://www.youtube.com/watch?v=xckQ51rBlaE,YouTube
10072,,
10073,https://www.youtube.com/watch?v=d3R4rxv33sg,YouTube
10074,https://www.youtube.com/watch?v=XZj7DFQEWwo,YouTube
10075,https://www.youtube.com/watch?v=7-1jKAc3RGk,YouTube
10076,,
10077,,
10078,,
10079,https://www.youtube.com/watch?v=vex0gPFnBvM,YouTube
10080,,
10081,,
10082,,
10083,https://www.youtube.com/watch?v=pdljX50YAZ0,YouTube
10084,https://www.youtube.com/watch?v=ScKPEIg62eI,YouTube
10085,https://www.youtube.com/watch?v=DQmjwwQxtHU,YouTube
10086,,
10087,,
10088,https://www.youtube.com/watch?v=fVR8yJjnhjI,YouTube
10089,,
10090,https://www.youtube.com/watch?v=d1Fe3mInaTI,YouTube
10091,,
10092,,
10093,,
10094,,
10095,,
10096,https://www.youtube.com/watch?v=Q93zwgIqTzU,YouTube
10097,,
10098,https://www.youtube.com/watch?v=Lg17y6iz7Xs,YouTube
10099,https://www.youtube.com/watch?v=hYQ2lS-biy8,YouTube
10100,https://www.youtube.com/watch?v=HCjApb9EDcg,YouTube
10101,,
10102,,
10103,https://www.youtube.com/watch?v=pg278L_T62k,YouTube
10104,,
10105,,
10106,https://www.youtube.com/watch?v=Odm7OUyZzxQ,YouTube
10107,,
10108,,
10109,https://www.youtube.com/watch?v=_Sj1oyb2PE4,YouTube
10110,https://www.youtube.com/watch?v=_Sj1oyb2PE4,YouTube
10111,,
10112,,
10113,,
10114,https://www.youtube.com/watch?v=6GsN94EMBBw,YouTube
10115,https://www.youtube.com/watch?v=6GsN94EMBBw,YouTube
10116,,
10117,https://www.youtube.com/watch?v=PLSPLqwYwJg,YouTube
10118,https://www.youtube.com/watch?v=FIHpfivxayY,YouTube
10119,https://www.youtube.com/watch?v=QF903RaKLvs,YouTube
10120,,
10121,https://www.youtube.com/watch?v=wA09LSnRZcI,YouTube
10122,,
10123,https://www.youtube.com/watch?v=bp7rSydlXAQ,YouTube
10124,,
10125,https://www.youtube.com/watch?v=AaN4Qo-Ocnc,YouTube
10126,https://www.youtube.com/watch?v=ocSf8m2xWiI,YouTube
10127,,
10128,,
10129,https://www.youtube.com/watch?v=xvRZIAwkTvQ,YouTube
10130,https://www.youtube.com/watch?v=L4bMdRZ9mUE,YouTube
10131,,
10132,,
10133,,
10134,,
10135,https://www.youtube.com/watch?v=HwLY3aiT26U,YouTube
10136,https://www.youtube.com/watch?v=uKqi9edJVQY,YouTube
10137,https://www.youtube.com/watch?v=cEvsrvQ2RD8,YouTube
10138,https://www.youtube.com/watch?v=zO1_r6slUlk,YouTube
10139,https://www.youtube.com/watch?v=7wZJqUrJyDs,YouTube
10140,https://www.youtube.com/watch?v=TRs4B6HigG8,YouTube
10141,https://www.youtube.com/watch?v=3xzPE6J2hIU,YouTube
10142,https://www.youtube.com/watch?v=g4Zg9HH9HRE,YouTube
10143,,
10144,https://www.youtube.com/watch?v=r7G6IVN5Fd8,YouTube
10145,,
10146,https://www.youtube.com/watch?v=2PR9MOPTI7g,YouTube
10147,https://www.youtube.com/watch?v=1CsgoDjpAV8,YouTube
10148,https://www.youtube.com/watch?v=WCJhtU3b3Pw,YouTube
10149,https://www.youtube.com/watch?v=IiJLJd7cH1c,YouTube
10150,,
10151,,
10152,,
10153,https://www.youtube.com/watch?v=z9j6WcdU-ts,YouTube
10154,,
10155,,
10156,https://www.youtube.com/watch?v=gZDIWcAV93k,YouTube
10157,,
10158,https://www.youtube.com/watch?v=6ZKfF84LKT0,YouTube
10159,https://www.youtube.com/watch?v=ieBmy6qjiCI,YouTube
10160,https://www.youtube.com/watch?v=rgzypQRl6Lc,YouTube
10161,https://www.youtube.com/watch?v=gyPkbZ_kmEg,YouTube
10162,,
10163,https://www.youtube.com/watch?v=JyNYoAd02Uo,YouTube
10164,https://www.youtube.com/watch?v=sd3lDhyM21M,YouTube
10165,https://www.youtube.com/watch?v=NfRrEUz62Lw,YouTube
10166,https://www.youtube.com/watch?v=1yMI7jPxxRg,YouTube
10167,https://www.youtube.com/watch?v=JRkK5n2mkvg,YouTube
10168,https://www.youtube.com/watch?v=eDchGHJdRVs,YouTube
10169,https://www.youtube.com/watch?v=fU6TTdGelDs,YouTube
10170,https://www.youtube.com/watch?v=z6VVELKyhOg,YouTube
10171,,
10172,,
10173,https://www.youtube.com/watch?v=KqRdVOQ98k8,YouTube
10174,https://www.youtube.com/watch?v=VFsmuRPClr4,YouTube
10175,https://www.youtube.com/watch?v=CikoxQ4ytI4,YouTube
10176,https://www.youtube.com/watch?v=bV60Oj068zU,YouTube
10177,https://www.youtube.com/watch?v=IRVJwH3hBd0,YouTube
10178,https://www.youtube.com/watch?v=5-t2-NenlrQ,YouTube
10179,https://www.youtube.com/watch?v=rwxzeuKelvc,YouTube
10180,,
10181,https://www.youtube.com/watch?v=MVLunty-fw0,YouTube
10182,,
10183,,
10184,,
10185,https://www.youtube.com/watch?v=0hHTCtOdBg0,YouTube
10186,https://www.youtube.com/watch?v=5UKZSvYH7Bc,YouTube
10187,,
10188,,
10189,,
10190,,
10191,https://www.youtube.com/watch?v=0HBoQ1AjUB4,YouTube
10192,,
10193,https://www.youtube.com/watch?v=4XdRLd13a4M,YouTube
10194,https://www.youtube.com/watch?v=nN5PvNQq86E,YouTube
10195,,
10196,,
10197,https://www.youtube.com/watch?v=-F5WcFPDzko,YouTube
10198,https://www.youtube.com/watch?v=BbKBrY7uBhE,YouTube
10199,https://www.youtube.com/watch?v=gPg9mUNICfI,YouTube
10200,https://www.youtube.com/watch?v=E2nrE9JnaDg,YouTube
10201,,
10202,,
10203,,
10204,https://www.youtube.com/watch?v=Tj6UMd1Qhfw,YouTube
10205,,
10206,,
10207,,
10208,,
10209,https://www.youtube.com/watch?v=XRVD32rnzOw,YouTube
10210,,
10211,,
10212,https://www.youtube.com/watch?v=Gi6wDhqg9_w,YouTube
10213,,
10214,,
10215,https://www.youtube.com/watch?v=BTp2XuuvHBc,YouTube
10216,,
10217,,
10218,,
10219,https://www.youtube.com/watch?v=girSv9UH_V8,YouTube
10220,,
10221,https://www.youtube.com/watch?v=y_KP9x80Z9Q,YouTube
10222,https://www.youtube.com/watch?v=0b3WZ2K473s,YouTube
10223,,
10224,https://www.youtube.com/watch?v=q4C4CZT8NTM,YouTube
10225,https://www.youtube.com/watch?v=jMa6cxG2yDk,YouTube
10226,,
10227,,
10228,https://www.youtube.com/watch?v=PCgbFay53BA,YouTube
10229,https://www.youtube.com/watch?v=slAsWgjNGWI,YouTube
10230,,
10231,https://www.youtube.com/watch?v=si1nUGVVTYU,YouTube
10232,,
10233,,
10234,,
10235,,
10236,,
10237,,
10238,,
10239,https://www.youtube.com/watch?v=K9zy27apgI8,YouTube
10240,https://www.youtube.com/watch?v=cMVxECWC-vk,YouTube
10241,https://www.youtube.com/watch?v=AuEjHzOIgBE,YouTube
10242,https://www.youtube.com/watch?v=ZxfwqNvrl78,YouTube
10243,,
10244,https://www.youtube.com/watch?v=Io6hPdC41RM,YouTube
10245,https://www.youtube.com/watch?v=2Zw_1lcqaWE,YouTube
10246,https://www.youtube.com/watch?v=M5mo87QHVg0,YouTube
10247,,
10248,https://www.youtube.com/watch?v=8kyOvsbj_hs,YouTube
10249,,
10250,https://www.youtube.com/watch?v=Nu3AbqaPIMs,YouTube
10251,https://www.youtube.com/watch?v=YFzabCeVadg,YouTube
10252,,
10253,https://www.youtube.com/watch?v=ZR4g4UZzuzU,YouTube
10254,https://www.youtube.com/watch?v=ARs6yOCgtXs,YouTube
10255,https://www.youtube.com/watch?v=K37cOnb3VvE,YouTube
10256,,
10257,,
10258,,
10259,https://www.youtube.com/watch?v=2TwhiLUCOwE,YouTube
10260,https://www.youtube.com/watch?v=1NaoX3E1C38,YouTube
10261,,
10262,,
10263,,
10264,https://www.youtube.com/watch?v=I5QlFDuAgb4,YouTube
10265,,
10266,,
10267,,
10268,https://www.youtube.com/watch?v=wp1inKOog18,YouTube
10269,,
10270,https://www.youtube.com/watch?v=O1Qb3_7mauw,YouTube
10271,,
10272,,
10273,https://www.youtube.com/watch?v=LbduDRH2m2M,YouTube
10274,,
10275,https://www.youtube.com/watch?v=f8V8OnsA-ek,YouTube
10276,https://www.youtube.com/watch?v=Jer8XjMrUB4,YouTube
10277,,
10278,https://www.youtube.com/watch?v=qUlfJXWenIM,YouTube
10279,,
10280,https://www.youtube.com/watch?v=_GI-3R1i8Qc,YouTube
10281,,
10282,https://www.youtube.com/watch?v=ntYowWH8W2Q,YouTube
10283,,
10284,https://www.youtube.com/watch?v=wZzSZ_8OCY4,YouTube
10285,https://www.youtube.com/watch?v=Ka8QJjfpw1w,YouTube
10286,,
10287,,
10288,,
10289,,
10290,,
10291,,
10292,,
10293,,
10294,,
10295,,
10296,,
10297,https://www.youtube.com/watch?v=xvnM6wjBp64,YouTube
10298,https://www.youtube.com/watch?v=yOfaCTrbGq4,YouTube
10299,https://www.youtube.com/watch?v=MYruHOXRoZ8,YouTube
10300,https://www.youtube.com/watch?v=q1WlKXQ68KI,YouTube
10301,,
10302,https://www.youtube.com/watch?v=4xPC1lEJ6Mg,YouTube
10303,https://www.youtube.com/watch?v=hkmXMawXkrU,YouTube
10304,https://www.youtube.com/watch?v=QOlnuN2PXbg,YouTube
10305,,
10306,https://www.youtube.com/watch?v=wOVZb_jJ0_g,YouTube
10307,,
10308,,
10309,https://www.youtube.com/watch?v=HeaugHGd1Kw,YouTube
10310,https://www.youtube.com/watch?v=r4O4Xec60_k,YouTube
10311,,
10312,https://www.youtube.com/watch?v=VqcjhlCjw0g,YouTube
10313,,
10314,https://www.youtube.com/watch?v=_C-lb-_wQh8,YouTube
10315,https://www.youtube.com/watch?v=oVgxxdu-gJc,YouTube
10316,https://www.youtube.com/watch?v=a891D5_bGY4,YouTube
10317,,
10318,,
10319,,
10320,,
10321,https://www.youtube.com/watch?v=c7fP9q_LyDc,YouTube
10322,https://www.youtube.com/watch?v=CJoDVzkQeeE,YouTube
10323,https://www.youtube.com/watch?v=fj4U86qAx4Y,YouTube
10324,https://www.youtube.com/watch?v=fChx_YZUAR0,YouTube
10325,,
10326,https://www.youtube.com/watch?v=Gd9-PcOPjgk,YouTube
10327,,
10328,https://www.youtube.com/watch?v=CldGTG6iVrU,YouTube
10329,https://www.youtube.com/watch?v=qdkjcAzjF04,YouTube
10330,,
10331,https://www.youtube.com/watch?v=5mDi49Qj1xk,YouTube
10332,https://www.youtube.com/watch?v=9P8FipU-EZY,YouTube
10333,https://www.youtube.com/watch?v=43WgTJGjU98,YouTube
10334,,
10335,https://www.youtube.com/watch?v=WiONylGn8Xw,YouTube
10336,,
10337,https://www.youtube.com/watch?v=mMjPokU5-0w,YouTube
10338,,
10339,https://www.youtube.com/watch?v=GZ0Bey4YUGI,YouTube
10340,https://www.youtube.com/watch?v=vKCFkFaIwU0,YouTube
10341,https://www.youtube.com/watch?v=6xlmjV4hMIc,YouTube
10342,,
10343,https://www.youtube.com/watch?v=OlhLOWTnVoQ,YouTube
10344,,
10345,https://www.youtube.com/watch?v=vbeUevpK8iM,YouTube
10346,https://www.youtube.com/watch?v=4n7fosK9UyY,YouTube
10347,,
10348,https://www.youtube.com/watch?v=vvMJaRx3_r8,YouTube
10349,https://www.youtube.com/watch?v=A2L0100_Yp4,YouTube
10350,https://www.youtube.com/watch?v=i1iNZ4XukhE,YouTube
10351,,
10352,,
10353,,
10354,,
10355,https://www.youtube.com/watch?v=jCAVBienXgg,YouTube
10356,,
10357,https://www.youtube.com/watch?v=2THODznVOt8,YouTube
10358,,
10359,https://www.youtube.com/watch?v=rfxi5os43M0,YouTube
10360,https://www.youtube.com/watch?v=ZQTqu1_iQkw,YouTube
10361,https://www.youtube.com/watch?v=f4FlcWyrz-k,YouTube
10362,https://www.youtube.com/watch?v=5x9Fxv_2F0o,YouTube
10363,,
10364,https://www.youtube.com/watch?v=Zeaoo0K9Acc,YouTube
10365,https://www.youtube.com/watch?v=s15PvvAt4lo,YouTube
10366,https://www.youtube.com/watch?v=ofYNrO77clY,YouTube
10367,,
10368,,
10369,https://www.youtube.com/watch?v=S3AVcCggRnU,YouTube
10370,https://www.youtube.com/watch?v=MZAXZ24bAS8,YouTube
10371,https://www.youtube.com/watch?v=bxDl_ER5VC0,YouTube
10372,,
10373,,
10374,https://www.youtube.com/watch?v=XAHprLW48no,YouTube
10375,https://www.youtube.com/watch?v=1RgKlnG5aQY,YouTube
10376,,
10377,https://www.youtube.com/watch?v=OwGclAAIpx4,YouTube
10378,https://www.youtube.com/watch?v=9caWuoYjFF4,YouTube
10379,https://www.youtube.com/watch?v=ofLGLA0QAEA,YouTube
10380,https://www.youtube.com/watch?v=bt7r3RaLbrY,YouTube
10381,https://www.youtube.com/watch?v=u0mrzMQJMQ8,YouTube
10382,,
10383,https://www.youtube.com/watch?v=AHuOo1DLcRc,YouTube
10384,https://www.youtube.com/watch?v=1mOVgI0-pb4,YouTube
10385,,
10386,,
10387,,
10388,,
10389,,
10390,https://www.youtube.com/watch?v=cX7DKENY98U,YouTube
10391,,
10392,https://www.youtube.com/watch?v=iP8EgMUVmwk,YouTube
10393,,
10394,,
10395,https://www.youtube.com/watch?v=fTHSqutzOcQ,YouTube
10396,https://www.youtube.com/watch?v=fVwiczePA0s,YouTube
10397,https://www.youtube.com/watch?v=fR6l4D47fW8,YouTube
10398,,
10399,https://www.youtube.com/watch?v=FbEWtpSmJXg,YouTube
10400,,
10401,https://www.youtube.com/watch?v=SH15-Aj57fc,YouTube
10402,,
10403,,
10404,https://www.youtube.com/watch?v=hs3EbyHYjg4,YouTube
10405,,
10406,https://www.youtube.com/watch?v=9eDlO73C5h4,YouTube
10407,https://www.youtube.com/watch?v=SHYuROYNoPA,YouTube
10408,https://www.youtube.com/watch?v=LNtrhFFquzY,YouTube
10409,https://www.youtube.com/watch?v=7DKQh59_yCo,YouTube
10410,https://www.youtube.com/watch?v=7iXwR0mFHn8,YouTube
10411,,
10412,https://www.youtube.com/watch?v=NhWg7AQLI_8,YouTube
10413,https://www.youtube.com/watch?v=AL2TShb6fFs,YouTube
10414,https://www.youtube.com/watch?v=hWxLLyr9aOU,YouTube
10415,https://www.youtube.com/watch?v=nb2TyPfxaQU,YouTube
10416,,
10417,https://www.youtube.com/watch?v=dOrHmivPEhk,YouTube
10418,https://www.youtube.com/watch?v=4_GkilRNI4Y,YouTube
10419,https://www.youtube.com/watch?v=kOM4g4Y300I,YouTube
10420,https://www.youtube.com/watch?v=TvJMbGcdLMI,YouTube
10421,https://www.youtube.com/watch?v=Ar-5PAj-YOc,YouTube
10422,,
10423,,
10424,https://www.youtube.com/watch?v=Hdos6JaXcBo,YouTube
10425,https://www.youtube.com/watch?v=X-YuxDOO8pU,YouTube
10426,https://www.youtube.com/watch?v=hUruCMQmW1M,YouTube
10427,https://www.youtube.com/watch?v=6HUMQfvwYvE,YouTube
10428,,
10429,https://www.youtube.com/watch?v=d1ukKLgU8VI,YouTube
10430,https://www.youtube.com/watch?v=eth7JUKVwok,YouTube
10431,,
10432,,
10433,https://www.youtube.com/watch?v=R3TeI9jPPuA,YouTube
10434,https://www.youtube.com/watch?v=jjMA-2RiK3s,YouTube
10435,https://www.youtube.com/watch?v=6cnTTAmmjN0,YouTube
10436,,
10437,,
10438,https://www.youtube.com/watch?v=vNny_BZ-N9I,YouTube
10439,https://www.youtube.com/watch?v=h3QXIv1xvNc,YouTube
10440,https://www.youtube.com/watch?v=cx4fIfjaFJg,YouTube
10441,https://www.youtube.com/watch?v=lhuutAnXBzQ,YouTube
10442,https://www.youtube.com/watch?v=xD8X66rWiR0,YouTube
10443,https://www.youtube.com/watch?v=4Si4rVc3ALk,YouTube
10444,,
10445,https://www.youtube.com/watch?v=FX2BNMwH3Ag,YouTube
10446,https://www.youtube.com/watch?v=v33o9deALkA,YouTube
10447,https://www.youtube.com/watch?v=G_ATX4C8Pmw,YouTube
10448,https://www.youtube.com/watch?v=NTX29bZLsew,YouTube
10449,https://www.youtube.com/watch?v=xUyTRSlmXf4,YouTube
10450,,
10451,,
10452,,
10453,,
10454,,
10455,,
10456,https://www.youtube.com/watch?v=3HxEXnVSr1w,YouTube
10457,,
10458,https://www.youtube.com/watch?v=sUgPNU_mRLQ,YouTube
10459,https://www.youtube.com/watch?v=7M94VB_7WAo,YouTube
10460,,
10461,,
10462,https://www.youtube.com/watch?v=bWw9CvqoxEk,YouTube
10463,,
10464,https://www.youtube.com/watch?v=xZ_IsVxIPTc,YouTube
10465,,
10466,,
10467,https://www.youtube.com/watch?v=LwRCH9lYsj4,YouTube
10468,https://www.youtube.com/watch?v=EH3zcuRQXNo,YouTube
10469,,
10470,,
10471,https://www.youtube.com/watch?v=uKuym66LIr4,YouTube
10472,,
10473,https://www.youtube.com/watch?v=OBiqFHRIREQ,YouTube
10474,https://www.youtube.com/watch?v=CD2pjnGy8Fk,YouTube
10475,,
10476,,
10477,,
10478,https://www.youtube.com/watch?v=UOLzzdTWBKs,YouTube
10479,,
10480,,
10481,,
10482,https://www.youtube.com/watch?v=9NULTwrcmLk,YouTube
10483,https://www.youtube.com/watch?v=Xq3fTk_9xfc,YouTube
10484,,
10485,https://www.youtube.com/watch?v=y1SpWZm1PLc,YouTube
10486,,
10487,,
10488,https://www.youtube.com/watch?v=yrK1f4TsQfM,YouTube
10489,https://www.youtube.com/watch?v=EcWK0M4VMjA,YouTube
10490,https://www.youtube.com/watch?v=fmkfKcr5JPQ,YouTube
10491,https://www.youtube.com/watch?v=_MyY9DLA3TQ,YouTube
10492,https://www.youtube.com/watch?v=KeP5YVVkQV8,YouTube
10493,https://www.youtube.com/watch?v=_jHA97HzhxE,YouTube
10494,,
10495,https://www.youtube.com/watch?v=dPaU4Gymt3E,YouTube
10496,,
10497,,
10498,,
10499,https://www.youtube.com/watch?v=HhNshgSYF_M,YouTube
10500,,
10501,,
10502,https://www.youtube.com/watch?v=RKkwnzVtCF0,YouTube
10503,https://www.youtube.com/watch?v=7ZRnB4BNq6w,YouTube
10504,https://www.youtube.com/watch?v=sWJ5PlHL2kM,YouTube
10505,https://www.youtube.com/watch?v=hfnDTvbtDUI,YouTube
10506,,
10507,,
10508,,
10509,,
10510,https://www.youtube.com/watch?v=OfbA9a_CUxU,YouTube
10511,https://www.youtube.com/watch?v=NXpNIQ-PUO4,YouTube
10512,https://www.youtube.com/watch?v=y5N7OyoTCXg,YouTube
10513,,
10514,,
10515,,
10516,,
10517,,
10518,,
10519,https://www.youtube.com/watch?v=l__gGyq21U8,YouTube
10520,https://www.youtube.com/watch?v=K8-grwufsxs,YouTube
10521,https://www.youtube.com/watch?v=dKrVegVI0Us,YouTube
10522,,
10523,https://www.youtube.com/watch?v=1QuGfTG4zcM,YouTube
10524,https://www.youtube.com/watch?v=i6qlPeS1kGY,YouTube
10525,,
10526,,
10527,,
10528,,
10529,https://www.youtube.com/watch?v=eHq7u2x7I8Q,YouTube
10530,https://www.youtube.com/watch?v=mxJOSKl8rjE,YouTube
10531,,
10532,https://www.youtube.com/watch?v=0Co1Iptd4p4,YouTube
10533,https://www.youtube.com/watch?v=5xIxBVbUOpA,YouTube
10534,,
10535,,
10536,,
10537,https://www.youtube.com/watch?v=DX9rKumF5Ao,YouTube
10538,,
10539,,
10540,,
10541,,
10542,,
10543,,
10544,,
10545,https://www.youtube.com/watch?v=WTNrb3Bln9A,YouTube
10546,,
10547,,
10548,,
10549,,
10550,,
10551,,
10552,https://www.youtube.com/watch?v=E_Ci-pAL4eE,YouTube
10553,,
10554,https://www.youtube.com/watch?v=Lgj4GjqCFlY,YouTube
10555,,
10556,,
10557,,
10558,,
10559,https://www.youtube.com/watch?v=iKCw-kqo3cs,YouTube
10560,,
10561,https://www.youtube.com/watch?v=SKJfBo3xMW0,YouTube
10562,https://www.youtube.com/watch?v=wJudurbkv1E,YouTube
10563,,
10564,,
10565,,
10566,,
10567,,
10568,,
10569,,
10570,,
10571,,
10572,,
10573,,
10574,,
10575,,
10576,https://www.youtube.com/watch?v=bnbjwmLMuJY,YouTube
10577,,
10578,,
10579,https://www.youtube.com/watch?v=6eXHwRng4bw,YouTube
10580,,
10581,,
10582,,
10583,,
10584,https://www.youtube.com/watch?v=rmC3ZhIHHi4,YouTube
10585,,
10586,,
10587,,
10588,,
10589,https://www.youtube.com/watch?v=xjuxIbxV8Mk,YouTube
10590,,
10591,https://www.youtube.com/watch?v=kYxarObwhnA,YouTube
10592,https://www.youtube.com/watch?v=Y8WlTcD5gxE,YouTube
10593,,
10594,https://www.youtube.com/watch?v=RFinNxS5KN4,YouTube
10595,https://www.youtube.com/watch?v=PE9qcIst6Hw,YouTube
10596,https://www.youtube.com/watch?v=eVYfHkrXBbU,YouTube
10597,https://www.youtube.com/watch?v=zZGg9wqKVxw,YouTube
10598,https://www.youtube.com/watch?v=ZfRQB-vXEgs,YouTube
10599,https://www.youtube.com/watch?v=Uia6y9SRsj4,YouTube
10600,,
10601,,
10602,https://www.youtube.com/watch?v=AhguPTEaeoc,YouTube
10603,,
10604,https://www.youtube.com/watch?v=AjuyrRTqfkE,YouTube
10605,https://www.youtube.com/watch?v=WgNWtyKHods,YouTube
10606,https://www.youtube.com/watch?v=ncvFAm4kYCo,YouTube
10607,,
10608,,
10609,https://www.youtube.com/watch?v=vEa7iTdH_Z4,YouTube
10610,https://www.youtube.com/watch?v=NrVR3lUPzCQ,YouTube
10611,https://www.youtube.com/watch?v=7cnUI_ryp2w,YouTube
10612,,
10613,,
10614,,
10615,,
10616,https://www.youtube.com/watch?v=VwbdeyymCU8,YouTube
10617,https://www.youtube.com/watch?v=zXDr-mZkRTQ,YouTube
10618,https://www.youtube.com/watch?v=4mnzK2KIz9U,YouTube
10619,https://www.youtube.com/watch?v=B9LQhyBYSeg,YouTube
10620,,
10621,,
10622,,
10623,,
10624,,
10625,,
10626,https://www.youtube.com/watch?v=eHgqfVQWv7s,YouTube
10627,https://www.youtube.com/watch?v=AuXK8ZbTmLk,YouTube
10628,,
10629,https://www.youtube.com/watch?v=_KUY_NJAMG0,YouTube
10630,,
10631,https://www.youtube.com/watch?v=38c0poYLV1I,YouTube
10632,,
10633,https://www.youtube.com/watch?v=RpyfGqJ0uII,YouTube
10634,https://www.youtube.com/watch?v=akwGjUeU6YA,YouTube
10635,,
10636,,
10637,,
10638,,
10639,,
10640,https://www.youtube.com/watch?v=0qJzWrq7les,YouTube
10641,,
10642,https://www.youtube.com/watch?v=8Ri2xL8aDY8,YouTube
10643,,
10644,,
10645,,
10646,,
10647,,
10648,,
10649,https://www.youtube.com/watch?v=CeQxKAslbtM,YouTube
10650,,
10651,,
10652,,
10653,,
10654,https://www.youtube.com/watch?v=imCOi7pqKh0,YouTube
10655,https://www.youtube.com/watch?v=N5k4FBGtbMs,YouTube
10656,,
10657,,
10658,,
10659,https://www.youtube.com/watch?v=BuWmelfSTHI,YouTube
10660,https://www.youtube.com/watch?v=XQWAVk6P1h0,YouTube
10661,,
10662,https://www.youtube.com/watch?v=2SH5bojNemg,YouTube
10663,,
10664,,
10665,https://www.youtube.com/watch?v=nAoEoWrOe8g,YouTube
10666,,
10667,https://www.youtube.com/watch?v=PrXFNS16I0Q,YouTube
10668,https://www.youtube.com/watch?v=JRCOFVj-gck,YouTube
10669,,
10670,,
10671,,
10672,https://www.youtube.com/watch?v=Z39ioUlJL6o,YouTube
10673,https://www.youtube.com/watch?v=XBrfxHOXsDE,YouTube
10674,https://www.youtube.com/watch?v=3bvnoqsvY-M,YouTube
10675,https://www.youtube.com/watch?v=YNovx44gkDE,YouTube
10676,https://www.youtube.com/watch?v=SEJuBrGzPZ4,YouTube
10677,,
10678,https://www.youtube.com/watch?v=VT4YtWdK01M,YouTube
10679,https://www.youtube.com/watch?v=3NZCWPuTsy0,YouTube
10680,https://www.youtube.com/watch?v=hOoIBOYqHyw,YouTube
10681,https://www.youtube.com/watch?v=8L4KvJv_O-c,YouTube
10682,,
10683,https://www.youtube.com/watch?v=Fq6lG4GeEMI,YouTube
10684,,
10685,,
10686,,
10687,https://www.youtube.com/watch?v=w3gVq6WXMpg,YouTube
10688,https://www.youtube.com/watch?v=z1iefFsPSaw,YouTube
10689,https://www.youtube.com/watch?v=3ibgWtcvj5A,YouTube
10690,,
10691,,
10692,https://www.youtube.com/watch?v=LPFEJNm4Nw0,YouTube
10693,https://www.youtube.com/watch?v=Z-aZceoVnWw,YouTube
10694,,
10695,https://www.youtube.com/watch?v=peYvl4WEz5I,YouTube
10696,,
10697,https://www.youtube.com/watch?v=A1CrsJgFqkU,YouTube
10698,https://www.youtube.com/watch?v=XaMo7qN-OMg,YouTube
10699,,
10700,https://www.youtube.com/watch?v=zTjWe-WsYRs,YouTube
10701,https://www.youtube.com/watch?v=68sO1s9Hy70,YouTube
10702,https://www.youtube.com/watch?v=nLEZLXSrOqo,YouTube
10703,,
10704,,
10705,https://www.youtube.com/watch?v=E6l4xrEjFY8,YouTube
10706,https://www.youtube.com/watch?v=taKrznrypjE,YouTube
10707,,
10708,https://www.youtube.com/watch?v=3vHLlfz9Www,YouTube
10709,https://www.youtube.com/watch?v=lqqaK_0rHnQ,YouTube
10710,https://www.youtube.com/watch?v=c0oKDxlrfEU,YouTube
10711,,
10712,,
10713,,
10714,https://www.youtube.com/watch?v=671bZc4jX7g,YouTube
10715,https://www.youtube.com/watch?v=tAnX6XQ8bQw,YouTube
10716,https://www.youtube.com/watch?v=jYk2Vx1z6lk,YouTube
10717,,
10718,https://www.youtube.com/watch?v=RkSY0Y00sb4,YouTube
10719,,
10720,https://www.youtube.com/watch?v=gE4dd8wFApM,YouTube
10721,,
10722,https://www.youtube.com/watch?v=lThdKt9aXyM,YouTube
10723,https://www.youtube.com/watch?v=SNTaFzXlP8E,YouTube
10724,,
10725,https://www.youtube.com/watch?v=3GPEKKaSmZY,YouTube
10726,https://www.youtube.com/watch?v=HpMx3e83cq4,YouTube
10727,,
10728,,
10729,https://www.youtube.com/watch?v=bLpeQL6dFVM,YouTube
10730,https://www.youtube.com/watch?v=p079eEd1UyI,YouTube
10731,,
10732,https://www.youtube.com/watch?v=F73eXXiMwB4,YouTube
10733,,
10734,,
10735,,
10736,https://www.youtube.com/watch?v=kCZajozobwU,YouTube
10737,https://www.youtube.com/watch?v=rZKWxVa67wk,YouTube
10738,https://www.youtube.com/watch?v=NWnrow_02mA,YouTube
10739,https://www.youtube.com/watch?v=hyzQjVUmIxk,YouTube
10740,https://www.youtube.com/watch?v=Ihb8vCrj2kc,YouTube
10741,,
10742,,
10743,,
10744,https://www.youtube.com/watch?v=ygTmV3K57_8,YouTube
10745,https://www.youtube.com/watch?v=Ys5MuQ3U3ZU,YouTube
10746,,
10747,,
10748,,
10749,,
10750,,
10751,,
10752,,
10753,https://www.youtube.com/watch?v=9Q4g6TXuqDs,YouTube
10754,https://www.youtube.com/watch?v=oovHqvMFjGI,YouTube
10755,,
10756,https://www.youtube.com/watch?v=BMwOEkTmTyQ,YouTube
10757,https://www.youtube.com/watch?v=9KgWvvz3U-A,YouTube
10758,https://www.youtube.com/watch?v=fslYsa1umyI,YouTube
10759,https://www.youtube.com/watch?v=ABaPagdTtZE,YouTube
10760,https://www.youtube.com/watch?v=RqXGb4CxLP0,YouTube
10761,https://www.youtube.com/watch?v=jsNod2_lZHY,YouTube
10762,,
10763,,
10764,https://www.youtube.com/watch?v=rcUiS0dpTkg,YouTube
10765,,
10766,,
10767,,
10768,,
10769,,
10770,,
10771,,
10772,https://www.youtube.com/watch?v=otwKZBxCQnA,YouTube
10773,,
10774,,
10775,https://www.youtube.com/watch?v=M77DgdQW_bM,YouTube
10776,,
10777,https://www.youtube.com/watch?v=71vXzDCKqDw,YouTube
10778,,
10779,https://www.youtube.com/watch?v=Ux4sQG1Lvco,YouTube
10780,https://www.youtube.com/watch?v=InF16sp7J0M,YouTube
10781,https://www.youtube.com/watch?v=1_tbqnzJspo,YouTube
10782,,
10783,,
10784,https://www.youtube.com/watch?v=jF0RW3cnssU,YouTube
10785,,
10786,https://www.youtube.com/watch?v=UeFni9dOv7c,YouTube
10787,https://www.youtube.com/watch?v=UvMk7Z0Sp7E,YouTube
10788,https://www.youtube.com/watch?v=v8u7iu_AJs0,YouTube
10789,https://www.youtube.com/watch?v=YoSmPkWmG4k,YouTube
10790,,
10791,,
10792,https://www.youtube.com/watch?v=NRP-4f_vyrY,YouTube
10793,https://www.youtube.com/watch?v=OEh1fT1IH14,YouTube
10794,https://www.youtube.com/watch?v=kaXCFOjpSRc,YouTube
10795,,
10796,https://www.youtube.com/watch?v=UZoJkl5rCrg,YouTube
10797,,
10798,https://www.youtube.com/watch?v=l88tkhzVMa0,YouTube
10799,,
10800,,
10801,https://www.youtube.com/watch?v=F2UZe8FNsck,YouTube
10802,https://www.youtube.com/watch?v=O_WpfNNJTBQ,YouTube
10803,https://www.youtube.com/watch?v=mIl-XY9t_Lw,YouTube
10804,https://www.youtube.com/watch?v=bLSGiaLz_sg,YouTube
10805,https://www.youtube.com/watch?v=TPGvhbygqJM,YouTube
10806,https://www.youtube.com/watch?v=Ho9KA_JF0sE,YouTube
10807,,
10808,,
10809,https://www.youtube.com/watch?v=oXGm9Vlfx4w,YouTube
10810,,
10811,https://www.youtube.com/watch?v=deNLpgTMYjA,YouTube
10812,https://www.youtube.com/watch?v=TJc8u9xv3LU,YouTube
10813,,
10814,https://www.youtube.com/watch?v=WawVnyspImw,YouTube
10815,,
10816,https://www.youtube.com/watch?v=Vfs5rifq_jY,YouTube
10817,https://www.youtube.com/watch?v=wqq63ZJ5q3w,YouTube
10818,https://www.youtube.com/watch?v=7SvYYPHyuAI,YouTube
10819,https://www.youtube.com/watch?v=h69wgzr2z24,YouTube
10820,https://www.youtube.com/watch?v=KefO9YIwNYg,YouTube
10821,https://www.youtube.com/watch?v=uTYTKLVKXgc,YouTube
10822,https://www.youtube.com/watch?v=xq1cEmhVa68,YouTube
10823,https://www.youtube.com/watch?v=q8xEQdWQCho,YouTube
10824,https://www.youtube.com/watch?v=BjHdKRhQCRo,YouTube
10825,https://www.youtube.com/watch?v=5jaI1XOB-bs,YouTube
10826,https://www.youtube.com/watch?v=WaeBR9Ej_qs,YouTube
10827,https://www.youtube.com/watch?v=-1ru6xV7SOM,YouTube
10828,,
10829,https://www.youtube.com/watch?v=i4SkO3ypCXw,YouTube
10830,,
10831,,
10832,https://www.youtube.com/watch?v=ALu12sWr3Rs,YouTube
10833,https://www.youtube.com/watch?v=0n_HQwQU8ls,YouTube
10834,https://www.youtube.com/watch?v=Ux2TQ3hMEO0,YouTube
10835,https://www.youtube.com/watch?v=OJoJuo5fP14,YouTube
10836,,
10837,https://www.youtube.com/watch?v=ejaH6vbKOto,YouTube
10838,,
10839,https://www.youtube.com/watch?v=x4YgifoTd3E,YouTube
10840,,
10841,,
10842,https://www.youtube.com/watch?v=6F2gaqo3QS4,YouTube
10843,https://www.youtube.com/watch?v=Kdh5P8dtMXA,YouTube
10844,,
10845,https://www.youtube.com/watch?v=rosOtYVJM4I,YouTube
10846,https://www.youtube.com/watch?v=uvavIfjTDaE,YouTube
10847,https://www.youtube.com/watch?v=lLTT8ogRf50,YouTube
10848,,
10849,,
10850,https://www.youtube.com/watch?v=rPxuwEA7Avc,YouTube
10851,,
10852,https://www.youtube.com/watch?v=Skpu5HaVkOc,YouTube
10853,https://www.youtube.com/watch?v=XlT7UQm5pfY,YouTube
10854,,
10855,https://www.youtube.com/watch?v=xBLmBdn2QF8,YouTube
10856,https://www.youtube.com/watch?v=h8pdTuDt6qA,YouTube
10857,,
10858,https://www.youtube.com/watch?v=J1NZJXo-Lso,YouTube
10859,,
10860,https://www.youtube.com/watch?v=WlqhD78v3t0,YouTube
10861,https://www.youtube.com/watch?v=ctRK-4Vt7dA,YouTube
10862,https://www.youtube.com/watch?v=S2LRbq2Z1KY,YouTube
10863,https://www.youtube.com/watch?v=K6IXQbXPO3I,YouTube
10864,https://www.youtube.com/watch?v=HCIK_AN8Zn4,YouTube
10865,https://www.youtube.com/watch?v=wxur3zQJ3jU,YouTube
10866,https://www.youtube.com/watch?v=YQRbTNN-jNE,YouTube
10867,https://www.youtube.com/watch?v=aGtUiVSD19g,YouTube
10868,https://www.youtube.com/watch?v=rHNtzyXvyLc,YouTube
10869,https://www.youtube.com/watch?v=1akixU65dDY,YouTube
10870,,
10871,,
10872,https://www.youtube.com/watch?v=8M7-B5K0ees,YouTube
10873,,
10874,,
10875,,
10876,https://www.youtube.com/watch?v=LQBmISELXyI,YouTube
10877,,
10878,https://www.youtube.com/watch?v=S-oJ1D5aZcM,YouTube
10879,https://www.youtube.com/watch?v=na2DCkGRvwI,YouTube
10880,https://www.youtube.com/watch?v=l9EkK8yjFGU,YouTube
10881,https://www.youtube.com/watch?v=pvyPmbBpBWw,YouTube
10882,https://www.youtube.com/watch?v=hHfCeClJEFI,YouTube
10883,https://www.youtube.com/watch?v=uR-2TiQVY-k,YouTube
10884,https://www.youtube.com/watch?v=9krX7Kwsz6w,YouTube
10885,https://www.youtube.com/watch?v=FyKWUTwSYAs,YouTube
10886,https://www.youtube.com/watch?v=dRGUD-YDxMw,YouTube
10887,https://www.youtube.com/watch?v=68lVS8ZJ3Fk,YouTube
10888,https://www.youtube.com/watch?v=uifJLWoWv8c,YouTube
10889,https://www.youtube.com/watch?v=bK3uqWggJ0c,YouTube
10890,https://www.youtube.com/watch?v=0yehgqPtG3Y,YouTube
10891,https://www.youtube.com/watch?v=2UuRFr0GnHM,YouTube
10892,,
10893,https://www.youtube.com/watch?v=TUzfNLEl5Qo,YouTube
10894,https://www.youtube.com/watch?v=P_Of0m2d8-0,YouTube
10895,https://www.youtube.com/watch?v=tB6WvjbOP3Y,YouTube
10896,https://www.youtube.com/watch?v=E4RChn-_wko,YouTube
10897,https://www.youtube.com/watch?v=MgbBwovOOoc,YouTube
10898,,
10899,https://www.youtube.com/watch?v=Qqmj12n7yYc,YouTube
10900,https://www.youtube.com/watch?v=mPjrk-EZ2dM,YouTube
10901,,
10902,https://www.youtube.com/watch?v=zsRnQQpklPM,YouTube
10903,https://www.youtube.com/watch?v=jRSdGIOzSO0,YouTube
10904,https://www.youtube.com/watch?v=ncB8dMAbVw0,YouTube
10905,https://www.youtube.com/watch?v=838aCpFNpjA,YouTube
10906,https://www.youtube.com/watch?v=M1iQ5hQTR5s,YouTube
10907,https://vimeo.com/80112802,Vimeo
10908,https://www.youtube.com/watch?v=kOphble2gZg,YouTube
10909,https://www.youtube.com/watch?v=KOFQz7mzWwo,YouTube
10910,,
10911,https://www.youtube.com/watch?v=Gql0lQf4UPo,YouTube
10912,,
10913,https://www.youtube.com/watch?v=hWbCr7-oS9I,YouTube
10914,,
10915,https://www.youtube.com/watch?v=GW-iRG8PevM,YouTube
10916,,
10917,,
10918,,
10919,,
10920,,
10921,https://www.youtube.com/watch?v=El9LbIzfZAw,YouTube
10922,,
10923,,
10924,,
10925,,
10926,https://www.youtube.com/watch?v=4KNWbfRDEv8,YouTube
10927,,
10928,https://www.youtube.com/watch?v=qnH_49um62w,YouTube
10929,,
10930,https://www.youtube.com/watch?v=CazD-qfsTa0,YouTube
10931,https://www.youtube.com/watch?v=FgXdrN5SCuQ,YouTube
10932,,
10933,https://www.youtube.com/watch?v=4CJBuUwd0Os,YouTube
10934,,
10935,,
10936,,
10937,https://www.youtube.com/watch?v=BWxSYeSPO3E,YouTube
10938,https://www.youtube.com/watch?v=4FMxH8SkO70,YouTube
10939,https://www.youtube.com/watch?v=57BOD5N4DBM,YouTube
10940,https://www.youtube.com/watch?v=xvVkFh0Nqxk,YouTube
10941,,
10942,https://www.youtube.com/watch?v=GbcH9KCN4Xk,YouTube
10943,,
10944,https://www.youtube.com/watch?v=NueLjUNB-GM,YouTube
10945,,
10946,,
10947,,
10948,,
10949,https://www.youtube.com/watch?v=nasLuiP-1E0,YouTube
10950,https://www.youtube.com/watch?v=uUvjk7tHDSs,YouTube
10951,https://www.youtube.com/watch?v=1zeqqhA5Z3A,YouTube
10952,https://www.youtube.com/watch?v=AtHirtYl0v0,YouTube
10953,,
10954,,
10955,,
10956,https://www.youtube.com/watch?v=dxAcIWDi8ps,YouTube
10957,https://www.youtube.com/watch?v=JudjRVhIgns,YouTube
10958,,
10959,https://www.youtube.com/watch?v=sXw843GfNFw,YouTube
10960,https://www.youtube.com/watch?v=i63jdSPiwiI,YouTube
10961,,
10962,,
10963,,
10964,,
10965,,
10966,,
10967,,
10968,,
10969,,
10970,,
10971,,
10972,,
10973,,
10974,,
10975,https://www.youtube.com/watch?v=AQkCNxIM5yk,YouTube
10976,https://www.youtube.com/watch?v=DfqPjRMsRP0,YouTube
10977,,
10978,,
10979,,
10980,,
10981,https://www.youtube.com/watch?v=Yr71UTY56EE,YouTube
10982,,
10983,https://www.youtube.com/watch?v=FTaVShdDS2U,YouTube
10984,https://www.youtube.com/watch?v=iQXmlf3Sefg,YouTube
10985,https://www.youtube.com/watch?v=3lsWoZiYsEU,YouTube
10986,,
10987,https://www.youtube.com/watch?v=OeSbugAnE2s,YouTube
10988,https://www.youtube.com/watch?v=Xf4EsivAU2A,YouTube
10989,https://www.youtube.com/watch?v=y4hENN3iQ7E,YouTube
10990,https://www.youtube.com/watch?v=SAXU--BJWYY,YouTube
10991,https://www.youtube.com/watch?v=2MkoXh8xE_w,YouTube
10992,,
10993,,
10994,https://www.youtube.com/watch?v=vOxlmwYmjws,YouTube
10995,,
10996,,
10997,,
10998,https://www.youtube.com/watch?v=rAsBlmSIksk,YouTube
10999,https://www.youtube.com/watch?v=iah3S6lCPvI,YouTube
11000,,
11001,,
11002,https://www.youtube.com/watch?v=3wj4ncIEDxw,YouTube
11003,https://www.youtube.com/watch?v=JY0DGLrd9GY,YouTube
11004,https://www.youtube.com/watch?v=-t1781OdVvQ,YouTube
11005,https://www.youtube.com/watch?v=ajwJiex_4i8,YouTube
11006,,
11007,,
11008,https://www.youtube.com/watch?v=uMGMTPfxVAU,YouTube
11009,https://www.youtube.com/watch?v=4G5L03hlQX4,YouTube
11010,https://www.youtube.com/watch?v=Ze8Gshk53Y8,YouTube
11011,https://www.youtube.com/watch?v=-nLAB-YESTs,YouTube
11012,https://www.youtube.com/watch?v=rl5WmFXEDo4,YouTube
11013,,
11014,https://www.youtube.com/watch?v=HUjy69kczqI,YouTube
11015,https://www.youtube.com/watch?v=arhMMJx7tCU,YouTube
11016,,
11017,https://www.youtube.com/watch?v=WVHlrfzLjd4,YouTube
11018,,
11019,https://www.youtube.com/watch?v=B-9B1gfvqLE,YouTube
11020,https://www.youtube.com/watch?v=LoebZZ8K5N0,YouTube
11021,https://www.youtube.com/watch?v=QTIwfN-4hZ4,YouTube
11022,https://www.youtube.com/watch?v=iLgnhZ4RUqQ,YouTube
11023,https://www.youtube.com/watch?v=CoBCEdt_BC8,YouTube
11024,,
11025,,
11026,https://www.youtube.com/watch?v=yJrbA9Rlhr8,YouTube
11027,https://www.youtube.com/watch?v=0rtTAw5aee4,YouTube
11028,https://www.youtube.com/watch?v=KS8wdVZqVrU,YouTube
11029,https://www.youtube.com/watch?v=E4DJz_lvSvI,YouTube
11030,https://www.youtube.com/watch?v=2v3wFxDcnqE,YouTube
11031,,
11032,https://www.youtube.com/watch?v=Pv1Zeafjwr4,YouTube
11033,,
11034,https://www.youtube.com/watch?v=wbq_ybcuofc,YouTube
11035,,
11036,,
11037,https://www.youtube.com/watch?v=q5O2tfiaTxU,YouTube
11038,https://www.youtube.com/watch?v=SODvv2xxvgI,YouTube
11039,https://www.youtube.com/watch?v=IEHhUx5X5_s,YouTube
11040,,
11041,,
11042,,
11043,https://www.youtube.com/watch?v=LKPghZ5cc_E,YouTube
11044,https://www.youtube.com/watch?v=o6qYB5ZmlEs,YouTube
11045,https://www.youtube.com/watch?v=CX-hyid1ENQ,YouTube
11046,https://www.youtube.com/watch?v=Sc5ZuVd-K0o,YouTube
11047,https://www.youtube.com/watch?v=L_hgrfZVlJA,YouTube
11048,,
11049,https://www.youtube.com/watch?v=vl6BWTIZeOg,YouTube
11050,,
11051,https://www.youtube.com/watch?v=WYELiw9nvnE,YouTube
11052,,
11053,https://www.youtube.com/watch?v=4Icxu4WsurY,YouTube
11054,,
11055,,
11056,https://www.youtube.com/watch?v=I7-c66mbzXA,YouTube
11057,,
11058,,
11059,https://www.youtube.com/watch?v=cEHWM55KFFU,YouTube
11060,,
11061,,
11062,,
11063,,
11064,,
11065,,
11066,,
11067,https://www.youtube.com/watch?v=PCdJz4yTg7M,YouTube
11068,,
11069,,
11070,,
11071,,
11072,https://www.youtube.com/watch?v=QD22ZCHnS08,YouTube
11073,https://vimeo.com/301741597,Vimeo
11074,,
11075,,
11076,https://www.youtube.com/watch?v=FCBYMYlV7Bw,YouTube
11077,https://www.youtube.com/watch?v=4JVgQzBG5Ho,YouTube
11078,,
11079,,
11080,https://www.youtube.com/watch?v=bUN5uSu_VQM,YouTube
11081,https://www.youtube.com/watch?v=CVsUMzR04Bw,YouTube
11082,,
11083,https://www.youtube.com/watch?v=UzdfxMCFkfQ,YouTube
11084,,
11085,https://www.youtube.com/watch?v=WMW1pjzEhfY,YouTube
11086,https://www.youtube.com/watch?v=nk0JaEwhf00,YouTube
11087,,
11088,,
11089,https://www.youtube.com/watch?v=TGtLvHn350M,YouTube
11090,https://www.youtube.com/watch?v=iPC-zPpm2Kg,YouTube
11091,,
11092,https://www.youtube.com/watch?v=qEE7ckoCwLg,YouTube
11093,,
11094,https://www.youtube.com/watch?v=WYrittJaatM,YouTube
11095,,
11096,https://www.youtube.com/watch?v=5i90Qr0Qi6w,YouTube
11097,https://www.youtube.com/watch?v=10r9ozshGVE,YouTube
11098,https://www.youtube.com/watch?v=HM7jj9t2CQ8,YouTube
11099,,
11100,https://www.youtube.com/watch?v=Uv554B7YHk4,YouTube
11101,https://www.youtube.com/watch?v=Fp7uy_vWkT4,YouTube
11102,,
11103,https://www.youtube.com/watch?v=ePlyWlhobDU,YouTube
11104,,
11105,,
11106,,
11107,,
11108,,
11109,https://www.youtube.com/watch?v=rSi8YJJ-028,YouTube
11110,,
11111,,
11112,https://www.youtube.com/watch?v=z4nJX8snP4s,YouTube
11113,https://www.youtube.com/watch?v=bnuR_Hpw1_Y,YouTube
11114,,
11115,,
11116,https://www.youtube.com/watch?v=3wMzPztPavs,YouTube
11117,https://www.youtube.com/watch?v=AYSlOurfw88,YouTube
11118,https://www.youtube.com/watch?v=f6dKhzYgksc,YouTube
11119,https://www.youtube.com/watch?v=QpXHi7TGYpg,YouTube
11120,,
11121,,
11122,https://www.youtube.com/watch?v=8elkaKuGX6w,YouTube
11123,,
11124,,
11125,,
11126,https://www.youtube.com/watch?v=fpt0tn1-54k,YouTube
11127,https://www.youtube.com/watch?v=IzgsaBGwap8,YouTube
11128,https://www.youtube.com/watch?v=ihi491RQo5A,YouTube
11129,https://www.youtube.com/watch?v=BTfoAULV2bw,YouTube
11130,https://www.youtube.com/watch?v=hd2fixmpuBY,YouTube
11131,https://www.youtube.com/watch?v=Cx43QOphlTw,YouTube
11132,,
11133,https://www.youtube.com/watch?v=-CA95Bzpy7s,YouTube
11134,https://www.youtube.com/watch?v=8RHU0X5CYpU,YouTube
11135,https://www.youtube.com/watch?v=fVR4E6Q6u5g,YouTube
11136,,
11137,https://www.youtube.com/watch?v=7pxZxY_Siyc,YouTube
11138,https://www.youtube.com/watch?v=UlOdlRm-rHI,YouTube
11139,,
11140,https://www.youtube.com/watch?v=iP8nUhZwz4Q,YouTube
11141,https://www.youtube.com/watch?v=Ai7N3IhM0YU,YouTube
11142,https://www.youtube.com/watch?v=Kw2it53Ixtc,YouTube
11143,https://www.youtube.com/watch?v=s1Sp1QvyQQI,YouTube
11144,https://www.youtube.com/watch?v=aGGPTlrX_PE,YouTube
11145,https://www.youtube.com/watch?v=OdfNQ3375T4,YouTube
11146,,
11147,,
11148,,
11149,https://www.youtube.com/watch?v=JOURNEMfHls,YouTube
11150,,
11151,,
11152,https://www.youtube.com/watch?v=J25z6Rn5Xek,YouTube
11153,,
11154,,
11155,,
11156,,
11157,,
11158,,
11159,https://www.youtube.com/watch?v=m5dM_MPytkU,YouTube
11160,,
11161,,
11162,https://www.youtube.com/watch?v=8WSz2s-Gemc,YouTube
11163,https://www.youtube.com/watch?v=JMG7j3zReJQ,YouTube
11164,https://www.youtube.com/watch?v=_RlzNBlMQpY,YouTube
11165,https://www.youtube.com/watch?v=R_F-lVhSfx8,YouTube
11166,,
11167,https://www.youtube.com/watch?v=h00GHmlFjCs,YouTube
11168,https://www.youtube.com/watch?v=QTahmkL8QzM,YouTube
11169,https://www.youtube.com/watch?v=QPIOV-tCaEU,YouTube
11170,,
11171,,
11172,,
11173,https://www.youtube.com/watch?v=kk1M_HwmFMM,YouTube
11174,https://www.youtube.com/watch?v=MdZaOB03b1U,YouTube
11175,https://www.youtube.com/watch?v=_QHkdKZtG_o,YouTube
11176,https://www.youtube.com/watch?v=4Ec1e-rKiIg,YouTube
11177,,
11178,,
11179,https://www.youtube.com/watch?v=8dWir9Q_Vek,YouTube
11180,https://www.youtube.com/watch?v=zaEuMMC2v6M,YouTube
11181,https://www.youtube.com/watch?v=6zy3F0WVDK0,YouTube
11182,,
11183,https://www.youtube.com/watch?v=HUHMZf3qwsQ,YouTube
11184,,
11185,https://www.youtube.com/watch?v=M5lmzJ9g2BA,YouTube
11186,,
11187,https://www.youtube.com/watch?v=FuIjxC1zV1c,YouTube
11188,https://www.youtube.com/watch?v=Bc4NJKDxV4Y,YouTube
11189,,
11190,https://www.youtube.com/watch?v=N0CWtqJbsGo,YouTube
11191,https://www.youtube.com/watch?v=EDlwcOgZga8,YouTube
11192,https://www.youtube.com/watch?v=q9y3z-lx-ZE,YouTube
11193,https://www.youtube.com/watch?v=V0uDZxyhaJ4,YouTube
11194,https://www.youtube.com/watch?v=xxU7Ygz--AI,YouTube
11195,https://www.youtube.com/watch?v=cjSW303IjLw,YouTube
11196,https://www.youtube.com/watch?v=IMGwqSA9rww,YouTube
11197,,
11198,https://www.youtube.com/watch?v=wcFaLtnx43w,YouTube
11199,,
11200,https://www.youtube.com/watch?v=qKCCe3XmTRw,YouTube
11201,https://www.youtube.com/watch?v=87OMF3qnR8g,YouTube
11202,https://www.youtube.com/watch?v=jZgJqX8Dxzg,YouTube
11203,https://www.youtube.com/watch?v=PF5FjuSYU_0,YouTube
11204,https://www.youtube.com/watch?v=G5VeowxERwM,YouTube
11205,,
11206,https://www.youtube.com/watch?v=3279Ry6bN4k,YouTube
11207,,
11208,https://www.youtube.com/watch?v=6VcszNLRWPE,YouTube
11209,,
11210,,
11211,,
11212,,
11213,,
11214,,
11215,https://www.youtube.com/watch?v=NtTeSQFce2A,YouTube
11216,,
11217,,
11218,,
11219,https://www.youtube.com/watch?v=YllBY-v-718,YouTube
11220,,
11221,https://www.youtube.com/watch?v=grLYbcAOW4E,YouTube
11222,,
11223,,
11224,,
11225,https://www.youtube.com/watch?v=SllHJHiSwpo,YouTube
11226,,
11227,https://www.youtube.com/watch?v=-3Jr7af1FrQ,YouTube
11228,,
11229,,
11230,,
11231,https://vimeo.com/304417547,Vimeo
11232,,
11233,https://www.youtube.com/watch?v=Sd_H7fHfDps,YouTube
11234,,
11235,,
11236,,
11237,https://www.youtube.com/watch?v=dop5Ujm7H8g,YouTube
11238,https://www.youtube.com/watch?v=rVMjbpSSbzY,YouTube
11239,https://www.youtube.com/watch?v=qjiXOISJMkE,YouTube
11240,https://www.youtube.com/watch?v=qfexgwzmU_U,YouTube
11241,,
11242,https://www.youtube.com/watch?v=7fl8tyEIXXI,YouTube
11243,https://www.youtube.com/watch?v=vmH61rvDQxU,YouTube
11244,https://www.youtube.com/watch?v=TcTe6m5U7ZI,YouTube
11245,https://www.youtube.com/watch?v=wOR0gREF894,YouTube
11246,https://www.youtube.com/watch?v=lwQbMxDcRGE,YouTube
11247,https://www.youtube.com/watch?v=kP6iAjcExfw,YouTube
11248,https://www.youtube.com/watch?v=-k5y4bLU5X4,YouTube
11249,https://www.youtube.com/watch?v=dRuQys74HNQ,YouTube
11250,https://www.youtube.com/watch?v=af4Ua6DUpzg,YouTube
11251,,
11252,https://www.youtube.com/watch?v=BSXn-lIs4Y0,YouTube
11253,,
11254,https://www.youtube.com/watch?v=x-7nW7muBv8,YouTube
11255,https://www.youtube.com/watch?v=W6nT9cLtX0c,YouTube
11256,https://www.youtube.com/watch?v=qT0aE4iAnJo,YouTube
11257,https://www.youtube.com/watch?v=j1SDtKoTkzc,YouTube
11258,https://www.youtube.com/watch?v=VjctHUEmutw,YouTube
11259,https://www.youtube.com/watch?v=Y1wRv8vTpxo,YouTube
11260,https://www.youtube.com/watch?v=yXymzwz0V2g,YouTube
11261,https://www.youtube.com/watch?v=xsuG2JUgs_8,YouTube
11262,,
11263,https://www.youtube.com/watch?v=klg-nxejrp8,YouTube
11264,https://www.youtube.com/watch?v=1kQc3mmtH-o,YouTube
11265,https://www.youtube.com/watch?v=CzYRlISYE8Y,YouTube
11266,https://www.youtube.com/watch?v=q94n3eWOWXM,YouTube
11267,https://www.youtube.com/watch?v=OY23Kz3ABRc,YouTube
11268,https://www.youtube.com/watch?v=AgZ5goJibn0,YouTube
11269,https://www.youtube.com/watch?v=zDoOdd00nHM,YouTube
11270,https://www.youtube.com/watch?v=qRq0crHd1e8,YouTube
11271,,
11272,https://www.youtube.com/watch?v=u8A_F5oYJGI,YouTube
11273,https://www.youtube.com/watch?v=q1zlkaPpMsA,YouTube
11274,https://www.youtube.com/watch?v=02G_ANFp8Pg,YouTube
11275,https://www.youtube.com/watch?v=hJJ6qA_mTMA,YouTube
11276,https://www.youtube.com/watch?v=Y9Jy2T0uQ9Y,YouTube
11277,https://www.youtube.com/watch?v=l7zAV_MDC68,YouTube
11278,https://www.youtube.com/watch?v=TXBbLRRGxMc,YouTube
11279,https://www.youtube.com/watch?v=8NVHUxcAYGI,YouTube
11280,,
11281,https://www.youtube.com/watch?v=YU-42pvbBdI,YouTube
11282,https://www.youtube.com/watch?v=-44_igsZtgU,YouTube
11283,https://www.youtube.com/watch?v=ej3ioOneTy8,YouTube
11284,https://www.youtube.com/watch?v=wAd4cRUxdP0,YouTube
11285,https://www.youtube.com/watch?v=k7X8fCUMMVM,YouTube
11286,https://www.youtube.com/watch?v=lamKlavz3jc,YouTube
11287,,
11288,https://www.youtube.com/watch?v=aQNMsw8Ljjc,YouTube
11289,https://www.youtube.com/watch?v=Kk7XQqWy2VU,YouTube
11290,https://www.youtube.com/watch?v=6o7YvfPdHqw,YouTube
11291,,
11292,https://www.youtube.com/watch?v=2EZyJxabVck,YouTube
11293,,
11294,https://www.youtube.com/watch?v=d83NnlL83mc,YouTube
11295,https://www.youtube.com/watch?v=jl5f2o8ffko,YouTube
11296,https://www.youtube.com/watch?v=02Hr9BpK3jU,YouTube
11297,https://www.youtube.com/watch?v=_o9rkYEKplA,YouTube
11298,https://www.youtube.com/watch?v=87UeEHrQpDc,YouTube
11299,https://www.youtube.com/watch?v=0wNboYbgYjo,YouTube
11300,,
11301,,
11302,,
11303,https://www.youtube.com/watch?v=0sSiQgX_HJ4,YouTube
11304,,
11305,,
11306,https://www.youtube.com/watch?v=JlvyE_Rhzy8,YouTube
11307,https://www.youtube.com/watch?v=6Ja1wrRAAm4,YouTube
11308,https://www.youtube.com/watch?v=jfhHg3eeqS0,YouTube
11309,,
11310,https://www.youtube.com/watch?v=exyzEFrmLuM,YouTube
11311,https://www.youtube.com/watch?v=dbUkcx2htEk,YouTube
11312,https://www.youtube.com/watch?v=2bejT24M4TQ,YouTube
11313,,
11314,,
11315,,
11316,,
11317,https://www.youtube.com/watch?v=wfCaqIudqbE,YouTube
11318,https://www.youtube.com/watch?v=65qyPfZe9Eg,YouTube
11319,,
11320,,
11321,https://www.youtube.com/watch?v=IplVOY2iULs,YouTube
11322,https://www.youtube.com/watch?v=74WEwUnmH-Y,YouTube
11323,,
11324,https://www.youtube.com/watch?v=oK-2_OsBe0s,YouTube
11325,https://www.youtube.com/watch?v=-c-ICjI1EQA,YouTube
11326,https://www.youtube.com/watch?v=s-dTjFKygao,YouTube
11327,https://www.youtube.com/watch?v=YddkQoxkZMQ,YouTube
11328,https://www.youtube.com/watch?v=2-2x3r1m2I4,YouTube
11329,,
11330,,
11331,,
11332,,
11333,,
11334,https://www.youtube.com/watch?v=IkS1wWkMXjU,YouTube
11335,https://www.youtube.com/watch?v=5NYt1qirBWg,YouTube
11336,https://www.youtube.com/watch?v=YIHtiLqSO94,YouTube
11337,,
11338,,
11339,https://www.youtube.com/watch?v=F-qBD17wwrQ,YouTube
11340,,
11341,,
11342,,
11343,https://www.youtube.com/watch?v=vniwsss3kks,YouTube
11344,,
11345,https://www.youtube.com/watch?v=_et5LL4Pe1M,YouTube
11346,https://www.youtube.com/watch?v=twmQRJJZpfQ,YouTube
11347,,
11348,https://www.youtube.com/watch?v=A_GOrRyhABg,YouTube
11349,https://www.youtube.com/watch?v=hCRZBon82Qw,YouTube
11350,https://www.youtube.com/watch?v=vbkA4a5N-Hc,YouTube
11351,https://www.youtube.com/watch?v=E6qLSo9RsaE,YouTube
11352,https://www.youtube.com/watch?v=q9QnZYevO7Y,YouTube
11353,https://www.youtube.com/watch?v=sxl4aOyHSwo,YouTube
11354,,
11355,,
11356,,
11357,,
11358,,
11359,https://www.youtube.com/watch?v=nWPM1jTnuuo,YouTube
11360,https://www.youtube.com/watch?v=5dSDOlC-MoM,YouTube
11361,,
11362,https://www.youtube.com/watch?v=_KqNCnd8AN4,YouTube
11363,https://www.youtube.com/watch?v=6z8MCW16uZY,YouTube
11364,https://www.youtube.com/watch?v=_flR9_6msik,YouTube
11365,,
11366,https://www.youtube.com/watch?v=glwnk5x1scY,YouTube
11367,https://www.youtube.com/watch?v=gcc4L19sQDA,YouTube
11368,https://www.youtube.com/watch?v=aYQmkg5bdEA,YouTube
11369,https://www.youtube.com/watch?v=w2dNvVdz3js,YouTube
11370,,
11371,https://www.youtube.com/watch?v=GqAQzTSg8Wk,YouTube
11372,https://www.youtube.com/watch?v=CVOi-1-1caI,YouTube
11373,,
11374,,
11375,https://www.youtube.com/watch?v=FvIlsaBxs3k,YouTube
11376,https://www.youtube.com/watch?v=jZWccH3UFlI,YouTube
11377,https://www.youtube.com/watch?v=spcghvLHXdk,YouTube
11378,https://www.youtube.com/watch?v=aE_SiB95FAY,YouTube
11379,,
11380,https://www.youtube.com/watch?v=WZczesrBFRA,YouTube
11381,https://www.youtube.com/watch?v=3kKTFAEQgSY,YouTube
11382,https://www.youtube.com/watch?v=JM8iiONLfhY,YouTube
11383,,
11384,https://www.youtube.com/watch?v=EayX2zcIeIU,YouTube
11385,,
11386,,
11387,https://www.youtube.com/watch?v=5Wf-ouBdYY8,YouTube
11388,https://www.youtube.com/watch?v=T3nqmGgnJe8,YouTube
11389,https://www.youtube.com/watch?v=6gWcI4MkR3A,YouTube
11390,https://www.youtube.com/watch?v=sceO71zQrVw,YouTube
11391,https://www.youtube.com/watch?v=lBgKi0XVn4A,YouTube
11392,https://www.youtube.com/watch?v=jc86EFjLFV4,YouTube
11393,,
11394,https://www.youtube.com/watch?v=w96aZhrK28w,YouTube
11395,https://www.youtube.com/watch?v=RG3Q2ua5izw,YouTube
11396,https://www.youtube.com/watch?v=Fl1NRju93Qs,YouTube
11397,https://www.youtube.com/watch?v=7XLQ1bkSLDo,YouTube
11398,https://www.youtube.com/watch?v=4k9bqqLUge0,YouTube
11399,https://www.youtube.com/watch?v=oLoyU3xYwbs,YouTube
11400,https://www.youtube.com/watch?v=niV2MVBlmBE,YouTube
11401,https://www.youtube.com/watch?v=1yxCT_gSky0,YouTube
11402,,
11403,,
11404,https://www.youtube.com/watch?v=SzRbK9qIhBs,YouTube
11405,,
11406,,
11407,,
11408,,
11409,,
11410,https://www.youtube.com/watch?v=QKVuCfX1A9c,YouTube
11411,https://www.youtube.com/watch?v=oz1yQcfEGX4,YouTube
11412,https://www.youtube.com/watch?v=IrKDebPD09M,YouTube
11413,,
11414,,
11415,https://www.youtube.com/watch?v=pI09LqSkNbw,YouTube
11416,,
11417,,
11418,,
11419,,
11420,https://www.youtube.com/watch?v=xL-CQ8ILtQw,YouTube
11421,https://www.youtube.com/watch?v=FNLcjGamf8U,YouTube
11422,,
11423,https://www.youtube.com/watch?v=zQvPJjDRMcY,YouTube
11424,https://www.youtube.com/watch?v=hEJnMQG9ev8,YouTube
11425,https://www.youtube.com/watch?v=LDQdE2UkGN8,YouTube
11426,,
11427,https://www.youtube.com/watch?v=ptmLrNpmcBo,YouTube
11428,https://www.youtube.com/watch?v=TLLQquBdU8M,YouTube
11429,https://www.youtube.com/watch?v=PRIS9Ix5LV0,YouTube
11430,https://www.youtube.com/watch?v=rFGiHm5WMLk,YouTube
11431,https://www.youtube.com/watch?v=VDphy_R8z6g,YouTube
11432,,
11433,,
11434,https://www.youtube.com/watch?v=XgYzDUhoah0,YouTube
11435,https://www.youtube.com/watch?v=W3_3FKPRoLM,YouTube
11436,,
11437,,
11438,,
11439,,
11440,,
11441,https://www.youtube.com/watch?v=JJkBXJjGwc0,YouTube
11442,,
11443,https://www.youtube.com/watch?v=T2hBBONbMCo,YouTube
11444,,
11445,https://www.youtube.com/watch?v=kgyZjbzS18A,YouTube
11446,,
11447,https://www.youtube.com/watch?v=OchVVwxVub4,YouTube
11448,,
11449,https://www.youtube.com/watch?v=X2hBYGwKh3I,YouTube
11450,,
11451,https://www.youtube.com/watch?v=5yvAWO_HwYY,YouTube
11452,,
11453,,
11454,,
11455,https://www.youtube.com/watch?v=aspBKFz2dBI,YouTube
11456,,
11457,,
11458,,
11459,,
11460,https://www.youtube.com/watch?v=sIlDL2AsPSg,YouTube
11461,https://www.youtube.com/watch?v=017nWFKsshY,YouTube
11462,https://www.youtube.com/watch?v=NODxOb3hgag,YouTube
11463,https://www.youtube.com/watch?v=_2aWqecTTuE,YouTube
11464,https://www.youtube.com/watch?v=rGSxss7gWak,YouTube
11465,https://www.youtube.com/watch?v=K-8biU0JPCk,YouTube
11466,https://www.youtube.com/watch?v=Rp0b5ZXIUvE,YouTube
11467,https://www.youtube.com/watch?v=YSoXoOAY1zU,YouTube
11468,https://www.youtube.com/watch?v=eLu3z4Ikwes,YouTube
11469,https://www.youtube.com/watch?v=aJ2UYchHC_I,YouTube
11470,,
11471,,
11472,https://www.youtube.com/watch?v=AB6qvE8eXvg,YouTube
11473,https://www.youtube.com/watch?v=VSfpA3AEKmY,YouTube
11474,https://www.youtube.com/watch?v=Quo-Oen1wkY,YouTube
11475,https://www.youtube.com/watch?v=hVjvkAM4piM,YouTube
11476,https://www.youtube.com/watch?v=Uv66HRd-Opg,YouTube
11477,https://www.youtube.com/watch?v=_zJKyadomrE,YouTube
11478,https://www.youtube.com/watch?v=OMV0tU_c7Jo,YouTube
11479,https://www.youtube.com/watch?v=ieTAZUXrBD0,YouTube
11480,https://www.youtube.com/watch?v=SrfmL36G84k,YouTube
11481,https://www.youtube.com/watch?v=SGSE_XPF4_g,YouTube
11482,https://www.youtube.com/watch?v=MzgOvvMi8Lg,YouTube
11483,https://www.youtube.com/watch?v=I7QX5SJ6q4I,YouTube
11484,https://www.youtube.com/watch?v=tOkZet9sg2A,YouTube
11485,https://www.youtube.com/watch?v=-o93kvRxc6Y,YouTube
11486,https://www.youtube.com/watch?v=BkRGHv_e35Q,YouTube
11487,https://www.youtube.com/watch?v=YJMQBqsiN3k,YouTube
11488,,
11489,https://www.youtube.com/watch?v=hHqNQkzU7cg,YouTube
11490,https://www.youtube.com/watch?v=LQP8FrqyFm4,YouTube
11491,https://www.youtube.com/watch?v=qVrUCVbTkKg,YouTube
11492,,
11493,,
11494,,
11495,,
11496,https://www.youtube.com/watch?v=ORLDIRIENXY,YouTube
11497,,
11498,https://vimeo.com/133107444,Vimeo
11499,,
11500,,
11501,,
11502,https://www.youtube.com/watch?v=ee7EBuGgJ6I,YouTube
11503,https://www.youtube.com/watch?v=ltijEmlyqlg,YouTube
11504,https://www.youtube.com/watch?v=LoDhhLgobt4,YouTube
11505,https://www.youtube.com/watch?v=SpG5dWV7piw,YouTube
11506,https://www.youtube.com/watch?v=pWdKf3MneyI,YouTube
11507,https://www.youtube.com/watch?v=QHPmmNIaQuQ,YouTube
11508,,
11509,https://www.youtube.com/watch?v=AQL9hRRYDIw,YouTube
11510,https://www.youtube.com/watch?v=pIs3HLPvOKk,YouTube
11511,https://www.youtube.com/watch?v=4OiMOHRDs14,YouTube
11512,https://www.youtube.com/watch?v=92a7Hj0ijLs,YouTube
11513,https://www.youtube.com/watch?v=PZK2y9NAaNo,YouTube
11514,https://www.youtube.com/watch?v=PhHoCnRg1Yw,YouTube
11515,https://www.youtube.com/watch?v=VlMe7PavaRQ,YouTube
11516,https://www.youtube.com/watch?v=ByXuk9QqQkk,YouTube
11517,https://www.youtube.com/watch?v=ssJ13IQdxm8,YouTube
11518,,
11519,https://www.youtube.com/watch?v=8SsIsCWXtV4,YouTube
11520,https://www.youtube.com/watch?v=z6mE4lA6OjU,YouTube
11521,,
11522,,
11523,,
11524,https://www.youtube.com/watch?v=uinn26P2c6M,YouTube
11525,,
11526,https://www.youtube.com/watch?v=vNzaiGzPoUg,YouTube
11527,https://www.youtube.com/watch?v=HwIv_3GTYbo,YouTube
11528,https://www.youtube.com/watch?v=5zS16o59Nxw,YouTube
11529,,
11530,https://www.youtube.com/watch?v=mJO07ylhTu4,YouTube
11531,https://www.youtube.com/watch?v=Im4g7MOb-G0,YouTube
11532,,
11533,,
11534,https://www.youtube.com/watch?v=IgXzLMQuQ6Y,YouTube
11535,,
11536,,
11537,https://www.youtube.com/watch?v=WdhvxJZDqzU,YouTube
11538,https://www.youtube.com/watch?v=7ZiAhaH7Fis,YouTube
11539,,
11540,,
11541,https://www.youtube.com/watch?v=mKepqz19Qb0,YouTube
11542,https://www.youtube.com/watch?v=tB-QGOChuQc,YouTube
11543,,
11544,https://www.youtube.com/watch?v=lVGDpcNmZxs,YouTube
11545,https://www.youtube.com/watch?v=SziPDANik18,YouTube
11546,https://www.youtube.com/watch?v=LsPrbMigoOU,YouTube
11547,,
11548,,
11549,,
11550,https://www.youtube.com/watch?v=sl8t5HNDUjo,YouTube
11551,,
11552,,
11553,,
11554,https://www.youtube.com/watch?v=1NjYUr1k8rA,YouTube
11555,https://www.youtube.com/watch?v=3ViVPRWRRmk,YouTube
11556,https://www.youtube.com/watch?v=Leb6Vnhbp1A,YouTube
11557,https://www.youtube.com/watch?v=N-ewaCVARtM,YouTube
11558,,
11559,https://www.youtube.com/watch?v=gjIaV6CU0wA,YouTube
11560,https://www.youtube.com/watch?v=TvK3m0wJutI,YouTube
11561,https://www.youtube.com/watch?v=XoJN7k1BMYg,YouTube
11562,,
11563,https://www.youtube.com/watch?v=EDzuG0UrQ2g,YouTube
11564,https://www.youtube.com/watch?v=F9AXvELfDlA,YouTube
11565,,
11566,https://www.youtube.com/watch?v=VrhoOzW8oF8,YouTube
11567,https://www.youtube.com/watch?v=UgjrjR42Ado,YouTube
11568,https://www.youtube.com/watch?v=yE6uWRwZc2U,YouTube
11569,https://www.youtube.com/watch?v=JSg2tgnvtgY,YouTube
11570,https://www.youtube.com/watch?v=oWzTOoOpFa8,YouTube
11571,,
11572,https://www.youtube.com/watch?v=MjQJQumFn94,YouTube
11573,https://www.youtube.com/watch?v=_2yCIwmNuLE,YouTube
11574,,
11575,https://www.youtube.com/watch?v=2N2nuDtJX0M,YouTube
11576,https://www.youtube.com/watch?v=lEqrpuU9fYI,YouTube
11577,https://www.youtube.com/watch?v=plrh783KCqg,YouTube
11578,,
11579,,
11580,https://www.youtube.com/watch?v=XzFCDqKE4yA,YouTube
11581,,
11582,,
11583,https://www.youtube.com/watch?v=tVMAQAsjsOU,YouTube
11584,https://www.youtube.com/watch?v=vP9QCAcGy7Y,YouTube
11585,https://www.youtube.com/watch?v=j-AkWDkXcMY,YouTube
11586,https://www.youtube.com/watch?v=j-AkWDkXcMY,YouTube
11587,https://www.youtube.com/watch?v=jphHmAVTmmA,YouTube
11588,https://www.youtube.com/watch?v=KniKvVxaM1o,YouTube
11589,https://www.youtube.com/watch?v=DlM2CWNTQ84,YouTube
11590,https://www.youtube.com/watch?v=nIR_AxOqfSo,YouTube
11591,https://www.youtube.com/watch?v=lrGRthjoMSs,YouTube
11592,https://www.youtube.com/watch?v=PNtZu-3di38,YouTube
11593,,
11594,,
11595,,
11596,,
11597,https://www.youtube.com/watch?v=xq2MhdSqX7s,YouTube
11598,https://www.youtube.com/watch?v=rZ1ZfTCoSeY,YouTube
11599,,
11600,,
11601,https://www.youtube.com/watch?v=6Q-mAbF7qLQ,YouTube
11602,https://www.youtube.com/watch?v=Z4KXF7NWFRE,YouTube
11603,,
11604,,
11605,https://www.youtube.com/watch?v=3S8der09eGg,YouTube
11606,https://www.youtube.com/watch?v=B_CwMA2nJE4,YouTube
11607,,
11608,https://www.youtube.com/watch?v=bpc2wgc_b3E,YouTube
11609,https://www.youtube.com/watch?v=6vY9UPiI4eQ,YouTube
11610,https://www.youtube.com/watch?v=tkU2pjpt0Eo,YouTube
11611,https://www.youtube.com/watch?v=W5348e2dcpo,YouTube
11612,,
11613,https://www.youtube.com/watch?v=mUpJ18MRe8s,YouTube
11614,https://www.youtube.com/watch?v=MMS8M_EpC9c,YouTube
11615,,
11616,https://www.youtube.com/watch?v=2BWV8woxxsA,YouTube
11617,https://www.youtube.com/watch?v=uDr1W-Dm4do,YouTube
11618,https://www.youtube.com/watch?v=bN0SlBE8yGQ,YouTube
11619,https://www.youtube.com/watch?v=Vc165TX1TnE,YouTube
11620,,
11621,https://www.youtube.com/watch?v=6_r1Y6zgCSg,YouTube
11622,,
11623,https://www.youtube.com/watch?v=OJA6GRDNuIs,YouTube
11624,,
11625,https://www.youtube.com/watch?v=9lje2QybL0U,YouTube
11626,https://www.youtube.com/watch?v=JpRDHVlG2zk,YouTube
11627,https://www.youtube.com/watch?v=2xD9uTlh5hI,YouTube
11628,https://www.youtube.com/watch?v=4yeOG3AM6_c,YouTube
11629,https://www.youtube.com/watch?v=M1h_1yoVqVU,YouTube
11630,https://www.youtube.com/watch?v=p8_U0n2oIHA,YouTube
11631,https://www.youtube.com/watch?v=oWATWGigIWM,YouTube
11632,,
11633,https://www.youtube.com/watch?v=PM8V3cHdSC4,YouTube
11634,https://www.youtube.com/watch?v=0dTsfsr6-X8,YouTube
11635,https://www.youtube.com/watch?v=I_AiLcf2gU8,YouTube
11636,,
11637,https://www.youtube.com/watch?v=AJKvTHemJCA,YouTube
11638,https://www.youtube.com/watch?v=omcm3VCVpag,YouTube
11639,https://www.youtube.com/watch?v=4sYSyuuLk5g,YouTube
11640,https://www.youtube.com/watch?v=hZpm1zj9510,YouTube
11641,https://www.youtube.com/watch?v=DkxleZ-SpFs,YouTube
11642,https://www.youtube.com/watch?v=ZkqPYNq6-iI,YouTube
11643,,
11644,,
11645,https://www.youtube.com/watch?v=H3yKUHI2mE4,YouTube
11646,,
11647,https://www.youtube.com/watch?v=RozG2ejdeh8,YouTube
11648,https://www.youtube.com/watch?v=9zGdCzEzzPg,YouTube
11649,https://www.youtube.com/watch?v=GwST6mpT7Ds,YouTube
11650,,
11651,,
11652,https://www.youtube.com/watch?v=6HIlyaGAkXo,YouTube
11653,https://www.youtube.com/watch?v=T9ZiQ8Z2wBY,YouTube
11654,https://www.youtube.com/watch?v=Y_NiP_bqlns,YouTube
11655,https://www.youtube.com/watch?v=e44QilQbvB0,YouTube
11656,https://www.youtube.com/watch?v=iTaFbJd-74Q,YouTube
11657,https://www.youtube.com/watch?v=DVN17lxkwDg,YouTube
11658,https://www.youtube.com/watch?v=2k-oNOYRxnk,YouTube
11659,,
11660,https://www.youtube.com/watch?v=WqHLQvIIFVs,YouTube
11661,https://www.youtube.com/watch?v=TVrfx8ujpXc,YouTube
11662,,
11663,https://www.youtube.com/watch?v=ZpSUqTJ7X6g,YouTube
11664,,
11665,https://www.youtube.com/watch?v=-DnFKwVcM10,YouTube
11666,https://www.youtube.com/watch?v=ePgLOVNMSTo,YouTube
11667,https://www.youtube.com/watch?v=hS05j44UKUU,YouTube
11668,https://www.youtube.com/watch?v=kDP8ERAUnZc,YouTube
11669,https://www.youtube.com/watch?v=VoFIpnSGnZk,YouTube
11670,https://www.youtube.com/watch?v=w8INBc01Zlo,YouTube
11671,,
11672,,
11673,,
11674,https://www.youtube.com/watch?v=1_lOyGcMIEU,YouTube
11675,https://www.youtube.com/watch?v=wtFESEqa9fA,YouTube
11676,https://www.youtube.com/watch?v=xC5bpPfltOI,YouTube
11677,https://www.youtube.com/watch?v=xDYGo0UgIVM,YouTube
11678,,
11679,,
11680,,
11681,https://www.youtube.com/watch?v=MxfaGMuiniI,YouTube
11682,https://www.youtube.com/watch?v=Jo-r7KjOYtQ,YouTube
11683,,
11684,https://www.youtube.com/watch?v=a-03doDgXxw,YouTube
11685,https://www.youtube.com/watch?v=4ZBJxhjqUgs,YouTube
11686,https://www.youtube.com/watch?v=pFfsTsdJfF8,YouTube
11687,https://www.youtube.com/watch?v=KXv8YdvgZ50,YouTube
11688,https://www.youtube.com/watch?v=tjQqJwpYwN8,YouTube
11689,https://www.youtube.com/watch?v=6ihzIGDITqE,YouTube
11690,https://www.youtube.com/watch?v=b8FWcvOCj3k,YouTube
11691,https://www.youtube.com/watch?v=K6Vi1VurN9s,YouTube
11692,https://www.youtube.com/watch?v=DOjj07EuO50,YouTube
11693,,
11694,https://www.youtube.com/watch?v=cRbAXWfthtA,YouTube
11695,https://www.youtube.com/watch?v=TLyk00gFPdQ,YouTube
11696,,
11697,https://www.youtube.com/watch?v=65AUN3b2umA,YouTube
11698,,
11699,https://www.youtube.com/watch?v=-30Ib-la1TA,YouTube
11700,https://www.youtube.com/watch?v=J4QAQVWvFcE,YouTube
11701,,
11702,https://www.youtube.com/watch?v=wa-Y_Vd894o,YouTube
11703,https://www.youtube.com/watch?v=FnrAxpM_jiM,YouTube
11704,https://www.youtube.com/watch?v=5O31ny_q6lQ,YouTube
11705,https://www.youtube.com/watch?v=VN08JrXZ9eM,YouTube
11706,https://www.youtube.com/watch?v=c2iwOh4SSqw,YouTube
11707,https://www.youtube.com/watch?v=mSYHSx6xwF0,YouTube
11708,,
11709,,
11710,https://www.youtube.com/watch?v=2sLV6TkPO_k,YouTube
11711,https://www.youtube.com/watch?v=CizN-DvGhrc,YouTube
11712,https://www.youtube.com/watch?v=MZoO8QVMxkk,YouTube
11713,https://www.youtube.com/watch?v=Mh2ebPxhoLs,YouTube
11714,https://www.youtube.com/watch?v=gZzAeYWXFpk,YouTube
11715,https://www.youtube.com/watch?v=dCTmxBZsa4U,YouTube
11716,https://www.youtube.com/watch?v=rbJpx_6fYgE,YouTube
11717,https://www.youtube.com/watch?v=6Vvlw7uPdn8,YouTube
11718,https://www.youtube.com/watch?v=a6lGULmQdb0,YouTube
11719,,
11720,,
11721,,
11722,,
11723,,
11724,,
11725,,
11726,,
11727,,
11728,https://www.youtube.com/watch?v=qUp7Qgimn38,YouTube
11729,https://www.youtube.com/watch?v=s9ZaML_FeaU,YouTube
11730,https://www.youtube.com/watch?v=irAI8bv1ubs,YouTube
11731,https://www.youtube.com/watch?v=PoAD3kUmN9s,YouTube
11732,https://www.youtube.com/watch?v=TS6a3XochQU,YouTube
11733,https://www.youtube.com/watch?v=p5eKwzKkkIc,YouTube
11734,https://www.youtube.com/watch?v=iVyi6uPRNJo,YouTube
11735,,
11736,,
11737,,
11738,https://www.youtube.com/watch?v=Hep5_o--OEE,YouTube
11739,,
11740,,
11741,https://www.youtube.com/watch?v=JSDbTUXSUNU,YouTube
11742,https://www.youtube.com/watch?v=9oSJ2vz-avU,YouTube
11743,https://www.youtube.com/watch?v=ETtLM0NI-Ug,YouTube
11744,https://www.youtube.com/watch?v=1W4RhZzNBMA,YouTube
11745,https://www.youtube.com/watch?v=OJw8o49CNZI,YouTube
11746,,
11747,https://www.youtube.com/watch?v=XsQqMwacZQw,YouTube
11748,https://www.youtube.com/watch?v=FUS_Q7FsfqU,YouTube
11749,https://www.youtube.com/watch?v=_9nmIzCAMJQ,YouTube
11750,,
11751,https://www.youtube.com/watch?v=43Qc70ZeMFw,YouTube
11752,https://www.youtube.com/watch?v=FNppLrmdyug,YouTube
11753,https://www.youtube.com/watch?v=WIw0yX8gIs4,YouTube
11754,https://www.youtube.com/watch?v=gdjgJb0ovxM,YouTube
11755,https://www.youtube.com/watch?v=Daa5VOnUWsA,YouTube
11756,,
11757,https://www.youtube.com/watch?v=bD7bpG-zDJQ,YouTube
11758,,
11759,,
11760,,
11761,https://www.youtube.com/watch?v=aQ712A08PNI,YouTube
11762,,
11763,,
11764,https://www.youtube.com/watch?v=HszVQgs4e_c,YouTube
11765,https://www.youtube.com/watch?v=AWL184ZcSxA,YouTube
11766,https://www.youtube.com/watch?v=oF5LKRNVzOQ,YouTube
11767,,
11768,,
11769,https://www.youtube.com/watch?v=336qJITnDi0,YouTube
11770,https://www.youtube.com/watch?v=IxnUHB64NcU,YouTube
11771,https://www.youtube.com/watch?v=tf_tm6AYA3U,YouTube
11772,https://www.youtube.com/watch?v=5c_6HUA9FAY,YouTube
11773,,
11774,https://www.youtube.com/watch?v=t6TRwfxDICM,YouTube
11775,https://www.youtube.com/watch?v=_hG3ktopqv8,YouTube
11776,https://www.youtube.com/watch?v=aA0D57uIZ_0,YouTube
11777,https://www.youtube.com/watch?v=90T7iLuzFgg,YouTube
11778,,
11779,https://www.youtube.com/watch?v=fMHH08BRAOg,YouTube
11780,,
11781,https://www.youtube.com/watch?v=jy-Bv3j9Aq0,YouTube
11782,https://www.youtube.com/watch?v=aW_sfxUnbZA,YouTube
11783,,
11784,https://www.youtube.com/watch?v=TWNl2IbVJMs,YouTube
11785,https://www.youtube.com/watch?v=XHwXe0w35MI,YouTube
11786,https://www.youtube.com/watch?v=5LXXzs1GjQo,YouTube
11787,,
11788,https://www.youtube.com/watch?v=MVER2p5KpFo,YouTube
11789,https://www.youtube.com/watch?v=dXsEIW_Jc2A,YouTube
11790,,
11791,,
11792,,
11793,https://www.youtube.com/watch?v=zFAV25lP1ns,YouTube
11794,,
11795,https://www.youtube.com/watch?v=3hQpV9Q0A7E,YouTube
11796,,
11797,https://www.youtube.com/watch?v=V-xUD7pmh5I,YouTube
11798,,
11799,,
11800,https://www.youtube.com/watch?v=67zajbSJkvE,YouTube
11801,,
11802,,
11803,,
11804,,
11805,,
11806,https://www.youtube.com/watch?v=Wg7l-huSbTA,YouTube
11807,,
11808,,
11809,https://www.youtube.com/watch?v=JMsnO4UYWts,YouTube
11810,https://www.youtube.com/watch?v=sG3YXUBoroM,YouTube
11811,,
11812,,
11813,https://www.youtube.com/watch?v=__awhEinGR4,YouTube
11814,,
11815,https://www.youtube.com/watch?v=grwMv86Af1Y,YouTube
11816,https://www.youtube.com/watch?v=40hHA9n4C2o,YouTube
11817,,
11818,https://www.youtube.com/watch?v=j9Hjrs6WQ8M,YouTube
11819,https://www.youtube.com/watch?v=8yb9Dn2mnMg,YouTube
11820,https://www.youtube.com/watch?v=kl8F-8tR8to,YouTube
11821,,
11822,https://www.youtube.com/watch?v=2NvznP_gp_A,YouTube
11823,,
11824,,
11825,,
11826,https://www.youtube.com/watch?v=grIiiHuetis,YouTube
11827,https://www.youtube.com/watch?v=4BEBY-VCKPM,YouTube
11828,,
11829,,
11830,https://www.youtube.com/watch?v=CpLycp1k0cI,YouTube
11831,,
11832,https://www.youtube.com/watch?v=BX2N60Yw38I,YouTube
11833,https://www.youtube.com/watch?v=nvWeKIGlIMA,YouTube
11834,https://www.youtube.com/watch?v=TUMAGbRilQU,YouTube
11835,https://www.youtube.com/watch?v=L0ZbxJtKosA,YouTube
11836,,
11837,https://www.youtube.com/watch?v=VM5f3NLep5Y,YouTube
11838,,
11839,,
11840,,
11841,https://www.youtube.com/watch?v=A9onKczFG5M,YouTube
11842,,
11843,https://www.youtube.com/watch?v=YU1brBVMBkM,YouTube
11844,,
11845,https://www.youtube.com/watch?v=XEFYuaA5RV0,YouTube
11846,,
11847,https://www.youtube.com/watch?v=m_w53-cd-7A,YouTube
11848,https://www.youtube.com/watch?v=fUNXNLyr7tU,YouTube
11849,https://www.youtube.com/watch?v=ec7LY8dLYSc,YouTube
11850,https://www.youtube.com/watch?v=Bh6LKIdxqCU,YouTube
11851,https://www.youtube.com/watch?v=wEvW4U0TzhQ,YouTube
11852,,
11853,,
11854,https://www.youtube.com/watch?v=UWiNNzTcubk,YouTube
11855,https://www.youtube.com/watch?v=geP6RMJRqOc,YouTube
11856,https://www.youtube.com/watch?v=SD4cQwr7n5Y,YouTube
11857,https://www.youtube.com/watch?v=PreX3h3QYHY,YouTube
11858,https://www.youtube.com/watch?v=IZFZaGa7qb0,YouTube
11859,https://www.youtube.com/watch?v=_Npe5FV_dTA,YouTube
11860,https://www.youtube.com/watch?v=B45XU3v9sPw,YouTube
11861,,
11862,,
11863,https://www.youtube.com/watch?v=a7O8mPlNlRY,YouTube
11864,https://www.youtube.com/watch?v=zlgJC-q92t4,YouTube
11865,https://www.youtube.com/watch?v=dvr1FvOnwfI,YouTube
11866,,
11867,,
11868,https://www.youtube.com/watch?v=UsbuQ-jg014,YouTube
11869,,
11870,,
11871,,
11872,https://www.youtube.com/watch?v=9NG9E-f2XR8,YouTube
11873,https://www.youtube.com/watch?v=yoITuwWu6J4,YouTube
11874,https://www.youtube.com/watch?v=Fv8_fsEq_j0,YouTube
11875,https://www.youtube.com/watch?v=ZisE16JBUMA,YouTube
11876,https://www.youtube.com/watch?v=ZuYoEtEI_go,YouTube
11877,https://www.youtube.com/watch?v=8pSLgO1oeDY,YouTube
11878,https://www.youtube.com/watch?v=HPurt-LTyKM,YouTube
11879,https://www.youtube.com/watch?v=4oeW9sflsdg,YouTube
11880,https://www.youtube.com/watch?v=XoM_dM7tQvI,YouTube
11881,https://www.youtube.com/watch?v=XSF6GPNXr9Y,YouTube
11882,https://www.youtube.com/watch?v=H2HJA5MEFr8,YouTube
11883,https://www.youtube.com/watch?v=CiCDnG_AdmA,YouTube
11884,https://www.youtube.com/watch?v=uFMQKA9iGK4,YouTube
11885,https://www.youtube.com/watch?v=2AUmvWm5ZDQ,YouTube
11886,https://www.youtube.com/watch?v=gMhMQuOIWiQ,YouTube
11887,https://www.youtube.com/watch?v=p2AlffKozbg,YouTube
11888,https://www.youtube.com/watch?v=zSLGPdpd2d0,YouTube
11889,https://www.youtube.com/watch?v=1sMBbvc2o_M,YouTube
11890,,
11891,https://www.youtube.com/watch?v=T3TILW0O_C0,YouTube
11892,,
11893,https://www.youtube.com/watch?v=SfTaJUh3_J4,YouTube
11894,https://www.youtube.com/watch?v=sp60avoyT9k,YouTube
11895,https://www.youtube.com/watch?v=ixgd38EZIR0,YouTube
11896,https://www.youtube.com/watch?v=I4IwYe5N1o0,YouTube
11897,,
11898,https://www.youtube.com/watch?v=0M-aGZF-TGA,YouTube
11899,https://www.youtube.com/watch?v=h5Cb4SFt7gE,YouTube
11900,https://www.youtube.com/watch?v=O8dq05dM-Yk,YouTube
11901,https://www.youtube.com/watch?v=KGQHeW5tUC8,YouTube
11902,https://www.youtube.com/watch?v=iHNWVSBLyug,YouTube
11903,,
11904,https://www.youtube.com/watch?v=YWnd581Ihgo,YouTube
11905,https://www.youtube.com/watch?v=wu9JeTX6Sdw,YouTube
11906,https://www.youtube.com/watch?v=mzJAl_S8v2A,YouTube
11907,https://www.youtube.com/watch?v=NAH8qgVY9jE,YouTube
11908,,
11909,https://www.youtube.com/watch?v=qSsM7Fh7rwM,YouTube
11910,https://www.youtube.com/watch?v=YSNGM-Elouw,YouTube
11911,,
11912,https://www.youtube.com/watch?v=Ug9xufczPVE,YouTube
11913,https://www.youtube.com/watch?v=9tyMi1Hn32I,YouTube
11914,https://www.youtube.com/watch?v=oRsaclO0VbU,YouTube
11915,https://www.youtube.com/watch?v=C0MM2GLZp8c,YouTube
11916,https://www.youtube.com/watch?v=PhPQR0pYWUc,YouTube
11917,https://www.youtube.com/watch?v=JAlpm2oRzy8,YouTube
11918,,
11919,,
11920,https://www.youtube.com/watch?v=hZGP4AR46Eg,YouTube
11921,,
11922,,
11923,https://www.youtube.com/watch?v=AwNHNgd86Og,YouTube
11924,https://www.youtube.com/watch?v=gqpKakxKKr4,YouTube
11925,,
11926,,
11927,https://www.youtube.com/watch?v=bKKrLj5ZHiM,YouTube
11928,,
11929,,
11930,,
11931,https://www.youtube.com/watch?v=t28VucECbZs,YouTube
11932,,
11933,https://www.youtube.com/watch?v=ZT1wb8_tcYU,YouTube
11934,https://www.youtube.com/watch?v=AYwpxrt7ZLA,YouTube
11935,https://www.youtube.com/watch?v=WV44-lQGlwk,YouTube
11936,,
11937,,
11938,https://www.youtube.com/watch?v=Ek5u5XIRqUg,YouTube
11939,,
11940,https://www.youtube.com/watch?v=zBKSTl0zRg0,YouTube
11941,https://www.youtube.com/watch?v=RibAQHeDia8,YouTube
11942,https://www.youtube.com/watch?v=3aEl8kyCs-4,YouTube
11943,,
11944,https://www.youtube.com/watch?v=vAyalHtQUkE,YouTube
11945,https://www.youtube.com/watch?v=-0soKLCsB3s,YouTube
11946,https://www.youtube.com/watch?v=QY_IOn0fsc0,YouTube
11947,https://www.youtube.com/watch?v=Q48g1ijnSlI,YouTube
11948,https://www.youtube.com/watch?v=wc3QfS0beAM,YouTube
11949,,
11950,,
11951,,
11952,https://www.youtube.com/watch?v=iFR4SgfqAFc,YouTube
11953,,
11954,,
11955,https://www.youtube.com/watch?v=DaavRAV8a0A,YouTube
11956,https://www.youtube.com/watch?v=tJNZKw5qAAs,YouTube
11957,https://www.youtube.com/watch?v=dmNddThxi4c,YouTube
11958,https://www.youtube.com/watch?v=IrBELaparx8,YouTube
11959,,
11960,https://www.youtube.com/watch?v=dD8JsqTcZoc,YouTube
11961,https://www.youtube.com/watch?v=TKweGDinS7I,YouTube
11962,https://www.youtube.com/watch?v=YEBU6m7toSg,YouTube
11963,https://www.youtube.com/watch?v=QzmUsgJE4DY,YouTube
11964,,
11965,https://www.youtube.com/watch?v=ag_I15RBl-0,YouTube
11966,,
11967,https://www.youtube.com/watch?v=R7uixLkpjPs,YouTube
11968,https://www.youtube.com/watch?v=RhRnmyBjOLs,YouTube
11969,,
11970,https://www.youtube.com/watch?v=gpdab_bi2HY,YouTube
11971,https://www.youtube.com/watch?v=JuU0M2xBasc,YouTube
11972,https://www.youtube.com/watch?v=7HCWQjIHJic,YouTube
11973,,
11974,https://www.youtube.com/watch?v=NySWrKfEa4E,YouTube
11975,https://www.youtube.com/watch?v=oTtz7g2tiuI,YouTube
11976,,
11977,https://www.youtube.com/watch?v=iXgJ5KiM33k,YouTube
11978,https://www.youtube.com/watch?v=VDsK_nAlY-A,YouTube
11979,https://www.youtube.com/watch?v=gwl9bfy4qKg,YouTube
11980,https://www.youtube.com/watch?v=eOy0CEuJc6E,YouTube
11981,https://www.youtube.com/watch?v=xCZ9TguVOIA,YouTube
11982,,
11983,,
11984,https://www.youtube.com/watch?v=o2aqaHt9Z5A,YouTube
11985,https://www.youtube.com/watch?v=LFLSwFEiANg,YouTube
11986,https://www.youtube.com/watch?v=i1C6qZVeFtA,YouTube
11987,https://www.youtube.com/watch?v=vxTcZZCnNbE,YouTube
11988,https://www.youtube.com/watch?v=pnDzKi5j_9Q,YouTube
11989,,
11990,,
11991,https://www.youtube.com/watch?v=seHbQ17t8LM,YouTube
11992,https://www.youtube.com/watch?v=L99zHzUAkgg,YouTube
11993,https://www.youtube.com/watch?v=1bclU3w8HC0,YouTube
11994,,
11995,https://www.youtube.com/watch?v=e7oOMLQYc5o,YouTube
11996,https://www.youtube.com/watch?v=nXQn0zISPvs,YouTube
11997,https://www.youtube.com/watch?v=Mrfqn7QsILE,YouTube
11998,https://www.youtube.com/watch?v=TGjbpO1toTc,YouTube
11999,https://www.youtube.com/watch?v=jl9Nvg4yuus,YouTube
12000,https://www.youtube.com/watch?v=RU3eJmbyqzA,YouTube
12001,https://www.youtube.com/watch?v=U1fu_sA7XhE,YouTube
12002,https://www.youtube.com/watch?v=My5wh3vr-_Q,YouTube
12003,https://www.youtube.com/watch?v=dwKJGclAo7o,YouTube
12004,https://www.youtube.com/watch?v=arr-4RGgJvU,YouTube
12005,https://www.youtube.com/watch?v=MT0L1U-Rdj4,YouTube
12006,,
12007,https://www.youtube.com/watch?v=Y5gPQXbFs9Y,YouTube
12008,https://www.youtube.com/watch?v=1bJZYqGfYGE,YouTube
12009,,
12010,https://www.youtube.com/watch?v=sc3Cba0qOco,YouTube
12011,https://www.youtube.com/watch?v=a8WyFLsdtNw,YouTube
12012,https://www.youtube.com/watch?v=x6t7vVTxaic,YouTube
12013,https://www.youtube.com/watch?v=DlQYdIr7ZO0,YouTube
12014,https://www.youtube.com/watch?v=hc4CiTvQ-YE,YouTube
12015,https://www.youtube.com/watch?v=Su1LOpjvdZ4,YouTube
12016,,
12017,https://www.youtube.com/watch?v=NHh24Y9LrY0,YouTube
12018,https://www.youtube.com/watch?v=qLE2zJv68pA,YouTube
12019,https://www.youtube.com/watch?v=_J3fkfUDkx8,YouTube
12020,,
12021,,
12022,,
12023,https://www.youtube.com/watch?v=StYHibhdsdA,YouTube
12024,https://www.youtube.com/watch?v=ZBvK6ni97W8,YouTube
12025,,
12026,,
12027,https://www.youtube.com/watch?v=nV04zyfLyN4,YouTube
12028,https://www.youtube.com/watch?v=VhpN3obM5fc,YouTube
12029,https://www.youtube.com/watch?v=nlOLJ_H0zcA,YouTube
12030,,
12031,https://www.youtube.com/watch?v=7wd5KEaOtm4,YouTube
12032,https://www.youtube.com/watch?v=_0LkiWPmnns,YouTube
12033,https://www.youtube.com/watch?v=uXU3BDvq-sQ,YouTube
12034,https://www.youtube.com/watch?v=93FNs4lDgeI,YouTube
12035,https://www.youtube.com/watch?v=2LqzF5WauAw,YouTube
12036,,
12037,https://www.youtube.com/watch?v=RLRQDLkgaxE,YouTube
12038,,
12039,https://www.youtube.com/watch?v=7UzSekc0LoQ,YouTube
12040,https://www.youtube.com/watch?v=Kiq3ZUho2zk,YouTube
12041,,
12042,,
12043,https://www.youtube.com/watch?v=bf_oNYbpcUU,YouTube
12044,https://www.youtube.com/watch?v=0GQyQZnRXww,YouTube
12045,https://www.youtube.com/watch?v=TaDUZskpMfM,YouTube
12046,https://www.youtube.com/watch?v=_VNFCnS9c1E,YouTube
12047,https://www.youtube.com/watch?v=HaXxVKEtlIg,YouTube
12048,https://www.youtube.com/watch?v=JhJctheblzs,YouTube
12049,,
12050,https://www.youtube.com/watch?v=ycHoiajhvOE,YouTube
12051,https://www.youtube.com/watch?v=JIdw2B6zipc,YouTube
12052,,
12053,,
12054,https://www.youtube.com/watch?v=ftTX4FoBWlE,YouTube
12055,,
12056,,
12057,https://www.youtube.com/watch?v=So94YkJK1CQ,YouTube
12058,https://www.youtube.com/watch?v=mI_KSRbFMME,YouTube
12059,https://www.youtube.com/watch?v=IjnAAT-IAKE,YouTube
12060,,
12061,,
12062,https://www.youtube.com/watch?v=jJzEW_eE1G0,YouTube
12063,https://www.youtube.com/watch?v=6dzikBZTUy8,YouTube
12064,,
12065,https://www.youtube.com/watch?v=nwFVc2NAt94,YouTube
12066,,
12067,,
12068,,
12069,,
12070,https://www.youtube.com/watch?v=bKeW-MGu-qQ,YouTube
12071,https://www.youtube.com/watch?v=Aa7sa-Zd-3E,YouTube
12072,,
12073,,
12074,,
12075,https://www.youtube.com/watch?v=JFQLVsWWoEs,YouTube
12076,,
12077,,
12078,,
12079,,
12080,,
12081,https://www.youtube.com/watch?v=3nHakMqGbbg,YouTube
12082,,
12083,https://www.youtube.com/watch?v=c6GfoD9ReqI,YouTube
12084,,
12085,https://www.youtube.com/watch?v=tEQryK-_JjY,YouTube
12086,,
12087,https://www.youtube.com/watch?v=fI-Wp-v1s-U,YouTube
12088,https://www.youtube.com/watch?v=aoBS1qemBZI,YouTube
12089,https://www.youtube.com/watch?v=5Fxa5NuVrqU,YouTube
12090,https://www.youtube.com/watch?v=2TfaSrWDv4s,YouTube
12091,https://www.youtube.com/watch?v=pna8QJDfJUE,YouTube
12092,https://www.youtube.com/watch?v=1GNwlqtv7Oc,YouTube
12093,https://www.youtube.com/watch?v=Q320-Tg_Wco,YouTube
12094,https://www.youtube.com/watch?v=DdEvxSxZAdE,YouTube
12095,,
12096,,
12097,,
12098,,
12099,,
12100,https://www.youtube.com/watch?v=PRBaznseG4U,YouTube
12101,,
12102,,
12103,,
12104,,
12105,https://www.youtube.com/watch?v=WFJgUm7iOKw,YouTube
12106,https://www.youtube.com/watch?v=nMhfESAa4tw,YouTube
12107,https://www.youtube.com/watch?v=98Nkqlp_hrg,YouTube
12108,,
12109,https://www.youtube.com/watch?v=4olwbrY2kwE,YouTube
12110,,
12111,,
12112,,
12113,,
12114,https://www.youtube.com/watch?v=a6JB2suJYHM,YouTube
12115,,
12116,https://www.youtube.com/watch?v=JIbkRGef8kE,YouTube
12117,,
12118,https://www.youtube.com/watch?v=NfM1PlDhxzQ,YouTube
12119,,
12120,https://www.youtube.com/watch?v=4cVcpz8H3Pk,YouTube
12121,,
12122,,
12123,,
12124,,
12125,https://www.youtube.com/watch?v=ZHz9fk4odUk,YouTube
12126,,
12127,https://www.youtube.com/watch?v=ZHz9fk4odUk,YouTube
12128,,
12129,,
12130,https://www.youtube.com/watch?v=S1iQSYKZxFw,YouTube
12131,,
12132,,
12133,https://www.youtube.com/watch?v=ANiNAqkuWMY,YouTube
12134,,
12135,,
12136,https://www.youtube.com/watch?v=oOij6UGRB6s,YouTube
12137,,
12138,https://www.youtube.com/watch?v=Et37NAjAG7s,YouTube
12139,,
12140,https://www.youtube.com/watch?v=k3E6uWoNPVo,YouTube
12141,,
12142,,
12143,https://www.youtube.com/watch?v=PEeyIjOKBos,YouTube
12144,https://www.youtube.com/watch?v=FMabhvDoolc,YouTube
12145,https://www.youtube.com/watch?v=fPCpcB2RjiM,YouTube
12146,https://www.youtube.com/watch?v=2S8YFTcEDME,YouTube
12147,,
12148,,
12149,,
12150,,
12151,https://www.youtube.com/watch?v=XkkzKHCx154,YouTube
12152,,
12153,https://www.youtube.com/watch?v=AW7_cACcXD8,YouTube
12154,https://www.youtube.com/watch?v=mqTrjDsEg4g,YouTube
12155,https://www.youtube.com/watch?v=ZdZ0lUxunbA,YouTube
12156,https://www.youtube.com/watch?v=xOPl8gKdmYE,YouTube
12157,https://www.youtube.com/watch?v=LViDBXFDAxw,YouTube
12158,https://www.youtube.com/watch?v=7HaZ2M9aTnc,YouTube
12159,https://www.youtube.com/watch?v=32dchLiEEVg,YouTube
12160,https://www.youtube.com/watch?v=DjGf2v2Z-3E,YouTube
12161,https://www.youtube.com/watch?v=xC7REp40_uc,YouTube
12162,https://www.youtube.com/watch?v=6k8qeqZycgE,YouTube
12163,https://www.youtube.com/watch?v=jg1Jt2Ft6xg,YouTube
12164,,
12165,https://www.youtube.com/watch?v=dIi3pOUY6xE,YouTube
12166,https://www.youtube.com/watch?v=oPXL4_eZ4-M,YouTube
12167,https://www.youtube.com/watch?v=xmwfpf9lBwk,YouTube
12168,https://www.youtube.com/watch?v=ujvOdC3-JGw,YouTube
12169,https://www.youtube.com/watch?v=eKmbPwZLqYc,YouTube
12170,https://www.youtube.com/watch?v=c_Ne5g5F-WY,YouTube
12171,https://www.youtube.com/watch?v=ajK-MTCzp5k,YouTube
12172,https://www.youtube.com/watch?v=R94eV8nxvrA,YouTube
12173,https://www.youtube.com/watch?v=1iYvdhMJZkE,YouTube
12174,https://www.youtube.com/watch?v=lTnl4J5y5rw,YouTube
12175,https://www.youtube.com/watch?v=nIR_AxOqfSo,YouTube
12176,https://www.youtube.com/watch?v=0pMqAbdvrfo,YouTube
12177,https://www.youtube.com/watch?v=pMnEbfzllso,YouTube
12178,https://www.youtube.com/watch?v=qPQ7CR3wn8A,YouTube
12179,https://www.youtube.com/watch?v=jNLcfJ06y34,YouTube
12180,,
12181,https://www.youtube.com/watch?v=DyLUwOcR5pk,YouTube
12182,https://www.youtube.com/watch?v=Fxp32VHaYdE,YouTube
12183,https://www.youtube.com/watch?v=9WTMFghxvXo,YouTube
12184,https://www.youtube.com/watch?v=zGibIaY7MSY,YouTube
12185,,
12186,https://www.youtube.com/watch?v=JulDCiXBx-s,YouTube
12187,,
12188,https://www.youtube.com/watch?v=1lnEyZEoYJU,YouTube
12189,https://www.youtube.com/watch?v=x5BoJJbbEjw,YouTube
12190,https://www.youtube.com/watch?v=7uY1JbWZKPA,YouTube
12191,,
12192,https://www.youtube.com/watch?v=4Ed677Y6TG8,YouTube
12193,https://www.youtube.com/watch?v=GEyM01dAxp8,YouTube
12194,,
12195,,
12196,https://www.youtube.com/watch?v=W8E1s-XN90c,YouTube
12197,https://www.youtube.com/watch?v=N2MqGo98R_M,YouTube
12198,https://www.youtube.com/watch?v=toJPUHh3EKI,YouTube
12199,,
12200,,
12201,https://www.youtube.com/watch?v=d_TsBCCz1CY,YouTube
12202,https://www.youtube.com/watch?v=LHrZxG9W3RI,YouTube
12203,https://www.youtube.com/watch?v=gB2bILnrypc,YouTube
12204,https://www.youtube.com/watch?v=xabuZwG3XyM,YouTube
12205,https://www.youtube.com/watch?v=mtJfr-a_oHQ,YouTube
12206,https://www.youtube.com/watch?v=fH0cEP0mvlU,YouTube
12207,,
12208,,
12209,https://www.youtube.com/watch?v=Q_LfR6mZ5o0,YouTube
12210,https://www.youtube.com/watch?v=DtDgItS_OgM,YouTube
12211,https://www.youtube.com/watch?v=kLLsqYK4rm0,YouTube
12212,https://www.youtube.com/watch?v=MoApWLxwEr8,YouTube
12213,https://www.youtube.com/watch?v=nFVF377iqIw,YouTube
12214,https://www.youtube.com/watch?v=musnXxhyxik,YouTube
12215,https://www.youtube.com/watch?v=ar-IaAx7s8k,YouTube
12216,https://www.youtube.com/watch?v=Y07I_KER5fE,YouTube
12217,https://www.youtube.com/watch?v=ljN7SEEwhmM,YouTube
12218,,
12219,https://www.youtube.com/watch?v=Uj85gr6R1as,YouTube
12220,https://www.youtube.com/watch?v=4sMMt2M3RiU,YouTube
12221,,
12222,https://www.youtube.com/watch?v=tRWIfCpxNK4,YouTube
12223,https://www.youtube.com/watch?v=38rPoGSr19U,YouTube
12224,,
12225,,
12226,https://www.youtube.com/watch?v=tav42JTdW4A,YouTube
12227,,
12228,,
12229,https://www.youtube.com/watch?v=RA7mae3ZePg,YouTube
12230,https://www.youtube.com/watch?v=uJfLoE6hanc,YouTube
12231,,
12232,https://www.youtube.com/watch?v=cL-tP03XoH4,YouTube
12233,,
12234,https://www.youtube.com/watch?v=XWnNkCInmow,YouTube
12235,https://www.youtube.com/watch?v=Cba1npyBEA0,YouTube
12236,,
12237,,
12238,https://www.youtube.com/watch?v=1uaDma1o6VY,YouTube
12239,,
12240,https://www.youtube.com/watch?v=raYsuSaNN7k,YouTube
12241,,
12242,,
12243,https://www.youtube.com/watch?v=YY8MbwAK_rE,YouTube
12244,https://www.youtube.com/watch?v=IeqViWgc7QE,YouTube
12245,https://www.youtube.com/watch?v=ZrzqBwuxHV8,YouTube
12246,https://www.youtube.com/watch?v=SuyLeUjuT_k,YouTube
12247,https://www.youtube.com/watch?v=v6LQzRBDjA0,YouTube
12248,,
12249,https://www.youtube.com/watch?v=MZ9KthGwgTE,YouTube
12250,https://www.youtube.com/watch?v=yqlE-7PP7Ho,YouTube
12251,https://www.youtube.com/watch?v=ojw1sau98Jg,YouTube
12252,https://www.youtube.com/watch?v=6yh8l6ztvAE,YouTube
12253,https://www.youtube.com/watch?v=Ms8_WIwKNTk,YouTube
12254,https://www.youtube.com/watch?v=Sq5CIH0duMk,YouTube
12255,https://www.youtube.com/watch?v=eO7kJ0j4Qzw,YouTube
12256,https://www.youtube.com/watch?v=KHGHEpUeUwo,YouTube
12257,,
12258,,
12259,https://www.youtube.com/watch?v=o2y8kKsxeII,YouTube
12260,https://www.youtube.com/watch?v=AK6EbfdnTHg,YouTube
12261,https://www.youtube.com/watch?v=gMDymk_gx3A,YouTube
12262,https://www.youtube.com/watch?v=M3QFz4VKOlE,YouTube
12263,https://www.youtube.com/watch?v=AaCAby0GicI,YouTube
12264,https://www.youtube.com/watch?v=BAfYPog0pWc,YouTube
12265,https://www.youtube.com/watch?v=IzMpOvKxXdM,YouTube
12266,https://www.youtube.com/watch?v=PqwDB7N6ujA,YouTube
12267,https://www.youtube.com/watch?v=eukojcMn2js,YouTube
12268,https://www.youtube.com/watch?v=yAar1EYxloQ,YouTube
12269,https://www.youtube.com/watch?v=_kgUXVQiJYs,YouTube
12270,https://www.youtube.com/watch?v=7nXygV0QgnY,YouTube
12271,https://www.youtube.com/watch?v=mHm9qqrl_Uc,YouTube
12272,https://www.youtube.com/watch?v=yeDOSDOs2X0,YouTube
12273,https://www.youtube.com/watch?v=MNVfBmjiN1k,YouTube
12274,,
12275,,
12276,https://www.youtube.com/watch?v=PhN1xnCyqR8,YouTube
12277,https://www.youtube.com/watch?v=HHcHYisZFLU,YouTube
12278,https://www.youtube.com/watch?v=a4VmUsFc3Ao,YouTube
12279,https://www.youtube.com/watch?v=dX4Ik-cyp-I,YouTube
12280,https://www.youtube.com/watch?v=63hdx4iYs7k,YouTube
12281,https://www.youtube.com/watch?v=mP01tEMzt40,YouTube
12282,,
12283,https://www.youtube.com/watch?v=5Z7yeXtBQMU,YouTube
12284,https://www.youtube.com/watch?v=46qKHq7REI4,YouTube
12285,https://www.youtube.com/watch?v=3aait4aOxP0,YouTube
12286,,
12287,https://www.youtube.com/watch?v=NV6IbcZVjuk,YouTube
12288,https://www.youtube.com/watch?v=UqLHJoHTVJg,YouTube
12289,,
12290,https://www.youtube.com/watch?v=64-iSYVmMVY,YouTube
12291,https://www.youtube.com/watch?v=RJZtoAKDf_8,YouTube
12292,https://www.youtube.com/watch?v=Ivh1DoSVfyo,YouTube
12293,https://www.youtube.com/watch?v=Wpb616fwYMk,YouTube
12294,https://www.youtube.com/watch?v=6zVzIaEuXS4,YouTube
12295,,
12296,https://www.youtube.com/watch?v=_6QajoX9t2o,YouTube
12297,https://www.youtube.com/watch?v=OxsKcx1IwI8,YouTube
12298,https://www.youtube.com/watch?v=MzWWObywANQ,YouTube
12299,,
12300,,
12301,,
12302,https://www.youtube.com/watch?v=y0E2Qh6wLS4,YouTube
12303,,
12304,https://www.youtube.com/watch?v=Xv5MG0LhaP4,YouTube
12305,https://www.youtube.com/watch?v=6FSwSgzsVEk,YouTube
12306,https://www.youtube.com/watch?v=Dze8Cmr9sns,YouTube
12307,,
12308,https://www.youtube.com/watch?v=ihdJgH757A0,YouTube
12309,https://www.youtube.com/watch?v=A7hkvdyG8x4,YouTube
12310,https://www.youtube.com/watch?v=iI6nzmvDBfE,YouTube
12311,https://www.youtube.com/watch?v=_pCtXRP1edo,YouTube
12312,https://www.youtube.com/watch?v=4o8peGbqxeI,YouTube
12313,https://www.youtube.com/watch?v=DGhJBWGhlkU,YouTube
12314,https://www.youtube.com/watch?v=WfaTlmYvTA8,YouTube
12315,,
12316,https://www.youtube.com/watch?v=OTpdXKocacQ,YouTube
12317,https://www.youtube.com/watch?v=Jhkj1TVITf8,YouTube
12318,,
12319,https://www.youtube.com/watch?v=OnRuRFbpnCM,YouTube
12320,https://www.youtube.com/watch?v=R4ZzqLPvagc,YouTube
12321,https://www.youtube.com/watch?v=eZ4xDTz8Avc,YouTube
12322,https://www.youtube.com/watch?v=LpvfBfxjNPQ,YouTube
12323,,
12324,,
12325,,
12326,https://www.youtube.com/watch?v=guUYvXf_KvA,YouTube
12327,https://www.youtube.com/watch?v=eierBlblwec,YouTube
12328,,
12329,,
12330,,
12331,https://www.youtube.com/watch?v=e5upOqS2pwk,YouTube
12332,,
12333,https://www.youtube.com/watch?v=KEo2EZ_Q-js,YouTube
12334,https://www.youtube.com/watch?v=xQGpDi5mM-4,YouTube
12335,https://www.youtube.com/watch?v=_WCw2RgA8oY,YouTube
12336,https://www.youtube.com/watch?v=kliQSsD_npo,YouTube
12337,,
12338,,
12339,,
12340,,
12341,https://www.youtube.com/watch?v=lgZQ8gyUlwI,YouTube
12342,https://www.youtube.com/watch?v=bFYmYWa348c,YouTube
12343,https://www.youtube.com/watch?v=aymhLsyy3TY,YouTube
12344,https://www.youtube.com/watch?v=KATn_m-AX9I,YouTube
12345,https://www.youtube.com/watch?v=hsv_NQFbQzo,YouTube
12346,,
12347,,
12348,https://www.youtube.com/watch?v=JMjZp2afJsg,YouTube
12349,https://www.youtube.com/watch?v=iWFVAIbIkS4,YouTube
12350,https://www.youtube.com/watch?v=2RAgnFAQ9s4,YouTube
12351,https://www.youtube.com/watch?v=CxENJ2LwecY,YouTube
12352,https://www.youtube.com/watch?v=ELb4S8P3q20,YouTube
12353,https://www.youtube.com/watch?v=jpjpUOXQZac,YouTube
12354,,
12355,https://www.youtube.com/watch?v=IhEcrgXF604,YouTube
12356,https://www.youtube.com/watch?v=wRcVgJjnFLo,YouTube
12357,https://www.youtube.com/watch?v=ZknpyKkHIvw,YouTube
12358,https://www.youtube.com/watch?v=2-_-1nJf8Vg,YouTube
12359,https://www.youtube.com/watch?v=ZknpyKkHIvw,YouTube
12360,,
12361,https://www.youtube.com/watch?v=fSeWHl1PaKs,YouTube
12362,https://www.youtube.com/watch?v=aTKBowDjMQg,YouTube
12363,,
12364,https://www.youtube.com/watch?v=9Hd_uO72h1s,YouTube
12365,https://www.youtube.com/watch?v=sznwupfI_G4,YouTube
12366,https://www.youtube.com/watch?v=a6gUG2VKbig,YouTube
12367,https://www.youtube.com/watch?v=o2dQojRHX9Q,YouTube
12368,https://www.youtube.com/watch?v=L6ckwpaFbBM,YouTube
12369,https://www.youtube.com/watch?v=0GnAmUSvpAQ,YouTube
12370,https://www.youtube.com/watch?v=G0hBmpHOO5I,YouTube
12371,https://www.youtube.com/watch?v=ehABKjhVbG0,YouTube
12372,https://www.youtube.com/watch?v=Oc9xF_DvzSw,YouTube
12373,,
12374,https://www.youtube.com/watch?v=_DSMCbWo6u4,YouTube
12375,https://www.youtube.com/watch?v=uMNKLvD2F1k,YouTube
12376,https://www.youtube.com/watch?v=dwXFsrp6WBs,YouTube
12377,,
12378,https://www.youtube.com/watch?v=C_Tsj_wTJkQ,YouTube
12379,https://www.youtube.com/watch?v=7onFrBK_hKE,YouTube
12380,https://www.youtube.com/watch?v=stR0B3P_zq8,YouTube
12381,https://www.youtube.com/watch?v=t2LI5OOifsQ,YouTube
12382,https://www.youtube.com/watch?v=j2jRs4EAvWM,YouTube
12383,https://www.youtube.com/watch?v=BuE98oeL-e0,YouTube
12384,https://www.youtube.com/watch?v=ofvJ7KyulPA,YouTube
12385,,
12386,,
12387,,
12388,https://www.youtube.com/watch?v=ipsnuom-_ww,YouTube
12389,https://www.youtube.com/watch?v=PFF-N8kgYjo,YouTube
12390,https://www.youtube.com/watch?v=qGDyslD68as,YouTube
12391,https://www.youtube.com/watch?v=sKf4ef4j6qQ,YouTube
12392,https://www.youtube.com/watch?v=SCTzYY95Aw4,YouTube
12393,https://www.youtube.com/watch?v=XdjrvwYO9nc,YouTube
12394,https://www.youtube.com/watch?v=oIBtePb-dGY,YouTube
12395,https://www.youtube.com/watch?v=pX1-TNEpQ74,YouTube
12396,https://www.youtube.com/watch?v=8MuWt2X59fo,YouTube
12397,https://www.youtube.com/watch?v=x3ErWNBX9Rc,YouTube
12398,,
12399,,
12400,https://www.youtube.com/watch?v=Qwu51SYfQQs,YouTube
12401,https://www.youtube.com/watch?v=SAYQklUPLBI,YouTube
12402,https://www.youtube.com/watch?v=hFo7eJR2cvc,YouTube
12403,,
12404,https://www.youtube.com/watch?v=3sHMCRaS3ao,YouTube
12405,https://www.youtube.com/watch?v=HALfME0wjeU,YouTube
12406,https://www.youtube.com/watch?v=XdxS8VAdwZ0,YouTube
12407,https://www.youtube.com/watch?v=asM2-YAMWxg,YouTube
12408,https://www.youtube.com/watch?v=EaN1ouLvtFk,YouTube
12409,https://www.youtube.com/watch?v=kKk6_nrTyeo,YouTube
12410,https://www.youtube.com/watch?v=cBxv6v7KGIQ,YouTube
12411,https://www.youtube.com/watch?v=7OIFdWk83no,YouTube
12412,https://www.youtube.com/watch?v=huRnGh-NWGM,YouTube
12413,https://www.youtube.com/watch?v=lFwtY1bxlNc,YouTube
12414,https://www.youtube.com/watch?v=tdjX8Voj5vI,YouTube
12415,,
12416,https://www.youtube.com/watch?v=OXF0R4dcU5Y,YouTube
12417,https://www.youtube.com/watch?v=cMZhDdNfrE0,YouTube
12418,https://www.youtube.com/watch?v=c1w_qrsAYsw,YouTube
12419,https://www.youtube.com/watch?v=9FozQnaEZl8,YouTube
12420,https://www.youtube.com/watch?v=hbE8eGzUXLI,YouTube
12421,https://www.youtube.com/watch?v=dJ0oNfjzx4k,YouTube
12422,https://www.youtube.com/watch?v=yFN0nf6Hqk0,YouTube
12423,https://www.youtube.com/watch?v=6SEiaODjTZw,YouTube
12424,https://www.youtube.com/watch?v=vw61gCe2oqI,YouTube
12425,https://www.youtube.com/watch?v=4w8lohkQtbY,YouTube
12426,https://www.youtube.com/watch?v=1BvKZMg2LjU,YouTube
12427,https://www.youtube.com/watch?v=3Ppqbnhp7PI,YouTube
12428,https://www.youtube.com/watch?v=-ti5Y9jAor0,YouTube
12429,https://www.youtube.com/watch?v=4rx4mmN_JpE,YouTube
12430,https://www.youtube.com/watch?v=6SFkzU3n4TI,YouTube
12431,https://www.youtube.com/watch?v=AKM8U0Ja7aw,YouTube
12432,https://www.youtube.com/watch?v=rQpbBwA0r14,YouTube
12433,,
12434,https://www.youtube.com/watch?v=guuJetChM4s,YouTube
12435,https://www.youtube.com/watch?v=2rIlk-Jk3lw,YouTube
12436,https://www.youtube.com/watch?v=h3ptPtxWJRs,YouTube
12437,,
12438,,
12439,https://www.youtube.com/watch?v=j4C6wLTPM1w,YouTube
12440,https://www.youtube.com/watch?v=eM9kZc6PLnY,YouTube
12441,https://www.youtube.com/watch?v=nszMBbCZKo4,YouTube
12442,https://www.youtube.com/watch?v=TIQ21m1Ks08,YouTube
12443,https://www.youtube.com/watch?v=tjymM95UWlc,YouTube
12444,https://www.youtube.com/watch?v=G0p8Su3bdHc,YouTube
12445,https://www.youtube.com/watch?v=uWA7GtDmNFU,YouTube
12446,https://www.youtube.com/watch?v=_Qcf8TVX2zo,YouTube
12447,https://www.youtube.com/watch?v=R1hZNHPVVAQ,YouTube
12448,https://www.youtube.com/watch?v=Pk0l07gqkvY,YouTube
12449,https://www.youtube.com/watch?v=0V0q_lhEa8Q,YouTube
12450,https://www.youtube.com/watch?v=U0w3vKgka_Y,YouTube
12451,https://www.youtube.com/watch?v=_9KV4ESQ8HU,YouTube
12452,https://www.youtube.com/watch?v=Twtl1XtG5X4,YouTube
12453,https://www.youtube.com/watch?v=2OKXd2j6Fmo,YouTube
12454,https://www.youtube.com/watch?v=myKtVl8N7jU,YouTube
12455,https://www.youtube.com/watch?v=Ys2wjByC3zU,YouTube
12456,,
12457,,
12458,https://www.youtube.com/watch?v=wH7bq_RjJqg,YouTube
12459,,
12460,https://www.youtube.com/watch?v=C_puVuHoR6o,YouTube
12461,https://www.youtube.com/watch?v=UhDJJNgc1EA,YouTube
12462,https://www.youtube.com/watch?v=41ecF1HD0rA,YouTube
12463,https://www.youtube.com/watch?v=TlbnGSMJQbQ,YouTube
12464,https://www.youtube.com/watch?v=UVd9blcXrkQ,YouTube
12465,,
12466,https://www.youtube.com/watch?v=qX_hOeC9Pj8,YouTube
12467,https://www.youtube.com/watch?v=PaWj9b1av1o,YouTube
12468,,
12469,,
12470,,
12471,https://www.youtube.com/watch?v=xwcI3fkKeiw,YouTube
12472,,
12473,https://www.youtube.com/watch?v=RmvKSL6WUic,YouTube
12474,,
12475,https://www.youtube.com/watch?v=g3Du7F7htXc,YouTube
12476,https://www.youtube.com/watch?v=9dP5lJnJHXg,YouTube
12477,https://www.youtube.com/watch?v=hZM1qKzOod8,YouTube
12478,https://www.youtube.com/watch?v=TdpR8VuvbCM,YouTube
12479,https://www.youtube.com/watch?v=YE29iH-LEQ8,YouTube
12480,,
12481,,
12482,https://www.youtube.com/watch?v=atXJB9luiko,YouTube
12483,,
12484,https://www.youtube.com/watch?v=UVEusP3F_V0,YouTube
12485,https://www.youtube.com/watch?v=NhYH26KTNbQ,YouTube
12486,https://www.youtube.com/watch?v=202uOuNsgow,YouTube
12487,https://www.youtube.com/watch?v=2imOf6-H3tI,YouTube
12488,https://www.youtube.com/watch?v=oMDXmDOyWE8,YouTube
12489,https://www.youtube.com/watch?v=52VKPAbEWug,YouTube
12490,https://www.youtube.com/watch?v=rE95a4iC1dk,YouTube
12491,,
12492,,
12493,,
12494,https://vimeo.com/24530271,Vimeo
12495,https://www.youtube.com/watch?v=9PnR562GsZw,YouTube
12496,https://www.youtube.com/watch?v=op4KVD-9p2Q,YouTube
12497,https://www.youtube.com/watch?v=zMicH5Mt7_s,YouTube
12498,https://www.youtube.com/watch?v=vwASAMAfmAg,YouTube
12499,https://www.youtube.com/watch?v=9DCyrUheIpM,YouTube
12500,https://www.youtube.com/watch?v=FTdaL5JLHDM,YouTube
12501,,
12502,https://www.youtube.com/watch?v=XYEBV5FsG88,YouTube
12503,https://www.youtube.com/watch?v=rieI5g9fgRc,YouTube
12504,https://www.youtube.com/watch?v=zyikPBu7RDY,YouTube
12505,,
12506,,
12507,,
12508,https://www.youtube.com/watch?v=0LFfT44BlaQ,YouTube
12509,https://www.youtube.com/watch?v=ksrkKXoEJbM,YouTube
12510,https://www.youtube.com/watch?v=uXhk2QJm-14,YouTube
12511,,
12512,https://www.youtube.com/watch?v=Icxh5FMcQRE,YouTube
12513,https://www.youtube.com/watch?v=rxdQQpJ9t-4,YouTube
12514,https://www.youtube.com/watch?v=r0r7L8tS2L0,YouTube
12515,https://www.youtube.com/watch?v=1nC0EdXk_2g,YouTube
12516,,
12517,https://www.youtube.com/watch?v=r0niCjov11A,YouTube
12518,https://www.youtube.com/watch?v=IM_kAzNzsl4,YouTube
12519,https://www.youtube.com/watch?v=40odyHxnXNU,YouTube
12520,,
12521,https://www.youtube.com/watch?v=SlrjOAe1-mQ,YouTube
12522,https://www.youtube.com/watch?v=n8ymxShEpUI,YouTube
12523,https://www.youtube.com/watch?v=EwptAfd_BJc,YouTube
12524,https://www.youtube.com/watch?v=wN9MScUbMng,YouTube
12525,https://www.youtube.com/watch?v=HydiAICZq6I,YouTube
12526,,
12527,,
12528,https://www.youtube.com/watch?v=wNtgA5Xfd2s,YouTube
12529,https://www.youtube.com/watch?v=yfuIcuezkUw,YouTube
12530,,
12531,,
12532,https://www.youtube.com/watch?v=SbJ3Itb4vsI,YouTube
12533,,
12534,,
12535,,
12536,https://www.youtube.com/watch?v=mdxrxbHsWgE,YouTube
12537,,
12538,,
12539,https://www.youtube.com/watch?v=DTgGuFOh2M0,YouTube
12540,https://www.youtube.com/watch?v=K3SlVsdUuBY,YouTube
12541,,
12542,,
12543,,
12544,https://www.youtube.com/watch?v=DoM4OXQVCcE,YouTube
12545,,
12546,https://www.youtube.com/watch?v=cVQ3AGzeB_0,YouTube
12547,https://www.youtube.com/watch?v=yx2CVSnQwZA,YouTube
12548,,
12549,https://www.youtube.com/watch?v=Sr60MOJ_fhc,YouTube
12550,https://www.youtube.com/watch?v=YlmiultezYA,YouTube
12551,https://www.youtube.com/watch?v=UYQbO20MUOE,YouTube
12552,,
12553,,
12554,,
12555,https://www.youtube.com/watch?v=okfAW8OztkI,YouTube
12556,https://www.youtube.com/watch?v=_Zmd_23Tsyc,YouTube
12557,https://www.youtube.com/watch?v=Xvl3qJe9L9g,YouTube
12558,,
12559,,
12560,https://www.youtube.com/watch?v=i4E05P-Hwt4,YouTube
12561,https://www.youtube.com/watch?v=mehQlK2enH8,YouTube
12562,https://www.youtube.com/watch?v=WkqDg4w0Lro,YouTube
12563,https://www.youtube.com/watch?v=IDtepG8EvHE,YouTube
12564,https://www.youtube.com/watch?v=uTRCxOE7Xzc,YouTube
12565,,
12566,https://www.youtube.com/watch?v=N4OaITyRBG8,YouTube
12567,https://www.youtube.com/watch?v=jeJ7FDxFUxc,YouTube
12568,https://www.youtube.com/watch?v=g4Yx7x4pfYs,YouTube
12569,https://www.youtube.com/watch?v=AF9QT43uDQU,YouTube
12570,,
12571,https://www.youtube.com/watch?v=d2KTKHELmeY,YouTube
12572,https://www.youtube.com/watch?v=5gKdCbqgsnw,YouTube
12573,https://www.youtube.com/watch?v=RjRQzuZaITo,YouTube
12574,https://www.youtube.com/watch?v=w5fc43O3ynE,YouTube
12575,https://www.youtube.com/watch?v=xbRRD-cD7h4,YouTube
12576,https://www.youtube.com/watch?v=tdG7UdD0XtY,YouTube
12577,https://www.youtube.com/watch?v=JlUkzfITiSs,YouTube
12578,https://www.youtube.com/watch?v=PspROQgS9MI,YouTube
12579,https://www.youtube.com/watch?v=TpazdmeYHYo,YouTube
12580,,
12581,,
12582,https://www.youtube.com/watch?v=HTHJyw1UsLM,YouTube
12583,https://www.youtube.com/watch?v=cYplvwBvGA4,YouTube
12584,https://www.youtube.com/watch?v=Bv17aj5GU1Y,YouTube
12585,https://www.youtube.com/watch?v=hxrF-X1yn6Q,YouTube
12586,,
12587,https://www.youtube.com/watch?v=eKqbjcR_YD8,YouTube
12588,,
12589,https://www.youtube.com/watch?v=nUuTPjLzEVw,YouTube
12590,,
12591,,
12592,,
12593,https://www.youtube.com/watch?v=DBSj1MKwx6A,YouTube
12594,,
12595,,
12596,,
12597,https://www.youtube.com/watch?v=J6xhnSp5Gdw,YouTube
12598,https://www.youtube.com/watch?v=QKAr42gxjhM,YouTube
12599,,
12600,,
12601,https://www.youtube.com/watch?v=kUSomtJF40o,YouTube
12602,,
12603,,
12604,https://www.youtube.com/watch?v=92izCckKOrs,YouTube
12605,,
12606,,
12607,,
12608,https://www.youtube.com/watch?v=OX02QBHid7o,YouTube
12609,https://www.youtube.com/watch?v=Rpr7TTnXty8,YouTube
12610,https://www.youtube.com/watch?v=nB9VyKVHKKw,YouTube
12611,,
12612,https://www.youtube.com/watch?v=mPcbm-5MAPA,YouTube
12613,https://www.youtube.com/watch?v=AFQuK5jOpKU,YouTube
12614,,
12615,https://www.youtube.com/watch?v=W3NrX5IMoNc,YouTube
12616,,
12617,,
12618,https://www.youtube.com/watch?v=lPnY2NjSjrg,YouTube
12619,,
12620,,
12621,,
12622,,
12623,,
12624,,
12625,https://www.youtube.com/watch?v=R_9vYx8CqXk,YouTube
12626,https://www.youtube.com/watch?v=RPCxqwfV3ew,YouTube
12627,https://www.youtube.com/watch?v=x2zN53Vwnz0,YouTube
12628,https://www.youtube.com/watch?v=V02lqEpbk2Y,YouTube
12629,https://www.youtube.com/watch?v=QWYqikq6YuE,YouTube
12630,https://www.youtube.com/watch?v=yRfn_kmZ1BU,YouTube
12631,https://www.youtube.com/watch?v=7LnMX1jgfRE,YouTube
12632,,
12633,https://www.youtube.com/watch?v=M1f0c3utHGI,YouTube
12634,https://www.youtube.com/watch?v=vIu85WQTPRc,YouTube
12635,https://www.youtube.com/watch?v=0iqZD-oTE7U,YouTube
12636,https://www.youtube.com/watch?v=BW9WVhTGT6Y,YouTube
12637,,
12638,https://www.youtube.com/watch?v=-m3IB7N_PRk,YouTube
12639,,
12640,https://www.youtube.com/watch?v=qsslA308XV8,YouTube
12641,https://www.youtube.com/watch?v=Bi-PLwxwvy8,YouTube
12642,https://www.youtube.com/watch?v=eWIgmH14_N4,YouTube
12643,https://www.youtube.com/watch?v=7jHxESgl9qA,YouTube
12644,,
12645,,
12646,,
12647,https://www.youtube.com/watch?v=Cd8NNcd4Oeo,YouTube
12648,,
12649,,
12650,,
12651,,
12652,,
12653,,
12654,,
12655,,
12656,,
12657,,
12658,,
12659,,
12660,,
12661,,
12662,,
12663,,
12664,,
12665,,
12666,,
12667,,
12668,,
12669,,
12670,,
12671,,
12672,,
12673,,
12674,,
12675,,
12676,,
12677,,
12678,,
12679,,
12680,,
12681,,
12682,,
12683,,
12684,,
12685,,
12686,,
12687,,
12688,,
12689,,
12690,,
12691,,
12692,,
12693,,
12694,,
12695,,
12696,,
12697,,
12698,,
12699,,
12700,,
12701,,
12702,,
12703,,
12704,,
12705,,
12706,,
12707,,
12708,,
12709,,
12710,,
12711,,
12712,,
12713,,
12714,,
12715,,
12716,,
12717,,
12718,,
12719,,
12720,,
12721,,
12722,,
12723,,
12724,,
12725,,
12726,,
12727,,
12728,,
12729,,
12730,,
12731,,
12732,,
12733,,
12734,,
12735,,
12736,,
12737,,
12738,,
12739,,
12740,,
12741,,
12742,,
12743,,
12744,,
12745,,
12746,,
12747,,
12748,,
12749,,
12750,,
12751,,
12752,,
12753,,
12754,,
12755,,
12756,,
12757,,
12758,,
12759,,
12760,,
12761,,
12762,,
12763,,
12764,,
12765,,
12766,,
12767,,
12768,,
12769,,
12770,,
12771,,
12772,,
12773,,
12774,,
12775,,
12776,,
12777,,
12778,,
12779,,
12780,,
12781,,
12782,,
12783,,
12784,,
12785,,
12786,,
12787,,
12788,,
12789,,
12790,,
12791,,
12792,,
12793,,
12794,,
12795,,
12796,,
12797,,
12798,,
12799,,
12800,,
12801,,
12802,,
12803,,
12804,,
12805,,
12806,,
12807,,
12808,,
12809,,
12810,,
12811,,
12812,,
12813,,
12814,,
12815,,
12816,,
12817,,
12818,,
12819,,
12820,,
12821,,
12822,,
12823,,
12824,,
12825,,
12826,,
12827,,
12828,,
12829,,
12830,,
12831,,
12832,,
12833,,
12834,,
12835,,
12836,,
12837,,
12838,,
12839,,
12840,,
12841,,
12842,,
12843,,
12844,,
12845,,
12846,,
12847,,
12848,,
12849,,
12850,,
12851,,
12852,,
12853,,
12854,,
12855,,
12856,,
12857,,
12858,,
12859,,
12860,,
12861,,
12862,,
12863,,
12864,,
12865,,
12866,,
12867,,
12868,,
12869,,
12870,,
12871,,
12872,,
12873,,
12874,,
12875,,
12876,,
12877,,
12878,,
12879,,
12880,,
12881,,
12882,,
12883,,
12884,,
12885,,
12886,,
12887,,
12888,,
12889,,
12890,,
12891,,
12892,,
12893,,
12894,,
12895,,
12896,,
12897,,
12898,,
12899,,
12900,,
12901,,
12902,,
12903,,
12904,,
12905,,
12906,,
12907,,
12908,,
12909,,
12910,,
12911,,
12912,,
12913,,
12914,,
12915,,
12916,,
12917,,
12918,,
12919,,
12920,,
12921,,
12922,,
12923,,
12924,,
12925,,
12926,,
12927,,
12928,,
12929,,
12930,,
12931,,
12932,,
12933,,
12934,,
12935,,
12936,,
12937,,
12938,,
12939,,
12940,,
12941,,
12942,,
12943,,
12944,,
12945,,
12946,,
12947,,
12948,,
12949,,
12950,,
12951,,
12952,,
12953,,
12954,,
12955,,
12956,,
12957,,
12958,,
12959,,
12960,,
12961,,
12962,,
12963,,
12964,,
12965,,
12966,,
12967,,
12968,,
12969,,
12970,,
12971,,
12972,,
12973,,
12974,,
12975,,
12976,,
12977,,
12978,,
12979,,
12980,,
12981,,
12982,,
12983,,
12984,,
12985,,
12986,,
12987,,
12988,,
12989,,
12990,,
12991,,
12992,,
12993,,
12994,,
12995,,
12996,,
12997,,
12998,,
12999,,
13000,,
13001,,
13002,,
13003,,
13004,,
13005,,
13006,,
13007,,
13008,,
13009,,
13010,,
13011,,
13012,,
13013,,
13014,,
13015,,
13016,,
13017,,
13018,,
13019,,
13020,,
13021,,
13022,,
13023,,
13024,,
13025,,
13026,,
13027,,
13028,,
13029,,
13030,,
13031,,
13032,,
13033,,
13034,,
13035,,
13036,,
13037,,
13038,,
13039,,
13040,,
13041,,
13042,,
13043,,
13044,,
13045,,
13046,,
13047,,
13048,,
13049,,
13050,,
13051,,
13052,,
13053,,
13054,,
13055,,
13056,,
13057,,
13058,,
13059,,
13060,,
13061,,
13062,,
13063,,
13064,,
13065,,
13066,,
13067,,
13068,,
13069,,
13070,,
13071,,
13072,,
13073,,
13074,,
13075,,
13076,,
13077,,
13078,,
13079,,
13080,,
13081,,
13082,,
13083,,
13084,,
13085,,
13086,,
13087,,
13088,,
13089,,
13090,,
13091,,
13092,,
13093,,
13094,,
13095,,
13096,,
13097,,
13098,,
13099,,
13100,,
13101,,
13102,,
13103,,
13104,,
13105,,
13106,,
13107,,
13108,,
13109,,
13110,,
13111,,
13112,,
13113,,
13114,,
13115,,
13116,,
13117,,
13118,,
13119,,
13120,,
13121,,
13122,,
13123,,
13124,,
13125,,
13126,,
13127,,
13128,,
13129,,
13130,,
13131,,
13132,,
13133,,
13134,,
13135,,
13136,,
13137,,
13138,,
13139,,
13140,,
13141,,
13142,,
13143,,
13144,,
13145,,
13146,,
13147,,
13148,,
13149,,
13150,,
13151,,
13152,,
13153,,
13154,,
13155,,
13156,,
13157,,
13158,,
13159,,
13160,,
13161,,
13162,,
13163,,
13164,,
13165,,
13166,,
13167,,
13168,,
13169,,
13170,,
13171,,
13172,,
13173,,
13174,,
13175,,
13176,,
13177,,
13178,,
13179,,
13180,,
13181,,
13182,,
13183,,
13184,,
13185,,
13186,,
13187,,
13188,,
13189,,
13190,,
13191,,
13192,,
13193,,
13194,,
13195,,
13196,,
13197,,
13198,,
13199,,
13200,,
13201,,
13202,,
13203,,
13204,,
13205,,
13206,,
13207,,
13208,,
13209,,
13210,,
13211,,
13212,,
13213,,
13214,,
13215,,
13216,,
13217,,
13218,,
13219,,
13220,,
13221,,
13222,,
13223,,
13224,,
13225,,
13226,,
13227,,
13228,,
13229,,
13230,,
13231,,
13232,,
13233,,
13234,,
13235,,
13236,,
13237,,
13238,,
13239,,
13240,,
13241,,
13242,,
13243,,
13244,,
13245,,
13246,,
13247,,
13248,,
13249,,
13250,,
13251,,
13252,https://www.youtube.com/watch?v=8CogDP0vlfw,YouTube
13253,https://www.youtube.com/watch?v=DS1bOLtMNfc,YouTube
13254,https://www.youtube.com/watch?v=tVAxlqHaMNo,YouTube
13255,https://www.youtube.com/watch?v=FYGCwDY5V60,YouTube
13256,,
13257,,
13258,https://www.youtube.com/watch?v=xFxmelljiyg,YouTube
13259,https://www.youtube.com/watch?v=dv9ce8cJVfg,YouTube
13260,https://www.youtube.com/watch?v=67dfnrTJlUE,YouTube
13261,https://www.youtube.com/watch?v=Q5AHUMpBtCE,YouTube
13262,https://www.youtube.com/watch?v=NHRvNAENaxk,YouTube
13263,https://www.youtube.com/watch?v=2VT2apoX90o,YouTube
13264,https://www.youtube.com/watch?v=QtrbWfZtxxM,YouTube
13265,https://www.youtube.com/watch?v=pgqeBMNyJhQ,YouTube
13266,https://www.youtube.com/watch?v=CeYCfuCDwcA,YouTube
13267,,
13268,,
13269,https://www.youtube.com/watch?v=26DF79_UoPg,YouTube
13270,,
13271,https://www.youtube.com/watch?v=X0_ttpqt6nc,YouTube
13272,,
13273,https://www.youtube.com/watch?v=NlsISs23Qfs,YouTube
13274,,
13275,https://www.youtube.com/watch?v=AQ8oSIXrVdE,YouTube
13276,,
13277,,
13278,,
13279,,
13280,https://www.youtube.com/watch?v=j_Y0hgcHqwI,YouTube
13281,https://www.youtube.com/watch?v=Tjes7u9Vewc,YouTube
13282,https://www.youtube.com/watch?v=KyOAP2UIgz4,YouTube
13283,https://www.youtube.com/watch?v=1OZTV7Zu2bo,YouTube
13284,,
13285,,
13286,https://www.youtube.com/watch?v=I3Mx8OSlNYM,YouTube
13287,https://www.youtube.com/watch?v=9qmiH4ROTtA,YouTube
13288,,
13289,,
13290,https://www.youtube.com/watch?v=Bh6LKIdxqCU,YouTube
13291,https://www.youtube.com/watch?v=4Xyl4l7bnJM,YouTube
13292,,
13293,,
13294,https://www.youtube.com/watch?v=Q3WJrWZ_npg,YouTube
13295,https://www.youtube.com/watch?v=4HooryZXjcE,YouTube
13296,https://www.youtube.com/watch?v=YwVcjdEe0c8,YouTube
13297,https://www.youtube.com/watch?v=4NT4C1F_HZE,YouTube
13298,https://www.youtube.com/watch?v=gQ0uSh2Hgcs,YouTube
13299,,
13300,https://www.youtube.com/watch?v=mJP65NQwII8,YouTube
13301,,
13302,,
13303,https://www.youtube.com/watch?v=eZBd836tTfk,YouTube
13304,https://www.youtube.com/watch?v=OXYrVPY6oQY,YouTube
13305,https://www.youtube.com/watch?v=6UIfk99IZPk,YouTube
13306,https://www.youtube.com/watch?v=ay-eT1B39zI,YouTube
13307,https://www.youtube.com/watch?v=hVo9Gw9rJiE,YouTube
13308,https://www.youtube.com/watch?v=LRS2Qde5KoM,YouTube
13309,https://www.youtube.com/watch?v=u48UrWtCn5E,YouTube
13310,https://www.youtube.com/watch?v=3jBFwltrxJw,YouTube
13311,,
13312,https://www.youtube.com/watch?v=P0SzfMNmqxQ,YouTube
13313,,
13314,https://www.youtube.com/watch?v=5RIIEjG4gBM,YouTube
13315,https://www.youtube.com/watch?v=rb4PcTssCb0,YouTube
13316,https://www.youtube.com/watch?v=vSXUgkCjdBM,YouTube
13317,,
13318,,
13319,https://www.youtube.com/watch?v=Ic-9Vb4HaIM,YouTube
13320,https://www.youtube.com/watch?v=2SupordEUpw,YouTube
13321,https://www.youtube.com/watch?v=A85EtOalcsM,YouTube
13322,https://www.youtube.com/watch?v=IHHPPX6dnYU,YouTube
13323,https://www.youtube.com/watch?v=NlOF03DUoWc,YouTube
13324,https://www.youtube.com/watch?v=O7NHfAzg7Yg,YouTube
13325,https://www.youtube.com/watch?v=HmyfIOp30aI,YouTube
13326,,
13327,,
13328,https://www.youtube.com/watch?v=Lr3OavheNu0,YouTube
13329,https://www.youtube.com/watch?v=SUoG7mqCixI,YouTube
13330,https://www.youtube.com/watch?v=1JMCvX6qXuo,YouTube
13331,,
13332,https://www.youtube.com/watch?v=x5YmI2PW9R8,YouTube
13333,https://www.youtube.com/watch?v=IjYKXr9w0QI,YouTube
13334,https://www.youtube.com/watch?v=OiTiKOy59o4,YouTube
13335,,
13336,https://www.youtube.com/watch?v=fqlfoTzrYhg,YouTube
13337,https://www.youtube.com/watch?v=ZkAkbAU9NCg,YouTube
13338,https://www.youtube.com/watch?v=dzwJFNZLvxo,YouTube
13339,,
13340,https://www.youtube.com/watch?v=shN4dt583Y0,YouTube
13341,https://www.youtube.com/watch?v=e73J71RZRn8,YouTube
13342,,
13343,https://www.youtube.com/watch?v=yxqrzWe0Ggc,YouTube
13344,https://www.youtube.com/watch?v=YYfiV8rb3fA,YouTube
13345,https://www.youtube.com/watch?v=vknG01yvT9s,YouTube
13346,,
13347,https://www.youtube.com/watch?v=hVOH8xrCI9I,YouTube
13348,https://www.youtube.com/watch?v=VQvuC7_qgTE,YouTube
13349,https://www.youtube.com/watch?v=TXxQFMG86HA,YouTube
13350,https://www.youtube.com/watch?v=npvJ9FTgZbM,YouTube
13351,https://www.youtube.com/watch?v=_O09NjpB4AI,YouTube
13352,https://www.youtube.com/watch?v=BBEB9OSfeCA,YouTube
13353,https://www.youtube.com/watch?v=ejMMn0t58Lc,YouTube
13354,https://www.youtube.com/watch?v=flvz5RMRx7E,YouTube
13355,https://www.youtube.com/watch?v=8emJD-rR9Cs,YouTube
13356,https://www.youtube.com/watch?v=Pj5xmmQj-lk,YouTube
13357,https://www.youtube.com/watch?v=HYUd7AOw_lk,YouTube
13358,https://www.youtube.com/watch?v=ety5kOjlXoU,YouTube
13359,https://www.youtube.com/watch?v=9iyYTz0Bh0Y,YouTube
13360,https://www.youtube.com/watch?v=VpUeQV8sdOc,YouTube
13361,https://www.youtube.com/watch?v=7gFwvozMHR4,YouTube
13362,,
13363,https://www.youtube.com/watch?v=Me2B0pc4RJg,YouTube
13364,https://www.youtube.com/watch?v=qsR8-zxV-3E,YouTube
13365,https://www.youtube.com/watch?v=L0QKEyGElWw,YouTube
13366,,
13367,https://www.youtube.com/watch?v=rrRl2QQKkI8,YouTube
13368,https://www.youtube.com/watch?v=6_C_8K_KnG8,YouTube
13369,https://www.youtube.com/watch?v=3-ykIh-9mJA,YouTube
13370,https://www.youtube.com/watch?v=lgo3Hb5vWLE,YouTube
13371,https://www.youtube.com/watch?v=LTnCE_SaU38,YouTube
13372,https://www.youtube.com/watch?v=PbdM1db3JbY,YouTube
13373,https://www.youtube.com/watch?v=26O9XYTSj4g,YouTube
13374,https://www.youtube.com/watch?v=V1ueyfoNTdU,YouTube
13375,https://www.youtube.com/watch?v=24abND3yDq0,YouTube
13376,,
13377,https://www.youtube.com/watch?v=NKE-RXR_XIs,YouTube
13378,https://www.youtube.com/watch?v=Fx8gzJIA_gs,YouTube
13379,https://www.youtube.com/watch?v=660do4WasVk,YouTube
13380,https://www.youtube.com/watch?v=N4wNv1zuYDc,YouTube
13381,https://www.youtube.com/watch?v=G_O0xYCy1cg,YouTube
13382,https://www.youtube.com/watch?v=sZvkV-0jruA,YouTube
13383,https://www.youtube.com/watch?v=p4NJHqoojOU,YouTube
13384,https://www.youtube.com/watch?v=BySJLmciR5E,YouTube
13385,https://www.youtube.com/watch?v=IVX7OidrkXQ,YouTube
13386,https://www.youtube.com/watch?v=i3_gKCX4Cik,YouTube
13387,https://www.youtube.com/watch?v=KtEIMC58sZo,YouTube
13388,https://www.youtube.com/watch?v=YqcQv3dt_hY,YouTube
13389,https://www.youtube.com/watch?v=ImMGNQ2OEjo,YouTube
13390,,
13391,https://www.youtube.com/watch?v=QU1NYZ28R8s,YouTube
13392,https://www.youtube.com/watch?v=ouXWUenv5_Y,YouTube
13393,https://www.youtube.com/watch?v=qzbbYinuTWc,YouTube
13394,https://www.youtube.com/watch?v=NRVLVPWzeek,YouTube
13395,https://www.youtube.com/watch?v=JtNxbR7n0_k,YouTube
13396,https://www.youtube.com/watch?v=2KqKHuPa2J8,YouTube
13397,https://www.youtube.com/watch?v=q9Mr-iYZRZk,YouTube
13398,https://www.youtube.com/watch?v=mmDAx3e7KyI,YouTube
13399,https://www.youtube.com/watch?v=mkpz5ZNTsks,YouTube
13400,,
13401,,
13402,,
13403,https://www.youtube.com/watch?v=0DItbZIVKhk,YouTube
13404,https://www.youtube.com/watch?v=sfosF-ZAbR4,YouTube
13405,https://www.youtube.com/watch?v=HXkSBXrdDxs,YouTube
13406,https://www.youtube.com/watch?v=JY3u7bB7dZk,YouTube
13407,https://www.youtube.com/watch?v=kTmF4UnkkbA,YouTube
13408,https://www.youtube.com/watch?v=gU-wjVD_58c,YouTube
13409,https://www.youtube.com/watch?v=QZ1uPD-_DpU,YouTube
13410,https://www.youtube.com/watch?v=7NX30f8b1Oo,YouTube
13411,https://www.youtube.com/watch?v=FCxpdDhPwwc,YouTube
13412,https://www.youtube.com/watch?v=4SerZm7DheA,YouTube
13413,https://www.youtube.com/watch?v=8tab8fK2_3w,YouTube
13414,https://www.youtube.com/watch?v=KoBh5S_aWwk,YouTube
13415,https://www.youtube.com/watch?v=FKwtGHbpVDU,YouTube
13416,https://www.youtube.com/watch?v=zZTe39RDERw,YouTube
13417,,
13418,https://www.youtube.com/watch?v=oDcaZ3StTfI,YouTube
13419,https://www.youtube.com/watch?v=OwIFRm7sy8E,YouTube
13420,https://www.youtube.com/watch?v=UAfJulXFYlc,YouTube
13421,https://www.youtube.com/watch?v=juTBjT-hzlc,YouTube
13422,https://www.youtube.com/watch?v=Y3cSmpfsl9c,YouTube
13423,https://www.youtube.com/watch?v=oleuD8479uM,YouTube
13424,,
13425,https://www.youtube.com/watch?v=koxRDhAQOpw,YouTube
13426,https://www.youtube.com/watch?v=wwLhNOzQGNY,YouTube
13427,,
13428,https://www.youtube.com/watch?v=IBWVemQzFkM,YouTube
13429,https://www.youtube.com/watch?v=0eCSmfP4g2c,YouTube
13430,https://www.youtube.com/watch?v=zJGleGyahC8,YouTube
13431,https://www.youtube.com/watch?v=RWORyxCUJxI,YouTube
13432,https://www.youtube.com/watch?v=dVmdXE_iB8w,YouTube
13433,https://www.youtube.com/watch?v=BQ4hZqrIM9w,YouTube
13434,https://www.youtube.com/watch?v=HddkucqSzSM,YouTube
13435,,
13436,https://www.youtube.com/watch?v=lalm_kkczVM,YouTube
13437,https://www.youtube.com/watch?v=AYaTCPbYGdk,YouTube
13438,https://www.youtube.com/watch?v=krvwtRbK5nM,YouTube
13439,https://www.youtube.com/watch?v=_HQF1Rmk1jc,YouTube
13440,https://www.youtube.com/watch?v=QsfB725SZuU,YouTube
13441,,
13442,https://www.youtube.com/watch?v=aeuAiVTB3fc,YouTube
13443,https://www.youtube.com/watch?v=LAwbwKURvm0,YouTube
13444,https://www.youtube.com/watch?v=FzrBurlJUNk,YouTube
13445,https://www.youtube.com/watch?v=xhYUaR5QiUs,YouTube
13446,https://www.youtube.com/watch?v=h-q2o-qO0vY,YouTube
13447,https://www.youtube.com/watch?v=f06VJSsh8II,YouTube
13448,https://www.youtube.com/watch?v=95ozz7lLbNk,YouTube
13449,,
13450,https://www.youtube.com/watch?v=aCponfeWNOI,YouTube
13451,,
13452,https://www.youtube.com/watch?v=8-XZf1a6_R4,YouTube
13453,https://www.youtube.com/watch?v=3Mibw1Z_PRk,YouTube
13454,https://www.youtube.com/watch?v=Je4biLPCgA4,YouTube
13455,https://www.youtube.com/watch?v=2YoiWr-yvws,YouTube
13456,,
13457,https://www.youtube.com/watch?v=e3KJ21TLKVE,YouTube
13458,https://www.youtube.com/watch?v=LlbN5cQKZik,YouTube
13459,https://www.youtube.com/watch?v=7woppidfvtc,YouTube
13460,https://www.youtube.com/watch?v=c2NrQtMajP8,YouTube
13461,https://www.youtube.com/watch?v=yYmOYzxcCE4,YouTube
13462,https://www.youtube.com/watch?v=ZxUJwJfcQaQ,YouTube
13463,https://www.youtube.com/watch?v=KWjIb1cxnJo,YouTube
13464,https://www.youtube.com/watch?v=KfmGjA1OJ5A,YouTube
13465,https://www.youtube.com/watch?v=K4xD8ZMdJms,YouTube
13466,https://www.youtube.com/watch?v=9ItBvH5J6ss,YouTube
13467,,
13468,https://www.youtube.com/watch?v=lkdv-La2anI,YouTube
13469,https://www.youtube.com/watch?v=JF7eTw5YfBI,YouTube
13470,,
13471,https://www.youtube.com/watch?v=xqwlIaOyBSA,YouTube
13472,https://www.youtube.com/watch?v=mjay5vgIwt4,YouTube
13473,https://www.youtube.com/watch?v=1u74RX6o-8I,YouTube
13474,https://www.youtube.com/watch?v=ldbkr2eN6qk,YouTube
13475,,
13476,,
13477,https://www.youtube.com/watch?v=3R7OzS54hbo,YouTube
13478,https://www.youtube.com/watch?v=3kLU13UN7Zo,YouTube
13479,https://www.youtube.com/watch?v=6Of0gxSz8Vk,YouTube
13480,https://www.youtube.com/watch?v=-xzdCd15gqE,YouTube
13481,https://www.youtube.com/watch?v=LkbR3nQqcrk,YouTube
13482,,
13483,https://www.youtube.com/watch?v=lJxLudSPxsQ,YouTube
13484,https://www.youtube.com/watch?v=gVwycnRGuVs,YouTube
13485,https://www.youtube.com/watch?v=iuvPpCMgA9U,YouTube
13486,https://www.youtube.com/watch?v=dNMBVVdrMKo,YouTube
13487,,
13488,https://www.youtube.com/watch?v=sitiAk4WLQ8,YouTube
13489,https://www.youtube.com/watch?v=BdmOjfGTUzQ,YouTube
13490,https://www.youtube.com/watch?v=sJkbm-a-T_U,YouTube
13491,https://www.youtube.com/watch?v=_Q8CpaejCk8,YouTube
13492,,
13493,https://www.youtube.com/watch?v=fTEfSY4tzF8,YouTube
13494,https://www.youtube.com/watch?v=i-M5Qx57_UU,YouTube
13495,,
13496,https://www.youtube.com/watch?v=o5LpUfyJPvg,YouTube
13497,https://www.youtube.com/watch?v=mzoMkdsYHHQ,YouTube
13498,https://www.youtube.com/watch?v=BkrFxBp8Uy8,YouTube
13499,https://www.youtube.com/watch?v=NcE2fj-EtJY,YouTube
13500,https://www.youtube.com/watch?v=zr8i-iaCcmM,YouTube
13501,https://www.youtube.com/watch?v=RZN0aF02WvY,YouTube
13502,https://www.youtube.com/watch?v=kCdtAFar0XM,YouTube
13503,https://www.youtube.com/watch?v=lX51bfLKeb0,YouTube
13504,https://www.youtube.com/watch?v=KK7_xLxf4o0,YouTube
13505,https://www.youtube.com/watch?v=GiH5wmuexZY,YouTube
13506,https://www.youtube.com/watch?v=5CKb1XHh3jQ,YouTube
13507,https://www.youtube.com/watch?v=AiAHlZVgXjk,YouTube
13508,https://www.youtube.com/watch?v=r9rjhB7KWEc,YouTube
13509,https://www.youtube.com/watch?v=1PiPYAz7f0Q,YouTube
13510,https://www.youtube.com/watch?v=2xZUQDUMoHs,YouTube
13511,https://www.youtube.com/watch?v=1Fg5iWmQjwk,YouTube
13512,https://www.youtube.com/watch?v=Mx03VkB-TPE,YouTube
13513,https://www.youtube.com/watch?v=OQ9-DEIKJy8,YouTube
13514,https://www.youtube.com/watch?v=TlbtLfWvFbo,YouTube
13515,https://www.youtube.com/watch?v=SRRN6MvCdeg,YouTube
13516,https://www.youtube.com/watch?v=R1QArbkQsVw,YouTube
13517,https://www.youtube.com/watch?v=7tk-WZSqIGQ,YouTube
13518,https://www.youtube.com/watch?v=tUcrbUCWKQc,YouTube
13519,https://www.youtube.com/watch?v=B17kRwsDojw,YouTube
13520,,
13521,https://www.youtube.com/watch?v=P1yKN0llkrY,YouTube
13522,https://www.youtube.com/watch?v=vxTN4eX4Vss,YouTube
13523,https://www.youtube.com/watch?v=Op8AlTe5Js8,YouTube
13524,,
13525,https://www.youtube.com/watch?v=PbMl6DjhJ1I,YouTube
13526,https://www.youtube.com/watch?v=T29kIOXpj6o,YouTube
13527,https://www.youtube.com/watch?v=h6w7Dh-QxzY,YouTube
13528,https://www.youtube.com/watch?v=uA48UG0gkJI,YouTube
13529,https://www.youtube.com/watch?v=-tnxzJ0SSOw,YouTube
13530,https://www.youtube.com/watch?v=daCqXHagaPY,YouTube
13531,https://www.youtube.com/watch?v=9c3-mpDxX-A,YouTube
13532,https://www.youtube.com/watch?v=ZsJz2TJAPjw,YouTube
13533,https://www.youtube.com/watch?v=S30VkLn5a2o,YouTube
13534,https://www.youtube.com/watch?v=nzZBp0NYRxA,YouTube
13535,https://www.youtube.com/watch?v=Y_dIwvXRU4E,YouTube
13536,https://www.youtube.com/watch?v=ol-U0ibnVD4,YouTube
13537,https://www.youtube.com/watch?v=wPosLpgMtTY,YouTube
13538,https://www.youtube.com/watch?v=IyaFEBI_L24,YouTube
13539,https://www.youtube.com/watch?v=_o8u4pIf3Hs,YouTube
13540,https://www.youtube.com/watch?v=9CwQ9PClSWk,YouTube
13541,https://www.youtube.com/watch?v=h93ezXUz_iU,YouTube
13542,https://www.youtube.com/watch?v=_guQ-_EFmHU,YouTube
13543,,
13544,https://www.youtube.com/watch?v=JtP7zka5UI8,YouTube
13545,https://www.youtube.com/watch?v=WvAvEcxwglI,YouTube
13546,https://www.youtube.com/watch?v=ZZGkV_xWGw4,YouTube
13547,https://www.youtube.com/watch?v=5YBmnlAeijk,YouTube
13548,https://www.youtube.com/watch?v=YQ1eiEvefKI,YouTube
13549,https://www.youtube.com/watch?v=YsqZosCj-qw,YouTube
13550,https://www.youtube.com/watch?v=bvBVGeNY1W4,YouTube
13551,https://www.youtube.com/watch?v=z02Ie8wKKRg,YouTube
13552,https://www.youtube.com/watch?v=w5cIXFvgvpw,YouTube
13553,https://www.youtube.com/watch?v=sjphe2tlKKw,YouTube
13554,,
13555,https://www.youtube.com/watch?v=qaX2bavetsA,YouTube
13556,https://www.youtube.com/watch?v=M97P3zoUIos,YouTube
13557,https://www.youtube.com/watch?v=rKwuzez_CuA,YouTube
13558,https://www.youtube.com/watch?v=B3HASgMS7w0,YouTube
13559,,
13560,https://www.youtube.com/watch?v=oOZ2OtNDscA,YouTube
13561,https://www.youtube.com/watch?v=mp-XqCrCi6I,YouTube
13562,https://www.youtube.com/watch?v=DcLG3AfyVDI,YouTube
13563,,
13564,https://www.youtube.com/watch?v=-h5UgLvoaok,YouTube
13565,https://www.youtube.com/watch?v=6Ljho1cyEfg,YouTube
13566,,
13567,https://www.youtube.com/watch?v=1KXwGcZI13k,YouTube
13568,,
13569,https://www.youtube.com/watch?v=B6h5vtY5qZU,YouTube
13570,https://www.youtube.com/watch?v=gCAcU3p9GNo,YouTube
13571,https://www.youtube.com/watch?v=arV7KEaC6KY,YouTube
13572,https://www.youtube.com/watch?v=6Q_n-o19_rA,YouTube
13573,https://www.youtube.com/watch?v=8WmlhEO2cU4,YouTube
13574,https://www.youtube.com/watch?v=anKksNCrt1w,YouTube
13575,https://www.youtube.com/watch?v=XNCBd2DaSpc,YouTube
13576,https://www.youtube.com/watch?v=RDoQz5VapLE,YouTube
13577,https://www.youtube.com/watch?v=UsjQKtjr4e0,YouTube
13578,https://www.youtube.com/watch?v=0mVsr3bNURA,YouTube
13579,https://www.youtube.com/watch?v=dKzAuhhgiyY,YouTube
13580,https://www.youtube.com/watch?v=xB9oO8bd7qM,YouTube
13581,,
13582,https://www.youtube.com/watch?v=qs8dk8vhkaQ,YouTube
13583,https://www.youtube.com/watch?v=7MsJYEIiIfs,YouTube
13584,https://www.youtube.com/watch?v=vy2nAOdBUlw,YouTube
13585,https://www.youtube.com/watch?v=FgioBKYW-F0,YouTube
13586,,
13587,https://www.youtube.com/watch?v=neqBc-8f4tY,YouTube
13588,https://www.youtube.com/watch?v=j5riM1BjckU,YouTube
13589,,
13590,https://www.youtube.com/watch?v=rcb0VnB2vnQ,YouTube
13591,,
13592,,
13593,,
13594,https://www.youtube.com/watch?v=VItvb2uK_Po,YouTube
13595,https://www.youtube.com/watch?v=9IHRhYBjaTQ,YouTube
13596,https://www.youtube.com/watch?v=ClncY3AQxeg,YouTube
13597,https://www.youtube.com/watch?v=MUieGh1fHSI,YouTube
13598,,
13599,,
13600,,
13601,,
13602,,
13603,https://www.youtube.com/watch?v=FP0aIPWCuDo,YouTube
13604,,
13605,https://www.youtube.com/watch?v=Auxb3l4Y8j0,YouTube
13606,https://www.youtube.com/watch?v=Wn1JJAvR97I,YouTube
13607,https://www.youtube.com/watch?v=12jCVd5Evko,YouTube
13608,https://www.youtube.com/watch?v=k5JhrXhehDI,YouTube
13609,https://www.youtube.com/watch?v=28qTsiPhYCI,YouTube
13610,https://www.youtube.com/watch?v=0dtk9yJDckw,YouTube
13611,https://www.youtube.com/watch?v=O5w8PurIFkk,YouTube
13612,https://www.youtube.com/watch?v=2yMj8sWtJXY,YouTube
13613,https://www.youtube.com/watch?v=nH8MTQ6ferY,YouTube
13614,https://www.youtube.com/watch?v=9rcecBuySJ4,YouTube
13615,https://www.youtube.com/watch?v=iyFm4gQly38,YouTube
13616,https://www.youtube.com/watch?v=GEuDawf6PNM,YouTube
13617,https://www.youtube.com/watch?v=0ipC-bjnH4A,YouTube
13618,https://www.youtube.com/watch?v=k0P8FilAbTM,YouTube
13619,https://www.youtube.com/watch?v=s9-9uvi1iQ0,YouTube
13620,,
13621,,
13622,https://www.youtube.com/watch?v=Tme7d_YGS9s,YouTube
13623,https://www.youtube.com/watch?v=C2-GX0Tltgw,YouTube
13624,https://www.youtube.com/watch?v=fTX9BuWTxv8,YouTube
13625,,
13626,,
13627,,
13628,https://www.youtube.com/watch?v=_Pd0-Je3XDQ,YouTube
13629,https://www.youtube.com/watch?v=ZtoCo9pJ2yU,YouTube
13630,,
13631,https://www.youtube.com/watch?v=jiPMySZo0Sc,YouTube
13632,https://www.youtube.com/watch?v=87Ocy8J0RYM,YouTube
13633,https://www.youtube.com/watch?v=VoccbDV5NOI,YouTube
13634,https://www.youtube.com/watch?v=cwA3R71nGgE,YouTube
13635,https://www.youtube.com/watch?v=XphAPuNppQA,YouTube
13636,https://www.youtube.com/watch?v=APC9Fps5grc,YouTube
13637,https://www.youtube.com/watch?v=WYmrzuxJAUI,YouTube
13638,,
13639,https://www.youtube.com/watch?v=6D0cjs2NW9w,YouTube
13640,,
13641,,
13642,https://www.youtube.com/watch?v=K_n8T06duhg,YouTube
13643,https://www.youtube.com/watch?v=BuMyyKQOle8,YouTube
13644,https://www.youtube.com/watch?v=7BtN4SKFjOU,YouTube
13645,,
13646,https://www.youtube.com/watch?v=EVxOrUjX-bc,YouTube
13647,https://www.youtube.com/watch?v=H8zyMnzJ8BY,YouTube
13648,https://www.youtube.com/watch?v=l-BTOTtcGmk,YouTube
13649,,
13650,https://www.youtube.com/watch?v=nQ3FYUgSjC8,YouTube
13651,https://www.youtube.com/watch?v=qMOCEF4n_zs,YouTube
13652,https://www.youtube.com/watch?v=3yneMKpmA8w,YouTube
13653,,
13654,,
13655,https://www.youtube.com/watch?v=uFqXPixO7Tc,YouTube
13656,,
13657,https://www.youtube.com/watch?v=0DDuRraJbOg,YouTube
13658,https://www.youtube.com/watch?v=sW_HComeQpc,YouTube
13659,https://www.youtube.com/watch?v=b2BJj6hMb0M,YouTube
13660,https://www.youtube.com/watch?v=WUF3w0M_e7U,YouTube
13661,https://www.youtube.com/watch?v=0zua8vbLLqU,YouTube
13662,https://www.youtube.com/watch?v=OCjgL0cEIxY,YouTube
13663,,
13664,,
13665,,
13666,https://www.youtube.com/watch?v=ozFwfBtZSzU,YouTube
13667,,
13668,https://www.youtube.com/watch?v=FJrpcDgC3zU,YouTube
13669,https://www.youtube.com/watch?v=vZFK8svwtxA,YouTube
13670,,
13671,,
13672,https://www.youtube.com/watch?v=NMIJykfDluQ,YouTube
13673,https://www.youtube.com/watch?v=uC5amKLgnFU,YouTube
13674,https://www.youtube.com/watch?v=bhoO_rBo7-I,YouTube
13675,,
13676,https://www.youtube.com/watch?v=eAD4HQ8Su9s,YouTube
13677,https://www.youtube.com/watch?v=erTdFJzN2rQ,YouTube
13678,https://www.youtube.com/watch?v=3n3-UtakD3I,YouTube
13679,https://www.youtube.com/watch?v=sNlwh8vT2NU,YouTube
13680,https://www.youtube.com/watch?v=hmgD42ZHiP8,YouTube
13681,,
13682,https://www.youtube.com/watch?v=OIuhsHpcNAU,YouTube
13683,,
13684,https://www.youtube.com/watch?v=slfrrjPndV4,YouTube
13685,,
13686,,
13687,https://www.youtube.com/watch?v=mzXbV9a5GA4,YouTube
13688,https://www.youtube.com/watch?v=DgZkCc3xFl4,YouTube
13689,,
13690,https://www.youtube.com/watch?v=mNx-hJ54L70,YouTube
13691,https://www.youtube.com/watch?v=KE_yskjXBOA,YouTube
13692,,
13693,https://www.youtube.com/watch?v=igih-qD76B0,YouTube
13694,,
13695,,
13696,https://www.youtube.com/watch?v=fCTZZ0gpnWU,YouTube
13697,https://www.youtube.com/watch?v=2Kvxzz4r8O8,YouTube
13698,https://www.youtube.com/watch?v=hpI9sYzKfSI,YouTube
13699,https://www.youtube.com/watch?v=J_456UN2HPI,YouTube
13700,https://www.youtube.com/watch?v=t7sJs2sHPec,YouTube
13701,https://www.youtube.com/watch?v=owq910I6Mvw,YouTube
13702,,
13703,https://www.youtube.com/watch?v=JN-jxNMsTPw,YouTube
13704,https://www.youtube.com/watch?v=CHekzSiZjrY,YouTube
13705,https://www.youtube.com/watch?v=twTksx_lWB4,YouTube
13706,,
13707,https://www.youtube.com/watch?v=zJ2F5FPQqRU,YouTube
13708,https://www.youtube.com/watch?v=ZlC7iz_OAlc,YouTube
13709,,
13710,,
13711,,
13712,,
13713,https://www.youtube.com/watch?v=P7aJlKdHgWY,YouTube
13714,,
13715,https://www.youtube.com/watch?v=jwqMv_ci2jU,YouTube
13716,https://www.youtube.com/watch?v=gsbJIfVh-dw,YouTube
13717,https://www.youtube.com/watch?v=2DwNb-ZGVjE,YouTube
13718,https://www.youtube.com/watch?v=xZpM7P7WU0E,YouTube
13719,https://www.youtube.com/watch?v=0vSsBXtD-EE,YouTube
13720,,
13721,https://www.youtube.com/watch?v=firK4y-3bKw,YouTube
13722,https://www.youtube.com/watch?v=KoREt4C6l3k,YouTube
13723,,
13724,,
13725,https://www.youtube.com/watch?v=HIBfX5D1Um4,YouTube
13726,https://www.youtube.com/watch?v=Kj9jAHUIH_8,YouTube
13727,https://www.youtube.com/watch?v=uhZyjwavUg4,YouTube
13728,https://www.youtube.com/watch?v=-YhHeO1BuAI,YouTube
13729,https://www.youtube.com/watch?v=J6DYsGTMkCU,YouTube
13730,,
13731,https://www.youtube.com/watch?v=vc7AZNWvs0M,YouTube
13732,,
13733,,
13734,,
13735,https://www.youtube.com/watch?v=Tw0CLB49tZI,YouTube
13736,https://www.youtube.com/watch?v=eSfJ9NTE0OE,YouTube
13737,,
13738,https://www.youtube.com/watch?v=Z9q1qJi1nMs,YouTube
13739,,
13740,https://www.youtube.com/watch?v=gA1dCfn8PBA,YouTube
13741,https://www.youtube.com/watch?v=bGyLPT6pQs8,YouTube
13742,https://www.youtube.com/watch?v=1r8Qs86hmhA,YouTube
13743,https://www.youtube.com/watch?v=rln9Hx_wPFw,YouTube
13744,,
13745,https://www.youtube.com/watch?v=n1Zay9SOYxA,YouTube
13746,,
13747,https://www.youtube.com/watch?v=ufUQWpEkbf0,YouTube
13748,,
13749,https://www.youtube.com/watch?v=N4IhWJ8r7_4,YouTube
13750,https://www.youtube.com/watch?v=v2IGgZgWj0k,YouTube
13751,,
13752,https://www.youtube.com/watch?v=YvNlAZ3xqwI,YouTube
13753,https://www.youtube.com/watch?v=mpi0qsp3v_w,YouTube
13754,https://www.youtube.com/watch?v=ZV_HYwmEi_k,YouTube
13755,https://www.youtube.com/watch?v=DTEDfEhKwLo,YouTube
13756,https://www.youtube.com/watch?v=-m8V7G7e7gw,YouTube
13757,,
13758,https://www.youtube.com/watch?v=SS0s2Ss38ME,YouTube
13759,,
13760,https://www.youtube.com/watch?v=Z0F7YkdLkEQ,YouTube
13761,https://www.youtube.com/watch?v=HPJY-g-WoQo,YouTube
13762,https://www.youtube.com/watch?v=O2yd4em1I6M,YouTube
13763,https://www.youtube.com/watch?v=k1wCAsZ9Jb0,YouTube
13764,https://www.youtube.com/watch?v=Cl--Ye9pmAQ,YouTube
13765,,
13766,https://www.youtube.com/watch?v=pJ_TYkEyNIc,YouTube
13767,https://www.youtube.com/watch?v=J-NSyMTpkYI,YouTube
13768,,
13769,https://www.youtube.com/watch?v=In4BnAsQDQc,YouTube
13770,https://www.youtube.com/watch?v=g9ul_89gqI4,YouTube
13771,,
13772,https://www.youtube.com/watch?v=pcAughgA_pY,YouTube
13773,https://www.youtube.com/watch?v=6eRQ17wv2FU,YouTube
13774,https://www.youtube.com/watch?v=e4DZ7svBw7I,YouTube
13775,,
13776,https://www.youtube.com/watch?v=TJ7XTi9S_Ag,YouTube
13777,https://www.youtube.com/watch?v=5o9i9HK2UVQ,YouTube
13778,https://www.youtube.com/watch?v=_yseYEtQoJQ,YouTube
13779,https://www.youtube.com/watch?v=UNNhfFqXBgM,YouTube
13780,https://www.youtube.com/watch?v=rN0gwblPifo,YouTube
13781,,
13782,https://www.youtube.com/watch?v=0gIa0CEPh6I,YouTube
13783,,
13784,https://www.youtube.com/watch?v=S4R3nHkqyfM,YouTube
13785,https://www.youtube.com/watch?v=TBjKcuGI0kI,YouTube
13786,https://www.youtube.com/watch?v=Ka21E9oRvW8,YouTube
13787,https://www.youtube.com/watch?v=yqGUOcomEb0,YouTube
13788,https://www.youtube.com/watch?v=SQ3uPfa1oDM,YouTube
13789,https://www.youtube.com/watch?v=f6s2OfQKay8,YouTube
13790,https://www.youtube.com/watch?v=pYqIosbnSkQ,YouTube
13791,https://www.youtube.com/watch?v=YYhSD-vPrDs,YouTube
13792,https://www.youtube.com/watch?v=OPQogQKVeTk,YouTube
13793,https://www.youtube.com/watch?v=XiP7hxapKUw,YouTube
13794,https://www.youtube.com/watch?v=VoaKuOjez9k,YouTube
13795,https://www.youtube.com/watch?v=IzSJ5mijWyA,YouTube
13796,https://www.youtube.com/watch?v=PytX70Q8fW0,YouTube
13797,https://www.youtube.com/watch?v=00srDTJp51I,YouTube
13798,https://www.youtube.com/watch?v=SH1jKZwcS9Y,YouTube
13799,https://www.youtube.com/watch?v=S8EaxDvZt4w,YouTube
13800,https://www.youtube.com/watch?v=lvQzb1YMdtY,YouTube
13801,https://www.youtube.com/watch?v=WR-ouRYzlm8,YouTube
13802,,
13803,https://www.youtube.com/watch?v=-Lj2U-cmyek,YouTube
13804,https://www.youtube.com/watch?v=0HOpijEHeII,YouTube
13805,https://www.youtube.com/watch?v=vKaijlTs2Ns,YouTube
13806,https://www.youtube.com/watch?v=3kA0MydxWUo,YouTube
13807,https://www.youtube.com/watch?v=lR81Pf4DGpM,YouTube
13808,https://www.youtube.com/watch?v=Av-3sI3JR3U,YouTube
13809,https://www.youtube.com/watch?v=ISovsVvX8Bg,YouTube
13810,https://www.youtube.com/watch?v=lFxQFxaX7CM,YouTube
13811,https://www.youtube.com/watch?v=w7-UH6d_Oyo,YouTube
13812,https://www.youtube.com/watch?v=CJIXOx2-GZ8,YouTube
13813,https://www.youtube.com/watch?v=ORKb_Vqbz9U,YouTube
13814,,
13815,https://www.youtube.com/watch?v=SKRQpmPpPug,YouTube
13816,https://www.youtube.com/watch?v=9oVzgybbU3M,YouTube
13817,,
13818,https://www.youtube.com/watch?v=MUrL7GcgHO0,YouTube
13819,,
13820,https://www.youtube.com/watch?v=AaOO2oork7A,YouTube
13821,https://www.youtube.com/watch?v=g9CR_tib0CA,YouTube
13822,https://www.youtube.com/watch?v=DMAZYdtiorM,YouTube
13823,https://www.youtube.com/watch?v=lonG_351xgg,YouTube
13824,,
13825,https://www.youtube.com/watch?v=eY06cAX6J9c,YouTube
13826,,
13827,https://www.youtube.com/watch?v=tjSOj8b804U,YouTube
13828,https://www.youtube.com/watch?v=B3AZx-cNM78,YouTube
13829,https://www.youtube.com/watch?v=86janCeyCdg,YouTube
13830,,
13831,,
13832,https://www.youtube.com/watch?v=Vl_bpTu0M0M,YouTube
13833,,
13834,https://www.youtube.com/watch?v=UAwiiGUCeLE,YouTube
13835,,
13836,,
13837,https://www.youtube.com/watch?v=i6b42ZMkUcQ,YouTube
13838,,
13839,https://www.youtube.com/watch?v=PACTQutbow4,YouTube
13840,https://www.youtube.com/watch?v=glqvVQCB6ao,YouTube
13841,https://www.youtube.com/watch?v=LmlakdSH3G4,YouTube
13842,https://www.youtube.com/watch?v=kK0wWvROGAE,YouTube
13843,,
13844,https://www.youtube.com/watch?v=iCrUqt9Uf3E,YouTube
13845,,
13846,,
13847,,
13848,https://www.youtube.com/watch?v=gsMqakE7noE,YouTube
13849,https://www.youtube.com/watch?v=cVkj4McR1Fo,YouTube
13850,https://www.youtube.com/watch?v=KZkbSUSdqX4,YouTube
13851,https://www.youtube.com/watch?v=B34jbC43XzA,YouTube
13852,,
13853,,
13854,https://www.youtube.com/watch?v=sSh1HW5kblw,YouTube
13855,,
13856,https://www.youtube.com/watch?v=lHlvfH9oYas,YouTube
13857,https://www.youtube.com/watch?v=3FEDcXsL5o8,YouTube
13858,,
13859,https://www.youtube.com/watch?v=KVYY4-g-lTk,YouTube
13860,https://www.youtube.com/watch?v=arMRzjpkiQA,YouTube
13861,https://www.youtube.com/watch?v=e3oF8Po4qWc,YouTube
13862,,
13863,https://www.youtube.com/watch?v=0ggsoV5SraI,YouTube
13864,https://www.youtube.com/watch?v=WPWcIw5xF4c,YouTube
13865,https://www.youtube.com/watch?v=F-4-RJlkgGE,YouTube
13866,https://www.youtube.com/watch?v=H2gf7PUw7Gc,YouTube
13867,https://www.youtube.com/watch?v=3vZ50Ws3zkQ,YouTube
13868,https://www.youtube.com/watch?v=Y-rJeEB8wWw,YouTube
13869,https://www.youtube.com/watch?v=Cq1f_UzflsI,YouTube
13870,,
13871,,
13872,https://www.youtube.com/watch?v=j9Auh9MI-Kw,YouTube
13873,,
13874,https://www.youtube.com/watch?v=-SwDU04Oeak,YouTube
13875,https://www.youtube.com/watch?v=Wys_7B16BVY,YouTube
13876,,
13877,,
13878,https://www.youtube.com/watch?v=NXc5epxOH_c,YouTube
13879,https://www.youtube.com/watch?v=WmjawuFvDu4,YouTube
13880,,
13881,https://www.youtube.com/watch?v=27gpqR5ADUs,YouTube
13882,,
13883,https://www.youtube.com/watch?v=EptXpa2kvCo,YouTube
13884,https://www.youtube.com/watch?v=0ucIOD4dVRk,YouTube
13885,,
13886,https://www.youtube.com/watch?v=P5ZeKcwtIKg,YouTube
13887,https://www.youtube.com/watch?v=clEBwkjs0sQ,YouTube
13888,https://www.youtube.com/watch?v=uhB5PdcB2OI,YouTube
13889,https://www.youtube.com/watch?v=o1XY_ux5iUI,YouTube
13890,https://www.youtube.com/watch?v=zmBDY-fSlIs,YouTube
13891,,
13892,https://www.youtube.com/watch?v=rZu7bYiXryg,YouTube
13893,,
13894,https://www.youtube.com/watch?v=5somY6jf5ho,YouTube
13895,https://www.youtube.com/watch?v=hyZgZ9cN4kQ,YouTube
13896,https://www.youtube.com/watch?v=pKRj7QCIXnY,YouTube
13897,https://www.youtube.com/watch?v=H5p-Q1yuyJE,YouTube
13898,,
13899,https://www.youtube.com/watch?v=6WKmnAcMTKM,YouTube
13900,https://www.youtube.com/watch?v=33bD7fCpKWE,YouTube
13901,https://www.youtube.com/watch?v=8b_HVtHmK30,YouTube
13902,https://www.youtube.com/watch?v=0JnbSnznnOI,YouTube
13903,https://www.youtube.com/watch?v=_XXtOvsuyuw,YouTube
13904,https://www.youtube.com/watch?v=K8iLp1xQtPQ,YouTube
13905,https://www.youtube.com/watch?v=pn9UQw07hbo,YouTube
13906,https://www.youtube.com/watch?v=RJ1qOs7jkIQ,YouTube
13907,https://www.youtube.com/watch?v=ENu4rpDqR0o,YouTube
13908,,
13909,,
13910,,
13911,https://www.youtube.com/watch?v=v7VHN4hGlk4,YouTube
13912,https://www.youtube.com/watch?v=3sG1tGbpT7c,YouTube
13913,https://www.youtube.com/watch?v=_t_uncP2XGE,YouTube
13914,https://www.youtube.com/watch?v=mgT2N2VkG5o,YouTube
13915,https://www.youtube.com/watch?v=icu59hembVk,YouTube
13916,https://www.youtube.com/watch?v=rijQ5oBFlO0,YouTube
13917,,
13918,,
13919,https://www.youtube.com/watch?v=gB0aHrd7rUo,YouTube
13920,,
13921,https://www.youtube.com/watch?v=7dd4pogcc4Y,YouTube
13922,,
13923,https://www.youtube.com/watch?v=4fVCKy69zUY,YouTube
13924,https://www.youtube.com/watch?v=W0XGOxFnm9A,YouTube
13925,https://www.youtube.com/watch?v=hSPvYlipvRU,YouTube
13926,https://www.youtube.com/watch?v=zaoDtl0GL2E,YouTube
13927,,
13928,,
13929,https://www.youtube.com/watch?v=0jZsr81mUYs,YouTube
13930,,
13931,,
13932,https://www.youtube.com/watch?v=2DFQNPx5sxA,YouTube
13933,https://www.youtube.com/watch?v=qjPReJ2Jy8I,YouTube
13934,https://www.youtube.com/watch?v=inI1kPY7irA,YouTube
13935,https://www.youtube.com/watch?v=PYPK3jPZkYI,YouTube
13936,https://www.youtube.com/watch?v=pzow5wUp7hY,YouTube
13937,https://www.youtube.com/watch?v=L2rPEiWDbgo,YouTube
13938,https://www.youtube.com/watch?v=nMft5QDOHek,YouTube
13939,https://www.youtube.com/watch?v=jwZavzhym2A,YouTube
13940,https://www.youtube.com/watch?v=WKz_AUF0GcU,YouTube
13941,,
13942,https://www.youtube.com/watch?v=1q-F7ZzjiJE,YouTube
13943,,
13944,https://www.youtube.com/watch?v=xJSvAFJcqX4,YouTube
13945,,
13946,https://www.youtube.com/watch?v=nmcPE8xv5Hs,YouTube
13947,https://www.youtube.com/watch?v=4CzcsN4k9FM,YouTube
13948,,
13949,,
13950,,
13951,https://www.youtube.com/watch?v=9FTPToEEstI,YouTube
13952,https://www.youtube.com/watch?v=LXDMuKZzd6o,YouTube
13953,,
13954,,
13955,https://www.youtube.com/watch?v=Z6VKG3lZEIg,YouTube
13956,,
13957,,
13958,https://www.youtube.com/watch?v=U1K6d26T9f4,YouTube
13959,https://www.youtube.com/watch?v=_MSrAwfagG4,YouTube
13960,https://www.youtube.com/watch?v=WF3OP3f2I10,YouTube
13961,,
13962,https://www.youtube.com/watch?v=Gb_vl-ZQQUs,YouTube
13963,https://www.youtube.com/watch?v=AeegNmbFR3w,YouTube
13964,https://www.youtube.com/watch?v=BTXS-5D_U8k,YouTube
13965,https://www.youtube.com/watch?v=eQ6w13Mbma0,YouTube
13966,https://www.youtube.com/watch?v=MQ7AxcQFmSA,YouTube
13967,,
13968,https://www.youtube.com/watch?v=VpE3YHI27Dk,YouTube
13969,https://www.youtube.com/watch?v=xFvco0kn7bw,YouTube
13970,,
13971,,
13972,,
13973,,
13974,https://www.youtube.com/watch?v=SEQ8jyvmYtw,YouTube
13975,,
13976,https://www.youtube.com/watch?v=SWYLgOrrsno,YouTube
13977,,
13978,,
13979,,
13980,,
13981,https://www.youtube.com/watch?v=_MSrAwfagG4,YouTube
13982,https://www.youtube.com/watch?v=ZH4islqoA8o,YouTube
13983,https://www.youtube.com/watch?v=_0wxP7EWsOc,YouTube
13984,https://www.youtube.com/watch?v=rdF6JTrTQsg,YouTube
13985,https://www.youtube.com/watch?v=PSjsJ_dweTs,YouTube
13986,,
13987,https://www.youtube.com/watch?v=CFZ0YAqjQh4,YouTube
13988,https://www.youtube.com/watch?v=kUjD5uKWxcg,YouTube
13989,https://www.youtube.com/watch?v=iVLRDwLv3kg,YouTube
13990,https://www.youtube.com/watch?v=ZAg-6UCKrs4,YouTube
13991,https://www.youtube.com/watch?v=_gnJB10WTpE,YouTube
13992,https://www.youtube.com/watch?v=3XHaVd0GM3g,YouTube
13993,https://www.youtube.com/watch?v=pSSzmolgvmY,YouTube
13994,https://www.youtube.com/watch?v=xeTHTv04eVM,YouTube
13995,https://www.youtube.com/watch?v=25HsTNMrsRU,YouTube
13996,https://www.youtube.com/watch?v=_X5w-6PqoZ0,YouTube
13997,https://www.youtube.com/watch?v=Dxmal-7WmyA,YouTube
13998,https://www.youtube.com/watch?v=PiyQb28geOg,YouTube
13999,https://www.youtube.com/watch?v=lZlk3XSDhBE,YouTube
14000,https://www.youtube.com/watch?v=4ONKJ162jHM,YouTube
14001,https://www.youtube.com/watch?v=s4bqeT5edbs,YouTube
14002,https://www.youtube.com/watch?v=oYaOhlHnuZw,YouTube
14003,https://www.youtube.com/watch?v=Q7BlruGjISc,YouTube
14004,https://www.youtube.com/watch?v=yfM4Gt4TIYw,YouTube
14005,https://www.youtube.com/watch?v=HIOK1xlrXas,YouTube
14006,https://www.youtube.com/watch?v=SbL2FJx0REM,YouTube
14007,https://www.youtube.com/watch?v=CahcqFwnRfM,YouTube
14008,https://www.youtube.com/watch?v=Elczv0ghqw0,YouTube
14009,https://www.youtube.com/watch?v=wCsSzZU-sQ4,YouTube
14010,https://www.youtube.com/watch?v=W-yEIIMtwCA,YouTube
14011,https://www.youtube.com/watch?v=fBbi4NeebAk,YouTube
14012,https://www.youtube.com/watch?v=68AqHwgk2s8,YouTube
14013,https://www.youtube.com/watch?v=3QCJTbHU60U,YouTube
14014,https://www.youtube.com/watch?v=g5s1C5FU8v4,YouTube
14015,https://www.youtube.com/watch?v=1zuDFDjakIM,YouTube
14016,https://www.youtube.com/watch?v=tWyUJcA8Zfo,YouTube
14017,https://www.youtube.com/watch?v=_h32JRcLDb8,YouTube
14018,https://www.youtube.com/watch?v=RuawMvXHhSE,YouTube
14019,https://www.youtube.com/watch?v=WvY-X4P5y7Y,YouTube
14020,https://www.youtube.com/watch?v=WQ3p19A1mbw,YouTube
14021,,
14022,https://www.youtube.com/watch?v=ryMVzQsTmZY,YouTube
14023,https://www.youtube.com/watch?v=jCOvhojlZzQ,YouTube
14024,https://www.youtube.com/watch?v=Mcmkx1klOpE,YouTube
14025,https://www.youtube.com/watch?v=VZgWO9MflMI,YouTube
14026,https://www.youtube.com/watch?v=1ruBY0VhY1I,YouTube
14027,https://www.youtube.com/watch?v=57DsUaFd9VU,YouTube
14028,,
14029,https://www.youtube.com/watch?v=KzdNrWmAV0E,YouTube
14030,https://www.youtube.com/watch?v=bT6XvIPAN04,YouTube
14031,https://www.youtube.com/watch?v=FppW5ml4vdw,YouTube
14032,https://www.youtube.com/watch?v=DuYj4q7s8rc,YouTube
14033,https://www.youtube.com/watch?v=Gp-H_YOcYTM,YouTube
14034,https://www.youtube.com/watch?v=bQiZ-llvYwM,YouTube
14035,https://www.youtube.com/watch?v=WbK4WTQFf9U,YouTube
14036,https://www.youtube.com/watch?v=HUF8_EhO6vU,YouTube
14037,https://www.youtube.com/watch?v=lc_JmcRxdx8,YouTube
14038,https://www.youtube.com/watch?v=l1Y88nfJhDM,YouTube
14039,https://www.youtube.com/watch?v=7tNMxTOsvUU,YouTube
14040,https://www.youtube.com/watch?v=bskgNOXbdiE,YouTube
14041,https://www.youtube.com/watch?v=O2mecmDFE-Q,YouTube
14042,https://www.youtube.com/watch?v=4bIMOcLZTuE,YouTube
14043,https://www.youtube.com/watch?v=mOa66pgDAL8,YouTube
14044,https://www.youtube.com/watch?v=r9Q_WESQUVw,YouTube
14045,https://www.youtube.com/watch?v=gVbyQARc-IY,YouTube
14046,https://www.youtube.com/watch?v=fJDVi0BMabU,YouTube
14047,https://www.youtube.com/watch?v=_V-98mcrejg,YouTube
14048,,
14049,https://www.youtube.com/watch?v=pvT_9TqIEtM,YouTube
14050,https://www.youtube.com/watch?v=tOPNt4yvskA,YouTube
14051,https://www.youtube.com/watch?v=kQ9_7d7Udjw,YouTube
14052,https://www.youtube.com/watch?v=MFUEofAr9GA,YouTube
14053,https://www.youtube.com/watch?v=-X2DtiE7VLw,YouTube
14054,https://www.youtube.com/watch?v=PyxcjirJXJg,YouTube
14055,https://www.youtube.com/watch?v=e8762G2Toeg,YouTube
14056,,
14057,https://www.youtube.com/watch?v=cwP5E15VzRM,YouTube
14058,https://www.youtube.com/watch?v=LzDZ9e3mGRE,YouTube
14059,https://www.youtube.com/watch?v=Y2OLRrocn3s,YouTube
14060,https://www.youtube.com/watch?v=4DuSVxM36r4,YouTube
14061,https://vimeo.com/78581301,Vimeo
14062,https://www.youtube.com/watch?v=aPw451zp2yk,YouTube
14063,https://www.youtube.com/watch?v=lTlh70mx-eM,YouTube
14064,https://www.youtube.com/watch?v=HK-Q3wYsOgA,YouTube
14065,https://www.youtube.com/watch?v=I7F6vru1n6w,YouTube
14066,https://www.youtube.com/watch?v=R2buISZP-a0,YouTube
14067,,
14068,https://www.youtube.com/watch?v=cSAmAP_yWpY,YouTube
14069,,
14070,https://www.youtube.com/watch?v=ABSvppyQGdE,YouTube
14071,https://www.youtube.com/watch?v=0yPzc_REvhU,YouTube
14072,https://www.youtube.com/watch?v=WcXt9aUMbBk,YouTube
14073,https://www.youtube.com/watch?v=r8BSlqHAhuY,YouTube
14074,https://www.youtube.com/watch?v=AFma24S-Uvw,YouTube
14075,https://www.youtube.com/watch?v=MWeOjBCi3c4,YouTube
14076,,
14077,https://www.youtube.com/watch?v=X1rJvSF3l6k,YouTube
14078,https://www.youtube.com/watch?v=cNYJZbci31c,YouTube
14079,https://www.youtube.com/watch?v=Pl3KNqCEtQ4,YouTube
14080,https://www.youtube.com/watch?v=Qj2pXJPNAW4,YouTube
14081,,
14082,,
14083,https://www.youtube.com/watch?v=I18TOdCvvdM,YouTube
14084,https://www.youtube.com/watch?v=lcjN7zkgELM,YouTube
14085,https://www.youtube.com/watch?v=D4OhwrMidSU,YouTube
14086,https://www.youtube.com/watch?v=GRPSeVyrd68,YouTube
14087,https://www.youtube.com/watch?v=Rq9eM4ZXRgs,YouTube
14088,,
14089,,
14090,,
14091,,
14092,https://www.youtube.com/watch?v=T7xGu-SnWUk,YouTube
14093,https://www.youtube.com/watch?v=uaYN8rtxEAY,YouTube
14094,https://www.youtube.com/watch?v=IKPltuiEVJ8,YouTube
14095,https://www.youtube.com/watch?v=91SMVT1RiPA,YouTube
14096,https://www.youtube.com/watch?v=Uha0XfGBdMw,YouTube
14097,https://www.youtube.com/watch?v=3EceNo1LJj4,YouTube
14098,https://www.youtube.com/watch?v=WWMGZe6iucw,YouTube
14099,,
14100,,
14101,https://www.youtube.com/watch?v=4RI0QvaGoiI,YouTube
14102,,
14103,https://www.youtube.com/watch?v=XJhNzHyq-IE,YouTube
14104,,
14105,,
14106,,
14107,https://www.youtube.com/watch?v=nqZqtwpkwww,YouTube
14108,https://www.youtube.com/watch?v=0hVrYRqeT5M,YouTube
14109,https://www.youtube.com/watch?v=xpkcEIsgGmU,YouTube
14110,https://www.youtube.com/watch?v=BTvoaaE98DE,YouTube
14111,https://www.youtube.com/watch?v=pOvfmpgbzHI,YouTube
14112,https://www.youtube.com/watch?v=W7w07MLhhb4,YouTube
14113,,
14114,https://www.youtube.com/watch?v=ua0iO-JQwAg,YouTube
14115,,
14116,https://www.youtube.com/watch?v=HSC28g7qQqw,YouTube
14117,https://www.youtube.com/watch?v=xNw6197sycg,YouTube
14118,https://www.youtube.com/watch?v=HRE_NotP9MA,YouTube
14119,https://www.youtube.com/watch?v=Yx4bnwvGmKM,YouTube
14120,https://www.youtube.com/watch?v=2Q8VIPJAox8,YouTube
14121,https://www.youtube.com/watch?v=0W0Wc1E8ffk,YouTube
14122,https://www.youtube.com/watch?v=UUxD4-dEzn0,YouTube
14123,https://www.youtube.com/watch?v=YVbdd8oOwOY,YouTube
14124,,
14125,,
14126,https://www.youtube.com/watch?v=XFxIYqcmRxc,YouTube
14127,https://www.youtube.com/watch?v=CfBewQPFdKE,YouTube
14128,,
14129,https://www.youtube.com/watch?v=WHh8dzxTSNw,YouTube
14130,https://www.youtube.com/watch?v=6EoDyB3D7Ho,YouTube
14131,,
14132,,
14133,https://www.youtube.com/watch?v=d0UN5DW6KB0,YouTube
14134,https://www.youtube.com/watch?v=UyT8bEa4XYA,YouTube
14135,https://www.youtube.com/watch?v=neU-ycIOCWY,YouTube
14136,https://www.youtube.com/watch?v=UKGigK17eSs,YouTube
14137,https://www.youtube.com/watch?v=u_jE7-6Uv7E,YouTube
14138,https://www.youtube.com/watch?v=ChRHpVPx0VQ,YouTube
14139,https://www.youtube.com/watch?v=IFwE3UgCMIk,YouTube
14140,,
14141,https://www.youtube.com/watch?v=g_ptDXkByuQ,YouTube
14142,,
14143,https://www.youtube.com/watch?v=ZXNjdrYzxys,YouTube
14144,https://www.youtube.com/watch?v=nhL9eJoogJw,YouTube
14145,https://www.youtube.com/watch?v=-YIcbLz4-Ww,YouTube
14146,,
14147,https://www.youtube.com/watch?v=MN7-tepnIfY,YouTube
14148,,
14149,,
14150,,
14151,https://www.youtube.com/watch?v=EJXDMwGWhoA,YouTube
14152,,
14153,https://www.youtube.com/watch?v=EZc7uAUa38Q,YouTube
14154,,
14155,https://www.youtube.com/watch?v=a_Hw4bAUj8A,YouTube
14156,,
14157,https://www.youtube.com/watch?v=tVxeoUtVF0o,YouTube
14158,https://www.youtube.com/watch?v=YFE-6XlAAmE,YouTube
14159,,
14160,https://www.youtube.com/watch?v=11TzXCWnUao,YouTube
14161,,
14162,https://www.youtube.com/watch?v=Neo6W1f7hyY,YouTube
14163,https://www.youtube.com/watch?v=Fns9FTUpQ2o,YouTube
14164,https://www.youtube.com/watch?v=uAOz_28BJ0g,YouTube
14165,https://www.youtube.com/watch?v=bS5LtuqXLs8,YouTube
14166,https://www.youtube.com/watch?v=1yvn8a16B9Q,YouTube
14167,https://www.youtube.com/watch?v=Hxu6my_t4pM,YouTube
14168,https://www.youtube.com/watch?v=nmnXFKJv8Z0,YouTube
14169,,
14170,https://www.youtube.com/watch?v=_6Mx3HZ4_tI,YouTube
14171,https://www.youtube.com/watch?v=34WIbmXkewU,YouTube
14172,https://www.youtube.com/watch?v=drdf8OeBUUM,YouTube
14173,https://www.youtube.com/watch?v=TkZnwV7Bx2o,YouTube
14174,https://www.youtube.com/watch?v=Qk2KQGjmB-o,YouTube
14175,https://www.youtube.com/watch?v=omz9Ih_p7GU,YouTube
14176,https://www.youtube.com/watch?v=gHS51O_Sn9Q,YouTube
14177,,
14178,https://www.youtube.com/watch?v=UUQ-jmJcWN8,YouTube
14179,https://www.youtube.com/watch?v=FBFhdl17YJ0,YouTube
14180,https://www.youtube.com/watch?v=SVCHSiRWjJM,YouTube
14181,https://www.youtube.com/watch?v=4wDVf5Tkc88,YouTube
14182,https://www.youtube.com/watch?v=ycOKvWrwYFo,YouTube
14183,https://www.youtube.com/watch?v=UeqkKQv5SiY,YouTube
14184,https://www.youtube.com/watch?v=H9Z3_ifFheQ,YouTube
14185,https://www.youtube.com/watch?v=oftSBgP7Hhk,YouTube
14186,https://www.youtube.com/watch?v=wyNcf4tNLb4,YouTube
14187,https://www.youtube.com/watch?v=Uw7PhPD31Ws,YouTube
14188,https://www.youtube.com/watch?v=G7nNDKrTrag,YouTube
14189,,
14190,https://www.youtube.com/watch?v=Faru8Lv-t8k,YouTube
14191,https://www.youtube.com/watch?v=7uh2l0TQrdo,YouTube
14192,https://www.youtube.com/watch?v=hicMZpkl9-w,YouTube
14193,https://www.youtube.com/watch?v=NdNpFoWrBDQ,YouTube
14194,,
14195,,
14196,https://www.youtube.com/watch?v=JAAhQwcJ20U,YouTube
14197,,
14198,,
14199,,
14200,https://www.youtube.com/watch?v=dkwypzOQf8o,YouTube
14201,https://www.youtube.com/watch?v=X4j_NTFos9c,YouTube
14202,https://www.youtube.com/watch?v=JCSMpRHcNuM,YouTube
14203,https://www.youtube.com/watch?v=eOrNdBpGMv8,YouTube
14204,,
14205,https://www.youtube.com/watch?v=rzYEmqePuPQ,YouTube
14206,https://www.youtube.com/watch?v=XKxcf50t1xE,YouTube
14207,https://www.youtube.com/watch?v=sGqAtYAkwDo,YouTube
14208,https://www.youtube.com/watch?v=ZR5xUl2Suew,YouTube
14209,https://www.youtube.com/watch?v=h0zAlXr1UOs,YouTube
14210,https://www.youtube.com/watch?v=ZkMbeM7hl40,YouTube
14211,https://www.youtube.com/watch?v=qd017xX0Y2E,YouTube
14212,,
14213,https://www.youtube.com/watch?v=eZwnZqKfvzw,YouTube
14214,,
14215,https://www.youtube.com/watch?v=KeAbUaTAUKs,YouTube
14216,https://www.youtube.com/watch?v=DaShOr5AeKA,YouTube
14217,https://www.youtube.com/watch?v=lwSysg9o7wE,YouTube
14218,https://www.youtube.com/watch?v=gKWNUyTGqss,YouTube
14219,https://www.youtube.com/watch?v=foiRWtJTmo0,YouTube
14220,https://www.youtube.com/watch?v=nITjl3wI1QU,YouTube
14221,https://www.youtube.com/watch?v=h6hZkvrFIj0,YouTube
14222,,
14223,https://www.youtube.com/watch?v=RLoKtb4c4W0,YouTube
14224,https://www.youtube.com/watch?v=WBQnM3m4SFY,YouTube
14225,https://www.youtube.com/watch?v=1kF3SCjGtI0,YouTube
14226,https://www.youtube.com/watch?v=4RGhKzUUaME,YouTube
14227,https://www.youtube.com/watch?v=QQS1n9VZuOg,YouTube
14228,https://www.youtube.com/watch?v=2wn6pAIRjjY,YouTube
14229,https://www.youtube.com/watch?v=6_9KK3U1LhY,YouTube
14230,https://www.youtube.com/watch?v=RWBsQArUkQY,YouTube
14231,https://www.youtube.com/watch?v=hPYRslx1w4Y,YouTube
14232,,
14233,https://www.youtube.com/watch?v=J7mqA3F7Qvc,YouTube
14234,https://www.youtube.com/watch?v=RlxwcwESDkQ,YouTube
14235,https://www.youtube.com/watch?v=naUUyD-_oPc,YouTube
14236,,
14237,,
14238,https://www.youtube.com/watch?v=9lMY2F8-iyc,YouTube
14239,https://www.youtube.com/watch?v=mn4O3iQ8B_s,YouTube
14240,https://www.youtube.com/watch?v=YbzkK06MJjE,YouTube
14241,,
14242,https://www.youtube.com/watch?v=CvUxdQ4q-Lg,YouTube
14243,https://www.youtube.com/watch?v=loTIzXAS7v4,YouTube
14244,https://www.youtube.com/watch?v=OBik92hLhAY,YouTube
14245,https://www.youtube.com/watch?v=fGpWRA76jzo,YouTube
14246,,
14247,https://www.youtube.com/watch?v=kcmBYaS_zkw,YouTube
14248,https://www.youtube.com/watch?v=ECe9Yqltw_w,YouTube
14249,https://www.youtube.com/watch?v=Pqbz8yojxBY,YouTube
14250,https://www.youtube.com/watch?v=epKoj5BIZV0,YouTube
14251,https://www.youtube.com/watch?v=x3t0Nc6fg7w,YouTube
14252,https://www.youtube.com/watch?v=Sv6SM0w0B5A,YouTube
14253,https://www.youtube.com/watch?v=QZ40WlshNwU,YouTube
14254,https://www.youtube.com/watch?v=Uw7HDQ5Dnjo,YouTube
14255,https://www.youtube.com/watch?v=poxddLZq2k0,YouTube
14256,https://www.youtube.com/watch?v=PL64Q_JM5qw,YouTube
14257,https://www.youtube.com/watch?v=JA1J2WmFGUw,YouTube
14258,https://www.youtube.com/watch?v=2CRjdwRYQbU,YouTube
14259,https://www.youtube.com/watch?v=uGyLFdzhw-c,YouTube
14260,https://www.youtube.com/watch?v=zH3O-CeZckE,YouTube
14261,https://www.youtube.com/watch?v=0UD2gbjB3vw,YouTube
14262,,
14263,https://www.youtube.com/watch?v=6WtfJSq6Z6E,YouTube
14264,,
14265,https://www.youtube.com/watch?v=oMU7QTf8kSo,YouTube
14266,https://www.youtube.com/watch?v=tGEveEqpjYk,YouTube
14267,https://www.youtube.com/watch?v=5wfMVdyDa_g,YouTube
14268,https://www.youtube.com/watch?v=RYExstiQlLc,YouTube
14269,,
14270,,
14271,https://www.youtube.com/watch?v=mgIz_t7rKPg,YouTube
14272,https://www.youtube.com/watch?v=t8pz1gIVWYc,YouTube
14273,https://www.youtube.com/watch?v=LqEszt5wG9I,YouTube
14274,https://www.youtube.com/watch?v=zLrqyfkXt_A,YouTube
14275,https://www.youtube.com/watch?v=UsjdRsrR6cs,YouTube
14276,https://www.youtube.com/watch?v=vCXVToxZNB4,YouTube
14277,https://www.youtube.com/watch?v=qm68An_PzAs,YouTube
14278,https://www.youtube.com/watch?v=rxY9fKgK5OQ,YouTube
14279,,
14280,https://www.youtube.com/watch?v=m6Q7KnXpNOg,YouTube
14281,https://www.youtube.com/watch?v=1WjsqVwWyrI,YouTube
14282,https://www.youtube.com/watch?v=NeHDZODFKNw,YouTube
14283,https://www.youtube.com/watch?v=nmiA24jwlbM,YouTube
14284,https://www.youtube.com/watch?v=Vcw2Aje5KU0,YouTube
14285,https://www.youtube.com/watch?v=rvpsiIe2vBE,YouTube
14286,https://www.youtube.com/watch?v=0rMzrruIIm8,YouTube
14287,https://www.youtube.com/watch?v=CMklQNn0OH0,YouTube
14288,https://www.youtube.com/watch?v=31JOXM_Nk20,YouTube
14289,https://www.youtube.com/watch?v=hMbexEPAOQI,YouTube
14290,https://www.youtube.com/watch?v=zsgrsiZoymA,YouTube
14291,https://www.youtube.com/watch?v=m8e-FF8MsqU,YouTube
14292,,
14293,https://www.youtube.com/watch?v=kV43JZ6yWS8,YouTube
14294,https://www.youtube.com/watch?v=uNIsjZBnRR8,YouTube
14295,https://www.youtube.com/watch?v=YtQq0T3ExLs,YouTube
14296,,
14297,https://www.youtube.com/watch?v=W6Mm8Sbe__o,YouTube
14298,https://www.youtube.com/watch?v=kJ27kgmhI6Q,YouTube
14299,,
14300,https://www.youtube.com/watch?v=Wlo-sYrADlw,YouTube
14301,,
14302,https://www.youtube.com/watch?v=6d1Uc68wt3c,YouTube
14303,https://www.youtube.com/watch?v=4P6mXZzY9nc,YouTube
14304,,
14305,https://www.youtube.com/watch?v=S014oGZiSdI,YouTube
14306,https://www.youtube.com/watch?v=K6oqO-xMERc,YouTube
14307,,
14308,https://www.youtube.com/watch?v=JHIfHL5UgFs,YouTube
14309,,
14310,https://www.youtube.com/watch?v=OpH8kO1AyVA,YouTube
14311,,
14312,,
14313,,
14314,https://www.youtube.com/watch?v=8VOAxzgq42A,YouTube
14315,,
14316,https://www.youtube.com/watch?v=3LPANjHlPxo,YouTube
14317,https://www.youtube.com/watch?v=F8riqB7r5EQ,YouTube
14318,https://www.youtube.com/watch?v=53vr9EiOH7g,YouTube
14319,https://www.youtube.com/watch?v=uO12W35DpsQ,YouTube
14320,https://www.youtube.com/watch?v=1s4YQqnbnM8,YouTube
14321,https://www.youtube.com/watch?v=N1XmtdMZdL8,YouTube
14322,https://www.youtube.com/watch?v=rGVNzfUSweg,YouTube
14323,https://www.youtube.com/watch?v=Tq4wo4JYy2s,YouTube
14324,https://www.youtube.com/watch?v=DvpDP5HEZXM,YouTube
14325,https://www.youtube.com/watch?v=FAfR8omt-CY,YouTube
14326,https://www.youtube.com/watch?v=01dljIcgiMw,YouTube
14327,https://www.youtube.com/watch?v=CZzW6_hR068,YouTube
14328,https://www.youtube.com/watch?v=9lHcgtH1bo0,YouTube
14329,https://www.youtube.com/watch?v=kKLDqC0rLIY,YouTube
14330,https://www.youtube.com/watch?v=FxPNSErZ5bE,YouTube
14331,https://www.youtube.com/watch?v=pE3yR8bZ1pY,YouTube
14332,https://www.youtube.com/watch?v=Jvurpf91omw,YouTube
14333,https://www.youtube.com/watch?v=EsV2Z_il_L4,YouTube
14334,,
14335,https://www.youtube.com/watch?v=bn_OrhwIidA,YouTube
14336,https://www.youtube.com/watch?v=XInj3WyRerI,YouTube
14337,https://www.youtube.com/watch?v=7-oN5IEjwIQ,YouTube
14338,https://www.youtube.com/watch?v=pTsTCibMvc4,YouTube
14339,,
14340,,
14341,https://www.youtube.com/watch?v=2c3rxHgfRTo,YouTube
14342,https://www.youtube.com/watch?v=LiBzbNk0lZ0,YouTube
14343,https://www.youtube.com/watch?v=q4RK3jY7AVk,YouTube
14344,https://www.youtube.com/watch?v=K9IiUbBV4zc,YouTube
14345,https://www.youtube.com/watch?v=ih78dz2XyLc,YouTube
14346,https://www.youtube.com/watch?v=S8tdWA5g4Xs,YouTube
14347,,
14348,https://www.youtube.com/watch?v=zojRyGQP4x8,YouTube
14349,https://www.youtube.com/watch?v=H0IgfAs3tWg,YouTube
14350,https://www.youtube.com/watch?v=H5PR6LTfWmk,YouTube
14351,https://www.youtube.com/watch?v=vLkBUix_D3U,YouTube
14352,https://www.youtube.com/watch?v=ip4yOLMs0jE,YouTube
14353,,
14354,https://www.youtube.com/watch?v=4pENM42-QB8,YouTube
14355,https://www.youtube.com/watch?v=DO_x-po_Nsc,YouTube
14356,https://www.youtube.com/watch?v=PQDb6-W0Grs,YouTube
14357,https://www.youtube.com/watch?v=2ilzidi_J8Q,YouTube
14358,https://www.youtube.com/watch?v=D6WOoUG1eNo,YouTube
14359,https://www.youtube.com/watch?v=ETppILg_CYc,YouTube
14360,https://www.youtube.com/watch?v=gOP3Uicg04U,YouTube
14361,https://www.youtube.com/watch?v=4FWReqkTWfA,YouTube
14362,,
14363,https://www.youtube.com/watch?v=yNhZNp9GXb8,YouTube
14364,https://www.youtube.com/watch?v=48S3ogRGpjM,YouTube
14365,https://www.youtube.com/watch?v=TVvhJrrgfs0,YouTube
14366,https://www.youtube.com/watch?v=6t8_jG56mEo,YouTube
14367,https://www.youtube.com/watch?v=ZFoWiUqrhoE,YouTube
14368,https://www.youtube.com/watch?v=V75dMMIW2B4,YouTube
14369,https://www.youtube.com/watch?v=xf5VOvB5MHA,YouTube
14370,,
14371,,
14372,https://www.youtube.com/watch?v=5y28R-ZWP9A,YouTube
14373,https://www.youtube.com/watch?v=k106g-XDZ8g,YouTube
14374,,
14375,https://www.youtube.com/watch?v=umvFBoLOOgo,YouTube
14376,https://www.youtube.com/watch?v=UuWmCVdwhKg,YouTube
14377,https://www.youtube.com/watch?v=nPv741YW3tk,YouTube
14378,,
14379,,
14380,https://www.youtube.com/watch?v=Y6Q_TD-P1CM,YouTube
14381,https://www.youtube.com/watch?v=kEutwdia8n0,YouTube
14382,https://www.youtube.com/watch?v=1cfklE3-Kes,YouTube
14383,https://www.youtube.com/watch?v=e8PLpXvhtlc,YouTube
14384,https://www.youtube.com/watch?v=F8_GUrqe5tc,YouTube
14385,https://www.youtube.com/watch?v=Q1NhAUsyslk,YouTube
14386,https://www.youtube.com/watch?v=pcUE7DtW7hw,YouTube
14387,,
14388,https://www.youtube.com/watch?v=rb9a00bXf-U,YouTube
14389,https://www.youtube.com/watch?v=BrV-SXI6Nmo,YouTube
14390,https://www.youtube.com/watch?v=-_Eu0X3B6OM,YouTube
14391,,
14392,https://www.youtube.com/watch?v=FKFDkpHCQz4,YouTube
14393,https://www.youtube.com/watch?v=j3-_AgJnTyo,YouTube
14394,https://www.youtube.com/watch?v=Tg3V8HDK5go,YouTube
14395,https://www.youtube.com/watch?v=UNm9Tzo5rvI,YouTube
14396,https://www.youtube.com/watch?v=J_lC07NtrnI,YouTube
14397,https://www.youtube.com/watch?v=qhlQOg9abRk,YouTube
14398,https://www.youtube.com/watch?v=OD-MuEKbOAM,YouTube
14399,https://www.youtube.com/watch?v=tzxJn8Awk0c,YouTube
14400,,
14401,https://www.youtube.com/watch?v=iojhqm0JTW4,YouTube
14402,,
14403,https://www.youtube.com/watch?v=fXyHuuYtR00,YouTube
14404,https://www.youtube.com/watch?v=LljkKoPs1Gg,YouTube
14405,,
14406,https://www.youtube.com/watch?v=C4YhbpuGdwQ,YouTube
14407,https://www.youtube.com/watch?v=pKRKoZIjiFk,YouTube
14408,,
14409,https://www.youtube.com/watch?v=0UCAVQWSvXQ,YouTube
14410,,
14411,https://www.youtube.com/watch?v=kYO1fU0hfjc,YouTube
14412,https://www.youtube.com/watch?v=dfP39NaKwQU,YouTube
14413,,
14414,https://www.youtube.com/watch?v=7FcTcgjZzq8,YouTube
14415,,
14416,https://www.youtube.com/watch?v=JbTkdqYivuw,YouTube
14417,https://www.youtube.com/watch?v=Bp1RXmM1-60,YouTube
14418,https://www.youtube.com/watch?v=jv7hRBL9ygY,YouTube
14419,https://www.youtube.com/watch?v=0eup3tFOgbk,YouTube
14420,https://www.youtube.com/watch?v=rC8VJ9aeB_g,YouTube
14421,https://www.youtube.com/watch?v=ei-QPhpzBo8,YouTube
14422,https://www.youtube.com/watch?v=UYXYzzng3Fo,YouTube
14423,https://www.youtube.com/watch?v=x_-tWhlcQok,YouTube
14424,https://www.youtube.com/watch?v=akiHkFxV24w,YouTube
14425,https://www.youtube.com/watch?v=NkTrG-gpIzE,YouTube
14426,,
14427,https://www.youtube.com/watch?v=2wjDWnKTROI,YouTube
14428,https://www.youtube.com/watch?v=DC0cfko6kBs,YouTube
14429,,
14430,,
14431,https://www.youtube.com/watch?v=Y2DqFRsPrns,YouTube
14432,https://www.youtube.com/watch?v=NrPtr0aQx3s,YouTube
14433,https://www.youtube.com/watch?v=lfqHb6INj3w,YouTube
14434,https://www.youtube.com/watch?v=yiQCofKrYAI,YouTube
14435,https://www.youtube.com/watch?v=q5VugO68swI,YouTube
14436,https://www.youtube.com/watch?v=RPJ4EQ2Eh9I,YouTube
14437,,
14438,https://www.youtube.com/watch?v=myTaigPrbsg,YouTube
14439,https://www.youtube.com/watch?v=TfyunOnMGqM,YouTube
14440,,
14441,,
14442,https://www.youtube.com/watch?v=5M6kRVVcFs8,YouTube
14443,,
14444,https://www.youtube.com/watch?v=Js7wxoqeVK0,YouTube
14445,https://www.youtube.com/watch?v=NrmiHWJkEWc,YouTube
14446,https://www.youtube.com/watch?v=bE_X2pDRXyY,YouTube
14447,,
14448,https://www.youtube.com/watch?v=M4L6ruTF5qE,YouTube
14449,https://www.youtube.com/watch?v=hoP4P5n-8xk,YouTube
14450,https://www.youtube.com/watch?v=5_RsHRmIRBY,YouTube
14451,https://www.youtube.com/watch?v=kMA30rThECg,YouTube
14452,https://www.youtube.com/watch?v=q7vg8uGzLts,YouTube
14453,https://www.youtube.com/watch?v=Njf8U5SnM4w,YouTube
14454,https://www.youtube.com/watch?v=LTOJ5boS4BI,YouTube
14455,,
14456,https://www.youtube.com/watch?v=KoWkFkWiiTc,YouTube
14457,https://www.youtube.com/watch?v=GYF65Vc2MeI,YouTube
14458,https://www.youtube.com/watch?v=aw0NChcdQfQ,YouTube
14459,https://www.youtube.com/watch?v=WCDEAu4R8hA,YouTube
14460,https://www.youtube.com/watch?v=PUeWBp_kmuo,YouTube
14461,https://www.youtube.com/watch?v=pw9O2bq6Nuc,YouTube
14462,https://www.youtube.com/watch?v=B-RdUcXAKiw,YouTube
14463,,
14464,https://www.youtube.com/watch?v=Y_e_XzgStHk,YouTube
14465,https://www.youtube.com/watch?v=LIRe-sAoY7E,YouTube
14466,https://www.youtube.com/watch?v=KCxBHM17y-4,YouTube
14467,https://www.youtube.com/watch?v=AGACeWVdFqo,YouTube
14468,https://www.youtube.com/watch?v=YG_a8lw512A,YouTube
14469,,
14470,https://www.youtube.com/watch?v=p5r92GgKizY,YouTube
14471,https://www.youtube.com/watch?v=sq8kDK2oFeo,YouTube
14472,https://www.youtube.com/watch?v=tdiWAhlVOBY,YouTube
14473,https://www.youtube.com/watch?v=f-eyQswdc-c,YouTube
14474,https://www.youtube.com/watch?v=EI_3ywJLQio,YouTube
14475,https://www.youtube.com/watch?v=KaD6Ve4FDLA,YouTube
14476,https://www.youtube.com/watch?v=V3HzTKbsqsY,YouTube
14477,https://www.youtube.com/watch?v=KA56LqFszYI,YouTube
14478,,
14479,https://www.youtube.com/watch?v=kmJLuwP3MbY,YouTube
14480,,
14481,https://www.youtube.com/watch?v=bkU7Cl2SSvI,YouTube
14482,,
14483,https://www.youtube.com/watch?v=u2Y3cCOkz8o,YouTube
14484,https://www.youtube.com/watch?v=ryrFuOLpoOM,YouTube
14485,https://www.youtube.com/watch?v=KTQT6hGp96g,YouTube
14486,,
14487,https://www.youtube.com/watch?v=RixlpHKfb6M,YouTube
14488,https://www.youtube.com/watch?v=oBUAQGwzGk0,YouTube
14489,https://www.youtube.com/watch?v=CIavKkromVc,YouTube
14490,https://www.youtube.com/watch?v=dp2CxCsK8nM,YouTube
14491,https://www.youtube.com/watch?v=SPRzm8ibDQ8,YouTube
14492,https://www.youtube.com/watch?v=ikHGAAsjils,YouTube
14493,https://www.youtube.com/watch?v=Pv4s0wdDOK0,YouTube
14494,https://www.youtube.com/watch?v=rFpWpkxsVI8,YouTube
14495,https://www.youtube.com/watch?v=zH6U5y086hw,YouTube
14496,https://www.youtube.com/watch?v=xIzKgO3C6Z8,YouTube
14497,,
14498,https://www.youtube.com/watch?v=1Gl2kVUsy2M,YouTube
14499,https://www.youtube.com/watch?v=x7AmC7nA7yU,YouTube
14500,,
14501,https://www.youtube.com/watch?v=jK6suPB_vTk,YouTube
14502,https://www.youtube.com/watch?v=ByehYal_cCs,YouTube
14503,,
14504,,
14505,https://vimeo.com/41044502,Vimeo
14506,https://www.youtube.com/watch?v=mEVQt3dg1_w,YouTube
14507,https://www.youtube.com/watch?v=GXD22oySnok,YouTube
14508,https://www.youtube.com/watch?v=B_VFs9j95gc,YouTube
14509,,
14510,,
14511,https://www.youtube.com/watch?v=QP5hSdVmvsI,YouTube
14512,,
14513,,
14514,,
14515,https://www.youtube.com/watch?v=sFNPNT_4Qww,YouTube
14516,https://www.youtube.com/watch?v=ZNSeUYw95NY,YouTube
14517,https://www.youtube.com/watch?v=-r9IXze_tPM,YouTube
14518,,
14519,,
14520,,
14521,https://www.youtube.com/watch?v=BV_nssS6Zkg,YouTube
14522,https://www.youtube.com/watch?v=OiM8S9VLjvU,YouTube
14523,https://www.youtube.com/watch?v=ArdNQUUcZOM,YouTube
14524,,
14525,https://www.youtube.com/watch?v=3MK0mHbdZd4,YouTube
14526,https://www.youtube.com/watch?v=9u4FHmId-Y0,YouTube
14527,https://www.youtube.com/watch?v=P8nzbUR9dgI,YouTube
14528,https://www.youtube.com/watch?v=RrvFBjsglA4,YouTube
14529,https://www.youtube.com/watch?v=YnDeJn-BX5Q,YouTube
14530,,
14531,https://www.youtube.com/watch?v=aNO-fmVu4RI,YouTube
14532,https://www.youtube.com/watch?v=YLorLVa95Xo,YouTube
14533,https://www.youtube.com/watch?v=bR26swEzZ84,YouTube
14534,https://www.youtube.com/watch?v=zdYYI_2Tudg,YouTube
14535,https://www.youtube.com/watch?v=tNMeRJMKpdw,YouTube
14536,https://www.youtube.com/watch?v=EYFhFYoDAo4,YouTube
14537,https://www.youtube.com/watch?v=D2qG3hdbfPk,YouTube
14538,https://www.youtube.com/watch?v=NQckiIgNezw,YouTube
14539,https://www.youtube.com/watch?v=zXYO19Ig5hc,YouTube
14540,https://www.youtube.com/watch?v=CAGMUmFyRJE,YouTube
14541,,
14542,https://www.youtube.com/watch?v=uSEVHO_k9Z8,YouTube
14543,https://www.youtube.com/watch?v=b-mArPr_Txg,YouTube
14544,https://www.youtube.com/watch?v=ntxIBzJ0tU8,YouTube
14545,https://www.youtube.com/watch?v=V64B9WObjfg,YouTube
14546,https://www.youtube.com/watch?v=D2HmdYiWMeA,YouTube
14547,https://www.youtube.com/watch?v=qBZPCE0jr6M,YouTube
14548,https://www.youtube.com/watch?v=ohF5ZO_zOYU,YouTube
14549,https://www.youtube.com/watch?v=ip_CYHdyUBs,YouTube
14550,https://www.youtube.com/watch?v=bL2wDI-O5YQ,YouTube
14551,https://www.youtube.com/watch?v=zaNIwSzz6iE,YouTube
14552,https://www.youtube.com/watch?v=XPNY-94UfG4,YouTube
14553,https://www.youtube.com/watch?v=-_GPiwqmUiA,YouTube
14554,https://www.youtube.com/watch?v=JsMFggMLgY0,YouTube
14555,https://www.youtube.com/watch?v=MHMdWUeYudk,YouTube
14556,,
14557,https://www.youtube.com/watch?v=zVuuooZqVaU,YouTube
14558,https://www.youtube.com/watch?v=1WVGszqwkkI,YouTube
14559,https://www.youtube.com/watch?v=PFJpbtWLHww,YouTube
14560,https://www.youtube.com/watch?v=XqffzRFzdco,YouTube
14561,https://www.youtube.com/watch?v=xPTVv60hLjc,YouTube
14562,https://www.youtube.com/watch?v=iZqQRmhRvyg,YouTube
14563,https://www.youtube.com/watch?v=RHAOLihH58s,YouTube
14564,https://www.youtube.com/watch?v=xsOVtbsMKtA,YouTube
14565,,
14566,https://www.youtube.com/watch?v=foAyvN6mVwQ,YouTube
14567,https://www.youtube.com/watch?v=STPJVf6wqCk,YouTube
14568,https://www.youtube.com/watch?v=rJ-CKZnqyqs,YouTube
14569,https://www.youtube.com/watch?v=MHGJk2dMfa8,YouTube
14570,https://www.youtube.com/watch?v=t99_nC_tYVM,YouTube
14571,https://www.youtube.com/watch?v=RPBX47zSktc,YouTube
14572,https://www.youtube.com/watch?v=eGjXwDYpOLE,YouTube
14573,https://www.youtube.com/watch?v=PVgUZ2NSzBo,YouTube
14574,https://www.youtube.com/watch?v=BOFHvI5Rob8,YouTube
14575,https://www.youtube.com/watch?v=SMAgwJrBeJM,YouTube
14576,https://www.youtube.com/watch?v=0poXFSvX0_4,YouTube
14577,https://www.youtube.com/watch?v=xXDAs23aSQc,YouTube
14578,https://www.youtube.com/watch?v=VfYBKDyF-Dk,YouTube
14579,https://www.youtube.com/watch?v=iGAHnZ555nI,YouTube
14580,https://www.youtube.com/watch?v=8imzQaoEwsA,YouTube
14581,https://www.youtube.com/watch?v=mp2SbaK8dDg,YouTube
14582,https://www.youtube.com/watch?v=-6jgkXHdNi4,YouTube
14583,,
14584,,
14585,https://www.youtube.com/watch?v=mKl5_OxKBn8,YouTube
14586,https://www.youtube.com/watch?v=cSqQxoT3wMQ,YouTube
14587,https://www.youtube.com/watch?v=gf0VqzuWedU,YouTube
14588,https://www.youtube.com/watch?v=ymPUAsPsTwg,YouTube
14589,https://www.youtube.com/watch?v=RXmANh0-2Bg,YouTube
14590,https://www.youtube.com/watch?v=N8u2L-CqHX8,YouTube
14591,https://www.youtube.com/watch?v=k-OOfW6wWyQ,YouTube
14592,https://www.youtube.com/watch?v=ijXruSzfGEc,YouTube
14593,https://www.youtube.com/watch?v=ryVsMV9uJVE,YouTube
14594,https://www.youtube.com/watch?v=cxFT8zYZ3dU,YouTube
14595,https://www.youtube.com/watch?v=284kahCx42s,YouTube
14596,https://www.youtube.com/watch?v=fXAF3bvtvE0,YouTube
14597,,
14598,https://www.youtube.com/watch?v=z1RXm81AsNo,YouTube
14599,https://www.youtube.com/watch?v=3GUvsJc3vvE,YouTube
14600,https://www.youtube.com/watch?v=C7pKqaPtMiA,YouTube
14601,https://www.youtube.com/watch?v=G_wiXgRWrIU,YouTube
14602,https://www.youtube.com/watch?v=CbVTzvvvtQ8,YouTube
14603,https://www.youtube.com/watch?v=VqtymOtKr48,YouTube
14604,,
14605,https://www.youtube.com/watch?v=LTMwwa4gEuU,YouTube
14606,https://www.youtube.com/watch?v=cnvbtAoucPU,YouTube
14607,,
14608,https://www.youtube.com/watch?v=MmSZJ17ppEQ,YouTube
14609,https://www.youtube.com/watch?v=8dItOM6eYXY,YouTube
14610,https://www.youtube.com/watch?v=iNmWrAhYcP4,YouTube
14611,https://www.youtube.com/watch?v=2PpgPxjzbkA,YouTube
14612,,
14613,https://www.youtube.com/watch?v=m3gcb_9Q10E,YouTube
14614,https://www.youtube.com/watch?v=6CJUQr4Vs40,YouTube
14615,https://www.youtube.com/watch?v=adPvbscBK_8,YouTube
14616,https://www.youtube.com/watch?v=oWJJGXvL7PM,YouTube
14617,https://www.youtube.com/watch?v=btfjTl7sEIg,YouTube
14618,https://www.youtube.com/watch?v=pbQ22zWPYbw,YouTube
14619,https://www.youtube.com/watch?v=bJcLRFWxRno,YouTube
14620,https://www.youtube.com/watch?v=YmvHzCLP6ug,YouTube
14621,https://www.youtube.com/watch?v=_eOI3AamSm8,YouTube
14622,https://www.youtube.com/watch?v=K_tLp7T6U1c,YouTube
14623,https://www.youtube.com/watch?v=Q1tDT852GGk,YouTube
14624,https://www.youtube.com/watch?v=UhzaFn02IA0,YouTube
14625,https://www.youtube.com/watch?v=QWBKEmWWL38,YouTube
14626,https://www.youtube.com/watch?v=COJCN3Mhr14,YouTube
14627,https://www.youtube.com/watch?v=0XAlutSwY0I,YouTube
14628,https://www.youtube.com/watch?v=70U393tWjrw,YouTube
14629,https://www.youtube.com/watch?v=um5DuTLzw-I,YouTube
14630,https://www.youtube.com/watch?v=reRRAEVHq8E,YouTube
14631,https://www.youtube.com/watch?v=YT9VyEbUkCo,YouTube
14632,https://www.youtube.com/watch?v=3WRxsmqercg,YouTube
14633,https://www.youtube.com/watch?v=ssx_riw1Y9Y,YouTube
14634,https://www.youtube.com/watch?v=qdPw9x9h5CY,YouTube
14635,https://www.youtube.com/watch?v=g7ArZ7VD-QQ,YouTube
14636,https://www.youtube.com/watch?v=8hYlB38asDY,YouTube
14637,https://www.youtube.com/watch?v=zgjUMHGjO0k,YouTube
14638,https://www.youtube.com/watch?v=-oO6pCRe3pM,YouTube
14639,https://www.youtube.com/watch?v=aMcDeNo6KUs,YouTube
14640,https://www.youtube.com/watch?v=ON1-SohDqDg,YouTube
14641,https://www.youtube.com/watch?v=nYHt8SdUj-U,YouTube
14642,https://www.youtube.com/watch?v=24_e8YBhlH8,YouTube
14643,https://www.youtube.com/watch?v=W6C6qcCW2JE,YouTube
14644,https://www.youtube.com/watch?v=YGaqlO9bClk,YouTube
14645,https://www.youtube.com/watch?v=-YWLI-BwbCQ,YouTube
14646,https://www.youtube.com/watch?v=vAgspe-gUac,YouTube
14647,,
14648,https://www.youtube.com/watch?v=o9uEkTPchIo,YouTube
14649,https://www.youtube.com/watch?v=cgIS8Vfp1MU,YouTube
14650,https://www.youtube.com/watch?v=DhdrA9qz79o,YouTube
14651,https://www.youtube.com/watch?v=hNw5I-SPPS0,YouTube
14652,https://www.youtube.com/watch?v=BE77igZczlI,YouTube
14653,https://www.youtube.com/watch?v=Hv3obL9HqyY,YouTube
14654,https://www.youtube.com/watch?v=3eajzW3XW7Q,YouTube
14655,https://www.youtube.com/watch?v=Z7M3ofz3TvA,YouTube
14656,https://www.youtube.com/watch?v=Pog1CbcVBJk,YouTube
14657,,
14658,,
14659,https://www.youtube.com/watch?v=unEO_p71cik,YouTube
14660,https://www.youtube.com/watch?v=s9lWUqraDoU,YouTube
14661,https://www.youtube.com/watch?v=y1emDAYCfVQ,YouTube
14662,https://www.youtube.com/watch?v=73jSnAs7mq8,YouTube
14663,,
14664,https://www.youtube.com/watch?v=giRMhrOdVzg,YouTube
14665,https://www.youtube.com/watch?v=KAOmTMCtGkI,YouTube
14666,https://www.youtube.com/watch?v=2vAo4rJPqQ4,YouTube
14667,https://www.youtube.com/watch?v=owK1qxDselE,YouTube
14668,https://www.youtube.com/watch?v=s9aIuPSvXX8,YouTube
14669,,
14670,https://www.youtube.com/watch?v=3C2tE7vjdHk,YouTube
14671,https://www.youtube.com/watch?v=CVY_IRA8NTw,YouTube
14672,https://www.youtube.com/watch?v=HJIF9-6D52w,YouTube
14673,https://www.youtube.com/watch?v=4t2tdKD9tPs,YouTube
14674,https://www.youtube.com/watch?v=aCjnUJjWb38,YouTube
14675,https://www.youtube.com/watch?v=ayTnvVpj9t4,YouTube
14676,https://www.youtube.com/watch?v=8khmNiamBxo,YouTube
14677,https://www.youtube.com/watch?v=PnmTi7hSjrA,YouTube
14678,https://www.youtube.com/watch?v=7pQQHnqBa2E,YouTube
14679,https://www.youtube.com/watch?v=iqyxxMFOFa0,YouTube
14680,https://www.youtube.com/watch?v=yw8US3gS37w,YouTube
14681,,
14682,https://www.youtube.com/watch?v=LdsdcPJ9mcA,YouTube
14683,https://www.youtube.com/watch?v=fVyU-Hvzpt4,YouTube
14684,https://www.youtube.com/watch?v=Zm7r491n-8o,YouTube
14685,,
14686,https://www.youtube.com/watch?v=bLvqoHBptjg,YouTube
14687,,
14688,https://www.youtube.com/watch?v=VFd3M_qcvi8,YouTube
14689,https://www.youtube.com/watch?v=fccho1IyX8Y,YouTube
14690,https://www.youtube.com/watch?v=FcQqsrf2gik,YouTube
14691,https://www.youtube.com/watch?v=75TKB0299b0,YouTube
14692,https://www.youtube.com/watch?v=Ix9CHnOo94k,YouTube
14693,https://www.youtube.com/watch?v=jY56N6irNCk,YouTube
14694,https://www.youtube.com/watch?v=_wkqo_Rd3_Q,YouTube
14695,https://www.youtube.com/watch?v=U-GXLjihi2c,YouTube
14696,https://www.youtube.com/watch?v=aPLiBxhoug0,YouTube
14697,https://www.youtube.com/watch?v=1x0GpEZnwa8,YouTube
14698,https://www.youtube.com/watch?v=MDKTBiHBmeI,YouTube
14699,https://www.youtube.com/watch?v=0XDdo6a_UZA,YouTube
14700,https://www.youtube.com/watch?v=ObY7W7BVypA,YouTube
14701,https://www.youtube.com/watch?v=HJL2hh3jtoE,YouTube
14702,https://www.youtube.com/watch?v=XfcoWexWCzc,YouTube
14703,https://www.youtube.com/watch?v=UMMEdYCxGm0,YouTube
14704,https://www.youtube.com/watch?v=Lzrj97cGifw,YouTube
14705,https://www.youtube.com/watch?v=DV8mJcuYVaA,YouTube
14706,https://www.youtube.com/watch?v=E-Sg_zJrDxc,YouTube
14707,https://www.youtube.com/watch?v=X7xfRXGMrDM,YouTube
14708,https://www.youtube.com/watch?v=LMpLWf5tv30,YouTube
14709,https://www.youtube.com/watch?v=IT_ufPxiXl8,YouTube
14710,https://www.youtube.com/watch?v=RXZY_XRjABs,YouTube
14711,https://www.youtube.com/watch?v=aFtzNHTB4C0,YouTube
14712,,
14713,https://www.youtube.com/watch?v=8M9lz5R1K2A,YouTube
14714,https://www.youtube.com/watch?v=_yTZ8E3vbsE,YouTube
14715,https://www.youtube.com/watch?v=EowdPk8UMCE,YouTube
14716,https://www.youtube.com/watch?v=Yw-Av9BpC-w,YouTube
14717,https://www.youtube.com/watch?v=OgBqfw0hINM,YouTube
14718,https://www.youtube.com/watch?v=nOFhHEepF4s,YouTube
14719,https://www.youtube.com/watch?v=JlcX_GXtf40,YouTube
14720,https://www.youtube.com/watch?v=ZDme5Y5E-bI,YouTube
14721,https://www.youtube.com/watch?v=RmZ-FuBThuQ,YouTube
14722,https://www.youtube.com/watch?v=8ndhidEmUbI,YouTube
14723,https://www.youtube.com/watch?v=PPuk2JQgMkU,YouTube
14724,https://www.youtube.com/watch?v=71rDQ7z4eFg,YouTube
14725,https://www.youtube.com/watch?v=7NiAWF7VIFY,YouTube
14726,https://www.youtube.com/watch?v=_afPFLvh2qg,YouTube
14727,https://www.youtube.com/watch?v=gxTuEC8RMzE,YouTube
14728,,
14729,https://www.youtube.com/watch?v=h0bRZkXQAhE,YouTube
14730,,
14731,,
14732,https://www.youtube.com/watch?v=Qv-mWQUoXOg,YouTube
14733,https://www.youtube.com/watch?v=DlXcUyFjNgA,YouTube
14734,https://www.youtube.com/watch?v=PqPNksLZIAk,YouTube
14735,https://www.youtube.com/watch?v=vlnUa_dNsRQ,YouTube
14736,https://www.youtube.com/watch?v=BSXBvor47Zs,YouTube
14737,https://www.youtube.com/watch?v=k3PUNBE9J0A,YouTube
14738,https://www.youtube.com/watch?v=FqP9s-XSzd4,YouTube
14739,https://www.youtube.com/watch?v=43WTCO8-C4w,YouTube
14740,https://www.youtube.com/watch?v=-jCq13TtzRY,YouTube
14741,https://www.youtube.com/watch?v=FFGaS6MDknY,YouTube
14742,https://www.youtube.com/watch?v=qvsgGtivCgs,YouTube
14743,https://www.youtube.com/watch?v=jvWXV-c2hWo,YouTube
14744,https://www.youtube.com/watch?v=JpoabtbEJOI,YouTube
14745,https://www.youtube.com/watch?v=Znuq-daWfLE,YouTube
14746,,
14747,https://www.youtube.com/watch?v=2tqK_3mKQUw,YouTube
14748,https://www.youtube.com/watch?v=ZT2ZxjUjSo0,YouTube
14749,https://www.youtube.com/watch?v=FjN4Fh9bOVg,YouTube
14750,https://www.youtube.com/watch?v=Tv8xk7BKaNM,YouTube
14751,https://www.youtube.com/watch?v=ofMkaGkyAPw,YouTube
14752,https://www.youtube.com/watch?v=sE8hc4gVyGo,YouTube
14753,,
14754,https://www.youtube.com/watch?v=rTL1FmvVCuA,YouTube
14755,https://www.youtube.com/watch?v=oW8pxkUpXIU,YouTube
14756,https://www.youtube.com/watch?v=NJQ4qEWm9lU,YouTube
14757,https://www.youtube.com/watch?v=HMnVs287AJ4,YouTube
14758,https://www.youtube.com/watch?v=MYie9VhNW8g,YouTube
14759,https://www.youtube.com/watch?v=k2HFiE1DsKE,YouTube
14760,https://www.youtube.com/watch?v=kswRbwYqn3k,YouTube
14761,https://www.youtube.com/watch?v=Ku9jE6eNfBM,YouTube
14762,https://www.youtube.com/watch?v=WZAttjca0b8,YouTube
14763,https://www.youtube.com/watch?v=jVlPzTPLC4M,YouTube
14764,,
14765,,
14766,https://www.youtube.com/watch?v=Z-nyXX5zOLg,YouTube
14767,https://www.youtube.com/watch?v=70E232PKMto,YouTube
14768,https://www.youtube.com/watch?v=RLJxoJM_ZbY,YouTube
14769,https://www.youtube.com/watch?v=3ycmmJ6rxA8,YouTube
14770,https://www.youtube.com/watch?v=MZkurgJOP4c,YouTube
14771,https://www.youtube.com/watch?v=eNj53-mu7xw,YouTube
14772,https://www.youtube.com/watch?v=u7__TG7swg0,YouTube
14773,https://www.youtube.com/watch?v=MRPr34vEbC8,YouTube
14774,https://www.youtube.com/watch?v=dCp40n0T11Y,YouTube
14775,,
14776,https://www.youtube.com/watch?v=go3ELJdpkx4,YouTube
14777,https://www.youtube.com/watch?v=3zuRkQSx5gs,YouTube
14778,,
14779,https://www.youtube.com/watch?v=7HyhpISiVRQ,YouTube
14780,https://www.youtube.com/watch?v=cTZAzVzFShw,YouTube
14781,,
14782,https://www.youtube.com/watch?v=uQBy6jqbmlU,YouTube
14783,https://www.youtube.com/watch?v=BsohmWonrCg,YouTube
14784,,
14785,,
14786,https://www.youtube.com/watch?v=X7bRikS7C3o,YouTube
14787,,
14788,,
14789,https://www.youtube.com/watch?v=t-0XuYxh67w,YouTube
14790,https://www.youtube.com/watch?v=-OFKC3nv0oQ,YouTube
14791,https://www.youtube.com/watch?v=Us-5iN5aFqE,YouTube
14792,https://www.youtube.com/watch?v=uSDNZeRX_1Y,YouTube
14793,https://www.youtube.com/watch?v=2NvTjCELbrk,YouTube
14794,https://www.youtube.com/watch?v=vZPi0K6UoP8,YouTube
14795,https://www.youtube.com/watch?v=z8h3LVb8cl8,YouTube
14796,https://www.youtube.com/watch?v=ssWbGKTgXFc,YouTube
14797,https://www.youtube.com/watch?v=b5_tLazM1_Q,YouTube
14798,https://www.youtube.com/watch?v=YmIIHsPa2F8,YouTube
14799,https://www.youtube.com/watch?v=GuPCP7yzqc8,YouTube
14800,https://www.youtube.com/watch?v=InR865IDDjU,YouTube
14801,https://www.youtube.com/watch?v=xZ96tl5MrfU,YouTube
14802,https://www.youtube.com/watch?v=PlkWVkpP59U,YouTube
14803,https://www.youtube.com/watch?v=oTXOxLI0kVQ,YouTube
14804,https://www.youtube.com/watch?v=TZe1Qz2twbE,YouTube
14805,https://www.youtube.com/watch?v=fKwjU_pSSW4,YouTube
14806,https://www.youtube.com/watch?v=ORMcpzpmLTU,YouTube
14807,https://www.youtube.com/watch?v=vIpqpRuGrq4,YouTube
14808,https://www.youtube.com/watch?v=apyfeNwsTu4,YouTube
14809,https://www.youtube.com/watch?v=9O1Iy9od7-A,YouTube
14810,https://www.youtube.com/watch?v=07XbSk7Rjt4,YouTube
14811,https://www.youtube.com/watch?v=sYJ5LDoWRT4,YouTube
14812,https://www.youtube.com/watch?v=MdENmefJRpw,YouTube
14813,https://www.youtube.com/watch?v=FQ63rqSRrEI,YouTube
14814,https://www.youtube.com/watch?v=cSo0k5a0l0w,YouTube
14815,https://www.youtube.com/watch?v=fnXzKwUgDhg,YouTube
14816,https://www.youtube.com/watch?v=BoohRoVA9WQ,YouTube
14817,https://www.youtube.com/watch?v=msxe3yJPfyY,YouTube
14818,,
14819,,
14820,https://www.youtube.com/watch?v=tFueYFS9rB4,YouTube
14821,https://www.youtube.com/watch?v=_jo2uiLCtJs,YouTube
14822,https://www.youtube.com/watch?v=0ZI67ux7aJY,YouTube
14823,https://www.youtube.com/watch?v=YxLbHHYGzkg,YouTube
14824,https://www.youtube.com/watch?v=82vCpAgBpoc,YouTube
14825,https://www.youtube.com/watch?v=17XqBdCiHOI,YouTube
14826,https://www.youtube.com/watch?v=UPSPj3kx3Cc,YouTube
14827,https://www.youtube.com/watch?v=Ul19Dx8CKJk,YouTube
14828,,
14829,https://www.youtube.com/watch?v=bqMZl1p3mUQ,YouTube
14830,https://www.youtube.com/watch?v=qjCQmpNkBI4,YouTube
14831,https://www.youtube.com/watch?v=vcqcmib3eKI,YouTube
14832,https://www.youtube.com/watch?v=Spx-Mx3xhYY,YouTube
14833,,
14834,https://www.youtube.com/watch?v=0FIm5ATyAY0,YouTube
14835,https://www.youtube.com/watch?v=p_TDzemiYu4,YouTube
14836,,
14837,https://www.youtube.com/watch?v=PmS3ePcA6VU,YouTube
14838,https://www.youtube.com/watch?v=I5kzcwcQA1Q,YouTube
14839,,
14840,https://www.youtube.com/watch?v=FHtCaVtryiE,YouTube
14841,https://www.youtube.com/watch?v=iLMnslWrM2s,YouTube
14842,,
14843,,
14844,https://www.youtube.com/watch?v=oIqnESZW0qc,YouTube
14845,https://www.youtube.com/watch?v=enJYNuWBJ9g,YouTube
14846,https://www.youtube.com/watch?v=edR_niqKp1Q,YouTube
14847,,
14848,https://www.youtube.com/watch?v=q-YPoBU7_aQ,YouTube
14849,https://www.youtube.com/watch?v=DvsZtGxsvV0,YouTube
14850,https://www.youtube.com/watch?v=HgNiFN_gttA,YouTube
14851,,
14852,https://www.youtube.com/watch?v=280qnrHpuc8,YouTube
14853,https://www.youtube.com/watch?v=HnLHmGzByPA,YouTube
14854,,
14855,https://www.youtube.com/watch?v=VW-F1H-Nonk,YouTube
14856,https://www.youtube.com/watch?v=v_Ma_dsG-zo,YouTube
14857,https://www.youtube.com/watch?v=QboGT3v7c5A,YouTube
14858,https://www.youtube.com/watch?v=ajwlyS8yIEw,YouTube
14859,https://www.youtube.com/watch?v=GmQqhuKmECc,YouTube
14860,https://www.youtube.com/watch?v=8yjOXMTa6vA,YouTube
14861,https://www.youtube.com/watch?v=RrQOMKTD4jY,YouTube
14862,,
14863,https://www.youtube.com/watch?v=N41QJ0VCs68,YouTube
14864,,
14865,,
14866,https://www.youtube.com/watch?v=DgZvrCY5-2Y,YouTube
14867,https://www.youtube.com/watch?v=ni4tEtuTccc,YouTube
14868,https://www.youtube.com/watch?v=ePU2Ux9JIMM,YouTube
14869,https://www.youtube.com/watch?v=Op9iQiB_ANI,YouTube
14870,https://www.youtube.com/watch?v=EEYqgyXyk9A,YouTube
14871,https://www.youtube.com/watch?v=yhBpgqXwrt8,YouTube
14872,https://www.youtube.com/watch?v=4eaZ_48ZYog,YouTube
14873,,
14874,https://www.youtube.com/watch?v=_kbQAJR9YWQ,YouTube
14875,,
14876,,
14877,,
14878,,
14879,https://www.youtube.com/watch?v=XMG9HawX1do,YouTube
14880,,
14881,https://www.youtube.com/watch?v=it5XICr93wU,YouTube
14882,,
14883,https://www.youtube.com/watch?v=Lc91iQ1Ivjo,YouTube
14884,https://www.youtube.com/watch?v=RuCdCD-WXnM,YouTube
14885,https://www.youtube.com/watch?v=BFx00dpfApQ,YouTube
14886,https://www.youtube.com/watch?v=EkJq5RPu-EY,YouTube
14887,https://www.youtube.com/watch?v=YQUkX_XowqI,YouTube
14888,https://www.youtube.com/watch?v=-JZ_moituIo,YouTube
14889,https://www.youtube.com/watch?v=fJJQ44fdDws,YouTube
14890,https://www.youtube.com/watch?v=YCrqh3aF8gc,YouTube
14891,,
14892,https://www.youtube.com/watch?v=VFwHs7fEUNs,YouTube
14893,https://www.youtube.com/watch?v=bXcpwJbXT7o,YouTube
14894,https://www.youtube.com/watch?v=vPVIja8ATHU,YouTube
14895,https://www.youtube.com/watch?v=R_C_dPHEWN0,YouTube
14896,https://www.youtube.com/watch?v=jNT92z4NGSQ,YouTube
14897,https://www.youtube.com/watch?v=qwqCTjl6IJI,YouTube
14898,https://www.youtube.com/watch?v=8IAIJQpQuSM,YouTube
14899,https://www.youtube.com/watch?v=AGH5w7cXGl8,YouTube
14900,https://www.youtube.com/watch?v=1oevR8c35Qk,YouTube
14901,https://www.youtube.com/watch?v=pPi8EQzJ2Bg,YouTube
14902,https://www.youtube.com/watch?v=jo18VIoR2xU,YouTube
14903,,
14904,https://www.youtube.com/watch?v=SyYESEvDNIg,YouTube
14905,https://www.youtube.com/watch?v=K8lvOWt-jp4,YouTube
14906,,
14907,https://www.youtube.com/watch?v=trjtw_ZwzR0,YouTube
14908,https://www.youtube.com/watch?v=3DC7xLjkqXo,YouTube
14909,https://www.youtube.com/watch?v=7bZFr2IA0Bo,YouTube
14910,,
14911,,
14912,https://www.youtube.com/watch?v=DuTlpSfptO0,YouTube
14913,https://www.youtube.com/watch?v=TS8Pl4tsJGQ,YouTube
14914,https://www.youtube.com/watch?v=uSbWTgIoz4g,YouTube
14915,https://www.youtube.com/watch?v=y4x6xADsOX8,YouTube
14916,https://www.youtube.com/watch?v=yaRw4auU2kQ,YouTube
14917,,
14918,https://www.youtube.com/watch?v=ayvHRgYNvzU,YouTube
14919,https://www.youtube.com/watch?v=BHLkkTC4pP8,YouTube
14920,https://www.youtube.com/watch?v=N-xUVK1ppq4,YouTube
14921,https://www.youtube.com/watch?v=Orp0MoLkpSU,YouTube
14922,,
14923,,
14924,,
14925,https://www.youtube.com/watch?v=3Io-Hfflq8k,YouTube
14926,https://www.youtube.com/watch?v=yXAg6PIe8pI,YouTube
14927,https://www.youtube.com/watch?v=pra0Mwr0ao8,YouTube
14928,https://www.youtube.com/watch?v=k9zSSgmv9wk,YouTube
14929,https://www.youtube.com/watch?v=RA76b5Hhvxg,YouTube
14930,https://vimeo.com/92226142,Vimeo
14931,,
14932,https://www.youtube.com/watch?v=7uaYhPpV7G4,YouTube
14933,,
14934,,
14935,,
14936,https://www.youtube.com/watch?v=tMKlfGxzZD4,YouTube
14937,https://www.youtube.com/watch?v=LhCKXJNGzN8,YouTube
14938,https://www.youtube.com/watch?v=u93-GJrz1xo,YouTube
14939,https://www.youtube.com/watch?v=mlNwXuHUA8I,YouTube
14940,https://www.youtube.com/watch?v=CjwFVkAYZts,YouTube
14941,https://www.youtube.com/watch?v=Nlt9i4gfS48,YouTube
14942,,
14943,https://www.youtube.com/watch?v=mSbrULyuyAw,YouTube
14944,https://www.youtube.com/watch?v=DKfiK-wCgFA,YouTube
14945,https://www.youtube.com/watch?v=zVCozSQj8TQ,YouTube
14946,,
14947,https://www.youtube.com/watch?v=dYqx5vFA6is,YouTube
14948,https://www.youtube.com/watch?v=rLHxbemvpxY,YouTube
14949,,
14950,https://www.youtube.com/watch?v=SxqUoUvNBXY,YouTube
14951,,
14952,https://www.youtube.com/watch?v=O7zvehDxttM,YouTube
14953,,
14954,,
14955,https://www.youtube.com/watch?v=iFFas72-dTY,YouTube
14956,https://www.youtube.com/watch?v=LPI47v23wo0,YouTube
14957,https://www.youtube.com/watch?v=pnzLRDDijW0,YouTube
14958,,
14959,https://www.youtube.com/watch?v=D07XjD5L_e8,YouTube
14960,,
14961,https://www.youtube.com/watch?v=JeqT2NvTFSw,YouTube
14962,,
14963,https://www.youtube.com/watch?v=GvsExrARHnI,YouTube
14964,https://www.youtube.com/watch?v=OmFTjvdrfyY,YouTube
14965,https://www.youtube.com/watch?v=AXgyoER0aRc,YouTube
14966,,
14967,,
14968,https://www.youtube.com/watch?v=NwBurZ_f-vY,YouTube
14969,https://www.youtube.com/watch?v=P6p01-in6-k,YouTube
14970,https://www.youtube.com/watch?v=qShNioFXXwM,YouTube
14971,,
14972,https://www.youtube.com/watch?v=aNQqoExfQsg,YouTube
14973,,
14974,https://www.youtube.com/watch?v=x9STUnqrE_c,YouTube
14975,https://www.youtube.com/watch?v=30-bg7ukP9g,YouTube
14976,https://www.youtube.com/watch?v=2iQuhsmtfHw,YouTube
14977,https://www.youtube.com/watch?v=8m9EVP8X7N8,YouTube
14978,https://www.youtube.com/watch?v=0cPJ1ifjBDs,YouTube
14979,,
14980,https://www.youtube.com/watch?v=2ywOPNNii9w,YouTube
14981,,
14982,,
14983,,
14984,https://www.youtube.com/watch?v=e1vPYM1d3wo,YouTube
14985,https://www.youtube.com/watch?v=RLUffv4c6rw,YouTube
14986,,
14987,https://www.youtube.com/watch?v=A2oDiEVXuDo,YouTube
14988,https://www.youtube.com/watch?v=KGEDVTiI6E4,YouTube
14989,https://www.youtube.com/watch?v=TYSsoc5_uek,YouTube
14990,https://www.youtube.com/watch?v=NXX51rOSHuE,YouTube
14991,,
14992,https://www.youtube.com/watch?v=GE5aHKJp6HI,YouTube
14993,,
14994,https://www.youtube.com/watch?v=2SmmxvHLsKk,YouTube
14995,,
14996,https://www.youtube.com/watch?v=-yE7XSLJVWM,YouTube
14997,,
14998,,
14999,https://www.youtube.com/watch?v=wYbXWzef1RM,YouTube
15000,https://www.youtube.com/watch?v=165tXUPESnk,YouTube
15001,https://www.youtube.com/watch?v=fq4qP2oSpIA,YouTube
15002,https://www.youtube.com/watch?v=BehhBCBSplY,YouTube
15003,,
15004,,
15005,https://www.youtube.com/watch?v=K0SKf0K3bxg,YouTube
15006,https://www.youtube.com/watch?v=EhLZ-lBNkr4,YouTube
15007,,
15008,https://www.youtube.com/watch?v=2w4pdDkYEAg,YouTube
15009,https://www.youtube.com/watch?v=0RBIY7Uts6s,YouTube
15010,https://www.youtube.com/watch?v=TQkG2x3qTf4,YouTube
15011,https://www.youtube.com/watch?v=zUniG6F_RzY,YouTube
15012,,
15013,,
15014,,
15015,https://www.youtube.com/watch?v=-VJmjBYvc6Q,YouTube
15016,https://www.youtube.com/watch?v=PaY8EeUYh10,YouTube
15017,https://www.youtube.com/watch?v=IfcHoXTlMX0,YouTube
15018,,
15019,https://www.youtube.com/watch?v=1AJxXQ7xojE,YouTube
15020,https://www.youtube.com/watch?v=z7jIOawq8y8,YouTube
15021,https://www.youtube.com/watch?v=7Ikfz-S6Tjo,YouTube
15022,https://www.youtube.com/watch?v=uTJ3pUXoCcY,YouTube
15023,https://www.youtube.com/watch?v=HIoctqfxNYY,YouTube
15024,https://www.youtube.com/watch?v=j2vMvyQeb1U,YouTube
15025,,
15026,,
15027,https://www.youtube.com/watch?v=y98AuG2-yU4,YouTube
15028,,
15029,https://www.youtube.com/watch?v=ieqidYFPRA4,YouTube
15030,https://www.youtube.com/watch?v=bcEdhBx6U9c,YouTube
15031,https://www.youtube.com/watch?v=qw6yApBMH2U,YouTube
15032,,
15033,https://www.youtube.com/watch?v=9QDtDtj0WcM,YouTube
15034,https://www.youtube.com/watch?v=XFQN3biQ4x8,YouTube
15035,https://www.youtube.com/watch?v=iJ_Fo0tXmDU,YouTube
15036,https://www.youtube.com/watch?v=7E_Sg27AXC8,YouTube
15037,https://www.youtube.com/watch?v=KlB_Ttvug3Q,YouTube
15038,https://www.youtube.com/watch?v=XEkeZhWbW7U,YouTube
15039,https://www.youtube.com/watch?v=g0GMzQwO2l0,YouTube
15040,https://www.youtube.com/watch?v=mj6i_Z1Srsw,YouTube
15041,,
15042,https://www.youtube.com/watch?v=jj6wcUes1no,YouTube
15043,,
15044,https://www.youtube.com/watch?v=vUcfuVj1HEY,YouTube
15045,,
15046,https://www.youtube.com/watch?v=-iKW3vldhw0,YouTube
15047,,
15048,https://www.youtube.com/watch?v=1m-4qxz08So,YouTube
15049,https://www.youtube.com/watch?v=4ZhSjX4Mjag,YouTube
15050,https://www.youtube.com/watch?v=znESQTt3L80,YouTube
15051,https://www.youtube.com/watch?v=PMA-taGtfXs,YouTube
15052,,
15053,https://www.youtube.com/watch?v=qm8vVSUnUWs,YouTube
15054,,
15055,,
15056,https://www.youtube.com/watch?v=5BHHUBZf7y4,YouTube
15057,,
15058,https://www.youtube.com/watch?v=Jj3mIhLF2kU,YouTube
15059,,
15060,https://www.youtube.com/watch?v=fq2FZdvQXXg,YouTube
15061,https://www.youtube.com/watch?v=HqlxWZNeWNk,YouTube
15062,,
15063,,
15064,https://www.youtube.com/watch?v=ReIJ1lbL-Q8,YouTube
15065,https://www.youtube.com/watch?v=-Hsl5UG9O_c,YouTube
15066,https://www.youtube.com/watch?v=EAe-1Lv1KYU,YouTube
15067,https://www.youtube.com/watch?v=mfmrPu43DF8,YouTube
15068,,
15069,https://www.youtube.com/watch?v=bZMyY0WuwyY,YouTube
15070,https://www.youtube.com/watch?v=fpj7i2CPt8M,YouTube
15071,https://www.youtube.com/watch?v=XBEVwaJEgaA,YouTube
15072,https://www.youtube.com/watch?v=P2g94xQmtHw,YouTube
15073,,
15074,,
15075,https://www.youtube.com/watch?v=9wJ-zm1aVZM,YouTube
15076,https://www.youtube.com/watch?v=vy5pt3FT5Tk,YouTube
15077,https://www.youtube.com/watch?v=nEBg3J1v7k8,YouTube
15078,https://www.youtube.com/watch?v=tHhRP0FFfNg,YouTube
15079,https://www.youtube.com/watch?v=8le1TolgKRE,YouTube
15080,https://www.youtube.com/watch?v=TR5E7Kuty3o,YouTube
15081,,
15082,https://www.youtube.com/watch?v=Gw0qH34cbRE,YouTube
15083,https://www.youtube.com/watch?v=vIBBVzy5UoQ,YouTube
15084,https://www.youtube.com/watch?v=LRIZ4mCi5Ps,YouTube
15085,https://www.youtube.com/watch?v=YdxCnCvCngk,YouTube
15086,https://www.youtube.com/watch?v=aIBsnOyJB7Y,YouTube
15087,https://www.youtube.com/watch?v=AsazQGwqTQw,YouTube
15088,https://www.youtube.com/watch?v=NBYj5Lk5eNs,YouTube
15089,https://www.youtube.com/watch?v=xk0XY83eEuM,YouTube
15090,,
15091,https://www.youtube.com/watch?v=-jAbatBqqSc,YouTube
15092,https://www.youtube.com/watch?v=RYjnanieeMQ,YouTube
15093,https://www.youtube.com/watch?v=MpMGQgXbOgA,YouTube
15094,https://www.youtube.com/watch?v=tGpTpVyI_OQ,YouTube
15095,,
15096,https://www.youtube.com/watch?v=8VZ7bKZ4FWE,YouTube
15097,,
15098,,
15099,https://www.youtube.com/watch?v=Ke3ZSQe8SiM,YouTube
15100,https://www.youtube.com/watch?v=pOafIB3KqkM,YouTube
15101,,
15102,,
15103,,
15104,https://www.youtube.com/watch?v=NurMqWtRSpY,YouTube
15105,https://www.youtube.com/watch?v=jlx4n_ibNZE,YouTube
15106,https://www.youtube.com/watch?v=wpSGFets1oM,YouTube
15107,https://www.youtube.com/watch?v=lJeOIpxUZHk,YouTube
15108,https://www.youtube.com/watch?v=lfjROoB2O-A,YouTube
15109,https://www.youtube.com/watch?v=t_geoGvIuek,YouTube
15110,,
15111,https://www.youtube.com/watch?v=MZC-s2oNLT0,YouTube
15112,https://www.youtube.com/watch?v=8KtYRALe-xo,YouTube
15113,https://www.youtube.com/watch?v=uX0N972soEg,YouTube
15114,https://www.youtube.com/watch?v=LMPyILBePfI,YouTube
15115,https://www.youtube.com/watch?v=cbw9hlBnG74,YouTube
15116,https://www.youtube.com/watch?v=FBd5_gFPxME,YouTube
15117,https://www.youtube.com/watch?v=Qn3fDvUXFps,YouTube
15118,https://www.youtube.com/watch?v=TYGXe5ggBx0,YouTube
15119,,
15120,https://www.youtube.com/watch?v=r5X-hFf6Bwo,YouTube
15121,https://www.youtube.com/watch?v=vP0cUBi4hwE,YouTube
15122,https://www.youtube.com/watch?v=Slj4-Sv-YNA,YouTube
15123,,
15124,https://www.youtube.com/watch?v=XhHgYnAZGpI,YouTube
15125,,
15126,https://www.youtube.com/watch?v=Ssojwbvb7RE,YouTube
15127,https://www.youtube.com/watch?v=6IVKAAsqcrI,YouTube
15128,https://www.youtube.com/watch?v=xebFl_liB1E,YouTube
15129,https://www.youtube.com/watch?v=TEgMH16DYN8,YouTube
15130,https://www.youtube.com/watch?v=RVdWq9jxejI,YouTube
15131,https://www.youtube.com/watch?v=yrrkQFf6QvI,YouTube
15132,https://www.youtube.com/watch?v=AIzbwV7on6Q,YouTube
15133,,
15134,https://www.youtube.com/watch?v=8u_gSd9eIO8,YouTube
15135,,
15136,https://www.youtube.com/watch?v=CKxKB3IFdIs,YouTube
15137,,
15138,,
15139,https://www.youtube.com/watch?v=GLPJSmUHZvU,YouTube
15140,,
15141,,
15142,https://www.youtube.com/watch?v=8K0k0EkgXdk,YouTube
15143,,
15144,,
15145,https://www.youtube.com/watch?v=sTv-GMuSokI,YouTube
15146,https://www.youtube.com/watch?v=I3s-Ca73utM,YouTube
15147,,
15148,https://www.youtube.com/watch?v=2xOUCZH14Is,YouTube
15149,https://www.youtube.com/watch?v=qv-6dNqqnMA,YouTube
15150,,
15151,,
15152,,
15153,https://www.youtube.com/watch?v=S2JQJVdV8HQ,YouTube
15154,,
15155,https://www.youtube.com/watch?v=pxMqPET1uU0,YouTube
15156,https://www.youtube.com/watch?v=ucmnTmYpGhI,YouTube
15157,https://www.youtube.com/watch?v=n-9eUXSzZNk,YouTube
15158,https://www.youtube.com/watch?v=nGoe7BdGdlg,YouTube
15159,,
15160,https://www.youtube.com/watch?v=axLcfpj7xeU,YouTube
15161,,
15162,https://www.youtube.com/watch?v=r0fq5dd0C60,YouTube
15163,https://www.youtube.com/watch?v=Bzz4EQ2NmpQ,YouTube
15164,https://www.youtube.com/watch?v=bMjo5f9eiX8,YouTube
15165,https://www.youtube.com/watch?v=2A63Ly0Pvpk,YouTube
15166,https://www.youtube.com/watch?v=DqQe3OrsMKI,YouTube
15167,,
15168,https://www.youtube.com/watch?v=c9Q3c98IMZg,YouTube
15169,,
15170,,
15171,,
15172,,
15173,,
15174,,
15175,,
15176,https://www.youtube.com/watch?v=e7t9tFVhhfY,YouTube
15177,,
15178,https://www.youtube.com/watch?v=Xj259Pi_vrA,YouTube
15179,https://www.youtube.com/watch?v=nqkPOPyiF3Q,YouTube
15180,https://www.youtube.com/watch?v=wb8WVubDmho,YouTube
15181,https://www.youtube.com/watch?v=hx0_F3I10ws,YouTube
15182,https://www.youtube.com/watch?v=xM8lwvcKL4s,YouTube
15183,https://www.youtube.com/watch?v=01IYDy2Gdk4,YouTube
15184,https://www.youtube.com/watch?v=qxJpe8d2dBQ,YouTube
15185,https://www.youtube.com/watch?v=CmHPpl5FNh8,YouTube
15186,,
15187,https://www.youtube.com/watch?v=dg3LWY70rvw,YouTube
15188,https://www.youtube.com/watch?v=tT9kbzKDE4U,YouTube
15189,https://www.youtube.com/watch?v=t-zMX7Lk0tE,YouTube
15190,https://www.youtube.com/watch?v=HYoTGYT0-I4,YouTube
15191,,
15192,https://www.youtube.com/watch?v=DEa508Xmmio,YouTube
15193,https://www.youtube.com/watch?v=APUqyhgtCfk,YouTube
15194,https://www.youtube.com/watch?v=IzWbjvuIgAc,YouTube
15195,https://www.youtube.com/watch?v=8VoPV8_s9Ec,YouTube
15196,,
15197,https://www.youtube.com/watch?v=Uy1ay369Jiw,YouTube
15198,,
15199,https://www.youtube.com/watch?v=rWiBztGfgO8,YouTube
15200,,
15201,,
15202,,
15203,https://www.youtube.com/watch?v=i9VT_NBIVfs,YouTube
15204,https://www.youtube.com/watch?v=aeVkbNka9HM,YouTube
15205,https://www.youtube.com/watch?v=jyPnQw_Lqds,YouTube
15206,https://www.youtube.com/watch?v=8hGumf6E5TQ,YouTube
15207,https://www.youtube.com/watch?v=_w_BPRUdmsQ,YouTube
15208,https://www.youtube.com/watch?v=L3Z0GFMjR5E,YouTube
15209,,
15210,,
15211,https://www.youtube.com/watch?v=LxwPUSWRaJo,YouTube
15212,https://www.youtube.com/watch?v=HpD65G6QPYQ,YouTube
15213,https://www.youtube.com/watch?v=hZxJzhIPTTg,YouTube
15214,,
15215,https://www.youtube.com/watch?v=BNi-ebCWXos,YouTube
15216,https://www.youtube.com/watch?v=uxjNDE2fMjI,YouTube
15217,https://www.youtube.com/watch?v=FF_rYNupPwg,YouTube
15218,https://www.youtube.com/watch?v=o_lM68xXLvo,YouTube
15219,https://www.youtube.com/watch?v=-rAACNt12Rc,YouTube
15220,,
15221,https://www.youtube.com/watch?v=dlNZo10pCts,YouTube
15222,,
15223,https://www.youtube.com/watch?v=B1wp2MQCsfQ,YouTube
15224,,
15225,https://www.youtube.com/watch?v=keZXGaDvK2s,YouTube
15226,https://www.youtube.com/watch?v=hXfbVIFc6t4,YouTube
15227,https://www.youtube.com/watch?v=aRVD3nURewE,YouTube
15228,https://www.youtube.com/watch?v=e_b2QVAVRpc,YouTube
15229,https://www.youtube.com/watch?v=xQvaoRScND4,YouTube
15230,,
15231,https://www.youtube.com/watch?v=eGC1cUyYXHo,YouTube
15232,https://www.youtube.com/watch?v=mMRJonfmQY0,YouTube
15233,https://www.youtube.com/watch?v=rsBx_eTVSpQ,YouTube
15234,https://www.youtube.com/watch?v=L7wjZZDmyhY,YouTube
15235,https://www.youtube.com/watch?v=nAYUv9wjV48,YouTube
15236,https://www.youtube.com/watch?v=itPTyd3DkEw,YouTube
15237,https://www.youtube.com/watch?v=B8_dgqfPXFg,YouTube
15238,https://www.youtube.com/watch?v=kzKajYGKMY4,YouTube
15239,https://www.youtube.com/watch?v=CewglxElBK0,YouTube
15240,https://www.youtube.com/watch?v=DhFWPyzWrGA,YouTube
15241,,
15242,,
15243,https://www.youtube.com/watch?v=GuyNP-XyFHs,YouTube
15244,,
15245,https://www.youtube.com/watch?v=xFsxLyK6lts,YouTube
15246,https://www.youtube.com/watch?v=KSTJsjEaUaw,YouTube
15247,https://www.youtube.com/watch?v=kj5NHXDvKKM,YouTube
15248,https://www.youtube.com/watch?v=AE4BdijGtu4,YouTube
15249,https://www.youtube.com/watch?v=Z6DJSGrfNbk,YouTube
15250,https://www.youtube.com/watch?v=M3YVTgTl-F0,YouTube
15251,https://www.youtube.com/watch?v=CRQdnPgZuH8,YouTube
15252,https://www.youtube.com/watch?v=cBGZbm8ipPc,YouTube
15253,,
15254,,
15255,,
15256,https://www.youtube.com/watch?v=I18wDlx6WzI,YouTube
15257,https://www.youtube.com/watch?v=2GfBkC3qs78,YouTube
15258,https://www.youtube.com/watch?v=urFY3jp759c,YouTube
15259,,
15260,,
15261,https://www.youtube.com/watch?v=DgLZGPfxpkM,YouTube
15262,,
15263,https://www.youtube.com/watch?v=fLOeH-Oq_1Y,YouTube
15264,https://www.youtube.com/watch?v=NcW73CYMxaw,YouTube
15265,https://www.youtube.com/watch?v=x9RvyOjnyxk,YouTube
15266,https://www.youtube.com/watch?v=yAQcwKY0Dik,YouTube
15267,https://www.youtube.com/watch?v=leEo3cXOyko,YouTube
15268,,
15269,https://www.youtube.com/watch?v=GahC5cVsU6A,YouTube
15270,https://www.youtube.com/watch?v=2tc-RPjZRm8,YouTube
15271,https://www.youtube.com/watch?v=FC6biTjEyZw,YouTube
15272,https://www.youtube.com/watch?v=U2p1u13R-eE,YouTube
15273,,
15274,https://www.youtube.com/watch?v=ZYxO2ODedhA,YouTube
15275,https://www.youtube.com/watch?v=E-fGUgMK9bI,YouTube
15276,https://www.youtube.com/watch?v=scWkP1GdnuU,YouTube
15277,https://www.youtube.com/watch?v=b_KllgySsPo,YouTube
15278,https://www.youtube.com/watch?v=86RkglA5nMI,YouTube
15279,,
15280,,
15281,,
15282,,
15283,https://www.youtube.com/watch?v=dgC9Q0uhX70,YouTube
15284,,
15285,,
15286,,
15287,https://www.youtube.com/watch?v=OpCgaYWYkgs,YouTube
15288,,
15289,https://www.youtube.com/watch?v=m1OCLApuHjE,YouTube
15290,https://www.youtube.com/watch?v=WCN5JJY_wiA,YouTube
15291,https://www.youtube.com/watch?v=PQ5RCk1iCY8,YouTube
15292,https://www.youtube.com/watch?v=5y7q5b3WyEc,YouTube
15293,https://www.youtube.com/watch?v=1WCVzEAa38c,YouTube
15294,https://www.youtube.com/watch?v=GOc01_Ty1eQ,YouTube
15295,https://www.youtube.com/watch?v=w83W4ug5HTw,YouTube
15296,https://www.youtube.com/watch?v=tLhMJFw5HVQ,YouTube
15297,,
15298,https://www.youtube.com/watch?v=sGeryipovw0,YouTube
15299,https://www.youtube.com/watch?v=EM6LxJkcrKg,YouTube
15300,https://www.youtube.com/watch?v=BMOpyl14mII,YouTube
15301,https://www.youtube.com/watch?v=mYVb4OLk4NQ,YouTube
15302,https://www.youtube.com/watch?v=LwqQ0h-cWDU,YouTube
15303,https://www.youtube.com/watch?v=ozRK7VXQl-k,YouTube
15304,https://www.youtube.com/watch?v=Y_Pyp0liDeE,YouTube
15305,https://www.youtube.com/watch?v=twB2zAOzsKE,YouTube
15306,https://www.youtube.com/watch?v=9d8BvjcSSUw,YouTube
15307,https://www.youtube.com/watch?v=6NuyXTNQsJY,YouTube
15308,,
15309,https://www.youtube.com/watch?v=XROEPkzyCRg,YouTube
15310,https://www.youtube.com/watch?v=WR0W2L4TLsM,YouTube
15311,https://www.youtube.com/watch?v=NUQ9_q6v4M4,YouTube
15312,https://www.youtube.com/watch?v=q3tq4-IXA0M,YouTube
15313,https://www.youtube.com/watch?v=0X7tu0PmJr4,YouTube
15314,https://www.youtube.com/watch?v=M7UD_WThLME,YouTube
15315,,
15316,https://www.youtube.com/watch?v=uU-ET1FAv3Y,YouTube
15317,https://www.youtube.com/watch?v=0fMow1FdboY,YouTube
15318,https://www.youtube.com/watch?v=kI9fYsgduGE,YouTube
15319,https://www.youtube.com/watch?v=5YnGhW4UEhc,YouTube
15320,https://www.youtube.com/watch?v=R69laoH02xg,YouTube
15321,https://www.youtube.com/watch?v=Wjvc6VYwe0I,YouTube
15322,https://www.youtube.com/watch?v=Ca6hW4J7Jeo,YouTube
15323,https://www.youtube.com/watch?v=PFWAOnvMd1Q,YouTube
15324,https://www.youtube.com/watch?v=Y6U7mAnPtw4,YouTube
15325,https://www.youtube.com/watch?v=wBSg5HOpXgs,YouTube
15326,,
15327,,
15328,,
15329,,
15330,https://www.youtube.com/watch?v=rayI38YhpEc,YouTube
15331,https://www.youtube.com/watch?v=JsPW6Fj3BUI,YouTube
15332,https://www.youtube.com/watch?v=WBYdp2sOut0,YouTube
15333,https://www.youtube.com/watch?v=zutiIw_2e2g,YouTube
15334,,
15335,https://www.youtube.com/watch?v=37eE_lNyRks,YouTube
15336,https://www.youtube.com/watch?v=JYLdTuL9Wjw,YouTube
15337,,
15338,,
15339,https://www.youtube.com/watch?v=7exeVt7CaE4,YouTube
15340,https://www.youtube.com/watch?v=WIj9DYJ5EKk,YouTube
15341,,
15342,,
15343,https://www.youtube.com/watch?v=Gr9cSq0K2vA,YouTube
15344,https://www.youtube.com/watch?v=9j4htMPgjDc,YouTube
15345,,
15346,https://www.youtube.com/watch?v=9SNvuq7bULo,YouTube
15347,,
15348,,
15349,https://www.youtube.com/watch?v=sBJSfqdhyTg,YouTube
15350,https://www.youtube.com/watch?v=OUyYBrlF_W8,YouTube
15351,,
15352,,
15353,https://www.youtube.com/watch?v=4PqBTnqIHu4,YouTube
15354,https://www.youtube.com/watch?v=g2No2gXyLt8,YouTube
15355,,
15356,https://www.youtube.com/watch?v=Nxv0VLPy2_o,YouTube
15357,,
15358,https://www.youtube.com/watch?v=Kq02sBe5xko,YouTube
15359,,
15360,https://www.youtube.com/watch?v=OMCrHP-yszE,YouTube
15361,,
15362,,
15363,,
15364,https://www.youtube.com/watch?v=HIzvNSXXQWg,YouTube
15365,https://www.youtube.com/watch?v=ZaaLsOyUm_Q,YouTube
15366,https://www.youtube.com/watch?v=35b_UqGYZgw,YouTube
15367,https://www.youtube.com/watch?v=CEVkp5Je7m0,YouTube
15368,https://www.youtube.com/watch?v=KNbPnqyvItk,YouTube
15369,,
15370,,
15371,https://www.youtube.com/watch?v=p6wk1XySBTk,YouTube
15372,https://www.youtube.com/watch?v=hX5pXdUw8Is,YouTube
15373,,
15374,,
15375,https://www.youtube.com/watch?v=FZkIlAEbHi4,YouTube
15376,https://www.youtube.com/watch?v=5kQnlBW02tI,YouTube
15377,,
15378,,
15379,https://www.youtube.com/watch?v=QE7CGX1d6LU,YouTube
15380,,
15381,,
15382,https://www.youtube.com/watch?v=jfctYOkOCzo,YouTube
15383,https://www.youtube.com/watch?v=-rlFr2lu0IY,YouTube
15384,,
15385,https://www.youtube.com/watch?v=2UT5xaAfxWU,YouTube
15386,,
15387,https://www.youtube.com/watch?v=Sithad108Og,YouTube
15388,,
15389,,
15390,,
15391,https://www.youtube.com/watch?v=trN-9UMoHlg,YouTube
15392,https://www.youtube.com/watch?v=pMELrGHqKSo,YouTube
15393,https://www.youtube.com/watch?v=TWkrRTPtKss,YouTube
15394,https://www.youtube.com/watch?v=jsHR77oQKEY,YouTube
15395,https://www.youtube.com/watch?v=SpKbZ_3zlb0,YouTube
15396,https://www.youtube.com/watch?v=hvu2F6t26hs,YouTube
15397,https://www.youtube.com/watch?v=Sz-Abh8opLo,YouTube
15398,https://www.youtube.com/watch?v=zXhOZoDKZHY,YouTube
15399,,
15400,https://www.youtube.com/watch?v=C2_k8p3RQx4,YouTube
15401,https://www.youtube.com/watch?v=RMDZ8M47j0I,YouTube
15402,,
15403,https://www.youtube.com/watch?v=_4LSg8s5XF4,YouTube
15404,https://www.youtube.com/watch?v=mIE5HYkzvV0,YouTube
15405,,
15406,https://www.youtube.com/watch?v=4xPC1lEJ6Mg,YouTube
15407,,
15408,https://www.youtube.com/watch?v=pYrrEUgnT6s,YouTube
15409,,
15410,,
15411,,
15412,,
15413,https://www.youtube.com/watch?v=wlKIqbLhL7w,YouTube
15414,https://www.youtube.com/watch?v=qcHEDGs7eAY,YouTube
15415,https://www.youtube.com/watch?v=3qKlqsvKb6o,YouTube
15416,https://www.youtube.com/watch?v=gbRDCWKqvEc,YouTube
15417,https://www.youtube.com/watch?v=O21wD8Tzr2k,YouTube
15418,https://www.youtube.com/watch?v=tyqA2Dhcl-0,YouTube
15419,https://www.youtube.com/watch?v=mx0lo-xCljA,YouTube
15420,https://www.youtube.com/watch?v=Aau8CMHdKlM,YouTube
15421,https://www.youtube.com/watch?v=Dwpw7HJ-XaU,YouTube
15422,https://www.youtube.com/watch?v=Oj0KrQJrgTI,YouTube
15423,,
15424,https://www.youtube.com/watch?v=qqOPd5jKYG4,YouTube
15425,https://www.youtube.com/watch?v=zD5cwS7fbh8,YouTube
15426,https://www.youtube.com/watch?v=iv4SzMPlwp4,YouTube
15427,https://www.youtube.com/watch?v=lml3uGdL0RM,YouTube
15428,https://www.youtube.com/watch?v=fcCQ7xk8zzM,YouTube
15429,https://www.youtube.com/watch?v=v_m4OXrSpUM,YouTube
15430,https://www.youtube.com/watch?v=LbfMDwc4azU,YouTube
15431,https://www.youtube.com/watch?v=HvdNtZ5zPTs,YouTube
15432,https://www.youtube.com/watch?v=6PSSxAGSiCY,YouTube
15433,https://www.youtube.com/watch?v=GwcQYZkpZ-w,YouTube
15434,https://www.youtube.com/watch?v=gaBdgu00otE,YouTube
15435,https://www.youtube.com/watch?v=hsuKq5pNOcM,YouTube
15436,https://www.youtube.com/watch?v=wsHCoKGxjLk,YouTube
15437,,
15438,https://www.youtube.com/watch?v=RLkRbj8sv8E,YouTube
15439,https://www.youtube.com/watch?v=Djz0q-GeboM,YouTube
15440,https://www.youtube.com/watch?v=bUXjqQ4GKRg,YouTube
15441,https://www.youtube.com/watch?v=HXxWBgQk-zg,YouTube
15442,,
15443,https://www.youtube.com/watch?v=al9jfY7zOBY,YouTube
15444,,
15445,,
15446,,
15447,,
15448,https://www.youtube.com/watch?v=oEarZO6iPfI,YouTube
15449,https://www.youtube.com/watch?v=G1bGnTvZ0mA,YouTube
15450,https://www.youtube.com/watch?v=sFXGrTng0gQ,YouTube
15451,https://www.youtube.com/watch?v=wdnHJtqpxVo,YouTube
15452,,
15453,https://www.youtube.com/watch?v=MSZ3fg208QQ,YouTube
15454,https://www.youtube.com/watch?v=jX1m45CwvJ8,YouTube
15455,,
15456,https://www.youtube.com/watch?v=mvl-YyGRXmA,YouTube
15457,https://www.youtube.com/watch?v=Q_2AbjYeSMI,YouTube
15458,https://www.youtube.com/watch?v=2v9z9EACSnU,YouTube
15459,https://www.youtube.com/watch?v=4H_Eepvg3aU,YouTube
15460,https://www.youtube.com/watch?v=OdYt32WlvTY,YouTube
15461,https://www.youtube.com/watch?v=PQNLfo-SOR4,YouTube
15462,https://www.youtube.com/watch?v=VqaDZsHnpJA,YouTube
15463,https://www.youtube.com/watch?v=pXG7TJ6aPnM,YouTube
15464,https://www.youtube.com/watch?v=Y41fFj-P4jI,YouTube
15465,https://www.youtube.com/watch?v=jDDFNpj9xBQ,YouTube
15466,https://www.youtube.com/watch?v=SApIKVq1iJQ,YouTube
15467,,
15468,,
15469,,
15470,,
15471,,
15472,,
15473,,
15474,,
15475,,
15476,,
15477,,
15478,,
15479,,
15480,,
