MediaID,ProductionHouseID
1,1642
1,3724
2,15
2,3329
2,3952
3,2180
4,2180
5,2180
6,2180
7,2180
8,2180
9,2180
10,2180
11,2180
12,942
12,1915
13,55
13,993
14,2180
15,2180
16,662
16,2261
16,3343
17,3928
18,84
18,1149
18,2834
19,2180
20,2180
21,2180
22,2180
23,1900
24,2180
25,2180
26,2180
27,2180
28,2180
29,1556
29,1831
30,2180
31,2180
32,2180
33,2180
34,2180
35,2180
36,2180
37,2180
38,2180
39,2180
40,2180
41,2180
42,1826
43,2180
44,2180
45,2180
46,2180
47,2180
48,1178
48,2811
48,3077
49,2180
50,2180
51,2180
52,1423
52,2541
53,3194
54,2180
55,2287
56,2180
57,2180
58,2180
59,2180
60,2180
61,1617
61,3914
62,2180
63,2180
64,2180
65,1390
66,3572
67,2180
68,2180
69,3951
70,3813
71,2180
72,2180
73,2180
74,368
74,904
74,2724
74,3139
75,2180
76,1656
76,3254
77,2180
78,2180
79,2180
80,1504
81,3187
82,2180
83,3300
84,2180
85,2180
86,2180
87,2180
88,2180
89,2180
90,2180
91,2180
92,2180
93,2180
94,2180
95,2180
96,2180
97,331
97,2289
97,2798
97,3958
98,2180
99,2180
100,2180
101,2180
102,2180
103,2180
104,2180
105,2180
106,2180
107,2180
108,2180
109,2180
110,2618
111,2180
112,2180
113,2180
114,2180
115,2180
116,2180
117,2180
118,2180
119,2027
120,2180
121,2180
122,2180
123,1598
124,2180
125,2180
126,2180
127,2180
128,2180
129,2180
130,2180
131,3819
132,2180
133,2180
134,2180
135,2180
136,2180
137,1038
137,3958
138,2180
139,257
140,2180
141,1630
141,1657
142,575
143,2180
144,2180
145,3675
146,1634
146,3043
146,3299
146,3958
147,58
147,763
147,1915
148,2839
149,2180
150,2180
151,538
151,3435
151,3871
152,957
152,1079
152,2533
153,880
153,1178
153,3037
154,320
154,1198
154,2435
155,2180
156,528
156,2074
156,3133
157,2180
158,2180
159,2180
160,2180
161,2180
162,2180
163,2180
164,2068
165,2180
166,2180
167,2180
168,2180
169,2180
170,2620
171,2180
172,2180
173,2180
174,2180
175,2180
176,414
177,2180
178,2180
179,2180
180,2180
181,164
182,2180
183,3131
184,2180
185,1757
185,2285
185,2540
185,2963
186,2180
187,2180
188,82
189,2180
190,2238
191,2180
192,2180
193,2180
194,2180
195,2314
196,2180
197,2180
198,2180
199,2180
200,2180
201,2180
202,2180
203,2180
204,2180
205,1978
205,2301
206,2180
207,2180
208,2180
209,2180
210,2180
211,2830
212,2180
213,2180
214,656
215,3024
216,944
217,2180
218,2180
219,2180
220,3017
221,2180
222,2180
223,2180
224,2180
225,2180
226,2180
227,2180
228,2180
229,2180
230,2180
231,2180
232,2180
233,2180
234,1922
235,1953
236,2180
237,2180
238,3319
239,2180
240,2180
241,628
242,2180
243,2180
244,2180
245,3928
246,2180
247,2180
248,2180
249,2180
250,2180
251,2180
252,161
252,509
252,1979
252,2957
252,3881
253,1518
254,2941
255,2180
256,2180
257,2180
258,2180
259,2180
260,1756
261,2180
262,3236
262,3914
263,2180
264,2180
265,2180
266,2180
267,2180
268,2180
269,2180
270,2180
271,2180
272,2180
273,2180
274,2180
275,2180
276,1269
277,2010
278,2180
279,2180
280,3437
280,3844
281,2588
282,2180
283,2180
284,2180
285,650
285,808
285,1210
285,3953
286,2180
287,2180
288,2180
289,2180
290,2180
291,2180
292,2180
293,2180
294,2180
295,509
296,2180
297,2180
298,2180
299,2180
300,2180
301,2180
302,2180
303,2180
304,1556
305,2180
306,2180
307,3928
308,2180
309,186
309,698
310,2180
311,2180
312,281
312,455
312,3454
312,3746
312,3954
313,2180
314,2180
315,2180
316,2180
317,2180
318,2180
319,2180
320,2180
321,2180
322,2180
323,2180
324,127
325,2180
326,396
326,3616
327,2180
328,2180
329,2180
330,2180
331,2180
332,2180
333,2180
334,2180
335,2180
336,2180
337,2180
338,2180
339,2180
340,3813
341,2180
342,2180
343,2180
344,2180
345,2180
346,1218
346,2512
347,1902
347,2742
348,2180
349,2180
350,385
350,2612
351,2180
352,2180
353,2180
354,2180
355,2180
356,2180
357,2858
358,2180
359,2180
360,2180
361,2180
362,2180
363,2180
364,2180
365,1459
365,2803
366,2180
367,2180
368,2180
369,2180
370,2180
371,2180
372,2180
373,3385
374,2180
375,2180
376,2180
377,2180
378,2180
379,2180
380,2180
381,2180
382,2180
383,2180
384,2180
385,2180
386,2180
387,2180
388,2180
389,2180
390,2180
391,2180
392,2180
393,2180
394,2180
395,2180
396,2180
397,2180
398,566
398,703
398,3958
399,3604
400,223
400,2367
401,2180
402,2180
403,2180
404,2180
405,566
405,3813
406,2180
407,2180
408,2180
409,923
410,2180
411,2180
412,2180
413,2180
414,1080
415,2180
416,2180
417,2180
418,2424
419,2440
420,3240
421,3024
422,2180
423,2180
424,2180
425,721
425,830
425,873
425,945
425,1288
426,2180
427,2180
428,2180
429,3958
430,2180
431,2180
432,2180
433,2180
434,2180
435,2180
436,2180
437,2180
438,2180
439,2180
440,1414
440,1474
441,2180
442,2180
443,2180
444,2180
445,2327
445,2476
445,2502
445,3377
445,3773
446,2180
447,2180
448,2180
449,2180
450,2180
451,2180
452,1819
453,2180
454,2180
455,2180
456,2180
457,1556
458,2180
459,2180
460,1445
460,2778
460,3745
461,2180
462,517
462,685
462,826
462,938
462,3286
463,2180
464,2180
465,2180
466,2180
467,2180
468,2180
469,2180
470,2180
471,2180
472,339
473,2180
474,1145
475,2180
476,2180
477,3725
478,282
478,2628
478,3970
479,2180
480,2180
481,2180
482,2180
483,2180
484,1738
484,1820
484,2129
484,2880
484,3298
485,2180
486,2180
487,502
487,596
487,826
487,828
487,1760
487,2085
487,2448
487,2558
488,2180
489,2180
490,648
491,2180
492,2180
493,2180
494,2180
495,2180
496,2180
497,2180
498,3914
499,2180
500,2180
501,1492
501,2449
501,2632
501,3611
502,2180
503,3118
504,2180
505,2180
506,2180
507,2180
508,2180
509,2087
509,3191
509,3769
510,2180
511,2180
512,128
512,133
512,3632
513,2180
514,1826
514,3195
515,2180
516,2180
517,2180
518,2180
519,2180
520,2180
521,2180
522,2180
523,2180
524,2180
525,276
525,3863
526,2180
527,2180
528,669
529,2180
530,2180
531,2180
532,2180
533,1299
534,2180
535,2180
536,2180
537,2180
538,2180
539,2180
540,2180
541,2180
542,2180
543,2180
544,2180
545,2180
546,2180
547,814
548,2180
549,2180
550,2180
551,1684
551,3395
551,3622
551,3879
551,3952
552,2180
553,2180
554,2180
555,2180
556,668
556,2273
556,3813
557,2180
558,2180
559,2180
560,97
560,1108
560,1456
561,802
561,1495
561,3282
562,657
562,702
562,2159
563,2180
564,2180
565,2180
566,2180
567,2180
568,2180
569,2180
570,2180
571,311
571,692
571,1779
571,2321
572,2180
573,2180
574,2308
575,2637
576,543
577,2180
578,2180
579,2180
580,2180
581,2180
582,2180
583,2180
584,2180
585,2180
586,2180
587,2180
588,2180
589,3952
590,122
590,1243
590,1260
591,2283
592,2180
593,2180
594,2180
595,2180
596,2180
597,1528
598,2018
599,2180
600,628
601,2180
602,2180
603,2180
604,2180
605,2180
606,2180
607,2180
608,2180
609,2180
610,2180
611,2180
612,3198
612,3364
612,3577
613,2180
614,2180
615,2180
616,2180
617,2180
618,2180
619,2180
620,2180
621,490
621,813
621,1198
621,3217
622,2180
623,2180
624,2180
625,2180
626,2180
627,2180
628,2180
629,2180
630,2180
631,2180
632,2180
633,2180
634,2180
635,2180
636,2180
637,3526
638,2180
639,2180
640,2180
641,2894
642,2180
643,2180
644,2180
645,2180
646,94
646,134
646,2025
647,984
648,2180
649,2180
650,2180
651,2180
652,2180
653,2180
654,2180
655,2180
656,2180
657,2180
658,2180
659,2180
660,2180
661,1659
662,2180
663,2180
664,2180
665,1082
666,127
667,2180
668,2180
669,2180
670,2180
671,2180
672,2180
673,2180
674,721
674,1493
674,2736
675,2180
676,3402
677,1757
677,2588
678,2180
679,236
680,2180
681,2180
682,3914
683,2180
684,2180
685,3549
686,414
687,2180
688,1316
688,1919
688,2135
688,3512
689,2180
690,2180
691,766
691,2115
691,3058
691,3112
691,3363
692,2180
693,2180
694,2180
695,2180
696,2180
697,2518
697,2686
697,2711
697,3154
698,2180
699,2180
700,2544
701,2180
702,2180
703,2180
704,2180
705,2180
706,775
706,1198
706,1349
706,1366
706,1449
706,1511
706,1515
706,2132
706,2301
706,2933
706,3628
706,3680
706,3724
706,3875
706,3899
706,3923
707,2180
708,2180
709,2180
710,2180
711,2180
712,2180
713,3276
714,1687
715,2180
716,1040
716,2363
716,3689
717,2180
718,2180
719,2180
720,2180
721,1021
722,3448
723,2180
724,2180
725,2180
726,479
726,2943
726,3468
727,2180
728,2180
729,2180
730,2180
731,414
732,2180
733,2180
734,2180
735,2180
736,2180
737,3362
738,2180
739,2180
740,2180
741,2180
742,941
742,3386
743,2180
744,2180
745,2180
746,2180
747,2180
748,2180
749,2180
750,2180
751,693
751,3469
752,2180
753,2180
754,2180
755,2180
756,2180
757,2180
758,2180
759,2180
760,2180
761,2237
762,3762
763,1348
764,2894
765,2180
766,2180
767,2180
768,2180
769,2180
770,2180
771,2180
772,2180
773,2180
774,2180
775,2180
776,1086
777,2180
778,2180
779,2527
780,2180
781,2180
782,2180
783,9
783,2315
783,3792
784,1518
785,3125
786,2180
787,2180
788,2180
789,2180
790,2180
791,2180
792,2180
793,2180
794,2180
795,2180
796,2180
797,2180
798,2180
799,2180
800,2180
801,2180
802,2180
803,2180
804,2180
805,2180
806,2180
807,2180
808,2180
809,2180
810,2180
811,2180
812,2180
813,2180
814,628
815,2180
816,2180
817,2180
818,2180
819,2180
820,566
820,3277
821,2180
822,2180
823,909
823,1602
824,136
824,1720
824,3372
825,2615
825,3339
825,3914
826,2180
827,2180
828,2180
829,2180
830,2180
831,1136
831,2745
832,2180
833,2679
834,2679
835,2180
836,2180
837,2941
838,2679
839,2941
840,2180
841,2941
842,1556
843,2941
844,3039
845,2180
846,2941
847,2941
848,2180
849,2180
850,3039
851,2941
852,2941
853,1164
854,2679
855,2679
856,2180
857,2180
858,2180
859,2180
860,2941
860,3553
861,2180
862,2180
863,2180
864,2180
865,419
865,3378
865,3415
866,2180
867,3551
868,2180
869,2180
870,3159
871,2180
872,2180
873,2180
874,2180
875,1021
875,3526
876,2180
877,2180
878,1021
879,2180
880,2180
881,691
881,2231
881,2351
882,1021
882,2236
882,3526
883,490
883,1392
883,3149
884,2180
885,1092
885,2338
885,2880
886,2180
887,2180
888,2180
889,2180
890,2180
891,2180
892,2180
893,2180
894,2180
895,2180
896,3451
897,2180
898,2180
899,2180
900,2180
901,2180
902,2180
903,3090
904,2180
905,2180
906,2180
907,2180
908,2180
909,2180
910,2180
911,2180
912,2180
913,3234
914,2180
915,2180
916,2180
917,2180
918,2180
919,2180
920,2180
921,2180
922,2180
923,2180
924,2180
925,2180
926,2180
927,2180
928,2180
929,2180
930,2180
931,2180
932,1134
933,2180
934,2180
935,2180
936,2180
937,2180
938,2180
939,2419
940,2180
941,20
941,302
941,586
941,910
941,1198
941,1289
941,1560
941,1649
941,2475
941,2638
941,3716
942,2180
943,3512
944,2180
945,2180
946,2180
947,2180
948,2180
949,2180
950,2180
951,2364
951,2857
951,2949
951,3196
952,2180
953,2180
954,611
954,2098
955,2180
956,2180
957,2180
958,2180
959,2180
960,2180
961,2180
962,2180
963,2180
964,2534
965,2180
966,678
966,1223
966,1244
966,2159
966,2329
966,3559
967,844
967,1963
967,2804
968,2180
969,1223
969,1365
970,2180
971,2180
972,2831
973,1301
974,2180
975,2180
976,2180
977,2180
978,2180
979,2180
980,2180
981,1963
981,2553
982,1831
983,2180
984,2180
985,2180
986,1837
987,1025
987,1963
987,2158
987,3815
988,1022
989,2180
990,2180
991,2180
992,2180
993,2180
994,2180
995,2180
996,2180
997,2180
998,3928
999,2180
1000,2180
1001,2180
1002,2180
1003,2180
1004,2180
1005,2180
1006,2180
1007,1468
1007,2827
1008,2941
1009,2180
1010,2180
1011,1440
1011,3012
1011,3892
1012,2180
1013,1838
1013,2252
1013,3246
1014,2180
1015,3813
1016,2180
1017,2180
1018,2180
1019,2180
1020,2941
1021,2180
1022,2180
1023,2180
1024,2918
1025,2180
1026,2180
1027,1806
1028,3187
1029,2679
1030,2180
1031,2180
1032,2180
1033,2180
1034,2180
1035,2180
1036,2679
1037,2180
1038,1904
1039,2180
1040,2180
1041,2180
1042,2180
1043,2180
1044,2180
1045,2180
1046,2180
1047,2180
1048,2180
1049,2180
1050,1489
1050,2458
1050,3294
1051,10
1052,190
1053,1264
1053,1610
1054,183
1054,987
1055,2180
1056,2180
1057,2180
1058,2180
1059,2180
1060,2180
1061,2180
1062,2180
1063,2180
1064,1180
1064,2704
1064,3702
1065,2180
1066,2180
1067,2180
1068,1628
1068,1966
1069,2180
1070,2180
1071,291
1071,1663
1072,2180
1073,2180
1074,2180
1075,2180
1076,2180
1077,2180
1078,2180
1079,2180
1080,1598
1081,2180
1082,2180
1083,2180
1084,2180
1085,2180
1086,2180
1087,2180
1088,2484
1089,2180
1090,1612
1090,1814
1090,2125
1090,3612
1090,3914
1091,104
1091,1493
1092,2180
1093,2180
1094,2180
1095,2180
1096,2180
1097,2180
1098,2180
1099,2180
1100,2180
1101,2180
1102,2158
1103,2180
1104,1201
1104,1637
1104,3219
1104,3398
1105,2180
1106,2180
1107,1019
1108,2180
1109,2180
1110,2180
1111,2180
1112,2180
1113,2180
1114,2180
1115,3024
1116,2180
1117,2180
1118,2180
1119,2180
1120,2180
1121,2180
1122,3966
1123,2180
1124,2180
1125,2180
1126,2180
1127,2180
1128,2180
1129,2180
1130,2180
1131,2180
1132,2391
1133,2180
1134,688
1134,1725
1134,2666
1135,2180
1136,2180
1137,2180
1138,2180
1139,1472
1140,2180
1141,2180
1142,2180
1143,1208
1143,1258
1143,1352
1143,3339
1143,3579
1143,3840
1144,2180
1145,2180
1146,2180
1147,3835
1148,2180
1149,1913
1150,2180
1151,2180
1152,2180
1153,1139
1153,2292
1154,2180
1155,308
1155,3455
1156,991
1156,1335
1156,3958
1157,2180
1158,2180
1159,2180
1160,2180
1161,2180
1162,2180
1163,2180
1164,1718
1165,49
1166,3947
1167,2180
1168,2180
1169,3056
1169,3361
1170,2180
1171,2180
1172,2180
1173,2180
1174,2180
1175,3187
1176,2180
1177,2180
1178,2180
1179,2180
1180,2180
1181,2180
1182,2180
1183,2180
1184,648
1185,2180
1186,2180
1187,1338
1187,3639
1187,3724
1188,1687
1188,2651
1189,2180
1190,2180
1191,2180
1192,2180
1193,2180
1194,630
1194,2355
1195,2180
1196,1312
1196,2425
1197,768
1197,1107
1198,2180
1199,2180
1200,2180
1201,2180
1202,2180
1203,2180
1204,2180
1205,2180
1206,371
1207,2179
1208,2086
1209,2180
1210,3928
1211,1647
1211,1662
1211,2779
1212,2894
1213,1230
1214,2180
1215,1807
1216,2894
1217,2894
1217,3685
1218,1755
1218,2711
1219,2180
1220,2894
1221,2180
1222,2180
1223,2894
1223,3685
1224,1496
1224,2894
1225,1496
1225,2894
1226,1496
1226,2894
1227,2180
1228,2180
1229,2180
1230,2180
1231,2180
1232,2180
1233,2180
1234,2180
1235,2180
1236,2180
1237,2180
1238,2180
1239,2180
1240,2180
1241,2180
1242,1096
1242,1285
1243,829
1244,2180
1245,2180
1246,798
1247,2180
1248,2180
1249,2180
1250,3928
1251,2180
1252,2180
1253,2180
1254,2180
1255,2180
1256,2180
1257,1497
1258,2180
1259,2180
1260,2180
1261,332
1261,2853
1262,2180
1263,2180
1264,2180
1265,2180
1266,2180
1267,2180
1268,2180
1269,2180
1270,2180
1271,2180
1272,2180
1273,106
1273,509
1273,3881
1274,2180
1275,2180
1276,2180
1277,2180
1278,2180
1279,2180
1280,2180
1281,2180
1282,2180
1283,2180
1284,2180
1285,2180
1286,479
1286,2244
1286,2282
1287,2180
1288,2180
1289,2180
1290,1177
1291,2180
1292,2180
1293,2180
1294,2180
1295,2180
1296,3823
1297,2180
1298,2180
1299,2180
1300,2180
1301,2180
1302,2180
1303,2180
1304,2180
1305,2180
1306,1532
1307,2180
1308,2180
1309,2180
1310,2180
1311,2180
1312,2180
1313,2180
1314,2180
1315,1187
1316,2180
1317,2180
1318,2180
1319,2180
1320,2180
1321,2180
1322,2180
1323,2180
1324,2180
1325,2180
1326,58
1326,763
1326,1915
1327,3402
1327,3967
1328,2180
1329,2180
1330,2180
1331,2180
1332,1783
1332,2406
1332,2494
1332,2770
1332,3485
1333,2180
1334,1446
1334,1686
1334,1912
1334,2023
1334,2834
1335,2180
1336,2180
1337,2180
1338,941
1338,2728
1339,1826
1339,3195
1340,2180
1341,2180
1342,2180
1343,2180
1344,2180
1345,2180
1346,2180
1347,2180
1348,2180
1349,932
1349,3591
1350,2180
1351,2264
1351,3952
1352,2180
1353,2180
1354,782
1355,2180
1356,2180
1357,2180
1358,2180
1359,2292
1359,3641
1360,2180
1361,2180
1362,1157
1363,2180
1364,2180
1365,2180
1366,2180
1367,2180
1368,2180
1369,2180
1370,3928
1371,2180
1372,2180
1373,3243
1374,2180
1375,2180
1376,2180
1377,2180
1378,2180
1379,2929
1380,2180
1381,2180
1382,2180
1383,2180
1384,2180
1385,2180
1386,2180
1387,2180
1388,2180
1389,2180
1390,2180
1391,2180
1392,2180
1393,2180
1394,2180
1395,748
1395,1270
1395,2443
1395,3802
1396,2180
1397,2180
1398,2180
1399,2180
1400,2180
1401,643
1402,2180
1403,533
1403,1438
1403,2447
1403,2591
1403,3356
1404,533
1404,1438
1404,2447
1404,2591
1404,3356
1405,2180
1406,533
1406,1438
1406,2447
1406,2591
1406,3356
1407,533
1407,1438
1407,2447
1407,2591
1407,3356
1408,533
1408,1438
1408,2447
1408,2591
1408,3356
1409,228
1409,742
1409,3415
1410,2180
1411,2180
1412,2180
1413,2180
1414,2180
1415,1652
1415,1838
1416,2180
1417,2180
1418,2180
1419,2180
1420,2180
1421,3726
1422,2855
1423,2855
1424,854
1425,2180
1426,2180
1427,2180
1428,2180
1429,2536
1430,1174
1431,2617
1431,3225
1432,790
1433,609
1434,2180
1435,2180
1436,2180
1437,2180
1438,2180
1439,2180
1440,2180
1441,2180
1442,2180
1443,2180
1444,2292
1445,2180
1446,2180
1447,2180
1448,2180
1449,2180
1450,630
1450,826
1450,2770
1450,3816
1451,3575
1451,3958
1452,2180
1453,2238
1454,2180
1455,397
1455,828
1455,1223
1455,2328
1455,3747
1456,2180
1457,2180
1458,333
1458,490
1458,824
1458,3195
1458,3231
1459,2180
1460,516
1461,2180
1462,2180
1463,2180
1464,2180
1465,2705
1465,3099
1466,2180
1467,2180
1468,2180
1469,2180
1470,2180
1471,1689
1471,1919
1471,2135
1472,2180
1473,2180
1474,2180
1475,2180
1476,2180
1477,2180
1478,2180
1479,2180
1480,2180
1481,2180
1482,2180
1483,2180
1484,2855
1485,2180
1486,2731
1487,2180
1488,2180
1489,2180
1490,2180
1491,2180
1492,3530
1493,2180
1494,2180
1495,2180
1496,2180
1497,2180
1498,1523
1499,2180
1500,2180
1501,2180
1502,2180
1503,2180
1504,2180
1505,2180
1506,2180
1507,1136
1508,2180
1509,830
1509,873
1509,1288
1509,1799
1510,2180
1511,2038
1511,3187
1512,1146
1512,1950
1513,2180
1514,2180
1515,2180
1516,2180
1517,2180
1518,2180
1519,2180
1520,2180
1521,1376
1522,947
1523,2487
1524,2180
1525,2180
1526,2180
1527,2180
1528,123
1528,2066
1528,3350
1529,2180
1530,2180
1531,2180
1532,2180
1533,2180
1534,2180
1535,2180
1536,2180
1537,2180
1538,2180
1539,2180
1540,1556
1541,2180
1542,2180
1543,2180
1544,2180
1545,479
1546,2180
1547,3718
1547,3958
1548,3742
1549,2180
1550,2180
1551,1114
1551,1841
1551,2834
1551,3039
1552,704
1553,2180
1554,32
1554,1392
1554,1703
1555,2180
1556,2180
1557,628
1558,2180
1559,3742
1560,2180
1561,2180
1562,2180
1563,2180
1564,2180
1565,2941
1565,3171
1566,2180
1567,1036
1567,2560
1567,2834
1568,2180
1569,2180
1570,2180
1571,2180
1572,2180
1573,2180
1574,283
1575,1334
1576,2180
1577,2180
1578,2180
1579,2180
1580,1066
1581,2180
1582,2180
1583,2180
1584,2858
1585,2180
1586,2180
1587,2753
1587,3353
1588,662
1588,3343
1588,3512
1589,2180
1590,1614
1590,2588
1591,2180
1592,3928
1593,2180
1594,2180
1595,2759
1595,3187
1596,2180
1597,2180
1598,2180
1599,1041
1600,2180
1601,2180
1602,2180
1603,2180
1604,1689
1604,1919
1604,2135
1605,2180
1606,2238
1607,2180
1608,584
1608,1831
1609,2180
1610,2389
1611,2180
1612,2180
1613,2180
1614,2180
1615,1861
1615,3954
1616,2180
1617,2180
1618,2180
1619,2180
1620,2799
1621,2180
1622,2180
1623,2180
1624,2974
1625,694
1626,2180
1627,2180
1628,2180
1629,2050
1630,2180
1631,2180
1632,2180
1633,3512
1634,35
1634,703
1634,3958
1635,2180
1636,2180
1637,2180
1638,2180
1639,2180
1640,2180
1641,2180
1642,2180
1643,2180
1644,2180
1645,3024
1646,2180
1647,2180
1648,2180
1649,2180
1650,3139
1650,3831
1651,2180
1652,2180
1653,2180
1654,2774
1655,2180
1656,2180
1657,2180
1658,266
1658,1705
1658,2328
1658,2948
1658,3159
1658,3316
1659,2180
1660,2180
1661,2180
1662,2180
1663,2180
1664,2180
1665,2180
1666,2180
1667,2180
1668,2180
1669,2180
1670,632
1670,2561
1671,2180
1672,2180
1673,2180
1674,2834
1675,2180
1676,1289
1676,2345
1676,3424
1677,2180
1678,2180
1679,2180
1680,2180
1681,725
1681,2185
1681,2680
1682,2180
1683,2180
1684,2180
1685,2180
1686,2180
1687,2180
1688,2180
1689,2180
1690,2180
1691,2180
1692,2180
1693,2180
1694,2180
1695,2180
1696,2180
1697,2180
1698,3155
1698,3907
1699,2180
1700,2180
1701,2180
1702,2180
1703,2180
1704,2180
1705,2793
1706,2180
1707,2180
1708,2180
1709,290
1709,524
1710,2180
1711,2180
1712,2180
1713,2180
1714,2180
1715,2180
1716,2180
1717,2180
1718,1635
1718,1801
1718,3605
1719,3157
1720,2180
1721,2180
1722,662
1722,2261
1722,3343
1723,2180
1724,2180
1725,2180
1726,2180
1727,2180
1728,2180
1729,2180
1730,2180
1731,2180
1732,2180
1733,2180
1734,2180
1735,2180
1736,2180
1737,2180
1738,2180
1739,2180
1740,479
1740,1182
1740,2834
1741,22
1741,1435
1741,1543
1741,1915
1741,2587
1741,2595
1741,3787
1742,2180
1743,2180
1744,2180
1745,2180
1746,914
1746,1464
1747,2180
1748,276
1749,2180
1750,2180
1751,2180
1752,2770
1752,3287
1752,3570
1752,3933
1753,2533
1753,2955
1754,2180
1755,2180
1756,2180
1757,665
1757,1503
1758,1032
1758,1291
1758,2110
1758,3145
1758,3512
1759,2180
1760,2180
1761,2180
1762,2180
1763,2180
1764,2180
1765,2180
1766,17
1766,31
1766,82
1766,148
1766,1954
1766,2746
1767,2180
1768,2180
1769,2180
1770,1356
1771,904
1771,1360
1772,2180
1773,1309
1774,2180
1775,2180
1776,2180
1777,1111
1778,3666
1779,2180
1780,2180
1781,2180
1782,1267
1783,2180
1784,2180
1785,2180
1786,2180
1787,2180
1788,2180
1789,2180
1790,2180
1791,2180
1792,2180
1793,2180
1794,2180
1795,1111
1795,2009
1795,2539
1796,2180
1797,2180
1798,1869
1798,3825
1799,2180
1800,2180
1801,2180
1802,2180
1803,2180
1804,2180
1805,2180
1806,1220
1807,219
1808,1818
1808,2244
1809,2180
1810,3498
1811,2180
1812,2180
1813,2180
1814,2238
1815,904
1815,1455
1816,2180
1817,39
1817,827
1817,1943
1818,2244
1818,2439
1819,2180
1820,2180
1821,2180
1822,2180
1823,2180
1824,2180
1825,2180
1826,942
1826,1915
1827,2081
1827,3052
1828,1158
1828,1814
1828,3435
1829,2180
1830,595
1830,947
1830,1566
1831,2180
1832,2180
1833,3212
1834,2180
1835,2180
1836,2180
1837,2180
1838,2180
1839,2180
1840,2180
1841,3869
1842,2180
1843,463
1843,2184
1844,2180
1845,2180
1846,2180
1847,2180
1848,1861
1849,2180
1850,644
1851,1628
1851,1966
1852,2180
1853,2180
1854,809
1854,2588
1854,3386
1855,2106
1856,374
1857,1328
1858,2180
1859,479
1859,2943
1859,3468
1860,468
1860,1032
1860,1140
1860,3958
1861,2180
1862,954
1862,3623
1863,2180
1864,2180
1865,2180
1866,2180
1867,3914
1868,2180
1869,2180
1870,2180
1871,2180
1872,25
1873,2180
1874,2180
1875,2180
1876,2180
1877,2365
1878,2180
1879,2180
1880,2180
1881,2180
1882,624
1882,1364
1882,3067
1883,2180
1884,2180
1885,2180
1886,2180
1887,2180
1888,2180
1889,2180
1890,2180
1891,2180
1892,2717
1892,2970
1892,3041
1892,3333
1893,165
1893,2016
1893,3914
1894,2180
1895,1531
1895,2980
1895,3795
1896,1197
1897,2392
1898,2180
1899,2180
1900,2180
1901,2180
1902,2180
1903,2180
1904,2180
1905,2180
1906,2180
1907,2180
1908,2180
1909,2180
1910,2180
1911,55
1911,3105
1912,2180
1913,2180
1914,2840
1915,604
1915,941
1915,1349
1916,2180
1917,2180
1918,63
1918,303
1918,1366
1918,1515
1918,1607
1918,1636
1918,2574
1918,2862
1918,3341
1918,3634
1918,3680
1918,3724
1918,3923
1919,2180
1920,2180
1921,2894
1921,3685
1922,2180
1923,749
1923,3560
1924,2180
1925,3928
1926,2180
1927,2180
1928,1099
1928,3797
1929,2180
1930,2180
1931,1188
1932,2180
1933,2180
1934,2180
1935,2180
1936,2180
1937,1187
1938,2180
1939,1860
1939,3561
1939,3646
1940,724
1941,2180
1942,499
1942,2031
1942,2541
1943,2180
1944,2180
1945,2180
1946,1231
1947,2180
1948,2180
1949,1934
1950,2180
1951,2180
1952,1468
1953,2180
1954,2180
1955,2180
1956,2180
1957,2180
1958,2180
1959,2180
1960,304
1960,3616
1961,2180
1962,2180
1963,99
1964,2180
1965,2180
1966,2180
1967,2180
1968,2180
1969,2180
1970,2180
1971,2180
1972,2180
1973,2180
1974,873
1974,1057
1975,2180
1976,2180
1977,2180
1978,2180
1979,2180
1980,2180
1981,3937
1982,2180
1983,2180
1984,2180
1985,1469
1985,1757
1985,3435
1986,2180
1987,1928
1987,1944
1988,2180
1989,2180
1990,2180
1991,2180
1992,2180
1993,2180
1994,2180
1995,2180
1996,2180
1997,2180
1998,257
1998,993
1998,2234
1998,3881
1999,2180
2000,71
2001,2180
2002,2713
2003,2180
2004,2180
2005,2180
2006,2180
2007,2180
2008,2180
2009,2180
2010,2180
2011,2180
2012,2180
2013,2180
2014,2180
2015,2364
2015,2857
2015,2949
2015,3196
2016,308
2016,1297
2016,2626
2016,2948
2016,3887
2017,3616
2018,2180
2019,2180
2020,2180
2021,2180
2022,2180
2023,2180
2024,2180
2025,2870
2025,3493
2026,2180
2027,2180
2028,1634
2028,3813
2029,2180
2030,2180
2031,2292
2032,2180
2033,2180
2034,2180
2035,206
2035,1096
2035,1784
2035,3914
2036,2180
2037,2180
2038,2180
2039,2180
2040,3636
2041,2180
2042,2180
2043,2180
2044,2180
2045,2180
2046,2425
2047,2180
2048,2180
2049,2180
2050,239
2050,707
2050,1283
2050,2641
2050,2919
2051,2856
2051,3907
2052,1036
2052,1672
2052,3914
2053,883
2054,2180
2055,679
2056,2180
2057,2180
2058,2180
2059,2180
2060,2180
2061,2180
2062,2180
2063,784
2063,1236
2063,3512
2064,2180
2065,2180
2066,2180
2067,2180
2068,2180
2069,2180
2070,498
2070,3001
2071,2180
2072,2180
2073,2180
2074,2180
2075,2180
2076,2180
2077,697
2078,2180
2079,2180
2080,2180
2081,2180
2082,3273
2083,2180
2084,2180
2085,1826
2085,2895
2086,2159
2087,2180
2088,2180
2089,2180
2090,1816
2091,2180
2092,2375
2093,1332
2094,2180
2095,2180
2096,2747
2097,2180
2098,2180
2099,2180
2100,1168
2100,1571
2100,1789
2101,2180
2102,2180
2103,2180
2104,2180
2105,2180
2106,2180
2107,1617
2107,3914
2108,2180
2109,2180
2110,2180
2111,2180
2112,2180
2113,2180
2114,2180
2115,2180
2116,2180
2117,2180
2118,2180
2119,2618
2120,942
2120,1841
2120,2859
2121,1392
2121,3334
2121,3487
2122,2180
2123,634
2123,1802
2124,2180
2125,3678
2126,2180
2127,2180
2128,479
2128,2943
2128,3468
2129,1110
2129,1321
2129,2780
2129,3026
2129,3221
2130,2180
2131,2180
2132,2180
2133,2180
2134,2180
2135,3324
2135,3427
2135,3506
2136,2180
2137,2180
2138,2180
2139,2180
2140,2180
2141,2180
2142,737
2142,1613
2142,2834
2143,2180
2144,2180
2145,1934
2145,2617
2145,3598
2146,2180
2147,2180
2148,2180
2149,2180
2150,2180
2151,2180
2152,2180
2153,2180
2154,2180
2155,2180
2156,2180
2157,2180
2158,2180
2159,1411
2160,3266
2161,2180
2162,2180
2163,2512
2163,3424
2163,3686
2163,3840
2164,2180
2165,2180
2166,2180
2167,2180
2168,2848
2168,3078
2169,2328
2169,2447
2169,2659
2169,2681
2170,643
2170,1436
2170,1468
2170,3139
2171,2180
2172,2180
2173,2180
2174,2180
2175,2180
2176,2180
2177,2180
2178,3178
2178,3408
2179,2180
2180,2180
2181,2180
2182,2180
2183,3435
2184,3469
2185,2180
2186,2180
2187,2180
2188,2180
2189,2180
2190,2180
2191,2180
2192,2180
2193,2180
2194,2180
2195,2180
2196,2180
2197,2180
2198,2180
2199,2180
2200,2180
2201,2180
2202,2180
2203,2180
2204,2180
2205,2180
2206,2180
2207,2180
2208,2180
2209,2180
2210,2180
2211,2180
2212,2180
2213,2180
2214,2180
2215,2180
2216,2180
2217,2180
2218,2180
2219,2180
2220,2180
2221,2180
2222,2180
2223,2180
2224,17
2224,31
2224,82
2224,148
2224,1954
2224,2746
2225,766
2225,2115
2225,3058
2225,3112
2225,3363
2226,2180
2227,2180
2228,2180
2229,2180
2230,2180
2231,2180
2232,2180
2233,2180
2234,2180
2235,2180
2236,682
2237,2180
2238,2180
2239,2180
2240,2180
2241,2180
2242,2180
2243,2180
2244,2180
2245,2180
2246,2180
2247,2180
2248,2180
2249,2180
2250,2180
2251,2180
2252,2180
2253,2180
2254,2180
2255,2180
2256,2180
2257,2180
2258,2180
2259,2180
2260,2180
2261,2180
2262,2180
2263,2180
2264,2180
2265,2180
2266,2180
2267,2180
2268,2180
2269,2180
2270,2180
2271,2180
2272,2180
2273,2180
2274,2180
2275,2180
2276,2180
2277,2180
2278,2180
2279,2180
2280,2180
2281,2180
2282,2180
2283,2180
2284,2180
2285,2180
2286,2180
2287,2180
2288,2180
2289,2180
2290,2180
2291,2180
2292,2180
2293,2180
2294,2180
2295,2180
2296,2180
2297,2180
2298,2180
2299,2180
2300,2180
2301,2180
2302,2180
2303,2180
2304,2180
2305,2180
2306,2180
2307,2180
2308,2180
2309,2180
2310,2180
2311,2180
2312,2180
2313,2180
2314,2180
2315,257
2315,391
2315,3169
2315,3811
2316,2180
2317,2180
2318,2180
2319,2180
2320,2180
2321,2180
2322,2180
2323,2180
2324,2180
2325,2180
2326,2180
2327,2180
2328,2180
2329,2180
2330,2180
2331,2180
2332,2180
2333,2180
2334,2180
2335,2180
2336,2180
2337,2180
2338,2180
2339,2180
2340,2180
2341,2180
2342,2180
2343,2180
2344,2180
2345,2180
2346,2180
2347,2180
2348,2180
2349,2180
2350,2180
2351,2180
2352,2180
2353,2180
2354,2180
2355,2180
2356,2180
2357,2180
2358,2180
2359,2180
2360,2180
2361,2180
2362,2180
2363,2180
2364,2180
2365,2180
2366,2180
2367,2180
2368,2180
2369,2180
2370,2180
2371,2180
2372,2180
2373,2180
2374,2180
2375,2180
2376,2180
2377,2180
2378,2180
2379,2180
2380,2180
2381,2180
2382,2180
2383,2180
2384,2180
2385,2180
2386,2180
2387,2180
2388,2180
2389,2180
2390,2180
2391,2180
2392,2180
2393,2180
2394,2180
2395,2180
2396,2180
2397,2180
2398,2180
2399,2180
2400,2180
2401,2180
2402,2180
2403,2180
2404,2180
2405,2180
2406,2180
2407,2180
2408,2180
2409,2180
2410,2180
2411,2180
2412,2180
2413,2180
2414,2180
2415,2180
2416,2180
2417,2180
2418,2180
2419,2180
2420,2180
2421,2180
2422,2180
2423,2180
2424,2180
2425,2180
2426,2180
2427,2180
2428,2180
2429,2180
2430,2180
2431,2180
2432,2180
2433,2180
2434,2180
2435,2180
2436,2180
2437,2180
2438,2180
2439,1803
2439,1934
2440,2180
2441,2180
2442,2180
2443,2180
2444,2180
2445,2180
2446,2180
2447,2180
2448,2180
2449,2180
2450,2180
2451,2180
2452,2180
2453,2180
2454,2180
2455,2180
2456,2180
2457,2180
2458,2180
2459,2180
2460,2180
2461,2180
2462,2180
2463,2180
2464,2180
2465,2180
2466,2180
2467,2180
2468,2180
2469,2180
2470,2180
2471,2180
2472,2180
2473,2180
2474,2180
2475,2180
2476,2180
2477,2180
2478,2180
2479,2180
2480,2180
2481,2180
2482,2180
2483,2180
2484,2180
2485,2180
2486,2180
2487,2180
2488,2180
2489,2180
2490,2180
2491,2180
2492,2180
2493,2180
2494,2180
2495,2180
2496,2180
2497,2180
2498,2180
2499,2180
2500,2180
2501,2180
2502,2180
2503,2180
2504,2180
2505,2180
2506,2180
2507,2180
2508,2180
2509,2180
2510,2180
2511,237
2511,3236
2512,2180
2513,2180
2514,2180
2515,1048
2516,2180
2517,2180
2518,2180
2519,2180
2520,2180
2521,2180
2522,2180
2523,2180
2524,2180
2525,2180
2526,2180
2527,2180
2528,2180
2529,2180
2530,2180
2531,2180
2532,2180
2533,2180
2534,2180
2535,2180
2536,2180
2537,2180
2538,2180
2539,2180
2540,2180
2541,2180
2542,2180
2543,2180
2544,2180
2545,2180
2546,2180
2547,2180
2548,2180
2549,2180
2550,2180
2551,2180
2552,2180
2553,2180
2554,2180
2555,2180
2556,2180
2557,2180
2558,2180
2559,2180
2560,2180
2561,2180
2562,2180
2563,2180
2564,2180
2565,2180
2566,2180
2567,2180
2568,2180
2569,2180
2570,2180
2571,2180
2572,2180
2573,1550
2574,2180
2575,2180
2576,2180
2577,2180
2578,2180
2579,2180
2580,2180
2581,2180
2582,2180
2583,2180
2584,2180
2585,2180
2586,2180
2587,2180
2588,2180
2589,2180
2590,2180
2591,2180
2592,2180
2593,2180
2594,2180
2595,2180
2596,2180
2597,2180
2598,2180
2599,2180
2600,2180
2601,2180
2602,2180
2603,2180
2604,2180
2605,2180
2606,2180
2607,2180
2608,2180
2609,2180
2610,2180
2611,2180
2612,2180
2613,2180
2614,2180
2615,2180
2616,2180
2617,2180
2618,2180
2619,2180
2620,2180
2621,2180
2622,2180
2623,2180
2624,2180
2625,2180
2626,2180
2627,2180
2628,2180
2629,2180
2630,2180
2631,2180
2632,2180
2633,2180
2634,2180
2635,2180
2636,2180
2637,2180
2638,2180
2639,2180
2640,2180
2641,2180
2642,2180
2643,2180
2644,2180
2645,2180
2646,2180
2647,2180
2648,2180
2649,2180
2650,2180
2651,2180
2652,2180
2653,2180
2654,2180
2655,2180
2656,2180
2657,2180
2658,2180
2659,2180
2660,2180
2661,2180
2662,2180
2663,2180
2664,2180
2665,2180
2666,2180
2667,2180
2668,2180
2669,2180
2670,2180
2671,2180
2672,2180
2673,2180
2674,2180
2675,2180
2676,2180
2677,2180
2678,2180
2679,2180
2680,2180
2681,2180
2682,2180
2683,2180
2684,2180
2685,2180
2686,2180
2687,2180
2688,2180
2689,2180
2690,2180
2691,2180
2692,2180
2693,2180
2694,2180
2695,2180
2696,2180
2697,2180
2698,2180
2699,2180
2700,2180
2701,2180
2702,2180
2703,2180
2704,2180
2705,2180
2706,2180
2707,2180
2708,2180
2709,2180
2710,3722
2711,2180
2712,2180
2713,2180
2714,2180
2715,2180
2716,2180
2717,2180
2718,2180
2719,2180
2720,2180
2721,2180
2722,2180
2723,2180
2724,2180
2725,2180
2726,2180
2727,2180
2728,2180
2729,2180
2730,2180
2731,2180
2732,2180
2733,2180
2734,2180
2735,2180
2736,2180
2737,2180
2738,2180
2739,2180
2740,2180
2741,2180
2742,2180
2743,2180
2744,2180
2745,2180
2746,2180
2747,2180
2748,2180
2749,2180
2750,2180
2751,2180
2752,2180
2753,2180
2754,2180
2755,2180
2756,2180
2757,2180
2758,2180
2759,2180
2760,2180
2761,2180
2762,2180
2763,2180
2764,2180
2765,2180
2766,2180
2767,2180
2768,2180
2769,2180
2770,2180
2771,2180
2772,2180
2773,2180
2774,2180
2775,2180
2776,2180
2777,2180
2778,2180
2779,2180
2780,2180
2781,2180
2782,2180
2783,2180
2784,2180
2785,2180
2786,2180
2787,2180
2788,2180
2789,2180
2790,1172
2790,2544
2790,3233
2791,2180
2792,2180
2793,2180
2794,2180
2795,2180
2796,2180
2797,2180
2798,2180
2799,2180
2800,2180
2801,2180
2802,2180
2803,2180
2804,2180
2805,2180
2806,2180
2807,2180
2808,2180
2809,2180
2810,2180
2811,2180
2812,2180
2813,2180
2814,2180
2815,15
2815,194
2815,346
2815,1911
2815,2509
2816,2180
2817,2180
2818,2180
2819,2180
2820,2180
2821,2180
2822,2180
2823,2180
2824,2180
2825,2180
2826,2180
2827,2180
2828,2180
2829,2180
2830,276
2831,2180
2832,2180
2833,2180
2834,2180
2835,2180
2836,2180
2837,2180
2838,2180
2839,2180
2840,2180
2841,1172
2841,2544
2841,3233
2842,2180
2843,2180
2844,1627
2844,3562
2845,2180
2846,2180
2847,2180
2848,2180
2849,2180
2850,2180
2851,2180
2852,2180
2853,2180
2854,2180
2855,2180
2856,2180
2857,2180
2858,2180
2859,2180
2860,2180
2861,2418
2861,2711
2862,2180
2863,2180
2864,2180
2865,2180
2866,2180
2867,2180
2868,2180
2869,2180
2870,2180
2871,2180
2872,2180
2873,2180
2874,2180
2875,2180
2876,2180
2877,2180
2878,2180
2879,2180
2880,2180
2881,2180
2882,2180
2883,2180
2884,2180
2885,2180
2886,2180
2887,2180
2888,2180
2889,2180
2890,2180
2891,2180
2892,2180
2893,2180
2894,2180
2895,2180
2896,2180
2897,2180
2898,2180
2899,2180
2900,2180
2901,2180
2902,2180
2903,2180
2904,2180
2905,2180
2906,2180
2907,2180
2908,2180
2909,2180
2910,2180
2911,2180
2912,2180
2913,2180
2914,2180
2915,2180
2916,2180
2917,2180
2918,2180
2919,2180
2920,2180
2921,2180
2922,2180
2923,2180
2924,2180
2925,2180
2926,2180
2927,2180
2928,2180
2929,2180
2930,2180
2931,2180
2932,2180
2933,2180
2934,2180
2935,2180
2936,2180
2937,2180
2938,2180
2939,2180
2940,2180
2941,2180
2942,2180
2943,2180
2944,2180
2945,2180
2946,2180
2947,2180
2948,2180
2949,2180
2950,2180
2951,2180
2952,2180
2953,2180
2954,2180
2955,2180
2956,2180
2957,2180
2958,2180
2959,2180
2960,2180
2961,2180
2962,2180
2963,2180
2964,2180
2965,2180
2966,2180
2967,2180
2968,2180
2969,2180
2970,2180
2971,2180
2972,2180
2973,2180
2974,2180
2975,2180
2976,2180
2977,2180
2978,2180
2979,2180
2980,2180
2981,2180
2982,2180
2983,2180
2984,2180
2985,2180
2986,2180
2987,2180
2988,2180
2989,2180
2990,2180
2991,2180
2992,2180
2993,2180
2994,2180
2995,2180
2996,2180
2997,2180
2998,2180
2999,2180
3000,2180
3001,2180
3002,2180
3003,2180
3004,2180
3005,2180
3006,2180
3007,2180
3008,2180
3009,2180
3010,2180
3011,2180
3012,2180
3013,2180
3014,2180
3015,2180
3016,2180
3017,2180
3018,2180
3019,2180
3020,2180
3021,2180
3022,2180
3023,2180
3024,2180
3025,2180
3026,2180
3027,2180
3028,2180
3029,2180
3030,2180
3031,2180
3032,2180
3033,2180
3034,2180
3035,2180
3036,2180
3037,2180
3038,2180
3039,2180
3040,2180
3041,2180
3042,2180
3043,2180
3044,2180
3045,2180
3046,2180
3047,2180
3048,2180
3049,2180
3050,2180
3051,2180
3052,2180
3053,2180
3054,2180
3055,2180
3056,2180
3057,2180
3058,2180
3059,2180
3060,2180
3061,2180
3062,2180
3063,2180
3064,2180
3065,2180
3066,2180
3067,2180
3068,2180
3069,2180
3070,2180
3071,2180
3072,2180
3073,2180
3074,2180
3075,2180
3076,2180
3077,2180
3078,2180
3079,2180
3080,2180
3081,2180
3082,2180
3083,2180
3084,2180
3085,2180
3086,2180
3087,2180
3088,2180
3089,2180
3090,2180
3091,2180
3092,2180
3093,2180
3094,2180
3095,2180
3096,2180
3097,2180
3098,2180
3099,2180
3100,2180
3101,2180
3102,417
3102,1162
3102,2774
3103,2180
3104,2180
3105,2180
3106,2180
3107,2180
3108,2179
3109,2180
3110,2180
3111,2180
3112,1796
3113,1439
3113,3771
3114,2180
3115,2180
3116,2180
3117,2180
3118,2180
3119,2180
3120,2180
3121,3195
3122,513
3122,1414
3123,826
3123,3424
3124,2180
3125,3236
3125,3770
3126,632
3126,2795
3126,3958
3127,936
3128,2180
3129,2180
3130,503
3130,2365
3131,1955
3131,3915
3132,2180
3133,2647
3134,2180
3135,2180
3136,455
3136,2991
3137,2180
3138,2180
3139,2180
3140,2180
3141,2180
3142,1663
3142,2362
3143,408
3144,2180
3145,2180
3146,2238
3147,2238
3148,2238
3149,2180
3150,2180
3151,2180
3152,2180
3153,2180
3154,2180
3155,2180
3156,2180
3157,2180
3158,2180
3159,2180
3160,2544
3161,2180
3162,2180
3163,2180
3164,2180
3165,2180
3166,2180
3167,2180
3168,2180
3169,2180
3170,2180
3171,2180
3172,2180
3173,2180
3174,2180
3175,2232
3175,2494
3175,3072
3176,2180
3177,2180
3178,2180
3179,2180
3180,717
3180,3288
3181,2180
3182,2180
3183,2180
3184,2180
3185,2180
3186,2180
3187,2968
3188,2180
3189,2180
3190,612
3190,2410
3190,3939
3191,2180
3192,2180
3193,2180
3194,2180
3195,2180
3196,1748
3197,2180
3198,2180
3199,2180
3200,2180
3201,479
3201,1468
3201,1928
3201,2174
3201,2943
3201,3512
3202,2180
3203,2180
3204,2180
3205,2287
3205,3914
3206,2180
3207,2180
3208,2180
3209,2180
3210,2525
3210,3152
3211,74
3211,483
3211,679
3211,704
3212,3952
3213,2180
3214,191
3214,938
3214,1486
3215,2180
3216,1489
3216,3512
3217,2032
3218,2180
3219,932
3220,3273
3221,3469
3222,826
3222,895
3222,938
3222,2325
3223,2180
3224,605
3225,2180
3226,2180
3227,2180
3228,2180
3229,2180
3230,2180
3231,2180
3232,2180
3233,2180
3234,2180
3235,2180
3236,2180
3237,3952
3238,2180
3239,2180
3240,1030
3240,3068
3241,2180
3242,2180
3243,2180
3244,2180
3245,2180
3246,2180
3247,2180
3248,512
3248,2158
3248,3028
3249,2038
3249,2588
3249,3536
3250,2180
3251,2180
3252,2180
3253,2180
3254,2180
3255,3928
3256,2180
3257,2180
3258,2180
3259,1240
3259,2907
3259,3187
3259,3213
3260,2180
3261,2180
3262,2180
3263,2180
3264,2180
3265,2180
3266,3637
3267,2180
3268,2180
3269,2180
3270,2180
3271,2180
3272,2180
3273,2180
3274,2180
3275,2180
3276,2180
3277,2180
3278,2180
3279,2180
3280,584
3281,2180
3282,2180
3283,2180
3284,2180
3285,2180
3286,2180
3287,2180
3288,2180
3289,2180
3290,2180
3291,2180
3292,2180
3293,2180
3294,2180
3295,98
3295,2546
3296,1067
3296,1340
3297,2183
3297,3439
3297,3914
3298,2180
3299,2125
3300,1642
3300,3724
3301,1673
3301,1984
3302,2180
3303,2180
3304,2180
3305,2180
3306,2180
3307,2180
3308,3335
3309,2180
3310,2180
3311,2180
3312,2180
3313,2180
3314,2180
3315,1187
3316,3187
3317,2180
3318,2180
3319,1866
3319,2895
3319,3407
3320,2180
3321,2180
3322,2180
3323,2180
3324,2180
3325,2180
3326,2180
3327,2180
3328,2180
3329,2180
3330,2180
3331,2180
3332,2180
3333,1075
3333,1256
3333,2320
3333,2488
3333,3435
3333,3612
3334,2180
3335,2180
3336,2180
3337,2180
3338,2180
3339,2180
3340,2180
3341,2180
3342,2180
3343,2180
3344,2180
3345,2409
3346,2180
3347,2180
3348,2180
3349,2180
3350,663
3350,793
3350,1746
3350,2573
3351,1641
3352,2180
3353,2180
3354,2180
3355,2180
3356,2180
3357,964
3358,2180
3359,3637
3360,3637
3361,1663
3362,3345
3363,3637
3364,475
3365,3637
3366,3475
3367,545
3367,2834
3367,3643
3368,2180
3369,2180
3370,497
3371,2180
3372,2180
3373,1752
3373,3958
3374,2180
3375,2180
3376,2180
3377,2180
3378,2180
3379,2180
3380,2180
3381,2180
3382,2180
3383,2180
3384,2180
3385,2180
3386,2180
3387,2180
3388,2180
3389,2180
3390,2180
3391,2180
3392,2180
3393,2180
3394,2180
3395,2180
3396,2180
3397,1922
3398,2180
3399,2180
3400,1424
3400,2087
3400,2926
3400,3293
3401,2180
3402,2839
3403,2180
3404,2180
3405,2180
3406,2180
3407,2180
3408,2180
3409,2180
3410,2180
3411,2180
3412,2180
3413,2180
3414,2180
3415,2180
3416,2180
3417,2180
3418,2180
3419,2180
3420,2180
3421,2180
3422,2180
3423,2180
3424,2180
3425,2180
3426,477
3426,1228
3426,3712
3427,2180
3428,2180
3429,1958
3429,3870
3430,2180
3431,2180
3432,2180
3433,2180
3434,2180
3435,2180
3436,2180
3437,2180
3438,2180
3439,2180
3440,2180
3441,2180
3442,1313
3443,1313
3443,2059
3444,3830
3445,2180
3446,2180
3447,1831
3448,1023
3448,1980
3449,2180
3450,2180
3451,1178
3451,1313
3451,2721
3452,2180
3453,2180
3454,2180
3455,2180
3456,2856
3456,3857
3457,2180
3458,2180
3459,2180
3460,2180
3461,3150
3461,3771
3462,662
3462,3343
3463,2180
3464,2180
3465,2180
3466,2180
3467,3226
3468,2180
3469,1429
3469,3287
3469,3488
3469,3589
3470,461
3470,2274
3470,3550
3471,2180
3472,3186
3472,3435
3473,2180
3474,2180
3475,2180
3476,2180
3477,1664
3477,1931
3477,3881
3478,2180
3479,2180
3480,733
3481,2180
3482,2180
3483,2180
3484,2180
3485,2180
3486,2180
3487,2180
3488,2180
3489,1284
3490,2180
3491,2180
3492,2180
3493,2180
3494,2180
3495,776
3495,2244
3495,3680
3495,3711
3496,1921
3497,2180
3498,2180
3499,2180
3500,2180
3501,2180
3502,2953
3503,2180
3504,2180
3505,2180
3506,2180
3507,2180
3508,3226
3509,2180
3510,2180
3511,2180
3512,2180
3513,2180
3514,3376
3515,2180
3516,2180
3517,2180
3518,2180
3519,2180
3520,2180
3521,3063
3522,2180
3523,2180
3524,2180
3525,2180
3526,2180
3527,2180
3528,2180
3529,1324
3530,2180
3531,2180
3532,2180
3533,952
3533,1610
3534,2180
3535,2180
3536,2180
3537,2180
3538,2180
3539,2180
3540,2180
3541,795
3541,1581
3542,2180
3543,373
3543,1150
3543,3526
3544,3159
3545,915
3545,3134
3545,3198
3545,3519
3546,2180
3547,2180
3548,2180
3549,745
3550,2180
3551,2180
3552,2180
3553,2180
3554,2180
3555,2180
3556,2180
3557,2180
3558,2248
3558,3226
3559,3226
3560,1956
3561,2180
3562,2180
3563,2180
3564,2180
3565,2180
3566,2180
3567,2180
3568,2180
3569,2180
3570,2180
3571,2180
3572,2180
3573,2180
3574,2180
3575,2180
3576,1398
3577,2180
3578,2180
3579,2180
3580,2180
3581,2180
3582,2180
3583,146
3584,2180
3585,2180
3586,2180
3587,2180
3588,2180
3589,2180
3590,2180
3591,2180
3592,2180
3593,2180
3594,1522
3595,2180
3596,2180
3597,3155
3597,3813
3598,2180
3599,2180
3600,2180
3601,2180
3602,2180
3603,2780
3604,2180
3605,2180
3606,1522
3607,2180
3608,2180
3609,1453
3609,3203
3610,3610
3611,2180
3612,2180
3613,1522
3614,1522
3615,2180
3616,2180
3617,2180
3618,1314
3618,2232
3618,3343
3619,2282
3619,2887
3620,2180
3621,2180
3622,414
3623,2180
3624,234
3624,3287
3625,3945
3626,2180
3627,2180
3628,2727
3629,2180
3630,947
3631,2180
3632,100
3632,1716
3632,2669
3632,2727
3633,2727
3634,3222
3635,2727
3636,2180
3637,2180
3638,2248
3638,3226
3639,2180
3640,2180
3641,2180
3642,2180
3643,2180
3644,2180
3645,2949
3646,2180
3647,2083
3647,2137
3648,2180
3649,2180
3650,2180
3651,2180
3652,2180
3653,2180
3654,2180
3655,2180
3656,2180
3657,2180
3658,2180
3659,2180
3660,2180
3661,2180
3662,2180
3663,2180
3664,2180
3665,2180
3666,2180
3667,2180
3668,2180
3669,2180
3670,2180
3671,2180
3672,2180
3673,614
3674,2180
3675,131
3675,492
3675,3468
3675,3512
3676,2180
3677,3959
3678,2180
3679,2180
3680,2180
3681,2180
3682,398
3682,903
3682,3111
3683,2180
3684,2180
3685,2180
3686,2180
3687,2180
3688,2180
3689,2180
3690,2180
3691,2180
3692,2180
3693,2180
3694,2180
3695,2180
3696,2180
3697,810
3697,2403
3697,3219
3697,3525
3697,3952
3698,2180
3699,2180
3700,2180
3701,2180
3702,3535
3703,2180
3704,2180
3705,2180
3706,2180
3707,2180
3708,1925
3708,3448
3709,2180
3710,705
3711,2180
3712,2180
3713,2180
3714,2180
3715,2180
3716,2180
3717,742
3718,2180
3719,1440
3719,2312
3719,3342
3720,2180
3721,2180
3722,2180
3723,2180
3724,2180
3725,2180
3726,1319
3726,2296
3726,3586
3727,1895
3727,2055
3727,2352
3727,3724
3728,2180
3729,2180
3730,2180
3731,2180
3732,117
3732,3525
3733,2180
3734,2180
3735,2180
3736,2180
3737,2180
3738,2180
3739,2180
3740,2180
3741,2180
3742,2180
3743,2180
3744,2180
3745,2180
3746,2180
3747,2180
3748,2180
3749,2180
3750,2180
3751,2180
3752,2180
3753,2620
3754,2180
3755,2180
3756,1329
3757,84
3757,1072
3757,3435
3758,2180
3759,2180
3760,2180
3761,1250
3761,1996
3762,2658
3763,2180
3764,2180
3765,2180
3766,2180
3767,2180
3768,2180
3769,2180
3770,2180
3771,2027
3772,2180
3773,2180
3774,2180
3775,2180
3776,1007
3777,2180
3778,2180
3779,2180
3780,2180
3781,2180
3782,2180
3783,1200
3783,1812
3783,3138
3784,596
3784,1007
3785,2180
3786,2180
3787,1007
3788,2180
3789,2180
3790,2180
3791,1392
3791,3962
3792,1105
3793,2180
3794,2180
3795,2180
3796,3958
3797,1212
3797,1649
3797,2225
3798,1969
3799,540
3800,2180
3801,2180
3802,2180
3803,2180
3804,469
3804,591
3804,2673
3804,2687
3805,900
3805,3613
3806,2180
3807,754
3807,1966
3807,3952
3808,258
3808,459
3808,849
3808,1477
3808,1863
3808,2159
3808,2857
3808,3796
3809,133
3809,3195
3810,2180
3811,2180
3812,2727
3813,2180
3814,2180
3815,2180
3816,2180
3817,2325
3818,2180
3819,2180
3820,1302
3820,3821
3821,2180
3822,2180
3823,2679
3823,2834
3823,2844
3824,815
3824,3435
3825,2180
3826,2180
3827,2180
3828,2180
3829,2180
3830,2180
3831,2180
3832,2180
3833,2180
3834,2180
3835,2180
3836,2180
3837,2180
3838,2180
3839,720
3840,2180
3841,2180
3842,2993
3842,3639
3842,3724
3843,2180
3844,2180
3845,2180
3846,2180
3847,2180
3848,2180
3849,2180
3850,2180
3851,2180
3852,2180
3853,2180
3854,2180
3855,2180
3856,2180
3857,2180
3858,2180
3859,2180
3860,2180
3861,2180
3862,2180
3863,2180
3864,1666
3864,3639
3865,2180
3866,2180
3867,2180
3868,2180
3869,2180
3870,3887
3871,2180
3872,191
3872,322
3872,413
3872,1204
3872,2470
3873,2180
3874,2180
3875,2180
3876,2180
3877,2180
3878,1079
3878,2025
3878,2183
3879,282
3879,634
3879,3907
3880,2180
3881,2180
3882,2180
3883,276
3883,479
3883,1688
3883,2415
3884,2180
3885,2180
3886,2180
3887,1159
3888,2180
3889,2180
3890,2180
3891,2180
3892,2180
3893,2180
3894,1264
3894,1641
3894,3513
3895,2941
3895,3039
3896,2180
3897,2180
3898,2180
3899,669
3900,2180
3901,2180
3902,2180
3903,2180
3904,2180
3905,2180
3906,2180
3907,322
3907,2469
3908,2885
3909,2180
3910,600
3911,2180
3912,2180
3913,2180
3914,2180
3915,2180
3916,2086
3916,2278
3917,2180
3918,622
3919,2180
3920,3479
3921,210
3921,930
3921,1104
3922,656
3922,2834
3923,2180
3924,2180
3925,2180
3926,2180
3927,656
3928,2180
3929,2180
3930,2180
3931,2180
3932,108
3933,2180
3934,91
3934,633
3934,1926
3935,2180
3936,2180
3937,2180
3938,2180
3939,2180
3940,100
3940,2727
3941,2180
3942,2180
3943,2180
3944,2180
3945,2180
3946,2180
3947,2727
3948,2180
3949,1096
3949,1889
3949,3596
3950,3592
3950,3784
3951,2180
3952,2180
3953,2180
3954,708
3954,1781
3955,2180
3956,2180
3957,2180
3958,2180
3959,2180
3960,2180
3961,2180
3962,2180
3963,429
3964,2180
3965,2832
3966,2180
3967,2180
3968,2180
3969,2180
3970,2180
3971,2180
3972,2180
3973,335
3973,2031
3973,2541
3974,2180
3975,2180
3976,2180
3977,2180
3978,2180
3979,2180
3980,2180
3981,2180
3982,2180
3983,2180
3984,2180
3985,2180
3986,2707
3987,2180
3988,2180
3989,2180
3990,2180
3991,527
3992,1945
3993,1084
3993,1980
3993,2109
3994,2180
3995,2180
3996,2180
3997,2180
3998,2180
3999,2180
4000,2180
4001,2180
4002,2085
4002,2690
4003,2180
4004,938
4004,1598
4004,2851
4005,1487
4005,1809
4005,3296
4006,2180
4007,2180
4008,3399
4009,2180
4010,2180
4011,2180
4012,2180
4013,1419
4014,2180
4015,2180
4016,3609
4017,2180
4018,2180
4019,2180
4020,2180
4021,2180
4022,2180
4023,2180
4024,2180
4025,2180
4026,2180
4027,2180
4028,2180
4029,5
4029,284
4029,765
4029,1303
4029,1517
4029,2013
4029,2620
4029,2675
4029,2685
4029,2891
4029,3179
4029,3972
4030,131
4031,2180
4032,216
4032,318
4033,3009
4034,685
4034,3912
4035,2180
4036,2180
4037,2180
4038,2180
4039,2180
4040,2408
4041,2180
4042,2180
4043,441
4043,3950
4044,2180
4045,2180
4046,1321
4047,2180
4048,2180
4049,2180
4050,2180
4051,2180
4052,2180
4053,2180
4054,2180
4055,2180
4056,2180
4057,2180
4058,2180
4059,2180
4060,2180
4061,2180
4062,2180
4063,2180
4064,2180
4065,2180
4066,2180
4067,2180
4068,2180
4069,2180
4070,2180
4071,2180
4072,2180
4073,2180
4074,2180
4075,2180
4076,2180
4077,2180
4078,2180
4079,2180
4080,2180
4081,2180
4082,2180
4083,851
4083,1748
4084,2180
4085,2180
4086,2180
4087,2180
4088,2180
4089,2180
4090,3719
4090,3832
4091,2180
4092,1086
4093,2180
4094,2180
4095,2180
4096,2180
4097,2180
4098,1018
4098,2561
4099,2180
4100,1289
4100,3247
4101,2180
4102,2180
4103,1469
4103,2164
4103,3435
4104,1489
4104,2121
4104,3324
4104,3918
4105,1946
4105,2584
4106,2180
4107,2180
4108,2180
4109,2180
4110,886
4110,3807
4111,2180
4112,1050
4112,3269
4113,2180
4114,801
4114,1434
4114,2481
4115,2180
4116,2180
4117,2180
4118,2180
4119,3512
4120,1135
4121,2180
4122,2180
4123,2180
4124,2180
4125,2180
4126,2180
4127,2180
4128,2180
4129,2180
4130,2180
4131,2180
4132,2180
4133,2180
4134,2180
4135,2180
4136,2180
4137,2180
4138,2322
4138,2538
4138,3159
4138,3952
4139,2180
4140,3426
4140,3759
4141,950
4141,2550
4142,2180
4143,2180
4144,1590
4144,2857
4145,359
4145,1783
4145,3053
4146,2180
4147,2180
4148,2180
4149,2180
4150,2180
4151,2180
4152,2180
4153,2180
4154,2180
4155,2180
4156,115
4157,1689
4157,1919
4157,2135
4158,2180
4159,2180
4160,3481
4161,2180
4162,270
4163,2180
4164,2180
4165,2180
4166,2180
4167,2180
4168,2180
4169,2180
4170,2180
4171,2180
4172,270
4173,2180
4174,2180
4175,2180
4176,2180
4177,1099
4177,3097
4178,2180
4179,2180
4180,1956
4180,3190
4181,2180
4182,2180
4183,2180
4184,2180
4185,2180
4186,2180
4187,2180
4188,2180
4189,2180
4190,1766
4191,2180
4192,2180
4193,2180
4194,2180
4195,2180
4196,2180
4197,2180
4198,2180
4199,2180
4200,561
4201,2180
4202,1414
4203,3759
4204,2180
4205,2180
4206,2180
4207,2180
4208,2286
4209,153
4209,1966
4209,3324
4210,2180
4211,2180
4212,2180
4213,2180
4214,2180
4215,2180
4216,1324
4216,3653
4217,2180
4218,1605
4219,2180
4220,756
4220,1737
4220,3059
4221,2180
4222,2180
4223,314
4223,386
4223,1761
4223,3074
4223,3359
4224,2180
4225,2180
4226,552
4226,830
4226,873
4227,2618
4228,797
4228,1790
4228,2621
4228,2818
4228,3624
4229,1935
4230,1150
4230,2174
4230,2359
4230,3840
4231,2180
4232,355
4233,2180
4234,2180
4235,2180
4236,2180
4237,2180
4238,2180
4239,2180
4240,2180
4241,2180
4242,2180
4243,3856
4244,2180
4245,2180
4246,2180
4247,2180
4248,2180
4249,2180
4250,2180
4251,2180
4252,2180
4253,2548
4254,927
4254,2768
4255,2180
4256,2180
4257,1375
4257,2452
4258,2180
4259,2180
4260,2180
4261,2180
4262,2180
4263,2180
4264,2180
4265,2180
4266,2183
4266,3439
4266,3914
4267,2180
4268,2180
4269,2180
4270,2180
4271,2180
4272,2180
4273,2180
4274,2180
4275,2180
4276,3962
4277,2180
4278,2072
4278,3029
4279,2180
4280,2610
4281,2238
4282,2180
4283,2238
4284,2180
4285,2238
4286,2238
4287,2238
4288,2180
4289,2180
4290,2238
4291,2180
4292,2180
4293,2180
4294,2180
4295,2180
4296,2180
4297,2180
4298,2180
4299,676
4299,1612
4300,2180
4301,2180
4302,2180
4303,2180
4304,2180
4305,2180
4306,1055
4306,1107
4307,3270
4307,3431
4308,1414
4308,3373
4309,2180
4310,2180
4311,2180
4312,2180
4313,2180
4314,3786
4315,2180
4316,1771
4317,898
4318,2180
4319,2180
4320,925
4320,1047
4320,1568
4320,2301
4320,3971
4321,2180
4322,2180
4323,2180
4324,1548
4325,2180
4326,2180
4327,2180
4328,2180
4329,2180
4330,2180
4331,2562
4332,1070
4332,2417
4333,301
4334,2180
4335,2180
4336,2180
4337,2180
4338,2180
4339,2180
4340,2180
4341,2180
4342,2180
4343,2180
4344,2180
4345,719
4346,204
4346,2118
4347,2665
4348,930
4348,1880
4349,2180
4350,84
4350,3840
4351,2180
4352,2180
4353,2180
4354,2180
4355,2180
4356,2180
4357,2180
4358,704
4358,1372
4359,2180
4360,2180
4361,2180
4362,2180
4363,2180
4364,2180
4365,2180
4366,2180
4367,2180
4368,2180
4369,2180
4370,2180
4371,2518
4371,2711
4372,1934
4373,2180
4374,2180
4375,2180
4376,2180
4377,2180
4378,2180
4379,2180
4380,2180
4381,98
4381,309
4381,748
4381,1070
4381,1207
4381,3644
4382,1472
4382,2659
4383,1472
4383,2086
4383,2292
4384,638
4385,454
4385,830
4385,873
4385,1102
4385,3728
4386,2180
4387,141
4387,1018
4387,2582
4387,2857
4388,2180
4389,2180
4390,2180
4391,2180
4392,2180
4393,2180
4394,2180
4395,2180
4396,156
4397,1564
4398,2180
4399,1390
4399,1814
4399,2057
4400,1420
4400,3512
4401,2180
4402,2180
4403,2180
4404,1298
4405,2450
4406,2180
4407,2180
4408,2180
4409,2180
4410,2180
4411,2180
4412,1185
4413,2180
4414,2180
4415,1439
4416,2180
4417,1829
4417,3593
4418,1852
4418,3066
4419,448
4419,1292
4420,3673
4420,3938
4421,2180
4422,2180
4423,2180
4424,2180
4425,72
4426,1429
4426,2908
4426,3488
4427,2180
4428,2180
4429,2180
4430,2180
4431,2180
4432,2180
4433,2180
4434,2180
4435,2180
4436,2180
4437,2180
4438,2180
4439,2180
4440,108
4440,654
4441,2180
4442,2180
4443,479
4443,2174
4443,3682
4444,2180
4445,3301
4446,2180
4447,52
4447,1842
4447,1846
4447,2648
4448,2180
4449,2180
4450,2180
4451,1032
4452,2180
4453,2180
4454,2180
4455,2180
4456,2180
4457,2180
4458,2180
4459,2180
4460,2180
4461,2180
4462,2180
4463,2180
4464,2180
4465,2180
4466,468
4466,567
4466,3958
4467,1518
4468,2180
4469,2180
4470,2180
4471,1145
4472,2180
4473,2180
4474,2180
4475,1719
4475,2791
4476,1216
4477,2180
4478,2180
4479,2180
4480,2180
4481,2180
4482,2180
4483,2180
4484,2180
4485,2180
4486,2180
4487,3914
4488,2180
4489,2180
4490,2180
4491,2180
4492,2180
4493,2180
4494,2180
4495,2180
4496,2180
4497,2180
4498,2258
4499,2180
4500,2180
4501,2180
4502,2180
4503,2180
4504,2180
4505,2180
4506,2526
4506,2784
4506,2972
4506,3907
4507,2180
4508,2180
4509,2180
4510,2180
4511,2663
4512,15
4512,1727
4512,2549
4513,2180
4514,1187
4514,3182
4514,3565
4515,3928
4516,1302
4517,2180
4518,2180
4519,2180
4520,2180
4521,2180
4522,3545
4523,2180
4524,2180
4525,2180
4526,2180
4527,2180
4528,2180
4529,2180
4530,2180
4531,2180
4532,2180
4533,2180
4534,2180
4535,2180
4536,2180
4537,2180
4538,2180
4539,2180
4540,2180
4541,2180
4542,2180
4543,2180
4544,2180
4545,2180
4546,2180
4547,2180
4548,2180
4549,2180
4550,2180
4551,830
4551,873
4551,2220
4552,1687
4552,3103
4553,2180
4554,2180
4555,2180
4556,2180
4557,2180
4558,1335
4558,2475
4559,2180
4560,941
4560,2512
4561,3840
4562,2180
4563,2180
4564,2180
4565,2180
4566,2768
4567,2180
4568,2180
4569,2180
4570,2180
4571,340
4571,3743
4572,3625
4573,2180
4574,2180
4575,3671
4576,2180
4577,2180
4578,308
4578,1765
4578,2955
4579,2180
4580,2180
4581,2180
4582,2199
4583,2199
4584,1302
4584,1705
4584,3274
4585,2180
4586,2180
4587,2180
4588,2180
4589,2180
4590,2180
4591,2180
4592,2199
4592,2339
4592,2366
4593,2180
4594,2199
4595,2180
4596,2180
4597,2180
4598,2627
4598,2737
4599,422
4600,2180
4601,2180
4602,2180
4603,1223
4603,2643
4603,3783
4604,3636
4605,2180
4606,2180
4607,1997
4608,2180
4609,2180
4610,2180
4611,2180
4612,2512
4612,3424
4612,3686
4612,3840
4613,2180
4614,2654
4615,2180
4616,2180
4617,2180
4618,2180
4619,2180
4620,1392
4620,2236
4621,2180
4622,302
4622,1223
4623,2180
4624,2938
4624,3639
4624,3852
4625,2180
4626,2901
4627,2180
4628,2180
4629,2180
4630,2180
4631,2180
4632,2180
4633,2180
4634,2180
4635,2180
4636,2180
4637,2180
4638,2180
4639,2180
4640,2180
4641,2180
4642,2180
4643,2180
4644,2180
4645,2180
4646,2180
4647,2180
4648,2180
4649,2180
4650,2180
4651,1081
4652,3937
4653,3937
4654,3937
4655,2180
4656,2180
4657,2180
4658,2180
4659,2180
4660,1643
4660,2964
4661,3840
4662,2180
4663,2180
4664,2180
4665,2180
4666,2180
4667,2180
4668,2180
4669,2180
4670,2180
4671,2180
4672,2180
4673,595
4673,810
4673,2285
4673,2430
4673,3219
4674,1927
4675,3757
4676,2180
4677,2180
4678,2180
4679,2180
4680,2180
4681,2180
4682,2180
4683,901
4684,2180
4685,2180
4686,2180
4687,3319
4688,2180
4689,2180
4690,2180
4691,2180
4692,1107
4692,1439
4692,1753
4693,2180
4694,1182
4694,3914
4695,2180
4696,1289
4697,2180
4698,2180
4699,941
4699,3840
4700,2180
4701,2180
4702,2180
4703,2180
4704,2180
4705,2180
4706,2180
4707,2180
4708,2180
4709,2180
4710,2180
4711,2180
4712,2180
4713,3473
4714,2180
4715,2180
4716,2180
4717,2180
4718,2180
4719,2180
4720,139
4720,554
4720,3769
4720,3831
4721,2180
4722,2180
4723,3759
4724,2180
4725,98
4725,1392
4726,2180
4727,2180
4728,2180
4729,2180
4730,2180
4731,2180
4732,2180
4733,2180
4734,2180
4735,2180
4736,2180
4737,2180
4738,2180
4739,2180
4740,2180
4741,2180
4742,2180
4743,2180
4744,2180
4745,2180
4746,2180
4747,2180
4748,2180
4749,2180
4750,2180
4751,2180
4752,416
4752,1557
4752,3840
4753,2180
4754,2180
4755,2180
4756,2180
4757,2180
4758,2180
4759,2180
4760,1745
4761,2180
4762,2180
4763,2180
4764,2180
4765,1899
4765,2020
4766,2180
4767,2180
4768,2180
4769,1021
4769,1415
4770,2180
4771,2180
4772,2180
4773,2180
4774,2180
4775,2180
4776,1583
4777,2180
4778,2180
4779,2180
4780,2180
4781,2180
4782,2180
4783,2180
4784,2180
4785,2180
4786,2180
4787,2180
4788,2180
4789,2180
4790,2180
4791,566
4791,1915
4792,2180
4793,2180
4794,2020
4795,2180
4796,2180
4797,2180
4798,2180
4799,2180
4800,2180
4801,2180
4802,2180
4803,2180
4804,2180
4805,2180
4806,2032
4807,2180
4808,1609
4809,1535
4810,2180
4811,2180
4812,2180
4813,2180
4814,2717
4814,3041
4814,3120
4815,2180
4816,2180
4817,2180
4818,2180
4819,2180
4820,2180
4821,2160
4822,2180
4823,2180
4824,661
4824,2167
4824,3101
4824,3785
4825,3030
4825,3894
4826,862
4827,2180
4828,2180
4829,2180
4830,2180
4831,3840
4832,2180
4833,2180
4834,2180
4835,2180
4836,2180
4837,2180
4838,2180
4839,2180
4840,2180
4841,1258
4841,3128
4841,3339
4842,1324
4842,1508
4842,1843
4843,3059
4844,2180
4845,2180
4846,2180
4847,2180
4848,2180
4849,2180
4850,2180
4851,2180
4852,2674
4853,2180
4854,2180
4855,2180
4856,1324
4856,2563
4857,2180
4858,2180
4859,1223
4859,2592
4860,2180
4861,2180
4862,2180
4863,2180
4864,3601
4865,2180
4866,267
4866,1896
4867,2180
4868,2180
4869,177
4869,3764
4870,1362
4870,3541
4871,2180
4872,2180
4873,1289
4873,1335
4873,2939
4874,2180
4875,2180
4876,3759
4877,2180
4878,2180
4879,2180
4880,2180
4881,2180
4882,2180
4883,2180
4884,2180
4885,1178
4885,3507
4886,2180
4887,2180
4888,2180
4889,2180
4890,3629
4891,2180
4892,2180
4893,2180
4894,2180
4895,2180
4896,55
4897,517
4897,1289
4897,3424
4898,2180
4899,2017
4899,3208
4900,2180
4901,2180
4902,4
4903,2180
4904,2180
4905,1302
4905,2745
4906,2180
4907,2180
4908,3840
4909,2180
4910,2180
4911,2180
4912,2180
4913,2180
4914,514
4914,3701
4915,514
4916,2180
4917,2180
4918,2180
4919,2180
4920,2180
4921,445
4921,1393
4921,1669
4921,2365
4922,2875
4923,1310
4924,2180
4925,2180
4926,2180
4927,2180
4928,2180
4929,2180
4930,2180
4931,2180
4932,2180
4933,1841
4934,2180
4935,2180
4936,3187
4937,988
4938,34
4939,3536
4939,3727
4940,2180
4941,2180
4942,2180
4943,2180
4944,2180
4945,2180
4946,1868
4946,2075
4947,2180
4948,2180
4949,2180
4950,2180
4951,2180
4952,1642
4952,3724
4953,2180
4954,2180
4955,2180
4956,2180
4957,2180
4958,2180
4959,2180
4960,2180
4961,2180
4962,1663
4963,2180
4964,448
4964,3861
4965,2123
4966,1981
4967,2180
4968,1073
4969,327
4969,3907
4970,108
4970,3355
4970,3952
4971,84
4971,2834
4972,1024
4972,3589
4973,2180
4974,2180
4975,2180
4976,2180
4977,125
4977,1468
4977,3409
4978,1072
4978,3186
4978,3813
4979,230
4980,2180
4981,2180
4982,2180
4983,66
4984,420
4985,640
4986,2180
4987,2180
4988,2180
4989,2180
4990,356
4991,2180
4992,2180
4993,2180
4994,2180
4995,1403
4996,2180
4997,2180
4998,703
4998,2378
4998,3290
4999,2180
5000,2180
5001,2848
5001,3078
5001,3139
5002,2180
5003,2180
5004,1123
5005,2180
5006,2180
5007,2180
5008,2180
5009,2180
5010,2180
5011,2180
5012,2180
5013,2180
5014,2180
5015,2180
5016,864
5017,2180
5018,2180
5019,2180
5020,2180
5021,581
5022,2180
5023,2180
5024,2180
5025,2180
5026,2180
5027,2180
5028,2180
5029,2180
5030,2104
5031,3206
5032,2180
5033,1621
5034,2180
5035,2180
5036,2180
5037,2180
5038,2180
5039,458
5040,2180
5041,2180
5042,2180
5043,2180
5044,2180
5045,2342
5046,2180
5047,1610
5047,3781
5048,2180
5049,2180
5050,3840
5051,2180
5052,2180
5053,2180
5054,2180
5055,2180
5056,2180
5057,1880
5058,203
5058,2111
5058,2285
5059,2180
5060,2180
5061,2180
5062,895
5063,2180
5064,2932
5065,2180
5066,2180
5067,2180
5068,2180
5069,3840
5070,3460
5071,2180
5072,2180
5073,2180
5074,2180
5075,2180
5076,2180
5077,3236
5077,3435
5078,2180
5079,2180
5080,2180
5081,2180
5082,2180
5083,2218
5083,3586
5084,2180
5085,2180
5086,2180
5087,209
5087,998
5087,1204
5087,1292
5088,1440
5089,481
5089,694
5090,2180
5091,1798
5091,1831
5092,2180
5093,2180
5094,2180
5095,2180
5096,2180
5097,2180
5098,2180
5099,1001
5100,2180
5101,2180
5102,2180
5103,639
5103,679
5103,788
5103,1164
5103,1444
5103,1588
5103,1925
5103,2274
5103,2679
5103,3279
5104,2180
5105,2180
5106,2180
5107,2180
5108,2180
5109,2180
5110,547
5110,1106
5110,1320
5110,2745
5111,2180
5112,2180
5113,2180
5114,2180
5115,1379
5115,2782
5116,2180
5117,781
5117,2958
5117,3054
5118,1152
5118,3243
5119,2180
5120,1874
5121,1469
5121,1705
5122,3840
5123,2180
5124,2180
5125,3963
5126,2180
5127,2180
5128,743
5128,3030
5129,2180
5130,2180
5131,3760
5132,153
5132,981
5133,2135
5133,3512
5134,2159
5135,2180
5136,2180
5137,2180
5138,2566
5138,3195
5138,3639
5138,3783
5138,3785
5139,2180
5140,2180
5141,2180
5142,2180
5143,2180
5144,1633
5145,2180
5146,1715
5146,3322
5147,2180
5148,532
5149,2180
5150,2180
5151,2180
5152,2180
5153,2180
5154,646
5154,1891
5155,2180
5156,2180
5157,2180
5158,2180
5159,2180
5160,2180
5161,2418
5162,185
5162,928
5162,1141
5162,2849
5163,2180
5164,769
5164,2257
5164,2911
5165,2180
5166,2180
5167,2180
5168,1872
5169,2180
5170,2180
5171,676
5171,1724
5171,2618
5171,2794
5171,3177
5172,1144
5173,2180
5174,3392
5175,2180
5176,2180
5177,2180
5178,916
5178,2820
5178,3630
5179,2180
5180,2180
5181,2180
5182,2180
5183,2180
5184,2180
5185,2180
5186,3840
5187,2180
5188,2198
5188,3936
5189,2712
5189,3446
5189,3576
5190,2180
5191,397
5191,500
5191,1129
5192,2180
5193,2180
5194,2180
5195,2180
5196,2180
5197,1611
5197,2521
5197,2618
5197,2729
5197,2870
5198,2180
5199,2180
5200,1791
5200,2941
5201,2180
5202,2180
5203,1934
5204,2180
5205,2180
5206,3840
5207,2180
5208,2180
5209,2180
5210,442
5210,1414
5211,2180
5212,2180
5213,2180
5214,703
5215,508
5215,1062
5215,1125
5215,2758
5215,2959
5216,2180
5217,2180
5218,2180
5219,3365
5220,830
5220,873
5220,1115
5221,3264
5222,2180
5223,2180
5224,2180
5225,2180
5226,2180
5227,526
5228,2180
5229,2180
5230,2180
5231,2180
5232,2180
5233,2180
5234,3944
5235,2180
5236,2180
5237,2180
5238,2894
5239,1335
5239,1934
5239,3639
5240,2180
5241,2180
5242,2180
5243,2180
5244,2180
5245,2180
5246,2180
5247,2180
5248,2180
5249,3575
5249,3952
5250,2180
5251,2180
5252,2180
5253,2328
5253,2726
5253,2909
5254,2180
5255,1079
5255,2698
5255,2996
5255,3705
5256,2180
5257,2180
5258,2180
5259,2180
5260,1618
5260,2880
5261,2180
5262,2180
5263,2180
5264,2180
5265,2180
5266,2180
5267,2180
5268,2180
5269,2180
5270,2180
5271,2180
5272,2180
5273,2180
5274,2180
5275,2180
5276,2180
5277,1414
5277,2425
5278,2180
5279,3059
5280,2180
5281,2180
5282,2180
5283,2180
5284,3355
5285,2992
5286,2180
5287,2180
5288,2180
5289,2180
5290,2180
5291,3719
5292,628
5293,1942
5293,2086
5293,2588
5294,2180
5295,3840
5296,2180
5297,2180
5298,2180
5299,3436
5299,3719
5300,2180
5301,2180
5302,2180
5303,427
5304,2180
5305,2180
5306,2180
5307,2180
5308,2180
5309,2180
5310,2180
5311,2180
5312,2180
5313,2180
5314,2180
5315,2834
5315,3829
5316,2180
5317,2254
5318,2180
5319,2180
5320,2180
5321,2180
5322,2180
5323,2180
5324,2180
5325,2180
5326,2180
5327,2604
5327,3726
5328,2180
5329,794
5329,2834
5329,3512
5330,987
5331,2180
5332,2180
5333,107
5333,703
5333,1468
5333,3512
5334,2180
5335,2180
5336,2180
5337,2180
5338,2180
5339,2180
5340,2180
5341,815
5341,1063
5341,1469
5341,3682
5342,2180
5343,2180
5344,2180
5345,2180
5346,2180
5347,878
5347,1137
5348,2180
5349,3840
5350,2180
5351,1091
5351,3866
5352,2180
5353,2180
5354,2180
5355,2180
5356,2180
5357,2661
5357,3187
5358,2180
5359,1000
5360,2180
5361,2180
5362,2180
5363,1742
5364,1313
5365,2180
5366,461
5366,1691
5366,2090
5367,2180
5368,2180
5369,2180
5370,2180
5371,2180
5372,2180
5373,2180
5374,2180
5375,2180
5376,2180
5377,2180
5378,1624
5379,2976
5379,3840
5380,131
5380,3918
5381,1704
5381,2007
5382,2180
5383,479
5383,2943
5383,3468
5384,472
5384,2742
5385,3840
5386,2180
5387,868
5388,2180
5389,2180
5390,3914
5391,2180
5392,2180
5393,3064
5393,3223
5394,2180
5395,2180
5396,2180
5397,2180
5398,2180
5399,2180
5400,2328
5400,2681
5400,3952
5401,2180
5402,2180
5403,1641
5403,2543
5404,2180
5405,2180
5406,2180
5407,2180
5408,2180
5409,2180
5410,2180
5411,2180
5412,2180
5413,2180
5414,2180
5415,2180
5416,2180
5417,2180
5418,2180
5419,1118
5419,1808
5419,2232
5420,2180
5421,2180
5422,2180
5423,115
5423,1073
5423,1414
5423,3155
5424,2180
5425,2180
5426,2180
5427,2180
5428,2180
5429,2180
5430,3769
5430,3952
5431,2180
5432,251
5432,1889
5432,3840
5433,643
5433,3271
5434,2180
5435,357
5435,2481
5436,2102
5436,3717
5437,3840
5438,2180
5439,2180
5440,2180
5441,1326
5441,2372
5441,3721
5442,2180
5443,1051
5444,2180
5445,2180
5446,2180
5447,2180
5448,2180
5449,2180
5450,2180
5451,479
5451,2943
5451,3468
5452,2180
5453,2180
5454,3190
5454,3958
5455,596
5455,1619
5455,2559
5455,2638
5455,3087
5455,3680
5456,1176
5456,3159
5456,3477
5457,1414
5458,2180
5459,1085
5460,2180
5461,2180
5462,2180
5463,2180
5464,2180
5465,1907
5466,1028
5466,1753
5466,2353
5466,2673
5467,957
5467,1079
5467,2533
5468,2180
5469,1482
5469,2987
5470,2180
5471,2180
5472,2282
5472,3954
5473,468
5473,1880
5473,2588
5473,2711
5473,3626
5474,2180
5475,1641
5475,3645
5476,2180
5477,2180
5478,1302
5478,2084
5479,2180
5480,16
5480,998
5480,1204
5480,1753
5480,3767
5481,2180
5482,2864
5483,3763
5484,2180
5485,2180
5486,2180
5487,2180
5488,2180
5489,1849
5490,2180
5491,2180
5492,2180
5493,2180
5494,2180
5495,2180
5496,3840
5497,2180
5498,2180
5499,2180
5500,2180
5501,2180
5502,2180
5503,2180
5504,1870
5504,3236
5504,3525
5505,2180
5506,839
5506,905
5506,1344
5506,1468
5506,1995
5506,2618
5507,2180
5508,2180
5509,2180
5510,331
5510,1353
5511,2180
5512,3402
5513,2180
5514,2180
5515,2180
5516,2180
5517,2180
5518,1861
5519,2180
5520,2180
5521,2180
5522,838
5522,2862
5522,3639
5523,2180
5524,2418
5524,2787
5525,3840
5526,2180
5527,643
5528,2180
5529,2180
5530,2180
5531,2180
5532,2180
5533,803
5533,2665
5534,2180
5535,2180
5536,2180
5537,2180
5538,2180
5539,2180
5540,2180
5541,2180
5542,2180
5543,2180
5544,2180
5545,2227
5545,3964
5546,2180
5547,2180
5548,2180
5549,2180
5550,2180
5551,2180
5552,2180
5553,1598
5554,354
5554,3613
5555,2180
5556,2180
5557,2180
5558,679
5559,2180
5560,2180
5561,2180
5562,2180
5563,2180
5564,2180
5565,2180
5566,2180
5567,2180
5568,2180
5569,2180
5570,1018
5570,1590
5571,2180
5572,566
5572,2994
5572,3759
5573,3840
5574,2180
5575,2180
5576,2180
5577,2180
5578,2180
5579,2180
5580,2180
5581,94
5581,3536
5582,1335
5582,1934
5582,3961
5583,2180
5584,2180
5585,3039
5586,1324
5586,1394
5587,2180
5588,2180
5589,2180
5590,2690
5591,2180
5592,2180
5593,2180
5594,2180
5595,2180
5596,2180
5597,2180
5598,2180
5599,2180
5600,2180
5601,2180
5602,2730
5603,2180
5604,3661
5605,564
5605,961
5606,2180
5607,2180
5608,2180
5609,2180
5610,2180
5611,2180
5612,2180
5613,2180
5614,774
5614,1430
5614,2730
5614,3187
5615,70
5615,2145
5616,2180
5617,1694
5617,1851
5618,2180
5619,2180
5620,2180
5621,523
5621,3639
5622,2272
5623,2180
5624,2180
5625,2180
5626,2180
5627,2180
5628,2180
5629,2180
5630,2180
5631,135
5632,2180
5633,2180
5634,2180
5635,2180
5636,2180
5637,2180
5638,2180
5639,2180
5640,2180
5641,826
5641,1802
5642,878
5642,3785
5643,2180
5644,2180
5645,2180
5646,2180
5647,3388
5648,2180
5649,2180
5650,2180
5651,2180
5652,1454
5652,3342
5653,2180
5654,1489
5655,3906
5656,174
5656,520
5656,1753
5656,3045
5657,504
5657,634
5657,1079
5657,3840
5658,1977
5659,2180
5660,2180
5661,2180
5662,2180
5663,2180
5664,2180
5665,2180
5666,2180
5667,2180
5668,2180
5669,643
5670,2180
5671,2180
5672,2180
5673,669
5673,1381
5673,3343
5674,2180
5675,2180
5676,2180
5677,842
5677,1079
5677,2736
5677,2996
5677,3907
5678,346
5678,2107
5678,3560
5679,1242
5679,3948
5680,3785
5681,2180
5682,2349
5683,1050
5684,2180
5685,44
5685,2452
5686,3667
5687,2180
5688,2180
5689,2180
5690,2275
5691,2180
5692,2180
5693,2180
5694,2180
5695,2180
5696,2180
5697,2180
5698,2180
5699,573
5699,2063
5699,2862
5699,3291
5699,3302
5699,3724
5700,2180
5701,2180
5702,2180
5703,2941
5704,2180
5705,2180
5706,2180
5707,3944
5708,2180
5709,2180
5710,426
5710,2280
5710,2828
5711,2180
5712,2180
5713,2180
5714,2180
5715,2180
5716,2180
5717,126
5717,3883
5718,2180
5719,2180
5720,1721
5721,2180
5722,2180
5723,3840
5724,2180
5725,2180
5726,2180
5727,2180
5728,3929
5729,2180
5730,419
5731,815
5731,1859
5731,1967
5731,3236
5731,3435
5732,2180
5733,2180
5734,2180
5735,2180
5736,1930
5737,2180
5738,2180
5739,2180
5740,2180
5741,2180
5742,2180
5743,2180
5744,2180
5745,2180
5746,1335
5746,1414
5746,3691
5747,2180
5748,2180
5749,2180
5750,895
5750,2325
5750,3330
5750,3952
5751,1489
5751,2032
5752,363
5752,1468
5752,3863
5753,2180
5754,2180
5755,2180
5756,2180
5757,2180
5758,2180
5759,832
5759,1162
5759,1885
5760,2180
5761,2180
5762,2028
5762,2729
5762,3198
5762,3808
5763,2180
5764,2180
5765,2180
5766,2180
5767,3575
5768,2180
5769,2180
5770,2180
5771,2180
5772,2180
5773,2180
5774,2181
5775,2180
5776,2180
5777,303
5777,2788
5778,2180
5779,2180
5780,2180
5781,2180
5782,2180
5783,2180
5784,2180
5785,2180
5786,2180
5787,2180
5788,2180
5789,2180
5790,895
5790,904
5791,2180
5792,2180
5793,2180
5794,2537
5794,3785
5795,2180
5796,2180
5797,672
5797,2094
5797,2365
5798,1514
5798,2932
5798,3755
5799,2482
5799,2640
5800,2180
5801,3840
5802,2180
5803,1414
5804,2180
5805,1575
5805,2440
5805,3495
5806,2180
5807,368
5807,1068
5807,1191
5808,2180
5809,2180
5810,2180
5811,2180
5812,2180
5813,2180
5814,2180
5815,2180
5816,1236
5816,2588
5817,2180
5818,628
5818,3469
5819,2571
5820,2571
5821,2571
5822,568
5822,1606
5822,2667
5822,3610
5823,1414
5823,3354
5824,2180
5825,2180
5826,2180
5827,1687
5828,3432
5829,2180
5830,2180
5831,2180
5832,770
5832,2146
5832,3234
5833,2180
5834,2180
5835,2180
5836,2180
5837,2180
5838,2180
5839,2180
5840,2180
5841,2180
5842,2180
5843,2180
5844,2180
5845,2180
5846,2180
5847,2180
5848,2180
5849,2180
5850,2180
5851,2180
5852,622
5853,2180
5854,2180
5855,2180
5856,2180
5857,2180
5858,2180
5859,1018
5859,1314
5859,3343
5860,632
5860,2561
5860,3315
5860,3450
5861,626
5862,1073
5863,2180
5864,2180
5865,2180
5866,2646
5867,2180
5868,2180
5869,1753
5870,2180
5871,2180
5872,2180
5873,2180
5874,2180
5875,2180
5876,2180
5877,2180
5878,2180
5879,2646
5880,2180
5881,2180
5882,2180
5883,2180
5884,984
5885,1335
5885,1936
5885,2711
5885,2844
5885,3958
5886,2180
5887,2180
5888,2180
5889,743
5889,1418
5890,2180
5891,2180
5892,2180
5893,2180
5894,968
5894,2395
5895,3840
5896,2180
5897,2180
5898,2180
5899,2086
5899,3575
5900,2388
5901,2180
5902,2722
5903,2180
5904,2180
5905,3187
5906,2180
5907,2180
5908,2180
5909,2180
5910,2180
5911,452
5911,3236
5912,2180
5913,2096
5914,2180
5915,2180
5916,2180
5917,2180
5918,2232
5919,2180
5920,1047
5921,2180
5922,2180
5923,2176
5923,2277
5924,825
5924,830
5924,873
5924,3342
5924,3907
5925,2180
5926,874
5927,503
5927,3907
5928,149
5928,584
5929,2180
5930,2180
5931,2180
5932,2138
5933,2180
5934,2180
5935,2180
5936,2180
5937,2180
5938,2180
5939,2180
5940,2180
5941,1390
5941,2857
5942,566
5942,3952
5943,2025
5943,3159
5944,819
5944,1289
5944,1794
5945,2180
5946,2180
5947,2180
5948,2180
5949,2180
5950,2180
5951,2180
5952,2180
5953,2180
5954,1469
5954,2794
5954,3242
5954,3435
5955,539
5955,641
5956,937
5956,3137
5957,2180
5958,3022
5959,2180
5960,2180
5961,2180
5962,1360
5962,1596
5962,3840
5962,3958
5963,2180
5964,2180
5965,2180
5966,2180
5967,2180
5968,2495
5969,3840
5970,2180
5971,2180
5972,162
5972,673
5972,1233
5972,3286
5973,2180
5974,383
5974,1376
5975,501
5976,69
5976,3046
5976,3558
5977,40
5977,1198
5977,1519
5977,1542
5977,1831
5977,2354
5978,2180
5979,2180
5980,2180
5981,1437
5982,2180
5983,2180
5984,2180
5985,2180
5986,2180
5987,2180
5988,2180
5989,2180
5990,814
5991,182
5992,3023
5993,2180
5994,3023
5995,2180
5996,2180
5997,2471
5998,2180
5999,2180
6000,1203
6000,2257
6001,2180
6002,638
6002,1549
6003,1433
6003,2519
6003,3827
6004,2440
6004,3383
6004,3951
6005,2180
6006,1311
6007,2180
6008,2992
6009,2264
6010,681
6011,2180
6012,2180
6013,2180
6014,2180
6015,2180
6016,2180
6017,2180
6018,2180
6019,777
6020,2180
6021,2180
6022,2180
6023,2180
6024,2180
6025,2180
6026,2180
6027,1130
6027,3390
6028,2180
6029,2180
6030,2180
6031,1365
6031,3559
6032,3090
6033,2180
6034,3023
6035,2180
6036,2180
6037,62
6037,3090
6038,1311
6039,2180
6040,3840
6041,2180
6042,152
6043,2180
6044,998
6044,2875
6045,481
6045,998
6046,515
6046,3195
6047,3306
6047,3812
6048,3907
6049,2180
6050,2888
6051,1128
6052,457
6053,2180
6054,2180
6055,2180
6056,2180
6057,3667
6058,2180
6059,2180
6060,2180
6061,2180
6062,2180
6063,814
6063,3090
6064,2180
6065,2180
6066,2180
6067,2180
6068,2180
6069,2180
6070,213
6070,3039
6071,1510
6071,2440
6072,2180
6073,2180
6074,2180
6075,2967
6076,2180
6077,2180
6078,2180
6079,2180
6080,2180
6081,2180
6082,2180
6083,2180
6084,2180
6085,2180
6086,3557
6087,953
6088,2180
6089,2180
6090,1978
6091,826
6092,2180
6093,709
6093,902
6094,828
6094,1880
6094,3195
6094,3560
6095,1753
6095,3403
6096,2180
6097,2180
6098,2180
6099,2180
6100,2180
6101,1365
6101,2076
6102,2180
6103,2180
6104,2180
6105,3497
6106,2180
6107,2180
6108,2180
6109,2180
6110,2992
6110,3309
6111,2180
6112,2155
6113,2180
6114,2180
6115,442
6116,2180
6117,2180
6118,2180
6119,2180
6120,262
6121,2180
6122,2180
6123,2180
6124,2180
6125,2180
6126,2180
6127,2180
6128,2180
6129,3090
6130,3090
6131,2180
6132,814
6133,2180
6134,2180
6135,2180
6136,2180
6137,2180
6138,2180
6139,2180
6140,2180
6141,2180
6142,2180
6143,2180
6144,2180
6145,2180
6146,2180
6147,3954
6148,2180
6149,2180
6150,1121
6151,2180
6152,2180
6153,2180
6154,2180
6155,2180
6156,2180
6157,2180
6158,1450
6159,2180
6160,2180
6161,2180
6162,318
6162,992
6163,1576
6164,2180
6165,2180
6166,2180
6167,2751
6167,3243
6168,2180
6169,2180
6170,1877
6170,2074
6170,3159
6170,3869
6171,2640
6171,2834
6172,1052
6172,1340
6173,2180
6174,2180
6175,2180
6176,2180
6177,915
6178,1355
6179,2180
6180,2180
6181,2180
6182,2180
6183,2180
6184,3958
6185,780
6185,3473
6186,2180
6187,2939
6187,2956
6187,3512
6188,2180
6189,2180
6190,2180
6191,2180
6192,2571
6193,2180
6194,2180
6195,2180
6196,2180
6197,890
6198,2180
6199,2180
6200,3159
6201,688
6202,2180
6203,2180
6204,2180
6205,2180
6206,3626
6207,2494
6208,803
6208,1960
6209,2180
6210,728
6211,2180
6212,2180
6213,2180
6214,1238
6215,2180
6216,2180
6217,2180
6218,2180
6219,2180
6220,2117
6220,2703
6220,3863
6221,2180
6222,2277
6223,1934
6224,2180
6225,352
6225,658
6225,1579
6226,481
6226,1282
6226,1388
6227,2180
6228,2180
6229,2180
6230,2180
6231,2180
6232,2180
6233,2180
6234,2180
6235,3299
6235,3504
6236,2180
6237,414
6237,1136
6237,2645
6238,2180
6239,1306
6240,2264
6241,2180
6242,2180
6243,2180
6244,2180
6245,2180
6246,2180
6247,2180
6248,465
6249,2180
6250,2180
6251,2180
6252,2180
6253,2180
6254,2930
6255,2180
6256,2180
6257,2180
6258,2180
6259,2180
6260,2180
6261,2180
6262,1383
6263,2180
6264,2180
6265,3031
6266,2180
6267,2180
6268,2180
6269,2180
6270,2180
6271,2180
6272,2180
6273,2180
6274,2180
6275,2180
6276,2180
6277,3132
6278,2180
6279,2180
6280,2180
6281,2180
6282,2180
6283,2180
6284,2180
6285,2180
6286,2180
6287,2180
6288,2180
6289,480
6290,2180
6291,3402
6292,43
6292,2379
6292,2666
6293,2180
6294,2180
6295,3660
6296,2180
6297,2495
6298,2180
6299,587
6299,1631
6299,3079
6300,1985
6301,2180
6302,2180
6303,2180
6304,595
6304,622
6305,2180
6306,2180
6307,2180
6308,2180
6309,2798
6309,3442
6310,815
6311,2180
6312,2216
6313,2180
6314,1384
6314,3324
6315,2732
6315,3159
6316,2180
6317,2180
6318,2180
6319,1638
6319,2711
6319,2834
6319,3468
6319,3863
6320,2180
6321,142
6322,2180
6323,2180
6324,2180
6325,2180
6326,2180
6327,2180
6328,2180
6329,2180
6330,2180
6331,2180
6332,783
6332,2550
6332,3325
6333,2180
6334,2180
6335,2180
6336,2180
6337,2180
6338,2180
6339,2180
6340,2180
6341,2180
6342,2180
6343,2180
6344,2180
6345,2180
6346,2180
6347,2823
6347,3086
6348,2180
6349,2180
6350,2180
6351,2896
6352,2180
6353,2180
6354,2180
6355,2180
6356,2440
6357,2180
6358,2180
6359,2856
6359,3907
6360,2180
6361,2180
6362,2180
6363,2180
6364,2863
6364,3840
6365,2180
6366,2616
6367,2180
6368,2180
6369,2180
6370,2180
6371,2180
6372,2180
6373,2180
6374,2180
6375,2180
6376,2180
6377,2180
6378,2180
6379,2180
6380,553
6380,666
6380,751
6380,786
6380,993
6380,1678
6380,1767
6381,2180
6382,2180
6383,2180
6384,1076
6384,1684
6384,3198
6384,3907
6385,2180
6386,2180
6387,2180
6388,2180
6389,2180
6390,2180
6391,2180
6392,2180
6393,2180
6394,1322
6394,2477
6394,2692
6394,3050
6394,3462
6395,817
6395,1753
6396,2180
6397,3691
6397,3969
6398,2180
6399,1409
6399,1514
6399,2087
6399,2244
6399,2282
6400,2089
6400,2735
6401,919
6402,3600
6402,3670
6403,2180
6404,2180
6405,2180
6406,2180
6407,2180
6408,487
6408,933
6408,1055
6408,2284
6408,2547
6408,3342
6408,3470
6409,3356
6409,3695
6410,2180
6411,1397
6411,3639
6412,2180
6413,2180
6414,2180
6415,461
6415,537
6415,682
6415,2695
6415,3237
6416,2180
6417,2180
6418,2985
6419,2541
6419,3476
6420,2180
6421,2180
6422,176
6422,2564
6422,3584
6423,2584
6424,390
6424,903
6424,1434
6424,2413
6424,3930
6425,2180
6426,2180
6427,2180
6428,2180
6429,2168
6430,2180
6431,2180
6432,2180
6433,16
6434,2180
6435,613
6436,2180
6437,2180
6438,2180
6439,2180
6440,2180
6441,2180
6442,2180
6443,2180
6444,915
6444,2805
6444,3851
6445,2180
6446,2180
6447,2180
6448,1920
6449,2180
6450,2180
6451,2180
6452,2180
6453,2180
6454,2180
6455,2180
6456,3840
6457,2180
6458,2180
6459,2180
6460,2180
6461,2180
6462,2180
6463,2180
6464,2180
6465,2442
6466,2180
6467,1629
6468,2180
6469,2180
6470,2180
6471,2180
6472,3009
6473,2180
6474,2101
6475,1124
6476,2180
6477,2180
6478,2180
6479,2180
6480,2180
6481,2180
6482,1629
6483,2180
6484,2180
6485,3188
6486,3188
6487,3188
6488,2180
6489,3497
6490,166
6491,1666
6491,3639
6492,2180
6493,703
6493,2937
6493,3512
6494,2180
6495,380
6495,825
6495,2349
6495,3251
6495,3399
6496,2180
6497,1384
6498,2722
6498,3159
6499,2180
6500,2180
6501,2180
6502,2180
6503,2180
6504,1871
6504,2046
6504,3840
6505,2180
6506,2180
6507,2180
6508,2180
6509,2180
6510,2180
6511,2180
6512,2180
6513,2180
6514,2180
6515,2180
6516,2180
6517,2180
6518,2180
6519,2180
6520,2180
6521,2180
6522,2180
6523,2180
6524,2180
6525,2180
6526,2180
6527,3813
6527,3914
6528,3402
6529,2180
6530,2478
6531,975
6531,1335
6531,2015
6531,2210
6531,2400
6532,2180
6533,2180
6534,2180
6535,2180
6536,2180
6537,190
6538,2180
6539,2180
6540,2180
6541,2180
6542,2180
6543,2180
6544,2180
6545,2180
6546,2180
6547,2180
6548,2180
6549,2180
6550,2180
6551,2180
6552,2180
6553,2180
6554,2180
6555,2180
6556,2180
6557,2180
6558,2180
6559,2180
6560,2180
6561,2180
6562,2180
6563,2180
6564,2180
6565,2180
6566,2180
6567,2180
6568,2180
6569,2180
6570,2180
6571,2180
6572,2180
6573,2180
6574,2180
6575,274
6575,2069
6575,2413
6575,2834
6576,2180
6577,2180
6578,1839
6578,2855
6579,2180
6580,2180
6581,2180
6582,2180
6583,2180
6584,696
6585,2180
6586,2180
6587,2180
6588,2180
6589,993
6589,3151
6590,2180
6591,2180
6592,2180
6593,2180
6594,2180
6595,2180
6596,3698
6597,2180
6598,2180
6599,2180
6600,2180
6601,2180
6602,2180
6603,2180
6604,82
6605,2180
6606,2180
6607,2180
6608,2180
6609,2180
6610,2180
6611,3840
6612,1
6612,859
6613,2180
6614,2180
6615,2180
6616,2180
6617,2180
6618,2180
6619,3160
6620,2180
6621,2180
6622,2180
6623,663
6624,2180
6625,805
6625,2834
6626,2180
6627,2180
6628,2180
6629,2180
6630,2180
6631,2180
6632,2180
6633,2180
6634,1187
6634,1234
6634,2003
6635,2603
6635,3947
6636,2180
6637,2180
6638,2180
6639,2180
6640,2180
6641,2194
6642,2180
6643,2180
6644,2180
6645,1741
6646,2180
6647,2180
6648,2180
6649,2180
6650,2180
6651,2180
6652,578
6652,2259
6653,2180
6654,2180
6655,2180
6656,1018
6656,2512
6657,2180
6658,2180
6659,2180
6660,2767
6660,2889
6660,3761
6661,2180
6662,1521
6662,1870
6663,2180
6664,2180
6665,1060
6665,3653
6666,2180
6667,2180
6668,3126
6669,2180
6670,432
6670,1735
6670,2307
6670,3564
6671,2180
6672,2180
6673,2180
6674,2180
6675,2180
6676,2180
6677,729
6677,834
6677,931
6677,2377
6677,2438
6677,3140
6678,2180
6679,2180
6680,2180
6681,647
6682,2180
6683,2180
6684,2180
6685,2180
6686,2180
6687,2180
6688,2180
6689,816
6690,2180
6691,2180
6692,2180
6693,2180
6694,2180
6695,1706
6695,3641
6696,2180
6697,2180
6698,2180
6699,2180
6700,2180
6701,2180
6702,2180
6703,304
6704,2180
6705,2180
6706,2180
6707,2180
6708,3726
6708,3737
6709,2180
6710,2180
6711,2180
6712,2052
6712,2974
6712,3907
6713,2180
6714,2180
6715,2180
6716,2180
6717,3285
6718,2180
6719,2180
6720,2180
6721,26
6721,1399
6721,1559
6722,1203
6722,2257
6723,2180
6724,2180
6725,2180
6726,2180
6727,2180
6728,82
6728,2597
6728,3952
6729,2180
6730,2180
6731,2171
6731,2473
6731,3009
6732,2180
6733,366
6733,1549
6733,2038
6734,2180
6735,2180
6736,2180
6737,2180
6738,2180
6739,2180
6740,2180
6741,2180
6742,2180
6743,2180
6744,1763
6745,2180
6746,1099
6746,3310
6747,2180
6748,2180
6749,2180
6750,2195
6751,2180
6752,2180
6753,2180
6754,2288
6754,3840
6755,2180
6756,1289
6756,3840
6757,2180
6758,2180
6759,2180
6760,2180
6761,2180
6762,2180
6763,2180
6764,2180
6765,2180
6766,2180
6767,2180
6768,569
6768,1855
6769,628
6770,1629
6771,2180
6772,2180
6773,2180
6774,1510
6775,2180
6776,2180
6777,2180
6778,2180
6779,2180
6780,2180
6781,2180
6782,2180
6783,2180
6784,843
6784,1413
6784,2144
6784,2849
6785,2180
6786,2180
6787,2180
6788,2180
6789,2180
6790,1913
6791,2180
6792,2180
6793,2180
6794,3205
6795,980
6796,2180
6797,2180
6798,2180
6799,2180
6800,941
6800,3509
6800,3840
6801,2180
6802,2180
6803,2180
6804,2180
6805,2180
6806,1453
6807,2180
6808,2180
6809,2180
6810,2180
6811,2180
6812,2180
6813,2180
6814,1468
6814,1927
6814,3863
6815,2180
6816,2180
6817,2180
6818,2180
6819,2180
6820,2180
6821,2180
6822,2180
6823,1452
6823,3841
6824,2180
6825,3625
6826,3876
6826,3952
6827,2180
6828,2180
6829,2180
6830,1597
6831,2180
6832,2180
6833,2180
6834,318
6834,740
6835,2180
6836,2180
6837,3262
6838,2180
6839,2180
6840,2180
6841,2180
6842,2180
6843,2180
6844,1684
6844,3876
6845,1330
6846,2180
6847,346
6847,2978
6848,2180
6849,3653
6850,2180
6851,2180
6852,2180
6853,2218
6853,3586
6854,2180
6855,2180
6856,2180
6857,2180
6858,2042
6859,2292
6859,3641
6860,2180
6861,2180
6862,2180
6863,2180
6864,2180
6865,2180
6866,2180
6867,2180
6868,2180
6869,2180
6870,2180
6871,2180
6872,2180
6873,2180
6874,1077
6874,1749
6874,2541
6875,2180
6876,2180
6877,2180
6878,2180
6879,2180
6880,2180
6881,2180
6882,2180
6883,2180
6884,2595
6885,3549
6886,2180
6887,2180
6888,2180
6889,2180
6890,2180
6891,2180
6892,2180
6893,2180
6894,2180
6895,2180
6896,2180
6897,2180
6898,2180
6899,2180
6900,2180
6901,2180
6902,2180
6903,2180
6904,2180
6905,2180
6906,2180
6907,3159
6907,3695
6908,2180
6909,285
6909,1203
6909,3471
6909,3542
6910,2180
6911,2233
6912,2186
6912,3033
6912,3840
6913,2180
6914,2180
6915,2180
6916,2180
6917,2180
6918,2763
6919,2180
6920,2180
6921,2180
6922,511
6923,620
6923,1830
6923,2340
6924,2180
6925,2180
6926,2180
6927,3236
6927,3776
6928,1073
6928,1414
6928,3958
6929,1606
6930,2180
6931,913
6932,2309
6933,2180
6934,2180
6935,2180
6936,438
6937,2180
6938,3173
6939,2180
6940,2180
6941,2180
6942,455
6942,471
6942,3173
6943,1771
6944,2180
6945,2180
6946,2180
6947,2180
6948,2180
6949,2180
6950,3272
6951,2180
6952,2180
6953,2180
6954,2180
6955,2180
6956,2180
6957,2180
6958,2180
6959,2180
6960,2180
6961,2180
6962,1404
6962,2057
6962,3315
6963,3840
6964,3183
6965,2180
6966,2180
6967,2180
6968,2180
6969,2180
6970,2180
6971,2180
6972,2180
6973,2180
6974,2180
6975,2180
6976,2180
6977,2180
6978,353
6979,2180
6980,2541
6980,3496
6981,2180
6982,2180
6983,2180
6984,2180
6985,2180
6986,2180
6987,411
6988,2180
6989,2180
6990,2180
6991,2180
6992,397
6992,2617
6992,3081
6992,3225
6993,3759
6994,1096
6995,2412
6995,3219
6996,2180
6997,3351
6998,2180
6999,2180
7000,2942
7001,2180
7002,2297
7003,2180
7004,2180
7005,2180
7006,1434
7007,920
7008,2180
7009,2180
7010,2180
7011,2180
7012,3718
7012,3958
7013,2159
7013,2279
7013,2599
7014,2180
7015,2180
7016,1390
7016,3356
7016,3467
7017,3514
7018,327
7018,1206
7019,2180
7020,2494
7021,2180
7022,2180
7023,2180
7024,1026
7024,2062
7024,3759
7025,2585
7025,2587
7025,3952
7026,2180
7027,2180
7028,2180
7029,2180
7030,2180
7031,2180
7032,2180
7033,2180
7034,2180
7035,1689
7035,1919
7035,2135
7036,2180
7037,2180
7038,2164
7038,3435
7039,3449
7040,2519
7040,3297
7040,3384
7041,2180
7042,2180
7043,2180
7044,2180
7045,2180
7046,2180
7047,2180
7048,2180
7049,2180
7050,3951
7051,2180
7052,2180
7053,2856
7054,2180
7055,2180
7056,2180
7057,2180
7058,2180
7059,2180
7060,2202
7061,2180
7062,566
7062,2540
7062,2645
7063,2180
7064,2180
7065,2180
7066,2504
7067,2180
7068,2180
7069,2180
7070,2180
7071,2180
7072,3427
7072,3874
7073,2180
7074,2180
7075,2679
7075,3357
7076,2180
7077,2180
7078,2180
7079,2180
7080,2180
7081,630
7081,1244
7081,3371
7082,2180
7083,2180
7084,3944
7085,2180
7086,2180
7087,1031
7087,3324
7087,3427
7087,3435
7088,2180
7089,2180
7090,2180
7091,2180
7092,2180
7093,2180
7094,2180
7095,2180
7096,2180
7097,1414
7097,2232
7098,129
7098,1290
7098,1302
7098,1929
7098,2057
7099,2180
7100,1826
7100,2955
7101,2180
7102,1914
7103,2180
7104,2180
7105,2180
7106,1060
7106,3315
7107,2180
7108,3174
7108,3918
7109,1934
7109,3129
7110,2180
7111,2180
7112,2180
7113,2180
7114,2180
7115,2180
7116,2180
7117,2180
7118,2180
7119,1414
7120,1687
7121,351
7121,1271
7122,2180
7123,2180
7124,2180
7125,2180
7126,2180
7127,2180
7128,2180
7129,2180
7130,3549
7131,2180
7132,2180
7133,2180
7134,2180
7135,2180
7136,2180
7137,2180
7138,2583
7138,2913
7139,2180
7140,2180
7141,2180
7142,1939
7142,2583
7142,3004
7143,2180
7144,2180
7145,2489
7146,670
7146,1211
7146,3489
7147,2180
7148,1913
7149,2180
7150,2180
7151,2180
7152,1941
7153,2180
7154,2180
7155,2180
7156,2180
7157,2180
7158,2180
7159,1008
7159,2595
7160,2180
7161,2180
7162,2180
7163,336
7164,2180
7165,2180
7166,2180
7167,2180
7168,2180
7169,2180
7170,2180
7171,2180
7172,2180
7173,2180
7174,2180
7175,2498
7176,2180
7177,2180
7178,2180
7179,2180
7180,2180
7181,2180
7182,1827
7182,3831
7182,3840
7183,2180
7184,2180
7185,564
7185,750
7186,479
7187,2180
7188,2180
7189,2125
7190,1880
7190,2587
7190,2615
7190,3952
7191,1492
7191,3669
7192,2180
7193,2180
7194,331
7194,3840
7195,1032
7195,3840
7196,2180
7197,2180
7198,2180
7199,2180
7200,2180
7201,2180
7202,2180
7203,2180
7204,2180
7205,2834
7206,541
7206,1833
7207,2180
7208,3840
7209,2180
7210,2180
7211,1414
7211,3018
7211,3314
7211,3958
7212,2180
7213,2180
7214,2180
7215,2180
7216,2180
7217,2180
7218,2180
7219,2180
7220,2180
7221,2180
7222,2180
7223,2180
7224,2180
7225,2180
7226,2180
7227,3366
7228,2180
7229,2180
7230,785
7230,3677
7231,2180
7232,2180
7233,2180
7234,2180
7235,3357
7236,2180
7237,2180
7238,2180
7239,2180
7240,2180
7241,2180
7242,2180
7243,2180
7244,727
7245,2062
7246,2180
7247,2557
7247,2660
7247,3872
7248,2180
7249,2180
7250,2180
7251,2180
7252,2180
7253,2180
7254,2180
7255,2180
7256,1390
7256,1938
7256,2618
7256,3180
7257,2180
7258,2180
7259,2180
7260,2180
7261,108
7262,2180
7263,1768
7264,2180
7265,348
7265,3510
7266,2180
7267,2180
7268,2180
7269,1089
7269,1917
7269,2841
7269,3156
7270,191
7270,200
7270,3833
7270,3969
7271,2180
7272,2609
7272,3952
7273,2180
7274,2180
7275,2180
7276,2180
7277,2180
7278,2180
7279,2180
7280,2180
7281,3231
7282,2180
7283,1239
7284,2180
7285,2180
7286,2180
7287,2180
7288,977
7288,2151
7289,2180
7290,2180
7291,2180
7292,2180
7293,2180
7294,3429
7295,2180
7296,2180
7297,2180
7298,2180
7299,2180
7300,2180
7301,2180
7302,458
7302,772
7303,2180
7304,865
7305,308
7305,1297
7305,2626
7305,2948
7305,3887
7306,345
7306,1167
7306,1603
7306,1996
7306,2598
7306,2961
7306,3914
7307,2180
7308,2180
7309,2180
7310,2180
7311,2180
7312,1311
7312,2719
7313,2180
7314,2180
7315,2180
7316,2180
7317,2180
7318,628
7319,1029
7320,2180
7321,2180
7322,2180
7323,2180
7324,2877
7325,2309
7326,3934
7327,1466
7327,3062
7328,622
7329,2662
7329,2698
7329,3525
7330,990
7330,3263
7331,2180
7332,2180
7333,2180
7334,2180
7335,2180
7336,2180
7337,2180
7338,2180
7339,2180
7340,2180
7341,3729
7342,2442
7343,2180
7344,2180
7345,2190
7345,2454
7345,2798
7346,2180
7347,1854
7348,1854
7349,2180
7350,2180
7351,2180
7352,1854
7353,2180
7354,1349
7354,1802
7355,2180
7356,2180
7357,1013
7357,1389
7357,1439
7357,1551
7357,3771
7358,3724
7359,1203
7360,2180
7361,2180
7362,2180
7363,2128
7364,33
7364,281
7365,88
7365,3639
7365,3783
7366,2264
7367,2180
7368,2180
7369,2180
7370,2180
7371,2180
7372,2180
7373,2180
7374,2180
7375,2180
7376,1594
7376,2780
7376,3840
7377,2180
7378,2180
7379,2180
7380,2180
7381,2180
7382,2180
7383,2180
7384,2180
7385,2180
7386,2180
7387,2180
7388,2180
7389,2180
7390,2180
7391,2180
7392,2180
7393,2180
7394,2180
7395,2180
7396,2180
7397,2180
7398,2180
7399,2180
7400,2180
7401,2180
7402,2180
7403,2180
7404,2180
7405,2180
7406,2180
7407,2180
7408,2180
7409,2180
7410,2180
7411,2180
7412,2180
7413,2180
7414,2180
7415,2180
7416,2180
7417,2180
7418,2180
7419,2180
7420,2180
7421,2180
7422,2180
7423,2180
7424,2180
7425,2180
7426,2180
7427,2180
7428,2180
7429,2180
7430,2180
7431,2180
7432,2180
7433,2180
7434,2180
7435,2180
7436,2180
7437,2180
7438,2180
7439,2180
7440,2180
7441,2180
7442,2180
7443,2180
7444,2180
7445,2180
7446,2180
7447,2180
7448,2180
7449,2180
7450,2180
7451,2180
7452,2180
7453,2180
7454,2180
7455,2180
7456,2180
7457,2180
7458,2180
7459,2180
7460,2180
7461,2180
7462,2180
7463,2180
7464,2180
7465,2180
7466,2180
7467,2180
7468,2180
7469,2180
7470,2180
7471,2180
7472,2180
7473,2180
7474,2180
7475,2180
7476,2180
7477,2180
7478,2180
7479,2180
7480,2180
7481,2180
7482,2180
7483,2180
7484,2180
7485,2180
7486,2180
7487,2180
7488,2180
7489,2180
7490,2180
7491,2180
7492,2180
7493,2180
7494,2180
7495,2180
7496,2180
7497,2180
7498,2180
7499,2180
7500,2180
7501,2180
7502,2180
7503,2180
7504,2180
7505,2180
7506,2180
7507,2180
7508,2180
7509,2180
7510,2180
7511,2180
7512,2180
7513,2180
7514,2180
7515,2180
7516,2180
7517,2180
7518,2180
7519,2180
7520,2180
7521,2180
7522,2180
7523,2180
7524,2180
7525,2180
7526,2180
7527,2180
7528,2180
7529,2180
7530,2180
7531,2180
7532,2180
7533,2180
7534,2180
7535,2180
7536,2180
7537,2180
7538,2180
7539,2180
7540,2180
7541,2180
7542,2180
7543,2180
7544,2180
7545,2180
7546,2180
7547,2180
7548,2180
7549,2180
7550,2180
7551,2180
7552,2180
7553,2180
7554,2180
7555,2180
7556,2180
7557,2180
7558,2180
7559,2180
7560,2180
7561,2180
7562,2180
7563,2180
7564,2180
7565,2180
7566,2180
7567,2180
7568,682
7569,2180
7570,2180
7571,2180
7572,2180
7573,2180
7574,2180
7575,2180
7576,2180
7577,2180
7578,2180
7579,2180
7580,2180
7581,2180
7582,2180
7583,2180
7584,2180
7585,2180
7586,2180
7587,2180
7588,2180
7589,2180
7590,2180
7591,2180
7592,2180
7593,2180
7594,3084
7595,2180
7596,2180
7597,2180
7598,2180
7599,2180
7600,2180
7601,2180
7602,2180
7603,2180
7604,2180
7605,2180
7606,2180
7607,2180
7608,2180
7609,2180
7610,2180
7611,2180
7612,2180
7613,2180
7614,2180
7615,2180
7616,2180
7617,2180
7618,2180
7619,2180
7620,2180
7621,2180
7622,3958
7623,2180
7624,2180
7625,2180
7626,2180
7627,2180
7628,2180
7629,2180
7630,2180
7631,2180
7632,2180
7633,2180
7634,2180
7635,2180
7636,2180
7637,2180
7638,2180
7639,2180
7640,2180
7641,3005
7641,3681
7642,2180
7643,2180
7644,2180
7645,2180
7646,2180
7647,2180
7648,2180
7649,2180
7650,2180
7651,2180
7652,2180
7653,2180
7654,2180
7655,2180
7656,2180
7657,2180
7658,2180
7659,2180
7660,2180
7661,2180
7662,2180
7663,2180
7664,2180
7665,2180
7666,2180
7667,2180
7668,2180
7669,2180
7670,2180
7671,2180
7672,2180
7673,2180
7674,2180
7675,2180
7676,2180
7677,173
7678,2180
7679,2180
7680,2180
7681,2180
7682,2180
7683,2180
7684,2180
7685,2180
7686,2180
7687,2180
7688,2180
7689,2180
7690,2180
7691,2180
7692,2180
7693,2180
7694,2180
7695,2180
7696,2180
7697,2180
7698,2180
7699,2180
7700,2180
7701,2180
7702,2180
7703,2180
7704,2180
7705,2180
7706,2180
7707,2180
7708,2180
7709,2180
7710,2180
7711,2180
7712,2180
7713,2180
7714,2229
7714,3653
7714,3952
7715,2180
7716,2180
7717,2180
7718,2180
7719,2180
7720,2180
7721,2180
7722,2180
7723,2180
7724,2180
7725,2180
7726,2180
7727,2180
7728,2180
7729,2180
7730,2180
7731,2180
7732,2180
7733,2180
7734,2180
7735,2180
7736,2180
7737,2180
7738,2180
7739,2180
7740,2180
7741,2180
7742,2180
7743,2180
7744,1908
7744,1987
7745,2180
7746,2180
7747,2180
7748,2180
7749,2180
7750,2180
7751,2180
7752,2180
7753,1684
7753,2564
7754,2834
7754,3299
7755,2180
7756,2180
7757,2180
7758,2180
7759,2180
7760,2180
7761,2180
7762,2180
7763,2180
7764,2180
7765,2180
7766,2180
7767,2180
7768,2180
7769,2180
7770,2180
7771,2180
7772,2180
7773,2180
7774,2180
7775,2180
7776,2180
7777,2180
7778,2180
7779,2180
7780,2180
7781,2180
7782,2180
7783,2180
7784,2180
7785,2180
7786,2180
7787,2180
7788,2180
7789,2180
7790,2180
7791,2180
7792,2180
7793,2180
7794,2180
7795,2180
7796,2180
7797,2180
7798,2180
7799,2180
7800,2180
7801,2180
7802,2180
7803,2180
7804,2180
7805,2180
7806,2180
7807,2180
7808,2180
7809,2180
7810,2180
7811,2180
7812,2180
7813,2180
7814,2180
7815,2180
7816,2180
7817,2180
7818,2180
7819,2180
7820,2180
7821,2180
7822,2180
7823,2180
7824,2180
7825,2180
7826,2180
7827,2180
7828,2180
7829,2180
7830,2180
7831,2180
7832,2180
7833,2180
7834,2180
7835,2180
7836,2180
7837,2180
7838,2180
7839,2180
7840,2180
7841,2180
7842,2180
7843,2180
7844,2180
7845,2180
7846,2180
7847,2180
7848,2180
7849,2180
7850,2180
7851,2180
7852,2180
7853,2180
7854,2180
7855,2180
7856,2180
7857,2180
7858,2180
7859,2180
7860,2180
7861,2180
7862,2180
7863,2180
7864,2180
7865,2180
7866,2180
7867,2180
7868,2180
7869,2180
7870,2180
7871,2180
7872,2180
7873,2180
7874,2180
7875,2180
7876,2180
7877,2180
7878,2180
7879,2180
7880,2180
7881,2180
7882,2180
7883,2180
7884,2180
7885,2180
7886,2180
7887,2180
7888,2180
7889,2180
7890,2180
7891,2180
7892,2180
7893,2180
7894,2180
7895,2180
7896,2180
7897,2180
7898,2180
7899,2180
7900,2180
7901,3123
7902,2180
7903,2180
7904,2180
7905,2180
7906,2180
7907,2180
7908,2180
7909,2180
7910,2180
7911,2180
7912,2180
7913,2180
7914,2180
7915,2180
7916,2180
7917,2180
7918,2180
7919,2180
7920,2180
7921,2180
7922,2180
7923,2180
7924,2180
7925,2180
7926,2180
7927,2180
7928,2180
7929,2180
7930,2180
7931,2180
7932,2180
7933,2180
7934,2180
7935,2180
7936,2180
7937,2180
7938,2180
7939,2180
7940,2180
7941,2180
7942,2180
7943,2180
7944,2180
7945,2180
7946,2180
7947,2180
7948,2180
7949,2180
7950,2180
7951,2180
7952,2180
7953,2180
7954,2180
7955,2180
7956,2180
7957,2180
7958,2180
7959,2180
7960,2180
7961,2180
7962,2180
7963,2180
7964,461
7964,537
7964,682
7964,2695
7964,3237
7965,2180
7966,2180
7967,2180
7968,2180
7969,2180
7970,2180
7971,2180
7972,2180
7973,2180
7974,2180
7975,2180
7976,2180
7977,2180
7978,2180
7979,2180
7980,2180
7981,2180
7982,2180
7983,2180
7984,2180
7985,2180
7986,2180
7987,2180
7988,2180
7989,2180
7990,2180
7991,2180
7992,2180
7993,2180
7994,2180
7995,2180
7996,2180
7997,2180
7998,2180
7999,2180
8000,2180
8001,2180
8002,2180
8003,2180
8004,2180
8005,2180
8006,2180
8007,2180
8008,3940
8009,2180
8010,2180
8011,2180
8012,2180
8013,2180
8014,2180
8015,2180
8016,2180
8017,2180
8018,2180
8019,2180
8020,2180
8021,2180
8022,2180
8023,2180
8024,2180
8025,2180
8026,2180
8027,1717
8028,2180
8029,2180
8030,873
8030,1057
8031,2180
8032,2180
8033,2180
8034,2180
8035,2180
8036,2180
8037,2180
8038,2180
8039,2180
8040,2180
8041,2180
8042,2180
8043,2180
8044,2711
8044,3154
8045,2180
8046,2180
8047,2180
8048,2180
8049,2180
8050,2180
8051,2180
8052,870
8053,2180
8054,2180
8055,2180
8056,2180
8057,2350
8058,2180
8059,2180
8060,2180
8061,2180
8062,2180
8063,2180
8064,2180
8065,2180
8066,2180
8067,2180
8068,2180
8069,518
8069,1289
8069,2939
8070,2180
8071,2180
8072,2180
8073,2180
8074,2180
8075,2180
8076,2180
8077,2180
8078,2180
8079,2180
8080,2180
8081,2180
8082,2180
8083,2180
8084,2180
8085,2180
8086,2180
8087,2180
8088,2180
8089,2180
8090,2180
8091,2180
8092,2180
8093,2180
8094,2180
8095,2180
8096,2180
8097,2180
8098,2180
8099,2180
8100,2981
8101,1424
8101,2256
8102,2180
8103,2180
8104,2180
8105,2180
8106,2180
8107,2180
8108,2180
8109,2180
8110,2180
8111,2180
8112,2180
8113,2180
8114,2180
8115,2180
8116,2180
8117,2180
8118,2180
8119,2180
8120,2180
8121,2180
8122,2180
8123,921
8124,2180
8125,2180
8126,2180
8127,2180
8128,2180
8129,2180
8130,2180
8131,2180
8132,2180
8133,2180
8134,2180
8135,2180
8136,2180
8137,2180
8138,57
8139,2180
8140,2180
8141,2180
8142,2180
8143,2180
8144,2180
8145,2180
8146,2180
8147,2180
8148,2180
8149,2180
8150,2180
8151,2180
8152,2180
8153,2583
8153,3537
8154,2180
8155,2180
8156,623
8157,2180
8158,2691
8158,3651
8159,2180
8160,2180
8161,2180
8162,2180
8163,2180
8164,3435
8164,3813
8165,2180
8166,2050
8167,2180
8168,2180
8169,2180
8170,2180
8171,2180
8172,2180
8173,2180
8174,2180
8175,2180
8176,2180
8177,2180
8178,2180
8179,2180
8180,2180
8181,2180
8182,2180
8183,2180
8184,1838
8184,2505
8185,2180
8186,2180
8187,1854
8188,2180
8189,2180
8190,2180
8191,2180
8192,2180
8193,2180
8194,2180
8195,2180
8196,632
8196,2345
8196,3512
8196,3863
8197,2180
8198,2159
8198,3603
8199,2180
8200,2180
8201,3965
8202,2180
8203,2180
8204,2180
8205,632
8205,2587
8205,3958
8206,2180
8207,2180
8208,2180
8209,879
8209,3526
8210,2180
8211,1632
8212,3526
8213,566
8214,2444
8214,3914
8215,761
8216,2180
8217,2180
8218,109
8219,2180
8220,2180
8221,2180
8222,3086
8223,2180
8224,2245
8225,3526
8226,2180
8227,2442
8228,2180
8229,2442
8230,2180
8231,2180
8232,2180
8233,2180
8234,3452
8235,2180
8236,3841
8237,2180
8238,1750
8239,2180
8240,2180
8241,2180
8242,1612
8242,2155
8243,2245
8244,2180
8245,1079
8245,1841
8246,2180
8247,3526
8248,2245
8249,2180
8250,2180
8251,2273
8252,3809
8253,2180
8254,3348
8255,2180
8256,934
8256,2282
8257,3224
8258,494
8258,2292
8258,3915
8259,2292
8259,3641
8260,2292
8260,3641
8261,1389
8261,1517
8261,3771
8262,2180
8263,2180
8264,703
8264,3766
8265,2180
8266,2180
8267,483
8267,3337
8268,3803
8269,2180
8270,2180
8271,317
8271,3526
8272,2180
8273,2180
8274,2180
8275,1392
8275,3962
8276,2180
8277,2180
8278,2180
8279,2180
8280,2180
8281,2180
8282,2180
8283,2180
8284,2180
8285,2180
8286,2180
8287,2180
8288,2180
8289,196
8290,2180
8291,2345
8292,2245
8293,2180
8294,3526
8295,2180
8296,495
8296,1443
8297,2180
8298,2180
8299,2180
8300,2180
8301,2180
8302,2180
8303,2180
8304,2180
8305,143
8306,2180
8307,1096
8307,1610
8308,2180
8309,2180
8310,1541
8311,1724
8312,3958
8313,2245
8314,2180
8315,2180
8316,2180
8317,2180
8318,578
8318,1343
8319,3346
8320,2180
8321,2997
8321,3526
8322,2180
8323,2180
8324,2180
8325,2180
8326,2232
8326,3159
8326,3831
8327,86
8327,979
8328,1121
8328,2440
8328,3840
8329,2245
8330,2180
8331,2180
8332,3526
8333,2245
8334,2180
8335,2180
8336,2180
8337,2180
8338,2180
8339,2180
8340,2180
8341,2588
8341,3233
8342,3565
8342,3719
8343,2180
8344,3815
8345,2180
8346,2180
8347,2180
8348,2180
8349,2180
8350,2180
8351,2180
8352,1614
8352,3636
8353,2095
8353,3625
8354,2180
8355,2180
8356,2180
8357,2180
8358,2180
8359,2180
8360,2303
8361,2180
8362,2180
8363,2180
8364,2180
8365,2180
8366,730
8367,2180
8368,2180
8369,2180
8370,2180
8371,3901
8372,2180
8373,2494
8374,2180
8375,2180
8376,2180
8377,2292
8377,3636
8378,2180
8379,2180
8380,2180
8381,2180
8382,2180
8383,48
8383,1687
8384,2180
8385,2180
8386,2180
8387,2180
8388,2180
8389,2180
8390,2180
8391,3662
8392,2180
8393,2180
8394,2180
8395,2180
8396,2180
8397,1802
8397,1827
8397,2372
8397,3121
8397,3412
8398,397
8398,1932
8398,2629
8399,2180
8400,768
8400,1579
8401,2180
8402,2180
8403,2180
8404,2180
8405,2180
8406,2180
8407,2180
8408,515
8409,2180
8410,2180
8411,2180
8412,2180
8413,1410
8413,2541
8414,2180
8415,2270
8415,2864
8416,2180
8417,2180
8418,1272
8419,479
8419,2943
8419,3468
8420,479
8420,2943
8420,3682
8421,2180
8422,2180
8423,2180
8424,2180
8425,2180
8426,41
8426,2729
8426,3203
8426,3236
8426,3297
8426,3863
8427,1031
8427,1526
8428,2180
8429,2180
8430,2180
8431,2180
8432,2180
8433,1
8434,2180
8435,2180
8436,1371
8437,2180
8438,2180
8439,2180
8440,2180
8441,1468
8441,3175
8442,3024
8443,2180
8444,2180
8445,482
8445,1464
8445,1696
8445,3414
8446,1839
8447,2180
8448,2180
8449,1669
8449,2244
8449,2780
8449,3840
8450,2180
8451,2180
8452,2180
8453,2180
8454,2180
8455,331
8455,1478
8455,3616
8455,3667
8456,2180
8457,705
8457,815
8457,1350
8457,1940
8457,2615
8457,3435
8458,826
8458,1096
8459,2180
8460,2180
8461,1187
8461,3738
8462,2180
8463,2180
8464,98
8464,1979
8464,3588
8464,3881
8465,2180
8466,632
8466,767
8466,2561
8466,3512
8467,2287
8467,2829
8468,24
8468,3813
8469,2180
8470,2180
8471,2180
8472,1039
8472,1620
8472,2748
8473,3807
8474,2180
8475,2180
8476,2180
8477,3009
8478,2180
8479,2180
8480,2180
8481,2180
8482,2180
8483,130
8483,3925
8484,1657
8484,3914
8485,2180
8486,2180
8487,2180
8488,2180
8489,632
8489,2345
8490,673
8490,1414
8491,2180
8492,3719
8492,3921
8493,688
8493,1725
8493,2666
8494,2180
8495,3059
8495,3343
8496,2180
8497,2180
8498,2180
8499,2180
8500,2180
8501,2180
8502,2180
8503,2180
8504,2180
8505,2180
8506,487
8506,1055
8506,3639
8507,2180
8508,958
8508,2026
8508,3700
8508,3869
8509,2180
8510,2180
8511,2180
8512,2180
8513,2954
8514,2180
8515,2180
8516,2180
8517,2180
8518,2180
8519,939
8519,3952
8520,2384
8520,2921
8520,3389
8521,2180
8522,2180
8523,3452
8524,131
8524,3918
8525,2513
8525,2849
8526,1763
8527,2180
8528,2180
8529,3354
8530,410
8531,2211
8532,2180
8533,2180
8534,2180
8535,887
8536,2180
8537,2180
8538,2180
8539,2180
8540,2180
8541,2180
8542,2180
8543,2180
8544,2180
8545,2711
8545,3719
8546,3356
8546,3424
8547,2180
8548,2180
8549,2180
8550,3759
8551,2180
8552,2180
8553,2180
8554,1403
8555,3469
8555,3616
8556,2180
8557,2180
8558,546
8558,2107
8558,2541
8559,2180
8560,752
8561,1517
8561,2834
8561,2879
8561,3282
8562,2180
8563,2180
8564,2180
8565,2180
8566,2180
8567,2180
8568,772
8569,2180
8570,2166
8571,2180
8572,2180
8573,2180
8574,2505
8575,2180
8576,2180
8577,2180
8578,2180
8579,387
8579,3473
8580,3840
8581,2180
8582,2180
8583,2180
8584,2180
8585,2180
8586,2180
8587,74
8587,1414
8587,3691
8587,3958
8588,2180
8589,2180
8590,2180
8591,2180
8592,2180
8593,2180
8594,2180
8595,3809
8595,3840
8596,2180
8597,2180
8598,2180
8599,2180
8600,830
8600,873
8600,3846
8601,2180
8602,2180
8603,2650
8604,2180
8605,2180
8606,2180
8607,2180
8608,2180
8609,2180
8610,1765
8611,2180
8612,124
8612,2292
8612,3536
8612,3869
8613,1498
8614,2180
8615,2180
8616,2180
8617,2180
8618,2180
8619,2180
8620,2180
8621,2180
8622,2180
8623,2180
8624,2180
8625,2180
8626,2180
8627,3914
8628,2180
8629,2961
8630,2180
8631,2180
8632,2608
8633,2180
8634,2180
8635,2180
8636,2180
8637,2180
8638,2180
8639,2180
8640,2180
8641,2180
8642,2180
8643,2180
8644,2180
8645,2180
8646,443
8646,1695
8646,3822
8647,3024
8648,2180
8649,2180
8650,2180
8651,171
8651,810
8651,1328
8651,3219
8652,2180
8653,2180
8654,2180
8655,2180
8656,2180
8657,2859
8658,2180
8659,3621
8660,3901
8661,3243
8662,2180
8663,3473
8663,3522
8663,3813
8664,2180
8665,2971
8666,2180
8667,957
8668,2180
8669,2180
8670,2180
8671,2180
8672,1611
8672,1824
8672,2857
8673,803
8673,1377
8673,1697
8673,1765
8674,2180
8675,3187
8676,2180
8677,2180
8678,2180
8679,2180
8680,2180
8681,346
8682,2180
8683,2180
8684,2180
8685,2180
8686,2180
8687,2180
8688,1956
8689,2180
8690,810
8690,1753
8690,1947
8691,2180
8692,3078
8693,2180
8694,2180
8695,2180
8696,2180
8697,2180
8698,2180
8699,1953
8700,2180
8701,3759
8702,2180
8703,494
8704,1522
8704,3243
8705,2180
8706,1880
8706,2457
8707,2180
8708,2180
8709,3813
8710,2180
8711,2588
8712,566
8712,1988
8712,2289
8712,3435
8713,3813
8714,2892
8714,3261
8715,259
8716,3775
8717,3813
8718,192
8718,3616
8719,2218
8719,3531
8720,276
8720,1414
8720,1556
8721,2180
8722,308
8722,2740
8722,2950
8722,3383
8723,1687
8723,1857
8723,3389
8724,2180
8725,2180
8726,2180
8727,2180
8728,3616
8729,2180
8730,2180
8731,2180
8732,2180
8733,2180
8734,2180
8735,2180
8736,2180
8737,2180
8738,2180
8739,2180
8740,1223
8740,3283
8740,3343
8741,2180
8742,2180
8743,2180
8744,2180
8745,2180
8746,2180
8747,2180
8748,2180
8749,2180
8750,2180
8751,2180
8752,2180
8753,2180
8754,2180
8755,1439
8755,1611
8755,2244
8756,2180
8757,2847
8758,2180
8759,2180
8760,1079
8760,1288
8760,1410
8761,2180
8762,2180
8763,2180
8764,460
8764,1282
8764,1342
8765,2180
8766,2180
8767,2180
8768,1410
8768,2325
8769,2180
8770,2180
8771,1291
8772,2180
8773,2180
8774,2180
8775,486
8775,1714
8775,2079
8776,2180
8777,2180
8778,2180
8779,2180
8780,147
8781,2834
8781,3299
8782,2180
8783,3840
8784,2180
8785,2180
8786,2180
8787,2180
8788,1096
8789,372
8789,681
8789,3437
8790,2180
8791,2180
8792,118
8793,2180
8794,2276
8795,1311
8795,2719
8796,566
8796,1769
8796,3619
8797,2081
8797,2232
8797,2856
8798,2180
8799,2180
8800,2180
8801,2180
8802,2180
8803,2180
8804,762
8805,2180
8806,2180
8807,2180
8808,2180
8809,2180
8810,2180
8811,2180
8812,2180
8813,2180
8814,2180
8815,2180
8816,2180
8817,2180
8818,2586
8819,2180
8820,2180
8821,2180
8822,2180
8823,1096
8823,3081
8824,1474
8824,2287
8825,2180
8826,2180
8827,2239
8827,3159
8827,3762
8828,2180
8829,282
8829,308
8829,3447
8830,2180
8831,2180
8832,433
8832,1802
8833,2180
8834,2180
8835,2180
8836,125
8836,2469
8837,820
8837,1332
8837,3759
8838,478
8838,1753
8839,2180
8840,939
8840,3864
8841,2180
8842,1036
8842,1468
8843,2180
8844,2180
8845,2180
8846,2180
8847,2180
8848,2180
8849,2180
8850,2180
8851,2180
8852,2180
8853,2180
8854,2180
8855,1726
8855,2538
8856,2180
8857,2180
8858,2180
8859,37
8859,669
8860,941
8860,1116
8860,2188
8860,2902
8860,3287
8861,2180
8862,1577
8862,3453
8862,3930
8863,322
8863,2857
8863,3000
8863,3036
8863,3626
8864,2180
8865,203
8865,823
8865,3040
8866,2180
8867,2180
8868,2180
8869,2180
8870,2180
8871,2180
8872,2180
8873,3911
8874,2180
8875,718
8875,858
8875,1447
8875,2506
8876,3873
8877,2180
8878,2615
8878,2798
8878,3186
8878,3958
8879,2180
8880,2180
8881,2180
8882,2180
8883,176
8883,3952
8884,3611
8885,1829
8885,2792
8886,2180
8887,2180
8888,2180
8889,803
8890,1345
8890,2711
8890,2834
8891,984
8892,3073
8892,3958
8893,731
8893,2961
8894,2180
8895,1263
8895,1402
8896,2180
8897,2180
8898,486
8898,2711
8899,410
8899,3854
8900,469
8900,641
8900,873
8901,2180
8902,2180
8903,2180
8904,2180
8905,2180
8906,12
8906,1044
8906,1137
8906,1142
8906,3688
8907,23
8907,1474
8908,2180
8909,2180
8910,2180
8911,2180
8912,2180
8913,2180
8914,762
8914,1340
8914,1552
8915,2180
8916,2180
8917,2180
8918,1425
8918,1887
8918,2029
8919,2180
8920,2180
8921,3423
8922,804
8923,1590
8923,2857
8924,2180
8925,2180
8926,2180
8927,260
8928,2180
8929,2180
8930,2180
8931,2960
8932,2180
8933,45
8933,554
8934,2180
8935,2180
8936,805
8937,1468
8938,642
8938,3173
8939,2328
8940,3840
8941,137
8941,602
8941,1841
8941,3840
8942,815
8943,2180
8944,2180
8945,2180
8946,699
8946,1669
8947,2180
8948,2180
8949,2180
8950,217
8951,2180
8952,2180
8953,2180
8954,2418
8954,3914
8955,2180
8956,2180
8957,2180
8958,2180
8959,2180
8960,2180
8961,2180
8962,1753
8962,1966
8962,3571
8963,2180
8964,2180
8965,2180
8966,412
8967,2180
8968,2180
8969,1154
8969,2872
8969,3396
8969,3719
8970,2180
8971,2180
8972,1248
8972,3324
8972,3585
8972,3914
8973,1856
8973,2618
8973,3177
8974,3719
8975,3120
8976,2180
8977,628
8978,2180
8979,2180
8980,2180
8981,2180
8982,2180
8983,2180
8984,2180
8985,2180
8986,2180
8987,2180
8988,2180
8989,2180
8990,2180
8991,478
8991,1333
8992,2180
8993,1947
8994,2180
8995,2180
8996,3840
8997,2180
8998,3554
8999,2180
9000,2180
9001,2864
9002,2180
9003,2180
9004,2180
9005,2508
9006,2180
9007,2180
9008,2180
9009,2180
9010,2180
9011,2180
9012,3532
9013,2180
9014,2180
9015,331
9015,2289
9015,2798
9015,3958
9016,2180
9017,2180
9018,2180
9019,2180
9020,1573
9021,959
9021,3493
9022,2409
9022,2432
9022,2780
9023,2180
9024,2180
9025,2180
9026,2180
9027,2180
9028,2180
9029,2180
9030,2180
9031,2180
9032,2180
9033,2180
9034,2180
9035,1977
9035,3443
9035,3708
9036,555
9036,1518
9036,1967
9037,2180
9038,2372
9038,3596
9039,2180
9040,2180
9041,2180
9042,1905
9042,2298
9043,2180
9044,2636
9045,2180
9046,2865
9047,2180
9048,2180
9049,2180
9050,2180
9051,2180
9052,2180
9053,2180
9054,2180
9055,2180
9056,2180
9057,302
9057,3680
9058,1188
9059,2387
9060,2180
9061,738
9062,2586
9063,281
9063,2302
9064,1304
9064,1502
9065,2180
9066,2180
9067,2180
9068,2588
9068,3310
9068,3386
9069,1324
9069,1335
9069,3958
9070,848
9070,2743
9071,609
9072,461
9072,2274
9072,3550
9073,461
9073,2274
9073,3550
9074,2180
9075,2180
9076,810
9076,1431
9076,3715
9077,2180
9078,1266
9078,2055
9078,2644
9078,3485
9079,431
9079,667
9079,1416
9079,2313
9079,2618
9079,3930
9080,2277
9080,2998
9081,2180
9082,2180
9083,1079
9083,1765
9083,2876
9084,3319
9085,2180
9086,2180
9087,2180
9088,2180
9089,2180
9090,2180
9091,2180
9092,1245
9092,1844
9092,1999
9092,2946
9093,1534
9093,2814
9094,2180
9095,2180
9096,2180
9097,2180
9098,2180
9099,2180
9100,2180
9101,2180
9102,746
9102,3785
9103,2180
9104,94
9104,134
9105,955
9106,2180
9107,2180
9108,2180
9109,2180
9110,2180
9111,2180
9112,2180
9113,2180
9114,2180
9115,2180
9116,2180
9117,2180
9118,2180
9119,475
9119,1119
9119,1675
9120,2180
9121,2180
9122,2180
9123,2180
9124,2180
9125,2180
9126,2180
9127,2180
9128,3187
9129,2180
9130,2180
9131,2180
9132,2180
9133,2180
9134,2180
9135,2180
9136,2180
9137,2180
9138,2180
9139,3848
9140,77
9140,470
9140,933
9140,1315
9140,1572
9140,1719
9140,2332
9140,2467
9140,3400
9140,3795
9140,3957
9141,2180
9142,2180
9143,2180
9144,1483
9144,1959
9144,3748
9145,2180
9146,2180
9147,2180
9148,788
9149,2180
9150,3110
9151,160
9151,328
9151,1336
9152,1791
9153,2180
9154,2180
9155,2180
9156,2180
9157,2180
9158,2180
9159,2180
9160,2180
9161,2218
9161,3531
9162,2180
9163,2180
9164,2180
9165,2180
9166,2180
9167,2794
9167,3039
9168,2180
9169,2180
9170,2180
9171,2180
9172,2180
9173,2180
9174,2180
9175,2180
9176,2180
9177,2180
9178,2180
9179,2180
9180,2180
9181,2180
9182,479
9182,1468
9182,2943
9183,2180
9184,2180
9185,1382
9186,582
9186,3649
9187,2180
9188,321
9188,956
9189,596
9189,1412
9190,705
9190,3435
9191,2180
9192,3840
9193,1278
9193,3060
9193,3468
9194,2180
9195,940
9195,3137
9196,2180
9197,903
9197,2463
9198,2180
9199,1630
9200,1414
9201,1993
9202,2180
9203,3840
9204,2180
9205,2180
9206,2180
9207,2180
9208,2180
9209,1977
9209,2273
9209,3443
9210,2180
9211,1934
9211,2501
9211,2590
9211,3297
9211,3863
9212,2180
9213,1488
9213,1870
9213,1880
9213,2585
9214,2180
9215,2180
9216,3793
9217,2180
9218,2180
9219,2962
9219,3589
9220,2180
9221,2180
9222,344
9222,3804
9223,3804
9224,1820
9224,2880
9224,3804
9225,304
9226,2180
9227,2180
9228,2715
9229,1407
9229,2204
9229,2394
9230,2180
9231,2180
9232,3724
9233,2180
9234,1696
9235,2180
9236,1384
9236,3512
9236,3536
9236,3863
9237,2180
9238,2180
9239,2775
9239,3881
9240,1700
9241,1578
9242,2180
9243,2180
9244,2180
9245,2180
9246,2180
9247,2180
9248,2180
9249,2180
9250,1137
9250,3958
9251,895
9251,3368
9252,2941
9253,2180
9254,2180
9255,579
9255,3536
9256,2444
9257,1777
9257,2823
9257,3243
9258,1226
9258,3785
9259,2180
9260,2180
9261,2180
9262,2180
9263,1414
9263,1992
9263,3840
9264,2180
9265,3858
9265,3928
9265,3958
9266,3520
9266,3719
9267,2180
9268,3120
9268,3204
9268,3226
9269,2180
9270,2180
9271,2180
9272,2180
9273,2180
9274,3804
9275,3724
9275,3804
9276,2180
9277,2180
9278,1281
9278,1855
9279,2180
9280,2180
9281,1511
9282,2180
9283,2180
9284,2180
9285,2180
9286,2180
9287,506
9287,753
9287,2576
9288,2180
9289,2180
9290,2180
9291,1518
9292,2180
9293,1802
9293,2864
9294,3840
9295,2180
9296,2701
9297,915
9297,941
9297,1434
9297,3612
9298,2180
9299,1070
9299,3840
9299,3933
9300,304
9301,3840
9302,2180
9303,2180
9304,149
9304,369
9304,1188
9304,1574
9304,2694
9304,3909
9305,888
9305,3958
9306,2180
9307,1948
9307,3910
9308,3587
9309,2180
9310,1516
9310,2875
9311,2180
9312,1153
9313,2180
9314,2379
9315,811
9316,515
9316,2678
9317,768
9318,2180
9319,856
9319,1471
9319,1797
9319,2206
9319,3219
9320,2180
9321,3804
9322,2180
9323,2180
9324,2111
9324,3563
9325,784
9325,3014
9325,3958
9326,331
9326,2285
9326,3428
9327,2180
9328,1077
9329,2180
9330,46
9331,2180
9332,261
9332,881
9332,1246
9333,1098
9333,2017
9334,2180
9335,2180
9336,1382
9337,2180
9338,2180
9339,2180
9340,2180
9341,2180
9342,2180
9343,2180
9344,2180
9345,2180
9346,2268
9346,3059
9347,2219
9347,3394
9348,308
9348,1414
9348,3430
9349,2180
9350,490
9350,1112
9350,3295
9351,3907
9351,3967
9352,2180
9353,3220
9354,2180
9355,2295
9356,1079
9357,741
9357,1707
9357,3719
9358,2180
9359,2180
9360,2180
9361,68
9361,2897
9362,2180
9363,2180
9364,2180
9365,2180
9366,2180
9367,2180
9368,1763
9369,2180
9370,2180
9371,2180
9372,826
9373,1093
9373,1393
9373,3840
9374,2445
9375,16
9375,724
9375,1204
9375,3683
9376,3236
9376,3473
9377,3383
9378,2180
9379,2180
9380,16
9380,724
9380,1204
9380,3683
9381,1966
9382,103
9382,3336
9383,2180
9384,2180
9385,2180
9386,616
9387,1623
9388,2180
9389,19
9389,176
9389,1050
9390,2736
9391,2180
9392,2180
9393,2180
9394,2180
9395,2180
9396,2180
9397,3726
9398,1172
9398,3233
9399,2180
9400,2180
9401,2180
9402,2180
9403,2180
9404,2180
9405,2180
9406,2180
9407,2180
9408,2180
9409,2180
9410,2180
9411,2180
9412,2180
9413,1096
9413,3840
9414,2180
9415,2180
9416,2180
9417,2180
9418,2180
9419,616
9419,1246
9419,3146
9419,3277
9420,2180
9421,2180
9422,1450
9422,3187
9423,2180
9424,2180
9425,220
9425,1586
9425,2451
9425,2618
9425,2870
9426,3122
9426,3840
9427,2180
9428,2180
9429,2661
9430,2088
9431,2180
9432,1451
9433,1465
9433,2821
9434,2180
9435,2180
9436,336
9436,2022
9437,2260
9438,2683
9439,2180
9440,2452
9440,3935
9441,2180
9442,1942
9442,2333
9442,2670
9442,2932
9443,2180
9444,628
9445,55
9445,257
9445,751
9445,3714
9446,1712
9447,2180
9448,2180
9449,2180
9450,2180
9451,2180
9452,2180
9453,2180
9454,2180
9455,2180
9456,2180
9457,2180
9458,2180
9459,1606
9459,3610
9460,2224
9461,1630
9461,1657
9462,2180
9463,2180
9464,240
9465,2169
9465,3213
9466,2180
9467,2180
9468,2180
9469,2180
9470,2180
9471,2180
9472,2180
9473,2180
9474,2180
9475,1617
9475,3840
9476,2180
9477,960
9477,1498
9478,2180
9479,2180
9480,2180
9481,2180
9482,2180
9483,2180
9484,2180
9485,2180
9486,1167
9486,2116
9487,2180
9488,2180
9489,2030
9490,2180
9491,410
9492,2180
9493,2180
9494,2180
9495,84
9495,1113
9495,1468
9496,1100
9496,2404
9497,421
9497,529
9497,1810
9497,2159
9497,3393
9498,2180
9499,3840
9500,2180
9501,2180
9502,870
9502,1183
9503,2180
9504,1713
9504,2187
9504,2866
9505,3018
9505,3835
9506,2180
9507,479
9507,1215
9507,1728
9507,2518
9507,3590
9508,90
9508,1728
9508,3776
9509,807
9509,984
9509,3922
9510,1138
9510,2870
9510,3930
9511,2180
9512,2441
9513,628
9514,2180
9515,2180
9516,2180
9517,973
9517,2421
9517,3195
9518,2180
9519,2180
9520,2180
9521,2180
9522,2180
9523,2180
9524,2849
9524,3087
9525,1392
9526,238
9526,1410
9526,2494
9526,3315
9526,3581
9526,3829
9527,2180
9528,2401
9528,2440
9529,2180
9530,2050
9531,2180
9532,2180
9533,2180
9534,2180
9535,2180
9536,2180
9537,2180
9538,1936
9538,2509
9538,3282
9539,73
9539,1472
9539,3536
9540,718
9540,858
9540,1447
9540,2506
9541,2086
9541,3409
9542,1889
9542,3316
9542,3870
9543,2180
9544,2180
9545,2180
9546,2588
9547,2180
9548,2180
9549,2180
9550,2180
9551,2180
9552,135
9552,3382
9553,2180
9554,2180
9555,2180
9556,2180
9557,2180
9558,2180
9559,2180
9560,2180
9561,2180
9562,2180
9563,2180
9564,2180
9565,2180
9566,2180
9567,2180
9568,2180
9569,2180
9570,2180
9571,2180
9572,2180
9573,2180
9574,197
9574,2815
9575,3155
9576,2180
9577,2180
9578,878
9578,2065
9578,3814
9579,3429
9580,3840
9581,1276
9581,3887
9582,2100
9582,3438
9583,909
9583,1181
9583,2777
9583,2849
9583,3130
9584,2522
9584,2541
9585,1751
9585,3762
9586,810
9586,1947
9587,2180
9588,2180
9589,2180
9590,2180
9591,2180
9592,2180
9593,2180
9594,678
9594,1141
9594,1218
9594,1660
9595,566
9595,3927
9596,1096
9596,2289
9596,3914
9597,2180
9598,2180
9599,3840
9600,1934
9601,2180
9602,2180
9603,2180
9604,2180
9605,2180
9606,2180
9607,2180
9608,2180
9609,2180
9610,1070
9610,1822
9610,2906
9611,2180
9612,1468
9612,2961
9613,622
9613,1653
9613,1764
9614,2180
9615,2180
9616,2180
9617,2533
9618,2180
9619,2180
9620,2180
9621,274
9621,567
9621,1728
9622,2180
9623,2180
9624,2180
9625,2180
9626,2180
9627,2180
9628,2180
9629,913
9630,913
9631,913
9632,913
9633,913
9634,913
9635,2180
9636,1072
9637,2180
9638,274
9638,3743
9639,3525
9640,2180
9641,2180
9642,2180
9643,1478
9643,2328
9643,3192
9644,2180
9645,1956
9646,2180
9647,2180
9648,2180
9649,255
9649,703
9650,2666
9650,3088
9651,547
9651,2061
9651,2307
9651,3282
9651,3875
9652,2180
9653,484
9654,525
9654,3512
9655,767
9655,1838
9656,1182
9656,1514
9656,1735
9657,1410
9657,3568
9658,3840
9659,2520
9659,3094
9660,395
9660,1058
9660,1934
9661,2180
9662,2180
9663,2180
9664,2180
9665,2180
9666,2180
9667,2180
9668,2180
9669,2180
9670,2180
9671,2180
9672,2180
9673,2180
9674,2180
9675,3157
9676,2180
9677,2180
9678,2180
9679,2180
9680,101
9681,2180
9682,2180
9683,2180
9684,2180
9685,2180
9686,3813
9687,183
9687,1641
9687,3536
9688,2180
9689,2180
9690,2382
9690,3195
9691,1972
9692,2180
9693,2180
9694,2180
9695,1194
9696,2180
9697,1633
9697,3859
9698,2180
9699,2180
9700,2180
9701,2220
9701,2944
9702,2180
9703,2180
9704,1942
9704,3102
9705,406
9705,1439
9705,1641
9705,1962
9706,2180
9707,2929
9708,2180
9709,2180
9710,2180
9711,201
9711,302
9711,1095
9711,1560
9711,2382
9711,3195
9711,3680
9711,3716
9712,1598
9713,566
9713,3232
9713,3833
9714,2180
9715,2180
9716,1728
9716,2125
9716,3914
9717,2180
9718,2180
9719,1855
9720,2180
9721,679
9721,1925
9721,2941
9722,2180
9723,562
9723,904
9723,1688
9723,3867
9724,2180
9725,2180
9726,2180
9727,1096
9727,1955
9727,2617
9727,3102
9727,3225
9728,1175
9729,1467
9730,2180
9731,2440
9732,2180
9733,2180
9734,2180
9735,3473
9735,3616
9735,3647
9735,3914
9736,200
9736,3907
9737,2180
9738,207
9738,2031
9739,2180
9740,2180
9741,2180
9742,313
9743,2180
9744,2180
9745,2180
9746,2180
9747,852
9747,3292
9748,2180
9749,2180
9750,2180
9751,2588
9752,2180
9753,757
9753,882
9753,3094
9754,2180
9755,2088
9756,1392
9757,1106
9757,1556
9757,2864
9758,2180
9759,3791
9760,2180
9761,2180
9762,2180
9763,2180
9764,2180
9765,2180
9766,2180
9767,2180
9768,635
9768,2859
9769,2180
9770,2180
9771,2180
9772,2240
9773,2180
9774,2180
9775,2180
9776,2180
9777,2180
9778,2180
9779,2180
9780,2180
9781,3037
9781,3716
9782,2180
9783,2180
9784,2180
9785,2180
9786,801
9786,1434
9786,2481
9787,2180
9788,2180
9789,2180
9790,2180
9791,3526
9792,2180
9793,2180
9794,1780
9794,3192
9794,3716
9794,3941
9795,3161
9795,3272
9795,3424
9795,3840
9796,1903
9796,3835
9796,3885
9797,2180
9798,2180
9799,1062
9799,2995
9800,2180
9801,576
9802,2180
9803,1296
9804,370
9805,2180
9806,2180
9807,1345
9807,1468
9807,3175
9807,3863
9808,1289
9808,1325
9808,3508
9809,1468
9809,1704
9809,2307
9809,2900
9810,2180
9811,2937
9812,118
9813,2011
9813,2966
9814,2180
9815,1933
9816,2180
9817,2180
9818,2180
9819,2180
9820,114
9820,3421
9821,2180
9822,2180
9823,257
9823,633
9823,3881
9824,1431
9825,2180
9826,2180
9827,2180
9828,2180
9829,2180
9830,2180
9831,2180
9832,2180
9833,2180
9834,2180
9835,2180
9836,3187
9837,2180
9838,2180
9839,2180
9840,2180
9841,2180
9842,2180
9843,2180
9844,2180
9845,2070
9846,2180
9847,2180
9848,2180
9849,2180
9850,1391
9850,2295
9851,2180
9852,2180
9853,490
9853,1198
9853,2033
9853,2074
9853,3806
9854,2180
9855,1518
9856,1139
9856,2244
9857,1021
9858,2180
9859,2466
9860,2180
9861,2282
9861,3356
9862,2180
9863,2180
9864,1514
9864,1735
9864,1952
9865,2180
9866,3051
9867,2180
9868,2180
9869,2180
9870,2180
9871,2180
9872,2086
9872,2588
9873,830
9873,873
9873,2635
9874,2180
9875,1770
9876,456
9876,617
9876,1358
9876,3772
9877,2180
9878,2180
9879,2180
9880,2180
9881,2180
9882,2180
9883,2180
9884,2180
9885,2180
9886,2180
9887,2180
9888,2180
9889,2180
9890,2180
9891,293
9891,2240
9891,2623
9892,509
9893,2180
9894,3684
9895,42
9895,2873
9896,2164
9896,3242
9897,999
9897,1218
9897,1365
9898,1354
9898,1468
9898,1705
9899,3840
9900,2180
9901,1227
9901,2792
9901,2855
9902,2307
9902,3424
9902,3840
9903,1765
9904,2238
9904,3243
9905,828
9905,1539
9905,2538
9906,2180
9907,2180
9908,2180
9909,3018
9909,3835
9910,3840
9911,2180
9912,1311
9912,1468
9912,1489
9913,2180
9914,517
9914,1241
9914,3424
9915,683
9915,812
9915,1131
9915,1439
9915,1490
9915,1671
9915,2074
9915,2132
9915,3008
9915,3254
9915,3724
9915,3923
9916,2180
9917,1439
9918,2180
9919,2180
9920,949
9921,2180
9922,2180
9923,2180
9924,2180
9925,2180
9926,3463
9927,2180
9928,3813
9929,2180
9930,213
9930,3039
9931,2180
9932,64
9932,2859
9932,3286
9932,3358
9932,3680
9933,2180
9934,2180
9935,2180
9936,2180
9937,1593
9937,2255
9937,2867
9938,2180
9939,1166
9940,2180
9941,2180
9942,2180
9943,2180
9944,2180
9945,2180
9946,2180
9947,1556
9948,1831
9948,3724
9948,3771
9949,2180
9950,253
9950,1880
9950,2333
9950,2618
9950,2932
9951,2180
9952,784
9952,1236
9952,3512
9953,6
9953,1199
9954,2180
9955,1840
9955,2088
9955,3664
9956,2180
9957,2180
9958,2180
9959,2465
9960,3840
9961,2180
9962,2180
9963,2180
9964,2180
9965,2180
9966,622
9966,885
9966,1155
9967,2180
9968,2180
9969,622
9970,2180
9971,2180
9972,2180
9973,2834
9973,2879
9973,3282
9974,2180
9975,2180
9976,247
9976,547
9976,2279
9976,2431
9976,2745
9976,3384
9977,3840
9978,628
9979,2180
9980,2057
9980,2520
9981,2180
9982,2180
9983,302
9983,1657
9983,3653
9984,3461
9984,3706
9985,1064
9985,1991
9986,2180
9987,2180
9988,2180
9989,2180
9990,172
9991,2180
9992,2180
9993,2180
9994,3726
9995,1174
9996,2855
9997,2180
9998,2180
9999,2180
10000,2180
10001,2180
10002,2180
10003,2180
10004,2180
10005,2180
10006,2180
10007,2180
10008,2180
10009,2180
10010,3464
10011,2180
10012,2180
10013,361
10013,622
10014,1335
10014,1934
10015,2180
10016,3098
10017,2180
10018,2180
10019,2180
10020,2180
10021,1617
10021,3094
10021,3813
10021,3958
10022,2180
10023,547
10023,1106
10023,1870
10024,1679
10024,1826
10024,2655
10024,2745
10025,3576
10026,3840
10027,286
10028,2988
10028,3533
10029,2180
10030,2180
10031,131
10031,2852
10032,2180
10033,2180
10034,2113
10035,1385
10035,1410
10035,1705
10036,2991
10036,3383
10037,2180
10038,2180
10039,2180
10040,1317
10040,1669
10040,3428
10041,2180
10042,2180
10043,2180
10044,2180
10045,2856
10046,3674
10047,2180
10048,2180
10049,2180
10050,3840
10051,1601
10051,1976
10052,84
10052,1880
10053,2834
10054,2180
10055,2180
10056,3307
10057,2180
10058,2180
10059,1251
10059,1505
10059,3935
10060,2180
10061,133
10061,1658
10062,2180
10063,2180
10064,3809
10065,2180
10066,2180
10067,1219
10067,1522
10067,2583
10067,3469
10068,2180
10069,567
10070,737
10070,3616
10071,2180
10072,2180
10073,3958
10074,1434
10075,2180
10076,2180
10077,342
10078,2180
10079,308
10079,3247
10080,2180
10081,2180
10082,2180
10083,2180
10084,2180
10085,2180
10086,2180
10087,2180
10088,2180
10089,2180
10090,2180
10091,2180
10092,2180
10093,2180
10094,2180
10095,2180
10096,3924
10097,2180
10098,3616
10099,2180
10100,3410
10101,2180
10102,2180
10103,2180
10104,2180
10105,2180
10106,2180
10107,2180
10108,2180
10109,2180
10110,2180
10111,2180
10112,257
10113,2180
10114,2180
10115,2180
10116,2180
10117,2343
10117,2898
10118,2180
10119,291
10119,1328
10119,3219
10120,2180
10121,2180
10122,2180
10123,1966
10124,2180
10125,879
10125,3526
10126,2180
10127,2971
10128,2180
10129,27
10129,2040
10130,2180
10131,2180
10132,2180
10133,2180
10134,2180
10135,3630
10136,2180
10137,3616
10138,3813
10139,1727
10139,1892
10139,2549
10139,2601
10140,1473
10140,2423
10141,2180
10142,296
10142,3147
10143,2180
10144,2180
10145,2180
10146,1817
10146,2464
10147,2496
10148,2180
10149,212
10149,3287
10149,3512
10150,2180
10151,2180
10152,2180
10153,2330
10153,2859
10153,3840
10154,170
10154,985
10154,2047
10154,3597
10154,3889
10155,3502
10156,2765
10156,3340
10157,2180
10158,978
10158,1285
10158,1690
10159,3813
10160,3616
10161,268
10161,2764
10162,2180
10163,2645
10163,2677
10164,3718
10164,3813
10165,3616
10166,3813
10166,3913
10167,1811
10168,3813
10169,3469
10169,3616
10170,3616
10171,2180
10172,2180
10173,183
10173,1439
10173,1962
10174,131
10174,3918
10175,2856
10176,3840
10177,1409
10177,1934
10177,2693
10178,2071
10179,1028
10180,2180
10181,2180
10182,2180
10183,2180
10184,2180
10185,2226
10185,3631
10185,3835
10186,2528
10187,2180
10188,2180
10189,1188
10190,2180
10191,2180
10192,2180
10193,2709
10193,2745
10194,1217
10194,2407
10194,3028
10195,2180
10196,2180
10197,1279
10197,2820
10197,3039
10197,3512
10198,15
10198,187
10198,875
10198,3913
10199,2494
10199,2745
10200,2650
10201,2180
10202,2180
10203,2347
10204,2180
10205,3452
10206,3452
10207,2180
10208,2180
10209,208
10209,1775
10209,2036
10209,2125
10209,2418
10210,2180
10211,2180
10212,2180
10213,2180
10214,2180
10215,2180
10216,2180
10217,2180
10218,2180
10219,479
10219,1328
10219,3631
10219,3763
10220,2180
10221,234
10222,2834
10222,3947
10223,461
10223,2274
10223,3550
10224,2180
10225,970
10225,2134
10226,2180
10227,2180
10228,364
10229,2180
10230,2180
10231,3840
10232,2180
10233,2180
10234,2180
10235,2180
10236,2180
10237,2180
10238,2180
10239,3512
10240,2293
10240,2857
10241,2036
10242,2902
10242,3485
10243,149
10243,1895
10244,324
10244,1254
10244,1302
10244,2936
10245,3003
10245,3297
10245,3616
10246,2180
10247,2180
10248,743
10248,1128
10248,3840
10249,2180
10250,2180
10251,2180
10252,2180
10253,1853
10253,2107
10254,2180
10255,2180
10256,3914
10257,2180
10258,2180
10259,2180
10260,2834
10260,3299
10261,2180
10262,3526
10263,2180
10264,2180
10265,2180
10266,2180
10267,2180
10268,2809
10268,3503
10269,2180
10270,1652
10271,2180
10272,2180
10273,1472
10273,2588
10273,3915
10274,2180
10275,2309
10276,3274
10276,3396
10276,3647
10277,2180
10278,3958
10279,2180
10280,3633
10281,2180
10282,2180
10283,1914
10284,635
10284,2034
10284,2463
10284,2479
10284,2481
10285,2515
10285,3070
10285,3512
10286,2180
10287,2180
10288,2245
10289,2180
10290,2180
10291,2245
10292,1392
10293,3452
10294,2180
10295,943
10296,2940
10297,2180
10298,2180
10299,2180
10300,2180
10301,2180
10302,2
10302,191
10302,712
10302,1062
10302,1741
10302,2514
10302,2895
10303,2180
10304,2180
10305,2180
10306,2983
10306,2986
10307,2180
10308,2180
10309,1728
10309,1867
10309,3281
10309,3691
10309,3942
10310,2180
10311,2180
10312,1472
10312,2086
10313,2180
10314,3841
10315,1297
10316,2541
10316,3831
10317,2180
10318,2180
10319,2180
10320,2180
10321,1009
10321,1289
10321,2561
10321,3435
10322,2180
10323,1776
10323,1924
10324,3835
10325,2180
10326,3840
10327,2180
10328,3616
10329,2180
10330,2180
10331,1311
10332,2180
10333,2941
10334,2180
10335,1750
10336,2180
10337,2180
10338,2180
10339,486
10340,176
10340,867
10341,2180
10342,2180
10343,2752
10343,3225
10344,2180
10345,2180
10346,762
10347,2180
10348,767
10348,1906
10348,2499
10348,2632
10348,3159
10349,2180
10350,2180
10351,2180
10352,2180
10353,2180
10354,2180
10355,2447
10355,3555
10356,2180
10357,2328
10357,3195
10358,2180
10359,2180
10360,2834
10361,1414
10361,3893
10362,448
10362,1294
10363,2180
10364,2180
10365,2113
10365,2834
10365,3829
10365,3863
10366,2180
10367,2180
10368,2180
10369,423
10369,3958
10370,3616
10371,2180
10372,2180
10373,2180
10374,3297
10374,3435
10375,108
10376,2180
10377,1280
10378,2092
10378,2992
10378,3809
10379,2180
10380,2180
10381,3243
10382,801
10382,1302
10382,3172
10383,2180
10384,2180
10385,2180
10386,18
10387,2180
10388,2180
10389,2180
10390,2180
10391,2180
10392,1209
10392,2551
10392,2708
10393,2180
10394,2180
10395,1345
10396,2180
10397,1154
10397,2872
10397,3473
10397,3813
10398,2180
10399,43
10399,1058
10399,2541
10400,2180
10401,2180
10402,2180
10403,1858
10404,2180
10405,2424
10406,2180
10407,3840
10408,2785
10409,2155
10409,3411
10410,1848
10410,3379
10411,2180
10412,1311
10412,1489
10412,2189
10412,2719
10412,2834
10413,2180
10414,2180
10415,1832
10416,2180
10417,1760
10417,2463
10417,2717
10417,3028
10418,669
10418,1079
10419,3840
10420,2773
10420,3573
10421,2894
10421,3265
10422,2180
10423,2180
10424,2180
10425,2180
10426,1961
10427,2180
10428,2180
10429,2180
10430,1594
10431,2180
10432,2180
10433,1324
10433,3492
10434,2180
10435,3941
10436,2180
10437,2180
10438,2180
10439,2180
10440,3840
10441,3435
10442,2180
10443,2180
10444,2180
10445,945
10445,3876
10446,2180
10447,43
10448,721
10448,1493
10448,2736
10449,2180
10450,2180
10451,2180
10452,2180
10453,2180
10454,2180
10455,2180
10456,3521
10456,3835
10457,2180
10458,3813
10459,2180
10460,2180
10461,2180
10462,2180
10463,2180
10464,2180
10465,2180
10466,2180
10467,2180
10468,515
10468,3059
10468,3433
10469,2180
10470,671
10470,2290
10471,1345
10471,2711
10471,2834
10471,3154
10472,2180
10473,116
10473,2834
10474,3512
10475,2180
10476,2180
10477,2180
10478,2180
10479,2180
10480,493
10480,2454
10481,2180
10482,2180
10483,2180
10484,2180
10485,70
10485,554
10486,2180
10487,2180
10488,2468
10488,3013
10488,3277
10489,3813
10490,578
10490,3577
10491,2180
10492,2462
10492,3404
10493,1439
10493,1611
10494,2180
10495,831
10495,1355
10496,2265
10497,2180
10498,2180
10499,3274
10500,2180
10501,2180
10502,2180
10503,2180
10504,138
10504,1361
10505,2180
10506,2180
10507,2180
10508,2180
10509,2180
10510,2180
10511,343
10511,3810
10512,873
10512,1073
10512,2324
10512,2464
10512,2472
10512,2726
10513,2180
10514,2180
10515,2180
10516,2180
10517,2180
10518,2180
10519,1302
10519,3821
10520,1585
10521,2164
10522,2180
10523,2180
10524,1070
10525,2180
10526,2180
10527,2180
10528,2180
10529,3042
10530,1305
10531,2180
10532,2180
10533,2180
10534,2180
10535,2180
10536,2180
10537,2180
10538,2180
10539,2180
10540,2180
10541,2180
10542,2180
10543,2180
10544,2180
10545,2588
10546,2180
10547,1417
10548,2180
10549,2180
10550,2180
10551,1882
10551,2222
10551,3258
10552,94
10552,346
10553,2180
10554,442
10555,2180
10556,2180
10557,2180
10558,2180
10559,489
10559,915
10559,1514
10559,2878
10559,3289
10560,2180
10561,2180
10562,2180
10563,2180
10564,2180
10565,2180
10566,2180
10567,2180
10568,2180
10569,2180
10570,2180
10571,2180
10572,2180
10573,2180
10574,2180
10575,2180
10576,2180
10577,3552
10578,2180
10579,2180
10580,2180
10581,2180
10582,2180
10583,2180
10584,2180
10585,2180
10586,2180
10587,2180
10588,2180
10589,2180
10590,2180
10591,1031
10592,2666
10592,2876
10592,3907
10593,2180
10594,2711
10594,3039
10594,3958
10595,3840
10596,2180
10597,244
10597,2440
10597,3840
10598,2180
10599,1302
10600,2180
10601,2180
10602,2180
10603,712
10604,2180
10605,915
10606,2180
10607,2180
10608,2180
10609,941
10609,2472
10609,2808
10610,376
10610,3265
10610,3530
10611,1457
10612,2180
10613,2180
10614,879
10615,2180
10616,3402
10617,1923
10617,2927
10617,3059
10617,3369
10618,2180
10619,1391
10620,2180
10621,2180
10622,2180
10623,2180
10624,2180
10625,2180
10626,3719
10626,3940
10627,1788
10627,2834
10628,2180
10629,2180
10630,190
10631,988
10632,2180
10633,2180
10634,1384
10635,2180
10636,244
10636,1296
10636,1421
10636,2440
10637,2249
10638,2180
10639,2180
10640,815
10641,2180
10642,2180
10643,2180
10644,2180
10645,2180
10646,2180
10647,2180
10648,2180
10649,1391
10650,2180
10651,2180
10652,2180
10653,2180
10654,918
10654,935
10655,1478
10655,3560
10656,2180
10657,1599
10658,2180
10659,2180
10660,1772
10661,2180
10662,967
10663,2180
10664,2180
10665,2180
10666,2180
10667,2180
10668,2180
10669,2180
10670,2180
10671,2180
10672,2180
10673,566
10673,2241
10674,1215
10675,2180
10676,533
10676,1438
10676,2447
10676,2591
10676,3356
10677,2180
10678,3716
10679,3840
10680,3473
10681,75
10681,566
10681,1011
10681,1109
10681,2516
10681,3405
10682,2180
10683,728
10683,1042
10683,1202
10683,2133
10683,3910
10684,2180
10685,2180
10686,2180
10687,566
10688,295
10688,432
10688,606
10688,1524
10688,1815
10688,3275
10689,2180
10690,2180
10691,2180
10692,74
10692,788
10693,214
10694,2180
10695,2180
10696,2180
10697,2337
10698,2246
10699,2180
10700,509
10701,509
10702,509
10703,1813
10704,257
10705,915
10706,2180
10707,2180
10708,3187
10709,2180
10710,3187
10711,1087
10711,1883
10712,2180
10713,2180
10714,1050
10714,2097
10714,2105
10714,2433
10714,2677
10715,1050
10715,2045
10715,2353
10715,2677
10716,903
10716,1434
10716,1591
10716,1733
10716,2217
10716,3289
10717,2180
10718,743
10719,2180
10720,2180
10721,2180
10722,2834
10723,1465
10723,2790
10724,2180
10725,2647
10725,3840
10726,3840
10727,2180
10728,2180
10729,2180
10730,461
10731,2180
10732,2941
10733,2180
10734,74
10734,682
10734,2941
10735,2180
10736,1847
10737,1410
10737,1472
10737,1493
10738,2180
10739,384
10739,1034
10739,1263
10740,1802
10740,3468
10740,3829
10741,2180
10742,2180
10743,2180
10744,2180
10745,2180
10746,2180
10747,2180
10748,2180
10749,2180
10750,2180
10751,2180
10752,2180
10753,257
10754,633
10754,993
10754,3881
10755,2180
10756,1845
10756,3003
10757,3876
10758,1439
10758,2063
10758,3472
10758,3724
10758,3849
10759,2180
10760,2180
10761,362
10761,2177
10762,2180
10763,2180
10764,1600
10765,2180
10766,2180
10767,2180
10768,2180
10769,2180
10770,2180
10771,2180
10772,2180
10773,2180
10774,2180
10775,2180
10776,2180
10777,739
10778,2180
10779,2941
10780,2941
10781,2180
10782,2180
10783,2088
10784,2180
10785,2180
10786,3719
10787,49
10788,2180
10789,995
10789,1608
10790,2180
10791,2180
10792,2863
10792,3674
10793,2941
10794,2180
10795,2180
10796,2588
10797,2180
10798,2180
10799,2180
10800,2180
10801,2180
10802,3469
10803,259
10804,1099
10805,2180
10806,911
10806,3202
10806,3960
10807,2180
10808,2180
10809,2805
10809,3055
10810,2180
10811,3840
10812,2180
10813,30
10814,17
10814,31
10814,82
10814,148
10814,1954
10814,2746
10815,2741
10815,3249
10815,3732
10816,2180
10817,2180
10818,2161
10818,3813
10819,2180
10820,2180
10821,2180
10822,2454
10823,122
10823,248
10823,651
10823,1050
10823,2677
10823,2834
10823,3259
10824,2600
10825,1657
10825,3384
10825,3386
10825,3473
10826,710
10826,1741
10827,712
10827,3238
10828,2180
10829,912
10830,2319
10831,2180
10832,2180
10833,102
10834,2321
10835,712
10836,2180
10837,2180
10838,3435
10839,268
10840,2180
10841,2180
10842,2180
10843,168
10844,2180
10845,2377
10845,3435
10846,1739
10846,2625
10847,3840
10848,2180
10849,2180
10850,2180
10851,2180
10852,3236
10853,2180
10854,2180
10855,3691
10855,3835
10856,2180
10857,2180
10858,2180
10859,2180
10860,566
10860,3817
10860,3958
10861,2781
10861,3094
10861,3719
10862,3840
10863,3840
10864,1613
10864,2711
10864,3719
10864,3958
10865,122
10865,1221
10865,3958
10866,235
10866,3958
10867,2565
10868,1579
10869,1273
10869,1394
10870,2180
10871,2180
10872,2180
10873,2180
10874,2180
10875,2180
10876,2180
10877,2180
10878,3616
10879,2180
10880,2180
10881,2180
10882,2180
10883,703
10883,2373
10884,2180
10885,3274
10885,3396
10886,1878
10887,2104
10887,3807
10888,2180
10889,566
10889,3958
10890,2869
10890,3958
10891,263
10891,1566
10891,3730
10892,2180
10893,3635
10894,3958
10895,2180
10896,1083
10896,3958
10897,2682
10897,3597
10897,3617
10897,3835
10898,2180
10899,3914
10900,2180
10901,299
10901,2396
10902,2292
10903,3719
10904,205
10904,1644
10904,3640
10905,628
10906,1187
10907,1604
10908,2834
10909,3173
10910,2180
10911,2180
10912,2180
10913,2649
10914,2180
10915,2180
10916,2180
10917,2180
10918,2180
10919,2180
10920,2180
10921,2180
10922,2180
10923,2180
10924,2180
10925,2180
10926,2316
10927,1174
10928,2180
10929,2180
10930,2180
10931,2180
10932,2180
10933,676
10933,878
10934,2180
10935,929
10935,2750
10936,2180
10937,2180
10938,3209
10939,955
10940,2180
10941,2180
10942,188
10942,1916
10942,3154
10943,2180
10944,2180
10945,2180
10946,2180
10947,2180
10948,2180
10949,1161
10949,1466
10949,3612
10950,2180
10951,3719
10952,2180
10953,2180
10954,2180
10955,2180
10956,2205
10956,3438
10957,1050
10957,3719
10958,2180
10959,2457
10959,3840
10960,2180
10961,2180
10962,2180
10963,2180
10964,2180
10965,287
10966,2180
10967,2180
10968,2180
10969,287
10970,2180
10971,2180
10972,2180
10973,2180
10974,2180
10975,496
10975,945
10975,1977
10975,2368
10975,3652
10976,1050
10976,3719
10977,1346
10978,2180
10979,2180
10980,2180
10981,2180
10982,2180
10983,2180
10984,2180
10985,2180
10986,2180
10987,2426
10988,430
10988,679
10988,2834
10989,2180
10990,3719
10991,2180
10992,2180
10993,2180
10994,2180
10995,2180
10996,2180
10997,2180
10998,2180
10999,2269
11000,2180
11001,1213
11002,2180
11003,2180
11004,3840
11005,2159
11006,2180
11007,2180
11008,2180
11009,2180
11010,494
11010,1165
11010,1955
11011,2180
11012,2301
11012,3716
11013,2180
11014,2180
11015,2345
11016,2180
11017,1934
11018,2180
11019,944
11019,2074
11019,3231
11020,279
11020,941
11020,1757
11020,2111
11021,2180
11022,2180
11023,478
11023,1328
11023,3835
11024,2180
11025,2180
11026,2212
11027,110
11027,673
11028,3635
11029,716
11029,2834
11030,2180
11031,2180
11032,2180
11033,2180
11034,2180
11035,2180
11036,1452
11037,2180
11038,3055
11038,3280
11039,2180
11040,2180
11041,2180
11042,2180
11043,2180
11044,2180
11045,2180
11046,3480
11047,294
11047,2518
11048,2180
11049,2180
11050,2180
11051,2492
11052,2180
11053,2180
11054,2180
11055,2180
11056,1092
11056,2338
11056,2880
11057,2180
11058,2180
11059,3268
11059,3500
11060,2180
11061,2180
11062,2180
11063,1840
11063,2240
11064,2180
11065,2180
11066,2180
11067,2180
11068,2180
11069,2180
11070,2180
11071,2180
11072,1436
11073,2180
11074,2180
11075,2180
11076,2180
11077,2180
11078,2180
11079,645
11079,2862
11080,3840
11081,3840
11082,2180
11083,2180
11084,2180
11085,2324
11085,3554
11086,914
11086,1078
11086,1302
11086,1707
11086,2834
11087,2180
11088,2180
11089,2587
11089,3031
11090,2180
11091,490
11091,584
11091,1796
11091,2063
11091,3724
11092,1934
11093,850
11093,1224
11093,1405
11093,2063
11093,2132
11093,2299
11093,3639
11093,3716
11093,3724
11094,2180
11095,2180
11096,2699
11096,3039
11096,3193
11097,1518
11098,2273
11099,2180
11100,393
11101,1015
11101,2776
11102,2180
11103,1533
11104,2180
11105,2180
11106,2180
11107,703
11108,2180
11109,2180
11110,1054
11110,2525
11110,3741
11111,2180
11112,2475
11113,2180
11114,2180
11115,2180
11116,3301
11117,2180
11118,959
11119,20
11119,302
11119,3254
11120,2180
11121,2180
11122,2180
11123,2180
11124,622
11124,1155
11125,2180
11126,218
11126,346
11127,768
11127,1579
11127,2678
11127,3080
11128,776
11129,2180
11130,2035
11131,3195
11132,2180
11133,2488
11133,3039
11134,1934
11135,175
11135,3636
11136,2180
11137,2403
11137,3069
11137,3808
11138,2292
11139,2180
11140,2180
11141,2180
11142,1079
11142,2709
11143,2360
11143,3546
11144,3425
11144,3640
11144,3875
11145,2180
11146,2180
11147,2180
11148,2180
11149,2180
11150,2180
11151,2180
11152,1036
11152,3719
11153,2180
11154,2180
11155,2180
11156,2180
11157,2180
11158,2180
11159,1964
11160,2180
11161,2180
11162,2180
11163,1295
11163,2529
11163,3436
11164,2492
11164,2520
11165,873
11165,1349
11165,2693
11165,2834
11165,3384
11165,3468
11166,2180
11167,1730
11168,1898
11168,2910
11169,2180
11170,2274
11170,3841
11171,2180
11172,2180
11173,878
11173,1137
11174,3813
11175,111
11175,3473
11175,3616
11176,2180
11177,2180
11178,2180
11179,1743
11179,2190
11180,2677
11181,3726
11182,2180
11183,2180
11184,2180
11185,1594
11186,2180
11187,2180
11188,2180
11189,2180
11190,2180
11191,2180
11192,3219
11192,3525
11193,2180
11194,1328
11195,2180
11196,419
11197,2180
11198,2180
11199,2180
11200,2180
11201,2180
11202,2180
11203,2086
11204,1324
11205,2180
11206,2292
11206,2920
11207,2180
11208,3840
11209,2180
11210,2180
11211,2180
11212,2180
11213,2180
11214,2180
11215,2807
11216,2180
11217,2180
11218,2180
11219,2180
11220,3452
11221,27
11221,490
11221,584
11221,1263
11221,1509
11221,2197
11221,2559
11221,2899
11221,3724
11221,3923
11222,2180
11223,2180
11224,2180
11225,1838
11225,2252
11225,3246
11226,2180
11227,628
11228,2180
11229,3452
11230,2180
11231,2180
11232,2180
11233,2180
11234,2180
11235,2180
11236,2180
11237,2180
11238,2180
11239,622
11240,1365
11241,2180
11242,2170
11242,2868
11242,2895
11242,3804
11243,1114
11243,1841
11243,2834
11243,3039
11244,2809
11245,2180
11246,2180
11247,2555
11247,2797
11248,2106
11248,3020
11249,2180
11250,3833
11251,2180
11252,2180
11253,2180
11254,1380
11255,718
11255,1801
11256,1431
11257,1814
11257,2856
11258,1433
11258,2519
11258,3827
11259,3468
11260,941
11260,2728
11261,3672
11261,3776
11262,2180
11263,2180
11264,3424
11265,703
11265,823
11266,232
11266,300
11266,1349
11267,2180
11268,1036
11268,2560
11268,2834
11269,349
11269,400
11269,567
11269,1893
11269,3719
11270,3293
11271,2180
11272,448
11272,1968
11272,3861
11273,232
11273,897
11273,2064
11274,2180
11275,2180
11276,2226
11276,3631
11276,3835
11277,1439
11277,2352
11277,3724
11277,3771
11278,2180
11279,2180
11280,2180
11281,1215
11281,3512
11282,124
11282,2106
11283,1302
11283,2588
11284,2992
11285,1472
11285,2292
11285,3638
11286,2180
11287,2180
11288,2180
11289,3624
11290,3323
11291,2180
11292,3117
11293,2180
11294,381
11294,2711
11294,3719
11295,2180
11296,3303
11297,2180
11298,1345
11299,149
11299,1934
11300,2180
11301,2180
11302,2180
11303,2180
11304,2180
11305,2180
11306,1079
11306,1841
11307,2192
11308,2113
11308,2244
11308,2282
11309,2180
11310,1302
11311,2180
11312,2180
11313,2180
11314,2180
11315,2180
11316,2180
11317,1186
11317,3914
11318,3089
11318,3360
11319,2180
11320,8
11321,3625
11322,1879
11323,2180
11324,298
11325,3216
11326,3435
11326,3718
11327,643
11327,1328
11328,840
11328,1897
11329,2180
11330,2180
11331,899
11331,1760
11331,2156
11331,2613
11331,3680
11332,2180
11333,2180
11334,2180
11335,84
11335,1149
11335,2834
11336,2180
11337,2180
11338,2180
11339,2125
11339,2418
11339,2787
11339,3914
11340,2180
11341,2180
11342,2180
11343,1506
11343,2611
11344,2180
11345,3750
11346,1967
11346,3236
11347,2180
11348,3378
11349,3220
11349,3958
11350,3331
11351,149
11351,150
11351,1666
11352,915
11352,1279
11353,2519
11354,2180
11355,2180
11356,3840
11357,2180
11358,2180
11359,734
11359,1651
11359,3918
11360,117
11360,579
11360,1279
11361,2180
11362,3636
11363,2643
11364,622
11364,1149
11364,1472
11364,2250
11364,2292
11364,3242
11364,3274
11365,2180
11366,1570
11366,2119
11367,566
11367,3958
11368,2180
11369,3009
11370,2180
11371,1494
11371,2052
11372,2348
11373,144
11374,2180
11375,2240
11376,2180
11377,2180
11378,1630
11379,2180
11380,2180
11381,2180
11382,2180
11383,2338
11384,1391
11385,2180
11386,2180
11387,2848
11388,815
11389,50
11389,1754
11390,1414
11390,3512
11391,183
11391,1816
11392,3190
11393,2180
11394,1634
11394,2834
11394,3863
11395,1861
11395,3356
11396,2180
11397,1390
11397,2857
11398,2834
11399,2834
11399,3599
11400,3813
11401,3616
11402,2180
11403,2180
11404,3468
11404,3512
11404,3863
11405,2180
11406,2180
11407,2180
11408,2180
11409,2180
11410,323
11410,1767
11410,1937
11411,681
11411,1661
11411,2812
11412,254
11412,1432
11412,1560
11413,2180
11414,2162
11415,392
11416,2180
11417,2180
11418,2180
11419,2180
11420,2402
11421,628
11422,252
11422,348
11423,2180
11424,1468
11424,3320
11424,3863
11425,2180
11426,2180
11427,784
11427,3038
11428,2711
11428,3958
11429,1439
11430,3224
11431,566
11431,3813
11432,2180
11433,2180
11434,269
11434,450
11434,490
11434,573
11434,1529
11434,1736
11434,1787
11434,2099
11434,2385
11434,2862
11434,2899
11434,3168
11434,3724
11434,3898
11435,450
11435,573
11435,857
11435,1529
11435,1736
11435,1787
11435,2099
11435,2385
11435,2688
11435,2862
11435,2899
11435,3101
11435,3168
11435,3200
11435,3291
11435,3724
11435,3898
11436,2180
11437,2180
11438,2180
11439,2180
11440,2180
11441,2180
11442,2180
11443,2180
11444,2180
11445,2057
11446,2180
11447,331
11447,3958
11448,2180
11449,2588
11449,3709
11450,2180
11451,3220
11451,3829
11452,2207
11453,2180
11454,2180
11455,3536
11456,1606
11457,2180
11458,2180
11459,994
11459,3435
11460,2180
11461,150
11461,397
11461,1365
11461,2509
11462,779
11462,1143
11462,2656
11463,2475
11464,2125
11465,2180
11466,436
11466,1934
11466,2932
11466,3618
11467,410
11467,1538
11467,2474
11468,2845
11469,2180
11470,2180
11471,2180
11472,2180
11473,2180
11474,2180
11475,3840
11476,3065
11477,485
11477,1588
11478,2180
11479,1164
11480,1164
11481,2932
11481,3618
11482,331
11482,2565
11482,3958
11483,3227
11483,3813
11484,3528
11484,3821
11485,845
11485,2483
11485,2816
11485,3818
11485,3877
11486,788
11487,3914
11488,2180
11489,189
11489,490
11489,584
11489,1426
11489,1509
11489,1836
11489,2493
11489,2733
11489,3176
11489,3724
11489,3923
11490,2180
11491,584
11492,2180
11493,2180
11494,2180
11495,2180
11496,2725
11497,2180
11498,1499
11498,2130
11499,2180
11500,2180
11501,2180
11502,2180
11503,2086
11503,3575
11504,201
11504,231
11504,490
11504,3195
11505,227
11505,743
11505,1018
11505,3517
11506,2164
11507,151
11508,2180
11509,2603
11509,3947
11510,1521
11511,74
11511,946
11511,2727
11512,2727
11513,2727
11514,1627
11514,2727
11515,2727
11516,100
11516,2595
11516,2727
11517,2180
11518,2180
11519,388
11519,1760
11519,2569
11519,3235
11520,452
11521,2180
11522,2180
11523,2180
11524,371
11524,1663
11525,2180
11526,1841
11527,2180
11528,3025
11529,2180
11530,2348
11531,3914
11532,2180
11533,2027
11534,442
11534,1757
11534,3416
11535,2240
11536,2180
11537,2180
11538,3840
11539,2180
11540,1408
11540,2230
11540,3242
11541,2820
11542,3719
11542,3800
11543,2180
11544,2326
11544,3039
11545,363
11546,1259
11546,1466
11547,2180
11548,2180
11549,2180
11550,2038
11550,3616
11551,2180
11552,3432
11553,2180
11554,1617
11555,532
11555,891
11555,3119
11556,705
11556,3902
11556,3910
11556,3926
11557,1109
11557,2914
11558,2180
11559,2711
11559,2725
11559,3958
11560,3174
11561,1002
11561,1215
11561,3787
11562,2180
11563,2180
11564,318
11564,2850
11564,3236
11564,3355
11565,2180
11566,12
11566,2107
11567,593
11567,1310
11567,1328
11567,1586
11567,2870
11567,3876
11567,3930
11568,485
11569,1517
11569,1934
11570,1942
11571,2180
11572,1065
11573,1223
11574,2180
11575,1942
11576,2345
11577,2113
11578,2180
11579,2180
11580,302
11580,3691
11580,3835
11581,2180
11582,1522
11583,1522
11584,632
11584,2561
11585,2180
11586,2180
11587,2180
11588,423
11588,1942
11589,1063
11589,1744
11589,2164
11590,652
11590,3028
11590,3815
11591,1994
11591,3813
11592,3384
11593,2180
11594,2180
11595,2180
11596,2180
11597,1121
11597,2876
11598,2180
11599,2180
11600,2180
11601,2180
11602,673
11603,2180
11604,2180
11605,2180
11606,2180
11607,2180
11608,1990
11608,2756
11609,2180
11610,3958
11611,2180
11612,2180
11613,2180
11614,2180
11615,2180
11616,2180
11617,2180
11618,3804
11619,2180
11620,2318
11621,50
11622,2180
11623,2180
11624,2180
11625,2180
11626,2180
11627,2961
11627,3580
11628,2180
11629,2996
11630,2577
11630,3829
11631,2180
11632,2180
11633,2111
11634,1497
11635,2180
11636,2180
11637,2180
11638,2100
11638,2345
11639,202
11639,245
11640,3719
11641,447
11642,2820
11642,3411
11642,3512
11643,2180
11644,3165
11645,2180
11646,2180
11647,3813
11648,3043
11648,3718
11648,3813
11649,3813
11650,2180
11651,2180
11652,2676
11653,3081
11654,1757
11654,3424
11655,2760
11656,2714
11657,1215
11657,2455
11658,1536
11658,2786
11659,2180
11660,2180
11661,199
11661,1045
11661,3459
11662,2180
11663,2180
11664,3659
11665,2492
11666,2520
11666,3719
11667,1916
11667,3435
11668,1614
11668,2588
11669,3809
11670,878
11671,2180
11672,2180
11673,2180
11674,3832
11674,3958
11675,392
11676,637
11676,3758
11677,3378
11677,3958
11678,133
11679,2180
11680,3958
11681,1466
11681,3094
11681,3778
11682,11
11682,289
11682,598
11682,853
11682,857
11682,1198
11682,1736
11682,2063
11682,2080
11682,2132
11682,2228
11682,2581
11682,2733
11682,2806
11682,2874
11682,3113
11682,3291
11682,3470
11682,3627
11682,3639
11682,3724
11683,679
11683,1925
11683,3237
11684,2180
11685,2277
11685,2813
11686,121
11686,1365
11686,2509
11687,367
11687,1480
11688,1862
11688,2213
11688,2437
11688,2696
11688,3230
11689,1748
11689,3560
11690,1966
11691,1345
11691,3719
11692,1822
11692,2326
11692,2585
11693,2103
11694,525
11694,1345
11694,3109
11695,3650
11696,2180
11697,2180
11698,2180
11699,1540
11699,2538
11699,3556
11700,873
11701,2180
11702,257
11702,633
11702,993
11703,2180
11704,2688
11705,1934
11706,2180
11707,530
11708,2180
11709,2180
11710,3370
11711,308
11711,2532
11711,2597
11711,2998
11712,2164
11713,1331
11713,2519
11713,3567
11714,1934
11715,3173
11716,3958
11717,3958
11718,2711
11718,3958
11719,2180
11720,2180
11721,2180
11722,2180
11723,2180
11724,2180
11725,2180
11726,2180
11727,2180
11728,771
11728,3809
11729,2711
11729,3616
11730,628
11731,2050
11732,395
11732,674
11732,1179
11732,2165
11732,2642
11733,2180
11734,622
11735,1155
11736,2445
11737,583
11738,3815
11739,2180
11740,257
11741,1966
11742,2180
11743,1630
11743,1884
11744,2180
11745,159
11745,3813
11746,2180
11747,1289
11748,1651
11748,2106
11749,1823
11749,2086
11750,2180
11751,2824
11751,3236
11752,234
11753,915
11753,3289
11754,336
11755,3352
11756,2870
11757,3928
11758,2180
11759,1339
11760,2180
11761,1504
11761,3452
11762,74
11762,2941
11762,3452
11763,2180
11764,414
11764,1053
11764,1663
11765,2242
11766,2287
11767,2180
11768,154
11768,3668
11769,2441
11770,597
11771,578
11771,1817
11772,784
11772,3958
11773,2999
11774,622
11774,2979
11775,3585
11776,79
11776,3937
11777,468
11777,3719
11778,3576
11779,2180
11780,2180
11781,1328
11781,2282
11782,525
11782,871
11782,1328
11783,2180
11784,2180
11785,1901
11786,915
11787,2180
11788,2180
11789,1522
11790,2180
11791,2180
11792,2180
11793,2180
11794,2180
11795,1546
11795,1897
11795,2113
11796,2180
11797,2180
11798,2180
11799,461
11799,2669
11799,3625
11800,2180
11801,2180
11802,2180
11803,2180
11804,2180
11805,2180
11806,2180
11807,1740
11808,2180
11809,2180
11810,2180
11811,2180
11812,257
11813,190
11814,2180
11815,329
11815,3679
11816,1036
11816,1757
11816,3719
11817,2180
11818,939
11818,2532
11819,1757
11819,2519
11820,420
11820,2250
11821,2180
11822,1955
11823,2180
11824,2180
11825,2180
11826,56
11826,2358
11827,3469
11828,2180
11829,2011
11829,2796
11830,2180
11831,2180
11832,2180
11833,2180
11834,2180
11835,2180
11836,2180
11837,2180
11838,2180
11839,2180
11840,2180
11841,2180
11842,318
11842,992
11843,173
11844,2180
11845,2180
11846,318
11846,992
11847,2180
11848,51
11849,1805
11850,3719
11850,3723
11851,2180
11852,2180
11853,2180
11854,872
11855,2180
11856,1259
11856,2820
11857,806
11857,2764
11857,3694
11858,2180
11859,1515
11860,1215
11860,2307
11861,1021
11862,3804
11863,153
11863,1934
11864,80
11865,1153
11866,1392
11866,2236
11867,2180
11868,2588
11869,3962
11870,2180
11871,2180
11872,98
11872,1169
11872,3716
11872,3724
11873,2180
11874,1517
11874,1736
11874,2622
11874,3217
11874,3254
11875,2180
11876,3691
11877,622
11877,1155
11877,3260
11878,1555
11878,2212
11879,2180
11880,1722
11880,1725
11881,3829
11882,3639
11883,1702
11883,3344
11884,453
11884,3434
11884,3813
11885,7
11885,1590
11885,2857
11886,2554
11886,2802
11887,3958
11888,157
11888,585
11888,963
11888,3411
11888,3512
11889,2180
11890,2180
11891,3824
11892,2180
11893,170
11893,3958
11894,1750
11894,2588
11895,1692
11895,3305
11896,1341
11896,2452
11896,3200
11896,3880
11897,2180
11898,2180
11899,1311
11900,2180
11901,2618
11902,318
11902,1035
11902,3944
11903,2180
11904,379
11904,607
11904,907
11904,2006
11904,2331
11904,2459
11904,2716
11905,2476
11906,2180
11907,331
11908,2180
11909,119
11909,1982
11909,2074
11909,2085
11909,2173
11909,2849
11909,3087
11909,3680
11909,3724
11910,2180
11911,3696
11912,3829
11913,688
11913,3313
11913,3383
11914,2180
11915,3840
11916,1670
11917,2180
11918,2180
11919,2180
11920,3282
11920,3297
11920,3435
11921,2180
11922,2180
11923,2180
11924,2180
11925,923
11926,2180
11927,1302
11928,2180
11929,2180
11930,2180
11931,2556
11932,2180
11933,941
11934,879
11934,1392
11935,1288
11935,3178
11936,2180
11937,2180
11938,2180
11939,2180
11940,2442
11941,2180
11942,2442
11943,2180
11944,2442
11945,3665
11946,207
11947,1196
11947,3255
11948,547
11948,2664
11948,3862
11949,2180
11950,2180
11951,2180
11952,1404
11953,2180
11954,2180
11955,2036
11956,509
11956,565
11956,1458
11957,2243
11957,2712
11957,2917
11957,3764
11958,3840
11959,2180
11960,3630
11961,841
11961,3082
11962,3759
11963,2430
11963,3512
11964,2180
11965,879
11966,1648
11966,2825
11966,3638
11967,50
11967,3106
11967,3719
11968,1031
11969,2180
11970,2520
11971,1095
11971,1439
11971,3648
11972,969
11972,2856
11973,2180
11974,3217
11975,1600
11975,2716
11976,2180
11977,3637
11978,3345
11979,2050
11980,2180
11981,3241
11982,2180
11983,3187
11984,1978
11984,2301
11985,2180
11986,3637
11987,2180
11988,2602
11988,3360
11989,2180
11990,2180
11991,2180
11992,2180
11993,1077
11993,3445
11993,3888
11993,3941
11994,2180
11995,3456
11996,515
11997,2180
11998,196
11998,1352
11999,3635
12000,263
12000,1182
12000,1752
12001,3836
12001,3958
12002,664
12003,3958
12004,414
12004,3565
12005,245
12005,2517
12005,3378
12005,3914
12006,2180
12007,393
12007,2932
12007,3618
12008,941
12008,1386
12009,2180
12010,1816
12010,3691
12011,824
12011,2334
12012,29
12012,3225
12012,3424
12013,1327
12013,2371
12014,2070
12014,2369
12015,84
12015,2834
12016,2180
12017,2180
12018,2180
12019,2180
12020,2180
12021,2180
12022,2180
12023,2180
12024,991
12024,2824
12025,2180
12026,2180
12027,2180
12028,2310
12029,1752
12029,1915
12029,2282
12029,3914
12030,2180
12031,331
12031,2590
12032,566
12032,3958
12033,153
12034,669
12034,3396
12035,861
12035,2189
12036,2180
12037,2180
12038,2180
12039,1328
12039,2282
12039,3356
12040,2180
12041,2180
12042,2180
12043,2915
12043,3782
12044,2180
12045,2180
12046,3794
12047,548
12048,2095
12048,2274
12048,2809
12049,2180
12050,2180
12051,510
12052,2180
12053,2941
12054,1345
12054,3719
12055,2180
12056,2180
12057,2180
12058,306
12058,318
12059,2180
12060,2180
12061,2941
12061,3171
12062,921
12063,2719
12064,193
12065,2180
12066,2180
12067,2809
12068,2180
12069,2180
12070,3719
12070,3829
12071,2180
12072,2180
12073,2180
12074,2180
12075,2266
12076,2809
12077,2180
12078,2180
12079,2180
12080,2180
12081,3223
12081,3516
12082,2180
12083,461
12084,2180
12085,2180
12086,2180
12087,2809
12088,2180
12089,2716
12090,1391
12090,2511
12091,1056
12091,2361
12091,3512
12092,2180
12093,3351
12094,82
12095,2180
12096,2180
12097,601
12097,1507
12098,1252
12098,2697
12099,2180
12100,2180
12101,2180
12102,2180
12103,2180
12104,2180
12105,566
12105,3442
12105,3958
12106,3928
12107,3914
12107,3928
12108,2180
12109,567
12109,1153
12109,2292
12109,3154
12110,2180
12111,2180
12112,2180
12113,2180
12114,3914
12114,3928
12115,2180
12116,2180
12117,2180
12118,2180
12119,2180
12120,274
12120,294
12120,871
12121,2180
12122,2180
12123,2180
12124,2180
12125,318
12125,992
12126,2180
12127,2180
12128,2180
12129,2180
12130,799
12130,1261
12130,1736
12130,2228
12130,2284
12130,2871
12130,3066
12130,3291
12130,3342
12130,3470
12130,3724
12130,3923
12131,2180
12132,2180
12133,2511
12134,2180
12135,2180
12136,1187
12137,2180
12138,876
12138,2754
12139,2180
12140,3436
12141,1164
12142,2180
12143,2180
12144,2180
12145,74
12145,788
12145,2727
12145,3071
12145,3351
12146,157
12146,3914
12147,2180
12148,2180
12149,2180
12150,2180
12151,3914
12151,3928
12152,2697
12153,2180
12154,6
12154,2834
12155,1328
12155,2136
12156,2589
12157,357
12157,1153
12158,557
12158,1638
12159,1302
12159,1638
12160,3636
12161,1032
12162,1302
12162,2086
12163,93
12163,1414
12163,2745
12164,2180
12165,2412
12166,3914
12166,3916
12167,158
12167,268
12167,449
12167,523
12167,584
12167,989
12167,1509
12167,1681
12167,1971
12167,3210
12167,3724
12167,3923
12168,2460
12168,3094
12169,629
12170,1187
12171,3435
12171,3896
12172,2089
12173,3094
12173,3813
12174,3435
12175,652
12175,3028
12175,3815
12176,416
12176,927
12177,2711
12177,2842
12177,3958
12178,521
12179,3813
12180,2180
12181,2020
12182,3435
12183,1302
12183,2519
12184,2180
12185,2180
12186,2180
12187,2180
12188,1201
12188,1637
12188,3219
12188,3398
12189,3059
12190,1522
12191,2180
12192,2442
12193,1096
12193,2193
12193,2475
12194,2180
12195,2180
12196,622
12197,3187
12198,486
12198,1345
12199,2180
12200,2180
12201,3840
12202,1628
12202,1966
12203,942
12203,3311
12204,131
12204,3918
12205,3106
12206,3405
12206,3536
12207,2180
12208,2180
12209,2180
12210,2180
12211,1392
12211,3334
12211,3487
12212,382
12212,574
12212,2596
12213,560
12213,1547
12214,153
12214,1778
12214,2403
12214,2412
12214,3523
12215,3219
12216,1731
12216,1915
12216,3616
12217,1291
12217,3201
12218,2180
12219,2520
12219,2771
12219,3719
12220,3958
12221,2618
12221,3059
12222,703
12222,3958
12223,1914
12224,2180
12225,2180
12226,1934
12227,2180
12228,2180
12229,1741
12229,2108
12229,2837
12230,279
12230,1349
12230,1757
12231,2180
12232,3094
12233,2180
12234,195
12234,1401
12234,2054
12234,2132
12234,2788
12234,3218
12234,3716
12234,3724
12234,3923
12235,2180
12236,853
12236,1198
12236,1736
12236,1873
12236,2063
12236,2080
12236,2085
12236,2132
12236,2228
12236,3044
12236,3199
12236,3374
12236,3457
12236,3639
12236,3716
12236,3724
12237,2180
12238,3047
12239,2180
12240,3426
12241,2180
12242,2180
12243,2311
12243,3248
12244,6
12244,2984
12245,96
12245,3719
12246,2317
12246,3166
12247,1491
12248,2180
12249,2442
12250,695
12250,1667
12251,1187
12251,1441
12252,2834
12252,3829
12252,3863
12253,3024
12254,3809
12255,2180
12256,1518
12256,3733
12257,2180
12258,2180
12259,2180
12260,331
12261,2057
12262,3840
12263,495
12263,3834
12264,2113
12265,3718
12265,3958
12266,3918
12267,763
12267,2320
12267,3719
12268,3094
12269,29
12269,2711
12270,1841
12271,3804
12272,2180
12273,150
12273,246
12273,558
12273,618
12273,735
12273,857
12273,1069
12273,1979
12273,2074
12273,2132
12273,2228
12273,2500
12273,2593
12273,2700
12273,2860
12273,2912
12273,3291
12273,3341
12273,3470
12273,3639
12273,3716
12273,3724
12273,3923
12274,2180
12275,922
12275,2131
12275,3505
12276,3536
12277,1302
12277,3641
12278,1521
12279,1831
12280,3719
12281,378
12281,764
12281,2718
12282,2180
12283,160
12284,1201
12284,3813
12285,2180
12286,2180
12287,947
12288,2180
12289,2180
12290,124
12290,2106
12291,2086
12292,757
12292,3719
12293,50
12293,757
12293,3299
12294,959
12294,3719
12294,3813
12295,2180
12296,3719
12296,3829
12297,2180
12298,1422
12299,2180
12300,2180
12301,2180
12302,3551
12303,2180
12304,2180
12305,535
12305,1128
12306,1652
12307,2180
12308,3875
12309,757
12309,878
12309,3719
12310,2917
12310,3719
12311,757
12311,3719
12311,3720
12312,941
12312,3316
12313,2180
12314,638
12314,3915
12315,2180
12316,433
12316,1569
12317,1289
12317,1434
12318,1522
12319,592
12319,1094
12319,2479
12319,2523
12319,3724
12320,3565
12321,3522
12322,2180
12323,2180
12324,2180
12325,2180
12326,170
12326,525
12326,2883
12327,2992
12328,2180
12329,2180
12330,2180
12331,2180
12332,2180
12333,2180
12334,1079
12334,3594
12335,1314
12335,3914
12336,2291
12336,2561
12337,2180
12338,2180
12339,2180
12340,2180
12341,947
12342,2237
12343,2180
12344,2412
12345,3719
12346,2180
12347,2180
12348,50
12348,1651
12348,2565
12349,522
12349,873
12349,3499
12349,3511
12349,3556
12349,3680
12350,2490
12351,3940
12352,3914
12353,3914
12354,2180
12355,3914
12356,1385
12357,2180
12358,1472
12359,1633
12360,3110
12361,534
12361,3820
12362,51
12362,245
12362,3378
12362,3384
12363,2180
12364,363
12364,3283
12365,310
12365,2126
12366,2615
12366,3512
12367,2619
12368,1302
12368,3219
12369,2180
12370,737
12370,1613
12370,2560
12371,1153
12371,2834
12371,3039
12371,3081
12372,2383
12372,2520
12372,3094
12373,2180
12374,2157
12374,2534
12375,1630
12375,1884
12376,1867
12376,3281
12376,3657
12376,3691
12377,2180
12378,643
12378,1328
12379,1215
12379,3933
12380,2180
12381,50
12382,1070
12382,2624
12383,2376
12383,3369
12384,2180
12385,2180
12386,2180
12387,2180
12388,2180
12389,2180
12390,180
12390,2005
12390,3107
12391,1654
12391,3512
12392,942
12392,3512
12393,1879
12394,232
12394,3207
12394,3274
12395,2345
12395,2640
12396,1977
12396,3809
12397,1835
12397,2833
12398,2180
12399,2180
12400,2024
12400,3127
12401,1439
12402,1934
12403,2180
12404,2086
12405,3039
12406,3914
12407,3958
12408,273
12408,962
12408,3719
12408,3829
12409,712
12409,1228
12409,2196
12409,2410
12410,584
12410,594
12410,636
12410,857
12410,917
12410,2321
12410,2380
12410,2453
12410,3032
12410,3291
12410,3445
12410,3724
12411,1934
12412,271
12412,375
12413,358
12413,2520
12413,3719
12413,3829
12414,3512
12415,2180
12416,693
12416,1307
12416,3162
12417,818
12418,319
12419,3193
12419,3829
12420,3719
12421,2834
12421,3024
12421,3473
12422,2738
12423,1460
12423,3881
12424,878
12425,2441
12425,2819
12426,2180
12427,525
12427,2540
12428,2215
12428,2834
12429,2180
12430,2868
12430,3804
12431,2856
12432,326
12433,2180
12434,1074
12434,3349
12434,3486
12435,1479
12435,1723
12435,2002
12435,3356
12435,3406
12436,784
12436,3958
12437,2180
12438,2180
12439,1630
12439,3219
12440,2180
12441,784
12441,2043
12442,3018
12443,2519
12443,3163
12444,959
12445,3927
12446,2300
12447,809
12447,1553
12447,3435
12448,3958
12449,2341
12450,2973
12450,3828
12451,1190
12451,2588
12452,3396
12452,3612
12453,1133
12453,3512
12453,3691
12454,211
12454,234
12454,2356
12455,3052
12456,2180
12457,2180
12458,1952
12459,2180
12460,3236
12460,3770
12461,2285
12461,2996
12462,1034
12463,1956
12464,2180
12465,2180
12466,248
12466,304
12466,2381
12466,3219
12466,3415
12467,2412
12467,3219
12468,2180
12469,544
12470,2180
12471,2180
12472,2180
12473,567
12473,2588
12473,3154
12474,2180
12475,675
12475,1075
12475,1097
12475,3707
12476,2086
12477,1139
12477,1247
12477,1950
12478,2492
12478,2834
12479,2180
12480,2180
12481,1589
12481,1698
12482,112
12483,2180
12484,2492
12485,3650
12485,3829
12486,1934
12486,3958
12487,2435
12487,3958
12488,1934
12488,3415
12488,3639
12488,3958
12489,1750
12490,2180
12491,2180
12492,2180
12493,3010
12494,860
12494,2745
12494,3595
12495,731
12495,2587
12495,3956
12496,2669
12497,3914
12498,703
12498,3220
12498,3958
12499,1374
12499,2856
12500,2180
12501,2180
12502,462
12502,2925
12502,3882
12503,51
12504,984
12505,2180
12506,2180
12507,2180
12508,3154
12508,3958
12509,2427
12510,3958
12511,2180
12512,1876
12513,2411
12514,1462
12514,3813
12515,3435
12516,2180
12517,451
12517,615
12517,1439
12517,2374
12518,509
12519,2180
12520,3
12520,271
12520,1387
12521,2180
12522,714
12522,3616
12523,302
12523,346
12523,2382
12523,3680
12524,3378
12524,3693
12525,1127
12526,2180
12527,2180
12528,2180
12529,3813
12530,2180
12531,2180
12532,2655
12532,3094
12533,2180
12534,2180
12535,2180
12536,3914
12537,2180
12538,2180
12539,3024
12539,3154
12540,1404
12540,1438
12541,2180
12542,2180
12543,2180
12544,3813
12545,2180
12546,2934
12547,1951
12548,2180
12549,566
12549,1512
12549,1728
12549,3914
12550,3813
12551,434
12551,1553
12552,2180
12553,2180
12554,2180
12555,3467
12556,2744
12557,2975
12557,3914
12558,2180
12559,2180
12560,3094
12560,3435
12561,2180
12562,2180
12563,2180
12564,51
12564,1434
12565,2180
12566,116
12567,1786
12567,3021
12568,59
12568,1156
12569,1337
12570,700
12570,2153
12570,2835
12571,1966
12571,3952
12572,2180
12573,531
12573,1762
12573,3914
12574,732
12574,3914
12575,3958
12576,1050
12577,3463
12578,2148
12578,3179
12579,2180
12580,2180
12581,2180
12582,60
12582,1711
12582,2064
12582,2292
12582,3250
12583,549
12583,1096
12583,2501
12584,3692
12585,3435
12586,2180
12587,2614
12588,2180
12589,688
12589,3164
12589,3920
12590,2180
12591,2180
12592,181
12592,424
12593,331
12593,2540
12594,2180
12595,2180
12596,544
12597,386
12597,3131
12598,566
12598,1710
12598,1934
12599,257
12600,787
12601,2180
12602,2180
12603,2180
12604,257
12604,3181
12605,389
12605,509
12605,3131
12605,3780
12605,3920
12606,2180
12607,544
12608,1018
12608,2016
12608,2127
12608,3061
12608,3839
12609,986
12609,3512
12610,50
12610,1286
12610,3719
12611,655
12612,2180
12613,1021
12613,1392
12613,2294
12613,2405
12613,3085
12614,2180
12615,2565
12616,2180
12617,2180
12618,1622
12618,2113
12618,2943
12619,3135
12620,544
12621,2180
12622,2180
12623,2180
12624,2180
12625,2180
12626,2202
12627,2676
12628,2113
12628,2834
12628,3863
12629,271
12629,394
12629,2834
12629,3405
12630,3616
12631,1592
12631,2041
12631,2889
12631,2945
12632,2180
12633,1634
12633,2441
12633,2977
12634,3039
12635,2291
12635,3469
12636,308
12636,3707
12637,2180
12638,446
12638,712
12639,544
12640,2180
12641,1879
12642,3319
12643,2282
12643,2856
12644,257
12645,490
12645,584
12645,2074
12645,2993
12645,3470
12645,3724
12645,3923
12646,257
12646,633
12646,3881
12647,2081
12648,452
12649,2180
12650,2180
12651,2180
12652,2180
12653,2180
12654,2180
12655,2180
12656,2180
12657,2180
12658,2180
12659,2180
12660,2180
12661,2180
12662,2180
12663,2180
12664,2180
12665,2180
12666,2180
12667,2180
12668,2180
12669,2180
12670,2180
12671,2180
12672,2180
12673,2180
12674,2180
12675,2180
12676,2180
12677,2180
12678,2180
12679,2180
12680,2180
12681,2180
12682,2180
12683,952
12683,1610
12684,2180
12685,2180
12686,2180
12687,2180
12688,2180
12689,2180
12690,2180
12691,2180
12692,2180
12693,2180
12694,2180
12695,2180
12696,2180
12697,2180
12698,2180
12699,2180
12700,2180
12701,2180
12702,2180
12703,2180
12704,2180
12705,2180
12706,2180
12707,2180
12708,2180
12709,2180
12710,2180
12711,2180
12712,2180
12713,2180
12714,2180
12715,2180
12716,2180
12717,2180
12718,2180
12719,2180
12720,2180
12721,2180
12722,2180
12723,2180
12724,2180
12725,2180
12726,2180
12727,2180
12728,2180
12729,2180
12730,2180
12731,2180
12732,2180
12733,2180
12734,2180
12735,2180
12736,2180
12737,2180
12738,2180
12739,2180
12740,2180
12741,2180
12742,2180
12743,2180
12744,2180
12745,2180
12746,2180
12747,2180
12748,2180
12749,2180
12750,2180
12751,2180
12752,2180
12753,2180
12754,2180
12755,577
12755,914
12755,2520
12755,3719
12756,2180
12757,2180
12758,2180
12759,2180
12760,2180
12761,2180
12762,2180
12763,2180
12764,2180
12765,2180
12766,2180
12767,2180
12768,2180
12769,2180
12770,2180
12771,2180
12772,3840
12773,2180
12774,2180
12775,2180
12776,2180
12777,3840
12778,2180
12779,2180
12780,2180
12781,2180
12782,2180
12783,2180
12784,2180
12785,2180
12786,2180
12787,2180
12788,2180
12789,2180
12790,2180
12791,2180
12792,2180
12793,2180
12794,3840
12795,2180
12796,3840
12797,2180
12798,2180
12799,2180
12800,3840
12801,2180
12802,2180
12803,2180
12804,2180
12805,2180
12806,2180
12807,2180
12808,2180
12809,55
12810,2180
12811,2180
12812,2180
12813,2180
12814,2180
12815,2180
12816,2180
12817,2180
12818,2180
12819,2180
12820,2180
12821,2180
12822,2180
12823,2180
12824,2180
12825,2180
12826,2180
12827,2180
12828,1962
12829,2180
12830,2180
12831,2180
12832,2180
12833,2180
12834,2180
12835,2180
12836,2180
12837,2180
12838,2180
12839,2180
12840,2180
12841,2180
12842,2180
12843,2180
12844,2180
12845,2180
12846,2180
12847,2180
12848,2180
12849,2180
12850,2180
12851,2180
12852,2180
12853,2180
12854,2180
12855,2180
12856,2180
12857,3840
12858,2180
12859,2180
12860,2180
12861,2180
12862,2180
12863,2180
12864,2180
12865,2180
12866,2180
12867,2180
12868,2180
12869,2180
12870,2180
12871,2180
12872,2180
12873,2180
12874,2180
12875,2180
12876,2180
12877,2180
12878,2180
12879,2180
12880,2180
12881,2180
12882,2180
12883,2180
12884,2180
12885,2180
12886,2180
12887,3840
12888,2180
12889,2180
12890,2180
12891,2180
12892,2180
12893,2180
12894,2180
12895,2180
12896,2180
12897,2180
12898,2180
12899,2180
12900,2180
12901,2180
12902,2180
12903,2180
12904,2180
12905,2180
12906,2180
12907,2180
12908,2180
12909,2180
12910,490
12911,2180
12912,2180
12913,2180
12914,2180
12915,2180
12916,2180
12917,2180
12918,2180
12919,2180
12920,2180
12921,2180
12922,2180
12923,2180
12924,2180
12925,2180
12926,2677
12927,3024
12928,2180
12929,2180
12930,2180
12931,2180
12932,2180
12933,2180
12934,2180
12935,2180
12936,2180
12937,2180
12938,2180
12939,2180
12940,2180
12941,2180
12942,1073
12943,2180
12944,2180
12945,2180
12946,2180
12947,2180
12948,2180
12949,2180
12950,2180
12951,2180
12952,2180
12953,2180
12954,2180
12955,2180
12956,608
12957,2180
12958,2180
12959,2180
12960,2180
12961,2180
12962,2180
12963,2180
12964,2180
12965,2180
12966,2180
12967,2180
12968,2180
12969,2180
12970,2180
12971,2180
12972,2180
12973,2180
12974,2180
12975,2180
12976,2180
12977,2180
12978,2180
12979,2180
12980,2180
12981,2180
12982,2180
12983,2180
12984,2180
12985,2180
12986,2180
12987,2180
12988,2180
12989,2180
12990,2180
12991,2180
12992,2180
12993,2180
12994,2180
12995,2180
12996,2180
12997,2180
12998,2180
12999,2180
13000,2180
13001,2180
13002,2180
13003,2180
13004,523
13004,3639
13005,2180
13006,1311
13006,2719
13007,2180
13008,2180
13009,2180
13010,2180
13011,2180
13012,2180
13013,2180
13014,2180
13015,2180
13016,2180
13017,2180
13018,3840
13019,2328
13019,2948
13020,2180
13021,2180
13022,2180
13023,2180
13024,2180
13025,2180
13026,2180
13027,2180
13028,2180
13029,2180
13030,2180
13031,2180
13032,2180
13033,2180
13034,2180
13035,2180
13036,2180
13037,2180
13038,746
13038,831
13039,2180
13040,2180
13041,2180
13042,2180
13043,2180
13044,2180
13045,2180
13046,2180
13047,2180
13048,2180
13049,2180
13050,2180
13051,2180
13052,2180
13053,2180
13054,2180
13055,2180
13056,2180
13057,2180
13058,2180
13059,2180
13060,2180
13061,2180
13062,2180
13063,2180
13064,2180
13065,2180
13066,2180
13067,2180
13068,2180
13069,2180
13070,2180
13071,2180
13072,2180
13073,2180
13074,2180
13075,2180
13076,2180
13077,2180
13078,2180
13079,2180
13080,2180
13081,2180
13082,2180
13083,2180
13084,2180
13085,2180
13086,2180
13087,2180
13088,2180
13089,2180
13090,2180
13091,2180
13092,2180
13093,2180
13094,2180
13095,2180
13096,2180
13097,2180
13098,2180
13099,2180
13100,2180
13101,2180
13102,2180
13103,2180
13104,1111
13105,2180
13106,2292
13106,3224
13107,2180
13108,2180
13109,2180
13110,2180
13111,2180
13112,2180
13113,2180
13114,2180
13115,2180
13116,2180
13117,2180
13118,2180
13119,2180
13120,2180
13121,2180
13122,2180
13123,2180
13124,2180
13125,2389
13126,2180
13127,2180
13128,2180
13129,2180
13130,2180
13131,2180
13132,2180
13133,2180
13134,2180
13135,2240
13136,2180
13137,2180
13138,2180
13139,2180
13140,2180
13141,2180
13142,2180
13143,914
13143,1464
13144,2180
13145,2180
13146,2180
13147,2180
13148,2180
13149,2180
13150,2180
13151,2180
13152,2180
13153,2180
13154,2180
13155,2180
13156,2180
13157,2180
13158,2180
13159,2180
13160,2180
13161,2180
13162,2180
13163,2180
13164,2180
13165,2180
13166,2180
13167,2180
13168,2180
13169,2180
13170,2180
13171,2180
13172,2180
13173,2180
13174,2180
13175,2180
13176,2180
13177,2180
13178,2180
13179,2180
13180,2180
13181,2180
13182,2180
13183,2180
13184,2180
13185,2180
13186,2180
13187,2180
13188,2180
13189,2180
13190,2180
13191,2180
13192,2180
13193,2180
13194,2180
13195,2180
13196,2180
13197,2180
13198,2180
13199,2180
13200,2180
13201,2180
13202,2180
13203,2180
13204,2180
13205,2180
13206,2180
13207,2180
13208,2180
13209,2180
13210,2180
13211,2180
13212,2180
13213,2180
13214,2180
13215,2180
13216,2180
13217,2588
13218,2180
13219,2180
13220,2180
13221,2180
13222,2180
13223,2180
13224,2180
13225,2180
13226,2180
13227,2180
13228,2180
13229,2180
13230,2180
13231,2180
13232,2180
13233,2180
13234,2180
13235,2180
13236,2180
13237,2180
13238,2180
13239,2180
13240,2180
13241,2180
13242,2180
13243,2180
13244,222
13244,1406
13244,1578
13244,2019
13244,2749
13245,2180
13246,2180
13247,2180
13248,2180
13249,2180
13250,2180
13251,443
13251,1695
13251,3822
13252,3719
13253,108
13253,1615
13254,2834
13254,3829
13255,2180
13256,2180
13257,2180
13258,703
13258,2856
13259,2834
13259,3829
13260,994
13260,3813
13261,3780
13262,2292
13263,1634
13264,80
13264,191
13265,628
13266,386
13266,633
13266,993
13266,3881
13267,2180
13268,677
13269,2180
13270,2180
13271,318
13271,2856
13271,2904
13272,257
13272,633
13272,787
13272,3878
13272,3881
13273,3809
13274,91
13274,257
13274,3108
13275,55
13275,553
13275,666
13275,796
13275,993
13275,2671
13275,3655
13275,3699
13275,3855
13276,2180
13277,2180
13278,2180
13279,2180
13280,444
13280,633
13280,2323
13280,2524
13280,3744
13280,3751
13281,2961
13281,3356
13282,304
13283,1543
13283,2615
13284,2180
13285,2180
13286,2755
13286,3813
13287,1439
13287,2112
13287,2586
13288,879
13288,1392
13289,2180
13290,3719
13290,3723
13291,257
13291,1767
13292,2180
13293,2180
13294,737
13294,3719
13295,1075
13295,1256
13295,2320
13295,2488
13295,3435
13295,3612
13296,1017
13296,3465
13297,2834
13297,3947
13298,328
13298,2588
13299,2180
13300,276
13300,3813
13301,2180
13302,2180
13303,3813
13304,846
13304,3813
13305,2969
13305,3813
13306,3813
13307,3435
13308,1785
13309,1439
13309,1804
13309,3648
13310,809
13310,2645
13310,3522
13310,3813
13311,257
13312,584
13312,1439
13312,2063
13312,3318
13312,3472
13312,3724
13312,3801
13313,679
13314,2180
13315,203
13315,1147
13315,1687
13315,2843
13315,3654
13316,47
13317,312
13318,2180
13319,1288
13319,1302
13319,3875
13320,505
13320,1549
13321,213
13321,3039
13322,2699
13323,2189
13323,2834
13324,84
13324,184
13324,982
13324,1215
13325,271
13325,664
13325,2834
13325,3473
13326,2180
13327,2180
13328,1187
13328,1302
13328,2041
13328,3958
13329,3512
13330,2917
13331,2180
13332,1556
13333,2492
13333,3719
13333,3813
13334,84
13334,866
13335,2180
13336,3512
13337,2941
13338,566
13339,2180
13340,3094
13341,1235
13341,1795
13341,2757
13341,3375
13342,3458
13343,464
13343,2221
13343,3719
13344,1036
13344,2834
13345,1962
13346,2180
13347,274
13347,1188
13347,1527
13348,3148
13348,3958
13349,2780
13350,2164
13351,959
13351,1096
13352,2711
13352,3958
13353,1249
13353,3918
13354,50
13354,2822
13355,2520
13355,3094
13355,3106
13355,3798
13356,3213
13357,1293
13357,2711
13357,3435
13358,1079
13358,1701
13358,3380
13359,1638
13359,3321
13360,1537
13361,2189
13362,2180
13363,292
13363,1153
13364,2322
13365,2180
13366,2180
13367,1139
13367,3616
13368,916
13368,1989
13368,3415
13369,40
13369,437
13369,584
13369,618
13369,1225
13369,1509
13369,1986
13369,2074
13369,2493
13369,2935
13369,2965
13369,3347
13369,3400
13369,3903
13369,3923
13369,3931
13370,507
13370,1291
13370,1300
13370,1485
13370,1616
13370,1657
13370,1782
13370,3352
13371,486
13371,2020
13371,2711
13372,84
13372,2038
13372,3719
13373,2180
13374,438
13374,869
13374,965
13374,1517
13374,1655
13374,2568
13374,2868
13374,3697
13375,1273
13375,1394
13376,3550
13377,2577
13378,2923
13378,3397
13379,1026
13380,3512
13381,595
13381,3958
13382,2541
13383,1293
13383,2711
13384,971
13385,3585
13386,237
13386,3236
13387,566
13387,3958
13388,6
13388,394
13388,2520
13388,3719
13389,6
13389,2520
13390,2180
13391,2180
13392,928
13392,1561
13392,2178
13393,5
13393,2304
13393,3777
13394,2213
13394,3094
13394,3867
13395,538
13395,1955
13395,2588
13396,2588
13397,331
13397,1240
13397,3958
13398,2180
13399,2180
13400,2180
13401,1021
13402,2180
13403,2856
13404,1934
13404,3639
13404,3958
13405,1139
13405,3435
13406,2947
13407,2475
13407,2588
13408,884
13408,2193
13409,2180
13410,2113
13411,3829
13412,3236
13413,291
13413,414
13413,916
13413,1663
13413,3813
13413,3908
13414,2113
13414,3656
13415,1031
13415,3512
13416,2057
13417,1259
13417,2856
13418,2575
13418,2588
13419,916
13419,1170
13419,2992
13420,196
13420,1657
13420,3282
13420,3914
13421,3512
13422,703
13423,664
13423,3612
13424,2180
13425,2236
13425,3526
13426,3680
13427,773
13427,1366
13427,1515
13427,1747
13427,1825
13427,2074
13427,2416
13427,2862
13427,3400
13427,3470
13427,3680
13427,3724
13428,3612
13429,2544
13429,3616
13430,1879
13430,2834
13431,2544
13431,3220
13432,1463
13433,3724
13434,73
13434,1687
13435,1021
13435,2245
13436,2143
13437,3958
13438,2092
13438,2992
13438,3809
13439,2180
13440,2914
13440,2990
13441,2180
13442,155
13442,566
13442,784
13443,1481
13443,3078
13443,3189
13444,191
13445,510
13445,1757
13446,2544
13447,1033
13447,2143
13448,2180
13449,2180
13450,245
13450,1003
13451,2180
13452,268
13452,603
13452,3515
13453,2180
13454,1728
13454,3914
13455,3435
13456,2180
13457,1934
13458,1002
13458,2943
13459,3805
13460,971
13461,1192
13461,3482
13462,2890
13463,2396
13464,1032
13464,2100
13465,234
13466,2106
13467,2180
13468,3804
13469,3478
13470,2180
13471,627
13471,743
13471,1373
13471,1665
13471,2214
13471,2995
13471,3914
13472,914
13473,72
13473,302
13473,3724
13474,3435
13475,2180
13476,308
13476,1031
13477,1592
13477,1909
13477,2444
13477,3386
13478,1143
13478,1683
13479,2436
13480,2180
13481,382
13481,1177
13481,2596
13481,3356
13482,3719
13483,198
13483,2849
13483,3853
13484,2979
13484,3566
13485,2180
13486,2180
13487,2180
13488,495
13488,1302
13488,3834
13489,3435
13490,2049
13490,2282
13490,2856
13491,3914
13492,2180
13493,566
13493,784
13493,3154
13493,3958
13494,703
13494,2292
13494,3386
13495,2180
13496,515
13496,667
13496,1115
13497,2756
13497,3339
13497,3914
13498,2120
13499,984
13499,3595
13500,2067
13501,2180
13502,1553
13503,3719
13504,3078
13505,200
13505,1438
13505,1949
13506,1970
13506,2044
13506,2677
13506,2882
13506,2989
13506,3284
13507,229
13507,1096
13507,2475
13508,878
13508,1049
13509,1638
13510,1442
13511,1525
13512,425
13512,3274
13513,1634
13513,3958
13514,3719
13515,622
13515,2143
13515,2979
13516,942
13516,2967
13516,3958
13517,815
13517,1666
13518,2282
13519,2595
13520,2180
13521,2086
13522,1259
13523,916
13523,2820
13523,3630
13524,2180
13525,3304
13525,3607
13526,363
13527,675
13527,1757
13528,2992
13528,3809
13529,2164
13530,1964
13531,3236
13531,3770
13532,3228
13532,3236
13532,3958
13533,85
13533,2618
13533,3177
13534,1636
13534,3254
13534,3680
13535,308
13536,784
13536,2015
13536,2565
13536,3868
13536,3958
13537,2645
13538,2518
13538,2711
13539,2780
13540,2180
13541,2232
13542,2520
13542,3094
13543,2180
13544,378
13544,3636
13545,1428
13545,2202
13546,2050
13547,3914
13548,3914
13549,6
13549,394
13549,2834
13549,3863
13550,308
13551,1569
13551,1757
13551,3424
13552,2180
13553,1036
13553,1672
13553,3914
13554,87
13554,1160
13554,3057
13555,2180
13556,2180
13557,3187
13558,1096
13558,1638
13558,3154
13558,3914
13559,2180
13560,1451
13561,2180
13562,206
13562,1096
13562,1784
13562,3914
13563,2180
13564,743
13564,1709
13564,2122
13564,3914
13565,2425
13566,2180
13567,2583
13568,2180
13569,318
13569,1888
13569,2321
13570,2180
13571,2397
13572,2180
13573,3914
13574,2180
13575,1517
13575,1656
13575,1736
13575,1760
13575,1979
13575,2849
13575,3037
13576,3037
13577,2180
13578,2180
13579,1293
13579,1755
13579,3356
13580,772
13580,2583
13581,2180
13582,2180
13583,447
13583,3875
13584,1237
13584,2485
13584,3019
13585,2180
13586,2180
13587,2180
13588,2180
13589,2180
13590,2180
13591,1760
13591,2768
13592,2180
13593,2180
13594,2180
13595,1685
13596,2180
13597,3914
13598,2180
13599,701
13600,2180
13601,418
13601,3267
13601,3847
13602,2180
13603,2827
13603,3006
13604,2180
13605,703
13605,1096
13605,3914
13606,2180
13607,1223
13607,2678
13607,3195
13607,3703
13608,91
13608,257
13608,386
13608,633
13608,1645
13608,2783
13608,3881
13609,2180
13610,746
13610,800
13610,2854
13611,1556
13612,1026
13612,3759
13613,2180
13614,1556
13615,2552
13615,3351
13615,3420
13616,2180
13617,3463
13618,276
13618,1676
13618,2868
13619,743
13619,3813
13620,2180
13621,2180
13622,324
13622,1302
13622,2936
13622,3297
13622,3863
13623,1828
13624,2180
13625,689
13625,1998
13626,1732
13626,2594
13627,3659
13628,3024
13629,2180
13630,2691
13631,916
13631,2038
13632,377
13632,690
13633,2180
13634,1224
13634,1542
13634,2354
13634,2860
13634,3423
13635,2238
13636,2180
13637,2180
13638,2180
13639,3187
13640,2180
13641,2180
13642,1450
13643,3754
13644,2194
13645,2180
13646,1455
13646,2247
13646,2328
13647,3328
13648,2180
13649,2180
13650,2180
13651,409
13652,3195
13652,3639
13653,2180
13654,3219
13655,2180
13656,3359
13657,2580
13658,1081
13659,2180
13660,1500
13661,1071
13662,2180
13663,2180
13664,701
13665,2180
13666,1556
13666,3009
13667,2180
13668,2190
13668,2238
13668,2535
13668,2691
13669,1556
13670,2180
13671,2180
13672,2180
13673,2180
13674,758
13674,3837
13675,2180
13676,2473
13676,3009
13677,1219
13677,1522
13677,2583
13677,3469
13678,3914
13679,2180
13680,2180
13681,2180
13682,3914
13683,2180
13684,914
13684,1464
13685,2180
13686,2180
13687,3213
13688,92
13688,889
13688,3913
13689,2180
13690,344
13690,590
13690,653
13690,3059
13690,3415
13690,3730
13691,864
13692,2180
13693,2088
13693,3526
13694,2180
13695,2180
13696,1021
13696,2839
13696,3526
13697,1556
13698,2180
13699,1014
13699,1982
13699,2082
13700,2180
13701,1492
13701,2048
13701,3669
13702,2281
13702,3774
13703,2180
13704,2588
13704,3233
13704,3914
13705,1096
13705,3043
13705,3914
13706,2180
13707,1170
13707,2412
13707,3219
13708,2180
13709,2180
13710,2180
13711,2180
13712,2180
13713,1734
13713,2238
13714,2180
13715,3914
13716,2180
13717,2544
13717,3616
13718,226
13719,2180
13720,2180
13721,3616
13722,1099
13722,3797
13723,2180
13724,2180
13725,1556
13726,2180
13727,2180
13728,1205
13728,3445
13728,3716
13728,3724
13728,3941
13729,2226
13729,3631
13729,3835
13730,2180
13731,2180
13732,2180
13733,2180
13734,2180
13735,2180
13736,1864
13736,2114
13736,2855
13737,2180
13738,3687
13739,2180
13740,1182
13741,2180
13742,2180
13743,240
13744,2180
13745,706
13745,947
13745,2292
13746,2180
13747,3763
13747,3872
13748,50
13748,2928
13748,3474
13749,2201
13750,2420
13751,2180
13752,1280
13752,2061
13752,2607
13753,2180
13754,1574
13754,1934
13754,3958
13755,747
13755,1641
13756,1640
13756,3838
13757,2180
13758,410
13758,428
13758,564
13759,2180
13760,3914
13761,2180
13762,3616
13762,3928
13763,1328
13763,2618
13764,2517
13764,3809
13764,3914
13765,2180
13766,3591
13767,2815
13768,2180
13769,2180
13770,21
13770,3591
13770,3740
13771,2180
13772,2180
13773,1450
13774,257
13774,2761
13774,3703
13774,3881
13775,2180
13776,1556
13777,2180
13778,1451
13778,2126
13779,3424
13779,3834
13780,61
13781,2180
13782,2180
13783,2180
13784,410
13784,428
13785,2687
13786,2180
13787,435
13788,2180
13789,2180
13790,2180
13791,2180
13792,1214
13792,1327
13792,1815
13792,1910
13792,2377
13792,2597
13793,3890
13794,2180
13795,2800
13796,3141
13797,2180
13798,3524
13799,1443
13799,3827
13800,2043
13800,2787
13800,3914
13801,2180
13802,2180
13803,3616
13804,150
13804,584
13804,1095
13804,1308
13804,1347
13804,1509
13804,1934
13804,3422
13804,3639
13804,3923
13805,2180
13806,3914
13807,916
13808,2180
13809,2180
13810,1340
13811,2180
13812,252
13813,863
13813,892
13813,3252
13814,2180
13815,1327
13815,2567
13816,2561
13817,2180
13818,28
13819,2180
13820,710
13820,1062
13820,1741
13820,2108
13820,3048
13821,821
13822,1450
13822,1587
13822,2480
13823,2180
13824,2180
13825,1208
13825,1918
13825,3339
13826,2180
13827,2859
13827,3219
13828,2073
13829,3914
13830,2180
13831,2180
13832,2180
13833,2180
13834,42
13835,2180
13836,1391
13836,2295
13837,495
13837,3834
13837,3930
13838,2180
13839,3914
13840,2446
13841,1391
13841,2295
13842,1328
13842,2282
13842,3356
13843,1668
13843,1684
13843,2769
13844,3914
13845,2180
13846,3944
13847,3550
13848,2180
13849,2180
13850,3914
13851,468
13852,2180
13853,2180
13854,2180
13855,2180
13856,2503
13857,494
13857,2989
13857,3169
13857,3616
13858,2180
13859,2180
13860,1764
13860,2037
13861,3914
13862,2180
13863,2180
13864,2180
13865,2180
13866,2180
13867,2180
13868,272
13868,2609
13869,2710
13870,2180
13871,2180
13872,3876
13873,2180
13874,1439
13874,1804
13874,2565
13874,3771
13875,3968
13876,2180
13877,2180
13878,56
13878,2282
13878,3356
13878,3927
13879,567
13879,2518
13880,2180
13881,876
13882,2180
13883,3466
13884,993
13884,1664
13884,3881
13885,2180
13886,2180
13887,2180
13888,2618
13888,2859
13889,221
13890,3154
13891,2180
13892,1512
13892,3914
13893,2180
13894,2180
13895,1881
13896,3719
13897,1866
13897,3724
13898,2180
13899,1101
13899,3236
13900,3413
13901,3622
13901,3934
13901,3958
13902,3958
13903,2180
13904,1020
13904,3835
13905,1314
13905,3467
13906,2418
13907,1026
13907,3958
13908,2180
13909,3659
13910,2180
13911,2180
13912,3914
13913,1474
13914,2180
13915,486
13915,1728
13915,3914
13916,3914
13917,2180
13918,2180
13919,3219
13920,2180
13921,1240
13921,2907
13921,3187
13921,3213
13922,2180
13923,2172
13924,3831
13925,3914
13926,2180
13927,2180
13928,2180
13929,2218
13930,2180
13931,2180
13932,1934
13933,2180
13934,3884
13935,1556
13935,3469
13935,3958
13936,2588
13937,2180
13938,1090
13938,2183
13938,2292
13938,3914
13938,3947
13939,2180
13940,2113
13940,3155
13941,2180
13942,2002
13942,2143
13942,2702
13942,3927
13943,2180
13944,1879
13945,2180
13946,2180
13947,440
13947,1439
13947,1962
13947,3724
13947,3735
13948,2180
13949,2180
13950,2180
13951,2060
13951,3095
13952,2180
13953,2180
13954,2180
13955,150
13955,1055
13955,1395
13956,2180
13957,2180
13958,1663
13958,2282
13959,3338
13960,2180
13961,2180
13962,1171
13963,241
13963,2088
13963,3483
13963,3534
13964,3378
13964,3602
13965,686
13966,2180
13967,2180
13968,2335
13969,916
13970,2180
13971,3455
13972,2605
13973,2180
13974,1638
13975,2180
13976,1448
13977,2180
13978,2180
13979,2180
13980,2180
13981,2180
13982,1831
13983,2180
13984,276
13984,1359
13984,3538
13985,3024
13986,2180
13987,660
13988,2180
13989,1841
13989,2531
13989,2565
13990,487
13990,1055
13990,2284
13991,1169
13992,1699
13993,409
13993,1750
13994,2180
13995,2180
13996,1265
13996,2194
13996,2238
13996,3015
13996,3243
13997,3219
13998,2180
13999,133
13999,2113
13999,3195
13999,3684
14000,2180
14001,473
14001,3893
14002,3914
14003,1512
14003,3914
14003,3916
14004,3024
14005,2180
14006,53
14006,315
14006,3952
14007,1027
14008,234
14008,2345
14009,1934
14010,1623
14011,3521
14011,3835
14012,1195
14012,1518
14013,815
14014,2180
14015,2180
14016,1306
14017,54
14017,2630
14018,2180
14019,3914
14020,3914
14021,2180
14022,619
14022,735
14022,1439
14022,1511
14022,2063
14022,2862
14022,2933
14022,3472
14022,3724
14023,244
14024,1439
14025,542
14025,631
14025,3868
14026,347
14027,276
14028,2180
14029,1517
14029,1656
14030,2180
14031,1760
14031,2717
14031,3120
14031,3529
14032,28
14032,1703
14033,2727
14034,1693
14034,2091
14034,3960
14035,990
14035,2182
14035,2671
14035,3019
14035,3441
14035,3699
14036,82
14036,508
14036,2371
14036,2377
14036,3583
14037,2570
14037,2834
14037,3917
14038,2180
14039,2180
14040,1543
14040,2727
14041,108
14041,1004
14041,1153
14041,3182
14042,1032
14043,113
14044,3482
14045,169
14045,2966
14046,1553
14047,290
14047,599
14047,1187
14048,3690
14049,2180
14050,1553
14051,767
14051,1031
14051,2884
14052,95
14052,2859
14052,3059
14052,3752
14053,622
14053,1530
14053,2077
14054,2180
14055,509
14056,2180
14057,447
14057,3052
14058,523
14058,2058
14058,3440
14059,28
14059,224
14059,289
14059,1370
14059,1405
14059,1736
14059,1979
14059,2074
14059,2132
14059,3091
14059,3254
14059,3470
14059,3680
14059,3710
14059,3724
14059,3923
14060,2180
14061,386
14061,633
14061,3359
14061,3881
14062,3914
14063,3539
14064,551
14064,1046
14064,1289
14065,65
14065,3041
14065,3164
14065,3547
14066,659
14066,3223
14067,2180
14068,331
14068,896
14068,2093
14068,2565
14069,2180
14070,1283
14071,2021
14072,274
14072,2699
14073,1149
14073,1592
14073,3081
14074,214
14074,684
14074,1646
14075,1758
14076,2180
14077,722
14077,2346
14078,3080
14078,3676
14079,2183
14079,2916
14080,2291
14081,3881
14082,2180
14083,468
14083,1032
14083,1140
14083,3958
14084,595
14084,3512
14085,2282
14085,3154
14086,2180
14087,359
14087,653
14087,1689
14087,2370
14088,2180
14089,2180
14090,2180
14091,2180
14092,2488
14092,2591
14092,3958
14093,3643
14094,490
14095,2180
14096,363
14096,2111
14097,690
14097,1877
14097,3872
14098,2143
14098,3616
14099,1554
14100,2180
14101,947
14102,2180
14103,2163
14103,2191
14104,2180
14105,2180
14106,2180
14107,1079
14108,3616
14109,2824
14109,3236
14109,3647
14110,1323
14110,2565
14110,3663
14110,3731
14111,290
14111,1553
14111,3435
14112,1638
14113,2180
14114,2282
14115,2180
14116,2180
14117,488
14118,2180
14119,1061
14120,678
14120,1232
14121,2180
14122,1222
14122,1625
14122,3435
14123,2147
14124,2180
14125,2180
14126,1050
14126,2881
14127,2590
14127,2694
14128,2180
14129,2041
14129,3958
14130,28
14130,1367
14130,1601
14130,3642
14131,149
14131,1580
14131,2236
14131,2237
14131,2849
14132,3526
14133,140
14133,621
14133,735
14133,1760
14133,3087
14133,3332
14133,3680
14133,3724
14133,3923
14134,2262
14135,360
14136,315
14136,1955
14137,1556
14138,2088
14138,3886
14139,2786
14139,3356
14140,680
14141,2001
14142,2180
14143,1010
14143,1198
14143,2051
14143,3037
14143,3724
14144,2668
14144,3229
14145,1404
14145,3639
14146,2180
14147,1021
14147,1392
14148,2180
14149,2180
14150,2180
14151,3958
14152,1198
14152,2051
14153,2544
14153,3616
14154,2180
14155,570
14156,461
14157,3436
14157,3958
14158,2780
14158,3154
14159,2271
14160,1215
14160,2822
14161,2180
14162,2447
14163,536
14164,82
14164,148
14165,74
14165,485
14165,1588
14166,1434
14166,3887
14167,81
14167,2051
14167,3037
14167,3724
14168,148
14168,2597
14168,3124
14169,2180
14170,297
14170,584
14170,687
14170,1405
14170,1562
14170,1736
14170,2063
14170,2267
14170,3724
14171,40
14171,584
14171,1509
14171,1513
14171,1831
14171,2063
14171,3724
14171,3806
14172,2180
14173,1821
14173,3768
14174,1148
14174,2149
14174,2212
14175,169
14175,3356
14175,3900
14176,509
14177,257
14177,509
14177,633
14177,3170
14178,92
14179,276
14179,1677
14179,2390
14179,2672
14179,3569
14180,1934
14181,1687
14181,2588
14181,3415
14181,3958
14182,173
14182,2200
14183,304
14183,1030
14183,2338
14184,3958
14185,994
14185,1841
14185,1950
14185,3813
14186,363
14186,3543
14187,1630
14187,2399
14187,3555
14188,723
14188,1517
14188,1915
14188,1934
14188,3211
14188,3958
14189,2180
14190,334
14190,1689
14191,2183
14192,1934
14193,1351
14194,2180
14195,2180
14196,3327
14197,2180
14198,2180
14199,2180
14200,1075
14200,2111
14200,2488
14200,2755
14200,3415
14200,3719
14201,110
14202,1316
14202,1919
14202,2135
14202,3512
14203,2164
14204,399
14204,3813
14205,2180
14206,3934
14207,2180
14208,1707
14208,2834
14208,3650
14208,3829
14209,276
14209,3401
14210,2202
14211,1750
14212,2180
14213,1328
14213,3934
14214,2180
14215,893
14215,2251
14215,2510
14216,567
14216,2061
14217,1172
14217,2544
14217,3233
14218,3320
14219,3934
14220,1328
14220,2282
14221,563
14221,2166
14222,2180
14223,3096
14223,3236
14224,3016
14224,3081
14224,3083
14224,3843
14224,3897
14225,2180
14226,276
14227,2180
14228,2996
14229,2668
14230,1117
14230,3104
14231,363
14231,2004
14231,3419
14232,2180
14233,2498
14234,906
14234,2893
14234,3956
14235,622
14235,2285
14235,3282
14236,2180
14237,2180
14238,2834
14238,3396
14239,2282
14239,2810
14240,3914
14241,2180
14242,1439
14242,1804
14242,3648
14243,1096
14243,3914
14244,2846
14245,1262
14245,3435
14246,2180
14247,722
14248,414
14249,1271
14249,2643
14250,1188
14250,1592
14250,3078
14251,3647
14252,3955
14253,2618
14254,1059
14254,3339
14254,3914
14255,3927
14256,2057
14257,3043
14257,3799
14258,1328
14259,2000
14260,3770
14261,847
14261,2159
14261,3314
14262,2180
14263,2268
14264,2180
14265,170
14266,294
14267,3466
14268,1955
14268,2043
14268,2711
14268,3154
14268,3914
14269,1536
14269,2786
14270,2180
14271,1470
14271,3512
14272,1638
14272,3914
14273,1096
14273,3914
14274,396
14274,2606
14274,3616
14275,951
14275,1792
14275,2086
14276,1291
14276,1850
14277,2834
14277,3094
14277,3863
14278,1096
14278,2193
14278,2475
14279,2180
14280,2541
14280,3260
14281,90
14281,984
14281,3435
14282,1188
14282,1577
14283,1345
14283,2520
14284,2587
14285,84
14285,294
14286,3540
14286,3833
14287,291
14287,2412
14288,2565
14289,2520
14290,3719
14290,3829
14291,2520
14291,3829
14292,2180
14293,2245
14293,2848
14293,3078
14294,55
14294,3813
14295,73
14295,1096
14295,2124
14295,3914
14296,1674
14296,2014
14296,2834
14296,2861
14297,2287
14298,675
14298,1031
14298,1545
14298,3719
14299,2180
14300,2817
14301,2180
14302,145
14302,1193
14303,245
14304,2180
14305,249
14305,1122
14305,3719
14305,3949
14306,234
14307,2830
14307,3607
14308,3512
14309,3323
14309,3607
14310,1365
14310,3582
14311,3813
14312,2180
14313,2180
14314,2292
14314,2819
14315,3323
14316,1752
14316,3616
14317,1059
14317,1682
14317,3339
14317,3914
14318,314
14318,509
14318,751
14318,796
14318,1103
14318,1184
14318,1198
14318,1650
14318,1760
14318,2323
14318,2452
14318,2657
14318,2734
14318,2849
14318,3028
14318,3076
14318,3278
14318,3724
14318,3751
14318,3788
14318,3881
14318,3919
14319,1942
14319,2937
14320,242
14320,984
14321,1728
14321,3914
14322,1215
14323,2180
14324,1533
14324,2834
14325,3034
14326,525
14327,2180
14328,2053
14328,2119
14329,1345
14329,2764
14329,3827
14330,2559
14330,2899
14330,3724
14331,166
14331,1648
14331,2565
14332,2189
14332,2834
14333,3512
14334,2520
14335,1595
14336,736
14336,3635
14337,1654
14337,3512
14338,2107
14338,2565
14339,2180
14340,2180
14341,1950
14342,3193
14342,3829
14343,815
14344,15
14344,2720
14344,2772
14345,2292
14346,984
14346,1032
14346,1050
14346,3958
14347,1026
14347,1328
14348,330
14348,735
14348,1088
14348,2132
14348,3214
14348,3400
14348,3440
14348,3673
14348,3716
14348,3724
14348,3903
14349,966
14349,3927
14350,3236
14350,3435
14351,1345
14352,2180
14353,2180
14354,92
14354,405
14354,789
14354,3312
14355,3378
14355,3813
14356,2802
14357,3719
14358,1702
14358,2345
14359,1527
14360,3783
14361,892
14362,2180
14363,3914
14364,1032
14365,997
14365,1368
14365,2422
14365,3722
14366,1596
14367,3719
14367,3850
14368,2020
14368,3381
14368,3512
14369,690
14369,3195
14370,2180
14371,3952
14372,1096
14372,3024
14373,3184
14373,3428
14373,3952
14374,2180
14375,3362
14376,76
14376,3719
14377,233
14378,2180
14379,2180
14380,2848
14380,3078
14380,3680
14381,1639
14381,1759
14381,2143
14381,2979
14382,403
14382,3719
14383,2586
14384,401
14384,556
14384,567
14384,1153
14384,3094
14384,3719
14385,1465
14385,2486
14386,2520
14386,3236
14386,3435
14387,257
14388,308
14388,835
14388,941
14388,2004
14389,272
14389,1630
14389,1648
14389,3554
14390,3024
14391,2180
14392,2081
14393,234
14393,3914
14394,1556
14395,1016
14396,3094
14397,1151
14397,2126
14397,3197
14398,515
14398,2398
14398,3417
14399,1894
14399,3435
14399,3512
14399,3809
14400,2180
14401,1075
14401,2113
14401,2834
14401,3424
14402,2180
14403,2602
14403,3360
14404,3958
14405,2180
14406,1543
14407,290
14407,1291
14408,2180
14409,2830
14410,2180
14411,3187
14412,2284
14412,2639
14412,3741
14413,2180
14414,2577
14415,2180
14416,2180
14417,13
14417,1392
14417,1484
14417,1501
14417,2452
14418,199
14418,3459
14419,331
14419,2931
14420,419
14421,2180
14422,308
14423,1153
14424,1806
14425,1955
14426,2180
14427,691
14427,3722
14428,2180
14429,2180
14430,2180
14431,1520
14432,2545
14432,3143
14433,566
14433,2645
14434,690
14434,1095
14434,1285
14434,2063
14434,3719
14434,3753
14435,1188
14435,2043
14436,3154
14437,2180
14438,566
14439,294
14439,1114
14440,2180
14441,2180
14442,2180
14443,2180
14444,3247
14445,1328
14445,2130
14445,2282
14446,225
14446,941
14447,2180
14448,2092
14448,2992
14448,3809
14449,3944
14450,1345
14451,308
14451,3914
14452,3009
14452,3606
14453,976
14453,3339
14454,1079
14454,3265
14455,2180
14456,2180
14457,51
14457,68
14457,690
14457,944
14457,2157
14457,2534
14457,3181
14457,3384
14458,1461
14458,2139
14459,2140
14459,3490
14460,703
14461,2456
14461,2615
14462,2338
14463,2180
14464,486
14465,2345
14465,2533
14466,3813
14467,791
14467,1973
14467,2834
14468,675
14468,1707
14468,2834
14468,3405
14469,2180
14470,3616
14471,1079
14471,1598
14471,3094
14472,170
14473,2834
14473,2951
14473,3245
14474,1595
14475,278
14475,571
14475,1630
14475,1757
14475,2932
14476,572
14476,1223
14476,3946
14477,939
14478,2180
14479,2189
14480,2180
14481,2618
14481,3719
14482,2180
14483,1595
14483,3014
14484,2967
14484,3809
14484,3958
14485,282
14485,669
14485,3447
14486,2180
14487,179
14487,351
14488,1043
14488,2711
14488,3154
14488,3719
14489,3224
14490,1215
14491,1122
14491,2886
14491,3719
14492,754
14493,394
14493,1639
14493,1850
14493,3895
14494,2250
14494,3424
14495,1975
14495,2235
14495,3435
14496,1439
14496,3326
14496,3724
14496,3849
14497,2180
14498,916
14499,1950
14499,3094
14499,3863
14500,2180
14501,525
14502,2463
14502,3650
14502,3865
14503,2180
14504,2180
14505,486
14505,3018
14506,125
14507,3228
14507,3236
14507,3435
14508,742
14508,3185
14508,3719
14509,2180
14510,2180
14511,167
14512,2180
14513,2180
14514,2180
14515,2540
14515,3612
14515,3863
14516,108
14516,2064
14517,3018
14517,3612
14518,2180
14519,2180
14520,1991
14521,1302
14522,3435
14522,3718
14523,566
14524,2180
14525,2561
14526,3144
14526,3435
14527,942
14527,3512
14528,2565
14529,234
14529,3958
14530,2180
14531,1439
14532,2164
14533,3338
14534,1845
14534,3114
14534,3826
14535,622
14535,2979
14536,1289
14536,1794
14536,3739
14537,132
14537,833
14537,2208
14537,2357
14538,1879
14539,595
14539,2081
14539,3435
14540,2180
14541,461
14541,2941
14542,487
14542,933
14542,1055
14542,2284
14542,2547
14542,3342
14542,3470
14543,170
14543,3719
14544,3958
14545,3024
14546,3338
14547,3914
14548,2577
14549,2412
14549,3219
14550,2285
14550,2996
14551,628
14552,2180
14553,3435
14554,2565
14554,2587
14555,842
14555,2643
14555,3201
14556,2180
14557,643
14558,894
14558,2653
14558,3049
14559,3526
14560,1406
14560,1630
14560,2412
14560,3219
14560,3310
14561,178
14561,795
14561,2834
14561,3039
14561,3915
14562,2711
14562,3154
14563,610
14563,2212
14563,3154
14564,711
14564,1187
14564,3154
14565,675
14565,2588
14566,2078
14566,3491
14567,836
14567,2056
14568,3914
14569,2572
14569,3154
14570,3016
14571,1096
14572,2292
14573,305
14573,2430
14574,1163
14574,1545
14574,3083
14574,3914
14575,1404
14575,2113
14575,2518
14576,1439
14576,3771
14577,423
14577,1942
14577,2682
14578,1592
14578,2618
14578,3914
14579,2418
14580,3955
14581,1983
14581,3154
14582,2618
14583,2180
14584,2180
14585,3224
14585,3473
14586,1031
14586,2634
14586,3770
14586,3958
14587,1188
14587,1755
14587,3035
14588,3154
14589,1404
14589,3154
14590,1614
14590,3636
14591,274
14591,1287
14592,822
14593,294
14593,2292
14594,566
14594,3958
14595,703
14595,714
14595,1037
14595,3154
14595,3215
14595,3914
14596,878
14596,2292
14597,3024
14598,3247
14599,2414
14599,3958
14600,1545
14600,2237
14600,3083
14600,3415
14601,318
14601,3418
14602,3958
14603,1404
14604,2180
14605,3024
14606,2050
14607,2180
14608,2756
14609,108
14609,365
14610,149
14610,1934
14610,3958
14611,2819
14612,1545
14612,2292
14612,2711
14612,2920
14612,3154
14613,341
14614,3442
14614,3733
14615,3154
14616,170
14617,3167
14617,3339
14617,3914
14618,3224
14619,2711
14619,3958
14620,1803
14620,1934
14621,1525
14621,2461
14622,3094
14622,3435
14623,566
14623,2336
14623,2517
14623,3387
14623,3391
14623,3914
14624,2180
14625,2711
14625,3958
14626,1886
14626,2578
14627,1545
14627,3914
14628,2618
14629,1404
14629,1638
14630,1890
14631,1728
14631,2801
14632,566
14632,3155
14632,3958
14633,2292
14633,2917
14634,1318
14634,1447
14634,2111
14635,333
14635,713
14635,1569
14636,809
14636,3024
14637,3154
14638,1302
14639,673
14639,1302
14640,468
14640,703
14640,1031
14640,2917
14641,743
14641,984
14641,1096
14641,3914
14642,243
14642,1302
14642,3224
14643,2180
14644,2292
14644,2917
14645,486
14645,2711
14646,2655
14646,3224
14647,149
14648,3224
14649,468
14650,2975
14650,3914
14651,1173
14652,3154
14653,274
14654,2038
14654,3295
14655,3190
14656,1173
14656,1621
14657,2180
14658,2180
14659,1096
14659,3211
14660,2418
14661,3958
14662,3887
14663,2418
14664,2282
14664,3356
14665,3444
14665,3914
14666,2618
14667,468
14667,1302
14667,3958
14668,3536
14668,3727
14669,2180
14670,3914
14671,2100
14671,2518
14672,3827
14673,2287
14673,3914
14674,333
14674,1096
14674,1556
14675,1934
14675,3639
14675,3958
14676,402
14677,3914
14678,3958
14679,3914
14680,1957
14680,2292
14681,1518
14682,1728
14682,2618
14682,3154
14683,1005
14683,3779
14684,404
14685,2180
14686,3914
14687,2180
14688,2588
14689,1096
14689,3154
14689,3339
14689,3914
14690,2588
14691,1163
14691,3566
14692,2979
14693,3317
14694,3736
14695,3473
14696,1518
14697,3914
14698,3958
14699,1404
14700,1404
14700,3396
14701,2517
14701,3914
14702,3154
14702,3836
14702,3914
14703,333
14703,490
14703,824
14703,3195
14703,3231
14704,2588
14705,510
14705,1277
14706,85
14706,1834
14706,2618
14707,67
14707,1138
14707,2595
14708,1934
14709,479
14709,1518
14710,1369
14710,1956
14711,2618
14712,2180
14713,83
14713,245
14713,3914
14714,3339
14715,36
14715,195
14715,491
14715,584
14715,683
14715,744
14715,1378
14715,1427
14715,1509
14715,1671
14715,2055
14715,2284
14715,2860
14715,3342
14715,3347
14715,3470
14715,3639
14715,3658
14715,3724
14715,3899
14715,3923
14715,3973
14716,3914
14717,566
14717,1275
14717,1728
14717,2036
14717,3704
14718,2517
14718,2756
14719,2488
14719,3154
14719,3675
14719,3914
14720,3024
14721,947
14722,274
14722,2069
14722,2413
14722,2834
14723,2595
14724,2518
14724,2686
14724,2711
14724,3154
14725,2947
14726,2418
14727,89
14728,2180
14729,1934
14730,2180
14731,2180
14732,941
14732,1934
14733,566
14733,3115
14733,3958
14734,941
14734,3386
14735,474
14736,3958
14737,664
14737,3958
14738,976
14738,3339
14738,3914
14739,486
14740,947
14741,3154
14742,2711
14742,3958
14743,2020
14744,1942
14744,2591
14745,1518
14746,2180
14747,256
14747,1240
14747,3958
14748,486
14748,3958
14749,2180
14750,1352
14750,1728
14750,3339
14751,256
14751,486
14751,3958
14752,419
14752,2631
14753,2180
14754,1404
14755,1189
14755,2763
14755,3092
14756,234
14756,3154
14757,3914
14758,73
14759,350
14759,3914
14760,1126
14760,2579
14760,2764
14760,3914
14761,3914
14762,1934
14763,3548
14763,3914
14764,2180
14765,2180
14766,1934
14767,3750
14768,1518
14768,1666
14768,3154
14769,468
14769,3540
14770,2967
14770,3958
14771,1614
14771,2588
14772,1518
14773,1915
14773,3749
14773,3756
14774,1400
14774,2209
14774,2517
14774,3338
14774,3914
14775,2180
14776,3958
14777,2180
14778,2180
14779,1109
14780,1934
14780,3958
14781,2180
14782,1627
14783,1170
14783,1728
14783,2826
14784,2180
14785,2180
14786,1404
14787,2180
14788,2180
14789,2418
14789,2711
14790,566
14791,234
14791,2175
14792,3236
14792,3770
14793,2802
14794,2440
14795,3914
14795,3940
14796,1545
14796,3914
14797,2711
14797,3958
14798,400
14798,1056
14798,3958
14799,2226
14799,3631
14799,3835
14800,3154
14801,3236
14801,3958
14802,3442
14802,3733
14803,153
14803,941
14804,1915
14804,2285
14804,2996
14805,3338
14806,1623
14806,2615
14806,3339
14806,3914
14807,2633
14808,1293
14808,3154
14809,3858
14809,3914
14810,3835
14811,2180
14812,2711
14812,3958
14813,1518
14814,1518
14814,1728
14814,3733
14815,2618
14816,2164
14817,3914
14818,2180
14819,2180
14820,625
14820,3914
14821,3691
14822,3024
14823,3958
14824,1850
14824,2786
14824,3614
14825,690
14825,2183
14825,2497
14826,2180
14827,2180
14828,2180
14829,3364
14830,407
14830,573
14830,1198
14830,1636
14830,2284
14830,3440
14831,2884
14832,916
14833,2180
14834,333
14834,1096
14834,2939
14834,3415
14835,1657
14835,3680
14836,2180
14837,755
14838,2263
14838,3952
14839,2180
14840,1663
14840,3647
14841,186
14841,698
14841,2982
14842,2180
14843,2180
14844,2282
14845,577
14845,914
14845,2520
14845,3719
14846,290
14846,1865
14846,2587
14847,2180
14848,274
14849,2282
14849,3891
14850,274
14850,3311
14851,2180
14852,1680
14852,2057
14852,3315
14853,1875
14853,2183
14854,2180
14855,1873
14855,1934
14855,3639
14856,3813
14857,712
14857,2649
14857,3007
14858,3501
14858,3943
14859,947
14859,1396
14859,3016
14860,986
14860,3512
14861,2341
14862,2113
14862,3195
14863,815
14864,1439
14865,2180
14866,2285
14866,2507
14867,2166
14867,3435
14868,3153
14868,3720
14869,1365
14870,2012
14870,2291
14870,3287
14871,1623
14872,234
14873,2180
14874,1288
14874,3835
14875,2180
14876,2180
14877,2180
14878,2180
14879,904
14879,1182
14879,1870
14879,2141
14879,3932
14880,2180
14881,1320
14882,2180
14883,759
14883,3426
14884,3116
14885,276
14885,3863
14886,1187
14886,1663
14886,3738
14887,1879
14888,2618
14889,703
14889,3719
14889,3829
14890,1663
14891,2180
14892,2183
14892,3439
14892,3914
14893,2282
14893,2856
14894,3236
14895,2043
14895,3813
14895,3915
14896,809
14896,3256
14896,3352
14896,3713
14897,277
14897,290
14897,1187
14897,3616
14898,846
14898,3435
14899,916
14900,3244
14901,105
14902,715
14902,1657
14902,1782
14902,2652
14903,2180
14904,916
14904,1916
14904,3615
14904,3813
14904,3958
14905,837
14905,2475
14906,2180
14907,1328
14907,2081
14908,2180
14909,84
14909,150
14909,584
14909,3639
14910,2180
14911,2180
14912,916
14913,916
14913,3813
14914,1311
14914,2565
14915,815
14915,3435
14916,2282
14916,3356
14917,2180
14918,944
14918,3236
14919,2027
14920,1565
14920,3195
14921,3719
14921,3832
14922,2180
14923,2180
14924,2180
14925,2412
14925,3219
14926,3840
14927,3469
14928,3840
14929,2180
14930,2180
14931,2180
14932,2585
14933,2180
14934,2180
14935,2180
14936,607
14936,2393
14937,2781
14938,2180
14939,381
14940,3512
14941,163
14942,2180
14943,1687
14944,1120
14944,2827
14945,2834
14946,2180
14947,3616
14948,2180
14949,2180
14950,1544
14950,2405
14950,3415
14951,2180
14952,1173
14952,3522
14953,2180
14954,2180
14955,996
14956,276
14956,474
14956,1556
14956,3842
14956,3871
14957,3378
14957,3616
14958,2180
14959,1238
14959,3599
14960,2180
14961,2180
14962,2180
14963,2542
14964,2492
14964,2540
14964,2834
14965,1170
14965,2689
14966,2180
14967,2180
14968,2180
14969,2585
14970,1652
14971,2180
14972,1025
14972,1831
14972,2836
14973,2180
14974,916
14974,2645
14974,3842
14975,2412
14975,3219
14976,3576
14977,466
14978,272
14978,1274
14978,1630
14978,2591
14978,2762
14978,2932
14978,3484
14978,3618
14979,2180
14980,2111
14980,2492
14981,2180
14982,2180
14983,2180
14984,3367
14985,1187
14985,1363
14985,1404
14986,2180
14987,2285
14987,2519
14988,250
14988,877
14988,972
14989,3494
14990,325
14990,1328
14991,2180
14992,276
14992,2202
14993,2180
14994,6
14994,82
14994,3612
14995,2180
14996,3622
14997,2180
14998,2180
14999,3073
14999,3719
15000,2285
15001,1977
15001,3443
15001,3708
15002,153
15002,510
15002,1774
15002,2973
15002,3813
15002,3958
15003,2180
15004,2180
15005,2291
15005,2643
15005,3467
15006,2180
15007,2180
15008,288
15008,394
15009,3783
15010,3469
15011,3435
15012,2180
15013,2180
15014,2180
15015,94
15015,134
15015,2025
15016,1840
15016,2088
15017,944
15017,2745
15018,2180
15019,542
15019,1062
15019,2597
15019,2800
15020,1626
15020,2706
15020,3840
15021,3829
15022,1085
15022,1773
15022,2922
15023,447
15023,1079
15023,1794
15024,1663
15025,2180
15026,2180
15027,3616
15028,2180
15029,2519
15029,3612
15029,3813
15030,1641
15030,1820
15030,3804
15031,2789
15032,2180
15033,276
15034,3236
15035,1268
15035,1346
15036,2540
15036,3612
15036,3805
15037,308
15037,338
15037,649
15038,567
15039,3790
15040,1651
15040,2106
15041,2180
15042,2577
15043,2180
15044,3840
15045,2180
15046,1687
15047,2180
15048,2984
15049,2711
15049,3719
15050,3719
15051,3236
15052,2180
15053,1729
15053,3236
15053,3435
15054,2180
15055,2180
15056,878
15056,1916
15056,3435
15057,2180
15058,94
15058,134
15059,2180
15060,3719
15061,1467
15061,3512
15062,2180
15063,2180
15064,884
15064,2428
15064,3415
15065,264
15066,628
15067,643
15068,2180
15069,3809
15070,3809
15071,2711
15071,3719
15072,1328
15072,2282
15073,2180
15074,2180
15075,2180
15076,1170
15076,1475
15076,1634
15076,2924
15076,3756
15077,3544
15078,1800
15078,3544
15079,163
15080,2180
15081,2180
15082,2111
15083,1215
15083,2008
15083,2344
15083,3956
15084,2565
15084,2587
15084,2932
15085,630
15086,2520
15086,3436
15087,2073
15087,2684
15087,3239
15088,476
15089,2879
15090,2180
15091,1439
15092,2180
15093,256
15093,1569
15093,2540
15093,3778
15094,419
15094,3378
15094,3415
15095,2180
15096,2135
15096,2150
15096,2856
15097,2180
15098,2180
15099,850
15099,2099
15099,2142
15099,3027
15099,3639
15099,3724
15100,2180
15101,2180
15102,2180
15103,2180
15104,2180
15105,3512
15106,3860
15106,3914
15107,2427
15108,876
15108,2754
15109,3616
15110,2180
15111,2106
15112,2412
15112,3219
15113,275
15114,170
15114,474
15114,792
15114,3620
15115,1582
15116,1201
15116,2645
15117,2732
15118,1349
15119,2180
15120,3381
15120,3512
15121,948
15121,1438
15121,1558
15121,2036
15121,3257
15122,1447
15122,2111
15122,3107
15123,2180
15124,2180
15125,2180
15126,2180
15127,2452
15128,2040
15129,38
15129,215
15129,742
15130,2292
15131,664
15131,2565
15132,15
15132,3753
15133,2180
15134,1139
15135,2180
15136,2520
15136,3798
15137,2180
15138,2180
15139,924
15139,3697
15140,2180
15141,2180
15142,2834
15142,3093
15143,926
15143,1411
15143,2894
15143,3253
15144,2180
15145,1476
15146,1394
15146,1708
15147,2180
15148,733
15148,2285
15149,3081
15150,2180
15151,2180
15152,2180
15153,2180
15154,2180
15155,2180
15156,3809
15157,78
15157,675
15158,3585
15159,2180
15160,98
15160,588
15160,1877
15160,2074
15160,3881
15161,2180
15162,2106
15162,2565
15163,170
15163,265
15163,1311
15163,2520
15163,2842
15164,3910
15165,974
15165,3576
15166,65
15166,1096
15167,2180
15168,1518
15169,2180
15170,2180
15171,2180
15172,2180
15173,2180
15174,2180
15175,2180
15176,1187
15177,316
15177,1188
15177,1577
15178,3813
15179,2180
15180,2834
15181,916
15182,273
15182,3719
15182,3829
15183,3595
15184,120
15184,1182
15184,2285
15185,3174
15185,3435
15186,2180
15187,741
15187,1031
15187,3512
15187,3691
15188,3512
15188,3720
15189,927
15190,580
15191,2180
15192,2618
15192,3396
15192,3719
15193,712
15193,916
15194,3889
15195,1328
15196,2180
15197,3518
15197,3521
15198,2180
15199,3886
15200,2180
15201,2180
15202,2180
15203,3765
15204,916
15204,1357
15204,3842
15205,643
15205,1328
15206,1439
15206,1804
15206,3724
15206,3771
15207,510
15208,3110
15209,2180
15210,2180
15211,153
15212,2180
15213,2106
15214,2180
15215,2106
15215,2285
15216,2106
15217,2389
15218,3840
15219,2180
15220,2180
15221,2180
15222,2180
15223,2180
15224,2180
15225,3378
15226,3299
15227,2305
15227,3219
15228,255
15228,1170
15229,155
15229,276
15229,2491
15230,2180
15231,3840
15232,3276
15233,737
15233,3616
15234,304
15235,3515
15236,3947
15237,325
15237,1215
15237,1229
15237,1584
15238,726
15238,2199
15238,2366
15239,170
15239,234
15240,1784
15241,2180
15242,2180
15243,2203
15243,3719
15244,2180
15245,1563
15245,2199
15245,2366
15246,3236
15247,2630
15247,3813
15248,3813
15249,2903
15249,2952
15249,3471
15250,294
15250,3540
15250,3813
15251,2914
15251,3574
15252,3809
15253,2180
15254,2180
15255,2180
15256,307
15256,3158
15257,916
15257,1302
15257,1814
15257,3813
15258,2739
15259,2180
15260,2180
15261,916
15261,3809
15262,2180
15263,2152
15264,3756
15265,210
15265,2565
15266,3829
15267,1257
15267,1894
15268,2180
15269,1702
15270,743
15270,2285
15271,3411
15271,3512
15272,2386
15272,2928
15273,2180
15274,3916
15275,3809
15276,1965
15276,3411
15276,3512
15276,3845
15277,947
15277,3719
15278,2180
15279,2180
15280,2180
15281,2180
15282,2180
15283,381
15283,947
15283,3719
15284,2180
15285,2180
15286,2180
15287,3734
15288,2180
15289,2232
15290,622
15290,760
15291,2520
15292,916
15293,40
15294,415
15294,3527
15294,3697
15295,280
15295,2089
15296,3236
15297,2180
15298,3448
15299,2180
15300,1481
15300,2338
15300,2848
15300,3578
15301,1689
15301,1919
15301,2135
15302,2180
15303,1012
15303,3174
15303,3904
15304,519
15304,3100
15305,1567
15305,2039
15305,3875
15306,56
15306,1831
15306,2159
15306,3716
15307,994
15307,3469
15308,2180
15309,1689
15309,2135
15309,3512
15310,2202
15311,3608
15312,3840
15313,2434
15313,3544
15314,690
15314,3195
15315,2180
15316,84
15316,2038
15317,1171
15318,3002
15318,3415
15319,467
15319,2884
15319,3011
15319,3055
15319,3927
15320,84
15320,2038
15320,3719
15321,3719
15322,2376
15322,3833
15323,84
15323,2038
15323,2834
15324,2232
15324,3956
15325,2180
15326,2180
15327,2180
15328,2180
15329,2180
15330,742
15331,599
15331,3512
15332,2838
15332,3697
15333,1006
15333,2321
15333,2452
15334,2180
15335,3813
15336,84
15336,2834
15337,2180
15338,2180
15339,3813
15340,84
15340,2834
15341,660
15342,2180
15343,2469
15344,304
15344,3512
15345,2180
15346,908
15346,1641
15347,2180
15348,2180
15349,2618
15350,1353
15350,2154
15350,3560
15351,2180
15352,2180
15353,1198
15353,1439
15354,1253
15355,2180
15356,3512
15357,2180
15358,50
15358,2306
15359,2180
15360,2223
15360,2723
15361,2180
15362,2180
15363,2180
15364,1299
15365,589
15365,2984
15366,778
15367,124
15367,1328
15367,2113
15368,1466
15369,2180
15370,2180
15371,2345
15372,1255
15372,1492
15372,3094
15373,2180
15374,2180
15375,294
15375,914
15375,2834
15375,3863
15376,815
15377,2180
15378,2180
15379,3467
15380,2180
15381,2180
15382,1518
15382,3075
15382,3733
15383,1361
15384,2180
15385,14
15385,439
15385,910
15385,1198
15385,3136
15386,2180
15387,653
15387,1056
15387,2285
15387,3958
15388,2180
15389,2180
15390,2180
15391,337
15391,2595
15391,2615
15392,712
15393,743
15393,3616
15394,3905
15395,3512
15396,2519
15396,3612
15397,3473
15398,1595
15399,2180
15400,1663
15401,276
15401,3401
15402,2180
15403,3128
15404,414
15404,1663
15405,2180
15406,2
15406,191
15406,712
15406,1062
15406,1741
15406,2514
15406,2895
15407,2180
15408,3435
15408,3612
15409,2180
15410,2180
15411,3237
15412,2180
15413,764
15413,815
15414,3620
15415,2232
15415,2766
15416,1663
15417,276
15417,1556
15417,3401
15418,3944
15419,2202
15420,318
15420,550
15420,992
15420,1132
15421,1328
15421,2906
15422,998
15422,1565
15422,3142
15422,3308
15423,2180
15424,3282
15424,3719
15425,2180
15426,3106
15427,2180
15428,248
15428,1793
15429,1439
15429,3326
15429,3849
15430,3381
15430,3512
15431,1916
15431,2357
15431,2817
15431,3435
15432,291
15433,2081
15433,2113
15433,2291
15433,3813
15434,2180
15435,3469
15436,474
15436,3401
15436,3842
15437,660
15438,276
15438,2202
15439,589
15440,2106
15441,1964
15442,1925
15442,3448
15443,559
15443,3512
15444,743
15445,2180
15446,318
15446,992
15447,2180
15448,2180
15449,2180
15450,3915
15451,3840
15452,2180
15453,2180
15454,1328
15455,2180
15456,1974
15456,3789
15457,941
15457,1950
15457,3809
15457,3813
15458,2193
15458,2475
15459,2429
15459,2802
15460,1938
15460,2905
15461,2106
15462,2282
15462,3356
15463,855
15463,2052
15463,2253
15464,983
15465,2180
15466,916
15466,2530
15467,2180
15468,2180
15469,2180
15470,2180
15471,2180
15472,2180
15473,2180
15474,2180
15475,2180
15476,2180
15477,2180
15478,2180
15479,660
15480,2180
