MediaID,WriterID
1,798
2,5723
3,1783
3,4973
4,191
5,191
6,5470
6,5861
6,11998
7,191
8,191
9,14170
10,11520
10,11659
11,1178
11,1516
11,1629
11,5008
11,6250
12,6015
12,8510
12,8546
13,1449
14,11659
15,2394
15,5923
15,9196
16,2972
16,5206
16,6442
16,7236
16,14194
17,4676
18,84
18,12935
19,191
20,1449
21,191
22,2678
23,776
23,6810
23,12004
24,1641
25,9434
26,4872
27,2991
27,12717
27,13267
28,10388
29,5745
30,1249
30,3598
30,6986
31,5169
32,1557
32,4226
32,5867
32,14387
33,49
34,7349
35,2903
35,7719
36,3598
36,6986
36,13894
37,1011
37,13696
38,1557
38,9579
39,191
40,1662
40,5155
41,3726
42,3785
42,6619
43,191
44,13556
45,5092
45,7045
45,12721
46,12650
47,10015
48,3132
48,9438
49,7942
49,9438
50,7942
50,9438
50,15053
51,4750
52,4836
52,8811
53,12413
54,14764
55,8070
56,1285
56,3297
57,12039
58,4105
58,6235
59,4290
60,191
61,258
61,5140
62,7013
62,9884
63,2438
64,4467
64,6819
64,12042
65,1101
65,9343
66,2488
66,12289
67,6281
67,7228
68,4974
69,6232
69,10451
69,12224
70,8470
70,11243
70,14412
71,12322
72,3340
73,1144
73,3016
73,11222
74,3773
75,2373
76,8559
76,12742
77,11211
78,191
79,7962
79,10576
80,2761
81,13042
82,5663
83,6130
83,6579
84,13011
84,14606
85,10942
86,8801
87,3707
87,6993
87,13779
88,11956
88,12900
89,1421
90,191
91,2594
92,6437
92,13024
93,6440
94,9597
94,11664
94,12435
95,191
96,6407
96,6858
96,13363
97,12033
97,14314
98,191
99,1641
100,4574
101,4085
101,11775
102,1889
102,6541
102,8901
103,191
104,832
105,725
106,191
107,191
108,10742
108,11343
109,9599
110,6313
110,12754
110,13006
110,13932
111,4148
111,8455
112,6888
112,13567
112,14916
113,191
114,14057
115,191
116,9663
117,2810
117,2998
118,10021
119,2864
120,1622
121,5545
121,5792
122,632
122,2838
123,4570
124,10072
124,15051
125,8436
126,191
127,410
127,1841
128,4516
129,11849
130,191
131,1026
131,2711
131,5814
131,8129
131,8417
131,15068
132,862
132,2775
132,4736
132,5815
132,8621
133,7771
133,8770
133,11900
134,191
135,8852
135,12315
136,1944
137,6308
137,11177
138,191
139,9911
140,10866
140,12771
141,3588
142,1798
142,2622
142,11675
142,15050
143,6983
144,191
145,13822
146,9812
146,13182
147,5760
148,415
149,13764
150,2674
150,8380
150,9649
151,411
152,1610
153,5811
153,11371
153,13440
154,9754
154,12518
154,13440
155,13440
156,1467
156,1962
156,13082
157,8174
157,9946
157,11156
158,191
159,191
160,4529
161,8968
162,11971
163,2896
164,4559
165,191
166,9454
167,3246
167,10403
168,191
169,191
170,7768
170,9979
171,8000
172,7320
172,10264
173,1592
173,2662
173,4802
173,9371
174,2386
174,6949
174,8175
175,191
176,2495
176,14622
177,13531
178,4036
178,6763
178,7196
179,10672
179,12651
180,191
181,8139
181,10866
181,11812
182,225
182,3988
182,4652
182,9481
183,1765
184,191
185,4217
186,4883
186,5316
186,7104
187,4883
187,5316
188,961
188,1442
188,12887
189,4883
190,7282
190,7893
190,13873
191,191
192,3629
193,11427
194,12729
194,13949
195,191
196,7943
196,9533
197,5683
197,14125
198,7866
199,4433
200,191
201,191
202,3702
203,5548
204,2116
204,3583
204,9213
204,9559
204,10850
204,13175
205,9258
205,11802
205,12207
205,13509
206,191
207,9557
207,9676
208,4075
208,6913
209,1320
209,14551
210,5298
210,10599
211,726
211,5220
212,12874
213,373
213,13805
214,1262
214,6349
214,8296
214,11756
215,2908
215,4657
215,10417
215,12348
216,1196
217,2449
217,9423
218,526
219,11956
219,12900
220,9926
221,12079
222,1044
222,14582
223,11529
224,1822
224,12835
224,13952
225,191
226,4150
226,7391
227,906
227,4282
227,13807
228,191
229,8172
229,8547
229,9283
229,13772
230,916
230,7911
231,191
232,6742
232,8016
232,8395
232,10288
233,14
233,4940
234,191
235,2814
236,1385
236,12137
237,14901
238,5453
238,10791
239,12931
240,191
241,6861
241,7721
242,778
242,8949
242,12160
242,14081
243,3808
243,9188
244,1970
244,3604
244,9587
245,4676
246,1831
246,10066
246,11101
247,191
248,191
249,5637
249,9837
250,191
251,7648
252,1712
252,9492
253,1016
253,4549
253,7144
253,8843
253,10544
253,12013
254,5738
254,8392
254,10284
255,191
256,14206
257,9412
258,191
259,3168
260,7119
260,7121
261,1199
261,7151
261,8389
261,8594
262,1121
262,3230
263,4455
263,6308
264,191
265,2959
265,9147
266,2959
266,9147
267,191
268,4526
268,12967
269,9697
269,15062
270,712
270,11238
270,11871
270,14233
270,14351
271,191
272,8476
273,2655
273,14059
274,191
275,191
276,8613
276,14893
277,673
277,4733
277,6535
277,7014
278,227
278,5343
279,1302
279,1494
279,5998
279,12074
280,10799
281,2306
281,5844
282,11577
283,8419
283,8420
284,5556
284,9079
285,9662
286,12512
287,8309
287,13242
288,2604
288,11432
289,9011
290,3103
290,11464
290,11939
290,14861
291,12512
292,191
293,3258
293,5833
293,7627
294,4688
295,4098
295,12632
296,5596
296,8263
297,8676
298,11562
299,191
300,35
300,1824
300,12885
301,154
301,8254
302,7697
303,961
303,14443
304,522
305,9918
306,191
307,4676
308,3710
309,2617
309,5751
310,5692
311,1238
312,6611
312,8659
313,11151
314,1023
314,3754
314,11112
314,11270
315,5100
315,7654
316,13390
317,191
318,191
319,8572
319,9281
320,191
321,191
322,2918
322,8201
322,12010
323,4376
323,12449
324,3495
325,1752
326,516
327,191
328,728
328,7486
329,11492
330,2407
331,191
332,563
332,6328
333,1695
333,3883
333,4496
333,11399
334,191
335,1438
335,13821
335,14310
336,191
337,191
338,191
339,12877
340,1287
340,6386
340,9657
340,14830
341,4394
342,8736
342,12363
343,3068
343,10974
343,13674
344,191
345,191
346,5293
346,8461
347,9259
348,1953
349,3325
349,8573
349,9856
350,3738
350,5367
350,5379
351,2739
351,4240
351,8189
351,10291
351,12276
351,13938
352,191
353,191
354,191
355,2944
355,14151
356,5965
357,10220
357,14540
358,191
359,5607
359,13911
360,4319
360,9708
360,10096
361,11691
361,14911
362,191
363,191
364,191
365,2340
366,191
367,3535
368,1074
368,11454
368,11847
368,14274
368,14284
369,3495
369,8594
370,191
371,3413
371,5562
371,12495
372,4964
372,12609
373,3094
373,14472
374,6178
375,3866
375,14888
376,989
377,15032
378,191
379,191
380,191
381,191
382,3502
382,12479
383,191
384,5351
384,7853
385,8123
385,9523
386,14797
387,191
388,7154
388,10932
389,2458
390,10860
391,191
392,10565
393,337
394,11442
395,653
395,12938
396,10036
397,191
398,1668
398,3822
398,6088
399,1703
399,5996
399,13350
400,3296
401,12455
402,191
403,191
404,191
405,2204
406,9106
407,9106
408,191
409,11106
409,14291
409,14388
410,952
410,2550
411,191
412,6439
413,2484
413,7764
414,9641
415,9399
416,4274
416,4470
416,5625
416,6333
416,7411
416,7963
416,10757
416,12767
417,7088
417,10966
417,12075
417,12635
417,14456
418,2628
418,6367
418,8437
418,9685
418,12208
418,12534
419,4909
420,13093
420,13331
421,2278
421,4867
421,5500
421,6556
421,13237
422,2019
422,5964
422,13255
422,13568
423,2019
423,5360
423,5964
424,191
425,12823
426,3966
426,7044
426,14911
427,191
428,14346
429,4754
429,12979
430,6942
431,191
432,4440
432,8713
432,14993
433,7417
433,13274
434,191
435,5334
436,14231
437,2469
437,14137
438,168
438,5332
438,7813
438,9572
438,12997
439,9095
439,11481
440,10282
441,10421
442,2531
443,162
443,10409
444,3858
444,14660
445,4982
446,1132
446,10731
447,7847
448,12691
449,12200
449,15075
450,1861
450,7505
451,1861
451,4129
451,12691
452,1639
452,11632
453,191
454,191
455,191
456,8835
456,10854
457,6519
457,11551
458,8076
459,191
460,9169
461,13469
462,9675
463,10374
464,14522
465,13083
465,14407
466,191
467,4624
468,10167
468,10648
468,11258
469,1606
470,191
471,8928
472,1896
472,4460
472,5139
472,5649
472,7424
472,10304
472,14725
473,11349
474,13994
475,151
476,6680
477,14985
478,10670
479,191
480,12587
480,13857
481,12163
482,10965
482,12547
483,3876
483,7469
484,368
484,1611
484,2849
485,3334
486,191
487,988
487,7436
487,9669
487,11905
487,14612
488,4197
488,14586
489,191
490,6185
490,9798
490,10176
491,67
491,12872
492,13134
493,191
494,191
495,48
495,268
495,1792
495,2043
495,2338
495,4263
495,4584
495,5088
495,6663
495,6699
495,7418
495,7699
495,7884
495,8066
495,8360
495,12015
495,14217
495,14270
495,14696
496,2322
496,4646
496,5457
496,11277
496,11781
497,191
498,5777
498,7957
498,12474
499,12577
500,7951
501,1206
502,1960
502,1963
502,2972
502,3060
502,3300
502,3543
502,3693
502,4100
502,4798
502,6062
502,8259
502,8281
502,9105
502,9548
502,10689
502,10989
502,11105
502,11563
502,11985
502,13416
502,14194
502,14438
502,14954
503,240
503,2777
503,7541
504,3662
505,191
506,191
507,8532
507,11429
508,191
509,9192
510,11191
511,917
512,4552
513,191
514,13365
514,14496
515,133
515,3305
516,6173
516,9342
517,7996
518,11018
519,191
520,4826
520,6090
520,7396
521,10232
521,12718
522,10232
522,12718
523,5290
523,9830
524,191
525,11419
526,10351
527,532
528,5633
529,4813
529,10318
529,11817
529,14880
530,191
531,191
532,191
533,4317
533,8038
533,10840
534,3347
534,3657
535,5363
535,8090
535,14616
536,660
537,191
538,3912
538,7928
538,7995
538,11144
538,12905
539,191
540,191
541,191
542,3004
542,10646
543,14829
544,6158
544,10761
545,4608
545,6536
546,8750
547,6378
547,6458
547,12878
548,4655
548,13497
549,1723
549,14015
550,191
551,9413
551,14189
552,3023
553,2486
554,13486
554,13845
555,191
556,864
556,9977
557,191
558,191
559,191
560,11726
560,12494
561,414
562,11467
563,1528
563,2242
563,7616
563,8718
563,11955
564,191
565,191
566,191
567,191
568,385
569,13607
570,191
571,302
571,456
571,960
572,692
572,785
572,3346
572,9468
572,14513
573,3819
573,10255
573,13254
574,4759
575,191
576,13086
576,13295
577,4946
578,4946
579,6202
579,6908
580,14286
581,191
582,3077
583,5653
583,10369
584,4658
584,15044
585,641
585,4555
585,8162
585,9600
585,14232
586,1871
587,6124
587,13094
588,3382
588,7984
588,8190
588,12873
588,13407
589,1735
589,3952
589,10428
590,9025
591,5749
592,11054
593,191
594,9125
594,10127
595,8791
596,1252
596,13400
597,1291
598,4123
599,191
600,4517
600,9581
601,191
602,5890
602,13305
603,191
604,2379
605,191
606,4933
606,14630
607,1523
607,12894
608,511
609,739
609,5383
610,8675
611,191
612,11164
613,12128
614,11546
614,14995
615,10677
616,4183
616,4309
616,7543
617,6557
618,3127
619,8338
620,191
621,1744
621,5399
621,10465
621,14678
622,14313
623,5994
623,11010
624,4775
624,6967
624,13381
624,14898
625,1153
625,8308
626,6829
627,191
628,3330
628,3943
628,7287
628,8877
629,1523
629,12894
630,191
631,872
631,4834
631,12788
631,13801
632,191
633,1789
633,3168
633,4468
633,9181
634,8563
635,12001
636,191
637,6528
637,6683
637,8784
637,9357
637,13544
638,14814
639,7055
640,191
641,10056
641,11423
642,11992
643,5705
643,9294
643,14533
644,180
644,7649
645,5787
645,12157
646,1092
646,6665
646,11050
647,178
647,356
647,1057
647,1159
647,5382
648,1384
648,2064
649,2814
649,8051
649,9176
650,12989
651,12989
652,9875
653,191
654,11078
655,11355
656,2565
657,191
658,1559
658,7563
658,13362
659,923
659,4479
659,13362
660,5110
661,10103
661,11645
661,11728
662,5787
662,12157
663,13471
664,2814
665,6002
666,13443
667,6518
667,9991
668,191
669,10118
669,11637
670,5432
670,9157
671,4395
671,4916
672,8793
672,10352
672,11813
673,9640
673,11852
674,10484
674,12823
675,3331
675,5344
675,9583
676,3959
676,5243
677,6632
677,10904
677,11212
678,8017
678,8879
679,319
679,1824
679,8630
679,14701
680,14053
681,191
682,12722
683,191
684,14231
685,229
685,6150
686,201
686,6612
686,8112
686,14595
687,191
688,6148
689,191
690,11792
691,2415
691,10760
691,10789
692,191
693,191
694,191
695,191
696,191
697,1064
697,5176
697,5437
698,5279
699,3224
699,4039
700,303
700,1839
700,11114
700,13684
701,8304
701,11208
701,11885
702,191
703,191
704,1053
704,2505
704,4924
704,7751
704,10497
704,11701
704,12864
705,191
706,2179
706,5467
706,9151
706,12944
706,13642
706,13969
706,14041
707,12520
708,191
709,403
709,3042
709,4404
709,13504
710,9139
710,11806
711,10019
711,13753
712,386
712,1104
712,2933
712,6066
712,6658
712,6757
712,8946
712,11853
712,14643
712,14991
713,7230
713,11549
713,14793
714,5615
714,12282
715,12837
716,18
716,7826
717,10490
718,5825
718,8714
718,10011
719,8174
719,9946
719,11156
720,191
721,721
722,8010
722,10999
723,9257
724,4801
724,13434
724,13584
725,191
726,2419
726,5266
726,13712
726,14412
727,2121
727,8561
728,13315
729,1515
729,5956
730,8776
730,13309
731,2521
731,10265
732,191
733,9374
734,7602
734,14235
735,14398
736,4934
736,10027
737,300
737,13523
738,10677
739,2238
739,8453
740,14375
741,2381
741,11196
741,13726
741,13998
742,1148
742,1482
743,1980
743,5658
744,10043
745,2765
745,4185
746,4013
746,4341
746,8553
747,5123
748,191
749,9290
750,10343
750,11373
750,13148
751,552
751,14023
752,14341
753,191
754,1799
755,14349
756,3999
756,7568
756,13934
757,8232
757,12747
758,113
758,4890
759,9154
760,191
761,6984
761,7451
762,3526
763,1488
763,7046
763,9518
763,11040
764,5252
764,11423
765,10978
766,191
767,191
768,191
769,191
770,191
771,3353
772,9006
772,13732
773,2698
773,3576
774,191
775,1209
775,8342
776,3239
777,191
778,191
779,7362
780,1120
780,12574
780,12615
781,695
781,1545
781,4856
781,7558
781,13324
782,850
783,10671
783,14472
784,2867
785,11236
785,13387
786,1988
786,12725
787,5098
787,6421
788,9796
789,12500
790,6402
790,7546
791,191
792,1324
792,6476
793,1667
793,14693
794,3551
794,6359
795,8303
795,10965
795,12699
796,478
796,1817
796,2329
797,13666
798,8316
799,941
799,6374
800,554
800,2074
800,3717
800,7885
801,4442
801,10838
802,517
802,3318
802,10279
803,12504
804,6869
804,12855
805,2874
805,7343
806,191
807,191
808,191
809,191
810,376
810,2422
810,12221
811,1705
811,4377
812,14428
813,1208
813,6413
814,9765
815,5741
815,9651
816,12218
817,191
818,191
819,8878
819,12523
819,14873
820,5006
821,8522
822,3298
822,7301
823,6342
824,2549
825,3983
825,4602
825,7255
825,9930
825,13790
825,14160
826,76
827,191
828,191
829,191
830,6641
830,11936
831,11877
832,973
832,2261
832,2554
832,4063
832,10517
832,13395
833,12932
833,13395
834,13480
835,11811
835,12155
836,10747
836,11928
836,12171
837,5673
837,10213
837,12390
838,3598
838,12291
838,13395
839,1469
839,12098
840,1469
840,10486
840,11623
841,2149
841,2913
841,3264
841,5127
841,9897
841,12700
841,13439
841,13721
842,2913
842,5673
842,13395
843,2913
844,1249
844,1708
844,3611
844,7464
844,9690
845,610
845,1249
845,1363
845,3611
845,8655
846,8368
846,9189
846,9897
846,13439
846,14578
847,179
847,973
847,12291
847,13395
848,3598
848,13472
849,3598
849,13395
850,1249
850,1708
850,3611
850,7464
850,9690
851,9189
852,9189
852,10213
853,151
854,13395
855,3598
855,7464
856,4045
856,7908
856,12733
857,369
857,6113
858,8140
858,8532
859,4167
859,8580
859,14450
860,13395
861,5599
861,10213
862,5599
862,10213
863,191
864,9098
865,884
865,11302
866,228
866,3054
866,3532
866,9255
866,10009
866,12819
866,13097
866,13460
867,8246
868,4543
868,8739
868,12524
869,12975
870,7387
870,9332
871,12530
871,14626
871,15016
872,586
873,5254
873,7211
874,9352
875,2946
876,191
877,2783
877,11490
878,1902
878,9270
878,10275
879,8489
880,7091
880,12492
881,11898
881,13617
882,10015
883,5061
883,13413
884,1443
884,4896
884,14730
885,8663
885,12133
885,12643
886,12527
887,8773
888,6628
888,7841
888,10771
888,11994
889,10014
889,13453
890,9445
890,12436
891,11925
892,3285
893,4519
894,191
895,191
896,2326
897,191
898,6347
898,8568
899,1768
899,2728
900,1880
900,5433
900,13870
901,191
902,10841
903,3318
903,12878
904,191
905,191
906,4681
906,6195
906,10787
907,4079
908,1250
908,3066
908,5195
908,5658
908,6415
908,7442
908,8041
909,1042
910,5174
910,14303
911,7470
911,9460
912,4417
912,10920
913,191
914,191
915,1561
915,7327
916,5173
916,9255
917,5195
917,7328
917,11647
918,1207
919,1368
920,5611
920,7267
921,11647
922,4245
923,8076
923,10766
924,7343
925,11725
926,6195
927,2778
928,11124
929,3156
930,1746
931,3330
931,3943
931,7287
931,8877
932,7611
933,2560
933,5086
933,6280
933,7032
933,14792
934,12089
934,13130
935,191
936,10458
937,530
937,12650
938,191
939,7507
939,10491
940,7999
941,1936
941,3633
941,11267
942,2340
943,71
943,300
944,564
944,4443
944,10693
945,8647
945,12890
946,191
947,12762
947,13080
948,5635
948,6670
948,6977
948,14162
949,5101
950,2143
950,4256
950,8150
950,11259
950,14559
951,2026
951,3877
951,6134
951,7330
951,14424
952,1490
952,12842
953,1795
953,12131
954,5856
954,11814
955,5087
955,13258
956,1367
957,6861
958,9709
959,191
960,13788
961,14369
962,11528
963,3656
963,3972
963,6372
963,9741
963,10620
963,14366
964,854
964,4948
965,9854
966,712
966,11819
967,3439
968,3843
968,14221
969,7181
969,7445
969,8328
970,11097
971,155
971,5745
971,12925
972,1081
972,1383
973,305
973,2496
973,4721
973,11267
974,2465
974,11465
975,155
975,2496
975,8247
976,10824
976,12334
977,2496
977,6013
977,8806
978,2496
978,8806
979,8174
979,9946
979,11156
980,3255
980,5210
980,5745
980,8261
981,11696
982,2496
982,8806
982,10955
983,9201
983,13794
984,758
984,1036
984,10478
985,155
985,2496
985,5215
986,5690
987,2724
987,8668
987,12049
988,626
988,8570
988,11693
989,8797
990,11936
990,14902
991,191
992,191
993,191
994,191
995,191
996,191
997,191
998,4676
999,191
1000,191
1001,507
1002,191
1003,13516
1004,191
1005,191
1006,1660
1007,4705
1007,7450
1008,6475
1008,9418
1008,11131
1008,13395
1009,11037
1009,12418
1010,11037
1010,12418
1010,14310
1011,5691
1011,7675
1011,8893
1011,9242
1011,14229
1011,14614
1012,191
1013,2517
1014,6626
1015,3534
1015,9309
1016,1332
1016,2554
1017,1332
1018,1332
1018,2554
1018,2913
1019,33
1019,1388
1019,3919
1019,9792
1020,3598
1020,3611
1020,7293
1020,7865
1021,1796
1021,7587
1022,191
1023,191
1024,1248
1025,4405
1026,1842
1026,8574
1027,8564
1028,594
1029,3598
1029,7464
1029,11657
1030,8392
1030,14995
1031,3598
1032,2247
1032,10598
1032,12789
1033,8835
1034,5893
1035,8835
1036,3598
1036,12183
1037,6304
1037,7571
1037,11076
1038,298
1038,6445
1038,12368
1039,3598
1039,4977
1039,7986
1039,11657
1039,13395
1039,13894
1040,8481
1041,1466
1042,3461
1042,5693
1042,6304
1042,9135
1043,191
1044,3057
1045,3057
1046,3420
1047,191
1048,191
1049,191
1050,7413
1050,9105
1050,11563
1051,8226
1051,12012
1052,6304
1053,741
1054,5141
1054,7073
1054,9302
1054,9303
1054,10934
1054,11895
1055,14261
1055,14434
1055,14546
1056,11055
1056,11410
1056,12290
1057,5274
1057,5527
1057,12427
1058,8409
1059,4669
1060,12727
1061,191
1062,191
1063,10877
1064,1576
1064,13351
1065,1037
1065,3318
1065,6378
1065,13958
1065,14372
1066,5358
1066,5887
1066,7919
1066,9562
1067,1326
1067,2377
1067,6951
1067,9372
1067,10242
1067,10501
1068,10359
1068,12590
1068,14476
1069,14108
1070,3933
1070,6498
1070,8341
1070,9416
1070,10385
1071,1923
1071,4487
1071,6764
1071,9435
1072,4221
1073,3939
1074,6968
1075,6698
1075,13354
1076,10413
1077,10309
1078,191
1079,9035
1080,1564
1081,5912
1081,6005
1081,8293
1081,9768
1082,191
1083,191
1084,11496
1084,13078
1085,6238
1085,11070
1085,11652
1085,12768
1085,14380
1086,3418
1086,4918
1086,5202
1086,7733
1087,5625
1087,13514
1088,566
1089,4995
1089,13648
1090,33
1090,2052
1090,5875
1091,2714
1091,6769
1092,191
1093,13942
1093,14663
1094,2288
1094,7188
1094,12878
1095,1037
1095,3318
1095,14372
1096,191
1097,4960
1097,9385
1098,191
1099,11995
1100,6299
1100,8306
1101,14775
1102,2083
1102,7501
1102,13452
1103,13338
1104,1827
1105,191
1106,191
1107,1910
1107,7731
1107,11902
1108,2679
1108,5682
1109,2442
1109,3118
1109,11506
1110,6951
1111,4545
1111,9737
1111,11417
1112,191
1113,3463
1114,12126
1114,14138
1115,9934
1115,10380
1115,10775
1115,11103
1115,11920
1116,6274
1117,6300
1118,975
1118,4467
1118,10275
1118,12866
1119,11227
1120,3452
1120,3574
1121,6817
1121,10604
1121,12124
1121,12254
1122,9123
1123,8260
1123,11984
1123,12809
1123,13848
1124,191
1125,8548
1126,191
1127,11241
1128,191
1129,7138
1129,7803
1129,8348
1129,9626
1130,5693
1131,6674
1132,10008
1133,7496
1133,10928
1133,11805
1134,1819
1134,11530
1135,191
1136,191
1137,11626
1138,191
1139,7445
1140,7366
1141,2457
1141,7395
1141,10257
1142,191
1143,4456
1143,8843
1143,9650
1143,10544
1144,480
1144,3372
1145,191
1146,512
1146,1218
1146,4096
1146,7092
1147,4950
1148,191
1149,1910
1150,191
1151,978
1152,5885
1152,8468
1152,9551
1152,14882
1153,7946
1153,8405
1154,2985
1155,2310
1155,4714
1156,1124
1156,3240
1156,4495
1156,5217
1156,5385
1157,566
1157,3088
1157,4722
1157,13819
1158,782
1159,1186
1159,6314
1159,11030
1160,1579
1160,4006
1160,13487
1161,72
1162,8436
1163,1037
1163,7944
1163,10184
1164,1871
1165,828
1165,1739
1165,3954
1165,5453
1165,9653
1165,11074
1165,14552
1165,14673
1166,423
1166,7933
1167,191
1168,10568
1168,14293
1169,2973
1169,6560
1169,12002
1169,12068
1169,12515
1169,14210
1170,3157
1170,6074
1171,191
1172,5727
1173,11134
1173,13252
1174,1690
1174,2772
1175,5586
1175,7246
1176,147
1176,6283
1176,7800
1177,7353
1177,14367
1177,15018
1178,12210
1179,455
1179,10177
1180,191
1181,875
1181,14542
1182,3928
1183,191
1184,6185
1184,9798
1184,10176
1185,13266
1186,5062
1186,11540
1186,11957
1187,462
1187,8365
1188,2473
1188,6603
1188,8146
1188,9882
1188,10477
1188,13429
1189,620
1189,745
1189,7052
1189,7148
1189,12356
1190,10758
1191,392
1192,2075
1192,4389
1193,2532
1194,2408
1195,11761
1196,2474
1197,7734
1198,13622
1199,5991
1199,8525
1199,14422
1200,14090
1201,10971
1201,11369
1202,191
1203,191
1204,5616
1205,1638
1205,7130
1206,4379
1206,8070
1207,5442
1208,10073
1208,12019
1208,12820
1209,9818
1209,13380
1210,4676
1211,266
1211,833
1211,5396
1211,6324
1211,8620
1212,3603
1212,6416
1213,6290
1214,8046
1214,13558
1215,8223
1216,2245
1216,4086
1216,4799
1216,10056
1216,11286
1216,11423
1217,4799
1217,11423
1217,11471
1218,5203
1218,6054
1219,3166
1219,4776
1219,8918
1219,11665
1220,7163
1220,10056
1220,11423
1221,191
1222,9312
1223,4040
1223,12790
1223,14631
1224,8223
1224,10056
1224,11423
1224,13364
1225,360
1225,5317
1225,8223
1225,12600
1225,14631
1226,5317
1226,8223
1227,12068
1227,14210
1228,6725
1228,6928
1228,10115
1229,2489
1230,3233
1230,10353
1231,191
1232,2218
1232,7680
1233,2992
1233,13871
1234,6546
1235,4796
1235,6534
1235,9107
1236,2666
1236,2888
1237,191
1238,715
1238,7608
1238,7746
1239,1709
1239,5225
1239,9267
1240,191
1241,6637
1242,13580
1243,1724
1243,12020
1244,13168
1245,191
1246,7508
1246,7749
1246,9096
1246,10454
1246,11938
1247,191
1248,191
1249,3579
1249,5076
1249,10025
1249,13668
1250,4676
1251,3396
1252,11002
1253,191
1254,191
1255,7579
1255,9316
1255,14199
1256,842
1256,8855
1257,7005
1257,8058
1257,8894
1257,9096
1257,11293
1258,2861
1258,6378
1258,12676
1258,12878
1259,12249
1260,9519
1261,7831
1261,11446
1261,13029
1262,13307
1262,14517
1263,191
1264,7667
1264,13768
1265,191
1266,5082
1266,11897
1266,12649
1267,191
1268,5684
1269,13025
1270,2868
1270,11884
1271,2347
1272,1427
1273,5216
1274,5193
1274,11989
1275,3373
1275,10444
1276,8947
1277,3373
1278,91
1279,2689
1279,9981
1280,6883
1281,191
1282,191
1283,2981
1284,191
1285,10924
1286,13494
1287,191
1288,12711
1289,191
1290,10620
1291,9045
1292,191
1293,191
1294,191
1295,2576
1295,5826
1295,6928
1296,13951
1297,7313
1297,7872
1297,9573
1298,11135
1299,9698
1299,12744
1300,191
1301,941
1301,3818
1301,4755
1302,191
1303,2018
1303,6592
1303,12583
1304,191
1305,9390
1306,1470
1306,3791
1307,99
1307,3390
1308,170
1308,8284
1309,5535
1310,191
1311,2000
1312,3126
1312,11359
1313,191
1314,1245
1315,1504
1315,3635
1315,14611
1316,12111
1317,191
1318,191
1319,1806
1319,12450
1320,6700
1321,6719
1321,13106
1322,9378
1322,12465
1322,14004
1323,10612
1323,12551
1324,191
1325,4093
1325,4196
1326,5760
1327,7759
1327,12879
1328,874
1328,10344
1329,8724
1330,6327
1331,191
1332,590
1333,191
1334,6463
1335,191
1336,191
1337,191
1338,7079
1338,14122
1339,13365
1339,14496
1340,824
1340,5706
1341,191
1342,1000
1343,10225
1344,1118
1344,2957
1344,3904
1344,7495
1344,9488
1345,292
1345,11039
1346,1384
1346,2064
1347,4454
1347,5178
1348,1337
1348,3455
1348,9134
1349,9426
1349,10332
1349,13612
1350,7305
1351,6830
1352,191
1353,6909
1354,2088
1355,3488
1355,11013
1356,8174
1356,9946
1356,11156
1357,8667
1357,11656
1358,6921
1359,4351
1359,9603
1359,12032
1359,12402
1359,12463
1360,4552
1361,2153
1361,13451
1361,14687
1362,899
1363,191
1364,191
1365,3613
1365,7446
1366,1691
1366,13959
1367,191
1368,13139
1369,191
1370,4676
1371,1084
1371,5036
1372,191
1373,6655
1373,7677
1373,8856
1374,5950
1375,3867
1376,1648
1376,10161
1377,3245
1377,12438
1378,191
1379,3418
1379,5202
1379,12395
1380,191
1381,7065
1382,6201
1382,12143
1383,2541
1383,3711
1384,650
1384,5944
1384,8287
1384,9724
1384,14394
1385,2478
1386,2061
1386,8399
1387,4333
1387,4361
1388,7779
1389,3419
1389,6914
1389,12759
1390,2491
1391,2361
1391,13074
1391,13169
1392,8174
1392,9946
1392,11156
1393,12199
1393,13820
1393,14152
1394,191
1395,11910
1396,3505
1396,10848
1397,7952
1398,14645
1399,8371
1400,191
1401,823
1402,191
1403,14820
1404,14820
1405,191
1406,14820
1407,14820
1408,14820
1409,10188
1410,191
1411,191
1412,8001
1412,10466
1413,191
1414,3198
1414,3721
1415,13765
1416,467
1417,961
1417,14443
1418,8064
1419,191
1420,80
1420,724
1420,8003
1420,13633
1421,5318
1421,10349
1422,10018
1422,12428
1423,2269
1424,12104
1425,9059
1426,191
1427,3344
1427,12808
1427,13056
1428,13243
1429,8809
1429,11132
1429,11358
1430,1781
1430,13041
1430,13719
1431,5857
1432,1935
1433,4268
1433,5750
1434,965
1434,6905
1435,3176
1435,14459
1436,191
1437,12817
1437,13856
1438,2439
1438,7931
1439,12688
1439,14647
1440,41
1440,861
1440,1762
1440,1965
1440,7338
1441,191
1442,191
1443,191
1444,4607
1444,6332
1444,9217
1444,14908
1445,14894
1446,13960
1447,8488
1447,14473
1448,1785
1449,191
1450,5244
1450,5439
1451,974
1451,3990
1451,11128
1451,14765
1452,7137
1453,7282
1453,7893
1453,13873
1454,3850
1454,5408
1454,11739
1455,9658
1456,4385
1456,5137
1457,13665
1458,2593
1458,9753
1458,12558
1458,14987
1459,10511
1459,13334
1459,14227
1459,14252
1460,9170
1461,1197
1461,2065
1461,3676
1461,5164
1461,8531
1462,7482
1462,12554
1463,11676
1463,13246
1464,15
1464,6896
1464,8581
1465,15
1465,3014
1465,4174
1465,9576
1466,633
1466,7127
1466,13995
1467,5899
1468,15
1468,1143
1468,5231
1468,6100
1468,8219
1469,287
1469,12125
1469,12439
1470,11544
1471,6148
1471,8792
1472,13188
1473,6880
1474,4891
1474,14640
1475,5409
1476,5635
1476,7902
1477,9406
1478,2976
1478,8110
1478,8217
1478,10515
1478,13677
1479,13608
1480,2691
1481,191
1482,3847
1482,4888
1482,13670
1483,5194
1484,191
1485,191
1486,8042
1486,11820
1487,8834
1487,14728
1488,8022
1489,11714
1490,7964
1490,8042
1490,14718
1491,12366
1492,2899
1492,3831
1493,3473
1493,8022
1493,12987
1494,4672
1494,7876
1495,6345
1495,6758
1496,2169
1497,3473
1498,14659
1499,14402
1500,108
1500,14744
1501,191
1502,1913
1502,5981
1503,4720
1503,9200
1504,6410
1505,5514
1505,11379
1506,255
1506,4863
1506,9462
1506,10886
1507,7106
1507,9819
1507,11237
1508,13496
1509,5580
1509,8278
1510,7001
1511,1552
1511,3546
1511,10570
1512,1580
1512,12016
1512,12154
1513,191
1514,191
1515,191
1516,2358
1516,2384
1517,956
1518,191
1519,14737
1520,13457
1521,3344
1522,4240
1522,7041
1522,7588
1522,14656
1523,1786
1524,5349
1524,12819
1525,5331
1526,9255
1527,4716
1528,6432
1529,191
1530,8143
1531,1675
1531,9654
1532,2778
1532,8877
1533,3090
1534,2398
1535,191
1536,5362
1537,7055
1538,191
1539,4738
1539,8618
1540,2234
1540,9061
1541,10086
1541,10701
1542,191
1543,191
1544,191
1545,3309
1545,13072
1545,13140
1545,14860
1546,191
1547,13915
1548,2132
1548,10905
1548,14779
1549,4009
1549,6157
1550,12483
1551,942
1551,2467
1552,2740
1552,3994
1553,3150
1553,12993
1554,5601
1555,2548
1555,3085
1555,7363
1556,191
1557,1312
1558,2266
1558,5581
1558,8421
1559,7816
1559,14475
1560,4884
1560,7891
1560,12003
1561,4980
1561,7597
1561,13992
1562,6627
1562,7214
1562,9206
1563,191
1564,191
1565,7951
1565,13116
1566,879
1566,2834
1566,7289
1567,4997
1567,6114
1568,191
1569,2748
1569,4161
1569,6506
1569,9715
1569,13069
1569,13955
1570,5892
1570,8141
1571,5696
1571,9026
1572,191
1573,191
1574,7209
1574,12813
1575,844
1575,3684
1576,2008
1576,4343
1576,5375
1576,9120
1576,14260
1577,191
1578,6263
1578,9724
1578,10645
1579,2778
1580,1630
1581,3330
1581,3943
1581,7287
1581,8877
1582,13159
1582,14218
1583,3092
1583,4677
1583,7109
1583,8274
1583,10203
1583,14796
1584,4261
1584,7547
1584,12054
1585,4088
1585,9255
1586,5423
1586,5658
1586,8844
1586,9460
1587,3675
1587,3729
1587,11770
1588,4344
1588,9753
1589,14912
1590,819
1590,9050
1590,11575
1590,11990
1590,13195
1591,9829
1592,4676
1593,7522
1593,10849
1594,4821
1594,9923
1595,5586
1595,10522
1596,191
1597,1854
1597,13326
1598,6266
1599,966
1599,11281
1600,1787
1600,3594
1601,12061
1602,7322
1602,14788
1603,2917
1603,14757
1604,6148
1604,8792
1605,11858
1606,7282
1606,7893
1606,13873
1607,1788
1607,4694
1608,5300
1608,8441
1608,9258
1608,9601
1609,724
1609,1686
1610,2062
1611,5294
1612,11554
1613,6811
1613,10216
1613,10415
1613,13746
1614,10057
1614,10607
1615,3196
1615,4222
1616,3203
1617,815
1618,10738
1619,3233
1620,1677
1620,9723
1620,9781
1620,11445
1620,12223
1620,13157
1621,6270
1622,3857
1622,10098
1623,70
1623,14618
1624,3752
1624,5990
1625,1764
1625,7356
1625,9064
1626,191
1627,191
1628,1184
1628,2251
1628,6787
1628,8598
1628,12122
1629,6015
1630,191
1631,191
1632,191
1633,6500
1634,8171
1634,9224
1635,2344
1635,4267
1636,9163
1637,1149
1637,8212
1638,191
1639,191
1640,3647
1640,13259
1641,191
1642,1819
1642,3039
1642,11530
1643,8225
1644,11337
1644,11776
1645,4533
1645,9790
1646,191
1647,191
1648,191
1649,191
1650,2768
1651,2608
1652,4080
1653,12709
1653,13577
1654,11099
1655,6666
1655,13881
1656,6951
1656,14892
1657,7549
1657,11193
1657,12691
1658,127
1658,6076
1658,10404
1658,11786
1658,12335
1659,394
1660,191
1661,5419
1661,12578
1661,13758
1662,10910
1663,5291
1664,191
1665,191
1666,3744
1667,6344
1667,9334
1668,191
1669,2753
1669,5255
1669,8350
1669,9364
1669,10711
1670,1082
1670,4244
1671,2895
1671,4176
1671,13935
1672,191
1673,191
1674,9391
1675,4941
1675,5614
1675,10867
1676,3507
1677,4636
1678,6213
1679,191
1680,13466
1681,1975
1681,15040
1682,851
1682,6960
1683,1860
1683,6788
1683,13850
1684,186
1684,12561
1685,14176
1686,4617
1686,5441
1687,8252
1688,1914
1688,4414
1689,191
1690,191
1691,1779
1691,10113
1692,191
1693,191
1694,1025
1694,7388
1695,941
1695,3818
1695,4755
1696,6309
1696,7283
1697,699
1697,4015
1697,4564
1698,40
1698,7047
1699,191
1700,204
1700,1569
1700,6709
1701,8819
1702,498
1702,10583
1703,3881
1704,11960
1705,348
1705,2793
1705,5381
1706,191
1707,191
1708,191
1709,2188
1709,3237
1710,7353
1710,15018
1711,5747
1712,191
1713,8815
1714,191
1715,4628
1715,15014
1716,191
1717,9067
1717,13294
1718,1945
1718,15013
1719,2234
1719,9061
1719,10803
1720,191
1721,2234
1721,9061
1722,2972
1722,5206
1722,6442
1722,7236
1722,14194
1723,191
1724,191
1725,2989
1726,191
1727,191
1728,13299
1729,3012
1730,786
1730,5195
1730,5430
1731,1250
1731,1282
1732,2778
1732,8877
1733,1537
1733,5195
1733,6415
1734,3738
1735,191
1736,2638
1737,13913
1738,3592
1739,3146
1740,5535
1740,14412
1741,5176
1741,6963
1742,2317
1743,5992
1743,11301
1743,11303
1744,1307
1744,12318
1745,191
1746,9957
1746,11658
1746,12880
1746,12978
1746,14579
1747,191
1748,10101
1748,12846
1749,2162
1749,8914
1749,9359
1749,12939
1750,1048
1751,191
1752,5739
1752,14581
1753,7490
1753,8955
1754,7372
1755,2136
1755,10817
1756,10443
1756,11157
1756,12444
1757,912
1757,4845
1758,3386
1759,191
1760,11571
1761,1500
1761,4629
1761,6168
1762,12005
1763,191
1764,3702
1765,14010
1766,3734
1766,3917
1766,9180
1766,9868
1766,12587
1767,13783
1767,14074
1768,9039
1768,11228
1769,9482
1770,1539
1770,7713
1771,3307
1772,9390
1773,3073
1774,9255
1775,9255
1776,2743
1776,9255
1777,5349
1777,12342
1777,12819
1778,191
1779,10222
1780,9255
1781,191
1782,10056
1782,11423
1783,8988
1784,5570
1784,14091
1785,4642
1785,8988
1786,1801
1786,4635
1787,1681
1788,3701
1788,5173
1788,7597
1788,9255
1789,14719
1790,14913
1791,3532
1791,6464
1792,7613
1792,9531
1792,11278
1793,14960
1794,10009
1795,12584
1795,12819
1796,7683
1797,8988
1798,10009
1798,12278
1799,191
1800,2852
1800,12933
1800,14976
1801,191
1802,9531
1803,5262
1803,7037
1804,2743
1804,7037
1805,1414
1805,6424
1805,11642
1805,14282
1806,9889
1806,12293
1807,225
1807,1047
1807,12215
1808,13006
1808,13932
1809,1212
1809,1838
1810,14223
1810,14775
1811,360
1811,10056
1811,11423
1811,12600
1812,1436
1812,12197
1813,191
1814,7282
1814,7893
1814,13873
1815,14720
1816,862
1816,2704
1816,5072
1817,14925
1818,7669
1818,12880
1819,191
1820,9175
1821,1599
1822,1395
1822,1989
1822,3001
1822,6397
1823,14750
1824,12723
1825,2213
1825,7035
1825,9799
1826,5650
1826,6995
1827,1836
1827,6286
1828,3153
1828,3708
1828,9249
1828,10487
1829,722
1829,9973
1830,732
1830,11722
1830,14410
1831,191
1832,2502
1832,14969
1833,6532
1833,7151
1833,7355
1833,13925
1834,191
1835,191
1836,8086
1837,191
1838,1999
1839,191
1840,10809
1841,12086
1842,8438
1842,13723
1843,9487
1844,191
1845,5319
1846,191
1847,191
1848,1719
1848,14060
1849,191
1850,12839
1851,10359
1851,12590
1851,14476
1852,11353
1853,1634
1854,2253
1854,2688
1854,6656
1854,10989
1854,14833
1855,5159
1855,10730
1855,11974
1856,11143
1857,12281
1858,79
1858,3064
1858,5449
1858,7197
1858,11066
1858,14439
1858,14497
1859,2419
1859,5266
1859,13712
1859,14412
1860,2087
1860,6887
1860,10406
1860,12273
1861,7958
1862,3759
1862,13335
1863,8125
1863,11500
1864,14600
1865,450
1865,10419
1866,4637
1867,2648
1867,2821
1867,4544
1867,11672
1868,3926
1868,4767
1869,10413
1869,11051
1870,191
1871,3421
1871,6155
1871,7523
1872,3142
1873,1617
1873,9287
1874,11171
1875,11229
1876,191
1877,5680
1877,13854
1878,4043
1879,120
1879,10969
1879,13366
1879,13539
1879,14977
1880,3864
1880,9718
1881,191
1882,5840
1882,9571
1882,9667
1882,9742
1883,191
1884,6493
1884,10560
1884,12818
1885,7740
1886,7481
1887,3967
1887,5347
1888,191
1889,191
1890,3010
1890,8040
1890,10930
1891,2891
1891,3171
1891,4536
1892,7390
1893,1415
1893,11573
1893,13209
1894,1283
1894,1925
1894,8614
1895,8995
1895,9126
1895,12801
1896,2330
1897,3708
1897,3918
1897,4695
1897,9741
1898,9617
1899,3550
1900,191
1901,11943
1902,7051
1903,191
1904,12537
1905,971
1906,4651
1907,14858
1908,1854
1908,13326
1909,8526
1909,13759
1910,2876
1911,657
1911,776
1911,13763
1911,14179
1912,191
1913,9872
1913,10056
1913,11423
1914,191
1915,4149
1916,3344
1917,2084
1917,8008
1918,1607
1918,7146
1918,8186
1918,9766
1918,12660
1919,2099
1920,191
1921,6416
1921,10056
1921,11423
1922,191
1923,2066
1923,9747
1924,191
1925,4676
1926,6910
1926,9871
1927,3837
1928,10168
1928,13555
1929,12713
1930,191
1931,7819
1932,10826
1933,191
1934,191
1935,191
1936,11042
1937,178
1938,1253
1938,1439
1939,1319
1939,6635
1939,7840
1939,8786
1939,9677
1939,9885
1940,8318
1940,10334
1941,8544
1941,9588
1941,9645
1941,10906
1941,12052
1941,14672
1942,7614
1942,10201
1942,12305
1943,13061
1944,1593
1944,3285
1945,191
1946,3320
1946,3416
1946,9386
1946,13280
1947,5831
1948,191
1949,6511
1950,451
1950,486
1951,191
1952,7401
1953,191
1954,191
1955,10246
1956,6339
1957,191
1958,2551
1958,7521
1958,7989
1959,15023
1960,13977
1961,1384
1961,2064
1962,629
1963,9487
1964,5693
1965,11981
1966,10641
1966,10786
1967,1239
1967,11981
1968,11172
1969,191
1970,191
1971,527
1972,2399
1972,2941
1973,9048
1973,10492
1974,857
1975,1944
1976,191
1977,191
1978,1597
1978,14781
1979,191
1980,191
1981,2590
1982,191
1983,2575
1984,4925
1984,12508
1985,8285
1985,14778
1986,4935
1987,2657
1987,11347
1987,13454
1988,1010
1988,2731
1988,6394
1988,10143
1989,191
1990,191
1991,5991
1991,12843
1992,191
1993,3256
1994,13291
1995,269
1995,2630
1995,8119
1995,9964
1996,6025
1996,6770
1996,7383
1997,191
1998,3630
1999,191
2000,191
2001,14718
2002,2342
2003,1186
2004,4949
2005,11457
2006,1560
2006,1585
2006,2844
2006,7945
2006,10223
2006,10514
2006,14077
2006,14933
2007,5590
2007,7271
2008,6854
2008,14077
2008,14933
2009,5100
2009,7654
2010,5590
2010,7271
2011,9708
2011,12844
2011,13929
2012,9558
2012,12988
2013,5590
2013,7271
2014,191
2015,2026
2015,3877
2015,6134
2015,7330
2015,14424
2016,701
2016,3798
2017,4144
2017,10997
2017,13477
2017,13810
2018,3200
2018,4218
2018,14359
2018,15055
2019,191
2020,191
2021,105
2021,2037
2021,8682
2021,9608
2021,11998
2021,14468
2022,7930
2023,1745
2024,191
2025,6723
2025,11328
2025,12281
2026,191
2027,8133
2028,926
2028,4446
2029,6055
2029,11407
2029,13403
2030,8055
2030,13602
2031,14716
2032,191
2033,11600
2034,4893
2034,5218
2034,9594
2034,11181
2035,694
2035,1164
2035,2276
2035,10707
2036,5371
2037,1909
2037,6322
2037,11942
2038,191
2039,191
2040,2146
2040,2387
2040,6632
2040,8500
2040,9734
2040,10429
2040,14762
2041,2406
2042,8762
2042,13421
2043,191
2044,2886
2044,10331
2044,11823
2045,191
2046,3435
2046,4962
2046,14065
2047,1282
2047,9207
2048,4124
2048,14146
2049,191
2050,3032
2050,3681
2050,6405
2050,8685
2051,4068
2052,3852
2053,8894
2053,10455
2054,7399
2054,11867
2055,9538
2055,14488
2056,191
2057,11835
2058,9832
2059,7377
2059,14042
2060,1369
2060,5957
2061,2933
2062,2771
2062,4625
2063,111
2063,967
2063,8390
2063,13630
2064,191
2065,3247
2065,3492
2065,7588
2065,13739
2066,191
2067,713
2067,3519
2067,5095
2067,10360
2067,13030
2067,15008
2068,191
2069,3446
2069,10984
2070,3608
2071,5870
2072,5590
2072,6842
2072,9838
2073,2180
2073,14455
2074,191
2075,191
2076,191
2077,191
2078,3442
2079,1290
2079,7076
2079,8901
2080,6615
2080,6943
2081,7783
2081,10335
2081,10943
2082,9384
2083,191
2084,9275
2085,9945
2086,6770
2086,14101
2087,9714
2088,191
2089,642
2090,11363
2091,191
2092,6254
2093,1843
2093,3619
2093,9344
2093,11498
2094,191
2095,6092
2095,7361
2096,2901
2097,297
2097,1649
2097,9990
2098,7534
2098,9996
2099,277
2099,13192
2100,270
2100,9427
2101,12367
2101,12601
2102,4297
2102,14838
2103,12447
2103,13831
2104,261
2105,191
2106,1271
2106,3348
2106,7465
2107,258
2107,5140
2108,8781
2108,14063
2108,14941
2109,191
2110,191
2111,5424
2111,7557
2112,5735
2113,2809
2114,191
2115,7558
2115,13557
2116,191
2117,191
2118,8694
2119,6313
2119,12754
2119,13006
2119,13932
2120,880
2120,9471
2121,9724
2121,9791
2121,10645
2121,13296
2122,1976
2122,7935
2123,4484
2123,10308
2124,3456
2125,1010
2125,1267
2125,2731
2125,3564
2125,6394
2125,7095
2125,9313
2125,9543
2125,10174
2125,14347
2126,335
2126,8695
2126,14462
2127,10986
2128,2419
2128,5266
2128,13712
2128,14412
2129,4840
2129,11077
2130,5564
2130,9060
2131,1928
2131,8466
2132,508
2133,191
2134,191
2135,3506
2135,5083
2135,7048
2135,7738
2136,102
2136,4132
2136,5717
2136,6192
2136,9037
2136,12006
2136,13197
2137,10243
2138,2559
2138,8289
2139,1903
2140,191
2141,11269
2141,11420
2141,12007
2142,7634
2142,8816
2143,1246
2143,12339
2144,8652
2144,10366
2145,6511
2145,15019
2146,9002
2147,6782
2148,13826
2149,191
2150,8074
2150,9019
2150,11403
2151,11208
2152,3894
2152,9494
2153,12763
2154,9969
2155,2391
2155,7840
2155,12881
2156,191
2157,5626
2157,11611
2158,8166
2159,11423
2160,873
2160,2229
2160,14157
2161,5250
2161,6743
2161,8234
2161,11734
2161,12059
2161,12828
2162,4588
2162,7822
2163,6682
2163,9436
2164,6857
2165,191
2166,191
2167,3735
2167,14632
2168,8070
2169,844
2169,1396
2169,3684
2169,7527
2169,7982
2169,12528
2170,9220
2170,9303
2171,1
2171,2658
2171,3989
2171,4778
2171,13036
2172,13071
2172,13132
2173,8294
2174,191
2175,9635
2175,11400
2176,191
2177,3150
2178,14729
2179,7243
2179,8710
2179,14918
2180,312
2180,1343
2180,12880
2181,144
2182,191
2183,8440
2184,2585
2184,9425
2185,4169
2185,8710
2186,836
2187,191
2188,191
2189,191
2190,191
2191,191
2192,191
2193,191
2194,9254
2195,191
2196,421
2196,3128
2196,14161
2197,3128
2197,9131
2197,12875
2198,6457
2199,191
2200,249
2201,191
2202,1027
2202,1529
2203,421
2203,3128
2203,14161
2204,191
2205,191
2206,191
2207,191
2208,191
2209,191
2210,191
2211,191
2212,191
2213,191
2214,6598
2214,14155
2215,191
2216,191
2217,131
2217,6805
2218,191
2219,191
2220,191
2221,191
2222,191
2223,191
2224,3734
2224,3917
2224,9180
2224,9868
2224,12587
2225,2415
2225,10760
2225,10789
2226,191
2227,191
2228,191
2229,191
2230,191
2231,191
2232,14072
2233,191
2234,191
2235,6987
2236,2447
2236,4029
2236,5170
2236,6711
2237,3040
2237,13314
2238,191
2239,191
2240,191
2241,191
2242,191
2243,191
2244,191
2245,191
2246,191
2247,191
2248,191
2249,191
2250,3371
2250,5150
2251,191
2252,191
2253,191
2254,191
2255,2349
2256,191
2257,191
2258,191
2259,191
2260,191
2261,191
2262,191
2263,7735
2264,2296
2264,5397
2264,6575
2264,7000
2264,10650
2264,10702
2265,4847
2265,13749
2265,14542
2266,5569
2266,9234
2266,11644
2267,191
2268,191
2269,7593
2270,191
2271,191
2272,2283
2273,191
2274,191
2275,191
2276,191
2277,191
2278,191
2279,191
2280,9926
2281,191
2282,191
2283,191
2284,191
2285,14774
2286,191
2287,191
2288,14433
2289,191
2290,2226
2290,6558
2291,191
2292,6165
2293,191
2294,191
2295,191
2296,191
2297,4784
2297,6664
2298,1168
2298,11197
2299,2778
2299,5195
2300,191
2301,191
2302,191
2303,191
2304,191
2305,282
2306,191
2307,191
2308,191
2309,954
2310,191
2311,191
2312,191
2313,191
2314,191
2315,5518
2316,191
2317,191
2318,191
2319,5341
2319,6697
2320,191
2321,191
2322,191
2323,191
2324,191
2325,191
2326,191
2327,191
2328,191
2329,191
2330,191
2331,191
2332,191
2333,191
2334,191
2335,191
2336,191
2337,191
2338,191
2339,191
2340,191
2341,191
2342,191
2343,191
2344,191
2345,191
2346,191
2347,191
2348,5941
2348,7922
2349,191
2350,191
2351,191
2352,191
2353,191
2354,191
2355,191
2356,191
2357,191
2358,191
2359,191
2360,191
2361,191
2362,1140
2363,191
2364,191
2365,191
2366,8375
2367,191
2368,191
2369,191
2370,191
2371,191
2372,191
2373,191
2374,191
2375,4765
2375,7419
2376,191
2377,191
2378,191
2379,191
2380,191
2381,191
2382,5104
2383,191
2384,191
2385,191
2386,191
2387,191
2388,191
2389,191
2390,191
2391,1699
2391,10120
2392,191
2393,191
2394,4009
2394,10228
2395,191
2396,191
2397,191
2398,779
2399,191
2400,191
2401,12321
2401,13877
2402,191
2403,191
2404,191
2405,191
2406,191
2407,406
2407,6370
2407,13432
2408,191
2409,191
2410,191
2411,191
2412,191
2413,191
2414,191
2415,191
2416,191
2417,191
2418,191
2419,191
2420,191
2421,191
2422,191
2423,191
2424,191
2425,191
2426,2019
2426,5360
2426,5964
2427,191
2428,191
2429,191
2430,191
2431,12774
2432,191
2433,191
2434,191
2435,191
2436,191
2437,191
2438,191
2439,2873
2439,4982
2439,5490
2439,6613
2439,14815
2440,191
2441,3489
2441,6209
2441,10762
2441,13407
2442,191
2443,191
2444,191
2445,191
2446,191
2447,191
2448,191
2449,191
2450,191
2451,191
2452,191
2453,191
2454,191
2455,191
2456,191
2457,191
2458,191
2459,191
2460,191
2461,191
2462,191
2463,7790
2464,191
2465,191
2466,191
2467,191
2468,191
2469,191
2470,191
2471,191
2472,3409
2472,12640
2473,191
2474,191
2475,191
2476,191
2477,191
2478,191
2479,191
2480,191
2481,8375
2482,3628
2483,191
2484,3628
2485,191
2486,191
2487,191
2488,191
2489,191
2490,191
2491,6375
2491,6401
2491,11738
2492,191
2493,191
2494,191
2495,191
2496,191
2497,191
2498,191
2499,191
2500,4374
2500,7936
2501,191
2502,191
2503,191
2504,191
2505,14318
2506,191
2507,191
2508,191
2509,191
2510,191
2511,2417
2511,3969
2511,5843
2511,6491
2511,9090
2511,9110
2512,767
2512,7180
2512,12060
2513,191
2514,191
2515,4998
2515,7108
2516,191
2517,5383
2517,11297
2518,11953
2519,8705
2520,191
2521,191
2522,4797
2523,191
2524,8200
2525,191
2526,191
2527,191
2528,191
2529,7113
2530,8353
2530,14957
2531,599
2531,3468
2531,13216
2532,191
2533,191
2534,191
2535,191
2536,11127
2537,191
2538,2011
2538,5806
2538,12648
2539,191
2540,5253
2540,7415
2541,11078
2542,11078
2543,4961
2543,14665
2544,191
2545,6000
2545,12977
2546,293
2546,1672
2546,3392
2546,7416
2546,7789
2546,9038
2546,12023
2547,5204
2548,4509
2548,5204
2548,7514
2548,10062
2549,5204
2550,10004
2551,5806
2551,12648
2552,191
2553,191
2554,7241
2554,13049
2555,191
2556,2629
2556,3597
2556,7364
2556,13221
2557,191
2558,191
2559,5743
2559,11213
2559,14533
2560,10079
2560,11959
2561,191
2562,6191
2563,6000
2563,12977
2564,6000
2564,12977
2565,6000
2565,12977
2566,5384
2567,293
2567,588
2567,1672
2567,7416
2567,7789
2567,9038
2567,12023
2568,191
2569,191
2570,191
2571,8910
2571,9565
2572,191
2573,7345
2573,14038
2574,8772
2574,13339
2575,7896
2576,191
2577,191
2578,191
2579,191
2580,191
2581,191
2582,191
2583,191
2584,191
2585,191
2586,191
2587,191
2588,191
2589,191
2590,191
2591,191
2592,191
2593,191
2594,191
2595,191
2596,191
2597,191
2598,9831
2598,11908
2599,191
2600,769
2601,191
2602,191
2603,191
2604,1102
2605,191
2606,191
2607,191
2608,191
2609,191
2610,191
2611,191
2612,191
2613,191
2614,191
2615,191
2616,191
2617,191
2618,191
2619,4543
2619,5630
2620,191
2621,191
2622,191
2623,4270
2623,12294
2623,13473
2624,191
2625,191
2626,191
2627,191
2628,191
2629,191
2630,1826
2630,3087
2630,6875
2630,13262
2631,5469
2631,6176
2631,6937
2632,191
2633,191
2634,191
2635,191
2636,191
2637,191
2638,191
2639,191
2640,191
2641,191
2642,191
2643,191
2644,191
2645,2181
2645,4499
2645,5567
2645,12083
2645,13249
2646,191
2647,191
2648,191
2649,191
2650,191
2651,191
2652,191
2653,163
2653,12682
2654,4597
2654,13323
2655,191
2656,191
2657,191
2658,191
2659,10327
2660,191
2661,191
2662,191
2663,191
2664,191
2665,191
2666,191
2667,191
2668,191
2669,191
2670,191
2671,191
2672,191
2673,191
2674,6180
2674,9231
2675,191
2676,191
2677,191
2678,191
2679,191
2680,191
2681,191
2682,191
2683,191
2684,191
2685,191
2686,191
2687,191
2688,191
2689,191
2690,191
2691,2355
2691,6008
2691,7206
2692,191
2693,191
2694,191
2695,191
2696,191
2697,191
2698,8141
2699,191
2700,191
2701,191
2702,191
2703,191
2704,191
2705,191
2706,191
2707,191
2708,1747
2708,5282
2709,191
2710,4504
2710,8425
2711,191
2712,191
2713,191
2714,191
2715,191
2716,191
2717,191
2718,191
2719,191
2720,191
2721,191
2722,191
2723,191
2724,191
2725,191
2726,191
2727,191
2728,191
2729,191
2730,191
2731,191
2732,191
2733,191
2734,191
2735,191
2736,191
2737,191
2738,191
2739,191
2740,191
2741,191
2742,191
2743,191
2744,230
2744,2939
2744,5625
2745,191
2746,2170
2746,5372
2746,8316
2747,191
2748,1277
2748,14005
2749,191
2750,191
2751,2033
2751,4190
2751,12283
2751,13088
2752,4839
2752,14531
2753,191
2754,191
2755,2805
2755,5066
2755,7591
2756,191
2757,191
2758,191
2759,14775
2760,7452
2760,12371
2761,6274
2762,191
2763,191
2764,191
2765,2837
2765,7525
2765,13828
2766,4002
2766,4095
2766,5139
2766,11898
2766,12388
2766,12809
2767,13991
2768,191
2769,191
2770,101
2771,191
2772,191
2773,191
2774,191
2775,191
2776,109
2776,2145
2777,191
2778,10525
2779,191
2780,15028
2781,191
2782,191
2783,191
2784,11544
2784,11941
2785,4520
2785,7012
2786,11544
2787,191
2788,191
2789,191
2790,4351
2790,12812
2791,11650
2792,191
2793,13300
2794,13300
2795,191
2796,191
2797,4823
2798,191
2799,191
2800,191
2801,191
2802,191
2803,191
2804,191
2805,191
2806,191
2807,191
2808,191
2809,191
2810,191
2811,191
2812,191
2813,191
2814,1692
2814,9063
2815,5141
2815,13160
2816,191
2817,191
2818,191
2819,191
2820,191
2821,191
2822,235
2823,11544
2823,11941
2824,191
2825,191
2826,191
2827,191
2828,191
2829,191
2830,9913
2831,191
2832,191
2833,191
2834,191
2835,939
2835,4325
2835,4592
2835,6544
2836,3706
2836,9939
2836,11377
2837,1260
2837,2144
2837,9569
2838,4009
2838,8782
2838,11647
2839,191
2840,191
2841,4351
2841,12812
2842,191
2843,191
2844,3945
2844,4757
2844,9891
2844,10402
2845,191
2846,191
2847,191
2848,191
2849,191
2850,191
2851,191
2852,191
2853,1536
2853,3333
2853,4897
2853,7416
2853,7789
2853,9876
2854,191
2855,191
2856,191
2857,191
2858,191
2859,191
2860,191
2861,5227
2862,191
2863,191
2864,191
2865,191
2866,191
2867,191
2868,191
2869,191
2870,191
2871,1010
2871,1251
2871,2731
2871,6394
2871,14347
2872,3124
2873,191
2874,191
2875,191
2876,191
2877,191
2878,1399
2878,14553
2879,191
2880,5937
2881,191
2882,191
2883,191
2884,191
2885,191
2886,5277
2886,11314
2887,191
2888,191
2889,191
2890,191
2891,191
2892,191
2893,191
2894,191
2895,191
2896,191
2897,191
2898,9947
2899,191
2900,353
2900,5746
2901,191
2902,191
2903,191
2904,6022
2905,191
2906,191
2907,191
2908,191
2909,191
2910,191
2911,1102
2912,191
2913,191
2914,191
2915,191
2916,191
2917,191
2918,345
2918,2451
2918,7565
2919,191
2920,191
2921,1117
2922,191
2923,191
2924,191
2925,191
2926,191
2927,191
2928,191
2929,191
2930,191
2931,191
2932,191
2933,191
2934,191
2935,191
2936,191
2937,191
2938,191
2939,191
2940,8182
2941,191
2942,191
2943,191
2944,191
2945,191
2946,191
2947,9232
2948,3788
2948,11023
2949,191
2950,191
2951,191
2952,191
2953,191
2954,191
2955,191
2956,1525
2957,6811
2957,10216
2957,10415
2957,13746
2958,191
2959,191
2960,191
2961,191
2962,191
2963,191
2964,191
2965,191
2966,191
2967,191
2968,191
2969,1847
2969,4225
2969,5924
2969,8467
2969,10346
2969,11421
2969,15078
2970,191
2971,191
2972,191
2973,3186
2973,13227
2974,191
2975,191
2976,5805
2976,14555
2977,191
2978,191
2979,191
2980,191
2981,191
2982,191
2983,191
2984,191
2985,191
2986,191
2987,191
2988,191
2989,191
2990,191
2991,191
2992,191
2993,191
2994,191
2995,191
2996,191
2997,191
2998,191
2999,191
3000,191
3001,191
3002,191
3003,191
3004,191
3005,191
3006,191
3007,191
3008,191
3009,191
3010,191
3011,191
3012,191
3013,191
3014,191
3015,191
3016,191
3017,191
3018,191
3019,191
3020,191
3021,191
3022,191
3023,191
3024,191
3025,191
3026,3890
3027,191
3028,191
3029,8192
3030,191
3031,191
3032,191
3033,191
3034,191
3035,191
3036,7452
3036,14398
3037,191
3038,191
3039,191
3040,191
3041,191
3042,191
3043,191
3044,191
3045,191
3046,191
3047,191
3048,191
3049,191
3050,191
3051,191
3052,191
3053,191
3054,191
3055,191
3056,191
3057,191
3058,191
3059,191
3060,191
3061,6324
3062,191
3063,191
3064,191
3065,191
3066,191
3067,191
3068,191
3069,191
3070,191
3071,191
3072,191
3073,191
3074,191
3075,191
3076,191
3077,191
3078,191
3079,191
3080,191
3081,191
3082,191
3083,191
3084,191
3085,191
3086,191
3087,191
3088,191
3089,191
3090,191
3091,191
3092,191
3093,191
3094,191
3095,191
3096,13966
3096,14025
3097,191
3098,191
3099,8710
3100,2716
3100,8710
3101,7049
3101,8460
3102,5
3102,9040
3102,10946
3102,14174
3103,1626
3104,9706
3105,4815
3106,191
3107,191
3108,5442
3108,10263
3109,10860
3110,8861
3111,336
3111,4999
3111,5072
3111,5205
3111,14670
3112,8759
3112,14499
3113,8632
3114,191
3115,191
3116,191
3117,11956
3117,12900
3118,191
3119,2069
3119,3953
3120,5201
3120,7366
3120,9275
3121,2452
3121,3288
3122,4137
3123,6856
3123,8898
3123,9055
3123,11712
3123,13153
3123,13265
3124,311
3124,5864
3124,8316
3125,3734
3125,5816
3126,2600
3126,3471
3127,2262
3128,191
3129,3159
3130,717
3130,6032
3131,14565
3132,3387
3133,624
3133,2833
3133,13908
3134,191
3135,4591
3136,10338
3137,1282
3137,2207
3138,2919
3138,9543
3138,10256
3139,191
3140,1911
3140,5522
3140,8554
3140,13971
3141,191
3142,217
3143,7566
3143,8726
3143,10536
3144,551
3144,4116
3144,10632
3145,5171
3146,7282
3146,7893
3146,13873
3147,7282
3147,7893
3147,13873
3148,7282
3148,7893
3148,13873
3149,8059
3149,8872
3150,5171
3151,5309
3151,6923
3151,8684
3151,15065
3152,6733
3153,4094
3154,566
3154,3088
3154,4722
3154,13819
3155,1427
3156,191
3157,191
3158,191
3159,191
3160,11126
3160,11655
3161,3308
3161,3408
3162,4942
3162,8866
3163,352
3164,2621
3164,9525
3165,14546
3166,3725
3166,7074
3166,11944
3167,951
3167,10920
3168,5939
3168,7587
3169,7343
3170,11830
3171,1039
3171,5731
3172,4245
3173,191
3174,191
3175,11397
3176,191
3177,3599
3177,11249
3178,497
3178,5767
3179,753
3180,2433
3181,2433
3182,924
3182,4000
3182,13695
3183,520
3183,702
3183,1920
3183,12480
3184,191
3185,3794
3185,3841
3185,4302
3185,10154
3186,191
3187,2126
3187,10875
3188,55
3188,1832
3189,13634
3190,1538
3190,11808
3190,12728
3191,12958
3192,6693
3192,8427
3192,11794
3193,7507
3194,6667
3195,9059
3196,8131
3196,10546
3197,4476
3197,5571
3197,11345
3197,14537
3198,7403
3199,304
3199,10852
3199,12628
3200,1638
3200,4300
3200,6425
3201,13712
3201,14412
3202,11911
3202,12205
3203,4795
3203,10022
3204,3168
3205,4335
3205,11799
3205,13735
3206,191
3207,191
3208,2932
3209,191
3210,2931
3210,10341
3210,14111
3211,14272
3212,7231
3212,12406
3213,5238
3214,191
3215,4470
3215,10757
3215,13272
3216,94
3216,10579
3216,13140
3217,393
3217,1597
3217,1963
3217,4798
3217,9284
3218,9982
3219,9966
3220,9384
3221,4074
3221,5832
3221,14514
3222,13861
3223,121
3223,402
3224,995
3224,9749
3225,2970
3225,4665
3225,5755
3225,13304
3226,5755
3227,5755
3228,5756
3229,191
3230,191
3231,1653
3231,1759
3231,5199
3231,13159
3232,8023
3232,9233
3233,191
3234,191
3235,14417
3236,4594
3237,6577
3238,8333
3239,1812
3239,13317
3240,690
3240,5434
3241,191
3242,191
3243,9645
3243,10770
3243,10906
3243,14672
3244,3114
3244,8311
3245,10280
3245,13688
3246,2960
3247,2127
3248,9140
3248,14096
3248,14662
3249,3845
3249,8313
3249,11583
3250,6108
3251,14262
3252,4476
3252,11345
3252,14537
3253,11880
3253,12303
3254,191
3255,4676
3256,191
3257,3649
3257,10445
3258,3632
3259,1813
3259,5586
3259,9211
3259,9759
3259,10639
3260,11992
3261,191
3262,191
3263,8606
3264,9686
3265,191
3266,3301
3267,12434
3268,5411
3268,7389
3268,10911
3269,3316
3269,14604
3270,191
3271,13423
3272,2506
3272,7291
3273,5307
3273,8234
3274,191
3275,13809
3276,6360
3276,14874
3277,191
3278,3698
3278,5046
3278,11377
3278,12619
3279,11307
3279,14825
3280,2433
3281,2433
3281,14751
3282,191
3283,6704
3283,12535
3284,191
3285,191
3286,4019
3286,7116
3286,10494
3287,12563
3288,4394
3289,3520
3289,6676
3290,100
3291,12477
3292,191
3293,191
3294,4006
3294,6701
3294,7744
3295,11807
3295,14358
3296,1509
3297,2948
3297,6537
3297,7426
3298,13244
3299,4849
3299,14486
3300,798
3301,191
3302,9805
3303,191
3304,2533
3304,4165
3304,6361
3304,7264
3304,14481
3305,3077
3306,2802
3306,6303
3307,10328
3308,8408
3308,14575
3309,191
3310,10026
3310,10205
3310,13635
3311,191
3312,191
3313,191
3314,9190
3315,178
3316,2858
3316,12024
3317,1665
3317,4050
3318,31
3318,4473
3319,14699
3320,13980
3321,7770
3322,7770
3323,10860
3324,1587
3325,6816
3325,8108
3325,14854
3326,2436
3326,4386
3326,14156
3327,191
3328,1282
3328,2207
3329,1282
3329,2207
3330,191
3331,9491
3331,10281
3331,11486
3331,13981
3332,191
3333,2310
3333,9208
3333,9631
3333,10491
3333,14012
3334,3160
3334,10681
3335,191
3336,9643
3337,60
3337,10737
3337,10855
3338,191
3339,6966
3339,8737
3339,9270
3339,9368
3340,191
3341,4361
3342,9297
3343,9297
3344,4828
3345,9905
3346,1769
3347,7222
3348,11396
3348,12694
3349,12923
3350,1158
3350,5996
3350,12618
3351,4452
3351,10185
3352,191
3353,2170
3353,10120
3353,11480
3354,642
3355,4593
3356,4820
3356,12473
3357,3792
3357,10085
3357,13275
3357,14911
3358,9498
3359,3301
3360,3301
3361,3301
3361,12373
3362,3301
3363,3301
3364,621
3365,3301
3366,3301
3367,2203
3367,4769
3367,5526
3367,8702
3368,6573
3369,3261
3369,3790
3369,8693
3370,5552
3370,9786
3371,549
3371,2094
3372,191
3373,1066
3373,1643
3373,14364
3374,191
3375,2595
3375,5619
3376,2595
3376,5619
3377,2595
3377,5619
3378,191
3379,2013
3379,8562
3379,11576
3380,126
3380,2040
3381,9141
3381,14110
3382,8562
3383,2794
3384,191
3385,5338
3385,6575
3386,14000
3387,191
3388,191
3389,6398
3390,4054
3390,12829
3391,191
3392,9853
3393,12968
3394,3721
3394,6662
3395,488
3396,3933
3396,4450
3396,4480
3396,4528
3396,6385
3396,6498
3396,8130
3396,8341
3396,9416
3396,10385
3396,10716
3397,191
3398,13213
3399,191
3400,1246
3400,5593
3401,4539
3402,187
3402,1342
3403,7887
3404,646
3404,1251
3404,9431
3404,9632
3404,14849
3405,6159
3406,1795
3407,191
3408,9360
3409,191
3410,11405
3410,13311
3411,1235
3411,10459
3411,11210
3412,9171
3413,3981
3414,14535
3415,12469
3416,5716
3417,11076
3418,191
3419,191
3420,191
3421,868
3421,5111
3421,9101
3422,191
3423,191
3424,191
3425,1455
3425,2264
3425,3417
3425,3430
3425,3820
3425,3951
3425,4656
3425,5056
3425,5128
3425,5320
3425,5771
3425,6477
3425,6578
3425,6679
3425,7142
3425,7715
3425,8050
3425,8887
3425,9222
3425,9396
3425,10311
3425,10832
3425,11139
3425,11205
3425,11758
3425,12385
3425,12781
3425,14019
3425,14109
3425,15056
3426,5516
3426,8194
3426,8951
3426,12070
3427,1177
3428,3052
3429,8337
3429,11352
3430,1678
3430,10759
3431,814
3432,8052
3432,11372
3433,38
3433,2715
3433,9919
3434,191
3435,13318
3436,191
3437,11935
3438,6041
3439,5130
3439,5887
3439,9158
3439,9852
3440,191
3441,1899
3441,3270
3441,5057
3442,3270
3442,5918
3443,3270
3443,8534
3443,11460
3444,3270
3444,5918
3444,6881
3445,246
3445,3270
3445,3753
3446,3270
3446,13602
3447,246
3447,3270
3447,6391
3448,2045
3448,3270
3448,13602
3449,246
3449,3270
3449,3753
3449,4241
3450,3504
3450,9152
3450,12867
3451,246
3451,2380
3451,3270
3451,3753
3452,1624
3452,8741
3452,10145
3452,11800
3453,3266
3453,6260
3453,9700
3453,13572
3454,191
3455,1782
3456,697
3457,191
3458,6157
3458,7466
3459,11377
3460,11377
3461,1899
3461,9847
3462,2591
3462,5486
3462,14649
3463,2848
3463,8956
3463,12856
3464,191
3465,10038
3465,10561
3466,191
3467,1286
3467,5927
3467,6204
3468,1177
3469,7978
3470,5636
3470,5686
3470,5849
3470,10099
3471,851
3471,5934
3472,4849
3472,9690
3472,14486
3473,521
3474,191
3475,191
3476,10386
3477,559
3477,2279
3477,9350
3478,191
3479,4640
3479,6855
3480,1195
3480,7070
3481,3960
3481,5945
3482,3926
3482,4767
3483,191
3484,191
3485,9258
3485,12551
3485,14506
3486,7249
3486,11092
3487,5900
3488,191
3489,1915
3489,9250
3489,9661
3489,10400
3490,2354
3490,5590
3490,8442
3490,10304
3491,12934
3492,2562
3493,191
3494,8126
3494,12247
3494,13634
3495,292
3495,1079
3495,6243
3495,13020
3495,14806
3496,2279
3496,8126
3496,13796
3497,11907
3497,12690
3498,7212
3498,9824
3499,2978
3499,11838
3499,13917
3499,14382
3500,14305
3500,14406
3501,5854
3501,10968
3502,6820
3503,2019
3503,10471
3503,11437
3504,191
3505,789
3505,2315
3505,9409
3506,5158
3507,191
3508,288
3509,191
3510,191
3511,7874
3512,5301
3513,5879
3514,9834
3515,12103
3516,1385
3516,5301
3517,191
3518,191
3519,3303
3519,6507
3520,12791
3521,1658
3521,5356
3521,14677
3522,605
3522,4612
3523,7437
3524,191
3525,191
3526,191
3527,8494
3528,6964
3528,7114
3529,3450
3529,7070
3530,1862
3531,7807
3532,11077
3532,11413
3533,10215
3534,8220
3535,1227
3535,3237
3535,7762
3535,12669
3536,593
3536,6790
3537,8284
3537,11850
3538,5881
3538,9499
3538,9762
3539,4698
3540,191
3541,6761
3541,8527
3542,7998
3542,11271
3543,3431
3543,6683
3543,13624
3544,4985
3545,12825
3546,191
3547,191
3548,2713
3548,8794
3548,12399
3549,8520
3550,1829
3550,8394
3551,2513
3551,8962
3551,13058
3552,2402
3552,14988
3553,10095
3554,5669
3554,6508
3555,1113
3556,3745
3557,2279
3558,666
3558,5440
3559,9587
3559,14681
3560,2836
3561,191
3562,5179
3562,8262
3562,10501
3562,10677
3562,11646
3563,2148
3563,4732
3564,141
3565,191
3566,1885
3566,5181
3567,191
3568,191
3569,191
3570,10611
3571,191
3572,191
3573,191
3574,191
3575,3472
3575,8434
3576,487
3577,191
3578,14789
3579,3159
3580,5817
3581,191
3582,3737
3582,10058
3583,12239
3584,10425
3584,12716
3584,15039
3585,191
3586,13516
3587,8426
3587,13832
3587,15020
3588,191
3589,1313
3589,11470
3590,191
3591,11690
3591,13737
3592,6661
3593,412
3594,4564
3594,9395
3595,6824
3596,3767
3596,6242
3596,10401
3596,13368
3597,5522
3598,11527
3598,14156
3599,191
3600,4556
3600,9848
3600,10558
3601,2345
3601,4589
3602,191
3603,6934
3604,7248
3604,7558
3605,7893
3606,894
3607,1425
3607,3824
3607,3968
3607,6400
3607,7846
3607,8579
3607,14801
3608,12629
3609,5922
3610,191
3611,3319
3611,13033
3612,7248
3612,7558
3613,3061
3613,6078
3613,13033
3614,2418
3614,9393
3614,13589
3615,2023
3615,2418
3615,9109
3616,191
3617,191
3618,7111
3618,8176
3618,13839
3619,14998
3620,191
3621,2572
3621,2744
3622,12150
3623,14735
3624,3397
3624,5645
3624,12227
3624,12458
3625,5444
3626,7163
3627,191
3628,112
3628,2022
3628,3225
3628,3854
3628,4156
3629,2235
3629,2468
3629,6826
3629,11847
3630,9333
3630,9767
3631,1175
3632,10817
3632,11847
3633,6174
3633,11847
3634,9993
3635,2022
3635,2232
3635,8006
3635,11149
3635,11847
3636,11096
3637,7083
3637,7301
3638,2857
3638,3364
3639,2347
3639,6759
3640,13885
3641,2640
3641,3111
3641,13503
3642,458
3643,2267
3643,7511
3643,8617
3643,13904
3643,14821
3644,4447
3644,8869
3644,9713
3644,10476
3645,1588
3645,5781
3646,10262
3646,11593
3647,183
3647,5332
3647,5715
3647,7192
3647,7813
3647,13053
3647,14120
3648,8778
3649,191
3650,11042
3651,9873
3651,10181
3651,11670
3652,5942
3653,1173
3653,12038
3654,10413
3654,11743
3655,9921
3655,10717
3655,11033
3656,243
3656,6513
3657,191
3658,191
3659,191
3660,191
3661,3627
3662,10524
3663,13510
3664,9011
3664,10431
3664,13631
3665,2845
3666,9011
3666,10210
3667,2001
3667,6096
3667,9415
3668,7120
3669,191
3670,191
3671,191
3672,11172
3673,9994
3673,12047
3674,5089
3674,14124
3675,10067
3675,13712
3676,5540
3677,2052
3678,8899
3678,14153
3679,191
3680,5044
3681,2020
3681,12993
3682,9748
3683,191
3684,191
3685,2534
3685,5049
3685,5501
3686,191
3687,724
3687,1686
3688,2100
3688,2996
3689,10071
3689,14867
3690,2139
3691,10149
3691,13034
3692,191
3693,814
3694,1612
3694,15015
3695,13601
3696,191
3697,3877
3697,5975
3697,9437
3697,12063
3697,12216
3698,6668
3699,4417
3699,7642
3700,4199
3701,191
3702,11147
3703,3823
3703,5480
3704,897
3704,1107
3704,9410
3704,11622
3704,12574
3705,4007
3705,10999
3706,10999
3707,10999
3707,13869
3708,7554
3708,10999
3708,12787
3709,2689
3709,9981
3710,1518
3710,11008
3710,14309
3711,5213
3712,9203
3712,12346
3713,191
3714,10095
3714,10262
3715,2950
3715,3199
3715,3393
3715,11604
3716,8537
3716,13937
3717,1566
3717,6594
3717,12622
3718,4064
3719,1835
3719,5794
3719,10885
3719,11186
3720,191
3721,191
3722,191
3723,191
3724,1750
3725,191
3726,679
3726,6669
3727,6567
3727,6696
3727,12204
3727,12731
3728,11081
3729,14519
3730,13111
3731,3126
3732,4353
3732,8965
3733,21
3733,3749
3733,4852
3733,8725
3734,9093
3735,1112
3735,8095
3736,191
3737,613
3737,5290
3738,2557
3739,191
3740,191
3741,3150
3741,6348
3742,1917
3742,5668
3742,7862
3743,151
3744,8012
3745,7548
3746,3628
3747,511
3748,3628
3749,3522
3749,13564
3750,10165
3751,2448
3751,9404
3752,191
3753,7768
3753,9979
3754,191
3755,10457
3756,7714
3757,11302
3758,1100
3759,148
3759,420
3760,191
3761,11360
3762,13886
3763,2381
3764,764
3764,2303
3764,7894
3764,9613
3764,14550
3765,10364
3766,7664
3766,14767
3766,14884
3767,9111
3767,11893
3767,14395
3768,9388
3769,5034
3769,9327
3769,13087
3770,6219
3770,10506
3770,11930
3770,14192
3771,4830
3772,14985
3773,191
3774,10685
3775,191
3776,3173
3776,6337
3777,191
3778,11926
3779,5044
3780,5590
3780,7271
3781,524
3781,1560
3781,5015
3781,14725
3782,6107
3782,13260
3783,7029
3783,7860
3784,6107
3785,13525
3786,3612
3786,6994
3787,6107
3787,13260
3788,6107
3789,4870
3789,6086
3790,1127
3791,3754
3791,4330
3791,14911
3792,8798
3792,10109
3792,11669
3793,12906
3794,12094
3795,191
3796,1222
3796,5108
3797,4426
3797,8198
3798,689
3798,11200
3799,1030
3799,2243
3799,4444
3799,12140
3800,8352
3801,6631
3802,2173
3803,3713
3803,7993
3804,2420
3804,9656
3805,191
3806,6884
3807,4300
3807,5687
3808,3235
3808,5103
3809,4250
3809,9505
3810,4194
3810,14301
3811,11630
3811,12816
3812,2235
3812,2468
3812,11847
3813,5299
3813,5580
3813,10817
3813,10998
3814,7207
3815,12476
3815,12872
3816,4767
3816,8738
3817,1661
3817,6326
3817,7585
3817,8590
3818,8213
3818,10651
3819,2357
3820,6935
3821,251
3821,7814
3821,7877
3822,191
3823,1708
3823,7867
3823,12044
3824,7963
3824,12767
3824,13658
3825,191
3826,191
3827,1017
3827,9832
3828,11189
3829,191
3830,1512
3830,10034
3831,15031
3832,3587
3833,5466
3834,1946
3834,9260
3835,14121
3836,14169
3837,191
3838,191
3839,2818
3839,10049
3839,10553
3839,13073
3839,13302
3840,191
3841,191
3842,10253
3842,10468
3843,2443
3843,10743
3843,14603
3844,4101
3844,13517
3845,3148
3846,160
3847,9816
3847,11268
3848,15027
3849,3674
3850,191
3851,191
3852,6315
3853,6058
3854,9226
3854,12397
3855,2314
3855,14043
3855,14784
3856,191
3857,5876
3858,7440
3858,11425
3859,7687
3859,7970
3860,4686
3860,6683
3860,13107
3861,1223
3861,3855
3861,7171
3861,7839
3861,8983
3861,10139
3861,11069
3861,13626
3862,7191
3863,4318
3864,847
3864,4749
3864,5078
3864,11738
3865,191
3866,4917
3866,8081
3866,9680
3866,12780
3867,4662
3868,191
3869,7826
3869,9029
3870,2934
3870,9273
3870,9696
3871,191
3872,2201
3872,11085
3872,14987
3873,5587
3873,6558
3873,11913
3873,12820
3874,11357
3875,11760
3876,714
3877,1667
3877,14693
3878,1780
3878,5459
3878,5497
3878,13205
3879,161
3879,6792
3880,191
3881,226
3881,5611
3882,13218
3883,3644
3883,14352
3884,2660
3884,14515
3885,7951
3886,6387
3886,10179
3887,2461
3888,13978
3889,9112
3889,13996
3890,5064
3890,5198
3891,191
3892,191
3893,4814
3893,12165
3894,1678
3895,224
3895,1609
3895,3763
3895,5170
3895,7573
3895,7985
3895,8334
3895,9789
3895,10012
3896,7476
3896,7998
3896,11271
3897,1547
3897,7796
3898,191
3899,5633
3900,191
3901,1040
3902,191
3903,191
3904,6206
3905,1729
3905,4284
3905,7741
3906,1693
3906,2497
3906,8720
3907,5740
3907,13922
3908,3876
3908,4585
3908,7469
3908,14322
3909,191
3910,4547
3911,10592
3911,13762
3912,6650
3912,11840
3913,2004
3913,3839
3913,6969
3913,7473
3913,14934
3914,13345
3915,1893
3915,7393
3915,12058
3916,7601
3916,13008
3917,688
3917,8998
3917,11136
3918,1245
3918,8275
3919,6193
3919,13360
3920,318
3920,8701
3920,9326
3920,14047
3920,14855
3921,195
3921,2989
3921,5664
3921,5834
3921,10101
3921,12782
3922,3663
3922,3732
3922,5778
3923,114
3924,191
3925,11720
3926,191
3927,3663
3927,3732
3927,5778
3928,5284
3929,191
3930,11080
3930,14958
3931,587
3931,6083
3931,6362
3931,11796
3932,3906
3933,799
3933,3825
3933,8857
3933,11240
3934,10873
3935,191
3936,11772
3937,13002
3938,8925
3938,14503
3939,7031
3939,12732
3940,11847
3941,1971
3941,3225
3941,10817
3941,13967
3942,4693
3943,2022
3943,4366
3944,1334
3944,2022
3944,4108
3944,11847
3945,7617
3945,8896
3946,1921
3946,11847
3947,11847
3948,191
3949,1114
3949,6604
3949,13851
3950,3178
3951,191
3952,8763
3952,8954
3952,14235
3953,3456
3954,3569
3954,9832
3955,5221
3956,1271
3956,3348
3956,7060
3957,674
3957,2573
3957,3236
3957,4016
3957,10846
3957,14568
3958,10039
3959,11170
3960,191
3961,191
3962,2526
3963,12608
3964,191
3965,3540
3966,191
3967,5958
3967,14598
3968,191
3969,191
3970,191
3971,12870
3972,7365
3973,2331
3973,4345
3973,14571
3974,191
3975,191
3976,10015
3977,482
3977,8890
3977,12578
3977,12603
3978,3029
3978,3938
3979,14318
3980,2090
3980,8372
3981,8506
3981,14045
3981,14950
3982,1905
3982,13004
3983,3668
3984,13553
3984,14887
3985,191
3986,3415
3987,7896
3988,9825
3989,7716
3990,191
3991,1875
3991,2612
3991,4110
3991,9068
3992,1605
3992,5544
3993,191
3994,191
3995,191
3996,753
3996,14269
3997,191
3998,3591
3999,10142
3999,12493
4000,191
4001,3953
4002,1288
4002,7500
4002,9159
4003,4496
4003,10733
4003,11619
4003,12110
4004,191
4005,4758
4006,191
4007,2807
4008,2115
4008,6166
4009,3573
4010,6556
4011,525
4011,1533
4011,5328
4011,9246
4011,9537
4011,13705
4011,14097
4012,9537
4012,14926
4013,7545
4013,7992
4014,191
4015,13353
4016,10805
4017,3497
4017,10874
4017,11552
4017,13235
4018,1760
4018,2324
4019,2786
4019,11020
4020,191
4021,6830
4022,4577
4022,9031
4022,11977
4023,11287
4024,11404
4025,191
4026,191
4027,6932
4028,191
4029,206
4029,2156
4029,9240
4029,12714
4030,2850
4030,4869
4031,191
4032,569
4033,3876
4033,13623
4034,13419
4035,4137
4036,2974
4036,14022
4037,191
4038,3108
4038,5325
4038,14180
4039,191
4040,4030
4041,2404
4041,8002
4042,1474
4042,9887
4042,13605
4043,11313
4043,12566
4044,191
4045,191
4046,515
4046,1412
4046,2653
4047,749
4048,191
4049,4030
4050,191
4051,8863
4052,12674
4052,14702
4053,1730
4053,2984
4053,7570
4053,7864
4054,191
4055,3058
4055,6220
4056,1907
4056,12081
4057,191
4058,191
4059,191
4060,3274
4060,12007
4060,13945
4061,191
4062,6643
4063,5768
4064,11217
4064,11841
4064,13270
4064,14390
4065,191
4066,191
4067,191
4068,191
4069,2117
4069,5845
4070,191
4071,191
4072,191
4073,191
4074,191
4075,191
4076,191
4077,191
4078,191
4079,191
4080,191
4081,191
4082,438
4082,745
4083,6885
4083,12832
4084,191
4085,1375
4086,2516
4086,9150
4086,13250
4087,13859
4088,2851
4088,14449
4089,191
4090,11697
4091,7374
4092,3239
4093,191
4094,1895
4095,191
4096,191
4097,191
4098,795
4098,10651
4099,990
4099,11294
4099,14682
4100,8639
4101,4492
4101,8595
4102,191
4103,929
4103,1676
4103,8821
4103,14833
4104,2052
4104,5712
4104,5841
4104,10956
4105,12263
4105,12556
4105,12565
4105,12999
4106,191
4107,191
4108,7594
4109,191
4110,7018
4110,9478
4110,13782
4110,15072
4111,3217
4111,4151
4111,14633
4112,11302
4113,8377
4114,9306
4114,11321
4115,4297
4116,8237
4117,191
4118,191
4119,9619
4120,3796
4121,191
4122,11366
4123,3074
4123,8540
4123,8698
4123,13601
4124,191
4125,9736
4126,2590
4126,3361
4127,191
4128,191
4129,6658
4129,8649
4129,13485
4130,191
4131,191
4132,58
4132,5268
4133,2060
4133,5780
4133,7431
4134,4655
4135,191
4136,191
4137,1282
4137,11661
4138,10837
4138,11063
4139,191
4140,123
4141,10442
4142,191
4143,970
4143,7061
4144,395
4144,3859
4144,10467
4144,10727
4145,191
4146,191
4147,844
4147,3684
4148,7311
4148,7349
4149,191
4150,10330
4151,191
4152,9597
4153,8711
4153,12972
4154,9597
4155,9597
4156,4762
4157,6148
4157,8792
4158,8711
4158,9507
4159,5837
4159,9235
4159,10519
4160,3954
4160,4861
4160,9235
4160,10519
4161,2195
4161,4514
4161,9597
4161,12862
4162,3965
4162,9597
4163,191
4164,1748
4164,3187
4164,7912
4164,14610
4165,1748
4165,9597
4165,14610
4166,2195
4166,4514
4166,9597
4166,12862
4167,9597
4168,9033
4169,9597
4170,9597
4171,1748
4171,14610
4172,9597
4173,5830
4174,6246
4174,13199
4175,191
4176,191
4177,8355
4178,191
4179,14489
4179,14811
4180,6097
4181,5289
4181,6915
4181,7947
4182,191
4183,8496
4184,5247
4185,191
4186,523
4186,1659
4187,3041
4187,3394
4187,5072
4187,5205
4188,3949
4189,1641
4189,7040
4190,1721
4190,7200
4191,4125
4192,4852
4193,11596
4194,14264
4195,3493
4196,191
4197,7098
4197,10673
4198,6229
4198,10286
4199,7461
4199,12186
4200,4442
4200,9636
4200,12911
4201,191
4202,383
4202,6232
4202,12224
4203,516
4203,4878
4204,11836
4205,745
4206,191
4207,3779
4207,4719
4207,10376
4208,337
4209,14376
4210,4342
4210,12514
4211,191
4212,6684
4212,14113
4213,6684
4213,14113
4214,2327
4214,14566
4215,457
4216,2141
4216,5207
4216,8637
4216,8863
4217,191
4218,8583
4218,9778
4219,8798
4219,10109
4219,11669
4220,5751
4221,9827
4222,5277
4222,7574
4222,8244
4223,6729
4223,7100
4223,10564
4224,1017
4224,9832
4225,2687
4226,5285
4226,9139
4226,11806
4227,6543
4227,8863
4227,14412
4228,4036
4228,9194
4228,9612
4228,10257
4229,4053
4229,9245
4230,5378
4231,1453
4232,2631
4233,937
4233,3423
4233,3474
4233,7673
4233,8267
4234,2212
4234,7099
4234,8132
4235,489
4235,5284
4235,9827
4235,12550
4236,9814
4236,12181
4237,7705
4237,8802
4237,8889
4238,835
4238,5731
4239,191
4240,191
4241,12429
4242,6771
4243,5060
4243,9051
4243,9148
4243,11291
4244,3262
4245,1987
4245,7452
4245,14962
4246,2590
4247,6701
4248,1987
4249,6046
4249,6719
4249,6873
4250,4235
4251,4931
4251,5757
4252,2590
4252,3361
4252,4565
4253,4077
4253,9447
4253,10834
4254,6488
4254,14525
4255,14812
4256,191
4257,11374
4257,14150
4258,8664
4258,8669
4259,191
4260,8686
4261,8077
4262,6075
4263,1012
4264,4186
4264,7225
4264,14416
4265,598
4265,1446
4266,2948
4266,6537
4266,7426
4267,10358
4267,13260
4267,13610
4268,7110
4269,10358
4269,13260
4269,13610
4270,191
4271,13229
4271,14104
4272,191
4273,191
4274,4723
4274,5483
4275,4466
4275,8359
4276,4252
4276,11923
4277,3410
4277,15027
4278,8454
4278,9901
4278,11602
4279,5448
4279,11780
4280,7282
4280,7893
4281,3
4281,5363
4282,11763
4283,7893
4283,10605
4284,1038
4284,12424
4285,7282
4285,10605
4285,14228
4286,3
4286,3365
4286,7282
4286,7893
4287,7282
4287,7893
4287,13873
4288,2309
4288,5368
4288,14520
4289,11791
4289,11975
4290,13271
4291,8722
4292,191
4293,191
4294,14242
4295,11600
4296,191
4297,4735
4297,8975
4298,191
4299,4849
4299,14486
4300,7856
4301,191
4302,191
4303,191
4304,11544
4304,13225
4305,52
4305,7279
4305,8134
4305,9451
4305,10526
4306,8286
4306,11447
4307,333
4307,2287
4308,8704
4308,12413
4309,7722
4310,6771
4311,191
4312,1844
4312,14493
4313,5208
4314,1169
4315,12386
4316,11933
4317,14325
4318,191
4319,5719
4320,10249
4321,4906
4322,9458
4323,191
4324,10706
4325,3101
4325,13120
4325,13603
4326,4604
4326,11594
4326,13202
4327,13228
4328,7807
4329,13666
4330,1543
4331,1493
4331,2158
4331,14850
4332,3787
4333,13666
4334,13666
4335,3437
4335,7627
4335,8329
4336,6650
4337,191
4338,191
4339,191
4340,2671
4340,8612
4340,12994
4341,2971
4342,191
4343,918
4343,1644
4343,13488
4344,191
4345,14569
4346,244
4346,382
4346,4564
4346,11525
4346,14964
4347,191
4348,12610
4349,3765
4349,4889
4349,5773
4350,4099
4351,191
4352,2381
4352,11196
4352,13726
4352,13998
4353,1596
4354,191
4355,191
4356,191
4357,191
4358,83
4358,12567
4359,191
4360,3503
4361,7331
4362,191
4363,6175
4363,6774
4364,7708
4365,191
4366,191
4367,3043
4367,4006
4368,1549
4369,2961
4369,10140
4369,14113
4370,479
4371,9071
4371,10751
4371,12269
4372,2098
4372,13392
4372,14822
4373,7367
4373,8712
4373,9100
4374,2889
4374,7253
4375,8520
4376,913
4376,9737
4377,1900
4377,12349
4378,6999
4379,8231
4380,191
4381,10818
4381,13276
4382,7527
4382,13354
4383,746
4383,12622
4384,7019
4384,10754
4385,2619
4385,10092
4386,8967
4386,13344
4387,3919
4387,4437
4388,8519
4388,11978
4389,191
4390,191
4391,5295
4392,191
4393,8935
4394,9817
4394,14718
4395,191
4396,2311
4396,9817
4396,14718
4397,3278
4397,5390
4398,191
4399,4459
4399,9249
4399,10198
4400,4092
4401,7302
4402,5700
4402,6899
4402,8941
4402,10796
4403,6115
4404,11616
4405,3179
4405,4645
4405,13804
4405,13983
4405,14504
4406,191
4407,6408
4408,7207
4409,6381
4410,191
4411,191
4412,13634
4413,6121
4413,8483
4414,2983
4414,3609
4415,932
4415,6964
4415,8609
4415,8632
4416,6217
4416,10015
4417,12156
4418,2720
4419,2797
4419,6407
4419,6858
4419,8728
4419,11873
4420,8205
4420,13687
4421,3485
4421,4613
4422,191
4423,3618
4424,10844
4425,4003
4425,8451
4426,1830
4427,14868
4428,5646
4428,13900
4429,6931
4430,1442
4430,1486
4430,5009
4430,7509
4430,12739
4430,12955
4430,14852
4431,14315
4432,1213
4432,1863
4433,191
4434,3971
4434,9743
4435,6251
4436,1125
4436,2969
4437,191
4438,3361
4438,6497
4439,904
4439,12129
4440,3206
4441,191
4442,13652
4443,1963
4443,2972
4443,3252
4443,3585
4443,3693
4443,4145
4443,6062
4443,14194
4444,4944
4444,6640
4445,8833
4445,9898
4446,7062
4446,13634
4447,2378
4447,9075
4448,191
4449,12945
4450,191
4451,597
4451,3844
4452,191
4453,10296
4454,13678
4455,3024
4456,191
4457,191
4458,191
4459,191
4460,191
4461,191
4462,191
4463,2607
4464,10894
4464,10917
4464,10935
4465,6717
4465,8097
4465,10870
4466,130
4466,13735
4467,14080
4467,14826
4468,9506
4469,7552
4470,191
4471,13994
4472,191
4473,191
4474,5891
4475,10144
4475,11021
4476,722
4476,9973
4477,7861
4478,191
4479,2709
4480,8288
4481,12511
4481,13333
4482,6324
4483,313
4483,11544
4484,6617
4484,13936
4485,9769
4485,10085
4485,14911
4486,191
4487,2256
4487,3570
4488,191
4489,191
4490,191
4491,191
4492,8751
4493,8379
4493,13301
4494,1017
4494,9832
4495,5284
4495,5638
4496,9832
4497,7082
4497,10005
4497,14415
4498,1281
4498,3042
4498,4404
4498,5812
4499,2177
4500,7684
4501,375
4501,3686
4501,6753
4502,6363
4502,8683
4502,14166
4503,191
4504,8452
4505,191
4506,696
4506,2669
4506,6350
4506,12306
4506,13907
4506,14464
4507,191
4508,14494
4509,5000
4509,9335
4510,3896
4511,8280
4511,8748
4512,191
4513,286
4513,6384
4513,8901
4514,8412
4515,4676
4516,7965
4516,8108
4517,1227
4517,7762
4517,12798
4518,9432
4518,14236
4518,14545
4519,635
4519,4061
4519,13634
4520,2832
4520,13558
4521,191
4522,11004
4523,10452
4523,12730
4524,2923
4524,9414
4525,191
4526,3786
4526,5772
4526,6228
4527,8532
4528,3411
4528,14842
4529,2020
4530,3703
4531,191
4532,1055
4533,191
4534,9160
4535,191
4536,8215
4536,8723
4536,11548
4536,13144
4537,13422
4538,191
4539,191
4540,6009
4540,12231
4541,14325
4542,2104
4542,5292
4543,4596
4544,191
4545,191
4546,191
4547,10
4547,6701
4548,10673
4549,191
4550,6142
4551,9408
4552,2650
4552,4739
4552,5403
4553,191
4554,191
4555,2328
4555,11030
4555,13634
4556,313
4556,11544
4557,1221
4557,11544
4558,8692
4558,12417
4559,6617
4559,13936
4560,3076
4560,6682
4561,1974
4561,2914
4561,5159
4561,7987
4561,8840
4561,13892
4562,670
4562,4603
4563,8602
4564,191
4565,14800
4566,11544
4566,13225
4567,8708
4568,4807
4568,11979
4568,13436
4569,11906
4570,5644
4570,11521
4570,11824
4570,13722
4571,4332
4571,8530
4572,4683
4572,14074
4573,3366
4573,8560
4573,11987
4574,123
4574,5280
4575,6433
4576,13931
4577,9769
4578,5187
4579,7031
4580,8301
4580,9769
4580,11004
4580,14494
4581,191
4582,5801
4583,3985
4583,4329
4583,5151
4583,6420
4583,10488
4583,14710
4584,2112
4584,6118
4585,191
4586,191
4587,8096
4588,6421
4588,11861
4589,8830
4590,10756
4590,11774
4591,4111
4591,13998
4592,3985
4592,6610
4592,9136
4592,11603
4593,3057
4594,1656
4595,191
4596,12621
4597,191
4598,7240
4599,13954
4600,191
4601,12930
4602,123
4603,12995
4604,2922
4604,4364
4604,4793
4604,5809
4604,6188
4604,6632
4604,12316
4604,12360
4605,191
4606,9023
4606,10166
4607,1151
4608,11493
4608,12179
4609,28
4609,1901
4609,7244
4609,7953
4609,13884
4609,14061
4610,191
4611,191
4612,6682
4612,9436
4613,1506
4613,11280
4614,6851
4615,2246
4615,6162
4615,7645
4616,1286
4616,13223
4616,13613
4617,4128
4618,12257
4619,191
4620,347
4620,650
4620,7215
4620,13135
4621,2323
4621,4278
4621,11266
4621,11292
4622,3210
4622,12226
4623,953
4623,1269
4624,6224
4624,14243
4625,1053
4625,4924
4625,7751
4625,10497
4625,12864
4626,8593
4626,9782
4626,11461
4627,1750
4628,580
4628,5024
4628,10237
4629,191
4630,8775
4631,13114
4632,1760
4633,7690
4633,10231
4634,479
4635,4572
4636,6334
4636,10274
4637,8578
4638,4207
4638,8835
4639,8241
4639,9320
4640,2897
4641,8641
4642,191
4643,7212
4643,7772
4643,9824
4644,191
4645,191
4646,6795
4647,12570
4648,191
4649,2590
4650,191
4651,3227
4651,5396
4652,5992
4652,10336
4652,11301
4652,11303
4653,3469
4653,4886
4653,6734
4654,1776
4654,6321
4655,191
4656,9000
4657,191
4658,5256
4659,191
4660,37
4660,4292
4661,5491
4661,11636
4662,191
4663,191
4664,1758
4665,14144
4666,191
4667,6900
4668,191
4669,191
4670,193
4670,6762
4670,10366
4671,5196
4671,11536
4672,1961
4672,11771
4673,544
4673,14187
4674,4285
4674,9013
4675,12008
4675,13872
4676,191
4677,191
4678,5191
4679,1105
4680,8419
4680,8420
4681,2590
4682,313
4682,11544
4683,313
4683,11544
4684,3071
4685,3112
4686,15043
4687,5453
4687,10791
4688,9750
4689,191
4690,191
4691,12512
4692,11054
4692,13359
4693,603
4693,1364
4693,4181
4693,5946
4693,14014
4694,4569
4694,10266
4694,12585
4695,191
4696,6467
4696,12095
4697,8734
4697,12501
4698,4272
4699,8203
4699,10196
4700,191
4701,191
4702,191
4703,191
4704,13662
4705,191
4706,1012
4706,1301
4706,6048
4707,191
4708,1177
4709,1733
4710,7844
4710,10985
4711,9827
4712,2905
4713,1329
4713,11110
4714,191
4715,191
4716,191
4717,1177
4717,6247
4718,1177
4719,4675
4720,12382
4721,191
4722,191
4723,2032
4723,4781
4723,5018
4723,5427
4723,7546
4724,191
4725,1902
4725,2166
4725,7186
4725,9270
4725,10275
4725,10663
4725,14326
4726,5182
4726,12164
4727,191
4728,191
4729,11605
4730,191
4731,14116
4732,2135
4732,7410
4732,8148
4732,10019
4732,12919
4733,191
4734,5899
4734,6768
4734,12654
4735,7807
4735,13920
4736,5907
4737,10853
4738,191
4739,2568
4739,4502
4739,6049
4740,191
4741,1940
4741,5251
4742,4051
4742,6897
4743,191
4744,191
4745,1641
4745,14862
4746,191
4747,791
4748,4654
4749,191
4750,4424
4750,11148
4751,2017
4751,5477
4751,5832
4751,6177
4752,8619
4753,10835
4754,1488
4755,2020
4756,4045
4756,5093
4757,1034
4757,6974
4758,13815
4759,5239
4760,331
4760,10593
4760,13563
4761,13976
4762,191
4763,191
4764,191
4765,9176
4766,5395
4766,13131
4767,1818
4767,6629
4767,7294
4767,10958
4768,2590
4769,2590
4770,191
4771,5528
4772,1793
4772,3950
4772,6121
4773,6976
4773,11958
4774,7594
4775,191
4776,10844
4777,6304
4777,14995
4778,2317
4779,14
4779,2761
4780,9424
4781,191
4782,8731
4783,1253
4783,1535
4783,6274
4783,9610
4783,11544
4783,12286
4784,6274
4784,12286
4785,3412
4785,4873
4785,6274
4786,5481
4787,506
4787,2851
4788,11504
4788,14196
4789,1667
4789,14693
4790,191
4791,2866
4791,6746
4791,10707
4791,11532
4792,6633
4792,7903
4793,191
4794,138
4794,2189
4794,2623
4794,11932
4795,3299
4795,8836
4796,5313
4796,7458
4796,14316
4797,191
4798,999
4798,11784
4798,14412
4799,6468
4799,13659
4800,11522
4801,191
4802,1431
4802,2494
4803,3285
4804,3586
4804,6091
4805,191
4806,7903
4806,8495
4806,13489
4806,14498
4807,191
4808,9554
4809,9299
4810,191
4811,5224
4812,1434
4812,5496
4812,7988
4813,1972
4813,5136
4814,10636
4815,191
4816,6316
4817,191
4818,2725
4818,14650
4819,4540
4819,6588
4820,1900
4820,6991
4820,12349
4821,6418
4821,14716
4822,8271
4823,504
4823,13541
4824,5585
4824,12633
4825,2850
4825,4869
4826,2154
4826,3979
4826,10922
4827,191
4828,9728
4829,3750
4829,3878
4829,7983
4829,12432
4830,2921
4830,8030
4831,14297
4832,191
4833,191
4834,191
4835,191
4836,191
4837,191
4838,191
4839,2471
4839,10697
4839,12882
4840,191
4841,2470
4841,6837
4841,8024
4842,2948
4842,3450
4842,3908
4842,5257
4842,6537
4842,7426
4842,13940
4843,4582
4844,265
4845,191
4846,1993
4846,13571
4847,191
4848,191
4849,8179
4849,10247
4850,12707
4851,5697
4851,11107
4852,484
4852,8752
4853,9221
4854,1900
4854,12349
4855,8270
4856,2087
4856,3170
4856,11485
4856,11995
4856,13599
4856,14160
4857,191
4858,191
4859,6825
4859,9097
4860,191
4861,14342
4862,3721
4862,6662
4862,11111
4863,191
4864,3655
4865,5102
4865,10300
4866,191
4867,4271
4868,191
4869,187
4869,2975
4869,7926
4870,1408
4870,7491
4870,11087
4871,4118
4871,8565
4871,11358
4872,191
4873,6026
4874,401
4874,11865
4874,12066
4875,417
4876,12356
4876,13426
4877,7135
4877,7925
4878,176
4878,2178
4878,8690
4879,1028
4879,4402
4879,13199
4880,5081
4881,191
4882,12929
4883,11840
4884,9532
4885,12268
4886,7487
4887,3101
4888,2350
4888,9995
4889,191
4890,7077
4890,14360
4891,2350
4891,9995
4892,28
4892,1901
4892,7244
4892,7953
4892,13884
4892,14061
4893,2350
4893,9995
4894,2350
4894,9995
4895,1141
4896,54
4896,10244
4897,384
4897,14688
4898,13547
4899,1327
4899,3824
4899,8579
4899,14801
4900,191
4901,3386
4901,8768
4902,2982
4902,7775
4902,14904
4903,191
4904,191
4905,191
4906,191
4907,2444
4908,3761
4908,6767
4909,4482
4909,10375
4910,191
4911,191
4912,5460
4912,10591
4913,191
4914,5460
4914,10591
4915,5460
4915,10591
4915,14803
4916,5460
4916,10591
4917,9129
4918,5460
4918,6922
4919,5917
4919,10345
4920,191
4921,794
4921,12201
4922,1001
4923,2282
4923,4052
4923,9877
4924,5997
4925,964
4926,1981
4926,11231
4926,12115
4927,191
4928,191
4929,1884
4930,6688
4930,10430
4930,11232
4931,11787
4932,7682
4932,10106
4933,11031
4934,1177
4935,5914
4935,11173
4936,191
4937,3323
4938,1687
4938,11755
4939,9072
4939,10636
4939,10792
4939,13915
4940,3135
4940,6514
4940,8827
4941,7159
4942,5160
4942,10258
4942,11159
4942,12441
4943,3007
4943,12796
4944,1393
4944,2733
4945,13466
4946,11680
4947,6514
4948,600
4948,5641
4949,6802
4950,191
4951,191
4952,798
4953,191
4954,191
4955,1722
4956,191
4957,11176
4958,8788
4958,14200
4959,191
4960,191
4961,2216
4962,2800
4963,1736
4963,5090
4964,7022
4965,2295
4966,1522
4966,4805
4967,10238
4968,10251
4969,6702
4969,12323
4970,8450
4970,9582
4971,12935
4972,8343
4973,191
4974,7175
4974,11384
4975,191
4976,191
4977,3460
4977,8650
4977,14312
4977,14819
4978,92
4978,5263
4979,2296
4980,2184
4980,5241
4981,58
4982,3498
4982,5562
4983,6264
4983,8491
4983,10067
4983,10505
4983,12940
4983,13830
4984,901
4984,1214
4984,2651
4984,8949
4985,638
4985,2685
4985,5322
4985,13475
4986,191
4987,191
4988,191
4989,3568
4990,10589
4990,11025
4991,3122
4992,191
4993,6432
4994,3626
4994,3980
4994,8186
4995,6528
4995,6683
4995,8784
4995,9357
4995,13544
4996,191
4997,10771
4998,1220
4999,191
5000,11580
5001,8070
5002,2374
5002,2556
5002,3050
5002,7171
5002,9030
5002,10290
5002,11069
5002,13626
5003,4653
5004,6180
5004,13068
5005,9738
5006,3480
5007,1325
5008,7453
5008,14001
5009,7366
5010,9094
5011,3006
5012,7222
5013,7366
5014,1422
5015,3283
5015,4814
5015,6194
5015,10037
5016,1799
5016,9584
5017,3441
5017,8154
5017,12827
5018,191
5019,3041
5019,3394
5019,13273
5020,191
5021,8478
5022,1903
5022,11628
5023,191
5024,191
5025,3384
5025,5188
5026,7914
5027,7322
5027,14309
5027,14788
5028,7740
5028,10120
5029,191
5030,10771
5030,11418
5031,8915
5032,191
5033,761
5033,1618
5033,1836
5033,3644
5033,7339
5033,10347
5034,273
5034,3953
5034,6273
5034,9719
5035,191
5036,134
5036,3953
5036,6157
5036,6273
5036,9719
5036,12821
5036,13095
5037,3909
5037,6965
5037,11044
5037,11392
5037,13340
5037,13411
5038,4629
5039,9757
5039,13091
5040,191
5041,205
5041,10575
5042,191
5043,9264
5044,191
5045,5305
5046,2956
5047,2342
5047,4251
5047,4857
5047,5798
5047,7624
5048,12718
5048,13900
5049,550
5049,2831
5050,13725
5051,191
5052,191
5053,1940
5054,2568
5054,4502
5054,6049
5055,9550
5055,9642
5056,2568
5056,4502
5056,6049
5057,191
5058,459
5058,4747
5059,3869
5060,6186
5060,7643
5061,2460
5061,12540
5062,8626
5062,14122
5063,191
5064,257
5064,1550
5065,191
5066,191
5067,5278
5067,10379
5067,14502
5068,1328
5068,8956
5069,2202
5069,3107
5069,4984
5069,5353
5069,12159
5070,4438
5070,9948
5070,12510
5071,7532
5072,11804
5072,14952
5073,191
5074,8159
5074,9440
5074,13515
5075,1508
5075,2159
5075,4107
5075,6800
5075,14421
5076,3051
5077,11831
5077,11914
5078,191
5079,13342
5080,6628
5081,191
5082,191
5083,2819
5083,4202
5084,6616
5084,12112
5084,12841
5085,191
5086,358
5086,11981
5087,4729
5087,9877
5088,106
5088,2435
5088,3995
5089,6271
5089,8374
5090,1540
5090,11833
5090,14885
5091,4398
5091,13428
5092,191
5093,4025
5093,14709
5094,6882
5094,8520
5095,191
5096,191
5097,1822
5098,15012
5099,400
5099,13993
5100,191
5101,191
5102,191
5103,10728
5103,12702
5103,14113
5104,2886
5104,11823
5105,13998
5106,191
5107,7502
5107,8401
5107,9530
5107,13154
5107,13689
5107,14507
5108,2543
5108,6571
5108,8660
5109,191
5110,323
5110,4680
5111,2067
5111,10007
5111,11089
5111,12232
5111,14457
5111,14532
5112,191
5113,191
5114,5455
5114,9366
5115,191
5116,236
5116,10233
5117,172
5118,12909
5118,13719
5118,15027
5119,315
5120,1170
5120,14184
5121,8691
5121,10924
5122,460
5122,8484
5123,14132
5124,799
5124,3825
5124,12681
5125,3053
5125,5302
5125,5456
5125,10491
5125,11568
5125,11851
5125,13401
5125,14603
5125,14773
5126,191
5127,191
5128,4347
5128,5609
5128,13973
5129,191
5130,191
5131,10772
5131,10773
5132,2284
5133,14265
5134,1451
5134,12579
5135,4041
5135,8985
5136,191
5137,191
5138,10196
5139,4069
5140,191
5141,11172
5142,4069
5143,5412
5144,5412
5145,10376
5146,510
5147,3101
5148,10822
5149,191
5150,2772
5150,13926
5151,4281
5152,191
5153,8975
5154,14912
5155,2460
5155,5904
5155,7801
5155,8915
5155,12112
5155,15072
5156,614
5156,6016
5156,10422
5157,8766
5157,10045
5157,15072
5158,8799
5159,5562
5159,12108
5159,12251
5160,548
5161,33
5161,4608
5162,977
5163,2953
5163,12402
5164,3221
5164,9091
5164,9321
5164,11512
5165,2460
5165,12841
5165,15072
5166,6016
5166,10422
5167,191
5168,1374
5168,8265
5169,7457
5169,7510
5170,4489
5170,12299
5171,7413
5172,12498
5173,7908
5173,8813
5173,10563
5173,12367
5174,3325
5174,3694
5174,6623
5174,9288
5175,3705
5175,6286
5176,191
5177,191
5178,3739
5178,5168
5178,6127
5178,9502
5178,9618
5179,191
5180,903
5181,3274
5181,4734
5181,9601
5181,9688
5181,10423
5182,191
5183,14082
5184,9394
5185,6668
5186,191
5187,2070
5188,8204
5188,10825
5189,1849
5189,10417
5189,10845
5189,14508
5190,6830
5191,2030
5191,13070
5192,1995
5192,5967
5193,191
5194,8479
5195,7103
5195,8444
5195,8519
5196,191
5197,7223
5197,8795
5198,9546
5199,2839
5199,10083
5200,12037
5201,5482
5201,6751
5202,1410
5203,5378
5204,6904
5204,8310
5205,191
5206,10479
5206,11411
5206,14935
5207,191
5208,3433
5208,3460
5208,14819
5209,191
5210,1836
5211,7471
5212,8711
5212,11001
5212,14436
5213,6483
5213,11768
5214,902
5214,3863
5215,11458
5215,12581
5216,191
5217,4403
5218,1931
5219,14837
5220,2027
5221,450
5221,14311
5222,3106
5223,13187
5224,4951
5225,9849
5225,10111
5225,10236
5226,14331
5227,151
5227,7576
5228,321
5228,675
5228,10399
5228,14445
5229,3777
5229,14197
5230,7923
5231,13379
5232,2705
5232,4393
5232,4783
5233,3653
5234,3777
5234,3900
5235,11624
5236,2411
5236,7371
5236,7840
5236,8786
5237,5096
5238,44
5238,11423
5239,13601
5240,191
5241,191
5242,10160
5243,191
5244,9516
5245,191
5246,191
5247,1906
5248,68
5248,6154
5249,11048
5249,12634
5250,191
5251,191
5252,6499
5252,8106
5252,12021
5253,6521
5253,9671
5253,14309
5254,6158
5254,10761
5255,1208
5255,3048
5255,5647
5255,8111
5255,13043
5256,752
5256,12560
5257,191
5258,10021
5258,14088
5259,191
5260,6981
5260,8962
5260,13910
5261,191
5262,191
5263,4152
5263,7782
5264,191
5265,191
5266,14967
5267,191
5268,191
5269,413
5269,3700
5269,4134
5269,5766
5269,14145
5270,909
5270,4678
5271,12064
5272,10528
5272,14357
5273,14470
5274,95
5274,332
5274,3263
5274,7258
5274,10623
5275,1766
5276,191
5277,4759
5278,8933
5279,6696
5279,10310
5280,7670
5281,191
5282,8749
5283,191
5284,2280
5284,4419
5284,13892
5285,1338
5286,191
5287,7289
5288,7289
5289,12504
5290,191
5291,2719
5291,6540
5291,8760
5292,4832
5292,8541
5293,4490
5293,6164
5293,6935
5293,11545
5294,5484
5294,8187
5295,9496
5296,191
5297,5966
5297,14310
5298,191
5299,2380
5299,8902
5300,42
5300,2272
5300,5744
5300,9455
5300,12736
5300,13891
5301,8765
5302,8751
5303,3807
5303,6647
5303,7122
5304,14010
5305,4432
5305,7908
5305,9405
5305,9659
5305,13690
5306,247
5307,191
5308,14845
5309,191
5310,191
5311,10089
5311,12202
5311,14577
5312,191
5313,14176
5314,2858
5315,902
5315,3863
5316,4154
5316,11931
5317,5065
5318,3571
5319,191
5320,191
5321,191
5322,191
5323,191
5324,191
5325,191
5326,729
5326,11981
5327,2471
5327,4501
5327,11988
5328,2224
5328,13505
5329,777
5329,1608
5329,6529
5329,11364
5329,11838
5330,8188
5331,2811
5331,4908
5331,6261
5331,7887
5332,15024
5333,694
5333,5900
5333,10963
5334,4666
5334,6218
5335,191
5336,4925
5336,6352
5337,11578
5338,13191
5339,191
5340,3120
5340,13899
5341,3252
5341,9090
5342,191
5343,191
5344,191
5345,191
5346,191
5347,4052
5347,4982
5347,5572
5347,6149
5347,11766
5348,191
5349,191
5350,2300
5350,12300
5350,14523
5351,3224
5352,4730
5353,3398
5353,11017
5354,504
5354,14804
5355,5748
5356,1938
5356,4200
5356,10621
5357,3275
5358,2057
5358,13014
5359,6277
5360,1938
5361,9183
5362,6128
5363,5435
5363,8234
5363,13388
5363,13799
5364,1899
5364,3270
5364,5057
5365,4576
5365,9545
5366,5763
5367,5763
5368,14234
5369,5421
5370,5628
5370,8574
5371,546
5371,11654
5372,7198
5372,7310
5372,12850
5372,14795
5373,3359
5374,191
5375,191
5376,10194
5377,191
5378,4193
5378,14298
5379,3174
5379,4877
5379,7503
5379,10105
5379,10931
5379,14001
5380,10067
5380,13712
5381,1359
5381,4936
5381,5565
5381,9701
5381,12798
5382,2787
5382,9714
5383,2419
5383,5266
5383,13712
5383,14412
5384,5603
5385,3018
5386,7961
5387,9070
5388,2904
5389,4956
5389,7776
5389,9511
5390,1717
5390,3205
5390,10417
5391,10793
5392,2411
5392,7371
5392,7840
5392,8786
5393,2130
5393,2358
5394,191
5395,2130
5396,9247
5397,1562
5398,6304
5399,876
5399,9326
5399,14855
5400,3947
5400,9624
5400,12589
5401,2509
5402,191
5403,3192
5404,458
5405,191
5406,10784
5407,191
5408,1304
5408,12982
5409,4346
5409,4710
5409,7533
5409,12169
5409,12946
5409,13901
5409,13974
5410,191
5411,113
5411,2915
5411,10189
5411,11405
5412,66
5413,191
5414,191
5415,350
5415,8656
5415,12228
5415,15076
5416,1682
5416,6496
5416,10156
5417,1506
5418,2450
5419,9625
5420,7467
5421,191
5422,439
5422,10646
5422,10892
5423,606
5423,1013
5423,5281
5423,5522
5423,8554
5424,191
5425,1671
5426,7971
5427,483
5428,2317
5429,191
5430,13212
5431,191
5432,191
5433,1075
5433,3015
5433,4238
5434,5468
5434,11014
5434,12309
5435,5878
5435,6511
5435,11408
5435,12541
5435,13402
5436,259
5436,398
5436,1247
5436,4818
5436,6504
5436,7489
5436,12666
5436,12964
5437,191
5438,191
5439,10859
5440,191
5441,11482
5441,13026
5442,8142
5443,14846
5444,11359
5444,12217
5444,13016
5444,14112
5445,977
5446,1118
5446,11359
5446,12598
5447,11625
5448,10507
5448,11474
5449,2409
5450,11679
5450,14560
5451,2419
5451,5266
5451,13712
5451,14412
5452,191
5453,11710
5454,3271
5454,3595
5454,4214
5455,8436
5456,13706
5456,14794
5456,14928
5457,12413
5458,191
5459,3129
5459,3508
5459,11374
5460,191
5461,9160
5462,1707
5462,14129
5463,191
5464,7343
5465,11384
5465,12724
5466,117
5466,671
5466,4254
5466,5627
5467,1610
5468,1497
5468,7492
5468,11595
5469,5694
5470,9667
5470,9742
5471,538
5471,6426
5471,6938
5472,7223
5473,10651
5473,14122
5474,191
5475,6030
5475,11627
5476,191
5477,4
5477,206
5477,2712
5477,9985
5478,5180
5478,8657
5479,14293
5480,8674
5480,10750
5481,7082
5481,14415
5482,191
5483,1131
5483,4154
5484,5075
5484,11483
5485,191
5486,7321
5486,11304
5487,2641
5487,11595
5487,14039
5487,14237
5488,191
5489,341
5489,11595
5490,3075
5491,1679
5491,11965
5491,12653
5492,191
5493,4219
5493,11595
5493,14039
5494,191
5495,774
5495,14437
5496,4428
5496,9604
5496,14667
5497,5625
5497,13514
5498,8429
5498,10983
5499,3623
5500,6233
5500,12311
5501,1351
5502,11874
5502,15049
5503,4531
5503,4564
5503,7187
5504,981
5504,2063
5504,4192
5504,13781
5505,4622
5506,7268
5506,13006
5506,13519
5506,13932
5507,1791
5508,6244
5508,12460
5509,191
5510,1156
5511,191
5512,3078
5512,8550
5513,467
5514,191
5515,596
5515,9007
5515,12623
5516,11804
5516,14952
5517,10661
5518,2301
5518,8251
5518,8381
5518,14567
5519,191
5520,7480
5520,13389
5520,14011
5521,191
5522,4005
5522,13161
5522,15060
5523,2133
5523,6182
5523,6459
5523,11518
5524,9308
5524,14044
5525,1230
5526,290
5526,7784
5526,11134
5527,1418
5528,1087
5528,2112
5528,12537
5528,13418
5529,2745
5529,11203
5529,13985
5530,191
5531,14002
5532,5728
5532,9895
5532,13791
5533,191
5534,191
5535,3475
5535,9906
5536,14577
5537,14768
5537,14853
5538,191
5539,191
5540,191
5541,5509
5542,14033
5543,7064
5543,14577
5544,14577
5545,12962
5545,13714
5546,6812
5547,1350
5548,6987
5549,7875
5550,191
5551,191
5552,10512
5553,13109
5554,191
5555,191
5556,12096
5556,14534
5557,6082
5557,7504
5557,10192
5558,5133
5558,14509
5559,11572
5560,11727
5560,14546
5561,2596
5561,4299
5562,8532
5563,98
5563,11182
5564,7168
5565,8993
5566,8422
5567,6953
5567,14240
5568,5265
5569,4253
5569,14343
5570,2110
5570,3443
5570,3780
5571,12284
5572,7791
5573,7511
5574,191
5575,191
5576,191
5577,9199
5578,6056
5578,8625
5579,2162
5579,5511
5579,8914
5579,9359
5579,12939
5580,191
5581,2929
5581,3017
5581,9952
5582,5181
5582,8314
5582,9303
5582,12710
5583,191
5584,1951
5585,12411
5586,9621
5586,11022
5587,191
5588,3830
5588,12167
5589,2609
5589,5962
5590,7378
5591,769
5591,8974
5591,13740
5592,11332
5593,191
5594,14339
5595,191
5596,11602
5597,191
5598,12617
5599,5165
5600,11273
5601,9683
5602,2155
5602,6485
5602,11648
5602,13536
5602,14076
5602,14570
5602,14804
5603,2486
5604,2271
5604,2277
5605,12285
5605,14995
5606,979
5606,2586
5606,7414
5606,13784
5607,191
5608,191
5609,3323
5609,13430
5610,12072
5611,7449
5611,7612
5612,191
5613,2486
5614,6087
5614,7858
5614,14454
5614,15088
5615,2102
5615,6295
5616,7809
5617,191
5618,2486
5619,191
5620,191
5621,3105
5621,4521
5621,11553
5622,1641
5622,10668
5623,958
5623,1505
5624,8607
5625,4109
5625,12776
5626,1782
5627,1386
5627,6099
5628,2486
5629,3688
5629,14324
5630,2486
5631,191
5632,1425
5632,3824
5632,3968
5632,6400
5632,7846
5632,8579
5632,14801
5633,10807
5633,12173
5634,191
5635,10157
5635,14310
5636,7707
5636,13912
5637,1229
5637,14078
5638,1097
5638,4407
5639,2993
5639,13244
5640,191
5641,9110
5642,8305
5643,6503
5643,7183
5643,11038
5644,10920
5644,11239
5645,2546
5646,518
5646,4571
5647,3207
5648,10661
5649,191
5650,5054
5650,11533
5651,886
5652,1688
5653,191
5654,2579
5655,1518
5655,3022
5655,8839
5655,14066
5656,15024
5657,4554
5657,8095
5658,1305
5658,13597
5659,3130
5659,4239
5659,4314
5659,5249
5660,790
5661,5135
5662,191
5663,191
5664,2472
5665,8507
5666,191
5667,7852
5667,10164
5667,11430
5668,9463
5669,1710
5669,4317
5670,3483
5670,14195
5671,9160
5672,1136
5672,11220
5673,214
5673,6893
5674,7207
5674,8033
5675,3207
5675,5147
5675,6786
5675,10172
5676,711
5677,14134
5678,274
5678,13681
5679,365
5679,1429
5679,8662
5680,5982
5681,4716
5682,636
5682,3920
5683,6618
5684,6916
5685,4866
5685,10664
5686,555
5686,3918
5686,14418
5687,2699
5688,191
5689,12714
5690,12714
5691,12714
5691,12931
5692,8352
5693,191
5694,9457
5694,12714
5694,12847
5695,2700
5696,191
5697,4907
5697,13485
5698,10182
5699,1816
5699,5600
5699,7849
5699,10032
5699,14980
5700,336
5700,4999
5701,2944
5702,20
5702,12746
5703,6376
5703,9835
5704,7123
5705,3161
5705,6221
5705,8853
5705,9330
5705,14032
5706,13882
5706,14190
5707,191
5708,191
5709,11868
5710,1139
5710,2359
5710,4162
5710,5132
5710,6595
5710,9339
5710,13927
5710,14564
5711,1689
5712,191
5713,191
5714,13606
5715,191
5716,5476
5716,6042
5716,9241
5717,9997
5718,2508
5718,10133
5719,7729
5720,2113
5720,4223
5721,3967
5721,5347
5722,2710
5723,3155
5723,3475
5723,9906
5724,10531
5725,191
5726,191
5727,1163
5727,9903
5727,10399
5727,13031
5728,7666
5728,12490
5729,191
5730,11302
5731,2052
5731,8199
5731,8524
5732,11300
5732,13675
5733,13734
5734,8339
5734,8891
5734,10097
5734,11606
5734,14817
5735,308
5735,10047
5736,10157
5736,10728
5737,14385
5738,191
5739,12612
5740,14918
5741,5716
5742,191
5743,10790
5743,12041
5744,1098
5744,4626
5744,7235
5745,191
5746,7758
5747,6305
5748,191
5749,191
5750,4031
5750,4522
5750,8265
5751,234
5751,1963
5751,2972
5751,3060
5751,3693
5751,6062
5751,7263
5751,8281
5751,12913
5751,14194
5752,174
5752,374
5752,1185
5752,5258
5753,994
5753,11030
5753,13042
5754,672
5754,2300
5754,5016
5755,191
5756,1134
5757,191
5758,13059
5759,11348
5760,3645
5761,191
5762,6934
5762,8795
5763,191
5764,4952
5764,6135
5764,9890
5764,13099
5764,14458
5765,8059
5765,13176
5766,27
5766,8729
5766,12236
5767,10991
5768,191
5769,191
5770,532
5771,191
5772,191
5773,11280
5774,5105
5774,5143
5775,191
5776,191
5777,862
5777,1433
5777,2099
5777,2775
5777,5072
5777,5549
5777,12114
5778,191
5779,191
5780,191
5781,8684
5782,12451
5783,7247
5783,9046
5783,12398
5784,191
5785,5146
5786,191
5787,7707
5788,8684
5788,11002
5789,11174
5790,6347
5791,11892
5792,3516
5793,191
5794,9775
5795,3159
5796,8217
5797,4553
5797,5112
5797,6354
5798,802
5798,4630
5799,4348
5799,14869
5800,191
5801,2758
5802,3028
5802,5951
5802,13754
5803,3172
5803,5974
5803,6755
5803,8350
5804,191
5805,1423
5805,12279
5806,139
5806,2781
5806,7286
5807,6351
5807,13579
5808,3747
5808,4878
5809,327
5809,4023
5810,3728
5810,4141
5810,8787
5810,9328
5811,14016
5811,14956
5812,4173
5812,7940
5812,8654
5813,191
5814,5537
5814,9116
5815,8295
5816,1554
5816,1958
5816,9529
5817,720
5818,191
5819,5662
5819,8627
5820,2150
5820,3840
5820,5034
5821,10391
5821,13719
5821,14034
5822,191
5823,2075
5823,6563
5824,5077
5824,14130
5825,742
5825,10970
5826,5261
5826,6724
5827,1326
5827,13193
5828,9087
5828,11221
5829,191
5830,1403
5830,5659
5830,10795
5830,13697
5831,1266
5831,8478
5832,11517
5833,2089
5834,9047
5834,10895
5834,14527
5835,191
5836,7284
5836,9535
5837,1403
5837,5659
5837,8852
5838,191
5839,191
5840,12984
5841,8643
5842,11478
5843,8643
5844,1789
5844,3261
5844,3790
5844,8693
5844,9181
5845,191
5846,742
5847,742
5848,191
5849,11870
5849,12448
5850,191
5851,191
5852,13874
5853,2302
5853,5450
5853,6478
5854,7510
5854,10836
5855,191
5856,191
5857,191
5858,191
5859,13207
5860,5406
5860,5681
5861,8014
5862,9971
5863,7454
5864,7724
5865,3797
5866,13578
5867,2527
5867,7246
5867,12441
5867,13745
5868,3682
5869,6527
5870,6849
5871,13098
5872,191
5873,9935
5873,14368
5874,191
5875,9294
5875,13600
5876,8643
5876,12916
5877,1244
5878,191
5879,13578
5880,14961
5881,7333
5881,9988
5881,11945
5882,5073
5882,5842
5882,10305
5882,10539
5883,191
5884,664
5884,1187
5884,3961
5884,3998
5885,1609
5885,8816
5885,15089
5886,191
5887,469
5887,3004
5887,14460
5888,8137
5888,8735
5889,13000
5889,13890
5890,10307
5891,10529
5892,5590
5892,7271
5893,2167
5893,3089
5893,5789
5893,8170
5893,12878
5894,892
5894,4794
5894,7639
5895,11995
5896,1354
5896,2304
5896,10252
5897,9689
5897,10601
5898,2289
5898,7630
5899,1378
5900,191
5901,6377
5901,11473
5901,13549
5902,8477
5903,1211
5903,4461
5903,12324
5904,14335
5905,2373
5905,6514
5906,191
5907,191
5908,865
5908,13370
5909,191
5910,1447
5910,1546
5910,3670
5911,3378
5911,13641
5912,3201
5912,14589
5913,359
5913,1607
5913,1933
5913,8234
5913,13799
5914,6010
5914,10664
5915,191
5916,191
5917,6816
5917,8108
5917,14854
5918,5289
5918,6915
5918,7947
5919,4785
5920,125
5920,2421
5921,191
5922,2583
5922,9764
5923,4535
5924,7750
5925,3285
5926,1809
5926,11011
5927,9841
5928,7006
5928,7184
5928,9803
5928,12685
5928,13897
5929,191
5930,12261
5931,191
5932,2120
5932,7269
5932,7693
5932,8177
5932,11117
5933,9118
5933,11415
5934,191
5935,6364
5936,502
5937,397
5938,10654
5939,2307
5940,191
5941,14820
5942,2518
5942,14567
5943,4354
5943,7205
5943,14201
5943,14708
5944,5993
5945,191
5946,191
5947,7940
5947,8031
5948,1381
5948,8004
5948,8031
5948,10843
5949,1757
5950,191
5951,191
5952,7730
5952,11198
5953,6365
5954,5083
5954,5970
5954,7738
5954,9439
5954,10990
5955,3934
5956,2219
5956,10798
5956,15066
5957,6255
5958,2332
5958,9900
5959,191
5960,191
5961,10996
5962,10897
5963,191
5964,7281
5965,191
5966,191
5967,4655
5967,6157
5967,10777
5968,469
5968,3330
5968,8877
5969,9381
5970,191
5971,9270
5971,12685
5972,14281
5973,7209
5973,12340
5973,12813
5974,4846
5974,10541
5975,615
5975,8880
5976,207
5976,10589
5976,13027
5977,1006
5977,3406
5977,4083
5977,4462
5977,7769
5977,11901
5978,3410
5978,15027
5979,191
5980,2835
5980,8823
5981,3475
5981,9906
5982,438
5982,490
5982,4808
5982,5643
5982,8903
5982,9710
5982,9806
5983,191
5984,191
5985,1404
5986,1094
5986,8238
5987,898
5987,11818
5988,191
5989,11548
5989,14990
5990,25
5990,4662
5990,6951
5990,11662
5990,12203
5991,8009
5991,9372
5991,13559
5991,14734
5992,3318
5992,8496
5993,77
5993,6951
5993,8496
5993,10184
5994,2377
5994,5826
5994,12246
5995,191
5996,191
5997,601
5997,6383
5998,11888
5999,9746
6000,1694
6001,1270
6001,13638
6002,2504
6002,3345
6003,2539
6003,3887
6003,6685
6004,8365
6005,417
6006,11214
6006,13755
6007,191
6008,16
6008,8257
6008,13219
6009,6830
6010,1983
6011,2069
6011,3953
6011,6392
6011,9441
6012,2244
6012,7407
6012,11802
6012,12551
6013,10549
6014,191
6015,4208
6016,191
6017,4481
6018,12233
6018,13023
6019,7843
6019,10259
6019,10634
6019,11183
6020,191
6021,191
6022,689
6023,9512
6024,5049
6024,12355
6025,7157
6025,14471
6026,3265
6026,14299
6027,12312
6027,13427
6028,198
6029,1010
6029,1284
6029,2731
6029,4004
6029,6715
6029,9056
6029,10326
6029,14347
6030,5568
6030,6596
6030,13177
6031,2935
6031,8831
6032,1734
6032,3318
6032,10279
6032,14372
6033,3318
6034,12878
6035,9524
6035,13263
6036,8170
6036,12246
6036,14785
6037,12246
6037,12676
6037,12878
6038,5993
6038,13979
6039,796
6039,12106
6039,12115
6039,13288
6040,191
6041,82
6041,2816
6042,12421
6043,2391
6043,12881
6044,11229
6045,1352
6046,3540
6047,12281
6048,9622
6049,3806
6050,3971
6050,9743
6050,11282
6051,4114
6051,12705
6052,8758
6052,12248
6053,735
6054,191
6055,6648
6055,7838
6056,191
6057,986
6057,1808
6058,5463
6059,7907
6059,13449
6060,77
6060,6951
6060,10184
6060,13871
6061,1871
6062,3318
6063,2239
6063,9695
6063,12878
6064,14175
6065,5491
6065,11636
6065,14879
6066,4294
6066,9821
6067,2916
6067,3294
6067,4448
6067,5398
6067,5420
6067,6978
6067,7105
6068,11963
6069,10248
6069,13319
6069,13731
6070,8302
6070,8961
6070,9142
6070,10267
6070,10384
6071,191
6072,2397
6072,8496
6072,10184
6073,1734
6073,3318
6073,3347
6073,9143
6073,10279
6073,12676
6074,1317
6074,3929
6074,9117
6075,191
6076,191
6077,191
6078,6967
6079,7193
6079,7381
6079,10202
6080,4715
6080,6569
6080,12168
6081,5557
6081,13919
6082,13645
6083,7193
6083,7381
6083,10202
6084,1490
6085,191
6086,10516
6086,14740
6087,9552
6088,495
6088,7650
6088,10302
6088,13396
6088,14173
6089,2212
6089,12689
6090,5359
6090,11740
6090,11802
6091,5952
6092,363
6093,10217
6093,14677
6094,1457
6094,8516
6094,8936
6095,2157
6096,643
6096,6388
6096,6512
6097,191
6098,191
6099,203
6099,12336
6100,1496
6101,1202
6101,2935
6101,12675
6102,3682
6103,191
6104,191
6105,562
6105,12244
6106,5971
6106,7658
6107,2966
6107,3557
6107,13972
6107,14383
6107,14965
6108,191
6109,191
6110,6636
6110,8381
6110,10276
6111,4043
6111,6409
6111,10074
6112,10414
6113,191
6114,7960
6114,10936
6114,11994
6114,11998
6115,3930
6115,8117
6116,1871
6116,10370
6116,14856
6117,196
6117,3089
6117,12878
6118,14230
6119,1871
6119,10184
6120,3318
6120,9695
6121,191
6122,191
6123,191
6124,3766
6125,191
6126,191
6127,191
6128,7609
6128,8236
6129,196
6129,12878
6130,12878
6130,13524
6131,541
6131,3318
6132,3318
6132,6378
6132,12878
6133,6674
6133,12878
6134,6378
6134,8170
6134,12676
6135,2377
6135,2448
6136,1519
6136,2268
6136,5666
6136,9363
6136,11272
6137,3457
6137,5091
6137,7977
6138,191
6139,191
6140,188
6140,7840
6140,8786
6140,10953
6141,191
6142,191
6143,105
6143,9478
6143,11088
6144,3285
6144,5097
6144,11088
6145,2037
6145,2460
6145,8766
6145,11088
6146,191
6147,5297
6147,10833
6148,11172
6149,430
6150,1108
6150,5431
6151,2196
6151,4363
6151,10446
6151,12379
6152,11893
6152,14395
6153,13357
6154,191
6155,5772
6156,6621
6156,14452
6157,14590
6158,5934
6159,7429
6160,191
6161,4115
6161,4899
6161,11644
6161,12901
6162,4615
6162,6286
6162,13831
6163,682
6164,2955
6164,13604
6164,13756
6165,9729
6165,12679
6165,13467
6166,391
6167,11678
6168,11296
6169,191
6170,7564
6171,8282
6171,9691
6172,191
6173,2024
6173,8635
6173,14106
6174,1619
6174,2324
6175,191
6176,191
6177,1169
6178,4609
6178,4855
6179,191
6180,568
6180,2974
6181,691
6181,11882
6182,6820
6182,11391
6182,12089
6182,12341
6183,191
6184,10707
6185,9410
6185,9420
6186,14627
6187,6026
6188,7880
6188,10891
6189,3977
6189,7797
6189,12920
6190,4259
6190,7784
6190,13136
6191,4380
6191,5662
6191,13163
6192,2479
6192,6862
6192,14769
6193,191
6194,7692
6195,519
6195,8677
6196,720
6196,2150
6196,3840
6196,4913
6197,5536
6197,12775
6198,8092
6198,9280
6198,11747
6198,12886
6199,191
6200,3138
6201,1819
6201,11530
6202,3891
6203,2790
6204,987
6205,191
6206,12191
6207,14834
6208,2097
6208,3326
6208,12433
6209,191
6210,2362
6210,4511
6210,8881
6210,11862
6211,3618
6211,13206
6211,15084
6212,8604
6212,9266
6213,3475
6213,9906
6214,4388
6215,5775
6216,191
6217,191
6218,3087
6218,3122
6218,8777
6218,8912
6218,11399
6218,11999
6219,3400
6220,309
6220,581
6220,12739
6221,191
6222,256
6222,5394
6222,6846
6222,7112
6222,12452
6223,5393
6224,7090
6224,8744
6225,4701
6226,11394
6227,191
6228,4417
6228,8532
6229,4876
6229,7602
6229,14235
6230,6020
6231,1035
6231,6471
6231,6533
6232,2125
6232,2165
6232,2942
6232,7425
6232,7828
6232,9886
6232,10432
6232,11505
6232,14344
6232,14549
6233,1242
6233,3886
6233,5114
6233,5631
6233,8808
6233,10084
6233,13933
6233,14300
6234,1242
6234,5114
6234,10989
6234,14833
6235,8298
6236,191
6237,5452
6237,7106
6237,9819
6237,11237
6238,5120
6238,11890
6239,191
6240,6830
6241,8863
6242,5310
6242,10518
6242,14875
6243,5932
6243,14983
6244,191
6245,191
6246,10792
6247,3449
6248,9028
6249,2499
6249,9293
6250,1356
6250,5640
6251,1088
6252,13047
6253,14115
6254,3334
6254,3614
6254,12290
6255,5058
6255,7912
6256,4439
6256,5652
6256,7189
6257,12495
6258,61
6258,432
6258,14610
6259,7815
6259,8515
6259,12904
6260,4439
6260,4610
6260,5652
6260,14258
6261,191
6262,191
6263,191
6264,3793
6264,7493
6265,1273
6265,4112
6265,6609
6265,14807
6266,12868
6267,3650
6268,389
6269,191
6270,1076
6270,6480
6270,13535
6271,191
6272,13656
6273,1076
6273,6480
6273,10791
6273,10863
6273,13535
6274,1076
6274,13535
6275,9597
6276,2578
6276,4439
6276,5652
6276,10100
6276,12897
6276,14258
6277,921
6277,5676
6277,9065
6278,9597
6279,4742
6280,3721
6280,11111
6280,12719
6281,2055
6282,6501
6283,407
6283,8094
6283,8900
6284,191
6285,5655
6285,10088
6286,1200
6286,1702
6286,2639
6287,11184
6288,6687
6289,5868
6289,8921
6290,7169
6291,10504
6292,3685
6292,10230
6293,10218
6294,2778
6294,12214
6295,4655
6295,7932
6295,8782
6296,4655
6296,6898
6296,7932
6297,2778
6297,4599
6297,8782
6297,12214
6298,191
6299,698
6299,8262
6300,10712
6300,14634
6301,191
6302,12597
6303,140
6303,7064
6304,11164
6304,13269
6305,7702
6305,8082
6305,12784
6306,191
6307,191
6308,2392
6308,4773
6309,1992
6309,7845
6310,8792
6310,8977
6311,12211
6312,3979
6312,15035
6313,762
6314,4357
6314,6043
6314,7411
6314,11022
6315,5085
6316,191
6317,3275
6317,6514
6317,9369
6318,1904
6319,1240
6319,13181
6320,3991
6320,5955
6321,6912
6321,13707
6322,2977
6322,6353
6322,9380
6323,3949
6323,7709
6323,11837
6324,3183
6324,5874
6325,4990
6325,9033
6326,8071
6326,8549
6327,827
6328,9570
6329,4561
6329,7325
6330,1233
6330,9637
6330,13355
6331,2187
6331,3601
6331,9647
6332,12317
6333,893
6333,3812
6334,7629
6335,191
6336,5183
6336,10481
6336,11735
6337,2333
6337,4135
6337,8671
6337,10574
6337,11123
6337,14114
6338,191
6339,191
6340,3783
6340,12924
6341,191
6342,7358
6342,9749
6342,14332
6343,315
6344,14386
6345,6246
6346,4122
6347,19
6347,5283
6347,7558
6348,2292
6348,3869
6348,6212
6349,8367
6350,14440
6351,191
6352,690
6352,1517
6352,5434
6352,5529
6353,439
6353,10646
6354,191
6355,439
6355,10646
6355,10892
6356,9073
6357,191
6358,1545
6358,13635
6359,2370
6360,191
6361,3123
6361,3475
6361,9906
6361,12358
6362,1384
6362,3231
6362,12940
6363,9421
6364,12077
6365,11514
6366,7951
6366,11830
6367,191
6368,191
6369,13833
6370,11834
6371,191
6372,191
6373,8264
6374,685
6375,10063
6376,11523
6376,14711
6377,2275
6377,14332
6377,14610
6378,3965
6378,9597
6379,10464
6380,8393
6381,3509
6381,7337
6381,9975
6382,6902
6382,11947
6383,5704
6384,4227
6385,4720
6385,10658
6386,10246
6387,12613
6387,13166
6388,8596
6389,13683
6390,12974
6391,191
6392,2506
6392,7095
6392,9313
6392,9543
6392,10256
6393,191
6394,969
6394,8687
6395,910
6395,10839
6396,650
6396,6095
6396,9844
6396,11439
6397,1077
6397,1761
6397,3764
6398,12512
6399,4037
6399,6196
6399,7317
6399,11315
6399,12295
6400,2453
6400,8732
6401,13977
6402,2336
6402,3501
6402,9873
6403,2003
6403,4198
6404,191
6405,14982
6406,191
6407,10050
6407,11876
6407,13050
6408,4811
6409,1365
6410,2964
6410,6850
6411,1574
6411,3605
6411,10468
6412,1858
6412,12557
6413,1129
6414,4336
6414,7594
6414,9088
6415,4029
6415,5170
6415,13962
6416,191
6417,11566
6418,1411
6418,5091
6418,14158
6419,1830
6420,10207
6421,191
6422,2759
6423,2249
6423,3153
6423,4550
6424,3276
6424,4674
6425,191
6426,5010
6426,14340
6427,191
6428,191
6429,4065
6429,11026
6430,191
6431,821
6432,191
6433,7016
6433,9080
6434,10180
6435,14794
6436,191
6437,13598
6438,191
6439,13021
6440,8382
6441,6590
6442,11140
6442,14661
6443,887
6444,9539
6444,11054
6445,265
6446,3754
6446,13107
6447,191
6448,7190
6449,1335
6449,7190
6449,13381
6450,191
6451,9278
6451,11052
6451,14698
6452,10312
6453,9961
6453,10229
6453,14739
6454,191
6455,191
6456,7699
6457,191
6458,7886
6459,8929
6460,191
6461,128
6461,4305
6461,6471
6461,6533
6461,10519
6462,3965
6462,9597
6463,4324
6463,5652
6463,12596
6464,7651
6465,4287
6466,1483
6466,10129
6466,13526
6467,12163
6468,1483
6468,11889
6469,4751
6470,12163
6471,1483
6471,6454
6472,1605
6472,2561
6472,5544
6473,3755
6473,5152
6473,14143
6474,3954
6474,9235
6474,13112
6475,9597
6475,10999
6476,1344
6476,6539
6476,8754
6477,2618
6477,11723
6478,2195
6478,13629
6479,8699
6479,9597
6480,5676
6480,9065
6481,3335
6481,3358
6481,4305
6482,3335
6482,4324
6483,747
6483,11815
6484,328
6484,5676
6484,9065
6484,10749
6485,1964
6485,3187
6485,3335
6485,4305
6486,3335
6486,8253
6486,13076
6487,3335
6487,8253
6487,13076
6488,4387
6488,4737
6488,8121
6488,8475
6488,14877
6489,612
6489,8320
6489,13812
6490,12034
6491,372
6491,4749
6491,5078
6492,1384
6492,2064
6493,324
6494,191
6495,4228
6495,6166
6496,191
6497,6917
6497,14240
6498,3620
6498,9731
6499,191
6500,9493
6501,191
6502,191
6503,6084
6504,3862
6504,5255
6505,4923
6506,191
6507,13587
6507,14083
6508,5791
6509,7527
6510,191
6511,1215
6512,191
6513,191
6514,9390
6515,5451
6516,191
6517,191
6518,191
6519,191
6520,191
6521,191
6522,191
6523,191
6524,191
6525,191
6526,191
6527,3835
6527,14191
6528,1857
6528,12364
6528,12799
6529,10461
6530,4814
6530,12030
6530,12165
6531,2346
6531,6308
6531,8719
6531,12544
6531,14044
6531,15025
6532,1949
6532,12078
6533,9602
6533,10329
6534,191
6535,8136
6536,10797
6537,7951
6537,11830
6538,344
6538,2009
6538,2892
6538,9004
6538,10718
6538,14713
6539,14220
6540,1912
6540,6988
6541,191
6542,2603
6542,14137
6543,14137
6544,1032
6544,14137
6545,191
6546,2603
6546,14137
6547,14137
6548,14137
6549,2469
6549,11316
6549,14137
6550,1032
6550,14137
6551,14137
6552,1032
6552,14137
6553,2603
6553,14137
6554,2603
6554,14137
6555,2469
6555,14137
6556,2469
6556,14137
6557,435
6558,14137
6559,2603
6559,14137
6560,14137
6561,14137
6562,6776
6562,14137
6563,14137
6564,14137
6565,14137
6566,8501
6566,14137
6567,191
6568,14137
6569,14137
6570,14137
6571,14137
6572,14137
6573,14137
6574,1032
6574,14137
6575,2962
6575,3447
6575,6262
6576,8650
6577,191
6578,5445
6578,9178
6578,9707
6578,10959
6578,11567
6578,14117
6579,517
6579,6293
6579,11610
6579,11717
6580,191
6581,191
6582,191
6583,12176
6584,2869
6584,5591
6584,10552
6585,848
6585,2434
6586,8242
6587,191
6588,2321
6588,12629
6589,1047
6589,2413
6590,9304
6590,10676
6591,6744
6592,8514
6592,12236
6593,14987
6594,12914
6595,8047
6595,10270
6596,3821
6596,5897
6596,11098
6596,12271
6596,13393
6597,13542
6598,3910
6598,6559
6598,10272
6598,14465
6599,1236
6600,191
6601,9595
6601,12737
6602,191
6603,12350
6604,283
6604,3139
6604,12955
6605,191
6606,1511
6607,6603
6607,10113
6607,14239
6608,15033
6609,1739
6609,5453
6609,8317
6609,14673
6610,191
6611,14318
6612,2340
6613,191
6614,191
6615,191
6616,5453
6616,9371
6617,7538
6617,7912
6617,8503
6617,9869
6617,10080
6618,191
6619,8474
6620,7219
6620,8774
6621,1840
6621,2406
6622,191
6623,4623
6624,5590
6624,13142
6625,434
6625,1820
6626,3475
6626,9906
6627,3804
6627,4291
6628,4234
6628,12568
6628,12667
6629,3229
6629,6630
6630,191
6631,191
6632,191
6633,8686
6633,9826
6634,4607
6634,10861
6634,11119
6635,505
6635,4788
6635,10763
6636,2597
6637,4762
6637,5550
6638,2182
6638,2244
6638,11916
6638,14350
6639,5695
6640,419
6641,6554
6642,4164
6642,4806
6642,9542
6643,3357
6643,5928
6643,8316
6644,12847
6645,1855
6645,4704
6646,5602
6647,4433
6648,1755
6649,5602
6649,8324
6650,191
6651,1767
6651,11762
6651,14896
6652,45
6652,3034
6652,13289
6653,191
6654,4433
6655,7904
6655,11381
6656,1425
6656,14746
6657,2490
6657,5822
6658,565
6658,2723
6658,8569
6659,825
6659,2237
6659,5033
6659,11150
6659,11972
6660,770
6660,10968
6661,2474
6661,2994
6662,129
6662,4900
6663,12899
6664,1657
6665,671
6665,9758
6666,349
6666,1795
6666,7124
6666,12255
6667,2297
6667,4184
6668,13281
6668,13586
6669,12486
6670,928
6670,3785
6671,4883
6671,6116
6671,9077
6671,9216
6672,7358
6673,9561
6673,10533
6674,4919
6674,8545
6674,11324
6675,7157
6675,14471
6676,191
6677,13017
6678,13708
6678,13900
6679,10175
6679,11863
6680,429
6681,8447
6681,13050
6682,4286
6682,9124
6683,8164
6683,10538
6684,11349
6684,12435
6684,13588
6685,206
6685,1419
6686,7977
6686,13124
6687,13588
6688,4953
6689,743
6689,1076
6689,6480
6689,7828
6690,803
6691,407
6691,8094
6692,743
6692,1076
6692,2501
6693,647
6693,1237
6693,6552
6694,3884
6694,3916
6695,902
6695,2276
6695,3863
6695,12032
6695,12463
6696,191
6697,191
6698,2927
6699,7272
6699,11574
6699,14052
6700,10443
6700,10764
6700,11224
6701,5537
6701,6072
6701,11083
6702,984
6702,13741
6703,6175
6703,6774
6704,888
6704,8361
6704,9177
6704,9992
6704,13520
6705,8398
6706,191
6707,191
6708,10550
6709,226
6709,5611
6710,191
6711,5804
6711,12646
6712,645
6712,6151
6713,6037
6713,10918
6714,191
6715,1085
6715,14689
6716,1822
6716,2480
6717,1480
6717,6307
6717,10382
6718,2894
6718,12542
6719,191
6720,191
6721,5559
6721,6368
6722,1694
6723,405
6723,1784
6723,7840
6723,13077
6723,14205
6724,191
6725,191
6726,1917
6726,11182
6727,12573
6727,13003
6728,12487
6729,3494
6730,1821
6730,11641
6731,1748
6731,4387
6731,6172
6732,191
6733,230
6733,5625
6734,191
6735,191
6736,191
6737,3494
6737,4508
6737,6004
6738,13162
6739,191
6740,6310
6741,191
6742,439
6742,10646
6742,10892
6743,8410
6744,7280
6744,9779
6745,2528
6745,6804
6746,11299
6746,12170
6747,191
6748,191
6749,191
6750,13445
6750,13618
6751,1912
6751,6988
6752,191
6753,6528
6753,6683
6753,8784
6753,9357
6753,12560
6753,13544
6754,4995
6754,13648
6754,14309
6755,1994
6755,7777
6755,13552
6756,408
6756,1295
6756,5572
6756,11766
6757,2029
6757,2718
6757,10724
6758,14542
6759,6834
6760,191
6761,191
6762,191
6763,191
6764,191
6765,1180
6765,1605
6765,10460
6766,191
6767,12574
6767,13999
6768,9452
6769,768
6769,2642
6770,4324
6770,5453
6770,12749
6771,4370
6771,8680
6772,13066
6773,7901
6773,8297
6773,10595
6774,624
6774,5021
6774,10195
6775,3284
6775,4500
6776,9338
6777,5422
6777,11459
6778,14131
6779,11534
6779,14937
6780,191
6781,11673
6782,191
6783,2252
6784,9337
6785,2735
6785,9085
6786,14423
6787,191
6788,10878
6789,4983
6789,7660
6789,9822
6789,11753
6790,1910
6790,14992
6791,534
6792,7260
6793,8670
6794,1296
6794,3776
6794,9999
6795,2221
6795,5943
6796,2400
6796,5622
6796,10981
6796,11548
6796,13032
6796,13189
6796,14167
6797,4130
6798,191
6799,191
6800,433
6800,4485
6800,6935
6800,8369
6800,11116
6801,191
6802,3958
6803,191
6804,12956
6804,13941
6804,14899
6805,191
6806,8711
6806,10046
6807,5453
6807,12596
6807,14673
6808,647
6808,1237
6808,6552
6808,12262
6809,13277
6810,921
6810,2168
6810,2881
6810,9235
6811,5678
6811,6263
6811,9724
6811,9791
6811,10645
6812,3875
6812,12292
6813,191
6814,1452
6814,3097
6814,8319
6814,9005
6814,13703
6815,13893
6816,492
6816,3069
6816,5296
6816,6236
6816,7038
6816,7276
6816,9081
6816,9353
6816,11068
6816,12009
6816,12848
6816,14835
6817,1875
6817,14336
6818,13962
6819,7736
6820,7711
6820,7748
6820,11356
6820,12430
6821,6944
6821,12067
6822,191
6823,1089
6824,4195
6824,6561
6825,4683
6825,14074
6826,8768
6827,191
6828,14204
6829,3475
6829,9906
6830,4491
6830,12373
6831,1273
6832,191
6833,321
6833,675
6834,321
6834,675
6834,8574
6835,191
6836,1875
6836,14336
6837,4583
6837,7323
6838,191
6839,191
6840,191
6841,4372
6842,191
6843,7505
6844,6565
6844,7204
6845,4201
6846,4853
6847,5773
6847,12857
6847,14854
6848,12758
6848,13465
6848,13876
6849,39
6849,11684
6850,191
6851,3881
6852,685
6853,935
6853,6338
6854,3381
6855,9210
6856,479
6857,3150
6857,8195
6858,2754
6858,9871
6859,12032
6859,12463
6860,6255
6860,8653
6861,4417
6861,11797
6862,1545
6862,3164
6862,12180
6863,14526
6864,661
6864,1054
6864,4580
6864,6970
6864,7893
6865,4525
6865,9687
6866,6060
6866,7975
6867,4525
6867,9687
6868,1251
6868,2430
6868,6278
6868,9632
6868,10020
6868,10051
6868,10912
6869,2105
6869,12331
6869,13643
6870,12265
6871,8585
6871,12428
6872,2450
6872,6072
6872,6211
6873,4525
6873,9687
6874,3677
6874,6389
6875,7423
6875,10700
6876,9629
6877,4525
6877,9687
6878,10153
6878,11511
6879,5765
6879,8152
6879,12673
6879,14177
6880,2789
6880,10411
6881,2766
6881,4789
6881,6655
6881,10470
6881,10774
6882,152
6882,9347
6883,3079
6883,9553
6883,10811
6883,12598
6884,3324
6884,14524
6885,2774
6886,7505
6887,11869
6888,4590
6888,5109
6888,6793
6889,1210
6889,3652
6890,5363
6890,10643
6890,14616
6891,6072
6891,6592
6891,7226
6891,9400
6891,12695
6892,698
6892,2192
6892,5364
6892,5688
6892,5972
6892,6608
6893,10700
6894,10758
6895,13035
6896,2106
6896,7959
6896,12275
6896,13373
6897,775
6897,1804
6897,5194
6897,7207
6897,8828
6897,12229
6898,5318
6899,191
6900,191
6901,12661
6902,191
6903,191
6904,191
6905,1194
6905,1372
6906,191
6907,465
6908,46
6908,85
6908,6520
6909,4959
6910,6152
6910,7550
6911,8831
6911,8945
6912,472
6912,7398
6913,4993
6914,8796
6915,654
6915,10048
6916,12330
6917,191
6918,3137
6919,191
6920,8152
6920,12673
6921,5612
6921,13868
6922,3349
6922,13691
6922,13889
6923,8152
6923,12673
6924,13409
6924,13614
6925,3165
6925,11041
6926,191
6927,3734
6927,5816
6928,4762
6929,8391
6930,2809
6931,1289
6931,4339
6931,5675
6931,6160
6931,10350
6931,11715
6932,18
6932,1041
6932,2972
6932,3060
6932,5299
6932,5580
6932,8281
6932,9105
6932,9931
6932,11563
6932,12531
6932,14194
6933,4093
6934,558
6934,12765
6935,191
6936,11491
6937,191
6938,10527
6939,191
6940,191
6941,191
6942,12073
6943,1882
6943,4073
6943,12637
6943,14581
6943,14847
6944,1977
6945,191
6946,12507
6947,191
6948,2425
6948,6906
6948,9209
6948,10456
6949,13066
6950,4173
6950,4328
6951,156
6951,4687
6951,5835
6951,6506
6951,13548
6952,191
6953,9428
6954,908
6954,2584
6954,6001
6955,191
6956,191
6957,191
6958,13370
6959,3222
6960,191
6961,2652
6962,15002
6963,5504
6964,783
6964,3229
6965,5839
6965,11477
6966,14747
6967,191
6968,191
6969,191
6970,191
6971,191
6972,191
6973,1771
6973,9773
6974,355
6974,5713
6974,9052
6975,191
6976,6366
6976,6509
6976,8666
6977,1558
6977,3879
6977,9479
6977,9589
6978,7156
6978,11275
6979,191
6980,4157
6981,2778
6982,5535
6983,191
6984,191
6985,8883
6985,15017
6986,3289
6986,11450
6987,3513
6988,5827
6988,6716
6988,11508
6989,191
6990,12309
6991,191
6992,4463
6992,7020
6993,8248
6993,9464
6994,6763
6994,12734
6995,2137
6995,7780
6996,5911
6997,5012
6997,9679
6997,12677
6998,14168
6999,191
7000,1615
7000,12481
7001,12353
7001,13345
7002,7370
7002,7546
7003,191
7004,191
7005,2758
7005,9521
7005,13692
7006,5645
7007,6451
7008,769
7008,8974
7009,377
7009,9839
7010,191
7011,191
7012,631
7012,8911
7012,9354
7013,6389
7013,7918
7014,191
7015,11591
7015,15090
7016,1409
7017,9986
7017,10530
7018,12145
7019,3973
7019,7688
7019,10416
7020,13961
7021,191
7022,191
7023,7934
7024,745
7024,7829
7024,11836
7025,3062
7025,9277
7025,13064
7026,5189
7026,5734
7026,14414
7027,6967
7027,10117
7028,191
7029,191
7030,561
7030,1664
7031,191
7032,3724
7033,191
7034,191
7035,6148
7035,8792
7036,1975
7036,6514
7036,9683
7037,3376
7038,929
7038,1676
7038,1878
7038,3510
7038,5043
7038,6653
7038,8821
7038,9904
7038,10989
7038,14833
7039,7030
7040,10792
7041,3044
7041,9009
7041,9053
7041,10116
7042,9932
7042,14429
7043,8827
7043,13511
7044,143
7044,2605
7044,4434
7044,5335
7044,12876
7045,594
7045,12182
7046,3226
7046,9241
7047,185
7048,13376
7049,3275
7050,6232
7050,12224
7051,191
7052,8523
7053,22
7053,2405
7053,5593
7054,504
7055,3709
7055,9699
7056,594
7056,5543
7056,6514
7056,8785
7056,10294
7057,6369
7058,11017
7058,14722
7059,12436
7060,781
7060,902
7060,3863
7060,5687
7061,9544
7061,11846
7061,14735
7061,14995
7062,3231
7062,5083
7062,14157
7062,14412
7062,14987
7063,6673
7064,203
7064,10489
7064,11318
7065,7672
7066,9861
7066,13171
7067,2798
7068,13042
7069,9943
7070,385
7071,11983
7071,13926
7072,10053
7072,13632
7073,5234
7073,14547
7074,5864
7074,6820
7074,12470
7075,5763
7075,8093
7076,10368
7077,11167
7078,2300
7078,7405
7078,7672
7078,12470
7079,7143
7080,199
7080,2988
7081,7725
7081,13644
7082,3404
7082,3581
7083,7031
7084,591
7084,3751
7084,4988
7085,3295
7086,1468
7087,929
7087,1676
7087,2390
7087,3506
7087,5083
7087,7738
7087,9833
7087,12768
7088,8202
7089,3323
7089,9459
7089,9933
7089,13651
7090,2260
7091,1652
7092,2909
7092,7900
7093,12085
7094,7246
7094,10439
7094,12090
7095,3642
7095,11695
7095,13850
7096,191
7097,4759
7098,505
7098,4788
7098,6118
7099,3560
7099,9291
7100,877
7101,9879
7102,7030
7103,3224
7103,5443
7104,4573
7104,12436
7105,6280
7105,12296
7105,13651
7106,1743
7106,11199
7107,7030
7108,652
7108,2341
7109,1477
7110,3664
7110,12454
7111,7030
7112,191
7113,1834
7114,233
7114,6979
7115,137
7115,186
7115,1207
7115,2689
7115,7220
7115,7766
7115,7854
7115,11153
7116,14735
7117,1042
7118,10368
7118,10783
7119,9490
7120,589
7120,3476
7120,10752
7121,7584
7121,12740
7122,2096
7122,12384
7123,191
7124,191
7125,191
7126,191
7127,647
7127,6870
7127,9293
7127,12543
7128,8033
7128,12192
7128,14731
7129,3436
7129,13578
7130,229
7130,6150
7131,4352
7131,5733
7131,7336
7132,4864
7132,9395
7133,5094
7134,6481
7134,7577
7135,11801
7136,5005
7136,7324
7136,13220
7136,13686
7137,9628
7138,2652
7139,4189
7139,12708
7140,191
7141,8033
7141,14207
7142,229
7142,6150
7143,1645
7143,2106
7143,2855
7143,3576
7143,10110
7144,881
7144,5144
7144,5525
7144,10516
7144,14244
7145,6686
7145,10896
7145,14307
7146,152
7146,2190
7146,7423
7146,13128
7147,1823
7148,1910
7148,10961
7149,985
7149,4864
7149,5363
7149,12695
7149,14934
7150,13866
7151,5236
7151,7745
7151,8160
7151,9032
7151,9609
7151,10036
7151,12678
7151,14650
7152,4763
7153,12509
7154,9534
7155,1310
7156,5363
7156,6703
7156,12738
7156,14616
7157,1545
7157,7202
7157,13774
7157,14045
7158,1637
7158,2741
7158,4901
7158,6335
7159,771
7159,3290
7159,4604
7160,2702
7160,8033
7160,12588
7161,2046
7161,10823
7162,5674
7162,7873
7162,9094
7163,3327
7164,3327
7165,5597
7165,12017
7166,9164
7166,10816
7166,12921
7166,14638
7167,3459
7167,10686
7167,12745
7168,4918
7168,7187
7168,13092
7169,5071
7169,14490
7170,191
7171,2776
7172,191
7173,191
7174,11160
7175,2227
7176,3117
7176,12766
7177,191
7178,3716
7179,191
7180,191
7181,191
7182,7825
7182,12025
7183,191
7184,439
7184,10646
7184,10892
7185,1828
7185,8061
7186,3309
7186,13072
7186,13140
7186,14860
7187,10120
7187,11391
7188,2222
7188,8266
7188,10363
7188,12407
7189,4849
7189,14486
7190,4361
7190,7723
7190,7757
7190,12794
7191,5077
7191,7306
7191,9607
7191,13015
7192,3903
7192,6357
7192,7938
7193,191
7194,2924
7194,9295
7194,13444
7195,2414
7195,8464
7196,5266
7196,5685
7197,14510
7198,191
7199,289
7199,1986
7199,12849
7200,2265
7201,3257
7201,4619
7201,13463
7202,5471
7202,10560
7202,12818
7203,1865
7204,354
7204,4749
7204,10934
7204,12721
7204,13455
7204,14183
7204,15083
7205,4111
7205,4389
7205,6618
7206,5901
7207,6039
7208,4937
7209,122
7210,13059
7211,1373
7212,3091
7212,4546
7212,9713
7213,6205
7213,12513
7214,191
7215,6994
7216,191
7217,191
7218,191
7219,2353
7220,191
7221,1701
7221,11724
7222,571
7222,10313
7222,10354
7222,13521
7223,191
7224,6691
7225,191
7226,8746
7227,14543
7228,14431
7228,14756
7229,8056
7229,13650
7230,3683
7230,3924
7231,191
7232,10285
7233,944
7233,7668
7234,191
7235,3842
7235,4988
7235,12784
7236,191
7237,191
7238,7004
7239,191
7240,9489
7240,14302
7241,4205
7241,6694
7242,191
7243,5689
7243,8938
7243,9127
7243,9976
7243,11539
7243,12091
7244,2516
7245,5047
7246,191
7247,2681
7247,4046
7247,12869
7248,378
7249,2161
7249,5161
7249,10410
7249,13646
7250,6926
7251,191
7252,191
7253,5984
7253,11218
7254,7661
7254,8779
7254,9403
7254,11746
7255,5871
7255,11088
7256,7134
7256,7941
7256,13902
7257,14453
7258,8766
7258,10045
7258,15072
7259,1056
7259,4147
7259,10936
7259,11994
7259,11998
7260,358
7260,2037
7260,5861
7260,5871
7260,8766
7260,8915
7260,10045
7260,11088
7260,12112
7260,12841
7261,260
7261,4522
7262,11172
7262,12540
7262,13782
7263,5861
7263,12540
7263,13566
7264,13365
7265,2184
7265,5241
7266,1619
7266,2779
7267,191
7268,9566
7269,1845
7269,5877
7269,9182
7270,12266
7271,11499
7272,4741
7273,3975
7273,7824
7274,47
7274,9785
7275,14860
7276,191
7277,9160
7278,7344
7278,9160
7279,7090
7279,8744
7280,191
7281,10151
7281,10631
7282,7002
7282,7200
7282,12552
7283,177
7283,11319
7284,3478
7284,11838
7285,8396
7286,5618
7286,8904
7287,8766
7287,10045
7287,15072
7288,12797
7289,11685
7289,12783
7289,13647
7290,3691
7290,11996
7290,12551
7291,5741
7291,9651
7292,6817
7293,191
7294,5405
7294,5871
7294,11088
7295,1133
7295,7833
7296,3478
7296,11838
7297,6984
7298,191
7299,1959
7299,11494
7300,5318
7300,9164
7301,7381
7302,2304
7302,6145
7302,10480
7302,10891
7303,191
7304,191
7305,701
7305,3798
7306,7370
7307,13357
7308,855
7308,10652
7309,191
7310,191
7311,191
7312,1963
7312,2911
7312,2972
7312,3693
7312,6062
7312,9548
7312,10520
7312,10989
7312,12900
7312,14194
7313,2523
7313,9167
7314,1191
7314,6355
7314,8210
7315,11968
7316,3640
7316,9114
7316,9370
7317,191
7318,656
7318,3084
7318,7145
7318,8161
7318,12546
7319,11541
7320,3824
7320,8579
7320,14801
7321,2111
7321,10350
7321,13321
7322,4913
7322,11353
7323,890
7323,3977
7323,14089
7324,8448
7324,9623
7324,9726
7325,12718
7325,13900
7326,11067
7326,12806
7327,2810
7327,8199
7327,10699
7328,7829
7329,5208
7329,13349
7330,5337
7330,8221
7331,6558
7331,11913
7332,191
7333,13051
7334,10994
7334,14824
7335,9491
7335,11486
7335,13981
7336,3870
7336,4049
7336,5048
7337,9800
7338,4942
7338,8866
7339,2036
7339,5205
7340,13785
7341,9597
7342,13022
7343,4121
7344,9597
7345,5363
7345,11166
7345,14616
7346,9597
7347,6480
7348,6480
7349,656
7350,6480
7351,3027
7352,9235
7353,149
7353,747
7354,7463
7354,9694
7355,13619
7356,8632
7357,4349
7357,7864
7358,9047
7358,9787
7359,5894
7359,11785
7360,5020
7361,4712
7361,5534
7361,12031
7361,12772
7361,12921
7362,191
7363,686
7363,7024
7364,2661
7364,11022
7364,12225
7365,62
7365,1877
7365,7089
7365,11424
7365,14625
7366,6830
7366,11950
7367,6453
7368,11587
7369,13923
7370,191
7371,191
7372,191
7373,4175
7373,7329
7374,191
7375,2625
7376,13693
7376,14238
7377,9486
7377,11294
7377,11946
7378,191
7379,191
7380,191
7381,191
7382,191
7383,191
7384,191
7385,191
7386,191
7387,191
7388,191
7389,191
7390,191
7391,191
7392,191
7393,191
7394,191
7395,191
7396,191
7397,191
7398,191
7399,78
7400,191
7401,3949
7401,7709
7401,7857
7402,191
7403,191
7404,191
7405,191
7406,191
7407,191
7408,191
7409,191
7410,191
7411,191
7412,1536
7412,3333
7412,4897
7412,7416
7412,7789
7412,9876
7413,191
7414,191
7415,191
7416,191
7417,8044
7418,191
7419,191
7420,9297
7421,191
7422,742
7423,191
7424,191
7425,191
7426,14378
7427,191
7428,191
7429,191
7430,1563
7431,191
7432,191
7433,191
7434,191
7435,191
7436,191
7437,6044
7438,191
7439,4078
7440,191
7441,191
7442,191
7443,13244
7444,191
7445,191
7446,191
7447,6007
7448,191
7449,191
7450,191
7451,191
7452,191
7453,191
7454,191
7455,191
7456,191
7457,191
7458,191
7459,3697
7460,191
7461,191
7462,191
7463,4078
7464,191
7465,191
7466,2602
7466,5716
7467,191
7468,191
7469,191
7470,191
7471,191
7472,191
7473,12872
7474,2683
7474,5311
7474,12529
7474,12599
7475,191
7476,191
7477,191
7478,191
7479,191
7480,191
7481,8917
7482,191
7483,191
7484,191
7485,191
7486,191
7487,191
7488,191
7489,191
7490,191
7491,191
7492,191
7493,191
7494,191
7495,191
7496,191
7497,191
7498,191
7499,191
7500,191
7501,191
7502,191
7503,191
7504,191
7505,191
7506,191
7507,191
7508,191
7509,191
7510,191
7511,191
7512,191
7513,14288
7514,191
7515,191
7516,191
7517,191
7518,191
7519,191
7520,191
7521,191
7522,191
7523,191
7524,191
7525,191
7526,191
7527,191
7528,191
7529,2814
7529,8051
7530,191
7531,191
7532,191
7533,191
7534,191
7535,191
7536,191
7537,191
7538,191
7539,191
7540,191
7541,191
7542,191
7543,191
7544,191
7545,191
7546,191
7547,191
7548,191
7549,191
7550,191
7551,191
7552,191
7553,191
7554,191
7555,191
7556,191
7557,191
7558,191
7559,191
7560,191
7561,191
7562,191
7563,191
7564,191
7565,191
7566,191
7567,191
7568,2447
7568,4029
7568,5170
7568,6711
7569,191
7570,191
7571,191
7572,191
7573,191
7574,191
7575,191
7576,1397
7576,2656
7577,191
7578,191
7579,191
7580,191
7581,191
7582,191
7583,191
7584,191
7585,191
7586,191
7587,191
7588,191
7589,191
7590,191
7591,191
7592,191
7593,191
7594,1435
7594,5721
7594,6525
7594,9770
7595,191
7596,191
7597,191
7598,191
7599,191
7600,191
7601,191
7602,191
7603,191
7604,191
7605,14268
7605,14296
7606,191
7607,191
7608,191
7609,191
7610,191
7611,191
7612,191
7613,191
7614,191
7615,191
7616,191
7617,191
7618,191
7619,191
7620,191
7621,191
7622,417
7623,191
7624,191
7625,191
7626,191
7627,191
7628,191
7629,191
7630,191
7631,191
7632,191
7633,191
7634,191
7635,191
7636,191
7637,191
7638,191
7639,191
7640,191
7641,11643
7641,12408
7642,191
7643,191
7644,191
7645,191
7646,191
7647,191
7648,191
7649,191
7650,191
7651,191
7652,191
7653,191
7654,12431
7655,191
7656,191
7657,191
7658,191
7659,191
7660,191
7661,191
7662,191
7663,191
7664,191
7665,191
7666,191
7667,191
7668,191
7669,191
7670,191
7671,191
7672,191
7673,191
7674,191
7675,191
7676,896
7676,2590
7677,7401
7678,191
7679,191
7680,191
7681,191
7682,1644
7682,13488
7683,191
7684,191
7685,191
7686,191
7687,191
7688,191
7689,191
7690,191
7691,905
7691,3067
7691,14093
7692,9202
7693,3829
7693,5605
7693,6422
7693,9567
7694,191
7695,191
7696,191
7697,191
7698,191
7699,191
7700,191
7701,191
7702,191
7703,191
7704,191
7705,191
7706,191
7707,191
7708,191
7709,191
7710,191
7711,191
7712,191
7713,267
7713,330
7713,4541
7713,7537
7713,11190
7713,14053
7714,870
7714,11719
7715,191
7716,191
7717,191
7718,191
7719,191
7720,191
7721,191
7722,191
7723,191
7724,191
7725,191
7726,191
7727,191
7728,191
7729,191
7730,191
7731,4684
7731,12394
7732,191
7733,191
7734,191
7735,191
7736,191
7737,191
7738,191
7739,191
7740,191
7741,191
7742,191
7743,191
7744,1570
7744,2958
7745,191
7746,191
7747,191
7748,191
7749,191
7750,191
7751,191
7752,191
7753,5759
7754,10173
7754,14382
7755,191
7756,191
7757,191
7758,191
7759,191
7760,191
7761,191
7762,191
7763,637
7763,7631
7763,12985
7764,191
7765,191
7766,191
7767,191
7768,191
7769,191
7770,191
7771,191
7772,191
7773,10531
7774,2778
7774,6898
7774,10777
7775,191
7776,191
7777,191
7778,191
7779,191
7780,191
7781,191
7782,191
7783,191
7784,191
7785,191
7786,14415
7787,191
7788,191
7789,191
7790,191
7791,14686
7792,191
7793,12240
7793,14256
7794,191
7795,191
7796,191
7797,191
7798,13214
7799,191
7800,191
7801,191
7802,191
7803,5484
7804,7956
7804,13217
7805,191
7806,7273
7807,191
7808,191
7809,191
7810,191
7811,191
7812,191
7813,191
7814,191
7815,191
7816,191
7817,191
7818,191
7819,191
7820,191
7821,191
7822,191
7823,191
7824,191
7825,191
7826,191
7827,191
7828,191
7829,191
7830,10780
7831,191
7832,191
7833,191
7834,191
7835,191
7836,191
7837,191
7838,191
7839,191
7840,191
7841,191
7842,191
7843,3311
7843,11386
7844,191
7845,191
7846,191
7847,191
7848,191
7849,191
7850,191
7851,191
7852,191
7853,191
7854,191
7855,10378
7856,191
7857,191
7858,191
7859,5391
7859,8800
7859,12256
7860,191
7861,191
7862,191
7863,191
7864,191
7865,191
7866,191
7867,191
7868,191
7869,191
7870,191
7871,191
7872,191
7873,191
7874,191
7875,191
7876,191
7877,191
7878,191
7879,191
7880,191
7881,191
7882,191
7883,191
7884,191
7885,191
7886,191
7887,191
7888,191
7889,191
7890,191
7891,191
7892,191
7893,191
7894,191
7895,191
7896,12
7897,191
7898,191
7899,191
7900,191
7901,5387
7901,10472
7901,12952
7902,191
7903,191
7904,191
7905,1258
7905,8144
7905,11049
7905,12177
7906,191
7907,191
7908,191
7909,191
7910,191
7911,191
7912,191
7913,191
7914,191
7915,191
7916,191
7917,191
7918,191
7919,191
7920,191
7921,191
7922,191
7923,191
7924,191
7925,191
7926,191
7927,8411
7927,12735
7928,191
7929,191
7930,191
7931,191
7932,191
7933,191
7934,191
7935,5165
7936,191
7937,191
7938,191
7939,191
7940,191
7941,191
7942,191
7943,191
7944,191
7945,191
7946,191
7947,191
7948,191
7949,191
7950,191
7951,1671
7952,191
7953,191
7954,191
7955,191
7956,191
7957,191
7958,191
7959,191
7960,191
7961,191
7962,191
7963,191
7964,4029
7964,5170
7964,13962
7965,191
7966,6526
7967,12374
7967,13660
7967,14181
7968,191
7969,191
7970,191
7971,136
7972,191
7973,191
7974,191
7975,191
7976,191
7977,191
7978,191
7979,1392
7980,191
7981,191
7982,191
7983,191
7984,191
7985,191
7986,191
7987,191
7988,191
7989,191
7990,191
7991,191
7992,191
7993,191
7994,191
7995,191
7996,191
7997,191
7998,191
7999,191
8000,191
8001,191
8002,191
8003,191
8004,191
8005,5523
8006,191
8007,191
8008,11115
8008,14979
8009,191
8010,191
8011,191
8012,1292
8013,191
8014,191
8015,3545
8015,5339
8016,191
8017,5146
8018,8054
8019,191
8020,191
8021,191
8022,191
8023,191
8024,191
8025,191
8026,191
8027,440
8027,6772
8027,11736
8028,191
8029,13461
8030,857
8031,191
8032,191
8033,2352
8033,6317
8034,191
8035,191
8036,191
8037,191
8038,191
8039,191
8040,1430
8040,14009
8041,191
8042,191
8043,191
8044,5176
8044,6102
8044,11328
8045,191
8046,191
8047,191
8048,191
8049,191
8050,191
8051,191
8052,10698
8052,13224
8053,7649
8053,7760
8054,191
8055,191
8056,191
8057,11860
8058,191
8059,191
8060,11256
8060,14283
8061,191
8062,3283
8063,191
8064,191
8065,8382
8066,10584
8067,191
8068,191
8069,6026
8070,191
8071,191
8072,1627
8072,7498
8073,191
8074,191
8075,4772
8075,5858
8076,191
8077,191
8078,191
8079,191
8080,191
8081,191
8082,191
8083,191
8084,191
8085,191
8086,191
8087,191
8088,191
8089,191
8090,191
8091,191
8092,191
8093,191
8094,191
8095,191
8096,191
8097,191
8098,191
8099,12424
8100,9076
8100,10856
8100,12412
8101,3606
8102,191
8103,191
8104,3475
8104,9906
8105,3562
8105,3742
8105,4899
8105,8473
8106,191
8107,191
8108,191
8109,191
8110,191
8111,191
8112,191
8113,191
8114,191
8115,191
8116,191
8117,11822
8118,191
8119,3283
8120,191
8121,191
8122,7912
8123,1890
8123,1952
8123,14006
8124,191
8125,191
8126,191
8127,191
8128,191
8129,191
8130,191
8131,191
8132,191
8133,191
8134,191
8135,191
8136,191
8137,191
8138,5273
8139,191
8140,191
8141,191
8142,191
8143,191
8144,191
8145,4718
8145,9010
8145,12446
8146,191
8147,191
8148,191
8149,191
8150,191
8151,191
8152,3038
8152,3665
8152,8107
8152,9130
8152,9553
8153,10339
8153,12921
8154,9853
8155,1645
8155,1803
8155,9417
8156,2522
8156,3061
8157,4777
8157,9726
8157,13324
8158,1645
8158,5996
8158,14951
8159,2106
8159,12275
8159,13293
8160,3322
8161,5608
8162,6455
8163,191
8164,7089
8164,10295
8165,676
8166,9034
8166,14759
8167,191
8168,191
8169,191
8170,4968
8171,8105
8172,191
8173,3965
8173,9784
8173,10123
8174,3218
8174,9473
8175,10204
8176,191
8177,13352
8178,191
8179,4322
8180,191
8181,3593
8182,5508
8182,8599
8183,3914
8183,7447
8184,299
8184,2086
8184,6766
8185,10493
8186,2049
8186,8485
8187,9597
8188,407
8188,8094
8188,14802
8189,2195
8189,14311
8190,6480
8190,10791
8191,407
8191,6847
8192,2195
8192,14311
8193,191
8194,3638
8194,12261
8195,5324
8196,1082
8196,4244
8197,6234
8197,13953
8198,5621
8198,5677
8198,14863
8199,6027
8200,1947
8200,2475
8200,11674
8200,12148
8201,5621
8201,5677
8201,14863
8202,6945
8202,7164
8202,13135
8203,773
8203,2134
8204,3756
8204,5224
8205,191
8206,759
8206,2606
8207,338
8207,9568
8208,191
8209,5015
8209,10645
8209,10988
8209,13296
8209,15030
8210,686
8210,12756
8211,7863
8211,9987
8211,12369
8212,4184
8212,8036
8212,13424
8213,3432
8213,5475
8213,5633
8213,7125
8213,10073
8213,12644
8214,3397
8214,14094
8215,4770
8216,191
8217,219
8217,6874
8217,10771
8218,219
8219,191
8220,12261
8221,191
8222,8358
8222,12200
8222,13968
8223,2974
8223,4522
8223,10975
8223,12661
8224,5590
8224,7271
8225,3788
8225,6528
8225,6683
8226,191
8227,11383
8227,12991
8228,11704
8229,4810
8229,6284
8229,11704
8230,50
8230,12625
8231,10898
8231,12138
8232,8082
8232,10898
8232,12496
8233,10739
8233,10898
8234,7394
8234,10898
8235,10898
8235,14031
8236,10739
8236,10898
8237,10898
8237,13595
8238,10739
8238,10898
8239,10898
8239,13595
8240,10898
8240,15046
8241,723
8241,10898
8242,982
8242,7147
8243,6888
8244,869
8245,651
8245,4303
8246,191
8247,5906
8247,12135
8248,5590
8248,7271
8249,1264
8249,1640
8249,2270
8249,9577
8249,13296
8250,5590
8250,7271
8251,717
8251,8062
8251,10042
8251,14017
8251,14920
8252,12057
8252,12425
8253,191
8254,14148
8255,866
8255,13715
8256,314
8256,4251
8256,4819
8256,10901
8256,14558
8257,3267
8257,12800
8258,982
8258,5538
8259,4351
8259,9603
8259,12032
8259,12402
8259,12463
8260,12032
8260,12463
8260,12900
8261,8632
8262,191
8263,191
8264,902
8264,3863
8264,7829
8264,12032
8264,12463
8265,9878
8265,13875
8265,14107
8265,14798
8266,112
8266,1135
8266,3225
8266,10381
8266,11192
8267,4444
8267,7270
8267,7464
8267,10063
8268,5590
8268,14911
8269,796
8269,3754
8269,5138
8269,14911
8270,7129
8270,7704
8270,9708
8271,7774
8271,12756
8272,572
8272,1426
8272,8672
8273,796
8273,3754
8273,7136
8273,14911
8274,796
8274,3754
8274,3792
8274,14911
8275,796
8275,3754
8275,7136
8275,14911
8276,6551
8276,10596
8276,15034
8277,3566
8277,7625
8277,12158
8278,191
8279,2440
8280,2840
8280,5285
8281,191
8282,4146
8283,191
8284,191
8285,3832
8286,10186
8287,191
8288,1007
8289,3395
8289,3712
8289,6901
8289,9761
8289,11340
8290,1241
8290,2696
8290,7456
8290,9165
8291,257
8291,1550
8291,9346
8292,3375
8292,11640
8293,8179
8294,6528
8294,6683
8294,8784
8294,9357
8294,13544
8295,191
8296,1454
8296,5687
8296,8645
8296,11125
8296,13382
8297,191
8298,191
8299,191
8300,5229
8300,8784
8300,10770
8301,3774
8301,13731
8302,1115
8302,8859
8302,10203
8302,13792
8303,14758
8304,408
8304,4315
8304,5145
8304,12891
8305,8345
8306,10734
8307,4251
8307,5550
8307,11744
8308,2543
8309,754
8310,2427
8310,2736
8311,1822
8311,3095
8311,10289
8311,10613
8311,13282
8312,138
8312,2189
8313,5229
8313,10770
8313,13107
8314,1068
8314,6945
8314,7892
8314,10603
8314,13012
8314,13905
8315,1264
8315,1640
8315,2270
8315,3774
8315,12981
8316,14591
8316,14697
8317,796
8317,8784
8317,10770
8317,10957
8317,12936
8317,14683
8318,1268
8319,5590
8319,7271
8320,191
8321,7774
8321,12756
8322,9153
8323,1264
8323,1640
8323,2270
8323,13296
8324,14351
8325,6197
8326,9960
8326,14419
8327,6522
8327,7795
8328,12453
8328,14211
8329,4018
8329,5030
8329,14275
8330,301
8330,3946
8330,3966
8330,12092
8331,7024
8332,3946
8332,3966
8332,12092
8333,13627
8333,13777
8334,3754
8334,9645
8334,13194
8334,14672
8334,14911
8335,9840
8335,10283
8336,799
8336,980
8336,3825
8336,10667
8336,11240
8337,191
8338,191
8339,191
8340,4945
8340,7594
8341,1259
8341,4351
8341,7910
8341,10418
8342,3714
8343,5724
8343,5948
8343,7653
8343,7979
8343,10152
8344,1525
8345,8222
8345,14344
8346,6516
8347,11597
8348,12100
8349,191
8350,2476
8351,3140
8352,1181
8352,3310
8352,5563
8352,6140
8352,7256
8352,8622
8352,9970
8352,10606
8352,13658
8353,4683
8353,10949
8353,14074
8354,15022
8355,413
8355,4134
8355,5766
8355,14145
8356,191
8357,124
8357,4623
8358,5602
8359,2316
8360,814
8361,2592
8361,7199
8362,5930
8362,7972
8363,191
8364,191
8365,539
8366,13287
8366,14127
8367,191
8368,2793
8368,11663
8369,8492
8369,12636
8370,849
8371,4586
8371,12415
8371,12983
8371,13033
8371,14327
8372,13975
8373,634
8373,8825
8374,9465
8375,191
8376,191
8377,182
8377,1181
8377,8083
8377,13658
8377,14690
8378,13750
8378,14034
8379,6597
8379,8155
8379,12833
8379,14338
8380,2730
8381,2544
8382,7660
8382,8585
8382,11753
8382,13841
8383,3241
8384,191
8385,3948
8385,7890
8386,5351
8387,919
8387,5572
8387,11766
8387,14271
8388,216
8388,5050
8388,7623
8388,10665
8389,191
8390,191
8391,3475
8391,9906
8391,12133
8391,12252
8392,8215
8392,8723
8392,11548
8392,13144
8393,11290
8394,191
8395,806
8395,14279
8396,191
8397,5524
8398,12050
8399,3077
8399,3113
8399,6126
8400,4310
8400,12270
8401,12613
8401,13166
8402,191
8403,8276
8404,191
8405,2016
8406,191
8407,13814
8408,2651
8408,5233
8409,191
8410,4358
8410,4618
8411,1641
8411,5028
8411,12677
8411,12911
8412,6636
8412,8740
8413,2646
8413,10815
8414,6906
8415,3868
8415,9585
8416,191
8417,191
8418,5017
8418,5808
8418,7859
8418,12184
8418,12347
8419,2419
8419,5266
8419,13712
8419,14412
8420,1396
8420,2788
8420,3002
8420,3155
8420,3338
8420,4602
8420,7375
8420,7982
8420,8602
8421,191
8422,3632
8423,191
8424,7641
8425,1499
8425,7637
8425,12484
8426,15025
8427,9348
8428,2764
8428,14790
8429,191
8430,4277
8430,14671
8431,13383
8432,8381
8433,1078
8433,12652
8434,3625
8434,3733
8434,6052
8434,6147
8434,9587
8435,5022
8435,5363
8435,6211
8435,11821
8435,14343
8436,5588
8436,5710
8436,10662
8437,12053
8438,3484
8438,14969
8439,1891
8439,9948
8440,191
8441,86
8442,2250
8443,1678
8443,2530
8444,3516
8445,8482
8445,11708
8446,6486
8446,14101
8447,1647
8447,2882
8447,4237
8447,9652
8448,4506
8448,9008
8449,4975
8450,191
8451,3250
8451,6975
8451,14914
8452,6808
8453,3141
8453,4299
8454,271
8454,2525
8455,65
8455,4978
8456,1683
8456,2459
8456,9054
8456,15086
8457,3689
8457,15011
8458,14778
8459,1548
8460,6269
8461,2029
8461,4992
8462,11266
8462,11370
8463,10647
8463,14766
8464,1520
8464,8999
8465,11673
8466,2193
8466,10730
8466,11081
8466,11974
8467,8070
8468,3719
8468,5124
8469,191
8470,191
8471,4409
8472,10337
8472,11338
8473,7960
8473,11401
8473,11948
8473,14292
8474,191
8475,3268
8475,3350
8475,3997
8475,4113
8475,6118
8475,7647
8475,9755
8475,10566
8475,10635
8475,12040
8475,12614
8475,13611
8476,2947
8476,4724
8476,14278
8477,1605
8477,13174
8478,656
8478,4883
8478,12080
8479,3720
8480,1605
8480,10460
8481,9480
8482,1468
8483,11613
8483,13089
8484,4848
8485,191
8486,2974
8487,9908
8488,399
8488,8588
8489,2198
8489,5175
8490,777
8490,7194
8491,4926
8491,10476
8492,5785
8492,8678
8493,1819
8493,11530
8494,6163
8495,2280
8496,4852
8497,1548
8497,3253
8497,3354
8497,3530
8497,4697
8497,13062
8498,191
8499,191
8500,191
8501,191
8502,191
8503,6745
8503,10890
8503,13433
8504,191
8505,4304
8506,6407
8506,6858
8507,191
8508,5318
8509,191
8510,9604
8511,346
8512,2454
8512,13005
8513,3421
8513,6155
8514,191
8515,191
8516,1395
8517,191
8518,8929
8519,240
8519,7541
8519,13328
8520,6453
8521,1387
8522,191
8523,1721
8523,7200
8524,13712
8525,2937
8525,12268
8526,7280
8527,7640
8528,9016
8528,14931
8529,8346
8529,14741
8530,1225
8530,4324
8531,6102
8532,191
8533,6557
8533,6823
8533,8255
8534,191
8535,6576
8535,14409
8536,14556
8537,1751
8537,2553
8537,14637
8538,1577
8539,3099
8540,3658
8540,12569
8541,191
8542,191
8543,2410
8543,10975
8543,11559
8544,191
8545,2574
8545,3595
8545,5929
8545,7298
8546,2280
8547,2745
8547,11203
8548,6622
8548,14411
8549,14704
8550,620
8550,1096
8550,7052
8550,7148
8551,3815
8552,6654
8552,7583
8553,13896
8554,1604
8554,2974
8554,6528
8554,6683
8554,8784
8554,9357
8554,13544
8555,10897
8556,191
8557,191
8558,14048
8559,191
8560,7648
8561,12533
8562,691
8563,8454
8564,9113
8565,703
8565,5882
8566,4865
8567,7097
8568,2403
8568,7794
8568,8124
8568,12132
8569,116
8569,15000
8570,7116
8571,191
8572,1633
8572,9327
8572,11308
8573,7720
8573,10510
8573,14585
8574,1530
8574,11475
8575,89
8576,2679
8576,3987
8577,3874
8577,4323
8578,585
8578,5714
8578,5730
8578,6545
8578,12604
8579,310
8580,1265
8580,1502
8581,191
8582,191
8583,1025
8583,7388
8584,1174
8584,3126
8585,191
8586,1293
8586,14214
8587,780
8587,5535
8587,8027
8587,9951
8588,4102
8589,7335
8589,10355
8589,12490
8589,14246
8590,1163
8590,13031
8591,191
8592,1361
8592,12506
8593,7973
8594,191
8595,1859
8595,4093
8596,191
8597,191
8598,191
8599,1601
8599,13397
8600,227
8600,5343
8600,10392
8600,10548
8601,12717
8601,13267
8602,7635
8603,12380
8604,191
8605,191
8606,11296
8607,7677
8607,9174
8607,13448
8608,191
8609,8882
8609,12471
8610,1185
8610,9263
8611,191
8612,936
8613,191
8614,3687
8614,7895
8614,10101
8614,12641
8615,7740
8616,8532
8617,191
8618,191
8619,191
8620,13267
8621,8837
8621,14674
8621,14999
8622,6493
8623,1161
8623,9862
8623,12376
8623,14075
8624,3478
8624,11838
8625,3724
8626,10523
8626,12994
8627,189
8627,1472
8627,1837
8627,2667
8627,3814
8627,4905
8627,5042
8627,5330
8627,6645
8627,6840
8627,6859
8627,7628
8627,8073
8627,8916
8627,10427
8627,11165
8627,11612
8627,12452
8627,13054
8627,13075
8627,13203
8627,13709
8627,13878
8627,14276
8628,796
8628,13107
8629,12898
8630,191
8631,191
8632,1696
8632,2628
8632,4320
8632,6367
8632,8437
8632,10794
8632,12208
8633,5911
8634,191
8635,4731
8636,659
8636,2841
8636,7644
8636,7718
8636,10693
8636,10952
8636,11777
8636,11826
8636,13313
8636,13698
8637,5357
8638,191
8639,191
8640,191
8641,191
8642,11443
8643,2841
8643,10693
8643,11777
8643,11826
8643,13313
8643,13698
8644,2841
8644,10693
8644,11777
8644,11826
8644,13313
8644,13698
8645,11777
8646,2841
8646,10693
8646,11777
8646,11826
8646,13313
8646,13698
8647,2841
8647,10693
8647,11777
8647,11826
8647,13313
8647,13698
8648,4996
8648,8571
8648,11154
8649,4996
8649,8571
8650,2841
8650,10693
8650,11777
8650,11826
8650,13313
8650,13698
8651,761
8651,6011
8651,6886
8652,191
8653,191
8654,191
8655,8557
8655,14441
8656,2979
8656,7567
8656,12141
8657,7706
8657,14379
8657,14948
8658,191
8659,4682
8659,5888
8659,7920
8659,8099
8659,9145
8660,4011
8660,6094
8660,12664
8661,1594
8661,10435
8661,11592
8662,191
8663,9269
8664,1991
8665,3754
8665,13107
8666,191
8667,4356
8667,10469
8667,11204
8668,11206
8669,191
8670,3434
8671,191
8672,4725
8672,6542
8672,7598
8673,6726
8673,12591
8674,191
8675,3177
8676,1204
8677,2769
8678,191
8679,6267
8680,11141
8681,7799
8681,11156
8682,4956
8683,15003
8684,2535
8684,3254
8684,10876
8684,11234
8684,11395
8684,12488
8684,12549
8684,13222
8685,191
8686,9469
8687,650
8687,2862
8687,10514
8688,5011
8688,9859
8689,14970
8690,441
8690,4879
8690,5531
8691,218
8691,6853
8691,10217
8691,10916
8691,13110
8692,8070
8693,109
8694,4178
8695,4271
8696,8229
8696,13547
8697,191
8698,10531
8699,10531
8699,13221
8700,2629
8700,2814
8701,8896
8702,8227
8702,12785
8702,12893
8703,4947
8703,5902
8703,7671
8704,4015
8704,8448
8704,14596
8705,6340
8706,7178
8707,191
8708,191
8709,10173
8709,14717
8710,6967
8710,10117
8711,7190
8711,7879
8711,11565
8711,13381
8712,6308
8712,7869
8713,911
8714,12489
8714,13879
8715,1518
8715,11008
8716,8070
8717,6717
8717,10857
8718,10879
8718,12329
8719,7351
8720,2044
8721,9864
8722,10926
8722,13527
8723,3913
8724,787
8724,8233
8724,11682
8725,1602
8725,9041
8725,12116
8726,8283
8727,2645
8728,7443
8728,11027
8729,2936
8729,11964
8729,12414
8729,14840
8730,2401
8730,5846
8731,8688
8731,10091
8732,13013
8732,14070
8733,12365
8734,1089
8734,2890
8735,362
8735,10864
8735,12443
8735,14209
8736,191
8737,191
8738,12381
8738,13264
8739,191
8740,11116
8741,191
8742,3063
8742,3725
8742,10858
8743,6655
8743,7677
8743,14246
8744,191
8745,4269
8745,13900
8746,191
8747,6461
8748,12663
8748,14597
8749,948
8749,2995
8749,6297
8750,10973
8751,11442
8752,6630
8753,191
8754,2054
8755,7685
8755,8632
8755,15063
8756,191
8757,10973
8758,191
8759,191
8760,1406
8760,6328
8761,8315
8762,191
8763,5134
8764,6659
8765,191
8766,8724
8767,11804
8767,14952
8768,4437
8768,10394
8769,191
8770,3687
8770,7895
8771,8602
8772,1927
8773,11848
8774,1103
8775,7218
8776,191
8777,6403
8777,10393
8778,11330
8778,13844
8778,14356
8779,191
8780,8444
8780,8519
8781,10173
8782,6482
8782,8905
8783,12475
8784,191
8785,4841
8786,12645
8787,3907
8788,2632
8788,3018
8788,6245
8788,12519
8789,6490
8789,9733
8790,191
8791,2884
8792,2843
8793,191
8794,191
8795,1963
8795,2911
8795,7479
8795,8450
8796,6166
8796,11453
8797,6012
8797,9020
8798,2212
8798,12689
8799,191
8800,4920
8801,191
8802,5428
8802,5541
8802,12837
8803,1366
8803,6472
8804,191
8805,13574
8806,2886
8806,3641
8806,11823
8806,14714
8807,2886
8807,3641
8807,11823
8807,14714
8808,2708
8808,6918
8809,3426
8809,4138
8810,4829
8810,6876
8810,8258
8811,191
8812,3125
8812,10580
8812,11633
8813,5776
8814,6831
8814,8829
8814,9512
8814,10398
8815,3335
8816,191
8817,755
8817,7820
8818,485
8818,14664
8819,3281
8819,14245
8820,11915
8821,3806
8822,102
8822,7755
8822,9037
8823,6950
8823,10765
8824,12585
8825,7093
8826,4838
8827,6765
8827,13073
8828,10972
8829,6844
8829,11513
8830,11350
8831,191
8832,11274
8833,191
8834,3536
8835,191
8836,1825
8836,3460
8836,9201
8836,11501
8836,13251
8836,14819
8837,2569
8837,12822
8837,14287
8838,9487
8839,191
8840,240
8840,5246
8840,7541
8840,8005
8840,10897
8840,13483
8841,10967
8842,3511
8842,11698
8843,1437
8844,8211
8844,13027
8844,13286
8844,14007
8845,14675
8846,15029
8847,3865
8848,2406
8849,14966
8850,191
8851,11542
8852,7216
8852,8919
8852,12830
8852,13081
8852,13694
8853,3311
8853,9323
8854,191
8855,14636
8856,4160
8857,5764
8857,9351
8857,14224
8858,639
8858,5732
8858,6259
8859,9963
8860,320
8860,1623
8861,1192
8861,1641
8861,10854
8862,3873
8862,7742
8862,8623
8863,14820
8864,145
8864,2538
8865,361
8865,556
8865,7116
8865,11487
8866,1979
8867,9382
8867,10498
8868,6071
8868,6845
8869,6047
8870,1462
8870,5660
8870,7475
8870,12595
8870,12888
8870,13818
8871,644
8871,1219
8872,6806
8873,5363
8873,6862
8873,8184
8873,9218
8873,12627
8874,13596
8875,191
8876,68
8876,8976
8877,191
8878,92
8878,1016
8878,1918
8878,5263
8878,12013
8879,9836
8880,11731
8880,13512
8881,9218
8881,12428
8881,12627
8882,197
8882,946
8882,1165
8883,13576
8884,191
8885,3799
8885,4786
8885,12752
8886,191
8887,9209
8887,10456
8888,9948
8889,1636
8890,4298
8890,6149
8891,428
8892,5129
8892,13601
8892,14843
8893,7295
8893,11519
8894,191
8895,2767
8895,13543
8896,9407
8897,7430
8898,1416
8898,13518
8899,11012
8899,11827
8900,13620
8901,191
8902,5758
8903,5758
8904,7543
8904,9271
8904,13609
8905,10264
8906,6225
8906,11339
8907,8104
8908,927
8908,2300
8909,1586
8909,11535
8910,1613
8910,3518
8910,4673
8910,6818
8911,10898
8911,12138
8912,191
8913,191
8914,191
8915,191
8916,191
8917,191
8918,1797
8919,191
8920,1095
8920,6649
8921,4903
8922,9888
8923,10467
8924,8884
8924,10112
8925,191
8926,191
8927,7384
8927,10829
8928,191
8929,2475
8929,6740
8929,12148
8929,13001
8930,6581
8931,7636
8931,9660
8931,14605
8932,11922
8933,191
8934,191
8935,191
8936,4982
8937,7413
8938,2746
8939,4582
8939,6710
8940,191
8941,7375
8942,2280
8942,3374
8942,10992
8942,15052
8943,9744
8944,191
8945,2563
8945,9295
8946,4037
8946,9828
8947,12907
8947,14020
8948,191
8949,7131
8949,10064
8950,5865
8950,13560
8951,191
8952,1254
8952,1330
8952,9702
8952,14067
8953,191
8954,5843
8954,7544
8955,687
8955,3009
8955,12757
8955,14628
8956,191
8957,191
8958,9410
8959,191
8960,2780
8961,10835
8962,13834
8963,191
8964,8745
8965,191
8966,3785
8966,13642
8967,191
8968,7510
8968,8987
8968,14884
8969,1738
8969,9215
8969,13306
8970,5415
8970,13625
8971,3559
8972,1333
8972,1802
8972,1924
8972,3801
8972,3845
8972,8313
8972,10453
8972,13569
8972,14480
8973,3231
8973,7941
8973,10751
8973,12269
8974,1257
8974,15004
8975,12847
8976,1095
8977,4647
8977,10130
8978,191
8979,3925
8979,10146
8979,13412
8980,191
8981,191
8982,4593
8983,191
8984,1146
8984,1756
8984,10102
8985,7994
8985,9611
8986,7994
8986,9611
8987,2372
8987,3105
8987,6964
8988,1749
8989,10169
8990,10261
8990,11729
8990,12611
8991,6749
8991,9373
8991,14832
8992,191
8993,14333
8994,12212
8995,3158
8995,11073
8995,12672
8995,14086
8996,6590
8997,3145
8998,1203
8998,9089
8998,10940
8999,191
9000,6553
9000,7039
9001,4648
9002,4362
9002,10554
9003,9517
9004,191
9005,707
9005,13226
9006,8697
9006,10821
9007,191
9008,7712
9008,11365
9009,4444
9009,8406
9009,10063
9010,191
9011,191
9012,9021
9012,9692
9013,191
9014,4824
9014,10585
9015,12033
9015,14314
9016,12720
9017,191
9018,11182
9018,13867
9019,959
9019,4775
9019,5919
9020,1378
9020,3379
9020,4845
9020,9358
9020,12979
9021,1631
9022,1016
9022,12013
9023,5540
9024,4020
9025,191
9026,188
9026,7840
9026,8786
9026,10953
9027,561
9028,561
9029,191
9030,191
9031,191
9032,3525
9032,6721
9032,9953
9032,14890
9033,561
9034,191
9035,1004
9035,2598
9035,5940
9035,8209
9035,8728
9035,11252
9035,12854
9036,13766
9036,14160
9036,14617
9037,3479
9038,6604
9038,13851
9039,12895
9040,1177
9041,1772
9041,3049
9041,4171
9041,9892
9042,191
9043,191
9044,2633
9045,10709
9046,31
9046,4473
9047,6450
9047,8822
9048,4593
9049,191
9050,1512
9051,10810
9052,191
9053,191
9054,2035
9054,2997
9054,9042
9054,10439
9054,12090
9055,9258
9055,11802
9056,9560
9056,11113
9057,9249
9057,13140
9058,2453
9058,6511
9058,9797
9059,191
9060,6904
9060,8310
9061,262
9062,10902
9063,2002
9064,942
9064,11803
9064,14844
9065,191
9066,1772
9066,3049
9066,4171
9066,9892
9067,7662
9067,11032
9068,4851
9068,6935
9068,7868
9068,9446
9069,11227
9070,2225
9071,1025
9071,3711
9072,2233
9072,5849
9072,6105
9073,5849
9073,14668
9074,191
9075,1311
9075,2152
9075,3336
9075,7615
9075,8862
9076,5594
9076,5916
9076,7507
9076,10637
9077,5989
9077,13823
9078,574
9078,6891
9078,6924
9078,13377
9079,8851
9080,6930
9081,191
9082,1800
9082,13986
9083,14607
9084,4930
9084,6480
9084,10791
9084,11335
9084,13535
9085,1312
9085,2734
9085,11324
9086,3070
9086,12819
9087,476
9087,12241
9088,3150
9088,5935
9089,6690
9090,8817
9090,10812
9091,6982
9092,3216
9093,7320
9093,12466
9094,191
9095,10781
9096,191
9097,191
9098,191
9099,461
9100,1110
9101,1651
9101,3705
9101,4106
9101,13824
9102,658
9103,3273
9103,4143
9103,8864
9103,9880
9103,13227
9104,3661
9104,4989
9104,6730
9104,12178
9104,13835
9105,7488
9105,9821
9106,191
9107,12884
9108,191
9109,7519
9109,12241
9110,191
9111,5786
9111,6257
9112,191
9113,191
9114,1544
9114,6776
9114,9401
9114,14284
9115,191
9116,191
9117,191
9118,191
9119,4740
9119,6556
9120,13079
9121,191
9122,191
9123,191
9124,13731
9124,13928
9124,14235
9125,388
9126,191
9127,191
9128,6277
9129,13824
9130,11991
9131,191
9132,9896
9132,13783
9133,191
9134,705
9134,12872
9135,191
9136,191
9137,191
9138,191
9139,7696
9140,5336
9140,5711
9141,191
9142,3902
9142,5731
9142,7747
9143,3902
9143,5731
9143,7747
9144,13484
9145,191
9146,4527
9147,1207
9148,710
9148,2128
9148,8982
9148,12235
9149,3757
9149,12922
9149,14808
9150,528
9150,10598
9150,14226
9151,9193
9151,9322
9151,13720
9152,2493
9152,5001
9152,12213
9153,191
9154,191
9155,12100
9156,191
9157,8971
9158,191
9159,1931
9159,7321
9160,1224
9160,7698
9161,7619
9162,3556
9162,3816
9163,191
9164,13877
9165,18
9165,285
9165,1154
9166,191
9167,1609
9167,1708
9167,9072
9167,10792
9168,5848
9168,12616
9169,191
9170,6302
9170,11570
9171,8383
9171,13990
9171,14489
9172,191
9173,1468
9174,8897
9174,8971
9174,12795
9175,191
9176,11847
9177,191
9178,191
9179,8574
9179,11082
9180,7397
9181,191
9182,929
9182,1358
9182,1670
9182,1676
9182,1963
9182,2972
9182,3693
9182,6062
9182,6570
9182,7375
9182,8602
9182,14149
9182,14194
9183,8053
9184,13908
9185,2393
9185,5991
9185,11579
9185,13852
9186,557
9187,6298
9187,9634
9188,10301
9189,10194
9189,10277
9190,253
9190,9520
9191,6476
9191,11284
9191,14198
9192,8517
9193,8272
9193,11866
9194,1799
9195,3680
9196,1696
9196,9606
9196,15010
9197,8756
9197,11414
9197,13412
9197,13778
9198,191
9199,3214
9200,5431
9200,15079
9201,191
9202,191
9203,14953
9204,8807
9205,5729
9206,10076
9207,191
9208,3081
9209,1305
9209,6407
9209,6858
9209,8435
9210,191
9211,834
9211,1063
9211,3422
9212,3223
9212,5008
9213,12063
9214,3143
9215,3478
9215,11838
9216,14973
9217,3478
9217,11838
9218,3478
9218,11838
9219,4851
9219,5573
9220,856
9220,13962
9221,3478
9221,11838
9222,118
9222,2974
9222,8384
9222,11986
9223,8384
9224,8384
9225,9526
9226,191
9227,191
9228,9024
9228,11388
9228,12396
9229,2938
9229,4365
9229,6995
9230,5157
9231,191
9232,10692
9233,191
9234,8848
9235,11557
9236,9541
9236,9801
9236,11260
9237,2293
9237,9443
9237,11253
9238,11389
9239,5213
9240,1279
9240,8769
9241,4647
9241,12459
9242,2668
9242,4913
9242,4981
9242,6272
9242,8465
9242,10135
9243,9174
9244,3238
9244,5197
9244,13671
9245,191
9246,7379
9246,8075
9246,12921
9246,14638
9247,10206
9248,9336
9249,1275
9249,3286
9250,4859
9251,2979
9251,5907
9251,8897
9251,9072
9251,11064
9251,12141
9251,13327
9251,14927
9252,7686
9252,8000
9253,7100
9254,191
9255,3771
9255,5431
9255,12630
9256,1600
9257,814
9258,1886
9258,7610
9258,8246
9258,8885
9259,1437
9260,3553
9260,13196
9260,13290
9261,4367
9261,6119
9262,191
9263,191
9264,9627
9265,1700
9265,4676
9265,9815
9266,13858
9266,14773
9267,1173
9267,7959
9267,10470
9268,4367
9268,6119
9269,792
9269,4605
9270,12127
9271,2254
9271,10568
9272,11855
9273,1991
9274,8384
9275,8384
9276,8068
9277,191
9278,6841
9278,7710
9279,3040
9279,13956
9280,191
9281,8081
9281,9646
9281,9711
9281,12957
9282,3322
9283,191
9284,2739
9284,4240
9284,8189
9284,10291
9284,12276
9284,13938
9285,1718
9285,5029
9285,7626
9286,191
9287,10545
9287,14756
9288,8109
9289,5522
9290,2050
9290,2963
9290,4142
9290,4606
9290,5418
9290,8786
9290,11497
9290,11745
9290,14353
9291,8792
9291,14026
9292,2240
9292,6310
9292,7589
9292,13842
9293,6500
9294,191
9295,191
9296,5443
9297,5828
9298,191
9299,2443
9299,7054
9299,13590
9300,6175
9300,6774
9301,191
9302,102
9302,7755
9302,9037
9303,10721
9304,566
9305,3708
9306,191
9307,3856
9307,6070
9308,9001
9309,8641
9310,845
9311,9012
9312,2928
9313,9881
9314,837
9314,2672
9315,2466
9315,7094
9315,14294
9316,7455
9316,9444
9317,2248
9318,1929
9319,5080
9320,191
9321,8384
9322,8384
9323,8384
9324,5373
9324,8349
9325,2985
9326,6181
9327,7252
9327,12313
9327,12851
9328,3582
9328,13573
9329,4910
9330,191
9331,11010
9332,422
9332,2934
9333,2294
9333,2703
9333,10933
9333,13836
9334,922
9334,4551
9334,4780
9334,6125
9334,7439
9334,8078
9334,11137
9334,11322
9334,12152
9335,191
9336,7081
9336,11579
9337,191
9338,191
9339,191
9340,3899
9340,8868
9340,12748
9341,191
9342,191
9343,4517
9343,7810
9343,9863
9344,191
9345,1465
9345,6227
9345,10577
9346,3631
9347,7601
9347,13888
9348,8151
9349,8218
9349,13113
9350,14776
9350,14897
9351,5736
9351,8322
9352,852
9352,10950
9353,1668
9353,8196
9354,11779
9355,6995
9356,4505
9356,14621
9357,4413
9357,4868
9358,503
9359,5463
9360,191
9361,12416
9362,191
9363,12703
9364,11201
9365,4663
9365,5782
9366,191
9367,1333
9367,13770
9368,7280
9369,191
9370,191
9371,2136
9371,10817
9372,10268
9373,822
9374,1395
9374,4814
9375,3648
9375,3789
9375,4070
9376,5492
9377,9399
9378,2872
9378,6900
9379,10526
9380,3648
9380,3789
9380,4070
9381,1488
9382,7621
9382,10776
9383,5910
9384,191
9385,1758
9385,14412
9386,9860
9387,1298
9387,12119
9387,14584
9388,12087
9388,12298
9389,5428
9389,5541
9389,5959
9390,1661
9391,191
9392,12477
9393,416
9393,445
9394,9808
9395,1570
9395,4273
9396,7505
9397,13347
9397,13635
9398,4351
9399,2218
9400,4800
9400,6671
9400,10433
9401,14021
9402,4939
9402,8924
9402,10433
9403,3314
9404,191
9405,6904
9405,8310
9406,3193
9406,8432
9407,5907
9407,9144
9408,10234
9409,191
9410,2065
9411,14822
9412,2906
9413,4099
9414,1145
9414,6423
9414,14557
9415,191
9416,14334
9417,14691
9418,9228
9418,9681
9418,10214
9419,9092
9420,6549
9421,5583
9422,10138
9422,11538
9422,11605
9422,11934
9423,6492
9424,11120
9424,14946
9425,3391
9426,8376
9426,14620
9427,667
9427,2665
9427,5708
9427,5862
9427,6639
9427,14608
9428,7994
9428,9611
9429,2770
9429,14881
9430,751
9430,6652
9430,14591
9431,191
9432,3897
9432,10923
9433,7618
9434,1646
9434,4689
9434,5352
9434,8463
9435,7618
9436,4209
9436,6954
9437,1460
9437,4826
9437,14035
9438,9315
9439,7290
9440,4423
9441,1312
9441,4967
9442,3877
9442,5062
9442,8060
9442,8575
9442,11957
9443,6652
9443,11202
9444,7149
9444,9944
9445,3663
9445,4220
9445,4469
9445,5122
9446,12779
9447,6073
9448,191
9449,1276
9449,4400
9450,448
9451,3647
9451,4074
9451,5275
9452,13384
9453,191
9454,191
9455,9379
9455,13651
9456,14937
9457,1598
9457,4650
9457,12325
9458,191
9459,7086
9459,8391
9460,1632
9460,6466
9460,13717
9461,3588
9462,1134
9462,9296
9462,9536
9463,1231
9464,10489
9465,2035
9465,10439
9465,13681
9466,10227
9466,11874
9467,191
9468,191
9469,10723
9469,15037
9470,191
9471,5535
9471,8027
9471,14412
9472,3921
9472,4378
9472,5672
9472,7582
9473,191
9474,191
9475,9804
9475,10730
9475,11974
9476,191
9477,191
9478,5574
9479,9638
9480,972
9480,1226
9480,3215
9480,6399
9480,7511
9480,13057
9480,14573
9481,191
9482,4486
9482,8719
9483,691
9484,1604
9484,2974
9485,14913
9486,191
9487,3974
9488,364
9488,4071
9489,4415
9490,6347
9491,1225
9491,4324
9492,4593
9493,4209
9493,4826
9494,6427
9495,12935
9496,752
9496,7648
9497,1571
9497,3321
9497,7659
9498,11029
9499,4859
9499,5402
9500,191
9501,464
9501,14651
9502,191
9503,11409
9504,3880
9504,12389
9505,1373
9506,8555
9507,3231
9507,5209
9507,10148
9507,13831
9508,438
9508,8963
9509,7427
9510,2305
9510,6689
9510,7332
9510,10608
9511,8364
9511,14073
9512,627
9512,8922
9512,8966
9512,11795
9513,3213
9513,3892
9514,3342
9514,14546
9515,3673
9516,6870
9516,9371
9517,222
9518,4477
9519,2626
9519,4581
9519,9172
9520,191
9521,4895
9522,8446
9523,191
9524,14809
9525,6263
9525,10645
9526,8963
9526,9682
9527,7257
9527,10141
9528,3695
9528,8981
9529,1543
9530,10342
9530,13223
9531,11839
9532,10556
9533,11076
9534,11076
9535,13924
9536,11076
9537,11076
9538,627
9538,11795
9538,13018
9539,2087
9539,3565
9539,9110
9540,649
9540,4904
9540,6336
9541,4647
9541,6446
9541,13055
9542,1595
9542,4969
9542,10785
9543,1478
9543,7536
9543,7840
9543,8049
9543,8786
9543,10953
9543,11065
9543,11255
9543,12035
9544,7843
9544,11183
9545,4575
9545,5635
9545,13532
9546,1066
9547,191
9548,191
9549,14377
9550,708
9550,12242
9551,6894
9551,7118
9551,12222
9552,12380
9553,3061
9553,4824
9553,8323
9553,11859
9553,13671
9554,3238
9554,8658
9554,13829
9555,2119
9555,3061
9555,3528
9556,191
9557,3355
9558,275
9558,13037
9559,275
9559,4939
9560,10090
9560,13553
9560,14887
9561,191
9562,191
9563,561
9563,1664
9563,5752
9564,191
9565,191
9566,5070
9566,7484
9566,12992
9567,14634
9568,3131
9568,12322
9568,15058
9569,466
9569,6222
9570,191
9571,3426
9571,5167
9571,10483
9572,191
9573,14634
9574,191
9575,3242
9575,5522
9576,191
9577,6550
9577,6820
9577,9724
9577,10638
9578,3019
9578,12281
9579,5405
9579,5871
9579,11088
9580,2804
9581,1341
9581,8820
9582,7678
9583,2559
9584,2823
9584,3440
9584,5905
9584,10937
9585,2624
9586,10314
9587,9279
9587,10348
9588,10325
9588,14542
9589,14839
9590,321
9590,675
9590,691
9590,2666
9590,2888
9591,13415
9592,14033
9593,10509
9593,12101
9593,13095
9594,712
9594,4024
9594,11748
9595,12644
9596,14629
9597,191
9598,13462
9599,4524
9600,5572
9600,11766
9601,1603
9602,12401
9603,273
9604,594
9604,7817
9604,9058
9604,10294
9604,10614
9604,14329
9605,12606
9606,12338
9606,13922
9607,13501
9607,15005
9608,6301
9608,13417
9609,7596
9610,8158
9610,10862
9611,3544
9611,10683
9612,7422
9613,5515
9613,10744
9614,191
9615,191
9616,5560
9617,1463
9617,4021
9618,191
9619,6580
9619,14726
9620,1126
9621,12281
9622,4438
9622,4756
9622,7210
9622,9948
9622,13180
9623,5416
9624,28
9624,1901
9624,7244
9624,7953
9624,13884
9624,14061
9625,5590
9625,7271
9625,13107
9626,7217
9626,8950
9626,11836
9627,2692
9628,1242
9629,1289
9629,4339
9629,5675
9629,6160
9629,10350
9629,11715
9630,1289
9630,4339
9630,5675
9630,6160
9630,10350
9630,11715
9631,1289
9631,4339
9631,5675
9631,6160
9631,10350
9631,11715
9632,1289
9632,3209
9632,4339
9632,5675
9632,6160
9632,10350
9632,11715
9633,1289
9633,3209
9633,4339
9633,5675
9633,6160
9633,10350
9633,11715
9634,1289
9634,3209
9634,4339
9634,5675
9634,6160
9634,10350
9634,11715
9635,5037
9635,8505
9635,10979
9636,427
9636,6870
9636,10382
9636,11298
9636,13751
9637,8632
9637,12216
9638,3231
9638,5083
9638,5651
9638,6688
9639,7422
9640,8628
9641,11217
9641,14813
9642,1888
9642,3882
9642,6166
9642,7539
9643,4752
9643,11752
9644,5981
9645,2836
9646,191
9647,4683
9647,14074
9648,3926
9648,4767
9649,5566
9649,6275
9649,6589
9649,10925
9649,13317
9650,5043
9650,9904
9651,7497
9651,14277
9652,2368
9653,53
9654,7055
9655,1867
9655,3542
9656,4153
9656,5113
9657,4569
9657,10266
9658,13
9659,3822
9659,14412
9660,274
9660,13771
9661,10473
9662,191
9663,191
9664,9227
9665,191
9666,191
9667,6705
9667,9940
9668,191
9669,11635
9669,11961
9670,191
9671,1382
9671,4991
9672,191
9673,1089
9673,2485
9673,2890
9673,11152
9673,13431
9674,8875
9674,14766
9675,2412
9675,4683
9675,7764
9675,14777
9676,191
9677,14151
9678,2659
9678,2696
9678,4295
9678,8594
9678,8648
9678,8786
9679,4242
9679,11108
9680,11175
9681,191
9682,5925
9683,191
9684,2308
9684,5285
9684,5610
9684,6441
9685,191
9686,9593
9686,13126
9687,1261
9687,5255
9688,11247
9689,12266
9690,2737
9691,3291
9691,10695
9691,14753
9692,3828
9692,7679
9693,4432
9693,9405
9693,9659
9694,4432
9694,9405
9695,9238
9695,10572
9696,191
9697,1641
9697,13736
9698,191
9699,3922
9699,7422
9700,14599
9700,14816
9701,9408
9702,191
9703,3795
9703,9319
9704,31
9704,1968
9704,4473
9704,5895
9704,8840
9704,15002
9705,7652
9706,11798
9707,1798
9708,12871
9709,3369
9710,5275
9710,7115
9710,9783
9711,2066
9712,384
9712,8418
9713,8345
9714,4854
9714,5363
9715,1044
9715,7369
9716,3982
9716,6685
9716,8645
9716,11125
9717,1484
9717,14160
9718,3847
9718,4888
9718,13670
9719,11455
9720,8325
9721,12037
9722,191
9723,12826
9724,191
9725,4466
9725,8359
9725,9102
9725,9927
9726,2486
9727,7341
9727,10924
9728,11903
9728,14474
9729,9674
9729,13846
9730,6313
9731,14834
9732,11874
9733,191
9734,13329
9735,10414
9735,14412
9736,3026
9737,352
9737,7297
9737,7881
9738,4759
9738,6662
9738,7233
9739,191
9740,4180
9740,7224
9741,191
9742,191
9743,6421
9743,12171
9744,191
9745,11017
9746,11030
9747,1336
9747,14563
9748,191
9749,191
9750,15020
9751,4214
9752,191
9753,3082
9753,8957
9753,9348
9754,1090
9754,4898
9754,6344
9754,9334
9754,10183
9755,4411
9755,6288
9755,6720
9756,1370
9756,8028
9757,2217
9757,5565
9757,7821
9757,9701
9758,191
9759,662
9759,3355
9760,4939
9760,6708
9760,8651
9761,191
9762,9788
9762,11390
9762,14361
9763,191
9764,7460
9765,191
9766,191
9767,191
9768,1810
9768,5784
9769,4777
9769,7700
9770,15027
9771,191
9772,436
9772,2424
9772,8707
9773,6034
9773,6592
9773,7226
9774,5211
9775,2290
9775,9456
9775,12132
9775,12588
9775,13456
9776,10114
9777,5027
9778,191
9779,191
9780,5027
9781,409
9781,629
9782,10411
9782,10450
9782,12575
9783,6770
9783,7056
9783,11967
9783,14101
9784,191
9785,7753
9786,9306
9786,11321
9787,5228
9788,191
9789,572
9789,8127
9789,8672
9789,14944
9790,11732
9791,306
9791,9411
9791,14591
9792,5590
9792,7271
9793,985
9793,4864
9793,14934
9794,2257
9794,2504
9794,14963
9795,5586
9795,6436
9796,4562
9797,12791
9798,2385
9798,4249
9798,6780
9799,4620
9799,4745
9799,5103
9799,6756
9799,9849
9800,477
9800,7117
9800,13506
9801,3164
9801,4611
9801,9164
9802,191
9803,2706
9804,8865
9805,4236
9805,10447
9806,5613
9806,5725
9807,3000
9807,5497
9807,8183
9808,8493
9809,14160
9810,4234
9810,12667
9811,3184
9811,4927
9812,4015
9812,6946
9812,8448
9812,9164
9812,9726
9813,7343
9814,191
9815,10075
9816,3065
9817,851
9817,4328
9817,4453
9817,7232
9818,191
9819,191
9820,9466
9820,12307
9821,191
9822,191
9823,3223
9823,3834
9824,8895
9825,2091
9825,3743
9826,2725
9826,6028
9826,7590
9826,11940
9827,10763
9828,2854
9828,6813
9828,7549
9828,12575
9829,191
9830,11
9830,1469
9830,4090
9831,4308
9831,11121
9832,191
9833,5365
9834,5722
9835,191
9836,5586
9836,7246
9837,7274
9838,7582
9838,14704
9839,4690
9839,10474
9840,191
9841,191
9842,9770
9842,9922
9843,191
9844,191
9845,7435
9846,5843
9847,9068
9848,191
9849,9943
9849,12166
9850,2128
9850,6434
9850,12496
9850,12699
9851,191
9852,11983
9852,13926
9853,11524
9853,14225
9854,191
9855,4436
9855,7144
9855,8843
9855,10544
9856,14512
9857,7602
9857,7689
9857,10740
9858,2486
9859,1168
9859,4598
9860,3612
9860,6994
9861,1790
9861,8046
9862,191
9863,3589
9863,5479
9863,7835
9863,8178
9863,10211
9863,11556
9863,14676
9864,5828
9864,8268
9864,11104
9865,13066
9866,7605
9866,9547
9866,10938
9866,12354
9866,12593
9867,731
9868,5048
9869,191
9870,191
9871,191
9872,2651
9872,13186
9873,4970
9874,5737
9875,164
9875,8156
9875,14773
9876,6524
9876,8122
9876,11433
9877,3355
9878,1467
9878,3589
9878,10006
9878,13146
9878,14128
9879,6863
9879,8323
9880,2806
9880,2880
9880,3589
9881,191
9882,4140
9882,14105
9883,3748
9884,185
9884,366
9885,191
9886,6889
9887,3281
9887,8597
9888,7036
9889,191
9890,11879
9891,191
9892,12710
9893,3152
9894,2567
9894,4427
9895,2230
9895,2912
9895,5962
9896,1067
9896,8821
9896,11385
9896,14833
9896,15025
9897,4036
9897,5575
9898,579
9898,5222
9898,6442
9898,13478
9899,10093
9900,2038
9900,13256
9900,13780
9901,1645
9901,1803
9901,10110
9902,9436
9902,14071
9903,191
9904,1489
9904,6489
9904,11716
9904,14548
9905,13372
9906,191
9907,191
9908,4629
9908,4919
9908,6480
9909,1373
9910,1372
9911,10612
9911,11226
9911,12551
9911,13034
9912,3535
9913,2253
9913,6556
9914,4388
9914,14688
9915,1122
9915,9580
9915,10187
9915,11867
9916,8632
9916,9515
9916,11476
9916,11581
9917,4851
9918,737
9918,9285
9919,191
9920,7250
9921,8889
9921,14442
9922,4264
9923,3370
9924,191
9925,191
9926,9483
9926,11694
9927,191
9928,1742
9928,14412
9929,9597
9930,1803
9930,7527
9931,727
9932,1738
9932,6106
9932,8913
9932,9795
9933,6822
9933,10616
9933,14707
9934,6813
9934,7229
9934,8173
9935,3238
9936,191
9937,1188
9937,8336
9938,7008
9939,1183
9939,2273
9939,4563
9939,8100
9939,8431
9939,9187
9939,10371
9939,10725
9940,191
9941,841
9941,9821
9942,6964
9942,7870
9942,9865
9943,354
9943,12631
9944,6
9944,10125
9945,468
9945,7080
9945,10500
9946,13305
9947,2256
9947,8025
9947,10927
9947,14399
9948,514
9948,2348
9948,6075
9948,13926
9949,5915
9949,6811
9949,10216
9950,1874
9950,6547
9950,10666
9950,12440
9950,12880
9951,281
9952,111
9952,967
9952,8390
9952,13630
9953,529
9953,4371
9953,5162
9954,4034
9954,5963
9955,567
9955,6470
9956,4604
9956,7728
9956,9574
9956,14139
9957,1289
9957,7607
9957,14403
9958,878
9958,7381
9958,7505
9959,191
9960,10285
9961,5915
9961,6811
9961,10216
9962,13998
9963,1498
9963,6634
9964,11376
9964,13970
9965,202
9965,9448
9966,4814
9966,8300
9966,8867
9966,13292
9967,8366
9967,9086
9967,14641
9968,1777
9968,3744
9968,14589
9969,6147
9969,13617
9970,15033
9971,9282
9972,1794
9972,7185
9972,9225
9972,11537
9972,12562
9973,3231
9973,4338
9973,6088
9974,191
9975,191
9976,6258
9976,14101
9977,10319
9977,13038
9978,1217
9978,5539
9978,6794
9978,11699
9979,1111
9979,6936
9979,8783
9980,6240
9981,12686
9982,11666
9983,8966
9984,2577
9984,11855
9985,6967
9985,10899
9986,191
9987,3407
9987,3715
9987,5194
9987,5660
9987,9243
9988,6969
9988,8653
9988,11966
9989,7087
9989,8497
9989,9563
9989,10804
9990,6072
9990,12198
9991,3061
9991,6078
9991,13033
9992,3
9992,985
9992,3365
9992,5354
9992,5363
9992,6211
9993,14208
9993,14426
9994,7412
9994,10933
9995,11678
9996,4958
9997,5059
9997,9116
9997,13719
9997,13750
9997,14034
9997,15007
9998,14505
9999,8407
9999,8870
10000,6028
10000,11940
10001,7109
10001,10578
10001,11927
10002,4247
10002,8021
10002,8784
10003,13460
10003,13964
10004,1930
10004,8603
10004,14056
10005,13849
10006,751
10006,4246
10006,6129
10006,10378
10007,2571
10007,3800
10007,12551
10008,1542
10009,968
10009,3429
10009,12179
10010,3722
10011,4717
10011,6520
10011,12620
10012,14239
10013,7173
10013,8989
10013,13059
10014,1968
10014,2367
10014,14765
10015,12662
10016,12319
10017,191
10018,10438
10019,11804
10019,12099
10019,14952
10020,191
10021,10924
10022,191
10023,4858
10023,10705
10024,12502
10025,425
10025,11896
10026,14318
10027,5995
10027,9936
10028,23
10028,8292
10029,2620
10030,1137
10030,2665
10030,8964
10030,11122
10031,3185
10031,5255
10032,191
10033,191
10034,784
10034,1150
10034,4626
10034,7524
10035,11687
10036,8351
10036,11251
10037,191
10038,191
10039,13892
10040,13125
10041,191
10042,191
10043,191
10044,3720
10044,7304
10044,14995
10045,9625
10046,1495
10046,5156
10047,13385
10047,14679
10048,3486
10048,3825
10048,13508
10049,3402
10049,14079
10049,14247
10050,13474
10050,14736
10051,3558
10051,8780
10051,10482
10051,10655
10052,1725
10052,10212
10053,6555
10053,8967
10054,3302
10054,9954
10054,13593
10055,1493
10055,6695
10055,10624
10056,543
10056,1157
10056,3956
10056,8847
10056,13676
10057,5796
10057,11284
10057,14198
10058,2875
10059,1704
10059,3056
10059,14876
10060,3361
10061,2799
10062,9128
10063,191
10064,4093
10064,14791
10064,14940
10065,272
10066,5287
10067,4864
10068,3788
10068,6683
10069,130
10069,6593
10069,10842
10070,1567
10070,9259
10071,4311
10072,8948
10073,11485
10073,11995
10073,13599
10073,14624
10074,10907
10075,5535
10075,8027
10076,191
10077,8923
10078,1726
10078,10889
10079,8639
10079,11207
10079,14929
10080,191
10081,191
10082,2227
10082,4816
10082,11393
10082,13910
10083,10741
10083,13786
10083,14328
10084,9899
10084,14771
10085,4726
10086,4691
10086,12287
10087,191
10088,3508
10089,191
10090,3329
10091,11037
10091,14240
10092,191
10093,191
10094,191
10095,191
10096,2151
10097,191
10098,4977
10098,11816
10098,14477
10099,11227
10100,4392
10100,10851
10101,7909
10102,191
10103,191
10104,191
10105,6586
10105,9229
10106,2974
10107,191
10108,191
10109,191
10110,191
10111,191
10112,4098
10113,8163
10113,10055
10114,191
10115,191
10116,191
10117,13574
10118,3561
10118,6939
10118,13661
10119,1827
10119,3897
10119,8958
10120,2039
10120,10200
10121,329
10121,4056
10121,15045
10122,191
10123,1848
10123,12277
10124,191
10125,30
10125,3547
10125,7640
10125,9270
10126,11917
10126,12994
10127,3754
10127,11917
10127,14114
10127,14911
10128,1115
10128,6779
10128,8859
10128,13792
10128,14536
10129,6756
10129,9849
10129,12537
10130,2369
10130,4184
10130,6827
10130,8036
10130,10514
10131,14650
10132,8533
10132,9467
10133,14650
10134,9341
10135,14040
10136,6841
10136,8285
10137,8625
10138,1555
10138,4982
10138,5099
10139,191
10140,4827
10140,10499
10140,13562
10141,11045
10142,5938
10143,11422
10144,10121
10145,11588
10145,12626
10146,1720
10146,12634
10147,3280
10147,3577
10147,11000
10147,11456
10148,191
10149,6144
10149,13060
10150,191
10151,11931
10152,11526
10153,10503
10153,13863
10154,13752
10155,5795
10155,9500
10155,10035
10155,10417
10156,3731
10156,8504
10156,10322
10157,191
10158,6961
10158,12517
10158,13825
10159,1742
10159,14412
10160,1189
10160,10746
10160,13816
10161,2496
10161,4126
10161,8153
10161,8806
10161,13864
10161,14241
10162,4708
10162,7019
10163,745
10164,12463
10164,14023
10165,3689
10166,1568
10166,2925
10167,4099
10168,10361
10168,12216
10169,9253
10169,13847
10170,620
10170,7148
10171,7213
10171,7505
10172,3073
10172,12792
10173,7413
10174,7904
10174,10067
10174,11381
10174,13830
10175,1488
10175,14374
10176,5040
10177,4982
10177,5857
10178,3164
10178,5933
10178,8653
10179,4631
10179,9959
10180,11448
10181,1110
10181,13446
10181,14413
10182,191
10183,191
10184,8067
10184,10557
10185,900
10185,4950
10185,8704
10186,96
10186,263
10187,607
10188,191
10189,9658
10189,10625
10190,2398
10191,11619
10192,3690
10193,7917
10193,8704
10194,6089
10194,7301
10194,11735
10195,13266
10196,1046
10196,11764
10196,14018
10197,7878
10197,8586
10197,12750
10197,13140
10198,1568
10198,2186
10199,4727
10200,12380
10200,13916
10201,6789
10201,13546
10201,14420
10202,191
10203,2931
10203,10341
10204,4062
10204,4232
10204,7053
10204,12902
10205,5260
10205,11046
10206,5260
10206,11046
10207,191
10208,191
10209,3362
10209,7544
10209,14623
10210,648
10211,3470
10211,3496
10211,4493
10212,13679
10213,8385
10214,191
10215,191
10216,191
10217,10644
10217,12206
10218,191
10219,8246
10220,191
10221,9746
10222,4111
10222,6618
10222,7125
10222,12644
10223,5636
10223,5686
10223,5849
10223,10099
10224,5636
10224,5849
10225,1093
10226,191
10227,4011
10227,6094
10227,12664
10228,2172
10228,3548
10228,8413
10228,12272
10229,2601
10229,8080
10230,871
10230,11585
10231,2732
10232,12235
10233,8031
10234,191
10235,191
10236,191
10237,8235
10238,2634
10239,2535
10239,4762
10240,2979
10240,12141
10241,1075
10241,9322
10241,12532
10241,12656
10242,7067
10242,14813
10243,9047
10243,10684
10244,4164
10244,9842
10245,13207
10246,5977
10246,14126
10247,191
10248,750
10248,7785
10249,8689
10250,326
10250,5698
10250,12267
10251,7009
10252,1458
10252,1939
10253,1391
10253,10426
10253,13123
10254,9746
10255,5577
10255,10462
10256,2298
10257,804
10257,5327
10258,1043
10258,8029
10259,2248
10259,2299
10259,6382
10259,8256
10260,10173
10261,1887
10262,7774
10262,12756
10263,191
10264,5405
10264,5871
10264,6628
10264,11998
10265,5905
10265,13028
10266,191
10267,191
10268,10486
10268,13031
10269,938
10270,12777
10271,2680
10271,7007
10272,12482
10272,13115
10273,66
10273,553
10273,982
10273,5538
10273,12022
10274,1255
10274,6304
10274,7030
10275,1163
10275,11757
10275,13031
10275,14588
10276,2664
10276,3905
10276,4217
10276,12044
10277,8383
10277,11398
10277,14974
10278,1468
10279,191
10280,578
10280,3323
10280,3560
10281,191
10282,10835
10282,14259
10283,7030
10283,12296
10284,3925
10284,11321
10285,223
10285,5166
10286,191
10287,191
10288,5229
10288,8784
10288,10770
10288,13107
10289,6683
10290,3788
10290,11023
10290,14529
10291,7774
10291,12756
10292,6424
10292,6683
10292,12153
10293,5883
10293,5935
10294,191
10295,13
10295,8814
10296,797
10296,7300
10296,7399
10296,8757
10296,9867
10296,12660
10296,13943
10297,328
10298,4990
10298,11035
10299,951
10300,191
10301,7179
10302,2967
10302,6603
10302,9882
10302,11375
10303,13279
10304,904
10305,191
10306,12361
10307,191
10308,191
10309,2470
10309,6837
10309,12308
10309,12948
10310,1545
10310,14054
10311,1582
10311,4532
10312,1082
10312,4244
10313,191
10314,1089
10315,701
10316,12025
10317,191
10318,191
10319,3478
10319,11838
10320,3478
10320,11838
10321,4972
10321,9110
10321,11395
10321,12178
10321,13800
10322,5230
10322,12872
10322,13441
10323,1654
10323,4026
10324,1067
10324,11385
10325,11169
10326,13162
10327,191
10328,2815
10328,12462
10329,13383
10330,1526
10330,1635
10330,14936
10331,13902
10332,1241
10332,2696
10332,7456
10332,9165
10332,12661
10333,7827
10333,8082
10334,5413
10335,4596
10336,191
10337,13750
10338,5961
10338,7308
10338,12387
10339,2453
10339,3835
10340,4581
10340,11100
10340,15064
10341,5366
10341,10124
10341,13316
10342,6929
10342,10070
10342,12949
10343,5857
10343,6057
10343,12302
10344,3942
10345,1635
10345,4954
10346,813
10346,6564
10346,6791
10346,11582
10346,11711
10346,13748
10347,237
10347,772
10348,477
10348,7028
10348,9377
10348,14871
10349,7102
10349,9575
10349,10521
10350,9496
10351,4206
10351,5487
10351,5788
10351,10735
10352,191
10353,191
10354,8897
10355,2230
10355,2912
10355,6372
10355,8981
10355,11881
10356,6566
10357,3806
10358,7625
10358,10136
10358,10275
10358,12467
10359,1099
10360,2456
10360,2972
10360,3491
10360,14194
10361,509
10361,7203
10361,11419
10361,13813
10362,5332
10362,9419
10363,191
10364,991
10364,3098
10364,3917
10364,8711
10364,13751
10365,8456
10365,8471
10366,882
10366,7432
10367,2707
10368,1613
10369,5953
10369,6170
10369,14859
10370,4379
10370,8070
10371,13166
10372,3376
10372,13916
10373,191
10374,4196
10374,5895
10374,11327
10375,4419
10375,13892
10376,5849
10376,9402
10377,6003
10378,680
10378,11296
10379,51
10379,2812
10379,8687
10379,13182
10380,8370
10381,6655
10381,7677
10381,8856
10382,6389
10382,12468
10383,3799
10383,4786
10383,12752
10384,6013
10384,7784
10384,8471
10384,12134
10385,5350
10385,12136
10386,2582
10386,5670
10387,1815
10387,5386
10387,5851
10388,191
10389,191
10390,2216
10391,14215
10392,1713
10392,6167
10392,12320
10393,3243
10393,14430
10394,10029
10395,2815
10396,13923
10397,5491
10397,11636
10398,12330
10399,1389
10399,4582
10399,10441
10399,12861
10400,8273
10401,6480
10401,8696
10401,13535
10402,10835
10403,1014
10403,2628
10403,7092
10403,8437
10404,9369
10404,10830
10404,11159
10404,11695
10405,2203
10405,8702
10406,2227
10406,4355
10406,11854
10407,8239
10408,9771
10408,13394
10409,3734
10409,9180
10410,9108
10411,5002
10411,14178
10412,1963
10412,2972
10412,3693
10412,6062
10412,10520
10412,10922
10412,14194
10413,475
10413,829
10413,13750
10414,920
10414,12069
10415,1308
10415,2795
10416,191
10417,13343
10418,14572
10419,14928
10420,14836
10421,7163
10422,191
10423,6955
10424,2014
10425,5003
10425,13152
10426,4432
10426,9405
10427,743
10427,1076
10427,2501
10427,6480
10428,2752
10428,7350
10429,1324
10429,7161
10430,1228
10430,13880
10431,191
10432,191
10433,6001
10433,13582
10434,2423
10434,2643
10435,2205
10436,191
10437,8400
10437,8615
10437,13780
10438,2533
10438,2704
10438,7264
10438,12409
10438,15054
10439,6421
10439,9501
10440,2824
10440,4243
10441,1738
10441,7021
10441,10437
10442,6061
10442,11133
10443,13704
10444,191
10445,9956
10445,14385
10446,5665
10446,9248
10446,12677
10447,6467
10448,10484
10448,12823
10449,10333
10449,12029
10450,191
10451,8592
10451,10122
10452,10197
10452,14478
10453,7726
10453,10041
10454,570
10455,191
10456,4759
10457,2483
10457,10989
10457,14219
10457,14833
10458,399
10458,14909
10459,647
10459,6552
10459,12262
10460,1997
10460,3202
10461,865
10461,5453
10461,12596
10462,602
10463,14381
10464,2160
10464,13306
10465,12078
10465,14995
10466,8802
10466,12495
10467,11215
10467,14492
10468,6833
10468,7303
10469,191
10470,7107
10471,1715
10471,8624
10471,9819
10471,13404
10472,191
10473,107
10473,3693
10473,6062
10473,8789
10473,11036
10474,1398
10474,1808
10474,14374
10475,11649
10476,12264
10476,13591
10477,9185
10477,14742
10478,9329
10479,5461
10479,11639
10479,11891
10479,13592
10480,2855
10480,9456
10481,191
10482,2334
10483,6099
10484,4515
10484,5735
10485,3533
10485,13699
10486,6203
10486,14087
10487,191
10488,7468
10488,13164
10489,7051
10489,8265
10490,9673
10490,14412
10491,3292
10491,6069
10491,13502
10491,14370
10491,15042
10492,2796
10493,706
10493,5334
10493,6329
10493,10597
10493,14273
10494,2064
10494,3337
10495,7599
10495,9453
10495,9756
10496,1516
10496,3223
10496,5008
10497,7527
10498,8944
10499,7288
10499,11707
10500,2729
10500,12280
10501,11075
10502,1002
10502,13803
10503,6870
10503,9371
10504,4881
10504,14919
10505,5779
10505,12812
10506,191
10507,4835
10507,7404
10507,14319
10508,4803
10509,191
10510,6687
10511,3858
10511,14660
10512,1670
10512,10671
10512,11920
10513,1073
10513,3462
10513,5055
10514,531
10514,8812
10515,191
10516,11047
10517,191
10518,191
10519,6935
10520,9950
10521,1878
10521,3781
10521,10989
10521,13663
10522,191
10523,3438
10523,12922
10524,4066
10525,9082
10525,13738
10526,191
10527,2986
10527,3826
10527,8135
10528,1395
10528,2446
10529,7058
10529,10087
10529,10250
10530,13648
10531,11737
10531,14321
10532,191
10533,9104
10534,561
10534,1664
10535,191
10536,191
10537,1664
10537,14363
10538,191
10539,191
10540,561
10541,191
10542,8654
10543,191
10544,191
10545,3623
10546,191
10547,2325
10547,4911
10547,9345
10548,13166
10549,191
10550,191
10551,4932
10552,14975
10553,1371
10553,7262
10553,10729
10553,13371
10554,7526
10555,191
10556,191
10557,4357
10557,6043
10558,191
10559,31
10559,4473
10560,7346
10560,12525
10561,2853
10561,3481
10561,4488
10561,5126
10561,7420
10561,9166
10562,1074
10562,11454
10562,11847
10562,14274
10562,14284
10563,5599
10563,14274
10564,5599
10564,14274
10565,6417
10565,14274
10566,10213
10566,14274
10567,6417
10567,10213
10567,13962
10567,14274
10568,2603
10568,14274
10569,10213
10569,14274
10570,10213
10570,14274
10571,1941
10571,10213
10571,14274
10572,371
10573,14953
10574,1941
10574,10213
10574,14274
10575,6417
10575,13962
10575,14274
10576,191
10577,9102
10577,9927
10578,1444
10578,12786
10579,889
10579,8711
10579,14436
10580,191
10581,809
10581,7633
10581,14306
10582,2274
10582,6200
10583,2124
10583,9517
10583,11856
10584,1591
10584,3782
10584,8906
10585,1565
10586,9866
10587,191
10588,191
10589,1015
10589,3778
10589,14831
10590,191
10591,227
10591,5343
10591,10392
10591,10548
10592,2529
10593,6967
10594,1609
10594,6164
10594,8816
10594,11545
10594,15089
10595,191
10596,191
10597,5431
10598,1644
10598,13488
10599,10707
10599,14879
10600,2581
10601,2176
10601,12043
10601,12326
10601,14253
10602,10800
10602,15033
10603,348
10603,4744
10603,7977
10604,321
10604,675
10605,2686
10605,6614
10606,7309
10606,12642
10606,13864
10607,6843
10607,15059
10608,9146
10609,3877
10610,9341
10611,6223
10611,9741
10612,796
10612,13107
10613,5590
10613,7271
10613,13107
10614,10578
10614,11917
10615,191
10616,191
10617,1232
10618,692
10618,13408
10619,561
10620,1080
10620,14337
10621,1080
10621,14337
10622,561
10622,709
10622,1664
10623,561
10623,709
10623,1664
10623,4001
10623,9725
10623,12472
10624,561
10624,1664
10625,191
10626,4676
10626,9509
10627,1669
10627,7228
10628,191
10629,404
10629,5634
10629,11056
10630,4372
10630,4838
10631,3323
10632,12665
10633,12328
10634,651
10634,4303
10634,5131
10634,10276
10635,191
10636,6681
10637,13887
10638,191
10639,191
10640,810
10640,5973
10640,11435
10640,13253
10641,6077
10642,4395
10642,4916
10643,5184
10644,4957
10644,5493
10645,191
10646,191
10647,3119
10647,8403
10648,191
10649,7368
10649,7594
10649,14461
10650,191
10651,191
10652,191
10653,191
10654,2433
10655,5181
10655,13167
10656,191
10657,3274
10657,9688
10657,13522
10658,191
10659,10000
10660,1256
10660,1666
10661,3249
10661,6962
10662,4475
10662,8340
10662,11306
10663,13844
10664,213
10665,976
10665,8522
10666,12071
10667,4522
10668,6817
10668,10604
10668,12124
10668,12254
10669,191
10670,6817
10671,191
10672,2210
10672,10835
10673,3475
10673,9906
10674,4929
10674,8558
10675,1288
10675,6801
10675,7834
10675,8142
10676,14820
10677,191
10678,2782
10678,7133
10678,13773
10679,12582
10680,4664
10680,5212
10680,5945
10680,8931
10680,11059
10681,1205
10681,6164
10681,11545
10681,13052
10682,191
10683,370
10683,4203
10684,655
10684,4396
10684,7681
10684,8508
10684,9450
10684,11488
10684,13127
10685,816
10685,2431
10685,2909
10685,4143
10685,5847
10685,6832
10685,8508
10685,9375
10686,7883
10686,13085
10687,608
10687,2204
10688,7065
10688,7743
10688,13490
10689,12564
10690,191
10691,357
10691,6728
10692,2507
10692,3401
10692,9324
10692,12235
10693,209
10693,1802
10693,9823
10693,9858
10693,11810
10693,13569
10694,1165
10694,1970
10695,5031
10695,12196
10696,191
10697,4257
10697,5947
10698,11043
10699,248
10699,9555
10700,2869
10700,13653
10700,14157
10701,13653
10701,14157
10702,2229
10702,2869
10702,13653
10702,14157
10703,6132
10703,8969
10704,4616
10704,6738
10705,6343
10705,8350
10706,10723
10706,13636
10707,594
10708,13303
10709,951
10709,10920
10710,594
10711,2820
10711,7540
10711,14554
10712,191
10713,191
10714,5654
10715,1948
10715,6053
10715,8277
10716,2907
10716,15077
10717,13990
10718,10356
10719,295
10719,10315
10720,5822
10720,6510
10720,11617
10721,6017
10721,7814
10721,7877
10721,11264
10722,628
10722,1897
10722,4578
10722,11883
10722,11982
10722,12056
10722,13297
10723,2199
10723,3537
10723,4771
10723,5425
10723,5880
10723,12592
10724,191
10725,191
10726,2636
10727,13580
10728,11931
10729,6167
10729,7162
10730,4417
10730,12824
10731,6112
10731,13690
10732,3777
10732,12998
10733,13900
10734,1274
10734,4817
10735,1737
10735,6346
10736,5950
10737,1588
10737,5781
10738,10508
10738,13585
10739,5376
10739,8858
10740,4092
10740,8373
10741,13710
10742,8715
10742,9664
10743,12117
10744,450
10744,2647
10744,14311
10745,3826
10745,3860
10745,9907
10745,13166
10746,10647
10747,12639
10747,13672
10748,191
10749,5491
10749,11636
10749,14879
10750,5898
10750,9513
10751,1459
10751,3109
10752,11096
10753,2229
10753,8514
10754,10939
10755,4711
10756,4746
10756,14699
10757,3383
10757,12062
10757,14202
10758,2114
10758,8326
10758,11248
10759,1581
10760,8793
10760,10352
10760,14987
10761,191
10762,191
10763,1590
10763,8423
10764,8480
10764,14968
10765,191
10766,191
10767,191
10768,1303
10768,7342
10768,13769
10769,191
10770,9084
10770,10147
10771,191
10772,191
10773,5797
10773,8727
10774,191
10775,3876
10776,191
10777,4474
10778,328
10778,2476
10778,4368
10778,4726
10778,5808
10779,5886
10779,6099
10779,9392
10780,5886
10780,6099
10780,9392
10781,8641
10782,520
10783,7209
10783,12813
10784,7778
10785,191
10786,3351
10786,10476
10786,13105
10786,14150
10787,828
10787,1739
10787,3954
10787,5453
10787,9653
10787,11074
10787,14552
10787,14673
10788,3148
10788,6574
10788,7280
10788,11285
10789,1268
10790,8753
10791,191
10792,14657
10793,6412
10793,10397
10793,14799
10794,4783
10794,14240
10795,1926
10795,2663
10795,3927
10795,10982
10796,8632
10797,191
10798,3836
10798,9614
10798,12507
10798,14666
10799,10980
10799,11084
10800,2082
10800,6309
10801,334
10801,9751
10801,11980
10802,2195
10803,1518
10803,11008
10804,2899
10804,4971
10805,9561
10805,9667
10805,10533
10806,4187
10806,6864
10807,4699
10808,191
10809,8529
10809,14996
10810,3797
10811,7934
10812,7031
10812,14397
10813,6248
10814,3734
10814,3917
10814,9180
10814,9868
10814,12587
10815,992
10816,3984
10817,9208
10817,9631
10817,11168
10817,14615
10818,4530
10818,11161
10819,5558
10819,5726
10819,7794
10820,7578
10820,13239
10820,14598
10821,3984
10822,5363
10822,11518
10823,238
10823,2406
10824,3917
10824,10460
10824,12587
10825,8952
10825,13683
10825,14655
10826,296
10826,4337
10826,11987
10827,1138
10828,8356
10829,4421
10829,12862
10830,348
10830,3941
10830,12464
10831,3556
10831,3816
10831,7394
10832,10840
10832,13914
10833,5586
10833,9015
10833,13268
10834,218
10834,5053
10835,3335
10835,9461
10836,4057
10837,10944
10837,14995
10838,191
10839,12683
10840,191
10841,5623
10842,5072
10842,5154
10842,7318
10842,7737
10843,7402
10844,4518
10844,7383
10845,8071
10846,13806
10847,191
10848,895
10848,8610
10848,10155
10848,12375
10849,191
10850,9014
10850,9137
10851,8045
10852,3734
10852,5816
10853,191
10854,7551
10854,8057
10854,14561
10855,780
10855,9951
10856,7348
10857,421
10857,8039
10857,11955
10857,14161
10858,3231
10858,7003
10858,13129
10859,6750
10860,2726
10860,12926
10861,14412
10861,14477
10862,2701
10863,2717
10863,3623
10864,8816
10864,12377
10865,93
10865,4389
10866,2058
10866,4027
10866,11479
10866,11779
10867,9348
10868,5620
10868,9331
10869,1471
10869,8567
10869,12814
10870,2208
10871,595
10871,5986
10871,13430
10872,1110
10872,5521
10872,12481
10873,951
10873,1207
10873,5346
10874,5276
10875,191
10876,191
10877,12102
10878,1955
10878,9429
10878,13812
10879,407
10879,3154
10879,8094
10880,191
10881,3343
10881,4812
10881,10193
10882,6672
10883,7094
10883,9195
10884,4248
10884,8316
10885,4849
10885,14486
10886,7451
10887,13855
10888,14272
10889,107
10889,8789
10889,10827
10890,4457
10890,6308
10891,14699
10892,3458
10892,14680
10893,3590
10893,9928
10893,12853
10894,1729
10894,4284
10895,959
10895,5919
10895,7034
10896,167
10896,14012
10897,1770
10898,561
10898,1664
10899,223
10899,1424
10900,818
10900,4874
10900,14942
10901,7071
10902,9989
10902,10094
10902,12571
10902,13685
10903,5217
10903,12437
10904,3191
10904,3658
10904,7506
10904,12569
10904,13437
10905,5302
10905,5456
10905,13401
10905,14603
10905,14773
10906,3940
10906,14435
10907,6289
10907,6933
10908,1982
10908,5759
10908,14382
10909,13713
10909,14068
10910,191
10911,6520
10911,12620
10912,191
10913,6308
10913,15041
10914,191
10915,12209
10915,14084
10916,2507
10916,3401
10917,718
10917,3259
10918,191
10919,191
10920,191
10921,10865
10922,191
10923,191
10924,191
10925,191
10926,1830
10927,2826
10927,8033
10927,9980
10927,11561
10928,6760
10929,191
10930,4885
10930,10819
10931,9667
10931,9742
10931,11012
10932,10502
10932,11999
10933,317
10933,14705
10934,191
10935,8990
10936,6807
10937,191
10938,7611
10939,250
10940,1604
10940,2974
10941,6291
10941,9294
10942,8343
10943,777
10944,3967
10944,13009
10945,191
10946,191
10947,10895
10947,14527
10948,14721
10949,1473
10949,2810
10949,5661
10949,12800
10950,6803
10950,14677
10951,8854
10951,13735
10952,10531
10953,10271
10954,1481
10954,7998
10955,191
10956,3162
10956,13981
10957,1763
10957,6657
10957,9810
10958,2366
10958,8087
10958,9670
10958,12834
10959,191
10960,8452
10961,6320
10962,7998
10962,11271
10963,10531
10964,191
10965,7998
10966,191
10967,5410
10968,4390
10968,7998
10968,11127
10968,11271
10969,7998
10969,11127
10969,11271
10970,4012
10970,7998
10970,11127
10971,10399
10972,3721
10972,6662
10972,11111
10973,230
10974,14771
10975,5270
10975,5979
10975,9556
10975,10126
10975,10306
10976,5475
10976,6657
10977,542
10977,10567
10977,13442
10978,9305
10979,1708
10980,191
10981,7543
10981,9830
10981,13609
10982,13442
10983,2750
10983,6428
10984,5439
10985,2684
10985,4932
10985,9291
10986,12699
10987,10830
10988,9392
10988,9793
10989,6099
10990,11697
10991,3273
10991,8864
10992,191
10993,7968
10993,12037
10994,14373
10994,14716
10995,191
10996,191
10997,191
10998,5392
10998,8165
10998,9404
10998,10830
10999,9571
10999,13022
11000,2677
11000,14910
11001,3329
11002,191
11003,10473
11004,13987
11005,1845
11005,9182
11005,9929
11006,191
11007,1314
11008,1008
11008,9862
11008,14500
11009,191
11010,5045
11010,5538
11011,6199
11011,12941
11011,14479
11012,4892
11012,9580
11013,1384
11013,6548
11013,8502
11014,10422
11014,13780
11015,257
11015,1550
11015,9346
11016,191
11017,5180
11017,6219
11018,264
11018,930
11018,9003
11018,9527
11018,12314
11019,132
11019,12558
11019,13787
11020,1148
11020,2445
11020,4608
11021,12193
11021,14028
11022,9135
11022,13831
11023,8313
11024,2343
11024,4875
11024,9036
11025,191
11026,4301
11027,5828
11028,4251
11028,5999
11029,2122
11029,3615
11030,8897
11030,13962
11031,7997
11032,10747
11032,11309
11033,280
11033,11783
11034,12969
11034,14500
11035,7023
11035,7943
11036,5829
11036,7023
11037,4328
11037,6748
11038,8600
11038,14314
11039,1386
11040,191
11041,191
11042,3703
11043,837
11043,14780
11044,951
11044,1975
11044,3451
11044,7354
11044,8487
11044,10920
11045,1420
11045,13761
11046,2611
11046,4369
11046,7411
11046,14945
11047,6276
11047,8449
11047,13306
11048,191
11049,6500
11050,191
11051,1018
11052,4039
11053,9485
11054,4290
11054,11017
11055,3035
11055,3208
11055,5392
11055,12391
11056,8663
11056,12133
11056,12643
11057,191
11058,191
11059,4667
11059,5594
11059,9300
11059,13361
11060,12761
11061,191
11062,2123
11062,5045
11062,11431
11062,13833
11063,3647
11063,6735
11064,191
11065,2825
11065,4381
11065,13065
11066,3992
11066,9236
11067,5586
11067,13268
11068,13348
11069,2236
11070,191
11071,10584
11072,799
11072,3723
11072,12026
11072,12908
11073,13598
11074,191
11075,1943
11075,7209
11076,4510
11076,5312
11077,6079
11077,10170
11078,3931
11079,3339
11079,5205
11079,12148
11079,12863
11079,13001
11079,14907
11080,9998
11080,11631
11081,191
11082,1556
11082,2059
11082,2095
11082,10226
11083,5859
11084,4804
11084,5493
11084,6479
11084,11345
11085,1425
11085,2065
11085,6682
11086,36
11086,7462
11087,14812
11088,1428
11088,4938
11088,6443
11089,3877
11090,10496
11090,11187
11091,1574
11091,2244
11091,4471
11091,10465
11092,3921
11092,4378
11092,9295
11093,11550
11094,191
11095,191
11096,1205
11096,6543
11096,12281
11096,13727
11097,8843
11097,10544
11098,14435
11099,191
11100,6529
11100,7025
11100,11838
11101,8528
11101,14248
11102,7559
11103,1711
11103,6021
11104,191
11105,191
11106,191
11107,902
11107,3863
11107,7808
11107,13181
11108,3329
11108,8120
11109,1110
11109,6214
11110,7190
11110,13381
11111,191
11112,8692
11112,9439
11113,2457
11113,7296
11113,14860
11114,6061
11114,11133
11115,6061
11115,11133
11116,8930
11116,14864
11117,7640
11118,10532
11119,1936
11119,10443
11119,11267
11120,3312
11120,6323
11121,191
11122,629
11122,13278
11123,12503
11124,3744
11124,4814
11124,6156
11124,8867
11125,3332
11125,7090
11126,7799
11126,11156
11127,12227
11127,14715
11128,1573
11128,3190
11128,10365
11129,6989
11130,504
11131,10324
11132,6310
11133,11614
11134,1005
11134,5378
11135,5542
11135,5884
11135,6836
11135,9914
11136,191
11137,4977
11137,14953
11138,107
11138,8789
11138,10547
11139,2860
11139,2870
11139,11615
11139,13654
11140,2163
11140,5303
11140,13044
11140,13410
11140,14252
11141,1740
11141,7767
11142,9955
11143,33
11143,3538
11143,9348
11143,12880
11144,12569
11144,13437
11145,865
11145,6870
11145,9371
11146,5107
11146,12918
11147,191
11148,191
11149,4382
11149,6237
11150,191
11151,191
11152,470
11152,10030
11153,191
11154,191
11155,191
11156,191
11157,191
11158,7966
11158,13248
11159,4438
11159,9948
11160,3030
11160,14886
11161,191
11162,6023
11163,853
11163,4131
11163,9149
11164,10030
11164,13184
11165,2808
11165,3552
11165,13101
11165,14889
11166,2793
11167,4842
11167,9093
11167,11024
11167,12230
11168,1595
11168,1684
11169,11384
11169,12724
11170,4432
11170,5852
11170,9405
11171,191
11172,191
11173,4052
11173,4982
11173,5572
11173,6149
11173,11766
11174,10101
11175,2878
11175,6149
11175,8668
11176,2761
11176,12922
11176,14808
11177,191
11178,191
11179,2620
11180,6865
11180,7980
11180,9322
11181,9327
11181,11594
11181,13202
11182,7075
11183,191
11184,5824
11184,14396
11185,4008
11186,4369
11187,14193
11188,1402
11188,2624
11188,2985
11188,3551
11188,3736
11188,8439
11188,10463
11188,10690
11189,11034
11190,5507
11190,13498
11191,491
11191,1086
11191,1899
11191,4341
11192,5975
11192,7223
11192,9437
11192,13349
11193,12236
11193,13229
11194,9978
11194,11689
11195,2020
11196,11302
11197,3147
11198,7535
11198,8978
11199,191
11200,6120
11201,2550
11201,3328
11202,1998
11202,14163
11203,1378
11204,1872
11205,7380
11206,5176
11206,5890
11206,7400
11206,8591
11207,4887
11207,12800
11208,10186
11209,9949
11209,12357
11210,191
11211,191
11212,3381
11212,7908
11212,9596
11212,10563
11213,2358
11213,12045
11214,191
11215,7343
11215,11558
11216,191
11217,10987
11218,1380
11218,3399
11218,7787
11219,6953
11219,11182
11219,13729
11220,5260
11220,11046
11221,8810
11221,8972
11221,9984
11222,547
11223,10278
11224,945
11224,8082
11224,10278
11224,13367
11225,2517
11226,8937
11227,3893
11228,1043
11228,8029
11229,5260
11229,11046
11230,87
11230,1553
11230,3219
11231,13598
11232,10584
11233,10044
11234,3211
11235,1650
11236,9648
11237,9313
11237,9543
11237,10256
11238,1578
11238,2811
11238,3424
11238,5662
11238,5753
11238,6817
11238,10708
11238,10948
11238,11308
11238,13210
11238,14752
11239,1970
11239,10664
11239,10888
11239,11225
11240,4036
11241,12114
11241,13403
11241,14648
11242,8384
11243,942
11243,2467
11244,5169
11244,10171
11245,1855
11245,2335
11245,4704
11245,10298
11246,2140
11246,4293
11246,11187
11246,11305
11246,11598
11247,1485
11248,942
11249,4297
11250,3047
11250,3337
11251,28
11251,1901
11251,6678
11252,7448
11252,13045
11253,191
11254,220
11254,296
11254,5091
11255,10508
11255,12802
11256,5407
11256,9376
11256,13655
11257,1067
11257,4497
11257,8611
11257,11904
11258,2539
11258,3887
11258,6685
11259,8450
11259,13477
11260,7079
11260,14122
11261,314
11261,2979
11261,12141
11262,7135
11263,9571
11263,9667
11263,9742
11264,2876
11264,3507
11264,3692
11265,361
11265,2298
11265,7116
11265,9365
11265,12773
11266,3535
11267,689
11267,14515
11268,4997
11268,6114
11269,1179
11269,5580
11269,11903
11270,9673
11271,191
11272,2042
11272,5555
11272,10413
11273,6814
11274,13666
11275,181
11275,12706
11275,14528
11276,166
11276,4950
11276,9191
11276,13150
11276,14915
11276,15087
11277,8632
11278,5952
11279,2382
11279,6940
11279,7438
11279,12635
11280,191
11281,3510
11281,6653
11281,11697
11282,3760
11282,10267
11283,10581
11283,11658
11284,2615
11284,8704
11284,11621
11284,14133
11285,2943
11285,3758
11285,5687
11285,10726
11286,6958
11287,191
11288,1645
11288,5494
11289,447
11289,4036
11290,9078
11290,12260
11291,191
11292,3341
11292,6983
11292,9673
11293,730
11293,3567
11294,1602
11294,10320
11295,4296
11295,11118
11296,6330
11296,10003
11296,12403
11296,13137
11297,380
11297,14635
11298,4766
11299,4982
11299,6777
11300,1596
11300,2171
11301,191
11302,191
11303,191
11304,560
11304,4420
11305,7169
11306,6230
11306,10299
11307,191
11308,13494
11309,13750
11310,2417
11310,2943
11310,3153
11310,12123
11310,12161
11311,2635
11311,3647
11311,3704
11311,8638
11312,10551
11313,3337
11314,5471
11314,11391
11314,12586
11314,12818
11315,191
11316,3160
11316,10681
11317,6835
11317,11838
11317,14684
11318,2693
11318,14317
11319,4683
11319,7842
11320,3194
11320,11289
11321,7816
11321,14475
11322,3277
11323,2515
11323,2998
11324,6556
11325,6957
11325,9276
11326,8168
11327,1101
11327,8543
11327,9249
11328,132
11328,5572
11328,11766
11329,733
11329,14923
11330,9546
11331,5498
11332,10234
11333,7694
11334,763
11334,3377
11334,4967
11334,8498
11334,13122
11335,84
11335,12935
11336,4305
11336,4387
11336,14610
11337,3304
11337,11842
11338,191
11339,1156
11339,9308
11339,14044
11340,191
11341,726
11341,11634
11342,4233
11342,4533
11343,2673
11344,4216
11344,10362
11345,1003
11345,10485
11345,11872
11346,2052
11346,5491
11346,8524
11346,11636
11347,191
11348,1732
11348,7638
11349,3740
11349,13425
11350,481
11350,4449
11350,6727
11350,7600
11350,9745
11351,4749
11351,5078
11351,11738
11352,14953
11353,5004
11353,8721
11353,14160
11354,191
11355,8428
11356,9604
11357,947
11357,8250
11357,12852
11357,14583
11358,8959
11359,1409
11359,14484
11360,14953
11361,7263
11361,12913
11362,3803
11362,5533
11362,8145
11362,9763
11362,13810
11362,14348
11363,4099
11363,14778
11364,691
11364,832
11364,4217
11364,10989
11364,14833
11365,6048
11365,7882
11365,11962
11365,12657
11365,14559
11366,4160
11366,6047
11367,3432
11367,5475
11367,7125
11367,8243
11367,9810
11367,12644
11368,1220
11369,4833
11369,12308
11369,12948
11370,11028
11370,12757
11371,2902
11371,10372
11372,2223
11372,5774
11372,5949
11373,950
11373,9888
11374,191
11375,5694
11375,6131
11376,11209
11377,6530
11377,6809
11377,13673
11377,13837
11378,2773
11378,10508
11379,2080
11380,191
11381,3806
11382,6257
11382,12810
11383,6505
11383,13165
11384,8000
11385,191
11386,12769
11387,8070
11388,1859
11388,4093
11388,15070
11389,1566
11389,11279
11390,7603
11390,12602
11391,3151
11391,4900
11391,8747
11392,6097
11393,191
11394,12996
11395,5310
11396,12477
11397,14820
11398,1866
11398,6088
11399,14058
11400,640
11400,10622
11401,839
11401,3100
11402,194
11402,3730
11402,10340
11402,14903
11403,191
11404,6043
11404,7586
11404,11344
11405,9449
11406,191
11407,191
11408,191
11409,191
11410,14987
11411,10424
11411,13853
11412,429
11412,8608
11412,9802
11413,191
11414,6967
11414,14095
11415,9752
11416,2170
11416,12651
11417,1340
11418,191
11419,9307
11419,12288
11420,4210
11420,6673
11421,2587
11421,3224
11421,6514
11421,6982
11421,8826
11421,10439
11422,5039
11422,9873
11423,3860
11423,8043
11423,11773
11424,9149
11424,10586
11424,11918
11425,11909
11426,8535
11426,9920
11427,10395
11428,9603
11429,627
11429,8632
11429,11795
11429,12216
11430,5159
11430,10730
11430,11974
11431,2204
11432,8086
11433,4212
11433,6972
11434,5248
11434,8089
11435,617
11435,5248
11435,8089
11436,191
11437,191
11438,8445
11439,191
11440,390
11440,1059
11441,3411
11441,6141
11441,10357
11442,1751
11442,8804
11443,6852
11443,13747
11444,1479
11445,4240
11445,7299
11446,191
11447,10647
11447,13057
11448,191
11449,902
11449,3863
11450,191
11451,2980
11451,4179
11451,9446
11452,191
11453,5084
11453,12058
11454,11010
11455,10617
11456,191
11457,1625
11457,8069
11457,13997
11458,191
11459,6688
11460,8724
11460,8907
11461,199
11461,5799
11461,5996
11461,13018
11462,33
11462,1109
11462,12811
11463,2545
11463,2979
11463,12141
11464,387
11464,4351
11464,4706
11464,9410
11465,6151
11465,10254
11466,1198
11466,13048
11466,14508
11467,5013
11467,6122
11467,7786
11467,8573
11467,9856
11468,2943
11468,9446
11469,3272
11470,2462
11470,9103
11470,11887
11471,1916
11471,2503
11471,13931
11471,13957
11472,3148
11472,6574
11472,7280
11472,11969
11473,191
11474,5903
11474,14249
11475,4211
11476,7898
11477,9644
11477,10835
11478,11759
11479,4255
11479,10835
11480,4637
11481,7830
11481,9422
11482,5108
11482,6325
11482,13529
11483,14658
11484,2965
11484,6568
11484,13903
11484,14828
11485,1331
11485,5915
11485,6747
11485,6811
11485,10216
11485,14050
11486,2128
11486,6434
11486,12496
11486,12699
11487,3639
11487,8945
11487,13007
11488,8521
11489,7640
11490,165
11490,14203
11491,13528
11492,453
11492,716
11493,191
11494,191
11495,7141
11495,9018
11495,10245
11495,11667
11495,11671
11496,1471
11496,4397
11497,6948
11498,5547
11498,9503
11498,12516
11499,6292
11499,12548
11500,191
11501,191
11502,1312
11502,4629
11502,4967
11503,3379
11504,6231
11505,1087
11505,7445
11506,1477
11506,3507
11506,10989
11506,12980
11506,14580
11506,14833
11506,14930
11507,3276
11508,191
11509,505
11509,4788
11509,10763
11510,1471
11510,9893
11511,11847
11511,12675
11512,11847
11513,1135
11513,10817
11514,11847
11515,210
11515,2022
11515,11847
11516,11847
11517,11936
11517,14902
11518,191
11519,7421
11519,13330
11520,745
11520,5289
11520,7947
11520,14119
11521,2987
11521,11469
11522,6204
11523,191
11524,7085
11524,8070
11525,191
11526,6230
11526,10299
11526,14051
11526,14905
11527,3499
11527,8738
11527,14482
11528,2295
11529,191
11530,4168
11530,11254
11531,9
11531,5985
11531,6148
11532,14063
11532,14941
11533,14677
11534,2191
11534,9657
11534,15025
11535,2424
11535,8716
11536,9874
11537,10897
11537,11375
11538,9721
11539,9356
11540,1878
11540,5631
11540,8808
11540,10989
11540,14693
11541,300
11541,13523
11542,14700
11543,191
11544,443
11544,14446
11545,919
11545,1856
11545,13064
11545,14271
11546,5310
11546,5671
11546,10879
11546,12329
11547,496
11547,1803
11547,8289
11547,9298
11548,191
11549,2337
11549,5903
11549,10208
11550,2388
11550,4334
11550,8345
11550,12777
11550,14051
11551,2056
11551,10178
11551,11793
11551,13468
11552,191
11553,191
11554,9720
11554,10402
11554,13707
11555,4566
11556,1824
11556,3716
11557,2209
11557,9761
11557,14266
11557,14805
11558,191
11559,2644
11559,3397
11559,8816
11559,14094
11560,6347
11561,1063
11561,4327
11562,1937
11563,8436
11564,4017
11564,8908
11564,13414
11565,7345
11566,7272
11566,14425
11567,13965
11568,7043
11568,10835
11569,7106
11569,11237
11569,13601
11570,230
11571,224
11571,5170
11571,9789
11572,4660
11572,5656
11573,191
11574,2883
11574,10031
11574,10755
11575,1673
11575,4164
11575,4275
11576,239
11576,3507
11576,6241
11576,9894
11577,616
11578,191
11579,5363
11579,12627
11580,7758
11581,191
11582,10391
11582,14934
11583,985
11583,4864
11584,1082
11584,4244
11585,4979
11585,5363
11585,8084
11585,11072
11586,4979
11586,5363
11586,8084
11586,11072
11587,5612
11587,7031
11588,5953
11588,6170
11588,14859
11589,66
11589,5083
11589,8719
11589,8821
11589,13371
11589,14833
11590,12426
11590,13105
11591,5926
11591,12216
11591,14055
11592,5043
11592,9904
11593,191
11594,6256
11594,10425
11595,191
11596,191
11597,15079
11598,1807
11598,9251
11598,11589
11598,13346
11599,6982
11600,8849
11600,9198
11601,8039
11601,14872
11602,150
11602,627
11602,5176
11602,6318
11602,11795
11602,11903
11603,8314
11603,12422
11603,13789
11604,5683
11604,12174
11604,12747
11604,14511
11605,13651
11605,13745
11606,6280
11606,14172
11607,7517
11608,8179
11608,11692
11609,5565
11609,9701
11610,1471
11610,9893
11611,7806
11612,191
11613,12065
11613,14404
11614,2580
11615,10001
11615,15049
11616,5478
11616,10131
11616,14787
11617,5540
11618,8384
11619,7897
11619,12470
11620,1641
11620,3189
11620,12961
11621,1790
11621,11110
11621,14484
11622,191
11623,7030
11624,191
11625,2373
11626,14754
11627,5491
11627,11636
11628,2318
11629,7732
11629,8518
11630,6491
11630,14013
11631,2010
11631,7733
11632,3149
11632,12751
11633,13830
11634,3169
11634,9470
11635,1440
11636,1323
11636,5597
11637,2429
11637,3414
11637,3819
11637,6992
11637,8538
11638,3507
11638,4494
11638,7406
11639,10196
11640,1774
11640,13680
11641,8567
11641,12814
11642,300
11642,13523
11643,191
11644,9739
11645,12775
11646,191
11647,671
11647,2856
11647,11578
11648,6783
11648,7946
11648,11569
11649,10602
11649,11778
11649,13984
11650,693
11650,6111
11651,191
11652,10359
11653,115
11653,823
11654,1685
11654,6959
11654,8471
11655,1840
11655,4768
11656,5242
11657,931
11657,6373
11658,9722
11659,191
11660,10112
11661,191
11662,191
11663,8542
11664,315
11665,7904
11665,10710
11665,11381
11666,2482
11666,2972
11666,4700
11666,11660
11666,11677
11667,967
11667,8390
11667,12658
11668,5880
11668,12274
11668,12323
11669,4093
11669,4621
11669,5783
11669,10387
11670,7529
11670,8657
11671,191
11672,191
11673,4986
11674,11697
11675,5895
11675,10627
11675,11217
11675,14123
11675,14930
11676,191
11677,15061
11678,13337
11679,6531
11679,12332
11680,5400
11680,10868
11680,13909
11680,14783
11681,915
11681,2810
11681,7513
11681,8149
11682,5644
11682,14147
11683,5295
11683,8185
11684,417
11685,2131
11685,4082
11685,6036
11685,9843
11685,10023
11686,11434
11687,1870
11687,3996
11687,7622
11687,9317
11687,10065
11687,14053
11688,3746
11688,13245
11689,928
11689,3872
11689,13476
11690,6997
11691,7145
11691,12546
11691,12927
11692,443
11692,14446
11693,959
11693,2343
11693,5919
11694,1992
11694,8803
11694,12883
11694,12915
11695,5333
11695,6473
11696,191
11697,396
11697,2799
11697,3006
11698,10897
11699,9598
11699,13283
11700,5702
11701,191
11702,1516
11702,3223
11702,5008
11703,135
11703,7385
11704,629
11705,2543
11705,6511
11705,9027
11706,12011
11707,8181
11708,2216
11709,191
11710,4445
11710,12172
11711,3020
11711,6603
11711,9882
11712,1878
11712,5114
11712,10989
11712,12900
11712,14833
11713,7528
11714,3500
11714,10630
11714,12555
11715,9983
11716,1668
11716,9760
11716,14870
11717,4578
11717,6706
11717,8984
11717,8991
11717,9292
11717,10609
11717,10913
11718,1868
11718,2303
11718,4532
11718,14550
11719,1476
11720,13923
11721,3188
11721,8330
11721,14161
11722,191
11723,10213
11723,14274
11724,6417
11724,14274
11725,2129
11725,13939
11725,14274
11726,191
11727,13962
11727,14274
11728,4093
11728,4196
11729,4641
11729,5818
11729,12000
11729,12684
11729,13145
11730,504
11731,1711
11731,2945
11731,6021
11732,463
11733,10367
11733,13930
11734,8347
11734,10323
11735,1984
11735,4447
11735,8869
11736,2313
11736,5720
11736,12301
11736,14086
11737,5988
11737,8989
11737,13742
11737,14576
11738,3833
11738,12959
11739,1644
11739,2757
11739,8968
11740,14320
11740,14370
11741,1644
11741,13488
11742,11590
11743,7586
11743,11344
11744,664
11744,10788
11744,13481
11745,4092
11745,5530
11745,7277
11745,13181
11746,4422
11746,7494
11747,8916
11748,3871
11748,14484
11749,7621
11749,10776
11750,1996
11751,31
11751,4473
11752,4792
11752,7094
11753,6583
11754,4406
11755,6308
11755,13915
11756,3367
11756,6294
11757,4676
11758,191
11759,6379
11759,14995
11760,191
11761,6379
11761,14995
11762,723
11762,13116
11763,191
11764,257
11764,1550
11764,13669
11765,2542
11765,3822
11766,622
11766,3212
11766,9230
11767,191
11768,13554
11769,3447
11769,8922
11769,13354
11770,985
11771,5101
11771,5996
11772,5129
11772,9442
11772,10395
11772,12683
11773,4221
11773,4266
11774,2767
11774,3093
11774,8973
11775,4297
11775,11416
11776,5757
11776,12963
11777,2765
11777,7293
11777,13306
11778,8926
11779,6280
11779,7208
11780,9204
11781,2610
11781,3206
11781,3734
11782,1300
11782,5163
11783,11129
11784,11129
11784,14732
11785,7816
11785,14475
11786,8761
11787,1846
11788,5205
11788,10795
11788,11584
11789,985
11789,4864
11789,6517
11790,4674
11790,6496
11790,10156
11790,12960
11791,11653
11791,14538
11792,13545
11793,2643
11794,7209
11794,12813
11795,14308
11796,6101
11796,9703
11797,14704
11798,6989
11798,10521
11799,3580
11800,3970
11801,191
11802,191
11803,4312
11803,6189
11803,8010
11803,13963
11803,15082
11804,191
11805,8220
11805,14470
11806,840
11806,10694
11807,5107
11807,14530
11808,6265
11808,9665
11808,10292
11809,3895
11809,5562
11810,5617
11811,3517
11811,11142
11812,10688
11813,545
11813,7943
11813,12547
11813,14444
11814,191
11815,5486
11815,6266
11815,11495
11816,339
11816,9348
11816,10534
11817,191
11818,3515
11818,6737
11819,12794
11820,901
11820,1214
11820,2651
11820,8949
11821,191
11822,7802
11823,11455
11824,10753
11825,191
11826,7056
11826,14101
11827,2493
11828,191
11829,3581
11829,10835
11830,5510
11830,6161
11830,13946
11831,1225
11831,5355
11832,280
11832,5869
11832,7227
11833,4321
11833,9147
11833,14468
11834,2755
11834,11555
11835,11991
11836,191
11837,191
11838,3809
11838,12845
11839,1119
11839,1551
11839,6752
11840,6438
11840,7719
11841,7580
11841,9340
11841,11721
11842,1316
11842,4633
11842,13594
11843,1978
11844,191
11845,2555
11845,10422
11846,208
11846,6742
11846,6778
11846,11053
11847,6667
11847,13329
11848,4498
11848,5828
11849,8102
11849,10420
11849,11001
11849,14354
11850,1738
11850,9410
11850,11194
11851,1534
11851,6911
11852,1349
11853,191
11854,11607
11855,10495
11856,1487
11856,7535
11856,8978
11856,11185
11857,221
11857,1031
11858,14941
11859,1922
11859,5250
11859,8234
11859,11601
11859,12059
11859,12828
11860,257
11860,1550
11860,3510
11860,6653
11860,14518
11861,3566
11861,7625
11862,8384
11863,24
11863,597
11863,2876
11863,7638
11863,7792
11864,2342
11864,5798
11865,3096
11865,10924
11866,1142
11866,11917
11867,11270
11867,12624
11868,7309
11868,13864
11869,1280
11869,2871
11869,5138
11869,9684
11869,10136
11870,1664
11871,191
11872,830
11872,2426
11872,5153
11872,7560
11872,10962
11872,12337
11873,3225
11873,6395
11873,12011
11874,4080
11874,6448
11874,6624
11875,1543
11876,3341
11876,5255
11876,10287
11877,13223
11877,13613
11878,2863
11878,6032
11878,7441
11879,10763
11880,13109
11881,5974
11881,11022
11881,11086
11882,8873
11882,9119
11883,157
11883,4914
11883,5348
11883,7406
11884,5207
11885,10467
11886,2337
11887,14355
11888,223
11888,3341
11888,3801
11888,14480
11889,14677
11890,7629
11890,11468
11890,12815
11891,6011
11891,6886
11892,191
11893,6001
11893,10615
11893,13582
11894,4596
11894,9392
11895,2792
11895,3197
11896,30
11896,3547
11896,8234
11896,10032
11896,11320
11896,12059
11897,4401
11897,11367
11897,13665
11897,15020
11898,1952
11898,7334
11899,9195
11899,13902
11900,1531
11900,5325
11901,6313
11901,12754
11901,13006
11901,13932
11902,1531
11902,5325
11903,1058
11903,5709
11903,10951
11903,12538
11903,14887
11904,4902
11904,7510
11905,1985
11905,5389
11905,13775
11906,5551
11906,7555
11906,9508
11906,9521
11907,4505
11907,14621
11908,1963
11908,2972
11908,3060
11908,3693
11908,6062
11908,7903
11908,8281
11908,10505
11909,5323
11909,8608
11910,8874
11910,13370
11911,3659
11911,8730
11911,11317
11912,1257
11912,4117
11912,8457
11912,11090
11913,9675
11914,5266
11914,12976
11915,1689
11916,1676
11916,10992
11916,14118
11916,15052
11917,5604
11917,10801
11918,5820
11918,9066
11919,8443
11920,5889
11921,13988
11922,7472
11922,12420
11923,3848
11923,5852
11924,14240
11925,4668
11926,737
11926,796
11926,3754
11926,14911
11927,3741
11927,8605
11928,604
11929,4022
11930,191
11931,2078
11932,6582
11933,6996
11933,9795
11933,14122
11933,14654
11934,2671
11934,5761
11934,6103
11934,11705
11935,540
11935,6187
11935,10542
11936,10502
11936,11999
11936,13795
11937,4526
11938,11704
11939,191
11940,11704
11941,3986
11942,573
11942,11704
11943,14327
11944,573
11944,11704
11945,14941
11946,3827
11947,5751
11948,1475
11949,191
11950,13240
11950,14981
11951,1384
11951,8502
11951,12940
11952,14512
11953,191
11954,191
11955,9322
11955,12532
11955,12656
11956,9813
11956,14987
11957,75
11957,257
11957,1550
11957,2975
11957,3901
11957,12947
11958,3512
11959,191
11960,10674
11961,697
11962,12603
11963,6026
11964,191
11965,3669
11965,5465
11966,2887
11966,8116
11967,3231
11967,6841
11967,9295
11967,11751
11968,3806
11968,13790
11969,9367
11970,3144
11970,6068
11970,7237
11971,8632
11971,12216
11972,278
11972,4251
11972,4819
11972,7899
11972,13190
11972,14558
11973,1371
11973,2536
11973,3937
11973,7262
11974,4575
11974,13532
11975,11830
11975,13831
11976,10835
11976,14259
11977,3301
11978,3301
11979,2493
11980,13776
11981,4533
11981,7764
11981,10704
11982,10573
11982,14384
11983,3624
11983,5584
11984,9258
11984,11802
11984,12207
11984,13509
11985,8386
11985,10880
11986,3301
11987,9310
11987,12304
11987,12559
11988,3607
11989,2300
11989,11919
11990,11830
11990,13831
11991,916
11991,11991
11992,13900
11993,10732
11994,13336
11995,2231
11995,7066
11996,4850
11996,13562
11997,1191
11997,6355
11997,8210
11997,8960
11997,11462
11998,4456
11998,6380
11998,8843
11998,10544
11998,14159
11999,5580
11999,7656
12000,4600
12000,13232
12000,14257
12001,2183
12001,7251
12002,13266
12002,14928
12003,2183
12003,7251
12003,9318
12004,2510
12005,6149
12005,8216
12005,10513
12006,11382
12006,13063
12007,9259
12007,11209
12008,5699
12008,10287
12009,2470
12009,5083
12009,6837
12009,7738
12010,10922
12011,677
12011,2910
12011,10887
12012,6677
12013,4629
12013,4919
12013,8498
12014,3915
12014,13808
12015,84
12015,12935
12016,13236
12017,191
12018,1645
12018,2855
12018,10110
12019,1645
12019,2855
12019,14810
12020,4084
12020,8387
12020,8943
12021,5372
12021,5718
12021,8316
12022,10735
12022,12089
12023,4709
12023,13178
12024,556
12024,4285
12024,7422
12025,191
12026,10923
12027,4308
12027,11121
12028,174
12028,3727
12028,5624
12028,7347
12029,4644
12029,13583
12030,11225
12031,1477
12031,3248
12031,6491
12032,6406
12032,14746
12033,4844
12033,7139
12033,11016
12034,5633
12034,6219
12034,13860
12035,86
12035,1934
12036,8011
12037,4512
12038,5267
12038,7382
12039,8539
12039,12820
12040,11179
12041,3380
12041,9717
12042,7967
12043,3021
12043,11449
12044,3876
12044,7469
12045,3876
12045,7469
12046,4213
12047,11579
12048,12998
12049,8031
12049,14703
12050,5026
12050,9620
12051,5142
12051,5255
12052,8088
12052,13117
12053,6302
12053,11570
12054,10763
12055,191
12056,15021
12057,5562
12057,11463
12058,4637
12058,11507
12059,2801
12059,3228
12060,5703
12060,9896
12060,11261
12061,7951
12061,13116
12062,1890
12062,1952
12062,14006
12063,2911
12063,6712
12064,663
12064,3842
12064,10587
12065,12037
12065,14883
12066,7316
12067,10016
12067,15085
12068,191
12069,231
12069,11235
12069,14938
12070,4092
12071,13200
12072,11706
12073,8897
12073,13962
12074,452
12074,11797
12075,2324
12075,6421
12076,4683
12076,12970
12076,14074
12077,191
12078,4483
12079,4483
12080,191
12081,3842
12081,6302
12082,191
12083,4372
12083,6626
12084,191
12085,3115
12085,4372
12086,191
12087,12793
12088,4838
12089,10835
12090,3957
12090,8000
12091,3673
12091,4696
12091,10316
12092,7747
12092,14938
12093,2755
12093,13865
12094,12587
12095,3932
12095,5582
12095,6136
12095,10610
12096,191
12097,6751
12097,13378
12098,5325
12098,10783
12099,11788
12099,11973
12100,5512
12100,13802
12100,14516
12101,8532
12102,191
12103,5829
12103,7023
12104,191
12105,3231
12105,3976
12106,4676
12106,5176
12106,6308
12106,10767
12107,1700
12107,4676
12107,9815
12108,2477
12108,7950
12108,14703
12109,13404
12110,582
12110,5340
12111,6104
12111,10140
12112,4537
12112,12362
12113,191
12114,1602
12114,4676
12114,7068
12114,10767
12115,191
12116,6718
12117,191
12118,7943
12118,9533
12119,191
12120,1670
12120,4713
12120,6515
12121,7747
12122,191
12123,5960
12124,191
12125,6286
12125,6974
12126,191
12127,308
12127,6286
12128,191
12129,191
12130,3309
12130,13072
12130,14860
12131,2682
12132,1817
12132,11484
12133,8000
12134,14
12134,12185
12135,1817
12135,11484
12136,3482
12136,15001
12137,352
12137,4791
12137,10659
12138,568
12138,2974
12138,3464
12139,352
12139,4791
12139,10659
12140,8902
12140,9149
12140,14891
12141,7334
12141,10171
12142,4683
12142,7842
12142,13103
12143,4783
12143,14546
12144,8000
12145,348
12145,2128
12145,4173
12145,14284
12146,223
12147,3993
12147,6093
12148,2682
12149,13783
12149,14546
12150,4649
12150,5304
12150,13570
12151,4676
12151,10173
12151,10767
12152,2682
12153,1753
12153,4127
12154,4288
12154,9912
12155,9424
12155,9850
12155,11451
12156,5007
12156,12227
12157,12541
12158,5314
12158,5885
12158,9301
12159,7781
12159,11209
12160,442
12160,1181
12160,8450
12161,1418
12161,5633
12161,10073
12161,12227
12162,402
12162,597
12162,627
12162,11795
12163,4950
12163,9586
12164,191
12165,7564
12165,9639
12166,6252
12166,9433
12167,3949
12167,7709
12168,7980
12168,13667
12169,13752
12170,1973
12170,10407
12170,11015
12170,12965
12171,1450
12171,3575
12171,7905
12171,8228
12171,12463
12171,14438
12172,9937
12172,14783
12172,14906
12173,2463
12174,4845
12174,8462
12175,12426
12175,13105
12176,10656
12176,13126
12176,13640
12177,440
12177,4179
12177,11736
12178,5259
12178,12858
12178,14435
12179,11276
12179,13680
12180,9190
12181,7288
12181,11707
12182,925
12183,6219
12183,10993
12184,4992
12184,9356
12185,1621
12185,4306
12185,9845
12186,5793
12187,2029
12187,2718
12187,9809
12187,10724
12188,1827
12189,3634
12190,985
12190,1309
12191,656
12192,11383
12193,33
12193,1507
12193,12692
12194,191
12195,191
12196,6871
12196,13138
12197,11061
12197,13430
12198,13580
12199,191
12200,12582
12201,6453
12202,10359
12202,12590
12202,14476
12203,12800
12204,13712
12205,3162
12206,936
12207,7592
12208,1499
12208,9484
12209,4069
12210,3008
12210,3269
12210,8032
12210,9248
12211,9724
12211,9791
12211,10645
12211,13296
12212,6465
12213,2558
12213,12950
12213,12990
12214,516
12215,5975
12215,9437
12216,2006
12216,9929
12217,4746
12217,8542
12217,10590
12218,8700
12218,14593
12219,1128
12219,14476
12220,6371
12220,7980
12221,2464
12221,11005
12222,9657
12223,5135
12224,191
12225,419
12226,9740
12226,14623
12227,191
12228,419
12229,11429
12229,11987
12229,12594
12229,13308
12230,1148
12230,6920
12230,8646
12230,12497
12230,12539
12231,191
12232,2034
12233,4601
12234,6707
12235,8490
12235,9742
12236,3059
12236,3132
12236,9022
12236,9438
12237,191
12238,12237
12239,191
12240,319
12241,11244
12242,11217
12242,14813
12243,6480
12243,10791
12244,3955
12244,6149
12244,11543
12245,2519
12245,7170
12245,14249
12246,4579
12246,6449
12246,7738
12247,5103
12247,12499
12248,8321
12249,7832
12249,14092
12250,5286
12251,3719
12252,4627
12252,7676
12252,10903
12253,7201
12253,12463
12253,14023
12254,4093
12254,4196
12254,6702
12255,11912
12256,1908
12256,4028
12256,6749
12256,8598
12256,14832
12257,191
12258,191
12259,5431
12259,15079
12260,3805
12260,10919
12261,90
12261,4240
12261,7299
12262,10736
12263,11194
12263,12697
12264,3133
12264,4119
12264,4478
12264,4880
12265,9069
12265,9311
12265,11058
12265,11718
12265,13325
12266,276
12266,11651
12267,620
12267,902
12267,3639
12267,3863
12267,7148
12267,13007
12268,9215
12268,10321
12269,3080
12269,12281
12270,738
12270,766
12271,8384
12272,2205
12273,1805
12273,2085
12273,4465
12274,10847
12275,2351
12275,11544
12276,8602
12276,11395
12276,12178
12277,9957
12277,12032
12277,12463
12277,15025
12278,455
12278,1091
12278,5454
12278,10177
12279,88
12279,1948
12279,2552
12280,470
12280,2980
12280,14257
12281,5551
12281,7555
12282,413
12282,4134
12282,5766
12282,6296
12282,14145
12283,2282
12283,5679
12284,11660
12284,11677
12285,1803
12285,10714
12285,11283
12285,12287
12285,14850
12286,191
12287,9941
12287,14830
12288,284
12289,191
12290,665
12290,3760
12290,8966
12290,10267
12291,8349
12292,12149
12293,6995
12293,14484
12294,10532
12295,5636
12295,5849
12296,2092
12296,5654
12296,13507
12297,8871
12297,12445
12297,13968
12298,2194
12298,9476
12299,577
12299,11062
12300,6411
12300,13814
12301,6872
12302,8246
12303,191
12304,4567
12304,5363
12304,7700
12304,10108
12305,7259
12306,7165
12306,10675
12306,10778
12306,12243
12306,12457
12306,12478
12306,13767
12306,14290
12307,191
12308,12966
12309,4079
12309,12152
12309,13420
12310,5740
12311,11452
12311,13812
12312,1498
12313,8020
12313,13811
12314,66
12315,191
12316,2865
12316,13198
12317,5192
12317,9475
12318,826
12318,4313
12319,4882
12320,7089
12321,1101
12321,10119
12322,594
12322,10294
12323,191
12324,8654
12325,191
12326,2552
12326,4692
12326,8145
12326,9763
12327,8518
12328,5269
12328,11976
12329,8206
12329,8629
12330,4568
12330,11749
12331,294
12331,11265
12332,191
12333,13666
12334,7079
12334,14940
12335,7111
12335,7312
12335,14314
12336,1052
12336,11395
12336,12178
12337,191
12338,191
12339,191
12340,191
12341,210
12341,2185
12341,15041
12342,4437
12343,681
12343,858
12343,1109
12343,2031
12343,8362
12343,12811
12344,5975
12344,9437
12344,9690
12344,11838
12345,7068
12345,7921
12345,12048
12346,568
12346,2974
12347,5333
12347,6473
12347,12978
12348,11851
12348,12820
12348,14484
12349,288
12349,322
12349,3083
12349,3102
12350,2765
12350,3134
12350,4103
12351,63
12351,10857
12351,12351
12352,1717
12352,3205
12352,10417
12353,14412
12354,191
12355,7974
12356,454
12357,10063
12358,7445
12359,10063
12360,7686
12360,10063
12361,505
12361,3782
12362,3167
12362,7638
12363,5464
12363,14391
12364,8979
12365,9819
12366,367
12366,3014
12366,3921
12366,4378
12367,9430
12368,1833
12368,14424
12369,602
12370,7132
12370,7634
12370,8816
12370,12642
12371,4558
12371,12105
12372,9348
12372,11531
12372,13298
12373,191
12374,10934
12374,12701
12375,7586
12375,11344
12376,2470
12376,3447
12376,6837
12376,12308
12376,12948
12377,8888
12378,1101
12378,8543
12378,9249
12379,2093
12379,8230
12379,13817
12380,1051
12381,11851
12381,14484
12382,11102
12382,11406
12383,191
12384,2670
12384,3356
12384,4224
12384,11754
12384,13530
12385,7672
12386,1321
12387,191
12388,11934
12389,11931
12390,3651
12390,5429
12390,6848
12391,5176
12391,8402
12392,5176
12392,8402
12393,218
12393,13110
12394,7288
12395,8282
12395,9691
12396,1359
12396,7026
12397,11951
12397,14723
12398,5838
12398,10137
12399,191
12400,3810
12400,11875
12401,1069
12401,3610
12401,8913
12401,11361
12402,1477
12402,14623
12403,191
12404,6164
12404,6935
12404,11545
12405,6219
12406,6835
12406,14684
12407,4754
12407,12979
12408,5333
12408,6219
12408,6473
12409,2200
12409,8194
12409,14365
12410,1751
12410,5422
12410,8804
12410,13799
12411,6511
12412,2147
12412,4779
12412,11250
12413,2943
12414,2975
12414,3901
12414,4399
12414,11790
12414,12947
12415,191
12416,4324
12417,11257
12417,14770
12418,4172
12418,4316
12418,5063
12418,10769
12419,6716
12419,13327
12419,14927
12420,2015
12420,2028
12420,4091
12420,6877
12420,8037
12420,14427
12421,66
12421,1294
12422,2697
12422,11730
12423,1137
12423,2665
12423,8964
12424,3552
12424,5148
12424,8644
12424,14044
12425,1448
12425,8767
12425,13529
12426,203
12426,10489
12426,11318
12427,3031
12427,3136
12427,8026
12427,13267
12427,14330
12428,5935
12428,12251
12428,14445
12429,5935
12429,12251
12429,14445
12430,8384
12431,12642
12432,4444
12432,7352
12433,191
12434,6487
12434,6939
12435,6638
12435,13683
12436,2856
12436,3293
12436,10395
12437,7575
12438,14085
12439,13426
12440,6967
12440,14095
12441,11722
12441,11937
12442,1373
12443,13354
12444,10532
12445,1268
12446,1217
12446,12120
12446,12693
12447,13862
12448,3835
12449,4955
12450,10682
12450,12363
12450,13435
12451,2274
12451,6866
12452,5517
12452,7259
12453,2537
12453,5553
12454,3507
12454,7361
12455,780
12455,7019
12455,9951
12456,4289
12456,6511
12457,191
12458,4144
12458,5627
12458,13810
12459,191
12460,3734
12460,5816
12461,1731
12461,7732
12462,8350
12462,8949
12462,12175
12463,5011
12463,9859
12464,9840
12465,191
12466,9603
12466,12402
12467,8875
12467,10448
12467,14766
12468,7172
12469,1570
12470,2212
12470,11864
12471,902
12471,1811
12471,3863
12471,5890
12472,191
12473,2968
12473,11091
12474,11709
12475,3689
12475,5217
12476,4647
12477,3477
12477,10293
12478,7116
12479,8992
12479,13906
12479,14677
12480,3003
12481,191
12482,4879
12483,2547
12483,8631
12483,11158
12483,11466
12484,103
12484,14432
12485,10666
12485,12978
12486,3153
12487,2512
12487,3535
12487,10908
12488,7319
12489,32
12489,4596
12490,32
12490,2005
12490,4596
12491,11216
12492,191
12493,3636
12493,5177
12494,14866
12495,719
12495,11502
12496,4683
12496,7842
12496,8790
12497,9
12497,2204
12497,5985
12497,6216
12497,6815
12498,13247
12498,14257
12499,4608
12500,15074
12501,11130
12501,11737
12502,2249
12502,5014
12502,6638
12502,8415
12503,7601
12503,12063
12504,63
12504,6088
12504,12351
12505,191
12506,191
12507,8086
12508,6179
12508,10491
12508,13518
12509,1411
12509,2383
12509,5488
12510,7499
12510,7811
12510,10150
12510,12245
12511,6239
12511,13718
12512,1190
12513,3555
12514,4879
12514,8079
12515,2250
12515,13126
12516,11442
12517,1160
12517,8632
12517,12216
12518,2869
12518,5591
12518,10552
12519,206
12519,1419
12519,5235
12519,6588
12520,3660
12520,10825
12521,7504
12522,13230
12523,2066
12524,5018
12525,4357
12525,11230
12525,11689
12526,191
12527,5800
12527,14495
12528,2128
12528,8016
12529,12578
12530,4534
12530,7261
12531,9967
12531,12404
12531,14267
12532,2197
12532,5121
12533,684
12533,6754
12534,191
12535,191
12536,4929
12536,8558
12537,191
12538,943
12539,746
12539,12942
12540,1810
12540,5784
12541,191
12542,9549
12543,5978
12543,8733
12544,2341
12544,13977
12545,191
12546,5987
12546,11652
12547,1095
12547,12468
12548,191
12549,6431
12549,7125
12549,12644
12550,7392
12551,2951
12551,6868
12551,10059
12551,11440
12551,14857
12552,11787
12553,191
12554,6287
12555,13207
12556,4429
12556,7275
12556,8388
12557,1628
12557,7361
12557,10377
12558,191
12559,191
12560,2034
12561,736
12561,1521
12561,8128
12561,14748
12562,8642
12563,2841
12563,10693
12563,11777
12563,11826
12563,13313
12563,13698
12564,15077
12565,191
12566,2249
12566,10588
12567,2249
12567,14023
12568,10964
12568,14963
12569,5931
12569,13322
12569,13950
12569,14362
12570,6210
12571,1848
12571,12277
12572,5978
12572,8733
12573,2
12573,4921
12573,11019
12574,223
12574,13435
12575,13533
12576,5609
12577,7
12577,3234
12577,5208
12577,5653
12577,11354
12578,2101
12579,5957
12579,14653
12580,6642
12580,13540
12581,13365
12582,2428
12582,11426
12583,834
12583,9252
12583,12036
12583,13458
12584,1774
12584,3622
12584,3693
12584,6062
12584,13680
12584,15071
12585,3506
12585,6308
12585,15041
12586,1778
12586,3646
12587,351
12587,2614
12588,191
12589,740
12590,191
12591,2037
12591,8766
12591,11088
12592,2356
12592,6798
12592,7515
12593,1727
12593,3231
12594,10779
12595,8397
12595,10010
12595,11738
12596,6146
12596,9398
12596,15047
12597,1520
12597,8999
12598,13580
12599,4309
12599,6557
12599,11457
12599,14451
12600,12522
12601,6146
12601,6607
12602,8616
12602,9909
12603,340
12603,10013
12604,13840
12605,4435
12606,3659
12606,5290
12607,11812
12607,14987
12608,8709
12609,1488
12609,8841
12609,10990
12610,627
12610,2721
12610,11795
12611,12755
12611,12892
12611,13320
12611,13459
12611,14053
12612,4340
12612,10968
12613,1360
12613,5052
12614,191
12615,4731
12615,10068
12616,11886
12617,1773
12617,3444
12617,4155
12617,4373
12617,12840
12618,1358
12618,1396
12618,3252
12618,4145
12618,6570
12618,7982
12618,12308
12618,12948
12618,14149
12619,734
12620,1570
12621,8661
12621,8968
12622,8661
12622,8968
12623,4616
12623,6738
12624,191
12625,14164
12626,10101
12627,2390
12627,9633
12627,11351
12628,8338
12628,14454
12628,15088
12629,11903
12630,4179
12630,9256
12630,9582
12630,14587
12631,1680
12632,191
12633,3924
12633,5289
12634,1249
12634,1708
12634,3611
12634,7464
12634,9690
12635,7474
12636,3523
12636,6109
12636,6867
12636,12537
12637,1510
12637,7483
12637,13672
12638,2763
12638,3954
12638,9653
12638,13122
12639,2212
12639,4058
12639,10866
12640,5478
12640,10131
12640,11047
12641,1067
12641,11904
12642,10791
12642,11012
12643,4251
12643,4819
12643,14558
12644,14987
12645,7848
12645,10468
12645,10917
12646,1570
12647,2293
12647,11253
12648,4955
12649,191
12650,191
12651,191
12652,191
12653,191
12654,191
12655,9597
12656,9776
12657,191
12658,14984
12659,191
12660,191
12661,191
12662,191
12663,191
12664,191
12665,191
12666,191
12667,191
12668,191
12669,10898
12669,15046
12670,191
12671,4965
12672,191
12673,191
12674,6828
12674,8138
12675,1745
12676,191
12677,5836
12678,191
12679,191
12680,7664
12680,14767
12680,14884
12681,191
12682,3352
12683,10215
12684,14003
12685,191
12686,191
12687,191
12688,191
12689,191
12690,191
12691,191
12692,191
12693,4877
12693,5810
12693,15069
12694,191
12695,191
12696,191
12697,6998
12698,788
12698,5850
12699,191
12700,191
12701,191
12702,11741
12703,13433
12704,191
12705,191
12706,191
12707,191
12708,191
12709,191
12710,191
12711,5976
12712,191
12713,191
12714,191
12715,191
12716,191
12717,191
12718,191
12719,191
12720,191
12721,191
12722,1060
12722,2333
12722,3794
12722,6404
12722,10077
12722,10239
12722,10523
12723,191
12724,191
12725,191
12726,1345
12726,3150
12727,191
12728,191
12729,191
12730,191
12731,191
12732,191
12733,191
12734,191
12735,191
12736,191
12737,191
12738,191
12739,191
12740,191
12741,191
12742,191
12743,191
12744,191
12745,191
12746,191
12747,191
12748,191
12749,191
12750,191
12751,191
12752,191
12753,191
12754,191
12755,5875
12755,14254
12756,13312
12757,191
12758,191
12759,191
12760,191
12761,191
12762,191
12763,191
12764,191
12765,191
12766,191
12767,191
12768,191
12769,191
12770,191
12771,191
12772,9047
12773,191
12774,191
12775,191
12776,191
12777,191
12778,191
12779,191
12780,191
12781,191
12782,191
12783,191
12784,191
12785,191
12786,191
12787,5864
12787,7245
12787,11624
12788,6495
12789,191
12790,191
12791,191
12792,191
12793,191
12794,10224
12795,191
12796,4158
12797,191
12798,191
12799,3011
12799,11620
12800,933
12801,12064
12802,191
12803,191
12804,191
12805,191
12806,191
12807,191
12808,14924
12809,11006
12810,191
12811,191
12812,191
12813,191
12814,13442
12815,191
12816,191
12817,191
12818,191
12819,191
12820,191
12821,191
12822,191
12823,191
12824,191
12825,4702
12825,9851
12826,191
12827,191
12828,4437
12829,191
12830,2337
12831,191
12832,191
12833,191
12834,191
12835,191
12836,191
12837,191
12838,191
12839,191
12840,2231
12840,7066
12840,9693
12841,191
12842,191
12843,191
12844,191
12845,191
12846,12139
12847,191
12848,191
12849,191
12850,191
12851,191
12852,191
12853,191
12854,2738
12854,11262
12854,11472
12855,7209
12855,12813
12856,191
12857,191
12858,12076
12859,191
12860,191
12861,191
12862,191
12863,191
12864,6157
12865,191
12866,191
12867,191
12868,191
12869,191
12870,191
12871,191
12872,191
12873,191
12874,191
12875,191
12876,191
12877,191
12878,191
12879,191
12880,191
12881,191
12882,191
12883,191
12884,191
12885,191
12886,191
12887,191
12888,191
12889,191
12890,13534
12891,191
12892,5245
12893,191
12894,1100
12895,9777
12895,10629
12896,191
12897,191
12898,191
12899,191
12900,10288
12900,11071
12900,11346
12901,191
12902,4133
12902,8089
12903,191
12904,4299
12904,10132
12905,191
12906,12545
12907,191
12908,838
12908,7150
12909,191
12910,10902
12911,191
12912,191
12913,191
12914,1751
12914,5200
12914,7717
12914,8804
12914,13682
12915,191
12916,191
12917,191
12918,191
12919,191
12920,191
12921,191
12922,191
12923,191
12924,191
12925,191
12926,6865
12926,7980
12926,9322
12927,9212
12928,191
12929,191
12930,191
12931,191
12932,191
12933,191
12934,191
12935,191
12936,191
12937,191
12938,191
12939,11683
12940,191
12941,191
12942,9971
12943,7929
12944,3554
12944,8312
12945,191
12946,191
12947,191
12948,191
12949,191
12950,191
12951,191
12952,191
12953,191
12954,191
12955,191
12956,3427
12957,191
12958,191
12959,1503
12959,7140
12959,7991
12960,191
12961,7512
12961,11405
12961,14848
12962,3427
12963,191
12964,191
12965,191
12966,191
12967,191
12968,191
12969,191
12970,191
12971,191
12972,191
12973,191
12974,191
12975,191
12976,191
12977,191
12978,191
12979,191
12980,191
12981,191
12982,191
12983,191
12984,191
12985,191
12986,191
12987,191
12988,191
12989,191
12990,191
12991,191
12992,191
12993,191
12994,191
12995,191
12996,191
12997,191
12998,191
12999,191
13000,191
13001,191
13002,191
13003,191
13004,3105
13004,4521
13004,11553
13005,1024
13006,1963
13006,2911
13006,7479
13006,8450
13007,191
13008,191
13009,191
13010,191
13011,191
13012,191
13013,191
13014,191
13015,191
13016,191
13017,191
13018,1616
13019,14897
13020,9355
13021,1123
13021,13374
13022,13375
13023,191
13024,191
13025,191
13026,4503
13026,6722
13026,7889
13027,191
13028,10104
13028,14955
13029,191
13030,191
13031,191
13032,191
13033,191
13034,191
13035,191
13036,191
13037,191
13038,9756
13038,13883
13039,431
13040,191
13041,191
13042,191
13043,191
13044,191
13045,191
13046,191
13047,191
13048,191
13049,191
13050,191
13051,191
13052,191
13053,2103
13054,191
13055,191
13056,191
13057,191
13058,191
13059,191
13060,191
13061,191
13062,191
13063,191
13064,191
13065,191
13066,191
13067,191
13068,191
13069,346
13070,1641
13070,7316
13071,191
13072,191
13073,7057
13074,191
13075,4111
13075,13998
13076,191
13077,191
13078,191
13079,191
13080,191
13081,1663
13082,191
13083,191
13084,191
13085,191
13086,191
13087,191
13088,6312
13089,191
13090,191
13091,191
13092,191
13093,191
13094,2885
13095,191
13096,191
13097,191
13098,191
13099,191
13100,191
13101,9155
13101,10600
13102,4928
13102,9268
13103,191
13104,5349
13104,12342
13104,12819
13105,191
13106,1566
13106,10240
13107,191
13108,191
13109,191
13110,191
13111,9974
13111,10909
13111,12370
13112,191
13113,191
13114,191
13115,191
13116,191
13117,191
13118,191
13119,11924
13120,191
13121,191
13122,191
13123,191
13124,2396
13124,6059
13124,6736
13124,8824
13124,12647
13125,2062
13126,10820
13127,191
13128,191
13129,191
13130,191
13131,191
13132,191
13133,191
13134,191
13135,216
13135,5050
13135,7623
13135,10665
13136,191
13137,2142
13138,191
13139,2142
13140,191
13141,191
13142,191
13143,9957
13143,11658
13143,12880
13143,12978
13143,14579
13144,191
13145,1062
13146,191
13147,13708
13148,191
13149,191
13150,191
13151,191
13152,191
13153,191
13154,191
13155,191
13156,191
13157,191
13158,191
13159,6785
13159,7798
13160,191
13161,6812
13162,1350
13163,191
13164,191
13165,191
13166,191
13167,191
13168,191
13169,191
13170,191
13171,191
13172,191
13173,13551
13174,191
13175,191
13176,191
13177,191
13178,4928
13178,9268
13179,191
13180,191
13181,191
13182,191
13183,191
13184,191
13185,191
13186,191
13187,191
13188,4822
13188,9477
13189,191
13190,191
13191,191
13192,191
13193,191
13194,191
13195,191
13196,191
13197,191
13198,191
13199,191
13200,191
13201,191
13202,191
13203,191
13204,191
13205,1583
13205,2496
13205,7027
13205,11510
13206,191
13207,191
13208,191
13209,191
13210,191
13211,191
13212,191
13213,191
13214,191
13215,11954
13216,191
13217,11830
13217,13831
13218,191
13219,7242
13220,191
13221,191
13222,191
13223,191
13224,12410
13225,12362
13226,191
13227,191
13228,191
13229,191
13230,4915
13230,5499
13230,6371
13230,11750
13231,191
13232,191
13233,191
13234,191
13235,191
13236,191
13237,191
13238,191
13239,191
13240,191
13241,191
13242,191
13243,191
13244,3104
13244,4408
13244,7823
13244,12188
13244,12297
13244,14766
13245,191
13246,191
13247,191
13248,191
13249,191
13250,191
13251,2841
13251,10693
13251,11777
13251,11826
13251,13313
13251,13698
13252,5595
13252,11697
13253,3425
13253,10276
13254,5657
13254,8007
13254,9582
13255,8879
13256,8968
13257,191
13258,2141
13258,10396
13258,10687
13259,2388
13259,6347
13260,931
13260,6373
13261,5606
13261,10042
13262,4535
13263,1236
13263,3924
13263,4087
13263,8548
13263,8717
13263,13158
13264,4097
13265,11838
13265,13500
13266,1299
13266,5983
13267,1510
13267,1644
13267,2757
13267,3617
13268,1510
13268,13491
13269,1510
13270,6033
13270,11384
13270,13170
13271,15064
13272,6494
13273,934
13273,2375
13273,4014
13273,11742
13274,2051
13274,12423
13275,316
13275,4616
13275,6738
13276,1510
13277,1510
13278,11444
13279,14370
13280,7949
13280,8197
13280,8673
13281,1725
13281,5185
13281,14463
13282,700
13282,12859
13283,557
13283,5577
13283,10462
13284,10090
13285,13358
13286,4904
13286,6336
13286,10081
13287,6642
13288,1060
13288,5369
13288,6103
13288,6404
13289,2952
13289,7174
13290,1738
13290,9410
13290,11194
13291,1570
13292,4400
13292,7011
13292,14467
13293,1045
13294,1566
13294,6149
13294,8854
13295,2310
13295,9208
13295,9631
13295,10491
13295,14012
13296,704
13296,3204
13296,6447
13296,6797
13296,8551
13296,11387
13296,11547
13296,12770
13297,4111
13297,6618
13297,9224
13298,2390
13298,9446
13299,3223
13300,3911
13300,5067
13300,10101
13301,1990
13302,191
13303,379
13303,8911
13303,9354
13304,12853
13305,12216
13306,12216
13307,379
13307,2006
13307,5314
13307,8911
13307,9301
13307,9354
13307,10669
13308,6607
13309,8632
13309,12216
13310,1043
13310,5140
13310,8029
13310,8821
13310,11232
13310,14833
13311,6557
13312,104
13312,737
13312,2441
13312,3861
13312,9285
13313,1316
13313,13594
13314,1316
13314,13594
13315,683
13316,4752
13316,9615
13316,11752
13317,1166
13317,5578
13317,7123
13318,3538
13318,10191
13319,9682
13320,14508
13321,7527
13321,8961
13322,1384
13322,3719
13322,11970
13322,13830
13323,86
13323,3693
13323,6062
13323,10922
13324,257
13324,1550
13324,8320
13324,10535
13325,3162
13325,5742
13325,6971
13325,14782
13326,191
13327,11901
13328,597
13328,1680
13328,5671
13329,1473
13329,1589
13329,5505
13329,13812
13330,2975
13330,3160
13330,7604
13330,12947
13331,191
13332,597
13332,877
13332,6336
13333,3138
13334,1065
13334,1236
13335,532
13336,1850
13336,2253
13336,6556
13337,6601
13337,9189
13337,11025
13337,13721
13338,671
13338,6184
13338,8060
13339,191
13340,3853
13340,8342
13340,13298
13341,4159
13341,9072
13342,1514
13342,7126
13343,1894
13343,6207
13343,15001
13344,5853
13344,6890
13344,7459
13345,4437
13346,3806
13346,14376
13347,3800
13347,11209
13347,14692
13348,1680
13348,4459
13349,2068
13349,2898
13349,13450
13350,53
13350,1315
13350,3781
13350,6656
13350,10989
13350,11054
13350,13663
13350,14580
13350,14833
13351,10532
13352,8
13352,3180
13352,6035
13353,7904
13353,11381
13354,6347
13355,2034
13355,3363
13355,12457
13356,2035
13356,10439
13356,13398
13357,9071
13357,9322
13358,5945
13358,6306
13359,4470
13359,8500
13359,9734
13359,10757
13359,12316
13360,3510
13360,6653
13360,14518
13361,86
13361,1934
13361,2972
13361,10922
13362,2886
13362,11823
13363,7530
13363,8916
13363,11321
13364,12642
13365,1029
13365,13592
13365,14574
13366,191
13367,5609
13367,5872
13368,592
13368,13757
13369,6190
13369,10806
13369,12715
13369,14907
13370,4848
13370,9184
13371,1477
13371,11508
13371,12980
13371,13492
13372,84
13372,12935
13373,4933
13374,241
13374,5484
13374,9138
13374,9387
13375,3673
13375,5255
13376,1584
13376,5849
13377,31
13377,4473
13377,6442
13377,8404
13378,2911
13378,3780
13378,12846
13379,7829
13379,11836
13380,3121
13380,3673
13380,9312
13381,544
13381,7527
13382,4157
13383,5760
13383,8024
13383,9071
13384,2900
13384,6181
13384,14283
13384,14917
13385,722
13385,3014
13385,7974
13385,9973
13386,2417
13386,3969
13386,5843
13386,6491
13386,9090
13386,9110
13387,2263
13387,8511
13387,12726
13387,13404
13388,374
13388,3782
13388,5258
13389,374
13389,5258
13389,7855
13389,11903
13389,14755
13390,3960
13391,940
13391,9666
13392,3013
13392,3155
13392,7893
13392,11288
13393,4750
13393,5414
13394,3389
13394,4892
13394,9161
13394,13579
13395,5890
13396,1738
13396,6605
13397,125
13397,2421
13397,3734
13397,5115
13397,8949
13398,8939
13398,12419
13399,7207
13400,4191
13401,4350
13401,8763
13401,9362
13401,10722
13402,2175
13402,6215
13402,10828
13403,57
13403,117
13403,6029
13403,12405
13404,12937
13405,5872
13406,12900
13407,10537
13407,12027
13408,12532
13409,437
13409,1655
13409,10703
13409,11329
13410,14741
13411,4204
13411,5333
13411,6473
13412,6935
13412,11489
13412,12032
13412,12463
13412,12642
13412,12741
13413,11838
13414,218
13414,443
13414,4074
13414,4767
13414,14446
13415,10626
13416,967
13416,1566
13416,11279
13417,5759
13418,11057
13419,505
13419,2390
13419,4280
13419,12741
13420,4044
13420,4848
13421,10925
13421,13317
13422,257
13422,1550
13422,6018
13422,6651
13422,8602
13423,4217
13423,5895
13423,14922
13424,1614
13424,4431
13424,5502
13424,9272
13425,6217
13425,10015
13426,9083
13426,10443
13427,4575
13427,5307
13427,5336
13427,8234
13427,13532
13428,1541
13428,5759
13429,399
13430,570
13431,2980
13431,5172
13431,9735
13432,211
13432,583
13433,7752
13433,8632
13433,10995
13434,11894
13434,12794
13435,1360
13436,13096
13436,14786
13437,138
13437,867
13437,2189
13437,2623
13437,5448
13438,680
13438,1171
13438,1802
13438,11296
13438,13569
13439,1440
13440,7871
13440,12760
13441,192
13441,1347
13441,2972
13441,3060
13441,3260
13441,3300
13441,4032
13441,7195
13441,8281
13441,8344
13441,8491
13441,8808
13441,9548
13441,9958
13441,10033
13441,10475
13441,10505
13441,10921
13441,11952
13441,12219
13441,12803
13441,12940
13442,1790
13442,5572
13442,6406
13442,11766
13442,14746
13443,8070
13444,2228
13444,2291
13444,3643
13445,6102
13446,7356
13446,12402
13446,14692
13447,13728
13447,14786
13448,5597
13448,12903
13448,13843
13449,191
13450,7916
13450,8015
13451,4486
13452,2118
13452,3101
13452,8920
13452,13118
13452,14851
13453,14405
13454,2694
13454,3822
13454,11219
13455,2500
13455,13580
13456,191
13457,6219
13457,13386
13458,6264
13458,12014
13459,14865
13460,2930
13460,13437
13461,3772
13461,7990
13461,8469
13462,6529
13463,10283
13463,13453
13464,2087
13464,6887
13464,12273
13464,14841
13465,8721
13466,5159
13466,10730
13466,11974
13467,9356
13468,8384
13469,14539
13470,4072
13470,5632
13471,6756
13471,9849
13472,3666
13472,3721
13472,4279
13473,1936
13473,11267
13473,11686
13474,2285
13474,2337
13474,7620
13474,9603
13474,9805
13474,14160
13475,191
13476,6051
13476,6133
13476,9464
13477,4643
13477,7221
13477,8103
13477,14094
13478,1803
13478,4038
13478,7527
13479,13046
13479,14062
13480,2613
13480,7732
13481,9499
13482,2364
13482,2751
13482,2920
13482,7927
13482,14827
13483,2768
13483,11518
13484,1363
13484,7829
13484,8886
13484,12778
13485,7485
13485,13700
13486,3271
13486,5011
13486,9859
13487,3770
13487,3851
13488,8169
13489,13310
13490,5014
13491,9
13491,5985
13491,8986
13491,12979
13492,7051
13493,3271
13493,9252
13493,12036
13493,13458
13494,832
13494,14953
13495,9920
13496,11501
13497,5306
13497,8179
13497,8994
13498,242
13498,9269
13498,12741
13499,664
13499,13701
13500,11227
13501,10713
13502,3487
13503,7927
13503,14263
13504,8070
13505,7221
13505,8103
13506,10255
13507,597
13507,3692
13507,10924
13507,12831
13508,6149
13508,6732
13508,14250
13509,2405
13510,13711
13510,14024
13510,14212
13511,611
13511,760
13511,14694
13512,10128
13512,12804
13513,6555
13513,13057
13514,2972
13514,9582
13514,12392
13515,7829
13516,1628
13516,3637
13516,5475
13516,10925
13516,13317
13517,1063
13517,5994
13518,4251
13518,4819
13518,8942
13518,12978
13518,13716
13518,14558
13519,1394
13519,3962
13519,11957
13520,2076
13520,13793
13521,6164
13521,11545
13522,915
13522,4331
13522,8149
13523,3739
13523,5168
13523,6127
13523,9502
13523,9618
13524,2241
13524,4258
13524,4922
13525,2319
13525,2998
13525,6781
13526,669
13526,10520
13526,11782
13527,2876
13527,6123
13527,8645
13527,11125
13528,1628
13528,4093
13528,12553
13529,66
13529,84
13529,5140
13529,8821
13529,14833
13530,4438
13530,9948
13531,3734
13531,5816
13532,3535
13532,5361
13532,5816
13532,12378
13533,11323
13534,4613
13534,12287
13534,13201
13534,15060
13535,12603
13536,1043
13536,8029
13537,2293
13537,5140
13537,8821
13537,11253
13537,14833
13538,9071
13538,9894
13539,5472
13539,12536
13540,6592
13540,8552
13541,6692
13541,10255
13542,2034
13543,191
13544,2387
13544,6632
13544,7359
13544,12622
13544,14690
13544,15011
13545,12846
13546,125
13546,2421
13546,5816
13547,7581
13547,8842
13548,1479
13548,3362
13548,5913
13548,10559
13549,374
13549,3399
13549,5258
13549,7787
13550,2342
13550,7758
13551,11010
13551,13493
13552,3459
13552,10686
13552,12899
13553,3852
13554,307
13554,10404
13555,3699
13555,6541
13555,8901
13556,3
13556,3365
13556,5363
13556,7282
13556,11336
13557,7297
13557,10640
13557,10830
13557,12668
13557,13537
13558,12383
13558,14030
13559,191
13560,630
13560,4523
13560,7663
13561,2021
13561,3799
13561,4786
13561,12752
13562,694
13562,1164
13562,2276
13562,10707
13563,3362
13564,2690
13564,3979
13564,5407
13564,7756
13565,7315
13565,14818
13566,228
13567,7549
13567,12691
13568,2481
13568,3386
13569,4956
13570,8552
13571,13067
13571,14008
13572,7887
13573,3822
13574,218
13574,5832
13575,4326
13575,12055
13576,629
13577,1348
13577,2255
13577,6261
13577,6341
13577,11245
13577,13989
13578,3344
13578,3485
13578,10310
13579,843
13579,5875
13580,449
13580,14642
13581,11929
13582,6249
13582,8063
13583,2803
13583,13642
13584,11997
13585,11915
13586,191
13587,4786
13587,6821
13587,12752
13587,14619
13588,10180
13589,7176
13590,8252
13591,10412
13592,4313
13593,14900
13594,1798
13594,3799
13594,4230
13594,5272
13594,5417
13594,11193
13594,14327
13595,14763
13596,1545
13596,10700
13597,1479
13597,3362
13597,5913
13597,10559
13598,3110
13598,11378
13598,11829
13598,14716
13599,5342
13599,13621
13600,3629
13601,2589
13602,14140
13603,5035
13603,10941
13604,191
13605,863
13605,5069
13605,6088
13605,9433
13606,656
13606,3755
13607,4361
13607,12227
13608,3663
13608,4410
13608,15026
13609,5474
13609,9683
13609,14939
13610,14727
13611,1214
13611,2651
13611,4227
13611,9303
13611,13133
13612,9286
13612,13257
13613,108
13613,14744
13614,4512
13615,7343
13616,1312
13616,1532
13616,4629
13616,4967
13617,1377
13617,2368
13618,218
13618,5438
13618,8101
13619,3428
13620,2486
13621,5540
13622,212
13623,348
13623,570
13623,1116
13624,4003
13624,6646
13624,11681
13624,13761
13625,4384
13625,12518
13625,13440
13626,3037
13627,6944
13627,12067
13628,4992
13629,2314
13629,13260
13630,1798
13630,2432
13630,7335
13630,14943
13631,2939
13631,6088
13632,2078
13633,2118
13633,11981
13634,11550
13635,3365
13635,7893
13636,914
13637,1572
13637,4786
13637,4943
13637,7657
13637,12752
13638,668
13638,14447
13639,3616
13639,6514
13639,8826
13639,9044
13639,10439
13640,3368
13640,6592
13640,13760
13641,2854
13641,5363
13641,7202
13642,938
13642,10829
13642,12455
13643,2195
13643,13629
13644,1263
13644,3323
13644,12973
13645,10319
13646,14720
13647,5866
13648,4918
13648,7187
13648,13092
13648,14934
13649,1572
13649,12696
13649,13092
13649,13284
13650,152
13650,9347
13650,13173
13651,1400
13651,9314
13652,1401
13652,13341
13653,191
13654,3025
13655,2195
13655,13629
13656,3578
13656,3846
13656,7477
13656,9244
13656,10976
13657,5264
13658,12575
13658,14650
13659,5205
13659,5359
13659,9601
13659,10795
13660,191
13661,4042
13661,13149
13662,10358
13662,13260
13662,13610
13663,1089
13664,8589
13665,3101
13665,3602
13665,3678
13665,3935
13665,8838
13665,12172
13665,14389
13666,10388
13666,12046
13667,2010
13667,8155
13667,13750
13667,14034
13668,3
13668,3365
13668,7282
13668,11844
13669,2433
13670,5345
13670,8996
13671,2081
13671,7818
13671,8953
13672,5803
13673,296
13673,5722
13673,13629
13674,2571
13674,6444
13674,6460
13674,8081
13674,10199
13674,12551
13675,191
13676,1605
13676,1748
13676,4104
13676,4387
13676,5388
13677,4864
13678,6127
13678,9502
13678,14487
13679,191
13680,1369
13680,5957
13680,7695
13681,1456
13681,9925
13682,9
13682,5985
13682,6148
13683,993
13684,9957
13684,11658
13684,12880
13684,12978
13684,14579
13685,7292
13685,10678
13686,3144
13686,5639
13686,7237
13686,7805
13687,2035
13687,6514
13687,10439
13688,1568
13688,2186
13689,191
13690,8459
13690,15081
13691,1799
13692,7182
13693,6024
13693,6198
13694,7813
13695,11949
13696,1360
13697,4326
13698,10900
13698,12182
13699,3373
13699,13179
13700,4215
13701,4912
13701,9962
13701,10322
13701,10555
13701,12448
13701,14295
13702,1954
13702,2077
13702,5079
13702,6799
13703,191
13704,4351
13705,863
13705,4307
13705,5223
13705,10802
13705,11878
13706,6585
13706,7754
13706,10559
13707,230
13708,2943
13708,3535
13709,1697
13710,575
13710,2365
13710,4265
13710,9942
13710,13947
13711,3538
13712,3362
13713,7282
13713,12275
13713,13373
13714,7549
13714,11193
13714,12691
13715,241
13715,12383
13716,2749
13716,3055
13716,4194
13717,505
13717,11489
13717,12032
13717,12463
13717,12741
13718,4397
13718,6442
13719,4837
13719,8552
13719,13406
13720,3667
13720,8512
13720,8636
13721,1595
13722,10168
13722,13555
13723,8013
13723,9910
13724,12805
13725,12049
13725,12671
13725,13513
13726,695
13726,1545
13726,4856
13726,7558
13726,13324
13727,1191
13727,8210
13728,9711
13728,10881
13728,15009
13729,4950
13729,8704
13730,684
13730,2425
13730,6754
13731,1020
13731,5592
13731,5813
13731,9395
13731,10594
13731,11362
13731,12921
13731,14638
13731,14642
13732,12699
13733,1916
13733,9474
13733,12118
13734,4441
13735,11060
13736,2957
13736,4067
13736,5495
13736,12598
13736,13151
13737,1919
13738,1950
13739,191
13740,5535
13740,8027
13740,13702
13741,2376
13742,232
13742,2793
13743,14335
13744,191
13745,2053
13745,4982
13746,191
13747,8246
13748,3306
13748,4383
13748,11397
13749,17
13749,5598
13749,7542
13749,9522
13749,11638
13750,7581
13751,623
13751,11703
13751,14949
13751,14989
13752,191
13753,5336
13754,3524
13754,3549
13754,4289
13754,4831
13754,6511
13755,701
13756,4300
13756,5219
13756,5687
13757,191
13758,763
13758,4587
13758,12435
13758,14610
13759,801
13760,13102
13761,9639
13762,7765
13762,8634
13762,13698
13763,13637
13764,2256
13764,2537
13764,3570
13765,5436
13765,7158
13766,6669
13767,15080
13768,4118
13768,5190
13768,5546
13768,6060
13769,15037
13770,3838
13770,4099
13771,2109
13771,4011
13771,7880
13771,9510
13771,12415
13772,7912
13772,14610
13773,3275
13773,13430
13774,265
13775,191
13776,2590
13776,2785
13777,1123
13777,13143
13778,3447
13779,7373
13779,7462
13780,3204
13780,6169
13780,7444
13780,8551
13780,8786
13780,11745
13781,933
13782,933
13782,5023
13782,6941
13783,904
13783,2520
13784,3876
13784,7469
13785,5288
13786,4661
13786,8208
13786,10680
13787,5719
13788,2130
13788,2527
13788,13745
13789,8018
13789,9571
13789,9771
13790,2108
13791,4328
13791,9793
13792,1605
13792,2416
13792,10460
13792,14239
13793,1605
13793,3755
13793,10460
13794,814
13795,4080
13796,6286
13797,764
13797,831
13797,4787
13797,5519
13797,6985
13797,7078
13797,7561
13797,10628
13797,12372
13798,14103
13799,529
13799,6308
13799,12485
13800,3982
13800,14044
13801,7351
13802,5697
13802,8830
13803,4542
13803,8390
13803,11178
13804,1968
13804,14309
13805,14704
13806,494
13806,1201
13807,4076
13807,11697
13808,2150
13809,14029
13810,12743
13811,1712
13812,6474
13812,7434
13812,9043
13812,10618
13813,812
13813,6208
13814,224
13814,5170
13814,9789
13815,7471
13816,795
13816,11395
13816,12178
13817,191
13818,6892
13819,5709
13820,4139
13820,4337
13820,11987
13821,5819
13821,9977
13822,5242
13823,4864
13823,11618
13823,12442
13823,13944
13824,191
13825,5968
13825,6396
13826,576
13827,3403
13827,11838
13828,2760
13828,11784
13829,7463
13829,12485
13829,13864
13830,294
13830,8809
13830,11358
13830,14895
13831,7766
13832,9074
13833,6061
13834,6347
13835,11145
13836,2128
13836,12699
13837,5586
13837,8335
13837,11095
13838,8927
13839,169
13839,2893
13839,3817
13839,6618
13840,5572
13840,11766
13840,12704
13841,2128
13841,6434
13841,12496
13841,12699
13842,2071
13843,1728
13843,5025
13843,14562
13844,7266
13844,8911
13844,9354
13845,3928
13846,5636
13846,5849
13847,5636
13847,5849
13848,6061
13848,11133
13849,1297
13849,4689
13849,5352
13849,8463
13850,5207
13851,3671
13851,8024
13852,3362
13853,8724
13854,276
13854,11651
13855,191
13856,2281
13857,982
13857,5538
13857,5818
13857,12684
13858,11436
13859,1605
13859,10460
13860,153
13860,1972
13860,3784
13860,6019
13861,7240
13862,11586
13863,12587
13864,4864
13864,10882
13864,11618
13864,12442
13864,12695
13864,13944
13864,14932
13865,2079
13865,14345
13866,1032
13866,1613
13866,6434
13866,12151
13867,2079
13867,14345
13868,9121
13869,12779
13870,191
13871,1501
13871,6452
13872,10314
13873,191
13874,3232
13874,8632
13874,12359
13875,14485
13876,1220
13877,191
13878,4819
13878,4977
13878,10825
13879,9072
13880,14491
13880,14594
13881,1635
13881,3607
13881,8604
13882,191
13883,6587
13883,7837
13884,2279
13884,8126
13884,14712
13885,191
13886,1491
13886,5271
13887,6838
13887,10227
13888,10196
13889,4722
13889,13010
13889,14592
13890,1922
13890,6200
13891,191
13892,6431
13892,11331
13893,5913
13893,10559
13894,1067
13894,9915
13894,11904
13895,2249
13895,4550
13896,12607
13897,6393
13897,9083
13898,6311
13898,7307
13898,14323
13899,1243
13900,8068
13901,4759
13901,10067
13902,1373
13902,9080
13903,9683
13904,1402
13905,3539
13905,7111
13906,3362
13906,8719
13906,9957
13906,13371
13907,5038
13907,8307
13908,9942
13909,191
13910,419
13911,12860
13912,597
13912,7463
13912,10857
13912,12485
13913,9672
13914,3453
13914,5352
13914,8463
13915,473
13915,8816
13916,820
13916,8167
13916,10052
13917,191
13918,4412
13919,1836
13919,6011
13919,6886
13919,6957
13919,7595
13919,9276
13920,191
13921,1813
13921,5586
13921,9211
13921,9759
13921,10639
13922,4557
13923,2841
13923,8207
13923,8354
13924,5326
13925,2879
13925,9592
13926,4786
13926,8147
13926,12752
13926,14099
13927,7265
13927,10562
13928,191
13929,7351
13929,13211
13930,158
13931,191
13932,2367
13932,5489
13932,6511
13932,9295
13933,1095
13933,12468
13934,765
13934,6462
13934,8157
13935,2367
13935,5489
13935,6511
13936,11697
13937,5952
13938,2209
13939,4689
13939,5352
13939,8463
13940,3994
13940,4868
13940,9057
13941,191
13942,6389
13942,11428
13943,191
13944,9219
13945,12281
13946,9846
13947,2114
13947,6599
13947,8632
13948,4988
13948,5731
13949,7699
13950,191
13951,1379
13951,14601
13952,417
13953,1130
13953,7531
13953,11093
13953,14408
13954,2216
13955,4811
13955,8458
13955,13363
13956,191
13957,1376
13957,14027
13958,13716
13959,2667
13959,5539
13959,8916
13959,11699
13959,12452
13960,1531
13960,5325
13961,191
13962,9978
13962,11689
13963,1241
13963,2696
13963,7209
13963,7456
13963,8513
13963,10060
13963,10190
13963,12257
13964,2087
13965,10041
13965,10569
13966,3607
13966,5802
13966,6739
13967,191
13968,9605
13969,5168
13969,5566
13969,6589
13969,9618
13970,191
13971,4707
13971,9115
13971,9383
13972,11995
13973,191
13974,3781
13974,6006
13974,13663
13975,1603
13975,13688
13976,1471
13976,4878
13977,191
13978,8034
13978,8245
13979,6585
13979,10559
13980,5041
13980,6714
13981,2667
13981,5539
13981,8916
13981,11699
13981,12452
13982,8632
13982,12216
13983,64
13983,4507
13983,8072
13983,9186
13984,7051
13985,325
13985,2980
13985,4179
13985,6431
13985,6717
13985,12402
13985,14119
13986,533
13986,4679
13986,8416
13986,12521
13986,15048
13987,13744
13988,2879
13988,4179
13988,9592
13989,8632
13989,8764
13990,4811
13990,13363
13991,949
13991,4003
13991,12645
13992,891
13992,10041
13992,11079
13993,1400
13993,9314
13993,12953
13994,1605
13994,2206
13994,3755
13994,10460
13995,6286
13996,7282
13996,7893
13996,9164
13996,9237
13996,13873
13997,7017
13997,8875
13997,14766
13998,5318
13999,9100
14000,8682
14001,9099
14001,11419
14002,4513
14002,10052
14003,2762
14003,2879
14003,6431
14003,7392
14003,9592
14003,14994
14004,618
14004,1957
14004,6879
14005,1869
14005,5085
14005,14978
14006,11832
14007,1706
14007,9017
14007,10317
14007,14959
14008,3507
14008,7361
14009,3549
14009,7106
14009,11237
14009,13601
14010,1802
14010,4936
14010,5566
14010,6589
14010,13569
14010,14584
14011,4759
14011,10067
14012,14080
14012,14826
14013,3252
14013,3510
14013,4145
14013,4436
14013,6653
14013,9349
14013,14171
14014,852
14014,5781
14014,6151
14014,10950
14015,7613
14016,191
14017,10871
14018,191
14019,169
14019,2893
14019,3817
14019,6618
14020,169
14020,2893
14020,3454
14020,3817
14020,6618
14021,191
14022,7717
14022,11029
14022,13969
14023,13863
14024,2114
14024,8632
14025,1500
14025,2498
14025,2859
14025,4629
14025,4919
14026,916
14026,6050
14027,2504
14027,6620
14027,8682
14027,11981
14028,1155
14029,6556
14030,7948
14030,8536
14030,14833
14031,7390
14032,190
14032,4463
14032,12121
14033,1641
14033,2235
14033,2468
14033,6826
14034,10249
14035,584
14036,744
14036,8997
14036,10696
14036,12587
14036,13076
14037,5935
14037,12251
14037,14445
14038,254
14038,2371
14038,5315
14038,6064
14038,7166
14038,7948
14038,8536
14038,10989
14038,12018
14038,14833
14039,6572
14039,11706
14039,13031
14040,11847
14041,2928
14042,14592
14043,3541
14043,14401
14044,1575
14044,3490
14044,10024
14045,3244
14046,15067
14047,4825
14047,6638
14048,6358
14048,12954
14048,13241
14048,14154
14049,4326
14050,7152
14050,14036
14050,14609
14051,4149
14052,2934
14052,15081
14053,501
14053,3181
14053,3521
14053,7516
14053,13215
14054,2019
14054,10471
14054,11437
14055,2229
14055,10449
14055,14157
14056,191
14057,8567
14057,12814
14058,1087
14058,9062
14058,10028
14059,7674
14059,8939
14059,12419
14060,1015
14060,6796
14061,5983
14061,12764
14062,3033
14062,12327
14062,12402
14063,996
14063,4753
14064,3621
14064,12220
14065,2564
14065,8314
14065,13170
14066,4560
14066,7352
14067,1613
14068,2514
14068,2654
14068,7234
14068,7556
14068,9049
14069,191
14070,8384
14071,11825
14072,5373
14072,8240
14072,9249
14072,14705
14073,10765
14074,1083
14074,7016
14074,14314
14075,1333
14075,1924
14075,2813
14075,5334
14075,7160
14075,7518
14075,10597
14075,10814
14075,11138
14075,11325
14076,6204
14077,1050
14077,1445
14078,4059
14079,13183
14080,2368
14081,5554
14082,6660
14082,13277
14083,2087
14083,6887
14083,10406
14083,12273
14084,2047
14084,2675
14084,13909
14085,1182
14085,1346
14085,1682
14086,159
14087,86
14087,1934
14088,191
14089,13277
14090,191
14091,191
14092,12880
14093,6143
14093,8702
14094,10902
14095,8719
14095,13208
14095,13371
14096,333
14096,919
14096,14271
14097,3533
14097,11155
14097,13285
14098,884
14099,1932
14100,6660
14101,6511
14102,10679
14103,2943
14104,3724
14105,12576
14106,13384
14107,69
14108,1754
14108,2856
14108,8582
14108,11242
14109,556
14109,2052
14109,10977
14109,14044
14110,2214
14110,13699
14111,5513
14111,10922
14111,12580
14112,625
14112,1384
14112,6118
14112,7167
14113,5782
14113,6973
14114,12150
14114,13716
14115,191
14116,2566
14116,9967
14116,12404
14116,14267
14117,1642
14117,3341
14117,14393
14118,12516
14119,928
14119,6773
14120,2025
14120,3315
14121,2644
14121,7606
14122,5751
14123,3251
14123,5629
14124,191
14125,191
14126,5209
14127,1477
14127,14623
14128,191
14129,252
14129,6556
14130,43
14130,424
14130,7924
14131,10015
14132,1966
14132,6217
14132,8118
14132,13135
14133,491
14133,1086
14134,859
14134,11503
14135,2994
14136,1061
14137,4059
14137,10389
14138,5694
14139,1790
14139,5873
14140,6204
14141,1019
14142,191
14143,6429
14143,7128
14143,8832
14143,9325
14143,9902
14143,14483
14144,7977
14144,9493
14144,14216
14145,2533
14145,14314
14146,191
14147,1902
14147,6644
14147,7882
14147,8340
14147,9270
14147,10275
14148,191
14149,4548
14149,7646
14149,10951
14150,191
14151,4904
14151,14772
14152,6429
14152,7128
14152,8832
14152,9325
14152,9902
14152,14483
14153,14830
14154,10440
14155,9807
14155,14501
14156,3021
14156,4988
14157,7485
14157,8633
14157,9149
14158,1278
14158,3360
14158,5394
14158,6435
14158,7112
14159,9774
14160,3510
14160,6653
14160,7312
14160,8486
14161,191
14162,4728
14162,6925
14163,11167
14164,283
14164,997
14164,1486
14164,1741
14164,2360
14164,3366
14164,9156
14165,308
14165,10047
14166,12162
14166,12458
14166,14521
14167,6429
14167,8832
14167,9289
14167,9325
14167,9902
14168,3154
14168,4430
14168,10915
14168,14037
14169,13551
14170,30
14170,3547
14170,7640
14171,4163
14171,4760
14171,6878
14172,11295
14173,7624
14173,9968
14174,5551
14174,11223
14174,12637
14175,13639
14176,11085
14176,14987
14177,9179
14177,11122
14177,11735
14178,119
14178,1898
14178,4231
14178,6589
14178,7665
14178,9712
14178,10163
14178,10269
14178,12345
14178,12741
14179,1394
14179,3962
14179,11957
14180,5572
14180,11766
14181,5103
14181,7230
14181,8193
14182,8327
14182,8584
14183,690
14183,5434
14184,6511
14185,209
14185,4713
14185,9858
14185,12526
14185,14878
14186,6436
14186,9303
14187,4860
14187,6372
14187,12338
14188,5572
14188,11766
14188,14254
14189,7632
14190,2414
14190,13078
14191,1193
14191,1881
14192,8224
14192,14765
14193,5770
14193,14377
14194,7850
14194,11158
14195,2736
14195,2862
14196,1492
14196,9948
14196,12238
14197,9274
14197,9389
14198,10653
14199,191
14200,13306
14201,2062
14201,10276
14201,10615
14202,6148
14203,12900
14203,13181
14204,3885
14204,11599
14204,12505
14205,14135
14206,844
14206,3684
14207,32
14207,4596
14208,4375
14208,5333
14208,6473
14209,276
14209,1492
14209,2893
14209,6618
14209,8404
14209,9948
14209,11651
14209,12238
14209,12896
14210,10101
14211,32
14211,2005
14211,4596
14212,1130
14212,7531
14213,4759
14213,10067
14214,191
14215,1883
14215,6285
14216,884
14216,3385
14216,12675
14217,4351
14217,12812
14218,2756
14218,6927
14218,9149
14218,11195
14219,4759
14219,13141
14220,13267
14220,14330
14221,7116
14222,191
14223,2417
14223,3969
14223,6491
14223,9110
14224,589
14224,3679
14224,4089
14224,14424
14225,14100
14226,9913
14227,32
14227,1318
14227,4596
14228,14134
14229,7977
14229,9493
14229,14216
14230,5212
14230,9883
14230,14706
14231,8703
14231,14424
14232,191
14233,2227
14233,11854
14234,8601
14234,10619
14234,12680
14234,13039
14235,1488
14236,191
14237,6469
14238,7761
14238,10383
14239,4251
14239,4819
14239,14558
14240,5671
14240,7888
14240,11688
14241,191
14242,8632
14242,12216
14243,6102
14244,4048
14244,13495
14245,9668
14246,1461
14246,12310
14246,14348
14247,3963
14247,6080
14247,6390
14247,7340
14247,13810
14248,4992
14249,3397
14249,14094
14249,14997
14250,8070
14251,14044
14252,11660
14252,11677
14253,12642
14254,1417
14254,5566
14254,6589
14254,10657
14254,13356
14255,13533
14256,2072
14256,8354
14256,11564
14256,13581
14257,2107
14257,3288
14258,11838
14258,13917
14258,14251
14259,2201
14260,4600
14260,13232
14260,14257
14261,3654
14262,191
14263,3551
14264,2253
14264,6556
14265,8908
14266,5447
14266,5762
14266,9928
14267,6587
14267,7837
14268,11054
14269,9722
14270,6531
14270,12332
14271,2048
14271,3138
14271,12865
14272,1234
14272,4014
14272,6702
14272,6775
14272,9870
14273,2280
14274,6537
14275,4300
14275,9214
14275,10402
14276,13642
14277,3158
14277,3813
14278,10924
14278,13470
14279,14839
14280,4157
14281,664
14282,2174
14282,13121
14283,6219
14283,8349
14284,4987
14284,8634
14284,14160
14285,10895
14285,14160
14285,14448
14285,14527
14286,4766
14287,6685
14287,8958
14288,2214
14288,6306
14288,8605
14289,5333
14289,6473
14290,5333
14290,6473
14291,5333
14291,6473
14292,4601
14293,8070
14294,110
14294,14213
14295,2087
14295,2784
14295,11515
14296,883
14296,1176
14296,10061
14296,10078
14296,11341
14296,12084
14296,12352
14297,1680
14297,4459
14298,8645
14298,11125
14298,13306
14299,6602
14299,6961
14300,1373
14300,9965
14300,12082
14301,5307
14301,8234
14302,11809
14302,13812
14303,1216
14303,1716
14303,7864
14303,9704
14304,3806
14304,14376
14305,13499
14305,14412
14305,15001
14306,2337
14307,9078
14307,12260
14308,3445
14308,12943
14308,14392
14309,9078
14309,12260
14310,10408
14311,12216
14312,417
14313,998
14313,5377
14313,7727
14313,11428
14314,1448
14314,5996
14314,13529
14315,9517
14315,13329
14316,2390
14316,3506
14316,9833
14316,12768
14317,81
14317,1417
14317,5566
14317,5576
14317,6065
14317,6589
14317,10657
14317,11828
14317,13356
14318,1712
14319,6356
14319,8404
14320,664
14321,3362
14321,6585
14321,10559
14322,10126
14323,191
14324,6139
14324,7145
14324,8876
14324,11608
14324,12546
14325,8070
14326,5565
14326,9701
14326,14142
14327,6149
14327,6871
14327,8345
14328,279
14328,1795
14328,6967
14328,8030
14328,12131
14329,3466
14329,7868
14330,8436
14331,2666
14331,2888
14332,86
14333,4927
14333,14576
14334,3923
14334,9855
14334,10273
14335,4774
14335,12800
14336,6472
14336,11857
14337,8402
14337,11803
14338,3979
14339,9059
14340,4622
14341,651
14341,4303
14341,5131
14341,6625
14342,361
14342,2767
14342,3466
14342,4217
14342,6716
14343,1063
14343,1396
14343,1859
14343,7982
14343,15070
14344,471
14344,8328
14345,2893
14345,6618
14346,10491
14347,6830
14348,2827
14348,14738
14349,6830
14350,10287
14351,4285
14351,9938
14352,1405
14352,11765
14353,191
14354,3802
14355,6102
14356,8721
14356,14160
14357,4904
14357,14772
14358,3507
14358,7406
14359,6040
14359,7739
14359,11003
14360,2940
14360,11408
14361,4360
14361,5462
14361,8113
14362,5232
14363,618
14363,1957
14363,4416
14363,11921
14364,2087
14364,5740
14364,6887
14364,10406
14364,12273
14365,6432
14366,10897
14367,1441
14367,6169
14367,11221
14367,13862
14368,138
14368,2189
14368,2623
14368,10691
14369,3533
14370,14760
14371,11485
14371,11995
14371,13599
14372,8145
14372,9763
14373,97
14373,5807
14373,7954
14373,10671
14374,13405
14375,300
14375,13523
14376,63
14376,3584
14376,15001
14377,856
14377,2455
14377,3021
14377,5226
14377,6434
14378,9744
14379,856
14379,3021
14380,8070
14381,7829
14382,2540
14383,56
14383,11501
14384,130
14384,3506
14384,13404
14385,1968
14385,2286
14385,3527
14385,6407
14385,6858
14385,9248
14385,10325
14386,3739
14386,8269
14387,8661
14387,14743
14388,4465
14388,8587
14388,14699
14389,2214
14389,8768
14390,9252
14390,12036
14390,13458
14391,191
14392,2293
14392,6012
14392,9020
14393,9857
14393,11395
14393,11697
14394,5909
14394,10297
14394,11146
14395,1268
14396,3822
14396,10173
14396,14412
14397,6331
14397,8065
14397,11059
14398,9497
14399,4196
14399,6117
14399,13155
14400,191
14401,3876
14401,7469
14401,11209
14402,191
14403,651
14403,3607
14403,4303
14404,9690
14404,10287
14405,191
14406,8634
14406,8721
14406,14160
14407,125
14407,2421
14408,11769
14409,7071
14409,10260
14409,12912
14409,13508
14410,13306
14411,594
14412,7190
14412,10283
14413,6484
14413,11702
14413,13412
14413,13778
14414,957
14414,6442
14414,7411
14414,13391
14415,7694
14416,1272
14416,1286
14416,2211
14416,5589
14416,13223
14417,1099
14417,5329
14417,10664
14417,11899
14418,5103
14418,5880
14418,13299
14418,14761
14419,5181
14419,13827
14420,11302
14421,2571
14421,5707
14421,6444
14421,8679
14422,402
14422,13167
14423,26
14423,2928
14424,938
14424,14695
14424,15006
14425,652
14426,6895
14426,13508
14427,13617
14428,417
14429,191
14430,7937
14430,13104
14431,13979
14432,14294
14433,3231
14433,7869
14434,15067
14435,4179
14435,13519
14435,13810
14436,10897
14436,12910
14437,191
14438,3271
14438,3639
14438,13007
14439,3719
14439,7535
14439,8961
14439,8978
14440,191
14441,191
14442,13838
14443,11246
14444,6085
14444,12675
14445,13267
14445,14330
14446,892
14446,4794
14446,11162
14447,1025
14447,1493
14447,7428
14447,11157
14448,5828
14448,11296
14449,5849
14449,10069
14450,8556
14450,9819
14451,11441
14451,11845
14451,15057
14452,1605
14452,5544
14453,4558
14453,5475
14453,5566
14453,6589
14453,8424
14454,11263
14455,191
14456,5532
14457,2651
14457,12701
14458,1725
14458,2999
14458,4963
14459,3270
14460,902
14460,3863
14460,7808
14460,13181
14461,766
14461,11312
14462,8070
14463,191
14464,6841
14464,8767
14464,10491
14465,5310
14466,8470
14466,11243
14466,14412
14467,1873
14467,4713
14467,8291
14467,9780
14467,13735
14468,1205
14468,3514
14469,191
14470,14051
14471,6282
14472,5019
14472,10869
14473,10833
14474,3039
14474,9195
14475,3964
14476,7596
14476,12605
14477,493
14477,3692
14478,191
14479,86
14479,1934
14479,2972
14479,10922
14480,12088
14481,86
14481,2972
14481,10922
14482,3405
14482,14542
14483,2985
14484,3397
14484,5760
14484,6226
14484,14094
14485,1172
14485,1967
14485,11513
14486,191
14487,9727
14487,10941
14488,925
14488,5485
14488,8331
14489,342
14489,5032
14489,11751
14490,2138
14490,5404
14490,10745
14491,13657
14491,15001
14492,10235
14492,11485
14492,11995
14493,919
14493,14271
14494,1214
14494,2651
14494,8949
14494,12175
14495,6219
14496,3762
14496,5520
14496,6952
14496,8632
14496,8970
14496,14222
14497,191
14498,14469
14499,2034
14500,1306
14500,1879
14500,3128
14501,1390
14501,2532
14501,5565
14501,9701
14502,3925
14502,5333
14502,6473
14502,10317
14502,11368
14503,191
14504,2877
14504,5074
14504,9361
14505,1373
14506,3460
14506,3727
14506,5624
14506,6980
14506,14819
14507,6731
14507,10434
14507,12238
14507,12393
14507,12896
14508,8967
14509,191
14510,191
14511,1394
14511,3148
14511,3962
14511,7280
14511,10748
14511,11957
14512,191
14513,7694
14513,13921
14514,5796
14514,11284
14514,14198
14515,2312
14515,3231
14515,4868
14515,6067
14515,13915
14516,13649
14516,13724
14517,1373
14517,12721
14517,14400
14518,7969
14518,12951
14519,3888
14520,1152
14520,9517
14521,597
14521,5118
14522,1473
14522,11007
14522,14165
14523,3231
14523,6308
14523,7869
14524,1603
14524,12659
14525,14188
14526,4845
14526,12979
14527,31
14527,4473
14527,5334
14527,10597
14528,1524
14528,1620
14528,2164
14528,2320
14528,3175
14528,4188
14528,4966
14528,5821
14528,5969
14528,6907
14528,7357
14528,7376
14528,9630
14528,11438
14528,12077
14528,13147
14528,13231
14528,14280
14529,2337
14529,10280
14530,2073
14531,8632
14531,12216
14532,1156
14532,2487
14532,4092
14532,6313
14532,10989
14532,14255
14532,14580
14532,14833
14533,189
14533,1837
14533,2012
14533,3391
14533,3814
14533,4010
14533,4035
14533,6645
14533,6840
14533,6846
14533,7628
14533,7851
14533,8916
14533,9528
14533,10002
14533,10427
14533,10808
14533,11165
14533,11612
14533,13878
14533,14276
14534,11660
14534,11677
14534,12093
14535,781
14535,5489
14535,13513
14536,5993
14537,907
14537,5667
14538,4074
14538,4767
14538,13108
14539,7562
14539,9080
14539,9924
14539,10825
14540,1070
14540,5908
14540,6456
14540,10436
14540,12113
14541,1698
14541,5849
14541,10099
14542,4811
14543,1620
14543,4470
14543,10757
14544,1471
14544,4878
14545,2303
14545,13055
14545,14550
14546,191
14547,189
14547,1472
14547,1837
14547,2667
14547,3814
14547,4905
14547,5042
14547,5330
14547,6645
14547,6840
14547,6859
14547,7628
14547,8073
14547,8916
14547,10427
14547,11165
14547,11612
14547,12452
14547,13054
14547,13075
14547,13203
14547,13709
14547,13878
14547,14276
14548,31
14548,4473
14548,6442
14548,8404
14548,8908
14549,6685
14549,9690
14549,10241
14549,11838
14549,14783
14550,2258
14550,7732
14550,7788
14551,2939
14551,5579
14552,218
14552,4074
14552,11713
14552,13110
14553,4845
14553,12979
14554,31
14554,4473
14555,10765
14556,933
14557,823
14558,474
14558,8234
14558,12059
14559,9724
14559,10645
14559,13296
14560,6685
14561,4170
14561,5538
14562,5176
14562,6102
14562,11328
14563,7256
14563,7535
14563,8405
14563,8978
14564,9928
14564,12201
14565,1602
14565,2792
14565,11125
14566,3563
14566,4700
14567,1866
14567,6038
14568,2676
14568,9215
14568,11733
14568,13519
14569,5890
14569,8657
14570,4463
14570,10765
14571,2319
14571,2998
14571,6781
14572,2637
14572,2975
14572,7517
14572,12947
14573,391
14573,901
14573,12683
14574,5889
14574,6984
14574,7451
14575,2718
14575,4328
14575,4474
14575,10724
14576,8632
14576,12216
14577,5953
14577,6170
14577,14859
14578,1214
14578,2651
14578,12675
14579,3362
14579,8719
14579,13371
14580,1738
14580,2276
14580,2339
14581,3182
14581,3819
14581,7077
14581,7256
14581,7573
14581,9252
14581,11560
14581,13458
14581,14133
14581,14617
14582,3317
14582,10534
14583,4441
14584,7302
14585,215
14585,6500
14586,4600
14586,13232
14586,14257
14587,3572
14587,7601
14588,11323
14588,13831
14589,6442
14589,8908
14590,423
14590,3803
14590,4725
14590,4927
14590,7598
14590,7933
14590,14348
14591,9811
14591,13306
14591,13888
14592,86
14592,1934
14592,8249
14593,107
14593,6419
14593,8789
14593,13404
14594,5491
14594,11636
14595,505
14595,13519
14596,1892
14596,3313
14596,8430
14596,10715
14597,9794
14597,14136
14598,8639
14599,5855
14599,7497
14599,12809
14599,14725
14600,7451
14601,256
14602,6783
14602,7238
14602,10107
14602,11516
14603,6442
14603,8908
14603,13019
14604,3806
14604,13688
14604,14376
14605,3362
14605,7478
14605,10559
14605,13306
14606,3033
14606,9122
14607,7383
14608,1802
14608,3388
14608,6431
14608,13569
14609,4419
14609,13892
14610,8224
14610,14765
14611,1448
14611,13529
14612,505
14612,7254
14612,7638
14613,3708
14613,3918
14614,1908
14614,4028
14615,6
14615,4749
14615,10125
14615,10568
14616,257
14616,1550
14617,2280
14617,2492
14617,5149
14618,8909
14618,10914
14618,12343
14619,597
14619,13561
14620,2873
14620,4982
14620,5490
14620,6613
14620,14815
14621,611
14621,12572
14622,14412
14622,14477
14623,191
14624,2146
14625,6308
14625,8816
14626,191
14627,597
14627,6308
14627,9308
14627,9433
14628,9322
14628,12638
14629,2087
14629,4994
14630,798
14630,4490
14631,3144
14631,7237
14631,14692
14632,13426
14633,75
14633,2975
14633,12947
14634,8349
14634,9410
14635,11090
14635,13733
14636,2487
14636,4087
14636,10751
14636,10989
14636,12269
14636,13158
14636,14580
14636,14833
14637,7239
14638,11209
14639,2659
14639,6219
14639,8648
14640,911
14640,2975
14640,3116
14640,3160
14640,8908
14640,12947
14640,13812
14641,2742
14641,12853
14641,14069
14642,6688
14642,7763
14643,10395
14644,2975
14644,9504
14644,12947
14645,566
14645,6511
14645,7285
14645,10373
14646,5407
14647,807
14647,5920
14647,6031
14647,6319
14647,7096
14648,3465
14649,6138
14649,8115
14649,13812
14650,2998
14651,2688
14651,9882
14651,10989
14651,14833
14651,14947
14652,1555
14652,3575
14652,4862
14652,4936
14652,5099
14652,8526
14652,9655
14652,11745
14652,12986
14653,3773
14653,13306
14654,7804
14654,8357
14655,5011
14655,6097
14655,9859
14656,10989
14656,13181
14656,14833
14657,14231
14658,9818
14658,13380
14659,5572
14659,8681
14659,11766
14660,12800
14661,4093
14661,4196
14662,1609
14663,191
14664,13716
14665,757
14665,11486
14666,4849
14666,14486
14667,4982
14667,6606
14667,13306
14668,9072
14668,10636
14668,10792
14668,13915
14669,3721
14669,6662
14669,11111
14670,7392
14670,7463
14670,12485
14671,3282
14671,5745
14671,10960
14672,7634
14672,9215
14672,12485
14673,4335
14673,11799
14673,13735
14674,5572
14674,8169
14674,11766
14675,1477
14675,14623
14676,597
14676,9173
14677,7433
14677,11311
14677,11769
14678,1738
14679,11697
14680,4100
14680,4748
14680,8818
14680,8902
14681,2659
14681,8648
14681,8843
14681,10544
14682,4700
14682,8719
14682,13371
14683,4371
14683,14745
14684,564
14684,10693
14684,12234
14684,13822
14684,14098
14685,343
14685,4634
14686,5458
14686,10491
14687,2588
14687,5953
14688,1353
14688,4100
14688,6098
14689,2041
14689,8024
14690,13156
14690,14051
14691,5889
14692,4685
14693,2524
14693,6164
14693,11545
14694,719
14694,3446
14694,6839
14694,13438
14695,7821
14695,8846
14695,11700
14696,4927
14696,14348
14697,12351
14697,15071
14698,768
14698,7981
14698,8098
14698,8414
14698,10543
14699,6983
14699,8704
14700,3356
14700,5374
14700,8265
14700,11754
14701,3672
14702,5207
14702,9049
14703,2593
14703,9753
14703,12558
14703,14987
14704,5374
14705,1620
14705,4879
14706,11323
14707,7177
14708,9295
14709,5740
14709,8207
14709,13601
14709,14080
14709,14826
14710,5011
14710,9859
14710,12798
14711,2830
14711,5561
14711,10395
14711,10825
14711,14823
14712,4060
14712,14102
14713,29
14713,142
14713,2215
14713,3775
14713,13140
14714,905
14714,1775
14714,4136
14714,4936
14714,14921
14715,4917
14715,10158
14716,1966
14716,4184
14716,6854
14716,7516
14717,4087
14717,5475
14717,8719
14717,9957
14717,13158
14717,13371
14717,13550
14718,310
14718,9072
14719,10825
14720,6431
14720,7125
14720,12644
14721,13915
14721,14051
14722,2962
14722,3447
14722,6262
14723,1390
14723,2532
14723,7314
14723,10134
14723,14049
14724,1064
14724,5176
14724,5437
14725,11658
14725,12900
14726,11658
14727,3849
14727,6860
14727,12147
14728,10219
14729,963
14730,2627
14730,5896
14731,7010
14732,1956
14732,12253
14732,12456
14733,7791
14734,1148
14734,1482
14735,619
14735,834
14735,1063
14735,1968
14735,6442
14736,11697
14737,4093
14737,4196
14738,5475
14739,9348
14739,10792
14739,10883
14740,4289
14740,4831
14740,6511
14741,426
14741,1876
14741,2822
14741,4593
14741,5473
14741,13234
14742,130
14742,1814
14743,138
14743,2189
14743,2623
14743,7939
14744,13006
14744,13932
14745,4602
14745,6097
14745,13601
14746,5208
14747,9348
14747,10883
14747,14123
14748,3782
14748,9348
14748,10196
14748,10883
14749,793
14749,7618
14750,4456
14750,6380
14750,8509
14750,9650
14750,9820
14750,13464
14751,9348
14751,10883
14752,11302
14753,6043
14753,9132
14753,9616
14754,2537
14754,7111
14754,12807
14755,3072
14755,3596
14755,10649
14756,3507
14756,7361
14757,169
14757,2893
14757,3817
14758,12411
14759,1357
14759,2676
14760,4860
14760,6372
14761,962
14761,4703
14761,11058
14762,3540
14762,9944
14763,11799
14763,14030
14764,381
14765,191
14766,7180
14766,14664
14767,1003
14768,2791
14768,4634
14768,5019
14768,10054
14768,10869
14768,12670
14768,13601
14769,886
14770,324
14770,627
14770,11795
14771,819
14771,9050
14771,11575
14771,11990
14771,13195
14772,2052
14772,2429
14772,4843
14772,10617
14772,14646
14773,5308
14774,189
14774,1837
14774,2667
14774,2828
14774,3814
14774,4166
14774,5240
14774,5330
14774,6645
14774,6840
14774,8073
14774,8916
14774,10427
14774,11165
14774,11612
14774,12452
14774,13355
14774,13878
14774,14276
14775,8805
14775,12889
14775,12900
14776,13057
14777,9429
14778,7691
14778,7773
14779,493
14779,3447
14779,5181
14780,485
14780,10671
14781,7528
14782,983
14782,2842
14782,4033
14782,6243
14782,13020
14782,14971
14783,1628
14784,2238
14784,8453
14785,4441
14786,4614
14786,5232
14787,2515
14788,3721
14788,11111
14789,5227
14790,7236
14791,8721
14791,14160
14792,3734
14792,5816
14793,2337
14794,5561
14794,14823
14795,12351
14795,15071
14796,5227
14796,8719
14796,9308
14796,13371
14797,130
14797,1814
14798,1471
14799,4950
14799,8704
14800,2429
14800,3639
14800,7278
14800,8180
14800,9772
14800,13007
14801,3734
14802,4099
14802,10125
14802,14646
14803,5441
14804,6496
14804,7732
14804,10156
14805,189
14805,817
14805,1837
14805,2012
14805,2667
14805,3391
14805,3814
14805,4010
14805,4035
14805,4809
14805,6645
14805,6840
14805,6846
14805,7628
14805,7851
14805,8916
14805,9528
14805,10002
14805,10427
14805,10808
14805,11165
14805,11612
14805,12452
14805,13878
14805,14276
14806,4936
14806,6688
14806,9965
14806,13615
14807,1479
14807,5913
14807,9308
14807,9433
14808,11323
14808,11830
14808,13831
14809,12351
14809,15071
14810,3718
14810,4950
14810,8704
14810,14308
14811,8632
14811,12216
14812,130
14812,1814
14813,8843
14813,10544
14814,6
14814,9894
14814,10125
14815,8719
14815,11323
14815,13371
14816,2487
14816,10989
14816,11843
14816,14580
14816,14833
14817,2765
14817,6308
14817,12461
14818,1330
14818,14067
14819,14289
14820,3944
14820,8576
14821,223
14821,3801
14821,14185
14821,14480
14822,9934
14822,10380
14822,10775
14822,11103
14822,11920
14823,748
14823,10763
14823,13040
14824,6689
14825,9074
14826,2429
14826,4927
14827,1191
14827,6355
14827,11462
14828,1191
14828,6355
14828,11462
14829,13141
14830,5422
14831,2847
14831,6741
14831,8214
14831,13918
14832,438
14833,8210
14834,6026
14834,12195
14835,12826
14836,446
14837,274
14837,9916
14838,1425
14838,6400
14838,7846
14839,191
14840,6538
14840,14044
14841,146
14841,14023
14842,8179
14843,6777
14844,4260
14844,13399
14844,13716
14845,5875
14845,14254
14846,2389
14846,2395
14846,3399
14846,7787
14846,7915
14847,5863
14848,12537
14849,1346
14849,1682
14849,10159
14850,3889
14850,7390
14850,12537
14850,14044
14851,7010
14852,444
14853,1033
14853,2209
14853,3600
14854,14584
14855,8743
14855,9303
14855,13167
14856,1450
14856,3575
14856,4845
14857,6308
14857,14412
14858,3148
14858,5446
14858,7280
14858,11326
14859,4463
14859,7020
14860,4196
14861,8896
14861,11461
14862,9100
14863,500
14863,2954
14863,6632
14863,8078
14863,13084
14863,14017
14864,9551
14865,291
14865,12757
14866,1846
14866,7732
14867,7116
14868,8605
14869,2257
14869,8328
14869,10902
14870,5828
14870,10303
14871,1802
14871,5566
14871,6589
14871,13569
14871,14584
14872,11395
14872,12178
14873,5827
14873,11508
14874,1067
14874,11385
14875,7019
14876,3768
14876,14141
14877,9142
14878,1527
14878,2701
14878,6153
14878,10947
14878,14652
14879,6584
14879,8499
14880,1864
14881,9265
14882,3045
14882,4312
14883,805
14883,2695
14883,13743
14884,2985
14885,11419
14886,5671
14886,14466
14887,218
14887,4074
14887,4767
14888,6313
14888,12754
14888,13006
14888,13932
14889,440
14889,5769
14889,11736
14890,11838
14891,41
14892,2948
14892,6537
14892,7426
14893,9591
14893,14838
14894,6430
14895,11054
14896,2390
14896,14947
14897,13565
14898,6308
14899,5497
14899,14476
14900,7812
14900,10768
14901,1738
14902,1167
14902,4848
14902,14046
14903,9590
14904,7167
14904,7659
14904,13477
14905,314
14905,2437
14906,191
14907,780
14907,2747
14907,9951
14908,135
14908,2616
14908,12051
14908,14613
14909,3549
14909,13455
14909,15083
14910,2361
14911,585
14911,5714
14911,12604
14912,4934
14912,12028
14913,438
14913,4217
14914,11831
14915,1390
14915,2146
14915,2532
14915,2846
14915,2867
14915,4425
14915,6865
14915,9495
14915,11689
14915,11993
14916,12194
14917,3797
14918,5014
14919,4976
14919,7101
14919,13119
14920,4659
14921,11697
14922,191
14923,191
14924,1191
14924,6355
14924,11462
14924,13185
14925,7017
14925,14766
14926,6872
14927,1802
14927,13569
14928,2701
14929,191
14930,1072
14931,4632
14931,8706
14932,10792
14933,11870
14933,14304
14934,5849
14935,5849
14936,3027
14936,7572
14936,8035
14936,12189
14936,14610
14937,14412
14937,14477
14938,1100
14939,12805
14939,14051
14940,3467
14940,4790
14940,12308
14940,12948
14941,3623
14942,13121
14943,494
14943,4595
14943,4639
14943,12607
14944,9397
14945,2664
14945,3693
14945,3905
14945,6062
14945,12044
14946,191
14947,3921
14947,4378
14947,7042
14947,10997
14948,9205
14949,191
14950,570
14950,15036
14951,13447
14952,6308
14952,8821
14952,14833
14953,5907
14953,6081
14954,7755
14954,8821
14954,12219
14954,14833
14955,11851
14956,276
14956,1492
14956,9948
14956,11651
14956,12238
14956,12896
14957,2453
14957,6841
14957,10907
14958,191
14959,14058
14960,171
14960,800
14960,13369
14960,14064
14961,200
14961,12737
14961,13982
14962,191
14963,2363
14963,8892
14963,12635
14964,66
14964,8060
14964,10209
14964,12146
14965,6102
14966,191
14967,2657
14968,955
14968,1117
14969,1402
14969,5116
14970,9564
14970,10929
14971,191
14972,8632
14973,173
14973,14186
14974,1492
14974,9948
14974,11331
14975,8850
14975,11009
14976,3307
14977,4849
14977,14486
14978,3046
14978,4418
14978,8060
14979,14265
14980,513
14980,13830
14981,4451
14981,5186
14981,6784
14982,191
14983,8634
14984,8771
14984,10392
14984,10548
14985,678
14985,14541
14986,4538
14986,9514
14987,780
14987,9951
14987,10827
14988,9705
14988,10636
14988,13730
14989,5067
14989,10101
14989,10901
14990,1674
14990,11903
14991,191
14992,10101
14993,3086
14993,5321
14994,10390
14994,12216
14995,11486
14995,13981
14996,8332
14997,7063
14997,7153
14998,28
14998,1901
14998,6678
14999,3279
14999,6137
14999,8038
14999,13616
15000,5212
15000,10884
15001,1004
15001,1555
15001,8209
15001,8435
15002,66
15002,1021
15003,6111
15003,7326
15003,7757
15004,191
15005,13207
15006,8210
15006,10893
15007,1876
15008,5426
15008,10196
15009,12995
15010,14866
15011,191
15012,191
15013,191
15014,191
15015,1092
15015,6665
15015,11050
15016,1355
15016,5694
15017,4759
15018,8179
15019,9667
15019,9742
15020,191
15021,34
15021,8934
15022,8729
15022,12142
15023,5993
15024,2727
15024,6903
15025,191
15026,191
15027,4144
15027,10997
15027,13477
15027,13810
15028,11093
15029,12794
15030,4359
15030,8384
15030,9578
15031,208
15031,6742
15031,14226
15032,6956
15032,13172
15033,8404
15034,931
15034,6373
15034,7411
15035,5642
15035,7836
15036,7913
15036,8619
15037,574
15037,14972
15038,609
15038,8291
15038,9920
15039,6591
15039,11333
15039,12097
15039,14182
15040,7015
15040,13182
15040,14484
15041,191
15042,31
15042,4473
15043,8210
15043,8960
15044,904
15044,2520
15045,14360
15046,191
15047,191
15048,972
15048,1226
15048,6045
15048,6581
15048,13898
15049,925
15049,2939
15050,967
15050,8390
15050,13332
15051,5380
15051,11395
15051,12178
15052,191
15053,2463
15053,2570
15054,191
15055,2511
15055,10782
15056,6279
15056,8909
15056,13482
15056,14749
15057,191
15058,3661
15058,4989
15058,12178
15058,13835
15059,191
15060,3811
15060,7520
15060,9716
15061,31
15061,4473
15062,191
15063,535
15063,1448
15064,5373
15064,7050
15065,5068
15065,7408
15065,11109
15065,11509
15066,11188
15066,12655
15066,14685
15067,33
15067,174
15067,8543
15068,191
15069,4093
15069,6702
15070,808
15070,3898
15070,5828
15070,5895
15070,6063
15070,9223
15071,2939
15072,13267
15072,14330
15073,11094
15073,12258
15074,1191
15074,6355
15074,11462
15075,8452
15076,2220
15076,11342
15077,1029
15077,13592
15077,14574
15078,1029
15078,5461
15078,13592
15079,3623
15080,1106
15080,5860
15080,13747
15081,11244
15082,616
15082,9694
15083,1273
15084,5062
15084,5936
15084,7236
15084,11957
15085,4099
15085,14778
15086,2756
15086,5103
15086,7126
15086,9149
15087,3936
15088,1853
15088,7765
15089,6502
15089,10872
15090,191
15091,8632
15091,8764
15092,8056
15093,3552
15093,5954
15093,8644
15093,12144
15094,884
15094,11302
15095,1656
15096,2810
15097,191
15098,1822
15098,2480
15099,1049
15099,12838
15099,14544
15100,1518
15100,11008
15101,11380
15102,191
15103,5632
15103,11094
15104,12791
15105,13261
15106,1418
15107,1071
15107,13285
15108,2066
15109,73
15109,885
15109,1339
15109,3036
15109,4472
15109,6600
15110,191
15111,8646
15111,12130
15112,9690
15112,11838
15113,11995
15114,1775
15115,8860
15116,10907
15117,1869
15117,5085
15117,14978
15118,3535
15119,191
15120,138
15120,2189
15120,2623
15120,10691
15121,10404
15121,11767
15122,3672
15122,12250
15123,11412
15124,6431
15125,2809
15126,184
15127,6919
15127,10664
15127,14644
15128,4177
15129,4670
15129,5609
15129,10540
15130,2249
15130,11609
15131,9261
15131,12706
15131,14285
15132,3005
15132,5857
15133,191
15134,5872
15135,9133
15136,3535
15137,13664
15138,14137
15139,884
15139,11302
15140,191
15141,3806
15142,7527
15143,360
15143,10056
15143,11423
15143,12600
15144,4782
15145,1322
15145,7386
15145,9873
15145,11670
15146,3673
15146,9312
15147,2231
15147,7066
15148,257
15148,860
15148,1550
15149,2138
15149,9732
15149,10765
15150,11130
15150,11737
15151,191
15152,191
15153,8932
15153,13479
15154,6396
15155,360
15155,3821
15155,10056
15155,11423
15155,12600
15156,1859
15156,2337
15156,4093
15157,9168
15157,11125
15157,11163
15158,6983
15158,9520
15158,10857
15158,11344
15159,191
15160,10405
15160,12928
15161,4976
15161,7101
15161,14826
15162,942
15162,14484
15163,1620
15163,4470
15163,7976
15163,10757
15164,370
15164,2949
15164,4203
15165,14724
15166,597
15166,1413
15167,191
15168,2052
15168,12826
15168,14617
15169,7155
15169,14477
15170,191
15171,3983
15171,7255
15171,8048
15171,9930
15172,3797
15172,7051
15173,191
15174,3287
15174,4894
15175,11658
15176,5503
15177,5701
15177,11246
15178,8980
15179,1029
15179,2722
15179,8566
15179,13592
15180,8191
15180,8354
15180,10408
15180,10719
15180,11233
15181,6275
15182,6219
15183,6092
15183,8845
15184,9540
15184,12363
15185,846
15186,191
15187,6011
15187,6886
15187,13797
15188,8320
15188,10535
15189,5351
15189,9197
15190,999
15190,1407
15190,3696
15191,191
15192,5620
15192,7084
15192,10582
15192,14954
15193,1628
15193,3637
15194,11836
15195,8085
15195,12806
15196,191
15197,4950
15197,6990
15197,13538
15198,191
15199,3410
15199,15027
15200,11931
15201,191
15202,59
15202,7072
15202,8755
15203,1518
15203,11008
15204,1492
15204,1714
15204,9948
15204,11331
15204,12109
15204,14733
15205,5857
15205,8543
15205,10402
15206,8632
15206,12216
15207,2006
15207,8575
15207,10669
15208,4047
15208,4403
15208,13895
15209,7460
15209,12400
15210,191
15211,12330
15211,12712
15211,14412
15212,6183
15213,1846
15213,4391
15214,6947
15215,1846
15215,4391
15216,1846
15216,4391
15217,2062
15218,10186
15219,191
15220,191
15221,4055
15221,7906
15222,5237
15222,7553
15222,14986
15223,4283
15223,6166
15224,191
15225,6688
15226,8470
15226,11243
15227,6390
15227,7340
15227,13096
15227,14182
15228,3793
15228,5106
15228,5214
15229,5565
15229,9701
15230,8210
15231,2216
15232,7230
15232,11549
15232,14793
15233,1852
15233,3163
15233,7634
15234,9472
15234,12687
15235,1015
15235,1147
15235,8920
15236,5373
15236,8240
15236,8349
15237,3121
15237,9312
15238,4976
15238,7101
15239,3507
15239,7361
15239,8378
15240,1164
15241,2361
15242,9262
15243,2762
15243,2817
15243,4335
15244,9262
15245,8830
15246,3852
15247,9678
15247,11668
15247,12333
15248,1164
15249,10221
15250,4713
15250,5921
15251,4871
15251,6070
15252,1346
15252,1682
15253,1407
15253,1942
15253,3531
15253,6414
15253,7569
15253,8363
15253,9239
15253,10642
15253,12107
15253,12698
15253,13628
15254,191
15255,191
15256,2300
15256,3994
15256,5086
15256,9057
15256,10439
15257,7941
15257,8114
15258,5790
15258,6619
15259,191
15260,8524
15261,5783
15261,6794
15262,537
15262,7033
15262,8940
15263,5051
15263,6523
15263,14371
15264,5032
15265,2637
15265,3978
15265,8014
15265,8019
15265,10017
15265,11789
15266,14400
15267,4093
15267,4196
15267,9162
15268,7059
15268,7793
15268,12815
15269,2600
15269,3471
15270,6915
15271,3582
15271,10636
15271,14484
15272,74
15272,4526
15273,6469
15274,2649
15274,3708
15274,4464
15274,11310
15275,680
15275,11296
15276,1432
15276,5980
15276,9705
15277,2972
15277,3093
15277,3231
15277,8973
15278,2972
15278,9105
15278,13575
15278,13798
15278,14498
15279,4988
15280,4617
15281,191
15282,191
15283,2762
15283,2972
15283,12392
15284,5314
15284,6562
15284,8091
15285,536
15285,4456
15285,4761
15285,5506
15285,6380
15285,9650
15285,13464
15286,8619
15286,14639
15287,2829
15287,5370
15287,7655
15287,13204
15288,191
15289,4120
15289,10162
15289,10633
15289,10954
15290,524
15290,5015
15290,7516
15290,15036
15291,5565
15291,9701
15292,1775
15292,7239
15292,7409
15293,7848
15293,12715
15293,14907
15294,14257
15295,9937
15295,10720
15296,3535
15296,4725
15296,5980
15296,7598
15296,14669
15297,191
15298,8654
15298,10069
15299,14470
15300,8070
15301,6148
15301,8792
15302,5648
15302,8640
15303,175
15303,4276
15303,8390
15303,12190
15304,2453
15305,191
15306,2533
15306,2926
15306,9944
15307,6688
15308,191
15309,6148
15309,8792
15310,2494
15310,10101
15311,11130
15311,11737
15311,15084
15312,14470
15313,1029
15313,5461
15313,13592
15314,3210
15314,4638
15314,4764
15315,191
15316,84
15316,12935
15317,5125
15317,11689
15318,8279
15319,1022
15319,5856
15319,13090
15320,84
15320,12935
15321,9972
15322,811
15322,7706
15323,84
15323,12935
15324,6718
15324,13144
15325,2337
15325,11395
15325,12178
15326,191
15327,191
15328,10101
15329,53
15329,104
15329,3193
15329,8536
15330,1566
15330,6594
15330,12622
15331,5980
15332,4470
15332,8299
15332,10757
15333,3925
15333,8275
15333,9713
15333,10664
15334,191
15335,10671
15335,14765
15336,84
15336,12935
15337,191
15338,5823
15338,7153
15338,8433
15338,9613
15338,12344
15338,13592
15338,14602
15339,597
15339,5117
15340,7167
15340,12935
15341,191
15342,191
15343,418
15343,9582
15344,2975
15344,3901
15344,12947
15345,11130
15345,11737
15346,2512
15346,5209
15347,1513
15347,14351
15348,191
15349,4743
15350,3800
15350,11752
15350,13167
15351,191
15352,13948
15353,5754
15353,6964
15354,4229
15354,6713
15354,7701
15354,9917
15354,11629
15354,12187
15354,13100
15355,191
15356,5208
15356,13349
15357,1162
15358,4240
15358,14484
15359,191
15360,4262
15361,3448
15362,191
15363,1969
15363,6171
15363,10831
15363,12259
15363,12753
15364,4317
15364,8038
15364,10840
15365,1000
15365,2117
15365,12971
15366,3780
15367,7069
15368,10813
15369,191
15370,10571
15370,11334
15371,6268
15372,5609
15372,14309
15373,3529
15374,12259
15375,2453
15375,4713
15376,612
15376,3252
15376,4145
15376,9349
15376,14171
15377,191
15378,191
15379,7757
15380,8179
15381,9228
15381,9681
15382,1887
15382,3845
15382,4182
15382,8171
15382,8313
15382,8792
15383,1433
15383,2099
15383,2616
15383,2990
15383,5119
15383,5549
15384,6675
15385,10297
15385,13687
15386,1464
15387,1471
15388,245
15388,5900
15388,8472
15389,625
15389,1384
15389,8502
15390,3086
15390,5321
15391,3014
15391,3195
15391,4671
15391,11402
15392,656
15392,1739
15392,3954
15392,9235
15392,9293
15392,9653
15393,12491
15393,12836
15394,12995
15395,12853
15396,756
15397,209
15397,9858
15398,15038
15399,762
15400,11838
15401,276
15401,1492
15401,3817
15401,6618
15401,9948
15401,11651
15401,12238
15401,12896
15402,191
15403,499
15403,764
15403,6110
15403,7955
15403,10082
15404,11838
15405,14476
15406,2967
15406,6603
15406,9882
15406,11375
15407,8619
15408,5401
15409,10897
15410,333
15411,8654
15411,10069
15412,10660
15412,10945
15413,3978
15414,3060
15414,4081
15414,10922
15415,367
15415,13437
15416,11838
15417,276
15417,1492
15417,6618
15417,8404
15417,9948
15417,11651
15417,12238
15417,12896
15418,8654
15418,10069
15419,10101
15420,7519
15420,13831
15420,15073
15421,2244
15421,9819
15421,12560
15422,4659
15423,8290
15423,10040
15423,11180
15424,4240
15424,6502
15424,10872
15424,13238
15425,6014
15425,13673
15426,2034
15426,3363
15426,12457
15427,1009
15427,1015
15427,1548
15427,6796
15428,3060
15428,4081
15428,10922
15429,5520
15429,6952
15429,8632
15430,138
15430,2189
15430,2623
15430,6253
15430,10691
15431,1362
15431,5207
15431,9965
15432,11838
15433,1836
15433,6286
15434,7703
15434,9667
15434,9742
15435,209
15435,3708
15435,4535
15435,5594
15435,9858
15436,276
15436,1492
15436,2007
15436,8665
15436,8742
15436,9948
15436,11651
15436,12109
15436,12238
15436,12896
15436,13057
15437,191
15438,10101
15439,1000
15439,2117
15439,12971
15440,1846
15440,4391
15441,4438
15441,9948
15442,8654
15442,10069
15443,3467
15443,12308
15443,12948
15444,6915
15445,8105
15446,1851
15446,12447
15446,13831
15447,875
15447,14542
15448,5285
15449,191
15450,4170
15450,5538
15451,13233
15452,3769
15452,8944
15453,7366
15454,125
15454,1732
15454,2259
15454,2421
15455,191
15456,191
15457,5646
15458,5828
15458,7360
15458,13470
15459,2600
15459,3471
15459,4845
15460,10833
15461,1846
15461,4391
15462,2599
15462,3220
15462,8577
15462,12917
15463,6151
15464,4458
15464,9730
15465,8632
15466,2948
15466,7426
15467,191
15468,191
15469,191
15470,191
15471,191
15472,191
15473,191
15474,10234
15475,191
15476,191
15477,191
15478,191
15479,191
15480,191
